
===========================================================================
report_checks -unconstrained
===========================================================================
======================= max_ss_100C_1v60 Corner ===================================

Startpoint: _21716_ (negative level-sensitive latch clocked by clk_i)
Endpoint: _12039_ (rising clock gating-check end-point clocked by clk_i)
Path Group: gated clock
Path Type: max

Fanout         Cap        Slew       Delay        Time   Description
---------------------------------------------------------------------------------------------
                                 25.000000   25.000000   clock clk_i (fall edge)
                                  0.000000   25.000000   clock source latency
     2    0.127512    0.000000    0.000000   25.000000 v clk_i (in)
                                                         clk_i (net)
                      0.017619    0.008809   25.008808 v delaybuf_0_clk_i/A (sky130_fd_sc_hd__clkbuf_16)
     1    0.019076    0.056660    0.231072   25.239880 v delaybuf_0_clk_i/X (sky130_fd_sc_hd__clkbuf_16)
                                                         delaynet_0_clk_i (net)
                      0.056694    0.002304   25.242184 v delaybuf_1_clk_i/A (sky130_fd_sc_hd__clkbuf_16)
     1    0.018430    0.055929    0.248530   25.490715 v delaybuf_1_clk_i/X (sky130_fd_sc_hd__clkbuf_16)
                                                         delaynet_1_clk_i (net)
                      0.055938    0.002226   25.492941 v delaybuf_2_clk_i/A (sky130_fd_sc_hd__clkbuf_16)
     1    0.021823    0.058835    0.252044   25.744984 v delaybuf_2_clk_i/X (sky130_fd_sc_hd__clkbuf_16)
                                                         delaynet_2_clk_i (net)
                      0.058904    0.002583   25.747566 v delaybuf_3_clk_i/A (sky130_fd_sc_hd__clkbuf_16)
     1    0.020404    0.057701    0.251765   25.999331 v delaybuf_3_clk_i/X (sky130_fd_sc_hd__clkbuf_16)
                                                         delaynet_3_clk_i (net)
                      0.057742    0.002503   26.001835 v clkbuf_regs_0_clk_i/A (sky130_fd_sc_hd__clkbuf_16)
     1    0.009440    0.047977    0.238627   26.240461 v clkbuf_regs_0_clk_i/X (sky130_fd_sc_hd__clkbuf_16)
                                                         clk_i_regs (net)
                      0.047980    0.000764   26.241224 v clkbuf_0_clk_i_regs/A (sky130_fd_sc_hd__clkbuf_16)
     2    0.017827    0.055354    0.243967   26.485191 v clkbuf_0_clk_i_regs/X (sky130_fd_sc_hd__clkbuf_16)
                                                         clknet_0_clk_i_regs (net)
                      0.055354    0.000995   26.486187 v clkbuf_1_1__f_clk_i_regs/A (sky130_fd_sc_hd__clkbuf_16)
     2    0.006778    0.044887    0.233207   26.719393 v clkbuf_1_1__f_clk_i_regs/X (sky130_fd_sc_hd__clkbuf_16)
                                                         clknet_1_1__leaf_clk_i_regs (net)
                      0.044887    0.000261   26.719654 v _21716_/GATE_N (sky130_fd_sc_hd__dlxtn_1)
     1    0.079049    1.156836    1.556941   28.276596 ^ _21716_/Q (sky130_fd_sc_hd__dlxtn_1)
                                                         u_ibex_top.core_clock_gate_i.en_latch (net)
                      1.157804    0.022590   28.299187 ^ _12039_/B (sky130_fd_sc_hd__and2_2)
                                             28.299187   data arrival time

                                 50.000000   50.000000   clock clk_i (rise edge)
                                  0.000000   50.000000   clock source latency
     2    0.129284    0.000000    0.000000   50.000000 ^ clk_i (in)
                                                         clk_i (net)
                      0.084756    0.042377   50.042374 ^ clkbuf_0_clk_i/A (sky130_fd_sc_hd__clkbuf_16)
     1    0.011856    0.057277    0.216545   50.258919 ^ clkbuf_0_clk_i/X (sky130_fd_sc_hd__clkbuf_16)
                                                         clknet_0_clk_i (net)
                      0.057280    0.001020   50.259941 ^ clkbuf_1_0__f_clk_i/A (sky130_fd_sc_hd__clkbuf_16)
     1    0.001769    0.043134    0.186176   50.446117 ^ clkbuf_1_0__f_clk_i/X (sky130_fd_sc_hd__clkbuf_16)
                                                         clknet_1_0__leaf_clk_i (net)
                      0.043134    0.000121   50.446236 ^ _12039_/A (sky130_fd_sc_hd__and2_2)
                                 -0.250000   50.196236   clock uncertainty
                                  0.000000   50.196236   clock reconvergence pessimism
                                  0.000000   50.196236   clock gating setup time
                                             50.196236   data required time
---------------------------------------------------------------------------------------------
                                             50.196236   data required time
                                            -28.299187   data arrival time
---------------------------------------------------------------------------------------------
                                             21.897051   slack (MET)


Startpoint: _21619_ (rising edge-triggered flip-flop clocked by clk_i)
Endpoint: _21123_ (rising edge-triggered flip-flop clocked by clk_i)
Path Group: clk_i
Path Type: max

Fanout         Cap        Slew       Delay        Time   Description
---------------------------------------------------------------------------------------------
                                  0.000000    0.000000   clock clk_i (rise edge)
                                  0.000000    0.000000   clock source latency
     2    0.129284    0.000000    0.000000    0.000000 ^ clk_i (in)
                                                         clk_i (net)
                      0.084756    0.042378    0.042378 ^ clkbuf_0_clk_i/A (sky130_fd_sc_hd__clkbuf_16)
     1    0.011856    0.057277    0.216544    0.258922 ^ clkbuf_0_clk_i/X (sky130_fd_sc_hd__clkbuf_16)
                                                         clknet_0_clk_i (net)
                      0.057280    0.001020    0.259942 ^ clkbuf_1_0__f_clk_i/A (sky130_fd_sc_hd__clkbuf_16)
     1    0.001769    0.043134    0.186177    0.446118 ^ clkbuf_1_0__f_clk_i/X (sky130_fd_sc_hd__clkbuf_16)
                                                         clknet_1_0__leaf_clk_i (net)
                      0.043134    0.000121    0.446240 ^ _12039_/A (sky130_fd_sc_hd__and2_2)
     1    0.009933    0.129894    0.288822    0.735062 ^ _12039_/X (sky130_fd_sc_hd__and2_2)
                                                         u_ibex_top.clk (net)
                      0.129897    0.000829    0.735891 ^ clkbuf_0_u_ibex_top.clk/A (sky130_fd_sc_hd__clkbuf_16)
     4    0.163529    0.267958    0.401113    1.137004 ^ clkbuf_0_u_ibex_top.clk/X (sky130_fd_sc_hd__clkbuf_16)
                                                         clknet_0_u_ibex_top.clk (net)
                      0.269020    0.013903    1.150907 ^ clkbuf_2_1_0_u_ibex_top.clk/A (sky130_fd_sc_hd__clkbuf_8)
     8    0.188150    0.494303    0.630728    1.781636 ^ clkbuf_2_1_0_u_ibex_top.clk/X (sky130_fd_sc_hd__clkbuf_8)
                                                         clknet_2_1_0_u_ibex_top.clk (net)
                      0.494900    0.012308    1.793943 ^ clkbuf_5_9__f_u_ibex_top.clk/A (sky130_fd_sc_hd__clkbuf_16)
     7    0.075422    0.145741    0.468004    2.261947 ^ clkbuf_5_9__f_u_ibex_top.clk/X (sky130_fd_sc_hd__clkbuf_16)
                                                         clknet_5_9__leaf_u_ibex_top.clk (net)
                      0.145956    0.005045    2.266992 ^ clkbuf_leaf_58_u_ibex_top.clk/A (sky130_fd_sc_hd__clkbuf_8)
    10    0.038023    0.124842    0.308246    2.575238 ^ clkbuf_leaf_58_u_ibex_top.clk/X (sky130_fd_sc_hd__clkbuf_8)
                                                         clknet_leaf_58_u_ibex_top.clk (net)
                      0.124893    0.002330    2.577568 ^ _21619_/CLK (sky130_fd_sc_hd__dfxtp_2)
     1    0.004184    0.061819    0.669568    3.247136 ^ _21619_/Q (sky130_fd_sc_hd__dfxtp_2)
                                                         u_ibex_top.gen_regfile_ff.register_file_i.raddr_a_i[1] (net)
                      0.061819    0.000326    3.247463 ^ fanout2200/A (sky130_fd_sc_hd__clkdlybuf4s25_1)
     2    0.035968    0.580122    0.824082    4.071545 ^ fanout2200/X (sky130_fd_sc_hd__clkdlybuf4s25_1)
                                                         net2200 (net)
                      0.580176    0.005822    4.077367 ^ wire2201/A (sky130_fd_sc_hd__buf_4)
     4    0.082171    0.367140    0.629163    4.706531 ^ wire2201/X (sky130_fd_sc_hd__buf_4)
                                                         net2201 (net)
                      0.368745    0.018824    4.725355 ^ fanout2199/A (sky130_fd_sc_hd__clkdlybuf4s25_1)
     5    0.096683    1.531556    1.609547    6.334903 ^ fanout2199/X (sky130_fd_sc_hd__clkdlybuf4s25_1)
                                                         net2199 (net)
                      1.531587    0.005919    6.340821 ^ fanout2192/A (sky130_fd_sc_hd__clkdlybuf4s25_1)
     7    0.063410    1.008699    1.551181    7.892002 ^ fanout2192/X (sky130_fd_sc_hd__clkdlybuf4s25_1)
                                                         net2192 (net)
                      1.008715    0.005731    7.897732 ^ fanout2190/A (sky130_fd_sc_hd__clkdlybuf4s25_1)
     6    0.047616    0.762503    1.258152    9.155885 ^ fanout2190/X (sky130_fd_sc_hd__clkdlybuf4s25_1)
                                                         net2190 (net)
                      0.762503    0.001338    9.157223 ^ fanout2188/A (sky130_fd_sc_hd__clkdlybuf4s25_1)
     2    0.008509    0.157458    0.770372    9.927595 ^ fanout2188/X (sky130_fd_sc_hd__clkdlybuf4s25_1)
                                                         net2188 (net)
                      0.157458    0.000242    9.927837 ^ load_slew2189/A (sky130_fd_sc_hd__clkbuf_4)
     9    0.050713    0.250908    0.420225   10.348063 ^ load_slew2189/X (sky130_fd_sc_hd__clkbuf_4)
                                                         net2189 (net)
                      0.250943    0.003045   10.351107 ^ _10050_/B (sky130_fd_sc_hd__nand2_2)
     1    0.010841    0.210424    0.203980   10.555087 v _10050_/Y (sky130_fd_sc_hd__nand2_2)
                                                         _04427_ (net)
                      0.210424    0.000851   10.555938 v fanout1676/A (sky130_fd_sc_hd__clkdlybuf4s25_1)
     2    0.012574    0.189966    0.625233   11.181171 v fanout1676/X (sky130_fd_sc_hd__clkdlybuf4s25_1)
                                                         net1676 (net)
                      0.189966    0.000612   11.181783 v fanout1665/A (sky130_fd_sc_hd__clkdlybuf4s25_1)
     3    0.014473    0.213460    0.634119   11.815903 v fanout1665/X (sky130_fd_sc_hd__clkdlybuf4s25_1)
                                                         net1665 (net)
                      0.213460    0.000552   11.816455 v wire1666/A (sky130_fd_sc_hd__clkbuf_4)
     4    0.076388    0.273132    0.495782   12.312237 v wire1666/X (sky130_fd_sc_hd__clkbuf_4)
                                                         net1666 (net)
                      0.273216    0.004538   12.316774 v fanout1663/A (sky130_fd_sc_hd__clkdlybuf4s25_1)
     6    0.049602    0.664187    0.993957   13.310732 v fanout1663/X (sky130_fd_sc_hd__clkdlybuf4s25_1)
                                                         net1663 (net)
                      0.664462    0.012530   13.323262 v fanout1661/A (sky130_fd_sc_hd__clkdlybuf4s25_1)
     7    0.053418    0.713290    1.161149   14.484410 v fanout1661/X (sky130_fd_sc_hd__clkdlybuf4s25_1)
                                                         net1661 (net)
                      0.713418    0.009232   14.493642 v _10790_/A (sky130_fd_sc_hd__or2_2)
     1    0.003389    0.114446    0.927219   15.420861 v _10790_/X (sky130_fd_sc_hd__or2_2)
                                                         _05167_ (net)
                      0.114446    0.000252   15.421114 v _10791_/A3 (sky130_fd_sc_hd__a31o_2)
     1    0.004929    0.073425    0.472955   15.894069 v _10791_/X (sky130_fd_sc_hd__a31o_2)
                                                         _05168_ (net)
                      0.073425    0.000348   15.894417 v _10799_/B1 (sky130_fd_sc_hd__o211a_2)
     1    0.040172    0.222253    0.386208   16.280624 v _10799_/X (sky130_fd_sc_hd__o211a_2)
                                                         _05176_ (net)
                      0.222445    0.005871   16.286497 v wire1377/A (sky130_fd_sc_hd__buf_6)
     5    0.138238    0.213563    0.390965   16.677462 v wire1377/X (sky130_fd_sc_hd__buf_6)
                                                         net1377 (net)
                      0.234563    0.049916   16.727377 v _10800_/A (sky130_fd_sc_hd__inv_2)
     1    0.003070    0.068738    0.124478   16.851856 ^ _10800_/Y (sky130_fd_sc_hd__inv_2)
                                                         _05177_ (net)
                      0.068738    0.000147   16.852003 ^ _10806_/A2 (sky130_fd_sc_hd__a221o_2)
     6    0.110845    0.898667    0.927090   17.779093 ^ _10806_/X (sky130_fd_sc_hd__a221o_2)
                                                         _05183_ (net)
                      0.898773    0.010079   17.789171 ^ _10808_/A2_N (sky130_fd_sc_hd__a2bb2o_2)
     2    0.006418    0.097871    0.752525   18.541697 v _10808_/X (sky130_fd_sc_hd__a2bb2o_2)
                                                         _05185_ (net)
                      0.097871    0.000380   18.542076 v _10810_/D (sky130_fd_sc_hd__or4_2)
     2    0.006212    0.247205    1.363189   19.905266 v _10810_/X (sky130_fd_sc_hd__or4_2)
                                                         _05187_ (net)
                      0.247205    0.000352   19.905617 v _10812_/A2 (sky130_fd_sc_hd__a21o_2)
     3    0.023507    0.142163    0.550108   20.455725 v _10812_/X (sky130_fd_sc_hd__a21o_2)
                                                         _05189_ (net)
                      0.142185    0.001787   20.457512 v _12239_/A (sky130_fd_sc_hd__xnor2_2)
     1    0.008760    0.129321    0.296458   20.753969 v _12239_/Y (sky130_fd_sc_hd__xnor2_2)
                                                         _06578_ (net)
                      0.129322    0.000657   20.754627 v fanout950/A (sky130_fd_sc_hd__clkdlybuf4s25_1)
     6    0.056188    0.749183    0.994975   21.749601 v fanout950/X (sky130_fd_sc_hd__clkdlybuf4s25_1)
                                                         net950 (net)
                      0.749183    0.000114   21.749716 v load_slew952/A (sky130_fd_sc_hd__buf_4)
     1    0.067128    0.173612    0.663285   22.413000 v load_slew952/X (sky130_fd_sc_hd__buf_4)
                                                         net952 (net)
                      0.173963    0.006809   22.419809 v fanout948/A (sky130_fd_sc_hd__clkdlybuf4s25_1)
     4    0.024457    0.339763    0.721071   23.140881 v fanout948/X (sky130_fd_sc_hd__clkdlybuf4s25_1)
                                                         net948 (net)
                      0.339763    0.000764   23.141644 v fanout946/A (sky130_fd_sc_hd__clkdlybuf4s25_1)
     4    0.017007    0.245622    0.713102   23.854746 v fanout946/X (sky130_fd_sc_hd__clkdlybuf4s25_1)
                                                         net946 (net)
                      0.245625    0.001348   23.856094 v load_slew947/A (sky130_fd_sc_hd__clkbuf_4)
     7    0.046098    0.176480    0.436300   24.292395 v load_slew947/X (sky130_fd_sc_hd__clkbuf_4)
                                                         net947 (net)
                      0.176480    0.000817   24.293211 v _12240_/A (sky130_fd_sc_hd__inv_2)
     4    0.031576    0.236304    0.259860   24.553072 ^ _12240_/Y (sky130_fd_sc_hd__inv_2)
                                                         _06579_ (net)
                      0.236319    0.001563   24.554634 ^ fanout875/A (sky130_fd_sc_hd__clkdlybuf4s25_1)
    10    0.056930    0.908393    1.134740   25.689375 ^ fanout875/X (sky130_fd_sc_hd__clkdlybuf4s25_1)
                                                         net875 (net)
                      0.908393    0.002395   25.691769 ^ _12242_/B (sky130_fd_sc_hd__nand2_2)
     2    0.016395    0.242020    0.429420   26.121189 v _12242_/Y (sky130_fd_sc_hd__nand2_2)
                                                         _06581_ (net)
                      0.242023    0.001041   26.122231 v fanout727/A (sky130_fd_sc_hd__clkdlybuf4s25_1)
    10    0.052342    0.698574    1.013584   27.135815 v fanout727/X (sky130_fd_sc_hd__clkdlybuf4s25_1)
                                                         net727 (net)
                      0.698574    0.002156   27.137970 v _12243_/D (sky130_fd_sc_hd__or4_2)
     1    0.001799    0.203208    1.484111   28.622082 v _12243_/X (sky130_fd_sc_hd__or4_2)
                                                         _06582_ (net)
                      0.203208    0.000114   28.622194 v _12244_/D (sky130_fd_sc_hd__or4_2)
     1    0.002082    0.205952    1.312452   29.934649 v _12244_/X (sky130_fd_sc_hd__or4_2)
                                                         _06583_ (net)
                      0.205952    0.000131   29.934778 v _12246_/C (sky130_fd_sc_hd__or4_2)
     1    0.002059    0.205771    1.463040   31.397820 v _12246_/X (sky130_fd_sc_hd__or4_2)
                                                         _06584_ (net)
                      0.205771    0.000139   31.397957 v _12253_/B (sky130_fd_sc_hd__or4_2)
     1    0.002370    0.208699    1.541306   32.939262 v _12253_/X (sky130_fd_sc_hd__or4_2)
                                                         _06589_ (net)
                      0.208699    0.000085   32.939346 v _12254_/C (sky130_fd_sc_hd__or3_2)
     1    0.035133    0.327358    1.271520   34.210869 v _12254_/X (sky130_fd_sc_hd__or3_2)
                                                         _06590_ (net)
                      0.327423    0.004640   34.215508 v _12255_/D (sky130_fd_sc_hd__or4_2)
     1    0.047495    0.473182    1.786905   36.002411 v _12255_/X (sky130_fd_sc_hd__or4_2)
                                                         _06591_ (net)
                      0.473208    0.003826   36.006241 v _12257_/A (sky130_fd_sc_hd__or4bb_2)
     4    0.050157    0.477243    2.019988   38.026226 v _12257_/X (sky130_fd_sc_hd__or4bb_2)
                                                         _06593_ (net)
                      0.477253    0.002910   38.029137 v _12260_/S (sky130_fd_sc_hd__mux2_1)
     2    0.027643    0.397605    0.823160   38.852295 ^ _12260_/X (sky130_fd_sc_hd__mux2_1)
                                                         _06596_ (net)
                      0.397755    0.003194   38.855492 ^ _12261_/A2 (sky130_fd_sc_hd__a2111oi_4)
     3    0.027689    0.229933    0.333014   39.188503 v _12261_/Y (sky130_fd_sc_hd__a2111oi_4)
                                                         u_ibex_top.u_ibex_core.id_stage_i.branch_set_raw_d (net)
                      0.230035    0.003894   39.192398 v wire470/A (sky130_fd_sc_hd__clkbuf_2)
     2    0.029349    0.209515    0.386198   39.578594 v wire470/X (sky130_fd_sc_hd__clkbuf_2)
                                                         net470 (net)
                      0.209597    0.003869   39.582466 v _12274_/B (sky130_fd_sc_hd__or3_2)
     3    0.011879    0.216555    1.195975   40.778439 v _12274_/X (sky130_fd_sc_hd__or3_2)
                                                         _06609_ (net)
                      0.216555    0.000728   40.779167 v _12276_/A (sky130_fd_sc_hd__or2_2)
     2    0.007996    0.138500    0.765578   41.544746 v _12276_/X (sky130_fd_sc_hd__or2_2)
                                                         _06611_ (net)
                      0.138500    0.000551   41.545296 v _12677_/B (sky130_fd_sc_hd__nor2_2)
     3    0.024238    0.455526    0.410537   41.955833 ^ _12677_/Y (sky130_fd_sc_hd__nor2_2)
                                                         _06915_ (net)
                      0.455680    0.002025   41.957859 ^ fanout451/A (sky130_fd_sc_hd__clkdlybuf4s25_1)
    10    0.077508    1.229736    1.436991   43.394852 ^ fanout451/X (sky130_fd_sc_hd__clkdlybuf4s25_1)
                                                         net451 (net)
                      1.229736    0.002423   43.397274 ^ fanout450/A (sky130_fd_sc_hd__clkdlybuf4s25_1)
    10    0.066000    1.050227    1.507740   44.905014 ^ fanout450/X (sky130_fd_sc_hd__clkdlybuf4s25_1)
                                                         net450 (net)
                      1.050531    0.017007   44.922020 ^ _18006_/A1 (sky130_fd_sc_hd__a211o_2)
     3    0.041574    0.329933    0.789168   45.711185 ^ _18006_/X (sky130_fd_sc_hd__a211o_2)
                                                         _03007_ (net)
                      0.329986    0.004192   45.715378 ^ fanout383/A (sky130_fd_sc_hd__clkdlybuf4s25_1)
     5    0.057640    0.919715    1.174918   46.890297 ^ fanout383/X (sky130_fd_sc_hd__clkdlybuf4s25_1)
                                                         net383 (net)
                      0.919715    0.002839   46.893135 ^ fanout382/A (sky130_fd_sc_hd__clkdlybuf4s25_1)
    10    0.076465    1.215426    1.546024   48.439159 ^ fanout382/X (sky130_fd_sc_hd__clkdlybuf4s25_1)
                                                         net382 (net)
                      1.216466    0.024034   48.463196 ^ _18007_/A (sky130_fd_sc_hd__inv_2)
     4    0.073982    0.455124    0.753246   49.216442 v _18007_/Y (sky130_fd_sc_hd__inv_2)
                                                         _03008_ (net)
                      0.455512    0.010459   49.226898 v fanout320/A (sky130_fd_sc_hd__clkdlybuf4s25_1)
    10    0.074745    0.989831    1.297725   50.524624 v fanout320/X (sky130_fd_sc_hd__clkdlybuf4s25_1)
                                                         net320 (net)
                      0.989855    0.005898   50.530521 v fanout319/A (sky130_fd_sc_hd__clkdlybuf4s25_1)
    10    0.082099    1.085142    1.491703   52.022224 v fanout319/X (sky130_fd_sc_hd__clkdlybuf4s25_1)
                                                         net319 (net)
                      1.085154    0.005283   52.027508 v _18008_/B1 (sky130_fd_sc_hd__a22o_2)
     1    0.002782    0.074725    0.748607   52.776115 v _18008_/X (sky130_fd_sc_hd__a22o_2)
                                                         _01343_ (net)
                      0.074725    0.000110   52.776222 v hold2989/A (sky130_fd_sc_hd__dlygate4sd3_1)
     1    0.003069    0.107775    1.129916   53.906139 v hold2989/X (sky130_fd_sc_hd__dlygate4sd3_1)
                                                         net2989 (net)
                      0.107775    0.000195   53.906334 v _21123_/D (sky130_fd_sc_hd__dfrtp_2)
                                             53.906334   data arrival time

                                 50.000000   50.000000   clock clk_i (rise edge)
                                  0.000000   50.000000   clock source latency
     2    0.129284    0.000000    0.000000   50.000000 ^ clk_i (in)
                                                         clk_i (net)
                      0.084756    0.042377   50.042374 ^ clkbuf_0_clk_i/A (sky130_fd_sc_hd__clkbuf_16)
     1    0.011856    0.057277    0.216545   50.258919 ^ clkbuf_0_clk_i/X (sky130_fd_sc_hd__clkbuf_16)
                                                         clknet_0_clk_i (net)
                      0.057280    0.001020   50.259941 ^ clkbuf_1_0__f_clk_i/A (sky130_fd_sc_hd__clkbuf_16)
     1    0.001769    0.043134    0.186176   50.446117 ^ clkbuf_1_0__f_clk_i/X (sky130_fd_sc_hd__clkbuf_16)
                                                         clknet_1_0__leaf_clk_i (net)
                      0.043134    0.000121   50.446236 ^ _12039_/A (sky130_fd_sc_hd__and2_2)
     1    0.009933    0.117197    0.288825   50.735062 ^ _12039_/X (sky130_fd_sc_hd__and2_2)
                                                         u_ibex_top.clk (net)
                      0.117200    0.000828   50.735889 ^ clkbuf_0_u_ibex_top.clk/A (sky130_fd_sc_hd__clkbuf_16)
     4    0.163529    0.267980    0.395307   51.131195 ^ clkbuf_0_u_ibex_top.clk/X (sky130_fd_sc_hd__clkbuf_16)
                                                         clknet_0_u_ibex_top.clk (net)
                      0.268990    0.013578   51.144775 ^ clkbuf_2_0_0_u_ibex_top.clk/A (sky130_fd_sc_hd__clkbuf_8)
     8    0.193992    0.512654    0.638085   51.782860 ^ clkbuf_2_0_0_u_ibex_top.clk/X (sky130_fd_sc_hd__clkbuf_8)
                                                         clknet_2_0_0_u_ibex_top.clk (net)
                      0.513307    0.015227   51.798088 ^ clkbuf_5_3__f_u_ibex_top.clk/A (sky130_fd_sc_hd__clkbuf_16)
     7    0.080915    0.153509    0.482157   52.280243 ^ clkbuf_5_3__f_u_ibex_top.clk/X (sky130_fd_sc_hd__clkbuf_16)
                                                         clknet_5_3__leaf_u_ibex_top.clk (net)
                      0.153602    0.003528   52.283772 ^ clkbuf_leaf_21_u_ibex_top.clk/A (sky130_fd_sc_hd__clkbuf_8)
    10    0.043843    0.138824    0.321851   52.605621 ^ clkbuf_leaf_21_u_ibex_top.clk/X (sky130_fd_sc_hd__clkbuf_8)
                                                         clknet_leaf_21_u_ibex_top.clk (net)
                      0.138869    0.002395   52.608017 ^ _21123_/CLK (sky130_fd_sc_hd__dfrtp_2)
                                 -0.250000   52.358017   clock uncertainty
                                  0.005805   52.363823   clock reconvergence pessimism
                                 -0.274017   52.089806   library setup time
                                             52.089806   data required time
---------------------------------------------------------------------------------------------
                                             52.089806   data required time
                                            -53.906334   data arrival time
---------------------------------------------------------------------------------------------
                                             -1.816531   slack (VIOLATED)




===========================================================================
report_checks --slack_max -0.01
============================================================================
======================= max_ss_100C_1v60 Corner ===================================

Startpoint: _21619_ (rising edge-triggered flip-flop clocked by clk_i)
Endpoint: _21123_ (rising edge-triggered flip-flop clocked by clk_i)
Path Group: clk_i
Path Type: max

Fanout         Cap        Slew       Delay        Time   Description
---------------------------------------------------------------------------------------------
                                  0.000000    0.000000   clock clk_i (rise edge)
                                  0.000000    0.000000   clock source latency
     2    0.129284    0.000000    0.000000    0.000000 ^ clk_i (in)
                                                         clk_i (net)
                      0.084756    0.042378    0.042378 ^ clkbuf_0_clk_i/A (sky130_fd_sc_hd__clkbuf_16)
     1    0.011856    0.057277    0.216544    0.258922 ^ clkbuf_0_clk_i/X (sky130_fd_sc_hd__clkbuf_16)
                                                         clknet_0_clk_i (net)
                      0.057280    0.001020    0.259942 ^ clkbuf_1_0__f_clk_i/A (sky130_fd_sc_hd__clkbuf_16)
     1    0.001769    0.043134    0.186177    0.446118 ^ clkbuf_1_0__f_clk_i/X (sky130_fd_sc_hd__clkbuf_16)
                                                         clknet_1_0__leaf_clk_i (net)
                      0.043134    0.000121    0.446240 ^ _12039_/A (sky130_fd_sc_hd__and2_2)
     1    0.009933    0.129894    0.288822    0.735062 ^ _12039_/X (sky130_fd_sc_hd__and2_2)
                                                         u_ibex_top.clk (net)
                      0.129897    0.000829    0.735891 ^ clkbuf_0_u_ibex_top.clk/A (sky130_fd_sc_hd__clkbuf_16)
     4    0.163529    0.267958    0.401113    1.137004 ^ clkbuf_0_u_ibex_top.clk/X (sky130_fd_sc_hd__clkbuf_16)
                                                         clknet_0_u_ibex_top.clk (net)
                      0.269020    0.013903    1.150907 ^ clkbuf_2_1_0_u_ibex_top.clk/A (sky130_fd_sc_hd__clkbuf_8)
     8    0.188150    0.494303    0.630728    1.781636 ^ clkbuf_2_1_0_u_ibex_top.clk/X (sky130_fd_sc_hd__clkbuf_8)
                                                         clknet_2_1_0_u_ibex_top.clk (net)
                      0.494900    0.012308    1.793943 ^ clkbuf_5_9__f_u_ibex_top.clk/A (sky130_fd_sc_hd__clkbuf_16)
     7    0.075422    0.145741    0.468004    2.261947 ^ clkbuf_5_9__f_u_ibex_top.clk/X (sky130_fd_sc_hd__clkbuf_16)
                                                         clknet_5_9__leaf_u_ibex_top.clk (net)
                      0.145956    0.005045    2.266992 ^ clkbuf_leaf_58_u_ibex_top.clk/A (sky130_fd_sc_hd__clkbuf_8)
    10    0.038023    0.124842    0.308246    2.575238 ^ clkbuf_leaf_58_u_ibex_top.clk/X (sky130_fd_sc_hd__clkbuf_8)
                                                         clknet_leaf_58_u_ibex_top.clk (net)
                      0.124893    0.002330    2.577568 ^ _21619_/CLK (sky130_fd_sc_hd__dfxtp_2)
     1    0.004184    0.061819    0.669568    3.247136 ^ _21619_/Q (sky130_fd_sc_hd__dfxtp_2)
                                                         u_ibex_top.gen_regfile_ff.register_file_i.raddr_a_i[1] (net)
                      0.061819    0.000326    3.247463 ^ fanout2200/A (sky130_fd_sc_hd__clkdlybuf4s25_1)
     2    0.035968    0.580122    0.824082    4.071545 ^ fanout2200/X (sky130_fd_sc_hd__clkdlybuf4s25_1)
                                                         net2200 (net)
                      0.580176    0.005822    4.077367 ^ wire2201/A (sky130_fd_sc_hd__buf_4)
     4    0.082171    0.367140    0.629163    4.706531 ^ wire2201/X (sky130_fd_sc_hd__buf_4)
                                                         net2201 (net)
                      0.368745    0.018824    4.725355 ^ fanout2199/A (sky130_fd_sc_hd__clkdlybuf4s25_1)
     5    0.096683    1.531556    1.609547    6.334903 ^ fanout2199/X (sky130_fd_sc_hd__clkdlybuf4s25_1)
                                                         net2199 (net)
                      1.531587    0.005919    6.340821 ^ fanout2192/A (sky130_fd_sc_hd__clkdlybuf4s25_1)
     7    0.063410    1.008699    1.551181    7.892002 ^ fanout2192/X (sky130_fd_sc_hd__clkdlybuf4s25_1)
                                                         net2192 (net)
                      1.008715    0.005731    7.897732 ^ fanout2190/A (sky130_fd_sc_hd__clkdlybuf4s25_1)
     6    0.047616    0.762503    1.258152    9.155885 ^ fanout2190/X (sky130_fd_sc_hd__clkdlybuf4s25_1)
                                                         net2190 (net)
                      0.762503    0.001338    9.157223 ^ fanout2188/A (sky130_fd_sc_hd__clkdlybuf4s25_1)
     2    0.008509    0.157458    0.770372    9.927595 ^ fanout2188/X (sky130_fd_sc_hd__clkdlybuf4s25_1)
                                                         net2188 (net)
                      0.157458    0.000242    9.927837 ^ load_slew2189/A (sky130_fd_sc_hd__clkbuf_4)
     9    0.050713    0.250908    0.420225   10.348063 ^ load_slew2189/X (sky130_fd_sc_hd__clkbuf_4)
                                                         net2189 (net)
                      0.250943    0.003045   10.351107 ^ _10050_/B (sky130_fd_sc_hd__nand2_2)
     1    0.010841    0.210424    0.203980   10.555087 v _10050_/Y (sky130_fd_sc_hd__nand2_2)
                                                         _04427_ (net)
                      0.210424    0.000851   10.555938 v fanout1676/A (sky130_fd_sc_hd__clkdlybuf4s25_1)
     2    0.012574    0.189966    0.625233   11.181171 v fanout1676/X (sky130_fd_sc_hd__clkdlybuf4s25_1)
                                                         net1676 (net)
                      0.189966    0.000612   11.181783 v fanout1665/A (sky130_fd_sc_hd__clkdlybuf4s25_1)
     3    0.014473    0.213460    0.634119   11.815903 v fanout1665/X (sky130_fd_sc_hd__clkdlybuf4s25_1)
                                                         net1665 (net)
                      0.213460    0.000552   11.816455 v wire1666/A (sky130_fd_sc_hd__clkbuf_4)
     4    0.076388    0.273132    0.495782   12.312237 v wire1666/X (sky130_fd_sc_hd__clkbuf_4)
                                                         net1666 (net)
                      0.273216    0.004538   12.316774 v fanout1663/A (sky130_fd_sc_hd__clkdlybuf4s25_1)
     6    0.049602    0.664187    0.993957   13.310732 v fanout1663/X (sky130_fd_sc_hd__clkdlybuf4s25_1)
                                                         net1663 (net)
                      0.664462    0.012530   13.323262 v fanout1661/A (sky130_fd_sc_hd__clkdlybuf4s25_1)
     7    0.053418    0.713290    1.161149   14.484410 v fanout1661/X (sky130_fd_sc_hd__clkdlybuf4s25_1)
                                                         net1661 (net)
                      0.713418    0.009232   14.493642 v _10790_/A (sky130_fd_sc_hd__or2_2)
     1    0.003389    0.114446    0.927219   15.420861 v _10790_/X (sky130_fd_sc_hd__or2_2)
                                                         _05167_ (net)
                      0.114446    0.000252   15.421114 v _10791_/A3 (sky130_fd_sc_hd__a31o_2)
     1    0.004929    0.073425    0.472955   15.894069 v _10791_/X (sky130_fd_sc_hd__a31o_2)
                                                         _05168_ (net)
                      0.073425    0.000348   15.894417 v _10799_/B1 (sky130_fd_sc_hd__o211a_2)
     1    0.040172    0.222253    0.386208   16.280624 v _10799_/X (sky130_fd_sc_hd__o211a_2)
                                                         _05176_ (net)
                      0.222445    0.005871   16.286497 v wire1377/A (sky130_fd_sc_hd__buf_6)
     5    0.138238    0.213563    0.390965   16.677462 v wire1377/X (sky130_fd_sc_hd__buf_6)
                                                         net1377 (net)
                      0.234563    0.049916   16.727377 v _10800_/A (sky130_fd_sc_hd__inv_2)
     1    0.003070    0.068738    0.124478   16.851856 ^ _10800_/Y (sky130_fd_sc_hd__inv_2)
                                                         _05177_ (net)
                      0.068738    0.000147   16.852003 ^ _10806_/A2 (sky130_fd_sc_hd__a221o_2)
     6    0.110845    0.898667    0.927090   17.779093 ^ _10806_/X (sky130_fd_sc_hd__a221o_2)
                                                         _05183_ (net)
                      0.898773    0.010079   17.789171 ^ _10808_/A2_N (sky130_fd_sc_hd__a2bb2o_2)
     2    0.006418    0.097871    0.752525   18.541697 v _10808_/X (sky130_fd_sc_hd__a2bb2o_2)
                                                         _05185_ (net)
                      0.097871    0.000380   18.542076 v _10810_/D (sky130_fd_sc_hd__or4_2)
     2    0.006212    0.247205    1.363189   19.905266 v _10810_/X (sky130_fd_sc_hd__or4_2)
                                                         _05187_ (net)
                      0.247205    0.000352   19.905617 v _10812_/A2 (sky130_fd_sc_hd__a21o_2)
     3    0.023507    0.142163    0.550108   20.455725 v _10812_/X (sky130_fd_sc_hd__a21o_2)
                                                         _05189_ (net)
                      0.142185    0.001787   20.457512 v _12239_/A (sky130_fd_sc_hd__xnor2_2)
     1    0.008760    0.129321    0.296458   20.753969 v _12239_/Y (sky130_fd_sc_hd__xnor2_2)
                                                         _06578_ (net)
                      0.129322    0.000657   20.754627 v fanout950/A (sky130_fd_sc_hd__clkdlybuf4s25_1)
     6    0.056188    0.749183    0.994975   21.749601 v fanout950/X (sky130_fd_sc_hd__clkdlybuf4s25_1)
                                                         net950 (net)
                      0.749183    0.000114   21.749716 v load_slew952/A (sky130_fd_sc_hd__buf_4)
     1    0.067128    0.173612    0.663285   22.413000 v load_slew952/X (sky130_fd_sc_hd__buf_4)
                                                         net952 (net)
                      0.173963    0.006809   22.419809 v fanout948/A (sky130_fd_sc_hd__clkdlybuf4s25_1)
     4    0.024457    0.339763    0.721071   23.140881 v fanout948/X (sky130_fd_sc_hd__clkdlybuf4s25_1)
                                                         net948 (net)
                      0.339763    0.000764   23.141644 v fanout946/A (sky130_fd_sc_hd__clkdlybuf4s25_1)
     4    0.017007    0.245622    0.713102   23.854746 v fanout946/X (sky130_fd_sc_hd__clkdlybuf4s25_1)
                                                         net946 (net)
                      0.245625    0.001348   23.856094 v load_slew947/A (sky130_fd_sc_hd__clkbuf_4)
     7    0.046098    0.176480    0.436300   24.292395 v load_slew947/X (sky130_fd_sc_hd__clkbuf_4)
                                                         net947 (net)
                      0.176480    0.000817   24.293211 v _12240_/A (sky130_fd_sc_hd__inv_2)
     4    0.031576    0.236304    0.259860   24.553072 ^ _12240_/Y (sky130_fd_sc_hd__inv_2)
                                                         _06579_ (net)
                      0.236319    0.001563   24.554634 ^ fanout875/A (sky130_fd_sc_hd__clkdlybuf4s25_1)
    10    0.056930    0.908393    1.134740   25.689375 ^ fanout875/X (sky130_fd_sc_hd__clkdlybuf4s25_1)
                                                         net875 (net)
                      0.908393    0.002395   25.691769 ^ _12242_/B (sky130_fd_sc_hd__nand2_2)
     2    0.016395    0.242020    0.429420   26.121189 v _12242_/Y (sky130_fd_sc_hd__nand2_2)
                                                         _06581_ (net)
                      0.242023    0.001041   26.122231 v fanout727/A (sky130_fd_sc_hd__clkdlybuf4s25_1)
    10    0.052342    0.698574    1.013584   27.135815 v fanout727/X (sky130_fd_sc_hd__clkdlybuf4s25_1)
                                                         net727 (net)
                      0.698574    0.002156   27.137970 v _12243_/D (sky130_fd_sc_hd__or4_2)
     1    0.001799    0.203208    1.484111   28.622082 v _12243_/X (sky130_fd_sc_hd__or4_2)
                                                         _06582_ (net)
                      0.203208    0.000114   28.622194 v _12244_/D (sky130_fd_sc_hd__or4_2)
     1    0.002082    0.205952    1.312452   29.934649 v _12244_/X (sky130_fd_sc_hd__or4_2)
                                                         _06583_ (net)
                      0.205952    0.000131   29.934778 v _12246_/C (sky130_fd_sc_hd__or4_2)
     1    0.002059    0.205771    1.463040   31.397820 v _12246_/X (sky130_fd_sc_hd__or4_2)
                                                         _06584_ (net)
                      0.205771    0.000139   31.397957 v _12253_/B (sky130_fd_sc_hd__or4_2)
     1    0.002370    0.208699    1.541306   32.939262 v _12253_/X (sky130_fd_sc_hd__or4_2)
                                                         _06589_ (net)
                      0.208699    0.000085   32.939346 v _12254_/C (sky130_fd_sc_hd__or3_2)
     1    0.035133    0.327358    1.271520   34.210869 v _12254_/X (sky130_fd_sc_hd__or3_2)
                                                         _06590_ (net)
                      0.327423    0.004640   34.215508 v _12255_/D (sky130_fd_sc_hd__or4_2)
     1    0.047495    0.473182    1.786905   36.002411 v _12255_/X (sky130_fd_sc_hd__or4_2)
                                                         _06591_ (net)
                      0.473208    0.003826   36.006241 v _12257_/A (sky130_fd_sc_hd__or4bb_2)
     4    0.050157    0.477243    2.019988   38.026226 v _12257_/X (sky130_fd_sc_hd__or4bb_2)
                                                         _06593_ (net)
                      0.477253    0.002910   38.029137 v _12260_/S (sky130_fd_sc_hd__mux2_1)
     2    0.027643    0.397605    0.823160   38.852295 ^ _12260_/X (sky130_fd_sc_hd__mux2_1)
                                                         _06596_ (net)
                      0.397755    0.003194   38.855492 ^ _12261_/A2 (sky130_fd_sc_hd__a2111oi_4)
     3    0.027689    0.229933    0.333014   39.188503 v _12261_/Y (sky130_fd_sc_hd__a2111oi_4)
                                                         u_ibex_top.u_ibex_core.id_stage_i.branch_set_raw_d (net)
                      0.230035    0.003894   39.192398 v wire470/A (sky130_fd_sc_hd__clkbuf_2)
     2    0.029349    0.209515    0.386198   39.578594 v wire470/X (sky130_fd_sc_hd__clkbuf_2)
                                                         net470 (net)
                      0.209597    0.003869   39.582466 v _12274_/B (sky130_fd_sc_hd__or3_2)
     3    0.011879    0.216555    1.195975   40.778439 v _12274_/X (sky130_fd_sc_hd__or3_2)
                                                         _06609_ (net)
                      0.216555    0.000728   40.779167 v _12276_/A (sky130_fd_sc_hd__or2_2)
     2    0.007996    0.138500    0.765578   41.544746 v _12276_/X (sky130_fd_sc_hd__or2_2)
                                                         _06611_ (net)
                      0.138500    0.000551   41.545296 v _12677_/B (sky130_fd_sc_hd__nor2_2)
     3    0.024238    0.455526    0.410537   41.955833 ^ _12677_/Y (sky130_fd_sc_hd__nor2_2)
                                                         _06915_ (net)
                      0.455680    0.002025   41.957859 ^ fanout451/A (sky130_fd_sc_hd__clkdlybuf4s25_1)
    10    0.077508    1.229736    1.436991   43.394852 ^ fanout451/X (sky130_fd_sc_hd__clkdlybuf4s25_1)
                                                         net451 (net)
                      1.229736    0.002423   43.397274 ^ fanout450/A (sky130_fd_sc_hd__clkdlybuf4s25_1)
    10    0.066000    1.050227    1.507740   44.905014 ^ fanout450/X (sky130_fd_sc_hd__clkdlybuf4s25_1)
                                                         net450 (net)
                      1.050531    0.017007   44.922020 ^ _18006_/A1 (sky130_fd_sc_hd__a211o_2)
     3    0.041574    0.329933    0.789168   45.711185 ^ _18006_/X (sky130_fd_sc_hd__a211o_2)
                                                         _03007_ (net)
                      0.329986    0.004192   45.715378 ^ fanout383/A (sky130_fd_sc_hd__clkdlybuf4s25_1)
     5    0.057640    0.919715    1.174918   46.890297 ^ fanout383/X (sky130_fd_sc_hd__clkdlybuf4s25_1)
                                                         net383 (net)
                      0.919715    0.002839   46.893135 ^ fanout382/A (sky130_fd_sc_hd__clkdlybuf4s25_1)
    10    0.076465    1.215426    1.546024   48.439159 ^ fanout382/X (sky130_fd_sc_hd__clkdlybuf4s25_1)
                                                         net382 (net)
                      1.216466    0.024034   48.463196 ^ _18007_/A (sky130_fd_sc_hd__inv_2)
     4    0.073982    0.455124    0.753246   49.216442 v _18007_/Y (sky130_fd_sc_hd__inv_2)
                                                         _03008_ (net)
                      0.455512    0.010459   49.226898 v fanout320/A (sky130_fd_sc_hd__clkdlybuf4s25_1)
    10    0.074745    0.989831    1.297725   50.524624 v fanout320/X (sky130_fd_sc_hd__clkdlybuf4s25_1)
                                                         net320 (net)
                      0.989855    0.005898   50.530521 v fanout319/A (sky130_fd_sc_hd__clkdlybuf4s25_1)
    10    0.082099    1.085142    1.491703   52.022224 v fanout319/X (sky130_fd_sc_hd__clkdlybuf4s25_1)
                                                         net319 (net)
                      1.085154    0.005283   52.027508 v _18008_/B1 (sky130_fd_sc_hd__a22o_2)
     1    0.002782    0.074725    0.748607   52.776115 v _18008_/X (sky130_fd_sc_hd__a22o_2)
                                                         _01343_ (net)
                      0.074725    0.000110   52.776222 v hold2989/A (sky130_fd_sc_hd__dlygate4sd3_1)
     1    0.003069    0.107775    1.129916   53.906139 v hold2989/X (sky130_fd_sc_hd__dlygate4sd3_1)
                                                         net2989 (net)
                      0.107775    0.000195   53.906334 v _21123_/D (sky130_fd_sc_hd__dfrtp_2)
                                             53.906334   data arrival time

                                 50.000000   50.000000   clock clk_i (rise edge)
                                  0.000000   50.000000   clock source latency
     2    0.129284    0.000000    0.000000   50.000000 ^ clk_i (in)
                                                         clk_i (net)
                      0.084756    0.042377   50.042374 ^ clkbuf_0_clk_i/A (sky130_fd_sc_hd__clkbuf_16)
     1    0.011856    0.057277    0.216545   50.258919 ^ clkbuf_0_clk_i/X (sky130_fd_sc_hd__clkbuf_16)
                                                         clknet_0_clk_i (net)
                      0.057280    0.001020   50.259941 ^ clkbuf_1_0__f_clk_i/A (sky130_fd_sc_hd__clkbuf_16)
     1    0.001769    0.043134    0.186176   50.446117 ^ clkbuf_1_0__f_clk_i/X (sky130_fd_sc_hd__clkbuf_16)
                                                         clknet_1_0__leaf_clk_i (net)
                      0.043134    0.000121   50.446236 ^ _12039_/A (sky130_fd_sc_hd__and2_2)
     1    0.009933    0.117197    0.288825   50.735062 ^ _12039_/X (sky130_fd_sc_hd__and2_2)
                                                         u_ibex_top.clk (net)
                      0.117200    0.000828   50.735889 ^ clkbuf_0_u_ibex_top.clk/A (sky130_fd_sc_hd__clkbuf_16)
     4    0.163529    0.267980    0.395307   51.131195 ^ clkbuf_0_u_ibex_top.clk/X (sky130_fd_sc_hd__clkbuf_16)
                                                         clknet_0_u_ibex_top.clk (net)
                      0.268990    0.013578   51.144775 ^ clkbuf_2_0_0_u_ibex_top.clk/A (sky130_fd_sc_hd__clkbuf_8)
     8    0.193992    0.512654    0.638085   51.782860 ^ clkbuf_2_0_0_u_ibex_top.clk/X (sky130_fd_sc_hd__clkbuf_8)
                                                         clknet_2_0_0_u_ibex_top.clk (net)
                      0.513307    0.015227   51.798088 ^ clkbuf_5_3__f_u_ibex_top.clk/A (sky130_fd_sc_hd__clkbuf_16)
     7    0.080915    0.153509    0.482157   52.280243 ^ clkbuf_5_3__f_u_ibex_top.clk/X (sky130_fd_sc_hd__clkbuf_16)
                                                         clknet_5_3__leaf_u_ibex_top.clk (net)
                      0.153602    0.003528   52.283772 ^ clkbuf_leaf_21_u_ibex_top.clk/A (sky130_fd_sc_hd__clkbuf_8)
    10    0.043843    0.138824    0.321851   52.605621 ^ clkbuf_leaf_21_u_ibex_top.clk/X (sky130_fd_sc_hd__clkbuf_8)
                                                         clknet_leaf_21_u_ibex_top.clk (net)
                      0.138869    0.002395   52.608017 ^ _21123_/CLK (sky130_fd_sc_hd__dfrtp_2)
                                 -0.250000   52.358017   clock uncertainty
                                  0.005805   52.363823   clock reconvergence pessimism
                                 -0.274017   52.089806   library setup time
                                             52.089806   data required time
---------------------------------------------------------------------------------------------
                                             52.089806   data required time
                                            -53.906334   data arrival time
---------------------------------------------------------------------------------------------
                                             -1.816531   slack (VIOLATED)




===========================================================================
 report_check_types -max_slew -max_cap -max_fanout -violators
============================================================================
======================= max_ss_100C_1v60 Corner ===================================

max slew

Pin                                        Limit        Slew       Slack
------------------------------------------------------------------------
_11945_/A1                              0.750000    2.614870   -1.864871 (VIOLATED)
_11257_/A1                              0.750000    2.614820   -1.864820 (VIOLATED)
_09965_/A1                              0.750000    2.614816   -1.864816 (VIOLATED)
_09962_/B1                              0.750000    2.614804   -1.864804 (VIOLATED)
_18423_/B2                              0.750000    2.614736   -1.864736 (VIOLATED)
_09971_/C                               0.750000    2.614681   -1.864681 (VIOLATED)
_09972_/D                               0.750000    2.614624   -1.864624 (VIOLATED)
_12133_/B                               0.750000    2.614482   -1.864482 (VIOLATED)
_12006_/B                               0.750000    2.614421   -1.864421 (VIOLATED)
_12045_/B                               0.750000    2.614310   -1.864310 (VIOLATED)
fanout1913/X                            0.750000    2.614288   -1.864287 (VIOLATED)
_18418_/B2                              0.750000    2.337104   -1.587104 (VIOLATED)
_11885_/A1                              0.750000    2.337030   -1.587030 (VIOLATED)
_10303_/A1                              0.750000    2.336973   -1.586973 (VIOLATED)
_10304_/A1                              0.750000    2.336958   -1.586959 (VIOLATED)
_09985_/S                               0.750000    2.336319   -1.586319 (VIOLATED)
_09987_/C                               0.750000    2.335995   -1.585995 (VIOLATED)
_09972_/C                               0.750000    2.335309   -1.585309 (VIOLATED)
ANTENNA_112/DIODE                       0.750000    2.335303   -1.585303 (VIOLATED)
_12006_/A                               0.750000    2.333993   -1.583993 (VIOLATED)
_12045_/A                               0.750000    2.333624   -1.583624 (VIOLATED)
_12052_/B                               0.750000    2.333274   -1.583274 (VIOLATED)
fanout1915/X                            0.750000    2.333250   -1.583250 (VIOLATED)
_10021_/B1                              0.750000    2.222510   -1.472510 (VIOLATED)
_10017_/A1                              0.750000    2.222497   -1.472497 (VIOLATED)
_09978_/A_N                             0.750000    2.222468   -1.472468 (VIOLATED)
_09982_/C                               0.750000    2.222431   -1.472431 (VIOLATED)
_09987_/D_N                             0.750000    2.222417   -1.472417 (VIOLATED)
_09975_/A                               0.750000    2.222267   -1.472267 (VIOLATED)
_09974_/A                               0.750000    2.222059   -1.472059 (VIOLATED)
_09980_/B                               0.750000    2.221925   -1.471925 (VIOLATED)
_18310_/A0                              0.750000    2.221294   -1.471294 (VIOLATED)
_19546_/A1                              0.750000    2.221246   -1.471246 (VIOLATED)
fanout2294/X                            0.750000    2.221240   -1.471240 (VIOLATED)
_11439_/A                               0.750000    2.182232   -1.432232 (VIOLATED)
_10574_/A1                              0.750000    2.182221   -1.432221 (VIOLATED)
_11124_/D1                              0.750000    2.182198   -1.432198 (VIOLATED)
_10699_/D1                              0.750000    2.182155   -1.432155 (VIOLATED)
_10455_/C                               0.750000    2.182154   -1.432154 (VIOLATED)
_10458_/C                               0.750000    2.182128   -1.432128 (VIOLATED)
fanout1949/X                            0.750000    2.182110   -1.432110 (VIOLATED)
_13899_/D                               0.750000    2.147561   -1.397561 (VIOLATED)
_14541_/C1                              0.750000    2.147494   -1.397494 (VIOLATED)
_14142_/D1                              0.750000    2.147373   -1.397373 (VIOLATED)
_13452_/C                               0.750000    2.147329   -1.397329 (VIOLATED)
fanout1545/A                            0.750000    2.145574   -1.395574 (VIOLATED)
fanout1544/A                            0.750000    2.145084   -1.395084 (VIOLATED)
_13021_/A2                              0.750000    2.145081   -1.395081 (VIOLATED)
fanout1546/X                            0.750000    2.145078   -1.395078 (VIOLATED)
_13033_/B1                              0.750000    2.145072   -1.395072 (VIOLATED)
_13088_/B1                              0.750000    2.145016   -1.395016 (VIOLATED)
fanout1282/A                            0.750000    2.144892   -1.394892 (VIOLATED)
_13120_/A2                              0.750000    2.144865   -1.394865 (VIOLATED)
_12776_/A2                              0.750000    2.144850   -1.394850 (VIOLATED)
_12923_/A2                              0.750000    2.144802   -1.394802 (VIOLATED)
_12951_/A2                              0.750000    2.144802   -1.394801 (VIOLATED)
_12939_/B1                              0.750000    2.144797   -1.394797 (VIOLATED)
_12979_/A2                              0.750000    2.144797   -1.394797 (VIOLATED)
fanout1283/X                            0.750000    2.144797   -1.394797 (VIOLATED)
_12676_/A                               0.750000    2.125781   -1.375781 (VIOLATED)
_12679_/A                               0.750000    2.125772   -1.375772 (VIOLATED)
_12678_/A                               0.750000    2.125755   -1.375755 (VIOLATED)
_11511_/A2                              0.750000    2.125409   -1.375409 (VIOLATED)
_11871_/A2                              0.750000    2.125403   -1.375403 (VIOLATED)
_11517_/A2                              0.750000    2.125400   -1.375400 (VIOLATED)
_11322_/A2                              0.750000    2.125366   -1.375366 (VIOLATED)
_11324_/A2                              0.750000    2.125338   -1.375338 (VIOLATED)
_11326_/A2                              0.750000    2.125330   -1.375330 (VIOLATED)
_11320_/A2                              0.750000    2.125324   -1.375324 (VIOLATED)
fanout1764/X                            0.750000    2.125317   -1.375317 (VIOLATED)
_12164_/B                               0.750000    2.124125   -1.374125 (VIOLATED)
_12703_/A                               0.750000    2.124113   -1.374113 (VIOLATED)
_12688_/A                               0.750000    2.124109   -1.374109 (VIOLATED)
_12698_/A                               0.750000    2.124103   -1.374103 (VIOLATED)
_11516_/A2                              0.750000    2.123470   -1.373470 (VIOLATED)
_11510_/A2                              0.750000    2.123466   -1.373466 (VIOLATED)
_11323_/A2                              0.750000    2.123350   -1.373350 (VIOLATED)
_11321_/A2                              0.750000    2.123312   -1.373312 (VIOLATED)
_11325_/A2                              0.750000    2.123197   -1.373197 (VIOLATED)
_11319_/A2                              0.750000    2.123174   -1.373174 (VIOLATED)
fanout1781/X                            0.750000    2.123174   -1.373174 (VIOLATED)
_18275_/A1                              0.750000    2.066743   -1.316743 (VIOLATED)
_12798_/A3                              0.750000    2.066738   -1.316738 (VIOLATED)
_18029_/A1                              0.750000    2.066713   -1.316713 (VIOLATED)
_17898_/B2                              0.750000    2.066553   -1.316553 (VIOLATED)
_18217_/A1                              0.750000    2.066464   -1.316464 (VIOLATED)
_17908_/A0                              0.750000    2.066104   -1.316105 (VIOLATED)
_17650_/B2                              0.750000    2.064947   -1.314947 (VIOLATED)
_17398_/A1                              0.750000    2.064655   -1.314655 (VIOLATED)
_17789_/A1                              0.750000    2.064412   -1.314412 (VIOLATED)
_17526_/A1                              0.750000    2.064354   -1.314354 (VIOLATED)
fanout1024/X                            0.750000    2.064333   -1.314333 (VIOLATED)
_12263_/A                               0.750000    2.042675   -1.292675 (VIOLATED)
fanout1700/A                            0.750000    2.042585   -1.292585 (VIOLATED)
ANTENNA_51/DIODE                        0.750000    2.042192   -1.292192 (VIOLATED)
_14776_/A                               0.750000    2.042193   -1.292193 (VIOLATED)
_10565_/A                               0.750000    2.041892   -1.291892 (VIOLATED)
_10564_/A                               0.750000    2.041889   -1.291889 (VIOLATED)
_12072_/B1                              0.750000    2.041888   -1.291888 (VIOLATED)
_09985_/A1                              0.750000    2.041883   -1.291883 (VIOLATED)
_10022_/A                               0.750000    2.041870   -1.291870 (VIOLATED)
fanout1701/X                            0.750000    2.041848   -1.291848 (VIOLATED)
_13089_/C1                              0.750000    2.006377   -1.256377 (VIOLATED)
_13075_/C1                              0.750000    2.006350   -1.256350 (VIOLATED)
fanout1277/A                            0.750000    2.006212   -1.256212 (VIOLATED)
_12765_/C1                              0.750000    2.006143   -1.256143 (VIOLATED)
_12778_/C1                              0.750000    2.006138   -1.256138 (VIOLATED)
_12806_/B                               0.750000    2.006083   -1.256084 (VIOLATED)
_12845_/C1                              0.750000    2.006073   -1.256073 (VIOLATED)
_12898_/B1                              0.750000    2.005893   -1.255892 (VIOLATED)
_12883_/B1                              0.750000    2.005889   -1.255889 (VIOLATED)
_12872_/B1                              0.750000    2.005884   -1.255884 (VIOLATED)
fanout1278/X                            0.750000    2.005875   -1.255875 (VIOLATED)
_16375_/S                               0.750000    1.996392   -1.246392 (VIOLATED)
_16388_/S                               0.750000    1.996372   -1.246372 (VIOLATED)
_16376_/S                               0.750000    1.996356   -1.246356 (VIOLATED)
_16384_/S                               0.750000    1.996287   -1.246287 (VIOLATED)
_16387_/S                               0.750000    1.996245   -1.246245 (VIOLATED)
_16380_/S                               0.750000    1.996223   -1.246223 (VIOLATED)
_16378_/S                               0.750000    1.996221   -1.246221 (VIOLATED)
_16379_/S                               0.750000    1.996217   -1.246217 (VIOLATED)
fanout860/X                             0.750000    1.996191   -1.246191 (VIOLATED)
_12701_/A                               0.750000    1.993705   -1.243705 (VIOLATED)
_12702_/A                               0.750000    1.993696   -1.243696 (VIOLATED)
_12690_/A                               0.750000    1.993666   -1.243666 (VIOLATED)
_12143_/A                               0.750000    1.993644   -1.243644 (VIOLATED)
_12162_/A                               0.750000    1.993637   -1.243637 (VIOLATED)
_11875_/B1                              0.750000    1.992901   -1.242901 (VIOLATED)
_11871_/B1                              0.750000    1.992897   -1.242897 (VIOLATED)
fanout1756/A                            0.750000    1.992875   -1.242875 (VIOLATED)
fanout1757/X                            0.750000    1.992839   -1.242839 (VIOLATED)
_18404_/B1                              0.750000    1.950440   -1.200440 (VIOLATED)
_18399_/A                               0.750000    1.950436   -1.200436 (VIOLATED)
_18387_/B1                              0.750000    1.950429   -1.200429 (VIOLATED)
_18353_/B1                              0.750000    1.950284   -1.200284 (VIOLATED)
_18348_/A                               0.750000    1.950273   -1.200273 (VIOLATED)
_18365_/A                               0.750000    1.950194   -1.200194 (VIOLATED)
_18337_/C                               0.750000    1.950079   -1.200079 (VIOLATED)
_18264_/A                               0.750000    1.950010   -1.200010 (VIOLATED)
_12398_/B                               0.750000    1.949888   -1.199888 (VIOLATED)
_11991_/C                               0.750000    1.949833   -1.199833 (VIOLATED)
fanout1588/X                            0.750000    1.949810   -1.199810 (VIOLATED)
_15169_/A2                              0.750000    1.928507   -1.178507 (VIOLATED)
_15168_/A2                              0.750000    1.928490   -1.178490 (VIOLATED)
_15472_/A2                              0.750000    1.928481   -1.178481 (VIOLATED)
_15571_/B                               0.750000    1.928478   -1.178478 (VIOLATED)
_14831_/A2                              0.750000    1.928406   -1.178406 (VIOLATED)
_13902_/B                               0.750000    1.928231   -1.178231 (VIOLATED)
_14463_/A2                              0.750000    1.928185   -1.178185 (VIOLATED)
_13901_/B                               0.750000    1.928176   -1.178176 (VIOLATED)
_13903_/A2                              0.750000    1.928149   -1.178149 (VIOLATED)
_13904_/A2                              0.750000    1.928146   -1.178146 (VIOLATED)
fanout1237/X                            0.750000    1.928124   -1.178124 (VIOLATED)
_09935_/A1                              0.750000    1.925821   -1.175821 (VIOLATED)
_09914_/A                               0.750000    1.925811   -1.175811 (VIOLATED)
_09936_/A1                              0.750000    1.925791   -1.175791 (VIOLATED)
_09947_/A_N                             0.750000    1.925684   -1.175684 (VIOLATED)
_09938_/A                               0.750000    1.925676   -1.175676 (VIOLATED)
_09928_/C                               0.750000    1.925639   -1.175639 (VIOLATED)
_09929_/C                               0.750000    1.925603   -1.175603 (VIOLATED)
_09997_/A1                              0.750000    1.925416   -1.175416 (VIOLATED)
_10574_/B2                              0.750000    1.924697   -1.174697 (VIOLATED)
_16394_/B                               0.750000    1.924611   -1.174611 (VIOLATED)
_13306_/B                               0.750000    1.924603   -1.174603 (VIOLATED)
_16562_/B                               0.750000    1.924566   -1.174566 (VIOLATED)
_13305_/B                               0.750000    1.924562   -1.174562 (VIOLATED)
_16393_/B                               0.750000    1.924547   -1.174547 (VIOLATED)
fanout1987/A                            0.750000    1.924473   -1.174473 (VIOLATED)
_16596_/B                               0.750000    1.924461   -1.174461 (VIOLATED)
fanout1985/A                            0.750000    1.924442   -1.174442 (VIOLATED)
_12065_/D                               0.750000    1.924367   -1.174367 (VIOLATED)
fanout1992/A                            0.750000    1.924368   -1.174368 (VIOLATED)
fanout2024/A                            0.750000    1.924349   -1.174349 (VIOLATED)
fanout2003/A                            0.750000    1.924333   -1.174333 (VIOLATED)
fanout2019/A                            0.750000    1.924322   -1.174322 (VIOLATED)
fanout2013/A                            0.750000    1.924268   -1.174268 (VIOLATED)
fanout2026/X                            0.750000    1.924245   -1.174245 (VIOLATED)
_18296_/A0                              0.750000    1.923099   -1.173099 (VIOLATED)
_18266_/A0                              0.750000    1.923002   -1.173002 (VIOLATED)
_19532_/A1                              0.750000    1.922990   -1.172990 (VIOLATED)
fanout2301/X                            0.750000    1.922985   -1.172985 (VIOLATED)
_19504_/A                               0.750000    1.922921   -1.172921 (VIOLATED)
fanout2307/X                            0.750000    1.922875   -1.172875 (VIOLATED)
_11615_/A1                              0.750000    1.905978   -1.155978 (VIOLATED)
_11614_/A1                              0.750000    1.905964   -1.155964 (VIOLATED)
_11154_/B1                              0.750000    1.905917   -1.155917 (VIOLATED)
_11556_/A1                              0.750000    1.905897   -1.155897 (VIOLATED)
_11557_/A1                              0.750000    1.905895   -1.155895 (VIOLATED)
_11898_/B1                              0.750000    1.905774   -1.155774 (VIOLATED)
_11834_/B1                              0.750000    1.905678   -1.155678 (VIOLATED)
_10665_/B1                              0.750000    1.905675   -1.155675 (VIOLATED)
_10783_/B1                              0.750000    1.905662   -1.155662 (VIOLATED)
_10727_/B1                              0.750000    1.905650   -1.155650 (VIOLATED)
fanout1853/X                            0.750000    1.905650   -1.155650 (VIOLATED)
_18059_/A2                              0.750000    1.899606   -1.149606 (VIOLATED)
_18000_/B1                              0.750000    1.899596   -1.149596 (VIOLATED)
_17970_/C1                              0.750000    1.899585   -1.149585 (VIOLATED)
_18050_/A2                              0.750000    1.899578   -1.149578 (VIOLATED)
_18006_/C1                              0.750000    1.899567   -1.149567 (VIOLATED)
_18038_/A2                              0.750000    1.899531   -1.149531 (VIOLATED)
_18041_/A2                              0.750000    1.899492   -1.149492 (VIOLATED)
_17975_/A2                              0.750000    1.899474   -1.149474 (VIOLATED)
_18013_/B1                              0.750000    1.899370   -1.149370 (VIOLATED)
_17997_/A2                              0.750000    1.899320   -1.149320 (VIOLATED)
fanout1140/X                            0.750000    1.899284   -1.149284 (VIOLATED)
_09843_/A                               0.750000    1.898098   -1.148098 (VIOLATED)
_18618_/A1                              0.750000    1.898056   -1.148056 (VIOLATED)
_18621_/A1                              0.750000    1.898057   -1.148057 (VIOLATED)
_18617_/A1                              0.750000    1.898054   -1.148054 (VIOLATED)
_13463_/A                               0.750000    1.898042   -1.148042 (VIOLATED)
_16257_/A1                              0.750000    1.898000   -1.148000 (VIOLATED)
_12348_/A                               0.750000    1.897979   -1.147979 (VIOLATED)
_14410_/A1                              0.750000    1.897961   -1.147961 (VIOLATED)
_10021_/A2                              0.750000    1.897057   -1.147058 (VIOLATED)
fanout2287/A                            0.750000    1.896659   -1.146660 (VIOLATED)
fanout2288/X                            0.750000    1.896639   -1.146639 (VIOLATED)
_12805_/B1                              0.750000    1.894754   -1.144754 (VIOLATED)
_12899_/B1                              0.750000    1.894708   -1.144708 (VIOLATED)
_12873_/B1                              0.750000    1.894707   -1.144707 (VIOLATED)
_12841_/B1                              0.750000    1.894649   -1.144649 (VIOLATED)
_12777_/B1                              0.750000    1.894541   -1.144541 (VIOLATED)
_12765_/A2                              0.750000    1.894533   -1.144533 (VIOLATED)
_12720_/A2                              0.750000    1.894491   -1.144491 (VIOLATED)
fanout1280/A                            0.750000    1.894215   -1.144215 (VIOLATED)
fanout1281/X                            0.750000    1.894187   -1.144187 (VIOLATED)
_13095_/A3                              0.750000    1.881126   -1.131126 (VIOLATED)
_18095_/A1                              0.750000    1.881124   -1.131124 (VIOLATED)
_13150_/A1                              0.750000    1.881122   -1.131122 (VIOLATED)
_18413_/A1                              0.750000    1.881069   -1.131069 (VIOLATED)
_17482_/A1                              0.750000    1.880857   -1.130857 (VIOLATED)
_17746_/A1                              0.750000    1.880851   -1.130851 (VIOLATED)
_17873_/A1                              0.750000    1.880837   -1.130837 (VIOLATED)
_17608_/A1                              0.750000    1.880818   -1.130818 (VIOLATED)
_17963_/A0                              0.750000    1.880657   -1.130657 (VIOLATED)
_17930_/A0                              0.750000    1.880621   -1.130622 (VIOLATED)
fanout926/X                             0.750000    1.880613   -1.130613 (VIOLATED)
_11239_/A                               0.750000    1.874682   -1.124682 (VIOLATED)
_11369_/A1                              0.750000    1.874675   -1.124675 (VIOLATED)
_10088_/A1                              0.750000    1.874652   -1.124652 (VIOLATED)
_11172_/A                               0.750000    1.874639   -1.124639 (VIOLATED)
_10391_/A                               0.750000    1.874429   -1.124429 (VIOLATED)
_10274_/A                               0.750000    1.874427   -1.124427 (VIOLATED)
_10924_/A                               0.750000    1.874341   -1.124341 (VIOLATED)
_10621_/A                               0.750000    1.874241   -1.124241 (VIOLATED)
_10874_/A                               0.750000    1.874210   -1.124210 (VIOLATED)
_10683_/A                               0.750000    1.873632   -1.123632 (VIOLATED)
fanout1900/X                            0.750000    1.873632   -1.123632 (VIOLATED)
_17975_/B2                              0.750000    1.867057   -1.117057 (VIOLATED)
_13253_/D                               0.750000    1.867055   -1.117055 (VIOLATED)
_18225_/A1                              0.750000    1.867031   -1.117031 (VIOLATED)
_17498_/A1                              0.750000    1.867010   -1.117010 (VIOLATED)
_18123_/A0                              0.750000    1.866999   -1.116999 (VIOLATED)
_17370_/A1                              0.750000    1.866996   -1.116996 (VIOLATED)
_13296_/A0                              0.750000    1.866884   -1.116884 (VIOLATED)
_13289_/A0                              0.750000    1.866851   -1.116851 (VIOLATED)
_17901_/A0                              0.750000    1.866840   -1.116840 (VIOLATED)
_17934_/A0                              0.750000    1.866839   -1.116839 (VIOLATED)
fanout1020/X                            0.750000    1.866817   -1.116817 (VIOLATED)
_12063_/A                               0.750000    1.854033   -1.104033 (VIOLATED)
_12061_/A                               0.750000    1.854031   -1.104031 (VIOLATED)
_12057_/A                               0.750000    1.854014   -1.104014 (VIOLATED)
_12139_/A1                              0.750000    1.853938   -1.103938 (VIOLATED)
_11321_/B1                              0.750000    1.853555   -1.103555 (VIOLATED)
_11323_/B1                              0.750000    1.853521   -1.103521 (VIOLATED)
_11510_/B1                              0.750000    1.853505   -1.103505 (VIOLATED)
_11516_/B1                              0.750000    1.853503   -1.103503 (VIOLATED)
_11325_/B1                              0.750000    1.853478   -1.103478 (VIOLATED)
_11319_/B1                              0.750000    1.853475   -1.103475 (VIOLATED)
fanout1773/X                            0.750000    1.853469   -1.103469 (VIOLATED)
_10651_/B2                              0.750000    1.837662   -1.087662 (VIOLATED)
_16393_/A                               0.750000    1.837625   -1.087625 (VIOLATED)
_13305_/A_N                             0.750000    1.837619   -1.087619 (VIOLATED)
_13306_/A_N                             0.750000    1.837610   -1.087610 (VIOLATED)
_16394_/A                               0.750000    1.837606   -1.087606 (VIOLATED)
_16562_/A                               0.750000    1.837605   -1.087605 (VIOLATED)
_16596_/A                               0.750000    1.837493   -1.087493 (VIOLATED)
_12065_/C                               0.750000    1.837450   -1.087450 (VIOLATED)
_18288_/A0                              0.750000    1.836958   -1.086958 (VIOLATED)
_19526_/A1                              0.750000    1.836804   -1.086804 (VIOLATED)
fanout2302/X                            0.750000    1.836787   -1.086787 (VIOLATED)
_14955_/A2                              0.750000    1.836157   -1.086157 (VIOLATED)
_14592_/A2                              0.750000    1.836143   -1.086143 (VIOLATED)
_14593_/A2                              0.750000    1.836117   -1.086117 (VIOLATED)
_13581_/B                               0.750000    1.836010   -1.086010 (VIOLATED)
_14002_/A2                              0.750000    1.835834   -1.085834 (VIOLATED)
_14001_/A2                              0.750000    1.835810   -1.085810 (VIOLATED)
_13767_/A2                              0.750000    1.835481   -1.085481 (VIOLATED)
_13583_/A2                              0.750000    1.835428   -1.085429 (VIOLATED)
_13584_/A2                              0.750000    1.835428   -1.085428 (VIOLATED)
_13582_/B                               0.750000    1.835344   -1.085344 (VIOLATED)
fanout1255/X                            0.750000    1.835327   -1.085327 (VIOLATED)
_15455_/A                               0.750000    1.834325   -1.084325 (VIOLATED)
_15648_/A                               0.750000    1.834299   -1.084299 (VIOLATED)
_15647_/A                               0.750000    1.834296   -1.084296 (VIOLATED)
_15552_/A                               0.750000    1.834238   -1.084238 (VIOLATED)
_15256_/A                               0.750000    1.834185   -1.084185 (VIOLATED)
_15156_/A                               0.750000    1.833976   -1.083976 (VIOLATED)
_15039_/A                               0.750000    1.833904   -1.083904 (VIOLATED)
_14013_/B                               0.750000    1.833534   -1.083534 (VIOLATED)
_14014_/C                               0.750000    1.833534   -1.083534 (VIOLATED)
_14099_/A2                              0.750000    1.833533   -1.083533 (VIOLATED)
_18268_/A1                              0.750000    1.833518   -1.083518 (VIOLATED)
fanout1160/X                            0.750000    1.833516   -1.083516 (VIOLATED)
_18026_/A1                              0.750000    1.833513   -1.083513 (VIOLATED)
_12783_/A3                              0.750000    1.833510   -1.083510 (VIOLATED)
_17895_/A1                              0.750000    1.833474   -1.083474 (VIOLATED)
_17940_/A0                              0.750000    1.833467   -1.083468 (VIOLATED)
_17522_/A1                              0.750000    1.833449   -1.083449 (VIOLATED)
_17785_/A1                              0.750000    1.833444   -1.083444 (VIOLATED)
_17394_/A1                              0.750000    1.833432   -1.083432 (VIOLATED)
_17646_/B1                              0.750000    1.833414   -1.083414 (VIOLATED)
_17907_/A0                              0.750000    1.833381   -1.083381 (VIOLATED)
fanout1025/X                            0.750000    1.833372   -1.083372 (VIOLATED)
_12494_/A2                              0.750000    1.827186   -1.077186 (VIOLATED)
_12436_/A2                              0.750000    1.827151   -1.077151 (VIOLATED)
_12445_/A2                              0.750000    1.827147   -1.077147 (VIOLATED)
_12473_/A2                              0.750000    1.827148   -1.077148 (VIOLATED)
_12441_/B1                              0.750000    1.827128   -1.077128 (VIOLATED)
_12457_/A2                              0.750000    1.827099   -1.077099 (VIOLATED)
_12462_/A2                              0.750000    1.827096   -1.077096 (VIOLATED)
_12452_/B1                              0.750000    1.826866   -1.076866 (VIOLATED)
_12490_/B1                              0.750000    1.826689   -1.076690 (VIOLATED)
_19045_/B1                              0.750000    1.826562   -1.076562 (VIOLATED)
fanout1031/X                            0.750000    1.826562   -1.076562 (VIOLATED)
_17514_/A1                              0.750000    1.818676   -1.068676 (VIOLATED)
_17777_/A1                              0.750000    1.818670   -1.068670 (VIOLATED)
_17387_/A1                              0.750000    1.818628   -1.068628 (VIOLATED)
ANTENNA_94/DIODE                        0.750000    1.818592   -1.068592 (VIOLATED)
_17638_/B2                              0.750000    1.818566   -1.068566 (VIOLATED)
_18020_/A1                              0.750000    1.818350   -1.068350 (VIOLATED)
_12756_/A3                              0.750000    1.818344   -1.068344 (VIOLATED)
_18254_/A1                              0.750000    1.818338   -1.068338 (VIOLATED)
_17938_/A0                              0.750000    1.818277   -1.068277 (VIOLATED)
_17996_/B2                              0.750000    1.818252   -1.068252 (VIOLATED)
_18127_/A0                              0.750000    1.818242   -1.068242 (VIOLATED)
fanout1026/X                            0.750000    1.818221   -1.068221 (VIOLATED)
_14746_/A                               0.750000    1.816230   -1.066230 (VIOLATED)
_14790_/A2                              0.750000    1.816229   -1.066229 (VIOLATED)
_09959_/B1                              0.750000    1.816188   -1.066188 (VIOLATED)
_09976_/A                               0.750000    1.816031   -1.066031 (VIOLATED)
_12090_/A                               0.750000    1.816029   -1.066029 (VIOLATED)
_09917_/B                               0.750000    1.816024   -1.066024 (VIOLATED)
_09994_/A                               0.750000    1.815999   -1.065999 (VIOLATED)
_10017_/A2                              0.750000    1.815967   -1.065967 (VIOLATED)
fanout1822/A                            0.750000    1.815561   -1.065561 (VIOLATED)
fanout1823/X                            0.750000    1.815544   -1.065544 (VIOLATED)
_10460_/A2                              0.750000    1.796408   -1.046408 (VIOLATED)
_11511_/B1                              0.750000    1.796380   -1.046380 (VIOLATED)
_11517_/B1                              0.750000    1.796349   -1.046349 (VIOLATED)
_11129_/A2                              0.750000    1.796335   -1.046335 (VIOLATED)
_11322_/B1                              0.750000    1.796280   -1.046280 (VIOLATED)
_11320_/B1                              0.750000    1.796278   -1.046278 (VIOLATED)
_11324_/B1                              0.750000    1.796277   -1.046277 (VIOLATED)
_11326_/B1                              0.750000    1.796272   -1.046272 (VIOLATED)
_10885_/A2                              0.750000    1.796238   -1.046238 (VIOLATED)
_10704_/A2                              0.750000    1.796217   -1.046217 (VIOLATED)
fanout1756/X                            0.750000    1.796217   -1.046217 (VIOLATED)
_10649_/A1                              0.750000    1.790169   -1.040169 (VIOLATED)
_11381_/A                               0.750000    1.790130   -1.040131 (VIOLATED)
_11124_/B1                              0.750000    1.790077   -1.040077 (VIOLATED)
_10699_/B1                              0.750000    1.789974   -1.039974 (VIOLATED)
_10455_/B                               0.750000    1.789953   -1.039953 (VIOLATED)
_10458_/B                               0.750000    1.789932   -1.039932 (VIOLATED)
fanout1953/X                            0.750000    1.789900   -1.039900 (VIOLATED)
_18610_/A2                              0.750000    1.777601   -1.027601 (VIOLATED)
_18609_/A                               0.750000    1.777598   -1.027598 (VIOLATED)
_18974_/S                               0.750000    1.777452   -1.027452 (VIOLATED)
_18972_/S                               0.750000    1.777387   -1.027387 (VIOLATED)
_18990_/S                               0.750000    1.777279   -1.027279 (VIOLATED)
_18996_/S                               0.750000    1.777089   -1.027089 (VIOLATED)
fanout1206/A                            0.750000    1.777032   -1.027032 (VIOLATED)
_19031_/S                               0.750000    1.777021   -1.027021 (VIOLATED)
fanout1207/X                            0.750000    1.777014   -1.027014 (VIOLATED)
_18382_/B1                              0.750000    1.741479   -0.991479 (VIOLATED)
_18394_/B                               0.750000    1.741474   -0.991474 (VIOLATED)
_18377_/B                               0.750000    1.741403   -0.991403 (VIOLATED)
_18370_/B1                              0.750000    1.741385   -0.991385 (VIOLATED)
_18360_/C                               0.750000    1.741366   -0.991366 (VIOLATED)
_18335_/B1                              0.750000    1.741195   -0.991195 (VIOLATED)
_18329_/B1                              0.750000    1.741176   -0.991176 (VIOLATED)
_18343_/B                               0.750000    1.741149   -0.991149 (VIOLATED)
fanout1589/A                            0.750000    1.740514   -0.990514 (VIOLATED)
fanout1590/A                            0.750000    1.740456   -0.990456 (VIOLATED)
fanout1591/X                            0.750000    1.740441   -0.990441 (VIOLATED)
_17510_/A1                              0.750000    1.733094   -0.983094 (VIOLATED)
_17383_/A1                              0.750000    1.733083   -0.983083 (VIOLATED)
_12744_/A3                              0.750000    1.732977   -0.982977 (VIOLATED)
_17989_/A                               0.750000    1.732976   -0.982976 (VIOLATED)
_18247_/A1                              0.750000    1.732973   -0.982973 (VIOLATED)
_17937_/A0                              0.750000    1.732922   -0.982922 (VIOLATED)
_17904_/A0                              0.750000    1.732918   -0.982918 (VIOLATED)
_18126_/A0                              0.750000    1.732907   -0.982907 (VIOLATED)
_18220_/B1                              0.750000    1.732878   -0.982878 (VIOLATED)
_18121_/A0                              0.750000    1.732858   -0.982858 (VIOLATED)
_17474_/A1                              0.750000    1.732677   -0.982677 (VIOLATED)
_17601_/A                               0.750000    1.732646   -0.982646 (VIOLATED)
_13068_/A3                              0.750000    1.732532   -0.982532 (VIOLATED)
_18088_/B2                              0.750000    1.732533   -0.982533 (VIOLATED)
_18402_/A1                              0.750000    1.732529   -0.982529 (VIOLATED)
_17961_/A0                              0.750000    1.732525   -0.982525 (VIOLATED)
_18115_/A0                              0.750000    1.732522   -0.982522 (VIOLATED)
_13148_/A1                              0.750000    1.732515   -0.982515 (VIOLATED)
_18150_/A0                              0.750000    1.732515   -0.982515 (VIOLATED)
_17928_/A0                              0.750000    1.732513   -0.982513 (VIOLATED)
fanout1027/X                            0.750000    1.732399   -0.982399 (VIOLATED)
fanout928/X                             0.750000    1.732055   -0.982055 (VIOLATED)
fanout2158/A                            0.750000    1.731628   -0.981628 (VIOLATED)
fanout2147/A                            0.750000    1.731589   -0.981589 (VIOLATED)
fanout2152/A                            0.750000    1.731490   -0.981490 (VIOLATED)
fanout2154/A                            0.750000    1.731453   -0.981453 (VIOLATED)
fanout2151/A                            0.750000    1.731368   -0.981368 (VIOLATED)
fanout2141/A                            0.750000    1.731166   -0.981166 (VIOLATED)
fanout2160/X                            0.750000    1.731150   -0.981149 (VIOLATED)
_13016_/B                               0.750000    1.729979   -0.979979 (VIOLATED)
_13034_/A2                              0.750000    1.729972   -0.979972 (VIOLATED)
_13083_/B                               0.750000    1.729908   -0.979908 (VIOLATED)
_13119_/A2                              0.750000    1.729885   -0.979886 (VIOLATED)
fanout1347/A                            0.750000    1.729666   -0.979666 (VIOLATED)
_13060_/A2                              0.750000    1.729543   -0.979543 (VIOLATED)
_13076_/A2                              0.750000    1.729538   -0.979538 (VIOLATED)
_13101_/A2                              0.750000    1.729523   -0.979523 (VIOLATED)
fanout1348/A                            0.750000    1.729505   -0.979505 (VIOLATED)
fanout1349/X                            0.750000    1.729484   -0.979484 (VIOLATED)
_18032_/A1                              0.750000    1.725844   -0.975844 (VIOLATED)
_12813_/A3                              0.750000    1.725840   -0.975840 (VIOLATED)
_18283_/A1                              0.750000    1.725833   -0.975833 (VIOLATED)
_18131_/A0                              0.750000    1.725821   -0.975822 (VIOLATED)
_13129_/A1                              0.750000    1.725799   -0.975799 (VIOLATED)
_17530_/A1                              0.750000    1.725799   -0.975799 (VIOLATED)
_17793_/A1                              0.750000    1.725798   -0.975798 (VIOLATED)
_17402_/A1                              0.750000    1.725786   -0.975786 (VIOLATED)
_17655_/A1                              0.750000    1.725761   -0.975761 (VIOLATED)
_17909_/A0                              0.750000    1.725665   -0.975665 (VIOLATED)
fanout1023/X                            0.750000    1.725651   -0.975651 (VIOLATED)
_14955_/A1                              0.750000    1.719056   -0.969057 (VIOLATED)
_14592_/A1                              0.750000    1.719046   -0.969046 (VIOLATED)
_14593_/A1                              0.750000    1.719026   -0.969026 (VIOLATED)
_13581_/A                               0.750000    1.718950   -0.968950 (VIOLATED)
_15920_/A                               0.750000    1.718787   -0.968787 (VIOLATED)
_15919_/A                               0.750000    1.718785   -0.968785 (VIOLATED)
_14002_/A1                              0.750000    1.718781   -0.968781 (VIOLATED)
_14001_/A1                              0.750000    1.718775   -0.968775 (VIOLATED)
_15839_/A                               0.750000    1.718748   -0.968748 (VIOLATED)
_15742_/A                               0.750000    1.718702   -0.968702 (VIOLATED)
_15657_/A                               0.750000    1.718667   -0.968667 (VIOLATED)
_13582_/A                               0.750000    1.718627   -0.968627 (VIOLATED)
_15563_/A                               0.750000    1.718608   -0.968608 (VIOLATED)
_13767_/A1                              0.750000    1.718582   -0.968582 (VIOLATED)
_13583_/A1                              0.750000    1.718547   -0.968547 (VIOLATED)
_13584_/A1                              0.750000    1.718548   -0.968548 (VIOLATED)
_15373_/B                               0.750000    1.718540   -0.968540 (VIOLATED)
fanout1256/X                            0.750000    1.718531   -0.968531 (VIOLATED)
_15268_/B                               0.750000    1.718505   -0.968505 (VIOLATED)
_15167_/B                               0.750000    1.718364   -0.968364 (VIOLATED)
_14283_/B                               0.750000    1.718035   -0.968035 (VIOLATED)
fanout1158/X                            0.750000    1.718018   -0.968018 (VIOLATED)
_11716_/B1                              0.750000    1.715404   -0.965404 (VIOLATED)
_11775_/B1                              0.750000    1.715354   -0.965354 (VIOLATED)
_10199_/B1                              0.750000    1.715303   -0.965303 (VIOLATED)
_10081_/A                               0.750000    1.715132   -0.965132 (VIOLATED)
_10159_/A1                              0.750000    1.715060   -0.965060 (VIOLATED)
_10861_/B1                              0.750000    1.714918   -0.964918 (VIOLATED)
_10992_/A1                              0.750000    1.714883   -0.964883 (VIOLATED)
_11472_/B1                              0.750000    1.714849   -0.964849 (VIOLATED)
fanout1854/X                            0.750000    1.714849   -0.964849 (VIOLATED)
_13901_/A                               0.750000    1.693366   -0.943366 (VIOLATED)
ANTENNA_107/DIODE                       0.750000    1.693347   -0.943347 (VIOLATED)
fanout1423/A                            0.750000    1.693348   -0.943348 (VIOLATED)
_15169_/A1                              0.750000    1.693259   -0.943259 (VIOLATED)
_14051_/A1                              0.750000    1.693233   -0.943233 (VIOLATED)
ANTENNA_106/DIODE                       0.750000    1.693228   -0.943228 (VIOLATED)
_15571_/A                               0.750000    1.693205   -0.943205 (VIOLATED)
_15472_/A1                              0.750000    1.693204   -0.943204 (VIOLATED)
_15168_/A1                              0.750000    1.693166   -0.943166 (VIOLATED)
_14136_/A1                              0.750000    1.692981   -0.942981 (VIOLATED)
_14831_/A1                              0.750000    1.692885   -0.942885 (VIOLATED)
_13303_/A                               0.750000    1.692862   -0.942862 (VIOLATED)
_13304_/A                               0.750000    1.692833   -0.942833 (VIOLATED)
fanout1424/X                            0.750000    1.692816   -0.942816 (VIOLATED)
_13902_/A                               0.750000    1.692460   -0.942460 (VIOLATED)
_14463_/A1                              0.750000    1.692354   -0.942354 (VIOLATED)
_13903_/A1                              0.750000    1.692190   -0.942190 (VIOLATED)
_13904_/A1                              0.750000    1.692188   -0.942188 (VIOLATED)
fanout1238/X                            0.750000    1.692172   -0.942172 (VIOLATED)
_11489_/A                               0.750000    1.691137   -0.941137 (VIOLATED)
_09851_/A                               0.750000    1.691114   -0.941114 (VIOLATED)
_10086_/A                               0.750000    1.691021   -0.941021 (VIOLATED)
_10085_/A                               0.750000    1.691007   -0.941007 (VIOLATED)
fanout1900/A                            0.750000    1.691008   -0.941008 (VIOLATED)
_12344_/A1                              0.750000    1.690717   -0.940717 (VIOLATED)
_18428_/A1                              0.750000    1.690717   -0.940717 (VIOLATED)
_18432_/A                               0.750000    1.690717   -0.940717 (VIOLATED)
_18451_/A                               0.750000    1.690717   -0.940717 (VIOLATED)
fanout1901/X                            0.750000    1.690717   -0.940717 (VIOLATED)
_12847_/A1                              0.750000    1.688776   -0.938776 (VIOLATED)
_12874_/A1                              0.750000    1.688763   -0.938763 (VIOLATED)
_12900_/A1                              0.750000    1.688748   -0.938748 (VIOLATED)
_13121_/A1                              0.750000    1.688589   -0.938589 (VIOLATED)
_12928_/A1                              0.750000    1.688442   -0.938442 (VIOLATED)
_13051_/A1                              0.750000    1.688318   -0.938318 (VIOLATED)
_13064_/A1                              0.750000    1.688314   -0.938314 (VIOLATED)
_12984_/A1                              0.750000    1.688282   -0.938282 (VIOLATED)
_13106_/A1                              0.750000    1.688039   -0.938039 (VIOLATED)
fanout1174/A                            0.750000    1.687895   -0.937895 (VIOLATED)
fanout1175/X                            0.750000    1.687877   -0.937877 (VIOLATED)
_15751_/A                               0.750000    1.640611   -0.890611 (VIOLATED)
_15375_/A                               0.750000    1.640604   -0.890604 (VIOLATED)
_15041_/A                               0.750000    1.640597   -0.890597 (VIOLATED)
_14060_/B1                              0.750000    1.640572   -0.890572 (VIOLATED)
_14361_/A2                              0.750000    1.640569   -0.890569 (VIOLATED)
_14357_/B                               0.750000    1.640562   -0.890562 (VIOLATED)
_14359_/B                               0.750000    1.640562   -0.890562 (VIOLATED)
_14568_/B                               0.750000    1.640562   -0.890562 (VIOLATED)
_14688_/A2                              0.750000    1.640559   -0.890559 (VIOLATED)
_14690_/B                               0.750000    1.640549   -0.890549 (VIOLATED)
fanout1230/X                            0.750000    1.640549   -0.890549 (VIOLATED)
_09991_/A                               0.750000    1.638763   -0.888763 (VIOLATED)
_09970_/B                               0.750000    1.638758   -0.888758 (VIOLATED)
_12136_/B                               0.750000    1.638583   -0.888583 (VIOLATED)
_12054_/A_N                             0.750000    1.638553   -0.888553 (VIOLATED)
_12141_/A                               0.750000    1.638054   -0.888054 (VIOLATED)
_12144_/A                               0.750000    1.638041   -0.888041 (VIOLATED)
_12120_/B                               0.750000    1.638015   -0.888015 (VIOLATED)
_12053_/A_N                             0.750000    1.638013   -0.888013 (VIOLATED)
_12111_/A_N                             0.750000    1.638012   -0.888012 (VIOLATED)
_19666_/A1                              0.750000    1.637989   -0.887989 (VIOLATED)
fanout1926/X                            0.750000    1.637989   -0.887989 (VIOLATED)
_17466_/A1                              0.750000    1.635066   -0.885066 (VIOLATED)
_17728_/B2                              0.750000    1.635062   -0.885062 (VIOLATED)
_17592_/A1                              0.750000    1.635021   -0.885021 (VIOLATED)
_18083_/A1                              0.750000    1.634366   -0.884366 (VIOLATED)
_13041_/A3                              0.750000    1.634364   -0.884364 (VIOLATED)
_17926_/A0                              0.750000    1.634363   -0.884363 (VIOLATED)
_13146_/A1                              0.750000    1.634361   -0.884361 (VIOLATED)
_17959_/A0                              0.750000    1.634362   -0.884362 (VIOLATED)
_18148_/A0                              0.750000    1.634360   -0.884360 (VIOLATED)
_18390_/A1                              0.750000    1.634360   -0.884360 (VIOLATED)
fanout929/X                             0.750000    1.634360   -0.884360 (VIOLATED)
_17502_/A1                              0.750000    1.629139   -0.879139 (VIOLATED)
_17375_/A1                              0.750000    1.628686   -0.878686 (VIOLATED)
_18124_/A0                              0.750000    1.628658   -0.878658 (VIOLATED)
_17977_/A                               0.750000    1.628652   -0.878652 (VIOLATED)
_17980_/A1                              0.750000    1.628652   -0.878652 (VIOLATED)
_17978_/A                               0.750000    1.628647   -0.878647 (VIOLATED)
_18232_/A1                              0.750000    1.628641   -0.878641 (VIOLATED)
_12713_/B                               0.750000    1.628638   -0.878638 (VIOLATED)
_17902_/A0                              0.750000    1.628623   -0.878624 (VIOLATED)
_17935_/A0                              0.750000    1.628623   -0.878624 (VIOLATED)
fanout1028/X                            0.750000    1.628623   -0.878624 (VIOLATED)
_13135_/A2                              0.750000    1.625560   -0.875560 (VIOLATED)
_13136_/A2                              0.750000    1.625558   -0.875558 (VIOLATED)
_13134_/A2                              0.750000    1.625531   -0.875531 (VIOLATED)
_13133_/A2                              0.750000    1.625508   -0.875508 (VIOLATED)
_13131_/A2                              0.750000    1.625495   -0.875495 (VIOLATED)
_13130_/A2                              0.750000    1.625484   -0.875484 (VIOLATED)
_13129_/A2                              0.750000    1.625456   -0.875456 (VIOLATED)
_13132_/A2                              0.750000    1.625400   -0.875400 (VIOLATED)
fanout427/A                             0.750000    1.625374   -0.875374 (VIOLATED)
_13127_/B1                              0.750000    1.625320   -0.875320 (VIOLATED)
fanout428/X                             0.750000    1.625283   -0.875283 (VIOLATED)
_12270_/C1                              0.750000    1.605364   -0.855364 (VIOLATED)
_09927_/B                               0.750000    1.605358   -0.855358 (VIOLATED)
_12090_/B                               0.750000    1.605336   -0.855336 (VIOLATED)
_12178_/C_N                             0.750000    1.605246   -0.855246 (VIOLATED)
_12004_/A                               0.750000    1.605143   -0.855143 (VIOLATED)
_12181_/A                               0.750000    1.605088   -0.855088 (VIOLATED)
fanout1870/A                            0.750000    1.604803   -0.854803 (VIOLATED)
fanout1871/X                            0.750000    1.604784   -0.854784 (VIOLATED)
_12828_/B1                              0.750000    1.599763   -0.849763 (VIOLATED)
_12817_/B1                              0.750000    1.599757   -0.849757 (VIOLATED)
_12856_/A2                              0.750000    1.599742   -0.849742 (VIOLATED)
_12993_/A2                              0.750000    1.599737   -0.849737 (VIOLATED)
_13248_/A2                              0.750000    1.599696   -0.849696 (VIOLATED)
_18221_/A1                              0.750000    1.599668   -0.849668 (VIOLATED)
_18222_/A1                              0.750000    1.599218   -0.849218 (VIOLATED)
_12709_/A2                              0.750000    1.599170   -0.849170 (VIOLATED)
_12738_/A2                              0.750000    1.599165   -0.849165 (VIOLATED)
_12148_/A                               0.750000    1.599157   -0.849157 (VIOLATED)
fanout1344/X                            0.750000    1.599157   -0.849157 (VIOLATED)
_18035_/A1                              0.750000    1.580203   -0.830203 (VIOLATED)
_12825_/A3                              0.750000    1.580192   -0.830192 (VIOLATED)
_18291_/A1                              0.750000    1.580172   -0.830172 (VIOLATED)
_13130_/A1                              0.750000    1.580148   -0.830148 (VIOLATED)
_17943_/A0                              0.750000    1.580079   -0.830079 (VIOLATED)
_18132_/A0                              0.750000    1.580026   -0.830026 (VIOLATED)
_17910_/A0                              0.750000    1.579958   -0.829958 (VIOLATED)
_17660_/A1                              0.750000    1.579066   -0.829066 (VIOLATED)
_17406_/A1                              0.750000    1.578971   -0.828971 (VIOLATED)
_17534_/A1                              0.750000    1.578923   -0.828923 (VIOLATED)
fanout942/X                             0.750000    1.578915   -0.828916 (VIOLATED)
_18101_/A1                              0.750000    1.575355   -0.825355 (VIOLATED)
_13125_/A3                              0.750000    1.575354   -0.825354 (VIOLATED)
_18424_/A1                              0.750000    1.575344   -0.825344 (VIOLATED)
_13152_/A1                              0.750000    1.575333   -0.825333 (VIOLATED)
_17932_/A0                              0.750000    1.575291   -0.825291 (VIOLATED)
_18003_/B                               0.750000    1.575223   -0.825223 (VIOLATED)
_18000_/A2                              0.750000    1.575200   -0.825200 (VIOLATED)
_18154_/A0                              0.750000    1.575154   -0.825154 (VIOLATED)
_17490_/A1                              0.750000    1.574698   -0.824698 (VIOLATED)
_17965_/A0                              0.750000    1.574697   -0.824697 (VIOLATED)
fanout924/X                             0.750000    1.574696   -0.824696 (VIOLATED)
_12817_/A2                              0.750000    1.568148   -0.818148 (VIOLATED)
_12829_/A2                              0.750000    1.568148   -0.818148 (VIOLATED)
_12866_/B                               0.750000    1.568148   -0.818148 (VIOLATED)
_12857_/A2                              0.750000    1.568145   -0.818145 (VIOLATED)
_12953_/A2                              0.750000    1.568128   -0.818128 (VIOLATED)
_12841_/A2                              0.750000    1.568127   -0.818127 (VIOLATED)
_12967_/A2                              0.750000    1.568120   -0.818120 (VIOLATED)
_12997_/A2                              0.750000    1.568112   -0.818112 (VIOLATED)
_12896_/A2                              0.750000    1.568109   -0.818109 (VIOLATED)
_12906_/B                               0.750000    1.568109   -0.818109 (VIOLATED)
fanout1347/X                            0.750000    1.568109   -0.818109 (VIOLATED)
_17429_/A1                              0.750000    1.556043   -0.806043 (VIOLATED)
_17556_/A1                              0.750000    1.556031   -0.806031 (VIOLATED)
_12904_/A3                              0.750000    1.555972   -0.805973 (VIOLATED)
_18053_/A1                              0.750000    1.555973   -0.805973 (VIOLATED)
_18333_/A1                              0.750000    1.555964   -0.805965 (VIOLATED)
_13136_/A1                              0.750000    1.555959   -0.805959 (VIOLATED)
_17949_/A0                              0.750000    1.555946   -0.805946 (VIOLATED)
_17916_/A0                              0.750000    1.555940   -0.805940 (VIOLATED)
_13294_/A0                              0.750000    1.555938   -0.805938 (VIOLATED)
_18138_/A0                              0.750000    1.555935   -0.805935 (VIOLATED)
fanout937/X                             0.750000    1.555935   -0.805935 (VIOLATED)
_15569_/A                               0.750000    1.553961   -0.803961 (VIOLATED)
_15665_/A                               0.750000    1.553949   -0.803949 (VIOLATED)
_15664_/B2                              0.750000    1.553939   -0.803939 (VIOLATED)
_15374_/A1                              0.750000    1.553906   -0.803906 (VIOLATED)
_15268_/A                               0.750000    1.553887   -0.803887 (VIOLATED)
_15043_/A1                              0.750000    1.553863   -0.803863 (VIOLATED)
_15040_/A                               0.750000    1.553851   -0.803851 (VIOLATED)
_14817_/A2                              0.750000    1.553569   -0.803569 (VIOLATED)
_14058_/B                               0.750000    1.553029   -0.803029 (VIOLATED)
_14059_/D                               0.750000    1.552948   -0.802948 (VIOLATED)
fanout1229/X                            0.750000    1.552933   -0.802933 (VIOLATED)
_16187_/A                               0.750000    1.545583   -0.795583 (VIOLATED)
_16008_/B                               0.750000    1.545578   -0.795578 (VIOLATED)
_15924_/B                               0.750000    1.545529   -0.795530 (VIOLATED)
_15843_/B                               0.750000    1.545457   -0.795457 (VIOLATED)
_15749_/B                               0.750000    1.545449   -0.795449 (VIOLATED)
_15663_/B                               0.750000    1.545370   -0.795370 (VIOLATED)
_15748_/A2                              0.750000    1.545285   -0.795285 (VIOLATED)
_15471_/B                               0.750000    1.545222   -0.795222 (VIOLATED)
_15569_/B                               0.750000    1.545167   -0.795167 (VIOLATED)
_14601_/B                               0.750000    1.544889   -0.794889 (VIOLATED)
fanout1153/X                            0.750000    1.544882   -0.794882 (VIOLATED)
_17456_/A1                              0.750000    1.544133   -0.794133 (VIOLATED)
_17582_/A1                              0.750000    1.544133   -0.794133 (VIOLATED)
_17956_/A0                              0.750000    1.543825   -0.793825 (VIOLATED)
_18110_/A0                              0.750000    1.543821   -0.793821 (VIOLATED)
_17923_/A0                              0.750000    1.543769   -0.793769 (VIOLATED)
_18073_/B2                              0.750000    1.543600   -0.793600 (VIOLATED)
_18145_/A0                              0.750000    1.543598   -0.793598 (VIOLATED)
_13001_/A3                              0.750000    1.543568   -0.793568 (VIOLATED)
_13143_/A1                              0.750000    1.543538   -0.793538 (VIOLATED)
_18373_/A1                              0.750000    1.543517   -0.793517 (VIOLATED)
fanout932/X                             0.750000    1.543510   -0.793510 (VIOLATED)
_12837_/A3                              0.750000    1.542193   -0.792193 (VIOLATED)
_18037_/B2                              0.750000    1.542189   -0.792190 (VIOLATED)
_18298_/A1                              0.750000    1.542170   -0.792170 (VIOLATED)
_13131_/A1                              0.750000    1.542165   -0.792165 (VIOLATED)
_18133_/A0                              0.750000    1.542147   -0.792147 (VIOLATED)
_17911_/A0                              0.750000    1.542131   -0.792131 (VIOLATED)
_17944_/A0                              0.750000    1.542130   -0.792130 (VIOLATED)
_17664_/B1                              0.750000    1.541619   -0.791619 (VIOLATED)
_17410_/A1                              0.750000    1.541605   -0.791605 (VIOLATED)
_17538_/A1                              0.750000    1.541586   -0.791586 (VIOLATED)
fanout941/X                             0.750000    1.541580   -0.791580 (VIOLATED)
fanout2198/A                            0.750000    1.532394   -0.782394 (VIOLATED)
fanout2196/A                            0.750000    1.532286   -0.782286 (VIOLATED)
fanout2195/A                            0.750000    1.532178   -0.782178 (VIOLATED)
fanout2193/A                            0.750000    1.532116   -0.782116 (VIOLATED)
fanout2192/A                            0.750000    1.531587   -0.781587 (VIOLATED)
fanout2199/X                            0.750000    1.531556   -0.781556 (VIOLATED)
_18262_/A2                              0.750000    1.530793   -0.780793 (VIOLATED)
_18269_/A2                              0.750000    1.530792   -0.780792 (VIOLATED)
_18248_/A2                              0.750000    1.530759   -0.780759 (VIOLATED)
_18233_/A2                              0.750000    1.530740   -0.780740 (VIOLATED)
_18414_/A2                              0.750000    1.530722   -0.780722 (VIOLATED)
_18420_/A2                              0.750000    1.530686   -0.780686 (VIOLATED)
fanout364/A                             0.750000    1.530651   -0.780651 (VIOLATED)
fanout365/X                             0.750000    1.530276   -0.780276 (VIOLATED)
_12500_/A2                              0.750000    1.508529   -0.758529 (VIOLATED)
_12484_/A2                              0.750000    1.508525   -0.758525 (VIOLATED)
_12479_/A2                              0.750000    1.508518   -0.758518 (VIOLATED)
_12510_/A2                              0.750000    1.508347   -0.758347 (VIOLATED)
_12467_/A2                              0.750000    1.508193   -0.758193 (VIOLATED)
_12417_/B1                              0.750000    1.507939   -0.757939 (VIOLATED)
_12426_/B1                              0.750000    1.507939   -0.757939 (VIOLATED)
_12406_/B1                              0.750000    1.507911   -0.757911 (VIOLATED)
_12392_/B1                              0.750000    1.507894   -0.757894 (VIOLATED)
_12365_/B1                              0.750000    1.507882   -0.757882 (VIOLATED)
fanout1093/X                            0.750000    1.507867   -0.757867 (VIOLATED)
_13887_/A                               0.750000    1.507753   -0.757753 (VIOLATED)
_14884_/A                               0.750000    1.507748   -0.757749 (VIOLATED)
_13809_/A                               0.750000    1.507743   -0.757743 (VIOLATED)
_14639_/A1                              0.750000    1.507737   -0.757737 (VIOLATED)
_13729_/A                               0.750000    1.507211   -0.757211 (VIOLATED)
_14423_/A1                              0.750000    1.507193   -0.757193 (VIOLATED)
_14221_/A1                              0.750000    1.507142   -0.757142 (VIOLATED)
fanout1465/A                            0.750000    1.507093   -0.757093 (VIOLATED)
fanout1466/A                            0.750000    1.507047   -0.757047 (VIOLATED)
fanout1467/X                            0.750000    1.507047   -0.757047 (VIOLATED)
_10695_/B1                              0.750000    1.501329   -0.751329 (VIOLATED)
_17002_/A_N                             0.750000    1.501167   -0.751167 (VIOLATED)
fanout2303/A                            0.750000    1.501014   -0.751014 (VIOLATED)
_18280_/A0                              0.750000    1.499761   -0.749761 (VIOLATED)
_19523_/A1                              0.750000    1.499677   -0.749677 (VIOLATED)
fanout2304/X                            0.750000    1.499660   -0.749660 (VIOLATED)
_18117_/S                               0.750000    1.491295   -0.741295 (VIOLATED)
_18116_/S                               0.750000    1.491279   -0.741279 (VIOLATED)
_18115_/S                               0.750000    1.491249   -0.741250 (VIOLATED)
_18104_/S                               0.750000    1.491122   -0.741122 (VIOLATED)
fanout380/A                             0.750000    1.491082   -0.741082 (VIOLATED)
_18110_/S                               0.750000    1.490939   -0.740939 (VIOLATED)
_18119_/S                               0.750000    1.490774   -0.740774 (VIOLATED)
_18120_/S                               0.750000    1.490767   -0.740767 (VIOLATED)
_18121_/S                               0.750000    1.490766   -0.740766 (VIOLATED)
fanout381/X                             0.750000    1.490749   -0.740749 (VIOLATED)
_12842_/B1                              0.750000    1.490195   -0.740195 (VIOLATED)
_12869_/B2                              0.750000    1.490185   -0.740185 (VIOLATED)
_13052_/A1                              0.750000    1.490178   -0.740178 (VIOLATED)
_13060_/B1                              0.750000    1.490178   -0.740178 (VIOLATED)
_12896_/B1                              0.750000    1.490177   -0.740177 (VIOLATED)
_12979_/B2                              0.750000    1.490159   -0.740159 (VIOLATED)
_13117_/B2                              0.750000    1.490132   -0.740132 (VIOLATED)
_12923_/B2                              0.750000    1.490113   -0.740113 (VIOLATED)
_11730_/A1                              0.750000    1.490027   -0.740027 (VIOLATED)
_11672_/A1                              0.750000    1.490025   -0.740025 (VIOLATED)
fanout1286/A                            0.750000    1.489979   -0.739979 (VIOLATED)
fanout1287/X                            0.750000    1.489974   -0.739974 (VIOLATED)
_11558_/A1                              0.750000    1.489944   -0.739944 (VIOLATED)
_11854_/A1                              0.750000    1.489920   -0.739920 (VIOLATED)
_10801_/A1                              0.750000    1.489907   -0.739907 (VIOLATED)
_10740_/A2                              0.750000    1.489894   -0.739894 (VIOLATED)
_10684_/A1                              0.750000    1.489882   -0.739882 (VIOLATED)
_11972_/A1                              0.750000    1.489854   -0.739854 (VIOLATED)
_10084_/A                               0.750000    1.489782   -0.739782 (VIOLATED)
_18627_/A                               0.750000    1.489385   -0.739385 (VIOLATED)
fanout1802/X                            0.750000    1.489385   -0.739385 (VIOLATED)
_11559_/A1                              0.750000    1.486948   -0.736948 (VIOLATED)
_11853_/A                               0.750000    1.486938   -0.736938 (VIOLATED)
_11915_/A1                              0.750000    1.486901   -0.736901 (VIOLATED)
_10161_/A1                              0.750000    1.486880   -0.736880 (VIOLATED)
_11792_/A1                              0.750000    1.486881   -0.736881 (VIOLATED)
_11427_/A1                              0.750000    1.486869   -0.736869 (VIOLATED)
_11731_/A1                              0.750000    1.486869   -0.736869 (VIOLATED)
fanout1806/A                            0.750000    1.486869   -0.736869 (VIOLATED)
fanout1807/X                            0.750000    1.486869   -0.736869 (VIOLATED)
_18091_/B1                              0.750000    1.486720   -0.736720 (VIOLATED)
_18085_/B1                              0.750000    1.486719   -0.736719 (VIOLATED)
_18070_/B1                              0.750000    1.486709   -0.736709 (VIOLATED)
fanout1143/A                            0.750000    1.486572   -0.736572 (VIOLATED)
_17986_/B1                              0.750000    1.486443   -0.736443 (VIOLATED)
_17991_/B1                              0.750000    1.486440   -0.736440 (VIOLATED)
fanout1142/A                            0.750000    1.486396   -0.736396 (VIOLATED)
_18208_/B1                              0.750000    1.486390   -0.736390 (VIOLATED)
_18213_/B1                              0.750000    1.486388   -0.736388 (VIOLATED)
fanout1144/X                            0.750000    1.486373   -0.736373 (VIOLATED)
fanout1729/A                            0.750000    1.481110   -0.731110 (VIOLATED)
fanout1731/A                            0.750000    1.481092   -0.731092 (VIOLATED)
fanout1735/A                            0.750000    1.481004   -0.731004 (VIOLATED)
fanout1732/A                            0.750000    1.480915   -0.730915 (VIOLATED)
fanout1728/A                            0.750000    1.480897   -0.730897 (VIOLATED)
fanout1737/X                            0.750000    1.480876   -0.730876 (VIOLATED)
fanout1804/A                            0.750000    1.475815   -0.725815 (VIOLATED)
fanout1803/A                            0.750000    1.475800   -0.725800 (VIOLATED)
_10160_/A1                              0.750000    1.475790   -0.725790 (VIOLATED)
_10275_/A1                              0.750000    1.475756   -0.725756 (VIOLATED)
_10392_/A1                              0.750000    1.475730   -0.725730 (VIOLATED)
_10340_/A1                              0.750000    1.475698   -0.725698 (VIOLATED)
_10875_/A1                              0.750000    1.475686   -0.725686 (VIOLATED)
_10925_/A1                              0.750000    1.475672   -0.725672 (VIOLATED)
_10622_/A1                              0.750000    1.475237   -0.725237 (VIOLATED)
fanout1805/X                            0.750000    1.475234   -0.725234 (VIOLATED)
_17702_/B2                              0.750000    1.471416   -0.721416 (VIOLATED)
_17444_/A1                              0.750000    1.471414   -0.721414 (VIOLATED)
_17835_/A1                              0.750000    1.471411   -0.721411 (VIOLATED)
_17571_/A1                              0.750000    1.471404   -0.721404 (VIOLATED)
_17920_/A0                              0.750000    1.471354   -0.721354 (VIOLATED)
_17953_/A0                              0.750000    1.471354   -0.721354 (VIOLATED)
_12960_/A3                              0.750000    1.471105   -0.721105 (VIOLATED)
_18065_/A1                              0.750000    1.471104   -0.721104 (VIOLATED)
_13140_/A1                              0.750000    1.470694   -0.720694 (VIOLATED)
_18356_/A1                              0.750000    1.470694   -0.720694 (VIOLATED)
fanout934/X                             0.750000    1.470694   -0.720694 (VIOLATED)
_18997_/S                               0.750000    1.470272   -0.720272 (VIOLATED)
_18995_/S                               0.750000    1.470249   -0.720249 (VIOLATED)
_18989_/S                               0.750000    1.470213   -0.720213 (VIOLATED)
_18991_/S                               0.750000    1.470175   -0.720175 (VIOLATED)
_18985_/S                               0.750000    1.470098   -0.720098 (VIOLATED)
_18987_/S                               0.750000    1.470098   -0.720098 (VIOLATED)
_18046_/A2                              0.750000    1.470076   -0.720076 (VIOLATED)
_18973_/S                               0.750000    1.470020   -0.720020 (VIOLATED)
_18975_/S                               0.750000    1.470020   -0.720020 (VIOLATED)
_18977_/S                               0.750000    1.470019   -0.720019 (VIOLATED)
_17421_/A1                              0.750000    1.469848   -0.719848 (VIOLATED)
_17549_/A1                              0.750000    1.469833   -0.719833 (VIOLATED)
_18971_/S                               0.750000    1.469575   -0.719575 (VIOLATED)
fanout1036/X                            0.750000    1.469575   -0.719575 (VIOLATED)
fanout989/A                             0.750000    1.469442   -0.719442 (VIOLATED)
_18013_/A2                              0.750000    1.469407   -0.719407 (VIOLATED)
_18200_/B                               0.750000    1.469382   -0.719382 (VIOLATED)
_18208_/A2                              0.750000    1.469381   -0.719381 (VIOLATED)
_18213_/A2                              0.750000    1.469380   -0.719380 (VIOLATED)
_18216_/A2                              0.750000    1.469377   -0.719377 (VIOLATED)
_17971_/B1                              0.750000    1.469370   -0.719370 (VIOLATED)
fanout990/X                             0.750000    1.469370   -0.719370 (VIOLATED)
_12878_/A3                              0.750000    1.469220   -0.719220 (VIOLATED)
_18047_/A1                              0.750000    1.469219   -0.719219 (VIOLATED)
_18318_/A1                              0.750000    1.469218   -0.719218 (VIOLATED)
_13134_/A1                              0.750000    1.469216   -0.719216 (VIOLATED)
_17914_/A0                              0.750000    1.469206   -0.719206 (VIOLATED)
_17947_/A0                              0.750000    1.469199   -0.719199 (VIOLATED)
_18136_/A0                              0.750000    1.469186   -0.719186 (VIOLATED)
_13293_/A0                              0.750000    1.469170   -0.719170 (VIOLATED)
fanout939/X                             0.750000    1.469167   -0.719167 (VIOLATED)
_17463_/A1                              0.750000    1.462334   -0.712334 (VIOLATED)
_17724_/B1                              0.750000    1.462330   -0.712330 (VIOLATED)
_17588_/A1                              0.750000    1.462311   -0.712311 (VIOLATED)
_17853_/A1                              0.750000    1.462307   -0.712307 (VIOLATED)
_17925_/A0                              0.750000    1.462223   -0.712223 (VIOLATED)
_18079_/B2                              0.750000    1.462162   -0.712162 (VIOLATED)
_13028_/A3                              0.750000    1.462160   -0.712160 (VIOLATED)
_13145_/A1                              0.750000    1.462160   -0.712160 (VIOLATED)
_18147_/A0                              0.750000    1.462160   -0.712160 (VIOLATED)
_18385_/A1                              0.750000    1.461766   -0.711766 (VIOLATED)
fanout930/X                             0.750000    1.461766   -0.711766 (VIOLATED)
_14285_/A1                              0.750000    1.459078   -0.709078 (VIOLATED)
_14284_/A                               0.750000    1.459074   -0.709074 (VIOLATED)
_14099_/B2                              0.750000    1.459068   -0.709068 (VIOLATED)
_14389_/B2                              0.750000    1.459042   -0.709042 (VIOLATED)
_14283_/A                               0.750000    1.459015   -0.709015 (VIOLATED)
_14490_/A1                              0.750000    1.458932   -0.708932 (VIOLATED)
_14492_/A                               0.750000    1.458896   -0.708896 (VIOLATED)
_14601_/A                               0.750000    1.458865   -0.708865 (VIOLATED)
_14721_/A                               0.750000    1.458796   -0.708796 (VIOLATED)
fanout1166/A                            0.750000    1.458564   -0.708564 (VIOLATED)
fanout1167/X                            0.750000    1.458559   -0.708559 (VIOLATED)
_15053_/A2                              0.750000    1.454969   -0.704969 (VIOLATED)
_13822_/B                               0.750000    1.454965   -0.704965 (VIOLATED)
_14703_/A2                              0.750000    1.454934   -0.704934 (VIOLATED)
_14702_/A2                              0.750000    1.454921   -0.704921 (VIOLATED)
_13823_/B                               0.750000    1.454812   -0.704812 (VIOLATED)
_14366_/A2                              0.750000    1.454725   -0.704725 (VIOLATED)
_14365_/A2                              0.750000    1.454674   -0.704674 (VIOLATED)
_13992_/A2                              0.750000    1.454518   -0.704518 (VIOLATED)
_13824_/A2                              0.750000    1.454501   -0.704501 (VIOLATED)
_13825_/A2                              0.750000    1.454470   -0.704470 (VIOLATED)
fanout1241/X                            0.750000    1.454458   -0.704458 (VIOLATED)
_10392_/C1                              0.750000    1.451345   -0.701345 (VIOLATED)
_10340_/C1                              0.750000    1.451329   -0.701329 (VIOLATED)
_10925_/C1                              0.750000    1.451318   -0.701318 (VIOLATED)
_10875_/C1                              0.750000    1.451243   -0.701243 (VIOLATED)
fanout1477/A                            0.750000    1.451205   -0.701205 (VIOLATED)
_10505_/A1                              0.750000    1.451176   -0.701176 (VIOLATED)
_11914_/C1                              0.750000    1.450995   -0.700995 (VIOLATED)
fanout1475/A                            0.750000    1.450993   -0.700993 (VIOLATED)
fanout1474/A                            0.750000    1.450963   -0.700963 (VIOLATED)
fanout1478/X                            0.750000    1.450963   -0.700963 (VIOLATED)
_15053_/A1                              0.750000    1.448333   -0.698333 (VIOLATED)
_13822_/A                               0.750000    1.448329   -0.698329 (VIOLATED)
_14703_/A1                              0.750000    1.448316   -0.698316 (VIOLATED)
_14702_/A1                              0.750000    1.448313   -0.698313 (VIOLATED)
_13823_/A                               0.750000    1.448230   -0.698230 (VIOLATED)
_14365_/A1                              0.750000    1.448180   -0.698180 (VIOLATED)
_14366_/A1                              0.750000    1.448153   -0.698154 (VIOLATED)
_13992_/A1                              0.750000    1.448076   -0.698076 (VIOLATED)
_13825_/A1                              0.750000    1.448020   -0.698020 (VIOLATED)
_13824_/A1                              0.750000    1.448016   -0.698016 (VIOLATED)
fanout1242/X                            0.750000    1.447999   -0.697999 (VIOLATED)
_17425_/A1                              0.750000    1.447433   -0.697433 (VIOLATED)
_17681_/A1                              0.750000    1.447427   -0.697427 (VIOLATED)
_17552_/A1                              0.750000    1.447409   -0.697409 (VIOLATED)
_17816_/A1                              0.750000    1.447376   -0.697376 (VIOLATED)
_17915_/A0                              0.750000    1.447361   -0.697361 (VIOLATED)
_17948_/A0                              0.750000    1.447340   -0.697340 (VIOLATED)
_12891_/A3                              0.750000    1.446726   -0.696726 (VIOLATED)
_13135_/A1                              0.750000    1.446726   -0.696726 (VIOLATED)
_18049_/B2                              0.750000    1.446726   -0.696726 (VIOLATED)
_18326_/A1                              0.750000    1.446726   -0.696726 (VIOLATED)
fanout938/X                             0.750000    1.446726   -0.696726 (VIOLATED)
_17478_/A1                              0.750000    1.444452   -0.694452 (VIOLATED)
_17605_/B1                              0.750000    1.444363   -0.694363 (VIOLATED)
_17962_/A0                              0.750000    1.444127   -0.694127 (VIOLATED)
_17929_/A0                              0.750000    1.444097   -0.694097 (VIOLATED)
_18116_/A0                              0.750000    1.444013   -0.694013 (VIOLATED)
_19362_/A1                              0.750000    1.443936   -0.693936 (VIOLATED)
_19589_/A                               0.750000    1.443923   -0.693923 (VIOLATED)
_19369_/S                               0.750000    1.443916   -0.693916 (VIOLATED)
_19370_/S                               0.750000    1.443914   -0.693914 (VIOLATED)
_18151_/A0                              0.750000    1.443900   -0.693900 (VIOLATED)
_19603_/A1                              0.750000    1.443895   -0.693895 (VIOLATED)
_19606_/S                               0.750000    1.443845   -0.693845 (VIOLATED)
_19595_/S                               0.750000    1.443836   -0.693836 (VIOLATED)
_13149_/A1                              0.750000    1.443795   -0.693795 (VIOLATED)
_13081_/A3                              0.750000    1.443783   -0.693783 (VIOLATED)
_18092_/A1                              0.750000    1.443781   -0.693781 (VIOLATED)
_18407_/A1                              0.750000    1.443761   -0.693761 (VIOLATED)
fanout927/X                             0.750000    1.443756   -0.693756 (VIOLATED)
_19692_/S                               0.750000    1.443464   -0.693464 (VIOLATED)
_19700_/S                               0.750000    1.443412   -0.693412 (VIOLATED)
fanout1859/A                            0.750000    1.443409   -0.693409 (VIOLATED)
fanout1860/X                            0.750000    1.443394   -0.693394 (VIOLATED)
_13145_/A2                              0.750000    1.439693   -0.689693 (VIOLATED)
_13146_/A2                              0.750000    1.439683   -0.689683 (VIOLATED)
_13140_/A2                              0.750000    1.439661   -0.689661 (VIOLATED)
_13150_/A2                              0.750000    1.439605   -0.689605 (VIOLATED)
_13152_/A2                              0.750000    1.439530   -0.689530 (VIOLATED)
_13143_/A2                              0.750000    1.439385   -0.689385 (VIOLATED)
_13137_/A2                              0.750000    1.439336   -0.689336 (VIOLATED)
_13141_/A2                              0.750000    1.439314   -0.689314 (VIOLATED)
_13138_/A2                              0.750000    1.439067   -0.689067 (VIOLATED)
_13139_/A2                              0.750000    1.439036   -0.689036 (VIOLATED)
fanout426/X                             0.750000    1.439036   -0.689036 (VIOLATED)
_18052_/B1                              0.750000    1.438962   -0.688962 (VIOLATED)
_18100_/B1                              0.750000    1.438954   -0.688954 (VIOLATED)
_18094_/B1                              0.750000    1.438912   -0.688912 (VIOLATED)
_18064_/B1                              0.750000    1.438899   -0.688899 (VIOLATED)
_18082_/B1                              0.750000    1.438767   -0.688767 (VIOLATED)
_18076_/B1                              0.750000    1.438578   -0.688578 (VIOLATED)
_18067_/B1                              0.750000    1.438491   -0.688491 (VIOLATED)
_18055_/B1                              0.750000    1.438330   -0.688330 (VIOLATED)
_18004_/A2                              0.750000    1.437842   -0.687842 (VIOLATED)
_18008_/A2                              0.750000    1.437842   -0.687842 (VIOLATED)
fanout1143/X                            0.750000    1.437842   -0.687842 (VIOLATED)
_18049_/B1                              0.750000    1.431679   -0.681679 (VIOLATED)
_18053_/A2                              0.750000    1.431679   -0.681679 (VIOLATED)
_18101_/A2                              0.750000    1.431652   -0.681652 (VIOLATED)
_18095_/A2                              0.750000    1.431602   -0.681602 (VIOLATED)
_18065_/A2                              0.750000    1.431508   -0.681508 (VIOLATED)
_18083_/A2                              0.750000    1.431402   -0.681402 (VIOLATED)
_18079_/B1                              0.750000    1.431351   -0.681351 (VIOLATED)
_11972_/A2                              0.750000    1.431231   -0.681231 (VIOLATED)
_11979_/A1                              0.750000    1.431230   -0.681230 (VIOLATED)
_16345_/B                               0.750000    1.431160   -0.681160 (VIOLATED)
_14668_/A1                              0.750000    1.431108   -0.681108 (VIOLATED)
_14669_/A1                              0.750000    1.431096   -0.681096 (VIOLATED)
_18073_/B1                              0.750000    1.431081   -0.681081 (VIOLATED)
_18873_/A1                              0.750000    1.431054   -0.681054 (VIOLATED)
_18879_/B                               0.750000    1.431044   -0.681044 (VIOLATED)
_16306_/A2                              0.750000    1.431041   -0.681041 (VIOLATED)
_16310_/B                               0.750000    1.431041   -0.681041 (VIOLATED)
_18878_/A1                              0.750000    1.431035   -0.681035 (VIOLATED)
_18097_/B1                              0.750000    1.430917   -0.680917 (VIOLATED)
fanout2315/X                            0.750000    1.430661   -0.680661 (VIOLATED)
fanout737/A                             0.750000    1.430390   -0.680390 (VIOLATED)
fanout738/X                             0.750000    1.430390   -0.680390 (VIOLATED)
_12763_/B1                              0.750000    1.430356   -0.680356 (VIOLATED)
_12804_/B1                              0.750000    1.430357   -0.680357 (VIOLATED)
_12724_/A2                              0.750000    1.430349   -0.680349 (VIOLATED)
_13007_/A2                              0.750000    1.430343   -0.680343 (VIOLATED)
_12844_/B1                              0.750000    1.430342   -0.680342 (VIOLATED)
_12968_/B1                              0.750000    1.430341   -0.680341 (VIOLATED)
_12869_/A2                              0.750000    1.430338   -0.680338 (VIOLATED)
_12882_/B1                              0.750000    1.430338   -0.680338 (VIOLATED)
_12895_/B1                              0.750000    1.430338   -0.680338 (VIOLATED)
_12912_/A2                              0.750000    1.430338   -0.680338 (VIOLATED)
fanout1282/X                            0.750000    1.430338   -0.680338 (VIOLATED)
_12118_/B                               0.750000    1.428596   -0.678597 (VIOLATED)
_12149_/A_N                             0.750000    1.428593   -0.678593 (VIOLATED)
_12135_/A                               0.750000    1.428591   -0.678591 (VIOLATED)
_12128_/B                               0.750000    1.428541   -0.678541 (VIOLATED)
_12138_/B                               0.750000    1.428463   -0.678463 (VIOLATED)
_12047_/A                               0.750000    1.428399   -0.678399 (VIOLATED)
_12008_/A                               0.750000    1.428373   -0.678374 (VIOLATED)
_11985_/B                               0.750000    1.428362   -0.678362 (VIOLATED)
_09973_/A                               0.750000    1.427715   -0.677715 (VIOLATED)
_09979_/A                               0.750000    1.427694   -0.677694 (VIOLATED)
fanout1703/X                            0.750000    1.427689   -0.677689 (VIOLATED)
_10160_/C1                              0.750000    1.416999   -0.666999 (VIOLATED)
_10275_/C1                              0.750000    1.416983   -0.666983 (VIOLATED)
_10622_/C1                              0.750000    1.416915   -0.666915 (VIOLATED)
_10801_/C1                              0.750000    1.416895   -0.666895 (VIOLATED)
_10740_/C1                              0.750000    1.416842   -0.666842 (VIOLATED)
_10684_/C1                              0.750000    1.416827   -0.666827 (VIOLATED)
_11560_/A1                              0.750000    1.416821   -0.666821 (VIOLATED)
_11558_/C1                              0.750000    1.416818   -0.666818 (VIOLATED)
_11854_/C1                              0.750000    1.416813   -0.666813 (VIOLATED)
_11972_/C1                              0.750000    1.416776   -0.666776 (VIOLATED)
fanout1474/X                            0.750000    1.416771   -0.666771 (VIOLATED)
_16969_/B_N                             0.750000    1.407818   -0.657818 (VIOLATED)
_17002_/B                               0.750000    1.407813   -0.657813 (VIOLATED)
fanout2305/A                            0.750000    1.407773   -0.657773 (VIOLATED)
_16698_/B                               0.750000    1.407725   -0.657725 (VIOLATED)
_18272_/A0                              0.750000    1.406954   -0.656954 (VIOLATED)
_19516_/A1                              0.750000    1.406903   -0.656903 (VIOLATED)
fanout2306/X                            0.750000    1.406903   -0.656903 (VIOLATED)
_15246_/A1                              0.750000    1.404905   -0.654905 (VIOLATED)
_14683_/A                               0.750000    1.404904   -0.654904 (VIOLATED)
_15022_/A                               0.750000    1.404902   -0.654902 (VIOLATED)
_13600_/A2                              0.750000    1.404875   -0.654875 (VIOLATED)
_13599_/C                               0.750000    1.404873   -0.654873 (VIOLATED)
_13598_/B                               0.750000    1.404814   -0.654814 (VIOLATED)
_13649_/A2                              0.750000    1.404812   -0.654812 (VIOLATED)
_13921_/A                               0.750000    1.404806   -0.654807 (VIOLATED)
_13992_/B1                              0.750000    1.404804   -0.654804 (VIOLATED)
_13840_/A                               0.750000    1.404721   -0.654721 (VIOLATED)
fanout1254/X                            0.750000    1.404718   -0.654718 (VIOLATED)
_19081_/A1                              0.750000    1.401812   -0.651812 (VIOLATED)
_19062_/B1                              0.750000    1.401764   -0.651764 (VIOLATED)
_19068_/A1                              0.750000    1.401762   -0.651762 (VIOLATED)
_12306_/A2                              0.750000    1.401584   -0.651584 (VIOLATED)
_12569_/A2                              0.750000    1.401528   -0.651528 (VIOLATED)
_12099_/A1                              0.750000    1.401518   -0.651519 (VIOLATED)
_12307_/A                               0.750000    1.401458   -0.651458 (VIOLATED)
_12300_/A                               0.750000    1.401440   -0.651440 (VIOLATED)
_12303_/A                               0.750000    1.401439   -0.651439 (VIOLATED)
_12308_/A                               0.750000    1.401433   -0.651433 (VIOLATED)
fanout881/X                             0.750000    1.401429   -0.651429 (VIOLATED)
_18081_/A2                              0.750000    1.399479   -0.649479 (VIOLATED)
_18084_/A2                              0.750000    1.399473   -0.649473 (VIOLATED)
_18066_/A2                              0.750000    1.399472   -0.649472 (VIOLATED)
_18096_/A2                              0.750000    1.399404   -0.649404 (VIOLATED)
_18102_/A2                              0.750000    1.399265   -0.649265 (VIOLATED)
_18054_/A2                              0.750000    1.399231   -0.649231 (VIOLATED)
_18051_/A2                              0.750000    1.399192   -0.649192 (VIOLATED)
_18075_/A2                              0.750000    1.398974   -0.648974 (VIOLATED)
_18060_/A2                              0.750000    1.398898   -0.648898 (VIOLATED)
_18057_/A2                              0.750000    1.398890   -0.648890 (VIOLATED)
fanout384/X                             0.750000    1.398870   -0.648871 (VIOLATED)
_12904_/A2                              0.750000    1.394644   -0.644644 (VIOLATED)
_12891_/A2                              0.750000    1.394631   -0.644631 (VIOLATED)
_13125_/A2                              0.750000    1.394588   -0.644588 (VIOLATED)
_13095_/A2                              0.750000    1.394552   -0.644552 (VIOLATED)
_12960_/A2                              0.750000    1.394503   -0.644503 (VIOLATED)
_13041_/A2                              0.750000    1.394364   -0.644364 (VIOLATED)
_13028_/A2                              0.750000    1.394175   -0.644175 (VIOLATED)
_13111_/A2                              0.750000    1.393891   -0.643891 (VIOLATED)
fanout430/A                             0.750000    1.393343   -0.643343 (VIOLATED)
fanout431/X                             0.750000    1.393343   -0.643343 (VIOLATED)
_18450_/A                               0.750000    1.391484   -0.641485 (VIOLATED)
_10339_/A                               0.750000    1.391428   -0.641428 (VIOLATED)
_10802_/A1                              0.750000    1.391391   -0.641391 (VIOLATED)
_11973_/A1                              0.750000    1.391352   -0.641352 (VIOLATED)
_10741_/A1                              0.750000    1.391316   -0.641316 (VIOLATED)
fanout1807/A                            0.750000    1.391131   -0.641131 (VIOLATED)
fanout1808/X                            0.750000    1.390745   -0.640745 (VIOLATED)
_18077_/A1                              0.750000    1.384804   -0.634804 (VIOLATED)
_13014_/A3                              0.750000    1.384803   -0.634803 (VIOLATED)
_17459_/A1                              0.750000    1.384800   -0.634800 (VIOLATED)
_18379_/A1                              0.750000    1.384797   -0.634797 (VIOLATED)
_17924_/A0                              0.750000    1.384795   -0.634795 (VIOLATED)
_18146_/A0                              0.750000    1.384785   -0.634785 (VIOLATED)
_17584_/A1                              0.750000    1.384783   -0.634783 (VIOLATED)
_13144_/A1                              0.750000    1.384756   -0.634756 (VIOLATED)
_17957_/A0                              0.750000    1.384741   -0.634741 (VIOLATED)
_18111_/A0                              0.750000    1.384741   -0.634741 (VIOLATED)
fanout931/X                             0.750000    1.384741   -0.634741 (VIOLATED)
_18380_/A2                              0.750000    1.383256   -0.633256 (VIOLATED)
_18425_/A2                              0.750000    1.383227   -0.633227 (VIOLATED)
_18357_/A2                              0.750000    1.383221   -0.633221 (VIOLATED)
_18374_/A2                              0.750000    1.383183   -0.633183 (VIOLATED)
fanout362/A                             0.750000    1.382931   -0.632932 (VIOLATED)
_18226_/A2                              0.750000    1.382895   -0.632895 (VIOLATED)
_18241_/A2                              0.750000    1.382887   -0.632887 (VIOLATED)
fanout363/X                             0.750000    1.382795   -0.632795 (VIOLATED)
_17470_/A1                              0.750000    1.382414   -0.632414 (VIOLATED)
_17598_/A1                              0.750000    1.382389   -0.632389 (VIOLATED)
_13147_/A1                              0.750000    1.382370   -0.632370 (VIOLATED)
_13055_/A3                              0.750000    1.382369   -0.632369 (VIOLATED)
_18086_/A1                              0.750000    1.382370   -0.632370 (VIOLATED)
_18396_/A1                              0.750000    1.382365   -0.632365 (VIOLATED)
_18149_/A0                              0.750000    1.382362   -0.632362 (VIOLATED)
_17960_/A0                              0.750000    1.382359   -0.632359 (VIOLATED)
_17927_/A0                              0.750000    1.382358   -0.632358 (VIOLATED)
_18114_/A0                              0.750000    1.382322   -0.632322 (VIOLATED)
fanout1021/X                            0.750000    1.382320   -0.632320 (VIOLATED)
_18516_/A1                              0.750000    1.378319   -0.628319 (VIOLATED)
ANTENNA_57/DIODE                        0.750000    1.378315   -0.628315 (VIOLATED)
_18848_/A1                              0.750000    1.378312   -0.628312 (VIOLATED)
ANTENNA_58/DIODE                        0.750000    1.378298   -0.628298 (VIOLATED)
_11735_/A2                              0.750000    1.377551   -0.627551 (VIOLATED)
_11731_/A2                              0.750000    1.376999   -0.626999 (VIOLATED)
_11729_/Y                               0.750000    1.376050   -0.626050 (VIOLATED)
_15505_/C1                              0.750000    1.370663   -0.620663 (VIOLATED)
_15601_/B1                              0.750000    1.370657   -0.620657 (VIOLATED)
_16075_/C1                              0.750000    1.370657   -0.620657 (VIOLATED)
_16164_/B1                              0.750000    1.370648   -0.620648 (VIOLATED)
_15890_/B1                              0.750000    1.370640   -0.620640 (VIOLATED)
_15700_/B1                              0.750000    1.370622   -0.620622 (VIOLATED)
_16343_/B1                              0.750000    1.370582   -0.620582 (VIOLATED)
_15918_/A1                              0.750000    1.370264   -0.620264 (VIOLATED)
_16024_/A2                              0.750000    1.370263   -0.620263 (VIOLATED)
_16020_/A2                              0.750000    1.370251   -0.620251 (VIOLATED)
_15658_/B                               0.750000    1.370240   -0.620240 (VIOLATED)
_17541_/A1                              0.750000    1.370216   -0.620216 (VIOLATED)
_15467_/B                               0.750000    1.370214   -0.620214 (VIOLATED)
_17413_/A1                              0.750000    1.370208   -0.620208 (VIOLATED)
_17667_/A1                              0.750000    1.370198   -0.620198 (VIOLATED)
_15374_/B1                              0.750000    1.370146   -0.620146 (VIOLATED)
fanout1323/A                            0.750000    1.370131   -0.620131 (VIOLATED)
fanout1324/A                            0.750000    1.370088   -0.620088 (VIOLATED)
_14873_/B1                              0.750000    1.370077   -0.620077 (VIOLATED)
fanout1325/X                            0.750000    1.370077   -0.620077 (VIOLATED)
_18210_/A                               0.750000    1.370037   -0.620037 (VIOLATED)
_15169_/B1                              0.750000    1.370009   -0.620009 (VIOLATED)
_14592_/B1                              0.750000    1.369626   -0.619626 (VIOLATED)
_14492_/C                               0.750000    1.369572   -0.619572 (VIOLATED)
_14490_/A2                              0.750000    1.369561   -0.619561 (VIOLATED)
_18305_/A1                              0.750000    1.369474   -0.619474 (VIOLATED)
_12851_/A3                              0.750000    1.369471   -0.619471 (VIOLATED)
_18040_/B2                              0.750000    1.369468   -0.619468 (VIOLATED)
_18134_/A0                              0.750000    1.369461   -0.619461 (VIOLATED)
_13132_/A1                              0.750000    1.369447   -0.619447 (VIOLATED)
_17945_/A0                              0.750000    1.369434   -0.619435 (VIOLATED)
fanout940/X                             0.750000    1.369434   -0.619435 (VIOLATED)
fanout1215/X                            0.750000    1.369160   -0.619160 (VIOLATED)
_15843_/A                               0.750000    1.362145   -0.612145 (VIOLATED)
_15744_/A                               0.750000    1.362143   -0.612143 (VIOLATED)
_15658_/A                               0.750000    1.362142   -0.612142 (VIOLATED)
_15563_/B                               0.750000    1.362132   -0.612132 (VIOLATED)
_15925_/B                               0.750000    1.362091   -0.612091 (VIOLATED)
_15362_/B                               0.750000    1.362087   -0.612087 (VIOLATED)
_15256_/B                               0.750000    1.362068   -0.612068 (VIOLATED)
_14336_/B                               0.750000    1.361996   -0.611996 (VIOLATED)
_14685_/B                               0.750000    1.361996   -0.611996 (VIOLATED)
_14684_/B1                              0.750000    1.361993   -0.611993 (VIOLATED)
fanout1157/X                            0.750000    1.361648   -0.611648 (VIOLATED)
_16284_/A2                              0.750000    1.361315   -0.611315 (VIOLATED)
_18921_/A2                              0.750000    1.361315   -0.611315 (VIOLATED)
_15926_/B1                              0.750000    1.361296   -0.611296 (VIOLATED)
_15845_/D                               0.750000    1.361186   -0.611186 (VIOLATED)
_15571_/C                               0.750000    1.361108   -0.611108 (VIOLATED)
_15059_/C                               0.750000    1.360966   -0.610966 (VIOLATED)
_15381_/C                               0.750000    1.360965   -0.610965 (VIOLATED)
_14848_/C                               0.750000    1.360942   -0.610942 (VIOLATED)
_14798_/B                               0.750000    1.360905   -0.610905 (VIOLATED)
_14892_/A2                              0.750000    1.360887   -0.610887 (VIOLATED)
fanout1204/X                            0.750000    1.360876   -0.610876 (VIOLATED)
_18274_/A1                              0.750000    1.359147   -0.609147 (VIOLATED)
_18282_/A1                              0.750000    1.359144   -0.609144 (VIOLATED)
_18294_/B1                              0.750000    1.359115   -0.609115 (VIOLATED)
_18290_/A1                              0.750000    1.359111   -0.609111 (VIOLATED)
_18301_/B1                              0.750000    1.359075   -0.609075 (VIOLATED)
_18325_/A1                              0.750000    1.359064   -0.609064 (VIOLATED)
_18314_/B1                              0.750000    1.359064   -0.609064 (VIOLATED)
_18308_/B1                              0.750000    1.359053   -0.609053 (VIOLATED)
_12182_/A                               0.750000    1.358858   -0.608858 (VIOLATED)
_12372_/B                               0.750000    1.358858   -0.608858 (VIOLATED)
fanout1589/X                            0.750000    1.358858   -0.608858 (VIOLATED)
_14087_/A                               0.750000    1.353509   -0.603509 (VIOLATED)
_14274_/A                               0.750000    1.353446   -0.603446 (VIOLATED)
_14481_/A1                              0.750000    1.352990   -0.602990 (VIOLATED)
_14479_/A                               0.750000    1.352989   -0.602989 (VIOLATED)
_14591_/A                               0.750000    1.352954   -0.602954 (VIOLATED)
_14954_/A                               0.750000    1.352875   -0.602875 (VIOLATED)
_14712_/A                               0.750000    1.352863   -0.602863 (VIOLATED)
_15058_/A                               0.750000    1.352863   -0.602863 (VIOLATED)
_15060_/A                               0.750000    1.352863   -0.602863 (VIOLATED)
_15176_/B2                              0.750000    1.352863   -0.602863 (VIOLATED)
fanout1249/X                            0.750000    1.352863   -0.602863 (VIOLATED)
fanout2468/A                            0.750000    1.351208   -0.601208 (VIOLATED)
fanout2439/A                            0.750000    1.351125   -0.601125 (VIOLATED)
fanout2447/A                            0.750000    1.351097   -0.601097 (VIOLATED)
fanout2401/A                            0.750000    1.351050   -0.601050 (VIOLATED)
fanout2399/A                            0.750000    1.351034   -0.601034 (VIOLATED)
fanout2403/A                            0.750000    1.350979   -0.600980 (VIOLATED)
fanout2398/A                            0.750000    1.350968   -0.600968 (VIOLATED)
fanout2469/X                            0.750000    1.350965   -0.600965 (VIOLATED)
_12172_/A1                              0.750000    1.349447   -0.599447 (VIOLATED)
_12080_/B                               0.750000    1.349420   -0.599420 (VIOLATED)
_12373_/A1                              0.750000    1.349413   -0.599413 (VIOLATED)
_17893_/A                               0.750000    1.349410   -0.599410 (VIOLATED)
_09877_/A                               0.750000    1.349404   -0.599404 (VIOLATED)
_18603_/A2                              0.750000    1.349397   -0.599397 (VIOLATED)
fanout2316/A                            0.750000    1.349058   -0.599058 (VIOLATED)
fanout2317/X                            0.750000    1.349058   -0.599058 (VIOLATED)
_15612_/C1                              0.750000    1.344499   -0.594499 (VIOLATED)
fanout1471/A                            0.750000    1.343986   -0.593986 (VIOLATED)
_13541_/A                               0.750000    1.343890   -0.593890 (VIOLATED)
_14041_/C1                              0.750000    1.343890   -0.593890 (VIOLATED)
_14220_/C1                              0.750000    1.343884   -0.593884 (VIOLATED)
_14128_/C1                              0.750000    1.343863   -0.593863 (VIOLATED)
fanout1469/A                            0.750000    1.343811   -0.593811 (VIOLATED)
fanout1472/X                            0.750000    1.343811   -0.593811 (VIOLATED)
_18062_/B1                              0.750000    1.343432   -0.593432 (VIOLATED)
_18071_/B1                              0.750000    1.343429   -0.593429 (VIOLATED)
_18092_/B1                              0.750000    1.343403   -0.593403 (VIOLATED)
_18086_/B1                              0.750000    1.343389   -0.593389 (VIOLATED)
_18089_/B1                              0.750000    1.343310   -0.593310 (VIOLATED)
_18077_/B1                              0.750000    1.343268   -0.593268 (VIOLATED)
_18068_/B1                              0.750000    1.343249   -0.593249 (VIOLATED)
_18056_/B1                              0.750000    1.342676   -0.592676 (VIOLATED)
_18059_/B1                              0.750000    1.342637   -0.592637 (VIOLATED)
_18008_/B1                              0.750000    1.342617   -0.592617 (VIOLATED)
fanout319/X                             0.750000    1.342612   -0.592612 (VIOLATED)
_17545_/A1                              0.750000    1.339216   -0.589216 (VIOLATED)
_17417_/A1                              0.750000    1.339214   -0.589214 (VIOLATED)
_18044_/A1                              0.750000    1.339187   -0.589187 (VIOLATED)
_12864_/A3                              0.750000    1.339185   -0.589185 (VIOLATED)
_18312_/A1                              0.750000    1.339182   -0.589182 (VIOLATED)
_13133_/A1                              0.750000    1.339179   -0.589179 (VIOLATED)
_17946_/A0                              0.750000    1.339170   -0.589170 (VIOLATED)
_18135_/A0                              0.750000    1.339167   -0.589167 (VIOLATED)
_17913_/A0                              0.750000    1.339153   -0.589153 (VIOLATED)
_13292_/A0                              0.750000    1.339150   -0.589150 (VIOLATED)
fanout716/X                             0.750000    1.339150   -0.589150 (VIOLATED)
_13047_/B1                              0.750000    1.335898   -0.585898 (VIOLATED)
_12981_/B1                              0.750000    1.335857   -0.585857 (VIOLATED)
_12951_/B1                              0.750000    1.335374   -0.585374 (VIOLATED)
_12965_/B1                              0.750000    1.335373   -0.585373 (VIOLATED)
_12938_/B1                              0.750000    1.335289   -0.585289 (VIOLATED)
_12885_/B1                              0.750000    1.335284   -0.585284 (VIOLATED)
_13099_/B1                              0.750000    1.335277   -0.585277 (VIOLATED)
_12913_/B1                              0.750000    1.335271   -0.585271 (VIOLATED)
_12926_/B1                              0.750000    1.335185   -0.585185 (VIOLATED)
_13116_/B1                              0.750000    1.335185   -0.585185 (VIOLATED)
fanout1279/X                            0.750000    1.335185   -0.585185 (VIOLATED)
_12484_/B1                              0.750000    1.330794   -0.580794 (VIOLATED)
_12489_/B1                              0.750000    1.330791   -0.580791 (VIOLATED)
_12505_/B1                              0.750000    1.330766   -0.580766 (VIOLATED)
_12531_/B1                              0.750000    1.330739   -0.580739 (VIOLATED)
_12515_/B1                              0.750000    1.330626   -0.580627 (VIOLATED)
_12520_/B1                              0.750000    1.330586   -0.580586 (VIOLATED)
_12494_/B1                              0.750000    1.330390   -0.580390 (VIOLATED)
_12548_/B1                              0.750000    1.330343   -0.580343 (VIOLATED)
_12558_/B1                              0.750000    1.329837   -0.579837 (VIOLATED)
_12510_/B1                              0.750000    1.329823   -0.579823 (VIOLATED)
fanout1029/X                            0.750000    1.329823   -0.579823 (VIOLATED)
_13089_/A2                              0.750000    1.327682   -0.577682 (VIOLATED)
_13075_/A2                              0.750000    1.327639   -0.577639 (VIOLATED)
_12913_/A2                              0.750000    1.327610   -0.577610 (VIOLATED)
fanout1345/A                            0.750000    1.327610   -0.577610 (VIOLATED)
_12852_/S                               0.750000    1.327512   -0.577512 (VIOLATED)
_12926_/A2                              0.750000    1.327505   -0.577505 (VIOLATED)
_12838_/S                               0.750000    1.327500   -0.577501 (VIOLATED)
_12814_/S                               0.750000    1.327494   -0.577494 (VIOLATED)
_12826_/S                               0.750000    1.327475   -0.577475 (VIOLATED)
_12990_/B1                              0.750000    1.327439   -0.577439 (VIOLATED)
_12799_/S                               0.750000    1.327426   -0.577426 (VIOLATED)
_12131_/B                               0.750000    1.327402   -0.577402 (VIOLATED)
_12845_/A2                              0.750000    1.327390   -0.577390 (VIOLATED)
fanout1346/X                            0.750000    1.327386   -0.577386 (VIOLATED)
_12784_/S                               0.750000    1.327369   -0.577369 (VIOLATED)
_12771_/S                               0.750000    1.327333   -0.577333 (VIOLATED)
_12757_/S                               0.750000    1.327276   -0.577276 (VIOLATED)
_12716_/S                               0.750000    1.327136   -0.577136 (VIOLATED)
_12683_/S                               0.750000    1.326713   -0.576713 (VIOLATED)
fanout1090/X                            0.750000    1.326713   -0.576713 (VIOLATED)
_13049_/A2                              0.750000    1.325629   -0.575629 (VIOLATED)
_13009_/A2                              0.750000    1.325627   -0.575627 (VIOLATED)
_12982_/A2                              0.750000    1.325613   -0.575613 (VIOLATED)
_12934_/B                               0.750000    1.325595   -0.575595 (VIOLATED)
_12808_/A2                              0.750000    1.325584   -0.575584 (VIOLATED)
_13126_/A                               0.750000    1.325584   -0.575584 (VIOLATED)
_12922_/A2                              0.750000    1.325580   -0.575580 (VIOLATED)
_12123_/A                               0.750000    1.325571   -0.575571 (VIOLATED)
_12884_/A2                              0.750000    1.325568   -0.575568 (VIOLATED)
_13245_/A2                              0.750000    1.325568   -0.575568 (VIOLATED)
fanout1348/X                            0.750000    1.325568   -0.575568 (VIOLATED)
_16018_/A1                              0.750000    1.324884   -0.574884 (VIOLATED)
_15836_/A                               0.750000    1.324880   -0.574880 (VIOLATED)
_16019_/A                               0.750000    1.324879   -0.574879 (VIOLATED)
_15743_/B                               0.750000    1.324870   -0.574870 (VIOLATED)
_15659_/B1                              0.750000    1.324844   -0.574844 (VIOLATED)
_15565_/B                               0.750000    1.324794   -0.574794 (VIOLATED)
_15375_/B                               0.750000    1.324752   -0.574752 (VIOLATED)
_15270_/B                               0.750000    1.324689   -0.574689 (VIOLATED)
_14712_/B                               0.750000    1.324510   -0.574510 (VIOLATED)
_14491_/B                               0.750000    1.324416   -0.574416 (VIOLATED)
fanout1216/X                            0.750000    1.324402   -0.574402 (VIOLATED)
_19417_/A1                              0.750000    1.321677   -0.571677 (VIOLATED)
_19430_/B                               0.750000    1.321663   -0.571663 (VIOLATED)
_19427_/A                               0.750000    1.321659   -0.571659 (VIOLATED)
_19473_/A                               0.750000    1.321251   -0.571251 (VIOLATED)
_19433_/A                               0.750000    1.321224   -0.571224 (VIOLATED)
_19416_/A                               0.750000    1.321216   -0.571216 (VIOLATED)
_19541_/A1                              0.750000    1.321213   -0.571214 (VIOLATED)
_19474_/A                               0.750000    1.321209   -0.571209 (VIOLATED)
_19578_/A                               0.750000    1.321208   -0.571208 (VIOLATED)
_19662_/C1                              0.750000    1.321208   -0.571208 (VIOLATED)
fanout1537/X                            0.750000    1.321208   -0.571208 (VIOLATED)
_18056_/A1                              0.750000    1.320267   -0.570267 (VIOLATED)
_13137_/A1                              0.750000    1.320263   -0.570263 (VIOLATED)
_12918_/A3                              0.750000    1.320259   -0.570259 (VIOLATED)
_17950_/A0                              0.750000    1.320248   -0.570248 (VIOLATED)
_18339_/A1                              0.750000    1.320240   -0.570240 (VIOLATED)
_17690_/B1                              0.750000    1.320172   -0.570172 (VIOLATED)
_17433_/A1                              0.750000    1.320171   -0.570171 (VIOLATED)
_17560_/A1                              0.750000    1.320163   -0.570163 (VIOLATED)
_17917_/A0                              0.750000    1.320163   -0.570163 (VIOLATED)
_18104_/A0                              0.750000    1.319824   -0.569824 (VIOLATED)
fanout1022/X                            0.750000    1.319824   -0.569824 (VIOLATED)
_19413_/A1                              0.750000    1.318669   -0.568669 (VIOLATED)
_19547_/A2                              0.750000    1.318644   -0.568644 (VIOLATED)
_19467_/A1                              0.750000    1.318621   -0.568621 (VIOLATED)
_19610_/B                               0.750000    1.318596   -0.568596 (VIOLATED)
ANTENNA_108/DIODE                       0.750000    1.318593   -0.568593 (VIOLATED)
_19540_/B1                              0.750000    1.318538   -0.568538 (VIOLATED)
_19543_/A1                              0.750000    1.318537   -0.568537 (VIOLATED)
_10555_/B1                              0.750000    1.318500   -0.568500 (VIOLATED)
_19567_/A1                              0.750000    1.318500   -0.568500 (VIOLATED)
max_cap1601/A                           0.750000    1.318492   -0.568492 (VIOLATED)
_10923_/B2                              0.750000    1.318465   -0.568465 (VIOLATED)
_10149_/Y                               0.750000    1.318452   -0.568452 (VIOLATED)
fanout1538/A                            0.750000    1.318343   -0.568343 (VIOLATED)
fanout1539/A                            0.750000    1.318329   -0.568329 (VIOLATED)
fanout1540/X                            0.750000    1.318327   -0.568327 (VIOLATED)
_15917_/A2                              0.750000    1.317614   -0.567614 (VIOLATED)
_16003_/A2                              0.750000    1.317612   -0.567612 (VIOLATED)
_15839_/B                               0.750000    1.317612   -0.567612 (VIOLATED)
_15918_/A2                              0.750000    1.317606   -0.567607 (VIOLATED)
_15552_/B                               0.750000    1.317568   -0.567568 (VIOLATED)
_15645_/D                               0.750000    1.317559   -0.567559 (VIOLATED)
_16190_/A1                              0.750000    1.317381   -0.567381 (VIOLATED)
_16284_/A1                              0.750000    1.317287   -0.567287 (VIOLATED)
_16278_/A1                              0.750000    1.317252   -0.567252 (VIOLATED)
_14664_/B                               0.750000    1.317013   -0.567013 (VIOLATED)
fanout1152/X                            0.750000    1.316999   -0.566999 (VIOLATED)
fanout2280/A                            0.750000    1.313254   -0.563254 (VIOLATED)
fanout2274/A                            0.750000    1.313236   -0.563236 (VIOLATED)
fanout2276/A                            0.750000    1.313236   -0.563236 (VIOLATED)
fanout2273/A                            0.750000    1.313071   -0.563071 (VIOLATED)
_11687_/A2                              0.750000    1.312975   -0.562975 (VIOLATED)
_11868_/A2                              0.750000    1.312880   -0.562880 (VIOLATED)
fanout1758/A                            0.750000    1.312878   -0.562878 (VIOLATED)
fanout2265/A                            0.750000    1.312685   -0.562685 (VIOLATED)
fanout2282/X                            0.750000    1.312681   -0.562681 (VIOLATED)
wire1763/A                              0.750000    1.312516   -0.562516 (VIOLATED)
_10756_/B1                              0.750000    1.312510   -0.562510 (VIOLATED)
fanout1761/X                            0.750000    1.312510   -0.562510 (VIOLATED)
_18076_/A2                              0.750000    1.309262   -0.559262 (VIOLATED)
_18067_/A2                              0.750000    1.309257   -0.559257 (VIOLATED)
_18079_/A2                              0.750000    1.309224   -0.559224 (VIOLATED)
_18082_/A2                              0.750000    1.309187   -0.559187 (VIOLATED)
_18064_/A2                              0.750000    1.309115   -0.559115 (VIOLATED)
_18094_/A2                              0.750000    1.309083   -0.559083 (VIOLATED)
_18100_/A2                              0.750000    1.308921   -0.558921 (VIOLATED)
_17436_/A1                              0.750000    1.308914   -0.558914 (VIOLATED)
_18105_/A0                              0.750000    1.308845   -0.558845 (VIOLATED)
_18140_/A0                              0.750000    1.308826   -0.558826 (VIOLATED)
_18202_/A1                              0.750000    1.308820   -0.558820 (VIOLATED)
_17918_/A0                              0.750000    1.308819   -0.558819 (VIOLATED)
_17951_/A0                              0.750000    1.308817   -0.558817 (VIOLATED)
_12932_/A3                              0.750000    1.308815   -0.558815 (VIOLATED)
_13138_/A1                              0.750000    1.308815   -0.558815 (VIOLATED)
_18058_/B2                              0.750000    1.308815   -0.558815 (VIOLATED)
_18345_/A1                              0.750000    1.308815   -0.558815 (VIOLATED)
fanout936/X                             0.750000    1.308815   -0.558815 (VIOLATED)
_18052_/A2                              0.750000    1.308380   -0.558380 (VIOLATED)
_18049_/A2                              0.750000    1.308333   -0.558333 (VIOLATED)
_18073_/A2                              0.750000    1.308242   -0.558242 (VIOLATED)
fanout992/X                             0.750000    1.308242   -0.558242 (VIOLATED)
_12941_/A1                              0.750000    1.305391   -0.555391 (VIOLATED)
_13009_/B1                              0.750000    1.305374   -0.555374 (VIOLATED)
_13036_/B1                              0.750000    1.305351   -0.555351 (VIOLATED)
_13077_/A1                              0.750000    1.305344   -0.555344 (VIOLATED)
_13090_/A1                              0.750000    1.305297   -0.555297 (VIOLATED)
_13023_/A1                              0.750000    1.305295   -0.555295 (VIOLATED)
_12955_/A1                              0.750000    1.305253   -0.555253 (VIOLATED)
_12969_/A1                              0.750000    1.305196   -0.555196 (VIOLATED)
_12996_/B2                              0.750000    1.305109   -0.555109 (VIOLATED)
fanout1173/A                            0.750000    1.304994   -0.554994 (VIOLATED)
fanout1174/X                            0.750000    1.304994   -0.554994 (VIOLATED)
_18091_/A2                              0.750000    1.297921   -0.547921 (VIOLATED)
_18097_/A2                              0.750000    1.297877   -0.547877 (VIOLATED)
fanout992/A                             0.750000    1.297845   -0.547845 (VIOLATED)
fanout991/A                             0.750000    1.297668   -0.547668 (VIOLATED)
fanout990/A                             0.750000    1.297341   -0.547341 (VIOLATED)
fanout993/X                             0.750000    1.297337   -0.547337 (VIOLATED)
_12828_/A2                              0.750000    1.291445   -0.541445 (VIOLATED)
_12815_/A2                              0.750000    1.291439   -0.541439 (VIOLATED)
_12176_/A2                              0.750000    1.291295   -0.541295 (VIOLATED)
_12363_/C                               0.750000    1.291214   -0.541214 (VIOLATED)
_17885_/A2                              0.750000    1.291208   -0.541208 (VIOLATED)
_12058_/B                               0.750000    1.291157   -0.541157 (VIOLATED)
_12855_/A2                              0.750000    1.291017   -0.541017 (VIOLATED)
_12064_/A_N                             0.750000    1.290804   -0.540804 (VIOLATED)
_15743_/A                               0.750000    1.290804   -0.540804 (VIOLATED)
_15745_/A2                              0.750000    1.290795   -0.540795 (VIOLATED)
_16101_/A                               0.750000    1.290785   -0.540785 (VIOLATED)
_16009_/A                               0.750000    1.290781   -0.540781 (VIOLATED)
_14436_/A                               0.750000    1.290781   -0.540781 (VIOLATED)
_12990_/A2                              0.750000    1.290756   -0.540756 (VIOLATED)
_15456_/B                               0.750000    1.290722   -0.540722 (VIOLATED)
_13244_/A2                              0.750000    1.290699   -0.540699 (VIOLATED)
_15365_/B                               0.750000    1.290645   -0.540645 (VIOLATED)
_15361_/B                               0.750000    1.290609   -0.540609 (VIOLATED)
_14438_/B                               0.750000    1.290399   -0.540399 (VIOLATED)
_14437_/B                               0.750000    1.290398   -0.540398 (VIOLATED)
fanout1464/X                            0.750000    1.290303   -0.540303 (VIOLATED)
fanout1217/X                            0.750000    1.290030   -0.540030 (VIOLATED)
_14387_/A                               0.750000    1.290006   -0.540006 (VIOLATED)
_14388_/A                               0.750000    1.289993   -0.539993 (VIOLATED)
fanout1261/A                            0.750000    1.289970   -0.539970 (VIOLATED)
_13770_/A1                              0.750000    1.289824   -0.539824 (VIOLATED)
_13648_/A                               0.750000    1.289811   -0.539811 (VIOLATED)
_13647_/A                               0.750000    1.289778   -0.539778 (VIOLATED)
_13526_/A                               0.750000    1.289665   -0.539665 (VIOLATED)
_13651_/A2                              0.750000    1.289644   -0.539645 (VIOLATED)
_13527_/B                               0.750000    1.289630   -0.539630 (VIOLATED)
fanout1262/X                            0.750000    1.289630   -0.539630 (VIOLATED)
_12521_/A2                              0.750000    1.288036   -0.538036 (VIOLATED)
_12527_/A2                              0.750000    1.288033   -0.538033 (VIOLATED)
_12495_/A2                              0.750000    1.288011   -0.538011 (VIOLATED)
_12549_/A2                              0.750000    1.287968   -0.537968 (VIOLATED)
_12474_/A2                              0.750000    1.287959   -0.537959 (VIOLATED)
_12468_/A2                              0.750000    1.287954   -0.537954 (VIOLATED)
_12559_/A2                              0.750000    1.287943   -0.537943 (VIOLATED)
_12501_/A2                              0.750000    1.287905   -0.537905 (VIOLATED)
_12511_/A2                              0.750000    1.287893   -0.537893 (VIOLATED)
_12480_/A2                              0.750000    1.287882   -0.537882 (VIOLATED)
fanout1112/X                            0.750000    1.287882   -0.537882 (VIOLATED)
_18397_/A2                              0.750000    1.284806   -0.534806 (VIOLATED)
_18403_/A2                              0.750000    1.284779   -0.534779 (VIOLATED)
_18391_/A2                              0.750000    1.284755   -0.534755 (VIOLATED)
_18408_/A2                              0.750000    1.284683   -0.534683 (VIOLATED)
_18386_/A2                              0.750000    1.284644   -0.534644 (VIOLATED)
_18363_/A2                              0.750000    1.284117   -0.534117 (VIOLATED)
_18352_/A2                              0.750000    1.283994   -0.533994 (VIOLATED)
_18340_/A2                              0.750000    1.283943   -0.533943 (VIOLATED)
_18346_/A2                              0.750000    1.283888   -0.533888 (VIOLATED)
_18369_/A2                              0.750000    1.283888   -0.533888 (VIOLATED)
fanout364/X                             0.750000    1.283888   -0.533888 (VIOLATED)
_14689_/A                               0.750000    1.283504   -0.533504 (VIOLATED)
_14921_/A                               0.750000    1.283496   -0.533496 (VIOLATED)
_15025_/A                               0.750000    1.283474   -0.533474 (VIOLATED)
_15540_/A1                              0.750000    1.283433   -0.533433 (VIOLATED)
_15541_/A1                              0.750000    1.283433   -0.533433 (VIOLATED)
_15542_/A                               0.750000    1.283432   -0.533433 (VIOLATED)
_15638_/A1                              0.750000    1.283427   -0.533428 (VIOLATED)
_15350_/A                               0.750000    1.283426   -0.533426 (VIOLATED)
_13849_/A2                              0.750000    1.283237   -0.533237 (VIOLATED)
_16374_/S                               0.750000    1.283104   -0.533104 (VIOLATED)
_13774_/B                               0.750000    1.282885   -0.532885 (VIOLATED)
fanout1162/X                            0.750000    1.282885   -0.532885 (VIOLATED)
_16383_/S                               0.750000    1.282246   -0.532246 (VIOLATED)
ANTENNA_1/DIODE                         0.750000    1.282217   -0.532217 (VIOLATED)
_16389_/S                               0.750000    1.281774   -0.531774 (VIOLATED)
_14665_/B2                              0.750000    1.281586   -0.531586 (VIOLATED)
_14545_/B1                              0.750000    1.281582   -0.531582 (VIOLATED)
_14336_/A                               0.750000    1.281577   -0.531577 (VIOLATED)
_13686_/A                               0.750000    1.281222   -0.531222 (VIOLATED)
_14779_/A                               0.750000    1.281207   -0.531207 (VIOLATED)
_14896_/A1                              0.750000    1.281207   -0.531207 (VIOLATED)
_14898_/A1                              0.750000    1.281207   -0.531207 (VIOLATED)
_13455_/A                               0.750000    1.281196   -0.531196 (VIOLATED)
_13584_/B1                              0.750000    1.281182   -0.531182 (VIOLATED)
_13654_/A                               0.750000    1.281175   -0.531175 (VIOLATED)
fanout1264/X                            0.750000    1.281175   -0.531175 (VIOLATED)
_16392_/S                               0.750000    1.280744   -0.530744 (VIOLATED)
fanout861/A                             0.750000    1.277988   -0.527988 (VIOLATED)
_14171_/A                               0.750000    1.277195   -0.527195 (VIOLATED)
_14265_/A1                              0.750000    1.277194   -0.527194 (VIOLATED)
_14085_/A                               0.750000    1.277183   -0.527183 (VIOLATED)
_13922_/B                               0.750000    1.277151   -0.527151 (VIOLATED)
_13923_/B1                              0.750000    1.277111   -0.527111 (VIOLATED)
_13924_/B                               0.750000    1.277106   -0.527106 (VIOLATED)
_13840_/B                               0.750000    1.277061   -0.527061 (VIOLATED)
_13686_/B                               0.750000    1.277044   -0.527044 (VIOLATED)
_13685_/B                               0.750000    1.277038   -0.527038 (VIOLATED)
_13687_/B1                              0.750000    1.277038   -0.527038 (VIOLATED)
fanout1244/X                            0.750000    1.277038   -0.527038 (VIOLATED)
_16359_/X                               0.750000    1.276892   -0.526892 (VIOLATED)
_18114_/S                               0.750000    1.274526   -0.524526 (VIOLATED)
_18111_/S                               0.750000    1.274520   -0.524520 (VIOLATED)
_18112_/S                               0.750000    1.274516   -0.524516 (VIOLATED)
_18113_/S                               0.750000    1.274517   -0.524517 (VIOLATED)
_18107_/S                               0.750000    1.274480   -0.524480 (VIOLATED)
_18108_/S                               0.750000    1.274441   -0.524441 (VIOLATED)
_18118_/S                               0.750000    1.274427   -0.524427 (VIOLATED)
_18106_/S                               0.750000    1.274406   -0.524406 (VIOLATED)
_18105_/S                               0.750000    1.274399   -0.524399 (VIOLATED)
_18109_/S                               0.750000    1.274399   -0.524399 (VIOLATED)
fanout380/X                             0.750000    1.274399   -0.524399 (VIOLATED)
_15239_/B1                              0.750000    1.273782   -0.523782 (VIOLATED)
fanout1239/A                            0.750000    1.273754   -0.523754 (VIOLATED)
_14570_/A                               0.750000    1.273708   -0.523708 (VIOLATED)
_13849_/B1                              0.750000    1.273691   -0.523691 (VIOLATED)
_14464_/B1                              0.750000    1.273666   -0.523666 (VIOLATED)
_14366_/B1                              0.750000    1.273633   -0.523633 (VIOLATED)
_14265_/A2                              0.750000    1.273623   -0.523623 (VIOLATED)
_14171_/B                               0.750000    1.273600   -0.523600 (VIOLATED)
_14002_/B1                              0.750000    1.273579   -0.523579 (VIOLATED)
_18507_/A                               0.750000    1.273453   -0.523454 (VIOLATED)
_18820_/B2                              0.750000    1.273349   -0.523349 (VIOLATED)
fanout1240/X                            0.750000    1.273251   -0.523251 (VIOLATED)
_11489_/B                               0.750000    1.272121   -0.522121 (VIOLATED)
_11494_/A2                              0.750000    1.272018   -0.522018 (VIOLATED)
_11488_/X                               0.750000    1.271248   -0.521248 (VIOLATED)
_15845_/A                               0.750000    1.267270   -0.517270 (VIOLATED)
fanout1223/A                            0.750000    1.267226   -0.517226 (VIOLATED)
_14814_/B                               0.750000    1.267215   -0.517215 (VIOLATED)
_14689_/B                               0.750000    1.267207   -0.517207 (VIOLATED)
_14144_/A                               0.750000    1.266807   -0.516807 (VIOLATED)
_14458_/B                               0.750000    1.266779   -0.516779 (VIOLATED)
_14457_/A2                              0.750000    1.266768   -0.516768 (VIOLATED)
_14145_/B                               0.750000    1.266746   -0.516746 (VIOLATED)
_14356_/B                               0.750000    1.266729   -0.516729 (VIOLATED)
_14146_/B                               0.750000    1.266728   -0.516728 (VIOLATED)
fanout1224/X                            0.750000    1.266728   -0.516728 (VIOLATED)
_19271_/S                               0.750000    1.266257   -0.516257 (VIOLATED)
_19243_/S                               0.750000    1.266240   -0.516240 (VIOLATED)
_19239_/S                               0.750000    1.266233   -0.516233 (VIOLATED)
_19241_/S                               0.750000    1.266230   -0.516230 (VIOLATED)
_19235_/S                               0.750000    1.266225   -0.516225 (VIOLATED)
_19040_/S                               0.750000    1.265874   -0.515874 (VIOLATED)
_19237_/S                               0.750000    1.265843   -0.515843 (VIOLATED)
_12096_/B2                              0.750000    1.265839   -0.515839 (VIOLATED)
_12301_/B1                              0.750000    1.265839   -0.515839 (VIOLATED)
_19042_/B                               0.750000    1.265839   -0.515839 (VIOLATED)
fanout1876/X                            0.750000    1.265839   -0.515839 (VIOLATED)
_12043_/A2                              0.750000    1.264954   -0.514954 (VIOLATED)
_12147_/A                               0.750000    1.264934   -0.514934 (VIOLATED)
_12155_/A                               0.750000    1.264924   -0.514924 (VIOLATED)
_10459_/B1                              0.750000    1.264895   -0.514895 (VIOLATED)
_12139_/B1                              0.750000    1.264842   -0.514842 (VIOLATED)
_11128_/A2                              0.750000    1.264776   -0.514776 (VIOLATED)
_10885_/B1                              0.750000    1.264343   -0.514343 (VIOLATED)
_10703_/A2                              0.750000    1.264272   -0.514273 (VIOLATED)
_10458_/X                               0.750000    1.264078   -0.514078 (VIOLATED)
_18510_/A1                              0.750000    1.261780   -0.511780 (VIOLATED)
_18827_/A1                              0.750000    1.261345   -0.511345 (VIOLATED)
_11559_/A2                              0.750000    1.260363   -0.510363 (VIOLATED)
_11563_/A2                              0.750000    1.259946   -0.509946 (VIOLATED)
_16009_/B                               0.750000    1.259894   -0.509894 (VIOLATED)
_16100_/A2                              0.750000    1.259886   -0.509886 (VIOLATED)
_16189_/C                               0.750000    1.259885   -0.509885 (VIOLATED)
_15926_/A2                              0.750000    1.259860   -0.509860 (VIOLATED)
_15845_/C                               0.750000    1.259796   -0.509796 (VIOLATED)
_15842_/A2                              0.750000    1.259766   -0.509766 (VIOLATED)
_15474_/B                               0.750000    1.259673   -0.509673 (VIOLATED)
_14720_/B                               0.750000    1.259534   -0.509535 (VIOLATED)
_14849_/B                               0.750000    1.259530   -0.509530 (VIOLATED)
_14722_/B1                              0.750000    1.259472   -0.509472 (VIOLATED)
fanout1211/X                            0.750000    1.259468   -0.509468 (VIOLATED)
_13297_/A0                              0.750000    1.257843   -0.507843 (VIOLATED)
_18125_/A0                              0.750000    1.257839   -0.507839 (VIOLATED)
_13290_/A0                              0.750000    1.257837   -0.507837 (VIOLATED)
_12730_/A3                              0.750000    1.257808   -0.507808 (VIOLATED)
_17984_/A                               0.750000    1.257807   -0.507807 (VIOLATED)
_17985_/A1                              0.750000    1.257808   -0.507808 (VIOLATED)
_13291_/A0                              0.750000    1.257804   -0.507804 (VIOLATED)
_17903_/A0                              0.750000    1.257804   -0.507804 (VIOLATED)
_17936_/A0                              0.750000    1.257804   -0.507804 (VIOLATED)
_18240_/A1                              0.750000    1.257804   -0.507804 (VIOLATED)
fanout943/X                             0.750000    1.257804   -0.507804 (VIOLATED)
_11556_/X                               0.750000    1.257333   -0.507333 (VIOLATED)
_13580_/C                               0.750000    1.256310   -0.506310 (VIOLATED)
_14234_/C                               0.750000    1.256311   -0.506311 (VIOLATED)
_13749_/C                               0.750000    1.256281   -0.506281 (VIOLATED)
_14233_/B                               0.750000    1.256251   -0.506251 (VIOLATED)
_13750_/B                               0.750000    1.256250   -0.506250 (VIOLATED)
_13451_/B                               0.750000    1.256246   -0.506247 (VIOLATED)
_14661_/B                               0.750000    1.256217   -0.506217 (VIOLATED)
_14662_/A3                              0.750000    1.256217   -0.506217 (VIOLATED)
_14775_/C                               0.750000    1.256217   -0.506217 (VIOLATED)
_14778_/C                               0.750000    1.256217   -0.506217 (VIOLATED)
fanout1547/X                            0.750000    1.256217   -0.506217 (VIOLATED)
_10342_/A2                              0.750000    1.254071   -0.504071 (VIOLATED)
_10394_/A2                              0.750000    1.254069   -0.504069 (VIOLATED)
_12967_/B1                              0.750000    1.254039   -0.504039 (VIOLATED)
_13006_/A2                              0.750000    1.254030   -0.504031 (VIOLATED)
_13049_/B1                              0.750000    1.254005   -0.504005 (VIOLATED)
_13062_/B1                              0.750000    1.254002   -0.504002 (VIOLATED)
_13035_/B1                              0.750000    1.253984   -0.503984 (VIOLATED)
_13019_/A2                              0.750000    1.253984   -0.503984 (VIOLATED)
_13073_/A2                              0.750000    1.253984   -0.503984 (VIOLATED)
_12954_/B1                              0.750000    1.253977   -0.503977 (VIOLATED)
_12981_/A2                              0.750000    1.253946   -0.503946 (VIOLATED)
_12939_/A2                              0.750000    1.253945   -0.503945 (VIOLATED)
fanout1341/X                            0.750000    1.253945   -0.503945 (VIOLATED)
_12521_/B1                              0.750000    1.253854   -0.503854 (VIOLATED)
_12527_/B1                              0.750000    1.253847   -0.503847 (VIOLATED)
_12501_/B1                              0.750000    1.253830   -0.503830 (VIOLATED)
_12495_/B1                              0.750000    1.253762   -0.503762 (VIOLATED)
_12549_/B1                              0.750000    1.253721   -0.503721 (VIOLATED)
_10095_/Y                               0.750000    1.253685   -0.503685 (VIOLATED)
_12474_/B1                              0.750000    1.253254   -0.503254 (VIOLATED)
_12559_/B1                              0.750000    1.253250   -0.503251 (VIOLATED)
_12468_/B1                              0.750000    1.253245   -0.503245 (VIOLATED)
_12511_/B1                              0.750000    1.253138   -0.503138 (VIOLATED)
_12480_/B1                              0.750000    1.253132   -0.503132 (VIOLATED)
fanout1108/X                            0.750000    1.253132   -0.503132 (VIOLATED)
_13747_/B                               0.750000    1.251125   -0.501125 (VIOLATED)
_14435_/S                               0.750000    1.251121   -0.501121 (VIOLATED)
_14332_/B                               0.750000    1.251114   -0.501114 (VIOLATED)
_13821_/B                               0.750000    1.251113   -0.501113 (VIOLATED)
_14542_/B                               0.750000    1.251093   -0.501093 (VIOLATED)
_13579_/B                               0.750000    1.251061   -0.501061 (VIOLATED)
_13652_/S                               0.750000    1.251051   -0.501051 (VIOLATED)
_14663_/A2                              0.750000    1.251048   -0.501048 (VIOLATED)
_13683_/S                               0.750000    1.251029   -0.501029 (VIOLATED)
_14056_/S                               0.750000    1.251029   -0.501029 (VIOLATED)
fanout1544/X                            0.750000    1.251029   -0.501029 (VIOLATED)
_13605_/A                               0.750000    1.248021   -0.498021 (VIOLATED)
_14314_/C1                              0.750000    1.248020   -0.498020 (VIOLATED)
_13727_/B1                              0.750000    1.248014   -0.498014 (VIOLATED)
_13466_/A                               0.750000    1.247993   -0.497993 (VIOLATED)
_13670_/A                               0.750000    1.247971   -0.497971 (VIOLATED)
_13969_/C1                              0.750000    1.247928   -0.497928 (VIOLATED)
_10566_/B                               0.750000    1.247813   -0.497813 (VIOLATED)
_10626_/B                               0.750000    1.247813   -0.497813 (VIOLATED)
_10688_/B                               0.750000    1.247813   -0.497813 (VIOLATED)
_10745_/B                               0.750000    1.247813   -0.497813 (VIOLATED)
fanout1469/X                            0.750000    1.247813   -0.497813 (VIOLATED)
_18041_/B1                              0.750000    1.247736   -0.497736 (VIOLATED)
_18044_/B1                              0.750000    1.247721   -0.497721 (VIOLATED)
_18035_/B1                              0.750000    1.247717   -0.497717 (VIOLATED)
_18038_/B1                              0.750000    1.247716   -0.497716 (VIOLATED)
_18015_/A2                              0.750000    1.247700   -0.497700 (VIOLATED)
_18020_/B1                              0.750000    1.247700   -0.497700 (VIOLATED)
_18023_/B1                              0.750000    1.247700   -0.497700 (VIOLATED)
_18026_/B1                              0.750000    1.247700   -0.497700 (VIOLATED)
_18029_/B1                              0.750000    1.247700   -0.497700 (VIOLATED)
_18032_/B1                              0.750000    1.247700   -0.497700 (VIOLATED)
fanout318/X                             0.750000    1.247700   -0.497700 (VIOLATED)
_19422_/S1                              0.750000    1.242101   -0.492101 (VIOLATED)
_19641_/A                               0.750000    1.242071   -0.492071 (VIOLATED)
fanout2313/A                            0.750000    1.241954   -0.491954 (VIOLATED)
_19403_/A                               0.750000    1.241898   -0.491898 (VIOLATED)
_19590_/A1                              0.750000    1.241649   -0.491649 (VIOLATED)
_19572_/S                               0.750000    1.241538   -0.491538 (VIOLATED)
_19602_/A                               0.750000    1.241488   -0.491488 (VIOLATED)
fanout2312/A                            0.750000    1.241276   -0.491276 (VIOLATED)
fanout2314/X                            0.750000    1.241253   -0.491253 (VIOLATED)
_18046_/B1                              0.750000    1.240197   -0.490197 (VIOLATED)
_18043_/B1                              0.750000    1.240189   -0.490189 (VIOLATED)
_18034_/B1                              0.750000    1.240170   -0.490170 (VIOLATED)
_18031_/B1                              0.750000    1.240056   -0.490056 (VIOLATED)
_18028_/B1                              0.750000    1.239984   -0.489984 (VIOLATED)
_18025_/B1                              0.750000    1.239922   -0.489922 (VIOLATED)
_18022_/B1                              0.750000    1.239414   -0.489414 (VIOLATED)
_18019_/B1                              0.750000    1.239347   -0.489347 (VIOLATED)
_18016_/B1                              0.750000    1.239255   -0.489255 (VIOLATED)
_17981_/B                               0.750000    1.239148   -0.489148 (VIOLATED)
fanout1142/X                            0.750000    1.239146   -0.489146 (VIOLATED)
_12618_/A0                              0.750000    1.238194   -0.488194 (VIOLATED)
_14095_/A0                              0.750000    1.238189   -0.488189 (VIOLATED)
_10364_/B1                              0.750000    1.237832   -0.487832 (VIOLATED)
_10362_/Y                               0.750000    1.237376   -0.487376 (VIOLATED)
fanout1838/A                            0.750000    1.236075   -0.486075 (VIOLATED)
wire1844/A                              0.750000    1.235989   -0.485989 (VIOLATED)
fanout1841/A                            0.750000    1.235795   -0.485795 (VIOLATED)
fanout1843/X                            0.750000    1.235780   -0.485780 (VIOLATED)
_19027_/S                               0.750000    1.233070   -0.483070 (VIOLATED)
_18978_/S                               0.750000    1.233059   -0.483059 (VIOLATED)
_19008_/S                               0.750000    1.233053   -0.483053 (VIOLATED)
_19010_/S                               0.750000    1.233038   -0.483038 (VIOLATED)
_19021_/S                               0.750000    1.233034   -0.483034 (VIOLATED)
_19025_/S                               0.750000    1.233022   -0.483023 (VIOLATED)
_18998_/S                               0.750000    1.233015   -0.483015 (VIOLATED)
_19000_/S                               0.750000    1.233015   -0.483015 (VIOLATED)
_19004_/S                               0.750000    1.233015   -0.483015 (VIOLATED)
_19014_/S                               0.750000    1.233015   -0.483015 (VIOLATED)
fanout1206/X                            0.750000    1.233015   -0.483015 (VIOLATED)
_12954_/C1                              0.750000    1.231835   -0.481835 (VIOLATED)
_13022_/C1                              0.750000    1.231829   -0.481829 (VIOLATED)
_13035_/C1                              0.750000    1.231815   -0.481815 (VIOLATED)
_13008_/C1                              0.750000    1.231782   -0.481782 (VIOLATED)
_13050_/C1                              0.750000    1.231767   -0.481767 (VIOLATED)
_13063_/C1                              0.750000    1.231760   -0.481760 (VIOLATED)
_12982_/C1                              0.750000    1.231690   -0.481690 (VIOLATED)
_12913_/C1                              0.750000    1.231651   -0.481651 (VIOLATED)
_12940_/C1                              0.750000    1.231647   -0.481648 (VIOLATED)
_12926_/C1                              0.750000    1.231634   -0.481634 (VIOLATED)
fanout1277/X                            0.750000    1.231634   -0.481634 (VIOLATED)
_16001_/A                               0.750000    1.231243   -0.481243 (VIOLATED)
_16236_/A1                              0.750000    1.231240   -0.481240 (VIOLATED)
_16096_/A                               0.750000    1.231236   -0.481236 (VIOLATED)
_16146_/A1                              0.750000    1.231227   -0.481227 (VIOLATED)
_16053_/A1                              0.750000    1.231210   -0.481210 (VIOLATED)
_16215_/A                               0.750000    1.231207   -0.481207 (VIOLATED)
_15945_/A                               0.750000    1.231200   -0.481200 (VIOLATED)
_16326_/A1                              0.750000    1.231189   -0.481189 (VIOLATED)
_15640_/B                               0.750000    1.230732   -0.480732 (VIOLATED)
_15641_/B                               0.750000    1.230730   -0.480730 (VIOLATED)
fanout918/X                             0.750000    1.230730   -0.480730 (VIOLATED)
_17756_/B                               0.750000    1.230253   -0.480253 (VIOLATED)
_17620_/B                               0.750000    1.230252   -0.480252 (VIOLATED)
_13295_/C                               0.750000    1.230247   -0.480247 (VIOLATED)
_17365_/D                               0.750000    1.230245   -0.480245 (VIOLATED)
_17366_/C                               0.750000    1.230244   -0.480244 (VIOLATED)
_13288_/B                               0.750000    1.230215   -0.480215 (VIOLATED)
_17900_/B                               0.750000    1.230150   -0.480150 (VIOLATED)
_17933_/A                               0.750000    1.230144   -0.480144 (VIOLATED)
_18205_/B2                              0.750000    1.229736   -0.479736 (VIOLATED)
fanout450/A                             0.750000    1.229736   -0.479736 (VIOLATED)
fanout451/X                             0.750000    1.229736   -0.479736 (VIOLATED)
_18199_/A0                              0.750000    1.229420   -0.479420 (VIOLATED)
_18368_/A1                              0.750000    1.229414   -0.479414 (VIOLATED)
_12988_/A3                              0.750000    1.229387   -0.479387 (VIOLATED)
_18071_/A1                              0.750000    1.229379   -0.479379 (VIOLATED)
_17452_/A1                              0.750000    1.229362   -0.479362 (VIOLATED)
_13142_/A1                              0.750000    1.229353   -0.479353 (VIOLATED)
_17922_/A0                              0.750000    1.229352   -0.479352 (VIOLATED)
_18109_/A0                              0.750000    1.229340   -0.479340 (VIOLATED)
_18144_/A0                              0.750000    1.229329   -0.479329 (VIOLATED)
_17955_/A0                              0.750000    1.229323   -0.479323 (VIOLATED)
fanout933/X                             0.750000    1.229320   -0.479320 (VIOLATED)
_14956_/A                               0.750000    1.228737   -0.478737 (VIOLATED)
_14720_/A                               0.750000    1.228735   -0.478735 (VIOLATED)
_14849_/A                               0.750000    1.228728   -0.478728 (VIOLATED)
_14722_/A1                              0.750000    1.228726   -0.478726 (VIOLATED)
_14491_/A                               0.750000    1.228688   -0.478688 (VIOLATED)
_13522_/A                               0.750000    1.228563   -0.478563 (VIOLATED)
_14184_/A                               0.750000    1.228534   -0.478534 (VIOLATED)
_14097_/A                               0.750000    1.228525   -0.478525 (VIOLATED)
_13847_/A                               0.750000    1.228488   -0.478488 (VIOLATED)
_13931_/A                               0.750000    1.228488   -0.478488 (VIOLATED)
fanout1261/X                            0.750000    1.228488   -0.478488 (VIOLATED)
_18080_/B1                              0.750000    1.226839   -0.476839 (VIOLATED)
_18083_/B1                              0.750000    1.226834   -0.476834 (VIOLATED)
_18065_/B1                              0.750000    1.226817   -0.476817 (VIOLATED)
_18095_/B1                              0.750000    1.226803   -0.476803 (VIOLATED)
fanout319/A                             0.750000    1.226789   -0.476789 (VIOLATED)
_18074_/B1                              0.750000    1.226784   -0.476784 (VIOLATED)
_18101_/B1                              0.750000    1.226783   -0.476783 (VIOLATED)
_18050_/B1                              0.750000    1.226776   -0.476776 (VIOLATED)
_18047_/B1                              0.750000    1.226774   -0.476774 (VIOLATED)
_18053_/B1                              0.750000    1.226774   -0.476774 (VIOLATED)
fanout320/X                             0.750000    1.226774   -0.476774 (VIOLATED)
_19297_/S                               0.750000    1.226548   -0.476548 (VIOLATED)
_19289_/S                               0.750000    1.226543   -0.476543 (VIOLATED)
_19247_/S                               0.750000    1.226534   -0.476534 (VIOLATED)
fanout1877/A                            0.750000    1.226534   -0.476534 (VIOLATED)
_19265_/S                               0.750000    1.226533   -0.476533 (VIOLATED)
_19279_/S                               0.750000    1.226529   -0.476529 (VIOLATED)
_19251_/S                               0.750000    1.226528   -0.476528 (VIOLATED)
_19281_/S                               0.750000    1.226525   -0.476525 (VIOLATED)
_19249_/S                               0.750000    1.226506   -0.476506 (VIOLATED)
_19261_/S                               0.750000    1.226502   -0.476502 (VIOLATED)
fanout1878/X                            0.750000    1.226502   -0.476502 (VIOLATED)
_17288_/S                               0.750000    1.224238   -0.474238 (VIOLATED)
fanout762/A                             0.750000    1.224227   -0.474227 (VIOLATED)
load_slew767/A                          0.750000    1.224226   -0.474226 (VIOLATED)
fanout759/A                             0.750000    1.224208   -0.474208 (VIOLATED)
fanout766/X                             0.750000    1.224208   -0.474208 (VIOLATED)
_16261_/B1                              0.750000    1.223178   -0.473178 (VIOLATED)
_14879_/A1                              0.750000    1.223173   -0.473173 (VIOLATED)
_14213_/A1                              0.750000    1.223161   -0.473161 (VIOLATED)
_15313_/B1                              0.750000    1.222824   -0.472824 (VIOLATED)
_15607_/B1                              0.750000    1.222820   -0.472820 (VIOLATED)
fanout1050/A                            0.750000    1.222811   -0.472811 (VIOLATED)
fanout1049/A                            0.750000    1.222800   -0.472800 (VIOLATED)
fanout1051/X                            0.750000    1.222800   -0.472800 (VIOLATED)
_11423_/A1                              0.750000    1.221607   -0.471607 (VIOLATED)
fanout1626/A                            0.750000    1.221606   -0.471606 (VIOLATED)
_11416_/A1                              0.750000    1.221199   -0.471199 (VIOLATED)
_10871_/A1                              0.750000    1.221174   -0.471174 (VIOLATED)
_11966_/B1                              0.750000    1.221143   -0.471143 (VIOLATED)
fanout1624/A                            0.750000    1.221000   -0.471000 (VIOLATED)
fanout1628/X                            0.750000    1.220963   -0.470963 (VIOLATED)
fanout2086/A                            0.750000    1.219123   -0.469124 (VIOLATED)
fanout2081/A                            0.750000    1.219091   -0.469091 (VIOLATED)
wire1852/A                              0.750000    1.219054   -0.469054 (VIOLATED)
fanout2078/A                            0.750000    1.218994   -0.468994 (VIOLATED)
_11410_/B1                              0.750000    1.218969   -0.468970 (VIOLATED)
fanout2083/A                            0.750000    1.218964   -0.468964 (VIOLATED)
_17448_/A1                              0.750000    1.218937   -0.468937 (VIOLATED)
_17707_/A1                              0.750000    1.218933   -0.468933 (VIOLATED)
_17838_/A1                              0.750000    1.218911   -0.468911 (VIOLATED)
_17574_/A1                              0.750000    1.218894   -0.468894 (VIOLATED)
_17921_/A0                              0.750000    1.218855   -0.468855 (VIOLATED)
_17954_/A0                              0.750000    1.218851   -0.468851 (VIOLATED)
_11767_/C1                              0.750000    1.218555   -0.468555 (VIOLATED)
fanout2075/A                            0.750000    1.218458   -0.468458 (VIOLATED)
fanout2088/X                            0.750000    1.218458   -0.468458 (VIOLATED)
_12974_/A3                              0.750000    1.218401   -0.468401 (VIOLATED)
_13141_/A1                              0.750000    1.218401   -0.468401 (VIOLATED)
_18068_/A1                              0.750000    1.218401   -0.468401 (VIOLATED)
_18362_/A1                              0.750000    1.218401   -0.468401 (VIOLATED)
fanout872/X                             0.750000    1.218401   -0.468401 (VIOLATED)
fanout1849/A                            0.750000    1.218343   -0.468343 (VIOLATED)
fanout1851/X                            0.750000    1.218340   -0.468340 (VIOLATED)
_15988_/C1                              0.750000    1.218325   -0.468325 (VIOLATED)
_16353_/C1                              0.750000    1.218320   -0.468320 (VIOLATED)
_16085_/C1                              0.750000    1.218316   -0.468316 (VIOLATED)
_15902_/C1                              0.750000    1.218306   -0.468306 (VIOLATED)
fanout1470/A                            0.750000    1.218252   -0.468252 (VIOLATED)
_15514_/C1                              0.750000    1.218221   -0.468221 (VIOLATED)
_14992_/C1                              0.750000    1.218206   -0.468206 (VIOLATED)
_14883_/C1                              0.750000    1.218179   -0.468179 (VIOLATED)
_15415_/C1                              0.750000    1.218069   -0.468069 (VIOLATED)
_14638_/C1                              0.750000    1.218041   -0.468041 (VIOLATED)
fanout1471/X                            0.750000    1.218040   -0.468040 (VIOLATED)
_11858_/A2                              0.750000    1.217770   -0.467770 (VIOLATED)
_11795_/A2                              0.750000    1.217768   -0.467768 (VIOLATED)
_11734_/A2                              0.750000    1.217767   -0.467767 (VIOLATED)
_11676_/A2                              0.750000    1.217733   -0.467733 (VIOLATED)
_11620_/A2                              0.750000    1.217730   -0.467730 (VIOLATED)
fanout656/A                             0.750000    1.217477   -0.467477 (VIOLATED)
_11562_/A2                              0.750000    1.217303   -0.467303 (VIOLATED)
_11310_/A2                              0.750000    1.217254   -0.467254 (VIOLATED)
_11493_/A2                              0.750000    1.217206   -0.467206 (VIOLATED)
_10097_/A                               0.750000    1.217170   -0.467170 (VIOLATED)
wire660/A                               0.750000    1.217043   -0.467043 (VIOLATED)
fanout650/A                             0.750000    1.217036   -0.467036 (VIOLATED)
fanout659/X                             0.750000    1.217036   -0.467036 (VIOLATED)
_19710_/A                               0.750000    1.217030   -0.467030 (VIOLATED)
fanout1532/X                            0.750000    1.217027   -0.467027 (VIOLATED)
_18045_/A2                              0.750000    1.216647   -0.466647 (VIOLATED)
_18036_/A2                              0.750000    1.216614   -0.466614 (VIOLATED)
_18039_/A2                              0.750000    1.216557   -0.466557 (VIOLATED)
_18033_/A2                              0.750000    1.216526   -0.466526 (VIOLATED)
_18007_/A                               0.750000    1.216466   -0.466466 (VIOLATED)
_18030_/A2                              0.750000    1.216415   -0.466415 (VIOLATED)
_18027_/A2                              0.750000    1.216337   -0.466337 (VIOLATED)
_18024_/A2                              0.750000    1.216149   -0.466149 (VIOLATED)
_18021_/A2                              0.750000    1.216025   -0.466025 (VIOLATED)
_18042_/A2                              0.750000    1.215427   -0.465427 (VIOLATED)
fanout382/X                             0.750000    1.215426   -0.465426 (VIOLATED)
_15920_/B                               0.750000    1.212494   -0.462494 (VIOLATED)
_16017_/B                               0.750000    1.212493   -0.462493 (VIOLATED)
_16024_/B1                              0.750000    1.212481   -0.462481 (VIOLATED)
_15735_/B1                              0.750000    1.212465   -0.462465 (VIOLATED)
_15648_/B                               0.750000    1.212435   -0.462435 (VIOLATED)
_15731_/B                               0.750000    1.212414   -0.462414 (VIOLATED)
_18921_/A1                              0.750000    1.212213   -0.462213 (VIOLATED)
_15139_/B1                              0.750000    1.211702   -0.461702 (VIOLATED)
_15140_/C                               0.750000    1.211702   -0.461702 (VIOLATED)
_15143_/B1                              0.750000    1.211702   -0.461702 (VIOLATED)
fanout1208/X                            0.750000    1.211702   -0.461702 (VIOLATED)
_10417_/A1                              0.750000    1.211132   -0.461132 (VIOLATED)
_11647_/A1                              0.750000    1.211004   -0.461004 (VIOLATED)
_13684_/S                               0.750000    1.210640   -0.460640 (VIOLATED)
_14331_/C                               0.750000    1.210639   -0.460639 (VIOLATED)
_13977_/S                               0.750000    1.210638   -0.460638 (VIOLATED)
_13521_/S                               0.750000    1.210631   -0.460631 (VIOLATED)
_13653_/S                               0.750000    1.210631   -0.460631 (VIOLATED)
_13748_/B1                              0.750000    1.210631   -0.460631 (VIOLATED)
_14057_/S                               0.750000    1.210631   -0.460631 (VIOLATED)
fanout1545/X                            0.750000    1.210631   -0.460631 (VIOLATED)
_18395_/B2                              0.750000    1.209508   -0.459508 (VIOLATED)
_16018_/A2                              0.750000    1.209191   -0.459191 (VIOLATED)
_15840_/A2                              0.750000    1.209182   -0.459182 (VIOLATED)
_15646_/B1                              0.750000    1.209152   -0.459153 (VIOLATED)
_15732_/A2                              0.750000    1.209110   -0.459110 (VIOLATED)
_16099_/B                               0.750000    1.209009   -0.459009 (VIOLATED)
_16189_/B                               0.750000    1.209001   -0.459001 (VIOLATED)
_15021_/A2                              0.750000    1.208879   -0.458879 (VIOLATED)
_15020_/B                               0.750000    1.208878   -0.458878 (VIOLATED)
_15001_/A2                              0.750000    1.208861   -0.458861 (VIOLATED)
_14914_/B                               0.750000    1.208853   -0.458853 (VIOLATED)
fanout1151/X                            0.750000    1.208515   -0.458515 (VIOLATED)
_17255_/S                               0.750000    1.208071   -0.458071 (VIOLATED)
load_slew776/A                          0.750000    1.208068   -0.458068 (VIOLATED)
fanout771/A                             0.750000    1.208031   -0.458031 (VIOLATED)
fanout768/A                             0.750000    1.208020   -0.458020 (VIOLATED)
fanout775/X                             0.750000    1.207994   -0.457994 (VIOLATED)
_18317_/A2                              0.750000    1.207564   -0.457564 (VIOLATED)
_18311_/A2                              0.750000    1.207555   -0.457555 (VIOLATED)
_18304_/A2                              0.750000    1.207553   -0.457553 (VIOLATED)
_18289_/A2                              0.750000    1.207531   -0.457531 (VIOLATED)
_18297_/A2                              0.750000    1.207523   -0.457523 (VIOLATED)
_18281_/A2                              0.750000    1.207514   -0.457514 (VIOLATED)
_18273_/A2                              0.750000    1.207513   -0.457513 (VIOLATED)
_18267_/A2                              0.750000    1.207498   -0.457498 (VIOLATED)
_12411_/A2                              0.750000    1.207352   -0.457352 (VIOLATED)
fanout1926/A                            0.750000    1.207199   -0.457199 (VIOLATED)
_21629_/Q                               0.750000    1.207160   -0.457160 (VIOLATED)
_12375_/A2                              0.750000    1.206973   -0.456973 (VIOLATED)
fanout1176/X                            0.750000    1.206969   -0.456969 (VIOLATED)
_12635_/B2                              0.750000    1.201777   -0.451777 (VIOLATED)
_12651_/A1                              0.750000    1.201776   -0.451776 (VIOLATED)
_12670_/A1                              0.750000    1.201772   -0.451772 (VIOLATED)
_12612_/A1                              0.750000    1.201719   -0.451719 (VIOLATED)
_14719_/A1                              0.750000    1.201570   -0.451570 (VIOLATED)
_19034_/B2                              0.750000    1.201549   -0.451549 (VIOLATED)
_11974_/B                               0.750000    1.201547   -0.451547 (VIOLATED)
_11946_/A2                              0.750000    1.201505   -0.451505 (VIOLATED)
_14791_/C                               0.750000    1.201453   -0.451453 (VIOLATED)
_11944_/Y                               0.750000    1.201415   -0.451415 (VIOLATED)
_12647_/A1                              0.750000    1.196828   -0.446828 (VIOLATED)
_12664_/A3                              0.750000    1.196774   -0.446774 (VIOLATED)
_12630_/B2                              0.750000    1.196747   -0.446747 (VIOLATED)
_12608_/A3                              0.750000    1.196537   -0.446537 (VIOLATED)
_13772_/A1                              0.750000    1.196076   -0.446076 (VIOLATED)
_19012_/A0                              0.750000    1.195745   -0.445745 (VIOLATED)
ANTENNA_69/DIODE                        0.750000    1.194310   -0.444310 (VIOLATED)
_11339_/B1                              0.750000    1.194109   -0.444109 (VIOLATED)
_11271_/A1                              0.750000    1.193491   -0.443491 (VIOLATED)
fanout1722/A                            0.750000    1.193467   -0.443467 (VIOLATED)
_10588_/A1                              0.750000    1.193399   -0.443399 (VIOLATED)
fanout1724/A                            0.750000    1.193284   -0.443284 (VIOLATED)
fanout1726/A                            0.750000    1.193267   -0.443267 (VIOLATED)
fanout1728/X                            0.750000    1.193267   -0.443267 (VIOLATED)
_11338_/X                               0.750000    1.192236   -0.442236 (VIOLATED)
_10040_/B                               0.750000    1.191327   -0.441327 (VIOLATED)
_10770_/A2                              0.750000    1.191327   -0.441327 (VIOLATED)
_10043_/B                               0.750000    1.191323   -0.441323 (VIOLATED)
_10769_/B                               0.750000    1.191322   -0.441322 (VIOLATED)
_10715_/A2                              0.750000    1.191318   -0.441318 (VIOLATED)
_10846_/A2                              0.750000    1.190959   -0.440960 (VIOLATED)
_10045_/C                               0.750000    1.190955   -0.440955 (VIOLATED)
_10046_/A2                              0.750000    1.190955   -0.440955 (VIOLATED)
_10130_/A2                              0.750000    1.190955   -0.440955 (VIOLATED)
_10187_/A2                              0.750000    1.190955   -0.440955 (VIOLATED)
fanout1191/X                            0.750000    1.190955   -0.440955 (VIOLATED)
_13657_/A2                              0.750000    1.188892   -0.438892 (VIOLATED)
_13756_/A2                              0.750000    1.188892   -0.438892 (VIOLATED)
_13689_/A2                              0.750000    1.188878   -0.438878 (VIOLATED)
_13980_/A2                              0.750000    1.188851   -0.438851 (VIOLATED)
_14440_/A2                              0.750000    1.188820   -0.438821 (VIOLATED)
_13457_/A2                              0.750000    1.188777   -0.438777 (VIOLATED)
_12350_/A0                              0.750000    1.188641   -0.438641 (VIOLATED)
_16221_/A2                              0.750000    1.188509   -0.438509 (VIOLATED)
_18898_/A2                              0.750000    1.188509   -0.438509 (VIOLATED)
_18954_/A2                              0.750000    1.188509   -0.438509 (VIOLATED)
fanout1333/X                            0.750000    1.188509   -0.438509 (VIOLATED)
_11991_/D                               0.750000    1.186365   -0.436365 (VIOLATED)
_11990_/A                               0.750000    1.186350   -0.436350 (VIOLATED)
_11989_/A                               0.750000    1.186345   -0.436346 (VIOLATED)
_12093_/A                               0.750000    1.186335   -0.436335 (VIOLATED)
_12325_/A1                              0.750000    1.186289   -0.436289 (VIOLATED)
_12041_/A                               0.750000    1.186268   -0.436268 (VIOLATED)
_09874_/A                               0.750000    1.186263   -0.436263 (VIOLATED)
_09875_/A1                              0.750000    1.186263   -0.436263 (VIOLATED)
_12310_/A1                              0.750000    1.186263   -0.436263 (VIOLATED)
_12322_/A1                              0.750000    1.186263   -0.436263 (VIOLATED)
fanout1870/X                            0.750000    1.186263   -0.436263 (VIOLATED)
fanout636/A                             0.750000    1.185788   -0.435788 (VIOLATED)
wire639/A                               0.750000    1.185473   -0.435473 (VIOLATED)
fanout630/A                             0.750000    1.184967   -0.434967 (VIOLATED)
fanout638/X                             0.750000    1.184967   -0.434967 (VIOLATED)
fanout738/A                             0.750000    1.184893   -0.434893 (VIOLATED)
_17975_/B1                              0.750000    1.184892   -0.434892 (VIOLATED)
fanout736/A                             0.750000    1.184891   -0.434891 (VIOLATED)
_17989_/B                               0.750000    1.184886   -0.434886 (VIOLATED)
_17985_/B1                              0.750000    1.184577   -0.434577 (VIOLATED)
_17996_/B1                              0.750000    1.184569   -0.434568 (VIOLATED)
fanout739/X                             0.750000    1.184569   -0.434568 (VIOLATED)
_19699_/A1                              0.750000    1.180161   -0.430161 (VIOLATED)
_19628_/B1                              0.750000    1.180131   -0.430131 (VIOLATED)
_13034_/B1                              0.750000    1.180090   -0.430090 (VIOLATED)
_13021_/B1                              0.750000    1.180086   -0.430086 (VIOLATED)
_19676_/B1                              0.750000    1.180086   -0.430086 (VIOLATED)
_13007_/B1                              0.750000    1.180075   -0.430075 (VIOLATED)
_19656_/B1                              0.750000    1.180067   -0.430067 (VIOLATED)
_13087_/B1                              0.750000    1.180053   -0.430053 (VIOLATED)
_13076_/B1                              0.750000    1.180045   -0.430045 (VIOLATED)
_13059_/B1                              0.750000    1.180027   -0.430027 (VIOLATED)
_19621_/B1                              0.750000    1.180019   -0.430019 (VIOLATED)
fanout1279/A                            0.750000    1.180008   -0.430008 (VIOLATED)
fanout1280/X                            0.750000    1.180008   -0.430008 (VIOLATED)
_19569_/B1                              0.750000    1.179982   -0.429982 (VIOLATED)
_19582_/B1                              0.750000    1.179965   -0.429966 (VIOLATED)
_19600_/B1                              0.750000    1.179855   -0.429855 (VIOLATED)
_19516_/B1                              0.750000    1.179828   -0.429828 (VIOLATED)
fanout226/A                             0.750000    1.179797   -0.429797 (VIOLATED)
fanout227/X                             0.750000    1.179793   -0.429794 (VIOLATED)
_12669_/A1                              0.750000    1.178895   -0.428895 (VIOLATED)
_12652_/A1                              0.750000    1.178886   -0.428886 (VIOLATED)
_12635_/A1                              0.750000    1.178869   -0.428869 (VIOLATED)
_12613_/B2                              0.750000    1.178851   -0.428851 (VIOLATED)
_11456_/B1                              0.750000    1.178832   -0.428832 (VIOLATED)
_19016_/A0                              0.750000    1.178829   -0.428829 (VIOLATED)
_11491_/A2                              0.750000    1.178828   -0.428828 (VIOLATED)
_12133_/A                               0.750000    1.177963   -0.427963 (VIOLATED)
_12127_/C                               0.750000    1.177923   -0.427923 (VIOLATED)
_12105_/C                               0.750000    1.177845   -0.427846 (VIOLATED)
_12104_/A_N                             0.750000    1.177830   -0.427830 (VIOLATED)
_11455_/X                               0.750000    1.177605   -0.427605 (VIOLATED)
_19694_/A1                              0.750000    1.177392   -0.427392 (VIOLATED)
fanout1916/X                            0.750000    1.177388   -0.427388 (VIOLATED)
_10449_/A2                              0.750000    1.174905   -0.424905 (VIOLATED)
_12746_/B                               0.750000    1.174706   -0.424706 (VIOLATED)
_12803_/B                               0.750000    1.174704   -0.424704 (VIOLATED)
_12823_/A2                              0.750000    1.174703   -0.424702 (VIOLATED)
_12909_/B                               0.750000    1.174665   -0.424665 (VIOLATED)
_18465_/A1                              0.750000    1.174644   -0.424645 (VIOLATED)
_12687_/B                               0.750000    1.174644   -0.424644 (VIOLATED)
_18390_/C1                              0.750000    1.174644   -0.424644 (VIOLATED)
_12761_/B                               0.750000    1.174636   -0.424636 (VIOLATED)
_12795_/B                               0.750000    1.174632   -0.424632 (VIOLATED)
_12732_/B                               0.750000    1.174631   -0.424631 (VIOLATED)
_12774_/B                               0.750000    1.174629   -0.424629 (VIOLATED)
_12835_/A2                              0.750000    1.174629   -0.424629 (VIOLATED)
_18413_/C1                              0.750000    1.174629   -0.424629 (VIOLATED)
fanout1332/X                            0.750000    1.174626   -0.424626 (VIOLATED)
_18356_/C1                              0.750000    1.174611   -0.424611 (VIOLATED)
_10994_/A1                              0.750000    1.174358   -0.424358 (VIOLATED)
_11054_/A1                              0.750000    1.174347   -0.424347 (VIOLATED)
_11114_/A1                              0.750000    1.174343   -0.424343 (VIOLATED)
_10219_/A1                              0.750000    1.174324   -0.424324 (VIOLATED)
_11308_/A1                              0.750000    1.174294   -0.424294 (VIOLATED)
_10504_/A1                              0.750000    1.174282   -0.424282 (VIOLATED)
_10445_/A1                              0.750000    1.174281   -0.424281 (VIOLATED)
_11617_/A1                              0.750000    1.174256   -0.424256 (VIOLATED)
_10559_/A1                              0.750000    1.174255   -0.424256 (VIOLATED)
_11673_/A1                              0.750000    1.174228   -0.424228 (VIOLATED)
fanout1806/X                            0.750000    1.174223   -0.424223 (VIOLATED)
_18424_/C1                              0.750000    1.174223   -0.424223 (VIOLATED)
_18373_/C1                              0.750000    1.174176   -0.424176 (VIOLATED)
_18419_/C1                              0.750000    1.174145   -0.424145 (VIOLATED)
fanout369/A                             0.750000    1.174145   -0.424145 (VIOLATED)
fanout371/X                             0.750000    1.174145   -0.424145 (VIOLATED)
_12553_/B1                              0.750000    1.174019   -0.424019 (VIOLATED)
fanout1029/A                            0.750000    1.173966   -0.423966 (VIOLATED)
_12473_/B1                              0.750000    1.173854   -0.423854 (VIOLATED)
_12467_/B1                              0.750000    1.173823   -0.423823 (VIOLATED)
_12462_/B1                              0.750000    1.173773   -0.423773 (VIOLATED)
_12457_/B1                              0.750000    1.173748   -0.423748 (VIOLATED)
_12440_/B1                              0.750000    1.173735   -0.423735 (VIOLATED)
_12436_/B1                              0.750000    1.173733   -0.423733 (VIOLATED)
_12445_/B1                              0.750000    1.173731   -0.423731 (VIOLATED)
fanout1030/X                            0.750000    1.173711   -0.423711 (VIOLATED)
_15836_/B                               0.750000    1.173686   -0.423686 (VIOLATED)
_15837_/B                               0.750000    1.173679   -0.423679 (VIOLATED)
_15646_/A2                              0.750000    1.173658   -0.423658 (VIOLATED)
ANTENNA_65/DIODE                        0.750000    1.173646   -0.423646 (VIOLATED)
_16190_/B2                              0.750000    1.173641   -0.423641 (VIOLATED)
_16100_/A1                              0.750000    1.173637   -0.423637 (VIOLATED)
_15553_/B                               0.750000    1.173628   -0.423628 (VIOLATED)
_18698_/A1                              0.750000    1.173579   -0.423579 (VIOLATED)
_15130_/B                               0.750000    1.173542   -0.423542 (VIOLATED)
_14916_/A2                              0.750000    1.173505   -0.423505 (VIOLATED)
_14805_/B                               0.750000    1.173504   -0.423504 (VIOLATED)
_14917_/B                               0.750000    1.173503   -0.423503 (VIOLATED)
_10445_/A2                              0.750000    1.173349   -0.423349 (VIOLATED)
_15099_/B1                              0.750000    1.173223   -0.423223 (VIOLATED)
_14991_/B1                              0.750000    1.173190   -0.423190 (VIOLATED)
fanout1156/X                            0.750000    1.173189   -0.423189 (VIOLATED)
fanout1054/A                            0.750000    1.173093   -0.423093 (VIOLATED)
_15512_/C1                              0.750000    1.173053   -0.423053 (VIOLATED)
fanout1055/A                            0.750000    1.173053   -0.423053 (VIOLATED)
fanout1056/X                            0.750000    1.173053   -0.423053 (VIOLATED)
_10443_/X                               0.750000    1.172983   -0.422983 (VIOLATED)
_16965_/S                               0.750000    1.167669   -0.417669 (VIOLATED)
ANTENNA_3/DIODE                         0.750000    1.167622   -0.417622 (VIOLATED)
_16950_/S                               0.750000    1.167274   -0.417274 (VIOLATED)
_19404_/A1                              0.750000    1.166896   -0.416896 (VIOLATED)
_19619_/S                               0.750000    1.166894   -0.416894 (VIOLATED)
_19658_/S                               0.750000    1.166894   -0.416894 (VIOLATED)
_19405_/A1                              0.750000    1.166893   -0.416893 (VIOLATED)
_19624_/S                               0.750000    1.166857   -0.416857 (VIOLATED)
_19642_/A1                              0.750000    1.166848   -0.416848 (VIOLATED)
_19630_/S                               0.750000    1.166806   -0.416806 (VIOLATED)
_19679_/S                               0.750000    1.166732   -0.416732 (VIOLATED)
_19669_/S                               0.750000    1.166677   -0.416677 (VIOLATED)
_19648_/S                               0.750000    1.166659   -0.416658 (VIOLATED)
fanout1859/X                            0.750000    1.166656   -0.416656 (VIOLATED)
_16959_/S                               0.750000    1.165868   -0.415868 (VIOLATED)
_18261_/A1                              0.750000    1.165647   -0.415647 (VIOLATED)
_17906_/A0                              0.750000    1.165602   -0.415602 (VIOLATED)
_17939_/A0                              0.750000    1.165552   -0.415552 (VIOLATED)
_12770_/A3                              0.750000    1.165542   -0.415541 (VIOLATED)
ANTENNA_2/DIODE                         0.750000    1.165518   -0.415518 (VIOLATED)
_18023_/A1                              0.750000    1.165470   -0.415470 (VIOLATED)
_15904_/B1                              0.750000    1.165437   -0.415437 (VIOLATED)
_16087_/B1                              0.750000    1.165430   -0.415430 (VIOLATED)
_15614_/B1                              0.750000    1.165427   -0.415427 (VIOLATED)
fanout1149/A                            0.750000    1.165426   -0.415426 (VIOLATED)
_14997_/B1                              0.750000    1.165405   -0.415405 (VIOLATED)
_16307_/A                               0.750000    1.165234   -0.415234 (VIOLATED)
_16222_/A                               0.750000    1.165234   -0.415234 (VIOLATED)
_16315_/A1                              0.750000    1.165231   -0.415231 (VIOLATED)
_18899_/A                               0.750000    1.165231   -0.415231 (VIOLATED)
_16131_/A                               0.750000    1.165230   -0.415230 (VIOLATED)
_18897_/A1                              0.750000    1.165230   -0.415230 (VIOLATED)
_16220_/A1                              0.750000    1.165228   -0.415228 (VIOLATED)
_18953_/A1                              0.750000    1.165217   -0.415217 (VIOLATED)
_16129_/A1                              0.750000    1.165209   -0.415209 (VIOLATED)
_18955_/A                               0.750000    1.165208   -0.415208 (VIOLATED)
fanout1048/X                            0.750000    1.165208   -0.415208 (VIOLATED)
_15907_/B1                              0.750000    1.165088   -0.415088 (VIOLATED)
_16090_/B1                              0.750000    1.165088   -0.415088 (VIOLATED)
fanout1150/X                            0.750000    1.165088   -0.415088 (VIOLATED)
_11276_/A1                              0.750000    1.164836   -0.414836 (VIOLATED)
_11175_/A1                              0.750000    1.164827   -0.414827 (VIOLATED)
_11057_/A1                              0.750000    1.164820   -0.414820 (VIOLATED)
_11116_/A1                              0.750000    1.164809   -0.414809 (VIOLATED)
_11340_/A1                              0.750000    1.164799   -0.414799 (VIOLATED)
_10996_/A1                              0.750000    1.164789   -0.414789 (VIOLATED)
_10163_/A1                              0.750000    1.164768   -0.414768 (VIOLATED)
_10221_/A1                              0.750000    1.164749   -0.414749 (VIOLATED)
_10877_/A1                              0.750000    1.164746   -0.414746 (VIOLATED)
_10506_/A0                              0.750000    1.164737   -0.414737 (VIOLATED)
fanout1126/X                            0.750000    1.164737   -0.414737 (VIOLATED)
_18128_/A0                              0.750000    1.164531   -0.414531 (VIOLATED)
_17641_/A1                              0.750000    1.164239   -0.414239 (VIOLATED)
_17389_/A1                              0.750000    1.164234   -0.414234 (VIOLATED)
_17781_/A1                              0.750000    1.164225   -0.414225 (VIOLATED)
_17518_/A1                              0.750000    1.164209   -0.414209 (VIOLATED)
_12768_/X                               0.750000    1.164140   -0.414140 (VIOLATED)
_16968_/S                               0.750000    1.163609   -0.413609 (VIOLATED)
fanout822/A                             0.750000    1.163386   -0.413386 (VIOLATED)
_16935_/X                               0.750000    1.163057   -0.413057 (VIOLATED)
_16849_/S                               0.750000    1.161976   -0.411976 (VIOLATED)
_16843_/S                               0.750000    1.161967   -0.411967 (VIOLATED)
wire592/A                               0.750000    1.161937   -0.411937 (VIOLATED)
_16859_/S                               0.750000    1.161932   -0.411932 (VIOLATED)
_16851_/S                               0.750000    1.161919   -0.411919 (VIOLATED)
fanout591/X                             0.750000    1.161915   -0.411915 (VIOLATED)
wire1766/A                              0.750000    1.161773   -0.411773 (VIOLATED)
_10514_/B1                              0.750000    1.161769   -0.411769 (VIOLATED)
_10404_/B1                              0.750000    1.161767   -0.411767 (VIOLATED)
_10577_/B1                              0.750000    1.161765   -0.411765 (VIOLATED)
_11263_/A2                              0.750000    1.161766   -0.411766 (VIOLATED)
fanout1765/X                            0.750000    1.161765   -0.411765 (VIOLATED)
_18389_/A2                              0.750000    1.161709   -0.411709 (VIOLATED)
_18395_/A2                              0.750000    1.161706   -0.411706 (VIOLATED)
_18401_/A2                              0.750000    1.161704   -0.411704 (VIOLATED)
_18406_/A2                              0.750000    1.161702   -0.411702 (VIOLATED)
_18412_/A2                              0.750000    1.161695   -0.411695 (VIOLATED)
_18331_/B2                              0.750000    1.161669   -0.411669 (VIOLATED)
_18423_/A2                              0.750000    1.161660   -0.411660 (VIOLATED)
_18344_/A2                              0.750000    1.161637   -0.411637 (VIOLATED)
_18350_/A2                              0.750000    1.161637   -0.411637 (VIOLATED)
_18355_/A2                              0.750000    1.161637   -0.411637 (VIOLATED)
fanout1178/X                            0.750000    1.161637   -0.411637 (VIOLATED)
_13555_/C1                              0.750000    1.160004   -0.410004 (VIOLATED)
_13722_/C1                              0.750000    1.159996   -0.409996 (VIOLATED)
_13439_/A2                              0.750000    1.159974   -0.409974 (VIOLATED)
_13480_/C1                              0.750000    1.159956   -0.409957 (VIOLATED)
_13966_/B1                              0.750000    1.159926   -0.409926 (VIOLATED)
_14415_/D1                              0.750000    1.159911   -0.409911 (VIOLATED)
_14307_/D1                              0.750000    1.159911   -0.409911 (VIOLATED)
_14032_/C1                              0.750000    1.159894   -0.409894 (VIOLATED)
_14122_/C1                              0.750000    1.159881   -0.409881 (VIOLATED)
_14212_/B1                              0.750000    1.159881   -0.409881 (VIOLATED)
fanout994/X                             0.750000    1.159881   -0.409881 (VIOLATED)
_11816_/A1                              0.750000    1.159340   -0.409340 (VIOLATED)
fanout1712/A                            0.750000    1.159318   -0.409318 (VIOLATED)
fanout1714/A                            0.750000    1.159315   -0.409315 (VIOLATED)
fanout1718/X                            0.750000    1.159315   -0.409315 (VIOLATED)
wire1719/A                              0.750000    1.159315   -0.409315 (VIOLATED)
_18043_/A2                              0.750000    1.157874   -0.407874 (VIOLATED)
_18034_/A2                              0.750000    1.157867   -0.407867 (VIOLATED)
_18037_/A2                              0.750000    1.157860   -0.407860 (VIOLATED)
_18031_/A2                              0.750000    1.157845   -0.407845 (VIOLATED)
_18028_/A2                              0.750000    1.157817   -0.407817 (VIOLATED)
_12039_/B                               0.750000    1.157804   -0.407804 (VIOLATED)
_18025_/A2                              0.750000    1.157796   -0.407796 (VIOLATED)
_18022_/A2                              0.750000    1.157786   -0.407786 (VIOLATED)
_18016_/A2                              0.750000    1.157782   -0.407782 (VIOLATED)
_18019_/A2                              0.750000    1.157782   -0.407782 (VIOLATED)
_18040_/A2                              0.750000    1.157782   -0.407782 (VIOLATED)
fanout989/X                             0.750000    1.157782   -0.407782 (VIOLATED)
_21716_/Q                               0.750000    1.156836   -0.406836 (VIOLATED)
_11885_/B1                              0.750000    1.156649   -0.406649 (VIOLATED)
_11762_/B1                              0.750000    1.156644   -0.406644 (VIOLATED)
_11587_/B1                              0.750000    1.156644   -0.406644 (VIOLATED)
_11702_/B1                              0.750000    1.156639   -0.406639 (VIOLATED)
_11647_/B1                              0.750000    1.156638   -0.406638 (VIOLATED)
_11819_/B1                              0.750000    1.156624   -0.406624 (VIOLATED)
_11525_/B2                              0.750000    1.156622   -0.406622 (VIOLATED)
_10040_/A                               0.750000    1.156584   -0.406584 (VIOLATED)
_10043_/A                               0.750000    1.156578   -0.406578 (VIOLATED)
_10770_/A1                              0.750000    1.156554   -0.406554 (VIOLATED)
_10769_/A                               0.750000    1.156542   -0.406542 (VIOLATED)
_10306_/A1                              0.750000    1.156503   -0.406503 (VIOLATED)
_11275_/A2                              0.750000    1.156203   -0.406203 (VIOLATED)
_11339_/A1                              0.750000    1.156203   -0.406203 (VIOLATED)
_11398_/A1                              0.750000    1.156203   -0.406203 (VIOLATED)
fanout1181/X                            0.750000    1.156203   -0.406203 (VIOLATED)
_10367_/A1                              0.750000    1.156175   -0.406175 (VIOLATED)
_13322_/B1                              0.750000    1.156173   -0.406173 (VIOLATED)
_13419_/B1                              0.750000    1.156173   -0.406173 (VIOLATED)
_13431_/A                               0.750000    1.156173   -0.406173 (VIOLATED)
_13432_/A                               0.750000    1.156173   -0.406173 (VIOLATED)
fanout1192/X                            0.750000    1.156173   -0.406173 (VIOLATED)
_10898_/B2                              0.750000    1.156074   -0.406074 (VIOLATED)
fanout1752/A                            0.750000    1.156072   -0.406072 (VIOLATED)
_11867_/C1                              0.750000    1.156064   -0.406064 (VIOLATED)
_10885_/A3                              0.750000    1.156059   -0.406059 (VIOLATED)
_11330_/C1                              0.750000    1.156059   -0.406059 (VIOLATED)
fanout1740/A                            0.750000    1.156059   -0.406059 (VIOLATED)
fanout1754/X                            0.750000    1.156059   -0.406059 (VIOLATED)
_16266_/C1                              0.750000    1.155752   -0.405752 (VIOLATED)
_14759_/C1                              0.750000    1.155746   -0.405746 (VIOLATED)
_14760_/A1                              0.750000    1.155739   -0.405739 (VIOLATED)
_14527_/A1                              0.750000    1.155696   -0.405696 (VIOLATED)
_14315_/A1                              0.750000    1.155656   -0.405656 (VIOLATED)
_10280_/A2                              0.750000    1.155576   -0.405576 (VIOLATED)
fanout1467/A                            0.750000    1.155532   -0.405533 (VIOLATED)
_18480_/A                               0.750000    1.155484   -0.405484 (VIOLATED)
_18741_/B2                              0.750000    1.155386   -0.405386 (VIOLATED)
_16354_/A                               0.750000    1.155192   -0.405192 (VIOLATED)
_10274_/B                               0.750000    1.155183   -0.405183 (VIOLATED)
_13301_/A3                              0.750000    1.155180   -0.405180 (VIOLATED)
fanout1468/X                            0.750000    1.155180   -0.405180 (VIOLATED)
_10273_/X                               0.750000    1.154976   -0.404977 (VIOLATED)
_18418_/A2                              0.750000    1.154116   -0.404116 (VIOLATED)
_18361_/A2                              0.750000    1.154088   -0.404088 (VIOLATED)
_18378_/A2                              0.750000    1.154082   -0.404082 (VIOLATED)
fanout1178/A                            0.750000    1.154067   -0.404067 (VIOLATED)
_18338_/A2                              0.750000    1.154066   -0.404066 (VIOLATED)
_18372_/A2                              0.750000    1.154057   -0.404057 (VIOLATED)
_18367_/A2                              0.750000    1.154035   -0.404035 (VIOLATED)
_18384_/A2                              0.750000    1.154032   -0.404032 (VIOLATED)
fanout1179/X                            0.750000    1.154023   -0.404023 (VIOLATED)
_18273_/B1                              0.750000    1.152963   -0.402963 (VIOLATED)
_18267_/B1                              0.750000    1.152958   -0.402958 (VIOLATED)
_18281_/B1                              0.750000    1.152956   -0.402957 (VIOLATED)
_18289_/B1                              0.750000    1.152934   -0.402934 (VIOLATED)
_18297_/B1                              0.750000    1.152934   -0.402934 (VIOLATED)
_18304_/B1                              0.750000    1.152920   -0.402920 (VIOLATED)
_18311_/B1                              0.750000    1.152897   -0.402897 (VIOLATED)
_18317_/B1                              0.750000    1.152869   -0.402869 (VIOLATED)
_18332_/A1                              0.750000    1.152790   -0.402790 (VIOLATED)
_12399_/C1                              0.750000    1.152707   -0.402707 (VIOLATED)
_11277_/B                               0.750000    1.152526   -0.402526 (VIOLATED)
_11279_/B                               0.750000    1.152526   -0.402526 (VIOLATED)
wire2177/A                              0.750000    1.152496   -0.402496 (VIOLATED)
_11967_/S1                              0.750000    1.152468   -0.402468 (VIOLATED)
fanout2174/A                            0.750000    1.152421   -0.402421 (VIOLATED)
fanout2176/X                            0.750000    1.152410   -0.402410 (VIOLATED)
fanout1527/X                            0.750000    1.152394   -0.402394 (VIOLATED)
_12827_/A2                              0.750000    1.148135   -0.398135 (VIOLATED)
_12816_/A2                              0.750000    1.148133   -0.398133 (VIOLATED)
_12993_/B1                              0.750000    1.148108   -0.398108 (VIOLATED)
_12853_/A2                              0.750000    1.148045   -0.398045 (VIOLATED)
_12676_/Y                               0.750000    1.147487   -0.397487 (VIOLATED)
_13735_/C1                              0.750000    1.146542   -0.396542 (VIOLATED)
_14430_/A1                              0.750000    1.146541   -0.396541 (VIOLATED)
_13550_/C1                              0.750000    1.146531   -0.396531 (VIOLATED)
_13743_/C1                              0.750000    1.146529   -0.396529 (VIOLATED)
_13614_/C1                              0.750000    1.146528   -0.396528 (VIOLATED)
_13475_/C1                              0.750000    1.146527   -0.396527 (VIOLATED)
_13817_/C1                              0.750000    1.146521   -0.396521 (VIOLATED)
_13971_/A1                              0.750000    1.146513   -0.396513 (VIOLATED)
_13321_/C1                              0.750000    1.146513   -0.396513 (VIOLATED)
_14228_/A1                              0.750000    1.146499   -0.396499 (VIOLATED)
fanout1422/X                            0.750000    1.146499   -0.396499 (VIOLATED)
wire1340/A                              0.750000    1.145633   -0.395633 (VIOLATED)
_12953_/B1                              0.750000    1.145614   -0.395614 (VIOLATED)
_13006_/B1                              0.750000    1.145469   -0.395469 (VIOLATED)
_12974_/A2                              0.750000    1.145409   -0.395409 (VIOLATED)
_13014_/A2                              0.750000    1.145406   -0.395406 (VIOLATED)
_13068_/A2                              0.750000    1.145394   -0.395395 (VIOLATED)
_13055_/A2                              0.750000    1.145388   -0.395388 (VIOLATED)
_13081_/A2                              0.750000    1.145383   -0.395383 (VIOLATED)
_12988_/A2                              0.750000    1.145370   -0.395370 (VIOLATED)
_13001_/A2                              0.750000    1.145363   -0.395363 (VIOLATED)
_12918_/A2                              0.750000    1.145361   -0.395361 (VIOLATED)
_12946_/A2                              0.750000    1.145360   -0.395360 (VIOLATED)
_12932_/A2                              0.750000    1.145357   -0.395357 (VIOLATED)
fanout430/X                             0.750000    1.145357   -0.395357 (VIOLATED)
_13010_/A1                              0.750000    1.145090   -0.395090 (VIOLATED)
_13074_/B1                              0.750000    1.145088   -0.395088 (VIOLATED)
_13037_/A1                              0.750000    1.145085   -0.395085 (VIOLATED)
_13091_/A1                              0.750000    1.145075   -0.395075 (VIOLATED)
_13024_/A1                              0.750000    1.145072   -0.395072 (VIOLATED)
_12996_/A1                              0.750000    1.145041   -0.395041 (VIOLATED)
_12970_/A1                              0.750000    1.145035   -0.395035 (VIOLATED)
_12956_/A1                              0.750000    1.145034   -0.395034 (VIOLATED)
_12942_/A1                              0.750000    1.145008   -0.395008 (VIOLATED)
_12915_/A1                              0.750000    1.144994   -0.394994 (VIOLATED)
fanout1285/X                            0.750000    1.144994   -0.394994 (VIOLATED)
fanout1338/A                            0.750000    1.144821   -0.394821 (VIOLATED)
fanout1339/X                            0.750000    1.144821   -0.394821 (VIOLATED)
_15714_/S                               0.750000    1.143568   -0.393568 (VIOLATED)
_13889_/S                               0.750000    1.143517   -0.393517 (VIOLATED)
_13737_/S                               0.750000    1.143094   -0.393094 (VIOLATED)
_13811_/S                               0.750000    1.143083   -0.393083 (VIOLATED)
_13673_/S                               0.750000    1.142984   -0.392984 (VIOLATED)
load_slew865/A                          0.750000    1.142843   -0.392843 (VIOLATED)
fanout864/X                             0.750000    1.142839   -0.392839 (VIOLATED)
_13109_/A                               0.750000    1.141914   -0.391914 (VIOLATED)
_18003_/A                               0.750000    1.141908   -0.391908 (VIOLATED)
_13111_/A3                              0.750000    1.141888   -0.391888 (VIOLATED)
_18419_/A1                              0.750000    1.141887   -0.391887 (VIOLATED)
_18097_/B2                              0.750000    1.141886   -0.391886 (VIOLATED)
_13151_/A1                              0.750000    1.141824   -0.391824 (VIOLATED)
_17931_/A0                              0.750000    1.141824   -0.391824 (VIOLATED)
_17964_/A0                              0.750000    1.141824   -0.391824 (VIOLATED)
_18118_/A0                              0.750000    1.141824   -0.391824 (VIOLATED)
_18153_/A0                              0.750000    1.141824   -0.391824 (VIOLATED)
fanout925/X                             0.750000    1.141824   -0.391824 (VIOLATED)
_18047_/A2                              0.750000    1.139294   -0.389294 (VIOLATED)
_18040_/B1                              0.750000    1.139292   -0.389292 (VIOLATED)
_18044_/A2                              0.750000    1.139285   -0.389285 (VIOLATED)
_18035_/A2                              0.750000    1.139276   -0.389276 (VIOLATED)
_18037_/B1                              0.750000    1.139266   -0.389266 (VIOLATED)
_18032_/A2                              0.750000    1.139193   -0.389193 (VIOLATED)
_18029_/A2                              0.750000    1.139146   -0.389146 (VIOLATED)
_18026_/A2                              0.750000    1.139118   -0.389118 (VIOLATED)
_18023_/A2                              0.750000    1.139092   -0.389092 (VIOLATED)
_18020_/A2                              0.750000    1.139052   -0.389052 (VIOLATED)
fanout736/X                             0.750000    1.139047   -0.389047 (VIOLATED)
fanout2604/A                            0.750000    1.136757   -0.386757 (VIOLATED)
fanout2594/A                            0.750000    1.136753   -0.386753 (VIOLATED)
fanout2599/A                            0.750000    1.136740   -0.386740 (VIOLATED)
fanout2582/A                            0.750000    1.136711   -0.386711 (VIOLATED)
fanout2571/A                            0.750000    1.136695   -0.386695 (VIOLATED)
fanout2577/A                            0.750000    1.136691   -0.386691 (VIOLATED)
fanout2605/X                            0.750000    1.136691   -0.386691 (VIOLATED)
_12730_/A2                              0.750000    1.135021   -0.385021 (VIOLATED)
_12744_/A2                              0.750000    1.135016   -0.385016 (VIOLATED)
fanout429/A                             0.750000    1.135007   -0.385007 (VIOLATED)
_12851_/A2                              0.750000    1.134994   -0.384994 (VIOLATED)
fanout431/A                             0.750000    1.134650   -0.384651 (VIOLATED)
_12715_/A1                              0.750000    1.134646   -0.384646 (VIOLATED)
fanout432/X                             0.750000    1.134646   -0.384646 (VIOLATED)
_19694_/A2                              0.750000    1.134176   -0.384176 (VIOLATED)
_19628_/A2                              0.750000    1.134158   -0.384158 (VIOLATED)
_19703_/C1                              0.750000    1.134157   -0.384157 (VIOLATED)
_19676_/A2                              0.750000    1.134140   -0.384140 (VIOLATED)
_19657_/A2                              0.750000    1.134127   -0.384127 (VIOLATED)
_19622_/A2                              0.750000    1.134065   -0.384065 (VIOLATED)
_18276_/A2                              0.750000    1.133968   -0.383968 (VIOLATED)
_18284_/A2                              0.750000    1.133965   -0.383965 (VIOLATED)
_18299_/A2                              0.750000    1.133961   -0.383961 (VIOLATED)
_18292_/A2                              0.750000    1.133943   -0.383943 (VIOLATED)
_18313_/A2                              0.750000    1.133936   -0.383936 (VIOLATED)
_18319_/A2                              0.750000    1.133906   -0.383906 (VIOLATED)
_18327_/A2                              0.750000    1.133905   -0.383905 (VIOLATED)
_18334_/A2                              0.750000    1.133898   -0.383898 (VIOLATED)
_18255_/A2                              0.750000    1.133866   -0.383866 (VIOLATED)
_18306_/A2                              0.750000    1.133863   -0.383864 (VIOLATED)
fanout362/X                             0.750000    1.133863   -0.383864 (VIOLATED)
_19571_/A2                              0.750000    1.133634   -0.383634 (VIOLATED)
_19583_/A2                              0.750000    1.133599   -0.383599 (VIOLATED)
fanout278/A                             0.750000    1.133453   -0.383453 (VIOLATED)
fanout277/A                             0.750000    1.133410   -0.383410 (VIOLATED)
fanout279/X                             0.750000    1.133410   -0.383410 (VIOLATED)
_11761_/A                               0.750000    1.131670   -0.381670 (VIOLATED)
_11646_/A                               0.750000    1.131669   -0.381669 (VIOLATED)
_11818_/A                               0.750000    1.131649   -0.381649 (VIOLATED)
_11022_/A1                              0.750000    1.131623   -0.381623 (VIOLATED)
_10474_/B2                              0.750000    1.131622   -0.381622 (VIOLATED)
_11208_/A1                              0.750000    1.131615   -0.381615 (VIOLATED)
_11946_/A1                              0.750000    1.131253   -0.381253 (VIOLATED)
_10969_/A1                              0.750000    1.131231   -0.381231 (VIOLATED)
_09966_/A2                              0.750000    1.131227   -0.381227 (VIOLATED)
_10129_/A1                              0.750000    1.131227   -0.381227 (VIOLATED)
fanout1404/X                            0.750000    1.131227   -0.381227 (VIOLATED)
_18326_/B1                              0.750000    1.129315   -0.379315 (VIOLATED)
_18333_/B1                              0.750000    1.129305   -0.379305 (VIOLATED)
_19385_/A1                              0.750000    1.129272   -0.379272 (VIOLATED)
_19559_/B2                              0.750000    1.129262   -0.379262 (VIOLATED)
_19525_/A1                              0.750000    1.129260   -0.379260 (VIOLATED)
_19625_/B2                              0.750000    1.129258   -0.379258 (VIOLATED)
_19623_/B1                              0.750000    1.129255   -0.379255 (VIOLATED)
_18225_/B1                              0.750000    1.129237   -0.379237 (VIOLATED)
fanout911/A                             0.750000    1.129202   -0.379202 (VIOLATED)
_18247_/B1                              0.750000    1.129201   -0.379201 (VIOLATED)
_18240_/B1                              0.750000    1.129200   -0.379200 (VIOLATED)
_17993_/B                               0.750000    1.129188   -0.379188 (VIOLATED)
_18232_/B1                              0.750000    1.129184   -0.379184 (VIOLATED)
fanout913/X                             0.750000    1.129184   -0.379184 (VIOLATED)
_19489_/A                               0.750000    1.129166   -0.379166 (VIOLATED)
fanout572/A                             0.750000    1.129137   -0.379137 (VIOLATED)
_19463_/C                               0.750000    1.129133   -0.379133 (VIOLATED)
fanout567/A                             0.750000    1.129129   -0.379129 (VIOLATED)
ANTENNA_4/DIODE                         0.750000    1.129126   -0.379126 (VIOLATED)
fanout569/A                             0.750000    1.129075   -0.379075 (VIOLATED)
ANTENNA_60/DIODE                        0.750000    1.129052   -0.379052 (VIOLATED)
fanout564/A                             0.750000    1.129050   -0.379050 (VIOLATED)
_16969_/X                               0.750000    1.128976   -0.378976 (VIOLATED)
_19484_/A3                              0.750000    1.128755   -0.378755 (VIOLATED)
_19487_/A1                              0.750000    1.128755   -0.378755 (VIOLATED)
_19493_/A                               0.750000    1.128755   -0.378755 (VIOLATED)
fanout1542/X                            0.750000    1.128755   -0.378755 (VIOLATED)
_11759_/C1                              0.750000    1.127880   -0.377880 (VIOLATED)
_11693_/B1                              0.750000    1.127878   -0.377878 (VIOLATED)
_10295_/B1                              0.750000    1.127845   -0.377845 (VIOLATED)
_10837_/B1                              0.750000    1.127845   -0.377845 (VIOLATED)
_10959_/A                               0.750000    1.127845   -0.377845 (VIOLATED)
fanout1945/X                            0.750000    1.127845   -0.377845 (VIOLATED)
_11791_/B2                              0.750000    1.127777   -0.377777 (VIOLATED)
_11914_/B2                              0.750000    1.127765   -0.377765 (VIOLATED)
fanout1614/A                            0.750000    1.127675   -0.377675 (VIOLATED)
fanout1610/A                            0.750000    1.127660   -0.377660 (VIOLATED)
_10083_/Y                               0.750000    1.127588   -0.377588 (VIOLATED)
_16355_/B1                              0.750000    1.126603   -0.376603 (VIOLATED)
_15213_/B1                              0.750000    1.126600   -0.376600 (VIOLATED)
_14994_/B1                              0.750000    1.126597   -0.376597 (VIOLATED)
_15322_/B1                              0.750000    1.126578   -0.376578 (VIOLATED)
_15713_/B1                              0.750000    1.126569   -0.376569 (VIOLATED)
_16268_/B1                              0.750000    1.126569   -0.376569 (VIOLATED)
_15417_/B1                              0.750000    1.126568   -0.376568 (VIOLATED)
_14885_/B1                              0.750000    1.126563   -0.376563 (VIOLATED)
_15516_/B1                              0.750000    1.126536   -0.376536 (VIOLATED)
_15809_/B1                              0.750000    1.126536   -0.376536 (VIOLATED)
fanout1149/X                            0.750000    1.126536   -0.376536 (VIOLATED)
_19233_/S                               0.750000    1.124910   -0.374910 (VIOLATED)
_19225_/S                               0.750000    1.124907   -0.374907 (VIOLATED)
wire1243/A                              0.750000    1.124894   -0.374894 (VIOLATED)
fanout1882/A                            0.750000    1.124891   -0.374891 (VIOLATED)
_19201_/S                               0.750000    1.124878   -0.374878 (VIOLATED)
_19185_/S                               0.750000    1.124876   -0.374876 (VIOLATED)
_19187_/S                               0.750000    1.124875   -0.374875 (VIOLATED)
_19197_/S                               0.750000    1.124855   -0.374855 (VIOLATED)
_19183_/S                               0.750000    1.124845   -0.374845 (VIOLATED)
_19213_/S                               0.750000    1.124845   -0.374845 (VIOLATED)
_19215_/S                               0.750000    1.124845   -0.374845 (VIOLATED)
fanout1883/X                            0.750000    1.124845   -0.374845 (VIOLATED)
_13820_/Y                               0.750000    1.124839   -0.374839 (VIOLATED)
_11195_/A1                              0.750000    1.124314   -0.374314 (VIOLATED)
_11069_/A1                              0.750000    1.124306   -0.374306 (VIOLATED)
_11077_/A1                              0.750000    1.124272   -0.374272 (VIOLATED)
_11203_/A1                              0.750000    1.124269   -0.374269 (VIOLATED)
_11388_/A1                              0.750000    1.124248   -0.374248 (VIOLATED)
_11393_/B2                              0.750000    1.124227   -0.374227 (VIOLATED)
fanout1731/X                            0.750000    1.124227   -0.374227 (VIOLATED)
_11245_/A2                              0.750000    1.123060   -0.373060 (VIOLATED)
ANTENNA_67/DIODE                        0.750000    1.122742   -0.372742 (VIOLATED)
_18497_/A1                              0.750000    1.122736   -0.372736 (VIOLATED)
_15919_/B                               0.750000    1.122667   -0.372667 (VIOLATED)
_16020_/B1                              0.750000    1.122667   -0.372667 (VIOLATED)
_15826_/B1                              0.750000    1.122661   -0.372661 (VIOLATED)
_15647_/B                               0.750000    1.122656   -0.372656 (VIOLATED)
_16559_/S                               0.750000    1.122652   -0.372652 (VIOLATED)
_15728_/B                               0.750000    1.122649   -0.372649 (VIOLATED)
_16187_/B                               0.750000    1.122629   -0.372629 (VIOLATED)
_16276_/B                               0.750000    1.122551   -0.372551 (VIOLATED)
_18883_/A                               0.750000    1.122541   -0.372541 (VIOLATED)
_16560_/S                               0.750000    1.122530   -0.372530 (VIOLATED)
load_slew670/A                          0.750000    1.122418   -0.372418 (VIOLATED)
_15444_/C                               0.750000    1.122119   -0.372119 (VIOLATED)
_15022_/B                               0.750000    1.122115   -0.372115 (VIOLATED)
fanout1210/X                            0.750000    1.122115   -0.372115 (VIOLATED)
fanout661/A                             0.750000    1.121880   -0.371880 (VIOLATED)
fanout669/X                             0.750000    1.121880   -0.371880 (VIOLATED)
ANTENNA_7/DIODE                         0.750000    1.121395   -0.371395 (VIOLATED)
_18791_/A1                              0.750000    1.121357   -0.371357 (VIOLATED)
ANTENNA_6/DIODE                         0.750000    1.120218   -0.370218 (VIOLATED)
_13652_/A1                              0.750000    1.119981   -0.369981 (VIOLATED)
_11237_/X                               0.750000    1.117835   -0.367835 (VIOLATED)
_11941_/B2                              0.750000    1.114703   -0.364703 (VIOLATED)
_11935_/A1                              0.750000    1.114694   -0.364694 (VIOLATED)
_10835_/A1                              0.750000    1.114684   -0.364684 (VIOLATED)
wire1730/A                              0.750000    1.114684   -0.364684 (VIOLATED)
_11637_/A1                              0.750000    1.114683   -0.364683 (VIOLATED)
_11446_/A1                              0.750000    1.114676   -0.364676 (VIOLATED)
fanout1729/X                            0.750000    1.114676   -0.364676 (VIOLATED)
_18088_/A2                              0.750000    1.114544   -0.364544 (VIOLATED)
_18085_/A2                              0.750000    1.114543   -0.364543 (VIOLATED)
_18070_/A2                              0.750000    1.114535   -0.364535 (VIOLATED)
_18061_/A2                              0.750000    1.114511   -0.364511 (VIOLATED)
_18058_/A2                              0.750000    1.114498   -0.364498 (VIOLATED)
_18055_/A2                              0.750000    1.114472   -0.364472 (VIOLATED)
_18006_/B1                              0.750000    1.114468   -0.364468 (VIOLATED)
_17970_/B1                              0.750000    1.114467   -0.364467 (VIOLATED)
_18221_/B1                              0.750000    1.114467   -0.364467 (VIOLATED)
_18222_/B1                              0.750000    1.114467   -0.364467 (VIOLATED)
fanout991/X                             0.750000    1.114467   -0.364467 (VIOLATED)
_10469_/B2                              0.750000    1.113572   -0.363572 (VIOLATED)
_10524_/B2                              0.750000    1.113554   -0.363554 (VIOLATED)
_11264_/A1                              0.750000    1.113549   -0.363549 (VIOLATED)
_10518_/A1                              0.750000    1.113505   -0.363505 (VIOLATED)
load_slew1723/A                         0.750000    1.113435   -0.363435 (VIOLATED)
_10463_/A1                              0.750000    1.113402   -0.363402 (VIOLATED)
_10629_/B1                              0.750000    1.113400   -0.363400 (VIOLATED)
_10409_/A1                              0.750000    1.113390   -0.363390 (VIOLATED)
fanout1722/X                            0.750000    1.113390   -0.363390 (VIOLATED)
_13637_/B                               0.750000    1.113366   -0.363366 (VIOLATED)
_13639_/B                               0.750000    1.113360   -0.363360 (VIOLATED)
_13638_/B                               0.750000    1.113345   -0.363345 (VIOLATED)
_12742_/A1                              0.750000    1.113335   -0.363335 (VIOLATED)
_12732_/A                               0.750000    1.113335   -0.363335 (VIOLATED)
_11587_/A1                              0.750000    1.113305   -0.363305 (VIOLATED)
ANTENNA_27/DIODE                        0.750000    1.113293   -0.363293 (VIOLATED)
_13379_/A1                              0.750000    1.113208   -0.363208 (VIOLATED)
_13369_/A                               0.750000    1.113204   -0.363204 (VIOLATED)
ANTENNA_26/DIODE                        0.750000    1.113170   -0.363170 (VIOLATED)
_10474_/A1_N                            0.750000    1.113005   -0.363005 (VIOLATED)
_10628_/X                               0.750000    1.112574   -0.362574 (VIOLATED)
fanout2345/A                            0.750000    1.111838   -0.361838 (VIOLATED)
fanout2339/A                            0.750000    1.111826   -0.361826 (VIOLATED)
fanout2327/A                            0.750000    1.111797   -0.361797 (VIOLATED)
fanout2351/A                            0.750000    1.111772   -0.361772 (VIOLATED)
fanout2348/A                            0.750000    1.111765   -0.361765 (VIOLATED)
fanout2334/A                            0.750000    1.111752   -0.361752 (VIOLATED)
fanout2353/X                            0.750000    1.111752   -0.361752 (VIOLATED)
_09836_/A                               0.750000    1.110352   -0.360352 (VIOLATED)
_19399_/S1                              0.750000    1.110352   -0.360352 (VIOLATED)
_19408_/S1                              0.750000    1.110348   -0.360348 (VIOLATED)
_19419_/S1                              0.750000    1.110323   -0.360323 (VIOLATED)
_19411_/S1                              0.750000    1.110322   -0.360322 (VIOLATED)
_19393_/S1                              0.750000    1.110294   -0.360294 (VIOLATED)
_19396_/S1                              0.750000    1.110286   -0.360286 (VIOLATED)
_19390_/S1                              0.750000    1.110276   -0.360276 (VIOLATED)
_19415_/S1                              0.750000    1.110272   -0.360272 (VIOLATED)
_19387_/S1                              0.750000    1.110269   -0.360269 (VIOLATED)
fanout2313/X                            0.750000    1.110269   -0.360269 (VIOLATED)
_09991_/C_N                             0.750000    1.109134   -0.359134 (VIOLATED)
_13878_/A1                              0.750000    1.106379   -0.356379 (VIOLATED)
_13877_/A1                              0.750000    1.106378   -0.356378 (VIOLATED)
_13876_/S                               0.750000    1.106372   -0.356372 (VIOLATED)
_13708_/S                               0.750000    1.106365   -0.356365 (VIOLATED)
_13615_/A1                              0.750000    1.106349   -0.356349 (VIOLATED)
_13483_/A1                              0.750000    1.106345   -0.356345 (VIOLATED)
_13557_/A1                              0.750000    1.106328   -0.356328 (VIOLATED)
_13626_/A1                              0.750000    1.106323   -0.356323 (VIOLATED)
_13517_/S0                              0.750000    1.106298   -0.356298 (VIOLATED)
_13796_/S                               0.750000    1.106298   -0.356298 (VIOLATED)
fanout1069/X                            0.750000    1.106298   -0.356298 (VIOLATED)
_13089_/B1                              0.750000    1.105669   -0.355669 (VIOLATED)
_12922_/B1                              0.750000    1.105632   -0.355632 (VIOLATED)
_13103_/A2                              0.750000    1.105624   -0.355624 (VIOLATED)
fanout1341/A                            0.750000    1.105619   -0.355619 (VIOLATED)
_12910_/A2                              0.750000    1.105520   -0.355520 (VIOLATED)
_11753_/D1                              0.750000    1.105087   -0.355087 (VIOLATED)
fanout1815/A                            0.750000    1.105054   -0.355054 (VIOLATED)
_12843_/B1                              0.750000    1.105053   -0.355053 (VIOLATED)
fanout1342/X                            0.750000    1.105053   -0.355053 (VIOLATED)
_11873_/C1                              0.750000    1.104744   -0.354744 (VIOLATED)
_11810_/C1                              0.750000    1.104741   -0.354741 (VIOLATED)
fanout1809/A                            0.750000    1.104737   -0.354737 (VIOLATED)
fanout1818/X                            0.750000    1.104737   -0.354737 (VIOLATED)
fanout1927/A                            0.750000    1.104517   -0.354517 (VIOLATED)
_21628_/Q                               0.750000    1.104479   -0.354479 (VIOLATED)
_11059_/A2                              0.750000    1.103487   -0.353487 (VIOLATED)
_18495_/A1                              0.750000    1.103188   -0.353188 (VIOLATED)
_18784_/A1                              0.750000    1.103007   -0.353007 (VIOLATED)
_11054_/A2                              0.750000    1.102154   -0.352154 (VIOLATED)
_11052_/Y                               0.750000    1.101907   -0.351908 (VIOLATED)
_14830_/A                               0.750000    1.099249   -0.349249 (VIOLATED)
_14570_/B                               0.750000    1.099188   -0.349188 (VIOLATED)
fanout1233/A                            0.750000    1.098910   -0.348910 (VIOLATED)
_12378_/A2                              0.750000    1.098527   -0.348527 (VIOLATED)
_12029_/B2                              0.750000    1.098478   -0.348478 (VIOLATED)
_13089_/B2                              0.750000    1.098396   -0.348396 (VIOLATED)
_13977_/X                               0.750000    1.098291   -0.348291 (VIOLATED)
_19206_/S                               0.750000    1.095738   -0.345738 (VIOLATED)
_19204_/S                               0.750000    1.095733   -0.345733 (VIOLATED)
_19208_/S                               0.750000    1.095708   -0.345708 (VIOLATED)
_19180_/S                               0.750000    1.095703   -0.345703 (VIOLATED)
_19176_/S                               0.750000    1.095349   -0.345349 (VIOLATED)
_19178_/S                               0.750000    1.095334   -0.345334 (VIOLATED)
_19210_/S                               0.750000    1.095329   -0.345329 (VIOLATED)
_19172_/S                               0.750000    1.095303   -0.345303 (VIOLATED)
_19174_/S                               0.750000    1.095272   -0.345272 (VIOLATED)
_19038_/S                               0.750000    1.095253   -0.345253 (VIOLATED)
fanout228/X                             0.750000    1.095248   -0.345249 (VIOLATED)
_14916_/A1                              0.750000    1.094664   -0.344665 (VIOLATED)
_14806_/A                               0.750000    1.094661   -0.344662 (VIOLATED)
_14917_/A                               0.750000    1.094661   -0.344661 (VIOLATED)
_13647_/B                               0.750000    1.094649   -0.344649 (VIOLATED)
_14357_/A                               0.750000    1.094647   -0.344647 (VIOLATED)
_13770_/A2                              0.750000    1.094647   -0.344647 (VIOLATED)
_13648_/C                               0.750000    1.094637   -0.344637 (VIOLATED)
_13993_/A1                              0.750000    1.094316   -0.344316 (VIOLATED)
_14079_/A                               0.750000    1.094316   -0.344316 (VIOLATED)
_14081_/A1                              0.750000    1.094316   -0.344316 (VIOLATED)
fanout1253/X                            0.750000    1.094316   -0.344316 (VIOLATED)
wire821/A                               0.750000    1.093410   -0.343410 (VIOLATED)
_16941_/S                               0.750000    1.093402   -0.343402 (VIOLATED)
_16957_/S                               0.750000    1.093311   -0.343311 (VIOLATED)
_10528_/A1                              0.750000    1.093292   -0.343292 (VIOLATED)
_10244_/A1                              0.750000    1.093289   -0.343289 (VIOLATED)
_10186_/A1                              0.750000    1.093287   -0.343287 (VIOLATED)
_10652_/A1                              0.750000    1.093283   -0.343283 (VIOLATED)
_10768_/A1                              0.750000    1.093282   -0.343282 (VIOLATED)
_10767_/A1                              0.750000    1.093280   -0.343280 (VIOLATED)
_10590_/A1                              0.750000    1.093270   -0.343270 (VIOLATED)
_10364_/B2                              0.750000    1.093268   -0.343268 (VIOLATED)
_10286_/B1                              0.750000    1.093265   -0.343265 (VIOLATED)
_10713_/B2                              0.750000    1.093265   -0.343265 (VIOLATED)
fanout1403/X                            0.750000    1.093265   -0.343265 (VIOLATED)
_16946_/S                               0.750000    1.093082   -0.343082 (VIOLATED)
_11545_/A1                              0.750000    1.093080   -0.343080 (VIOLATED)
wire820/A                               0.750000    1.093069   -0.343069 (VIOLATED)
fanout819/X                             0.750000    1.093056   -0.343056 (VIOLATED)
fanout1687/A                            0.750000    1.092720   -0.342720 (VIOLATED)
_11890_/A1                              0.750000    1.092711   -0.342711 (VIOLATED)
_11850_/A1                              0.750000    1.092701   -0.342701 (VIOLATED)
input76/X                               0.750000    1.092677   -0.342677 (VIOLATED)
fanout1689/A                            0.750000    1.092659   -0.342659 (VIOLATED)
fanout1691/X                            0.750000    1.092659   -0.342659 (VIOLATED)
_14409_/C1                              0.750000    1.091285   -0.341285 (VIOLATED)
_18684_/A1                              0.750000    1.091279   -0.341279 (VIOLATED)
_18756_/A1                              0.750000    1.091279   -0.341279 (VIOLATED)
_18749_/A1                              0.750000    1.091276   -0.341276 (VIOLATED)
_18692_/A                               0.750000    1.091275   -0.341275 (VIOLATED)
_18763_/A                               0.750000    1.091275   -0.341275 (VIOLATED)
_18699_/A1                              0.750000    1.091272   -0.341272 (VIOLATED)
_18806_/A1                              0.750000    1.091270   -0.341270 (VIOLATED)
_18735_/A1                              0.750000    1.091192   -0.341192 (VIOLATED)
fanout1321/A                            0.750000    1.091192   -0.341192 (VIOLATED)
fanout1322/X                            0.750000    1.091192   -0.341192 (VIOLATED)
_18520_/A0                              0.750000    1.090801   -0.340801 (VIOLATED)
ANTENNA_82/DIODE                        0.750000    1.090796   -0.340796 (VIOLATED)
_18861_/A2                              0.750000    1.090594   -0.340594 (VIOLATED)
ANTENNA_84/DIODE                        0.750000    1.090593   -0.340593 (VIOLATED)
ANTENNA_83/DIODE                        0.750000    1.090591   -0.340591 (VIOLATED)
_18858_/A1                              0.750000    1.090588   -0.340588 (VIOLATED)
_21776_/A                               0.750000    1.090473   -0.340473 (VIOLATED)
max_cap486/A                            0.750000    1.090467   -0.340467 (VIOLATED)
_11865_/X                               0.750000    1.090454   -0.340454 (VIOLATED)
_19316_/S                               0.750000    1.090058   -0.340058 (VIOLATED)
_19315_/S                               0.750000    1.090054   -0.340054 (VIOLATED)
_19317_/S                               0.750000    1.090046   -0.340046 (VIOLATED)
_19301_/S                               0.750000    1.090032   -0.340032 (VIOLATED)
_19303_/S                               0.750000    1.090023   -0.340023 (VIOLATED)
_19043_/S                               0.750000    1.090017   -0.340017 (VIOLATED)
_19299_/S                               0.750000    1.090017   -0.340017 (VIOLATED)
_19300_/S                               0.750000    1.090017   -0.340017 (VIOLATED)
_19302_/S                               0.750000    1.090017   -0.340017 (VIOLATED)
_19318_/S                               0.750000    1.090017   -0.340017 (VIOLATED)
fanout1521/X                            0.750000    1.090017   -0.340017 (VIOLATED)
_13555_/A1                              0.750000    1.090002   -0.340002 (VIOLATED)
_15983_/A1                              0.750000    1.090002   -0.340002 (VIOLATED)
_13722_/A1                              0.750000    1.089997   -0.339997 (VIOLATED)
_13640_/B2                              0.750000    1.089989   -0.339989 (VIOLATED)
_13430_/B1                              0.750000    1.089986   -0.339986 (VIOLATED)
_13434_/A                               0.750000    1.089986   -0.339986 (VIOLATED)
_13480_/A1                              0.750000    1.089977   -0.339977 (VIOLATED)
_13965_/B1                              0.750000    1.089977   -0.339977 (VIOLATED)
_14032_/A1                              0.750000    1.089977   -0.339977 (VIOLATED)
_14415_/A1                              0.750000    1.089977   -0.339977 (VIOLATED)
fanout1168/X                            0.750000    1.089977   -0.339977 (VIOLATED)
wire1846/A                              0.750000    1.088210   -0.338210 (VIOLATED)
_10727_/A1                              0.750000    1.088190   -0.338190 (VIOLATED)
_10904_/A                               0.750000    1.088187   -0.338187 (VIOLATED)
_10777_/C1                              0.750000    1.088183   -0.338183 (VIOLATED)
_10664_/C1                              0.750000    1.088179   -0.338179 (VIOLATED)
fanout1845/X                            0.750000    1.088178   -0.338178 (VIOLATED)
_18077_/A2                              0.750000    1.087721   -0.337721 (VIOLATED)
_18068_/A2                              0.750000    1.087721   -0.337721 (VIOLATED)
_18088_/B1                              0.750000    1.087711   -0.337711 (VIOLATED)
_18092_/A2                              0.750000    1.087701   -0.337701 (VIOLATED)
_18086_/A2                              0.750000    1.087700   -0.337700 (VIOLATED)
_18071_/A2                              0.750000    1.087690   -0.337690 (VIOLATED)
_18061_/B1                              0.750000    1.087682   -0.337683 (VIOLATED)
_18003_/C                               0.750000    1.087676   -0.337676 (VIOLATED)
_18056_/A2                              0.750000    1.087676   -0.337676 (VIOLATED)
_18058_/B1                              0.750000    1.087676   -0.337676 (VIOLATED)
fanout737/X                             0.750000    1.087676   -0.337676 (VIOLATED)
_12982_/B1                              0.750000    1.083062   -0.333062 (VIOLATED)
_13050_/A2                              0.750000    1.083054   -0.333054 (VIOLATED)
_13063_/A2                              0.750000    1.083044   -0.333044 (VIOLATED)
_13008_/A2                              0.750000    1.083042   -0.333042 (VIOLATED)
_13022_/A2                              0.750000    1.083023   -0.333023 (VIOLATED)
_13035_/A2                              0.750000    1.083021   -0.333021 (VIOLATED)
_12954_/A2                              0.750000    1.082989   -0.332990 (VIOLATED)
_12965_/A2                              0.750000    1.082981   -0.332981 (VIOLATED)
_12940_/A2                              0.750000    1.082961   -0.332961 (VIOLATED)
_13101_/B1                              0.750000    1.082961   -0.332961 (VIOLATED)
fanout1345/X                            0.750000    1.082961   -0.332961 (VIOLATED)
_19378_/S1                              0.750000    1.082717   -0.332717 (VIOLATED)
_19384_/S1                              0.750000    1.082714   -0.332714 (VIOLATED)
_19381_/S1                              0.750000    1.082706   -0.332706 (VIOLATED)
_12297_/B1                              0.750000    1.082699   -0.332699 (VIOLATED)
_12909_/A                               0.750000    1.082692   -0.332692 (VIOLATED)
_12916_/A1                              0.750000    1.082690   -0.332690 (VIOLATED)
_19367_/D                               0.750000    1.082678   -0.332678 (VIOLATED)
_19364_/A1                              0.750000    1.082669   -0.332669 (VIOLATED)
_12285_/A                               0.750000    1.082656   -0.332656 (VIOLATED)
_12683_/A1                              0.750000    1.082631   -0.332630 (VIOLATED)
_13257_/A0                              0.750000    1.082631   -0.332630 (VIOLATED)
_19049_/A0                              0.750000    1.082631   -0.332630 (VIOLATED)
fanout2312/X                            0.750000    1.082631   -0.332630 (VIOLATED)
_11180_/B                               0.750000    1.082404   -0.332404 (VIOLATED)
_14876_/B                               0.750000    1.081914   -0.331914 (VIOLATED)
_17466_/A2                              0.750000    1.081804   -0.331804 (VIOLATED)
_17470_/A2                              0.750000    1.081801   -0.331801 (VIOLATED)
_17371_/A                               0.750000    1.081756   -0.331756 (VIOLATED)
_11179_/A                               0.750000    1.081711   -0.331711 (VIOLATED)
_17375_/A2                              0.750000    1.081692   -0.331692 (VIOLATED)
_17379_/A2                              0.750000    1.081683   -0.331683 (VIOLATED)
_17370_/S                               0.750000    1.081679   -0.331679 (VIOLATED)
_17383_/A2                              0.750000    1.081664   -0.331664 (VIOLATED)
_17387_/A2                              0.750000    1.081652   -0.331652 (VIOLATED)
_17389_/A2                              0.750000    1.081652   -0.331652 (VIOLATED)
_17394_/A2                              0.750000    1.081652   -0.331652 (VIOLATED)
fanout416/X                             0.750000    1.081652   -0.331652 (VIOLATED)
_11178_/X                               0.750000    1.081582   -0.331582 (VIOLATED)
_12666_/A1_N                            0.750000    1.080467   -0.330467 (VIOLATED)
_12611_/A0                              0.750000    1.080439   -0.330439 (VIOLATED)
_17574_/B1                              0.750000    1.080429   -0.330429 (VIOLATED)
_12633_/B2                              0.750000    1.080421   -0.330421 (VIOLATED)
_17571_/B1                              0.750000    1.080420   -0.330420 (VIOLATED)
_17578_/B1                              0.750000    1.080412   -0.330412 (VIOLATED)
_17567_/B1                              0.750000    1.080379   -0.330379 (VIOLATED)
_12648_/B2                              0.750000    1.080373   -0.330373 (VIOLATED)
fanout302/A                             0.750000    1.079947   -0.329947 (VIOLATED)
_17498_/B1                              0.750000    1.079930   -0.329930 (VIOLATED)
_17502_/B1                              0.750000    1.079930   -0.329930 (VIOLATED)
_17506_/B1                              0.750000    1.079930   -0.329930 (VIOLATED)
_17510_/B1                              0.750000    1.079930   -0.329930 (VIOLATED)
_17514_/B1                              0.750000    1.079930   -0.329930 (VIOLATED)
fanout303/X                             0.750000    1.079930   -0.329930 (VIOLATED)
_13846_/A1                              0.750000    1.079786   -0.329786 (VIOLATED)
_13845_/A1                              0.750000    1.079779   -0.329779 (VIOLATED)
_18982_/A0                              0.750000    1.079515   -0.329515 (VIOLATED)
_11193_/A                               0.750000    1.079443   -0.329443 (VIOLATED)
_11068_/B2                              0.750000    1.079442   -0.329442 (VIOLATED)
_10238_/B2                              0.750000    1.079419   -0.329419 (VIOLATED)
_11203_/B2                              0.750000    1.079401   -0.329401 (VIOLATED)
_10233_/A1                              0.750000    1.079367   -0.329367 (VIOLATED)
load_slew1711/A                         0.750000    1.079349   -0.329349 (VIOLATED)
_10834_/A1                              0.750000    1.079309   -0.329309 (VIOLATED)
fanout1710/X                            0.750000    1.079309   -0.329309 (VIOLATED)
_10417_/B1                              0.750000    1.078885   -0.328885 (VIOLATED)
_10446_/A2                              0.750000    1.078877   -0.328877 (VIOLATED)
_16536_/S                               0.750000    1.078121   -0.328121 (VIOLATED)
_16545_/S                               0.750000    1.078093   -0.328093 (VIOLATED)
_16552_/S                               0.750000    1.078090   -0.328090 (VIOLATED)
_16561_/S                               0.750000    1.078058   -0.328058 (VIOLATED)
fanout664/X                             0.750000    1.078058   -0.328058 (VIOLATED)
load_slew665/A                          0.750000    1.078058   -0.328058 (VIOLATED)
_10416_/X                               0.750000    1.077279   -0.327279 (VIOLATED)
_14122_/A1                              0.750000    1.073414   -0.323414 (VIOLATED)
_13437_/A                               0.750000    1.073407   -0.323407 (VIOLATED)
_14032_/B2                              0.750000    1.073397   -0.323397 (VIOLATED)
_13480_/B2                              0.750000    1.073392   -0.323392 (VIOLATED)
_13967_/A1                              0.750000    1.073383   -0.323383 (VIOLATED)
_13435_/C                               0.750000    1.073381   -0.323381 (VIOLATED)
_13554_/B1                              0.750000    1.073381   -0.323381 (VIOLATED)
_13641_/B1                              0.750000    1.073381   -0.323381 (VIOLATED)
_13722_/B2                              0.750000    1.073381   -0.323381 (VIOLATED)
_15982_/B1                              0.750000    1.073381   -0.323381 (VIOLATED)
fanout1049/X                            0.750000    1.073381   -0.323381 (VIOLATED)
_15139_/A1                              0.750000    1.070702   -0.320702 (VIOLATED)
_15140_/A                               0.750000    1.070700   -0.320700 (VIOLATED)
_15143_/B2                              0.750000    1.070699   -0.320699 (VIOLATED)
_15019_/B2                              0.750000    1.070693   -0.320693 (VIOLATED)
_14915_/A                               0.750000    1.070669   -0.320669 (VIOLATED)
_14562_/B1                              0.750000    1.070598   -0.320598 (VIOLATED)
_14684_/B2                              0.750000    1.070591   -0.320591 (VIOLATED)
_11762_/A2                              0.750000    1.070562   -0.320562 (VIOLATED)
_11587_/A2                              0.750000    1.070560   -0.320560 (VIOLATED)
_11647_/A2                              0.750000    1.070555   -0.320555 (VIOLATED)
_11702_/A2                              0.750000    1.070550   -0.320550 (VIOLATED)
_11819_/A2                              0.750000    1.070522   -0.320522 (VIOLATED)
_19452_/B                               0.750000    1.070497   -0.320497 (VIOLATED)
_19432_/A_N                             0.750000    1.070495   -0.320495 (VIOLATED)
_14257_/A                               0.750000    1.070476   -0.320476 (VIOLATED)
_19374_/B                               0.750000    1.070471   -0.320471 (VIOLATED)
_19445_/B                               0.750000    1.070469   -0.320470 (VIOLATED)
_19430_/A                               0.750000    1.070452   -0.320452 (VIOLATED)
_11885_/A2                              0.750000    1.070448   -0.320448 (VIOLATED)
fanout1251/A                            0.750000    1.070443   -0.320443 (VIOLATED)
_19544_/A1                              0.750000    1.070440   -0.320440 (VIOLATED)
_19484_/A2                              0.750000    1.070438   -0.320438 (VIOLATED)
_19431_/A_N                             0.750000    1.070437   -0.320437 (VIOLATED)
_19446_/B                               0.750000    1.070430   -0.320430 (VIOLATED)
_19371_/B                               0.750000    1.070429   -0.320429 (VIOLATED)
fanout1519/X                            0.750000    1.070429   -0.320429 (VIOLATED)
_09956_/Y                               0.750000    1.070340   -0.320340 (VIOLATED)
fanout1252/X                            0.750000    1.070142   -0.320142 (VIOLATED)
_18679_/S                               0.750000    1.069144   -0.319144 (VIOLATED)
_18594_/A4                              0.750000    1.069142   -0.319142 (VIOLATED)
_18672_/S                               0.750000    1.069139   -0.319139 (VIOLATED)
fanout471/A                             0.750000    1.069135   -0.319136 (VIOLATED)
_18701_/S                               0.750000    1.069130   -0.319130 (VIOLATED)
_18723_/S                               0.750000    1.069119   -0.319119 (VIOLATED)
_18730_/S                               0.750000    1.069112   -0.319112 (VIOLATED)
_18624_/S                               0.750000    1.069106   -0.319106 (VIOLATED)
_18657_/S                               0.750000    1.069106   -0.319106 (VIOLATED)
_18665_/S                               0.750000    1.069106   -0.319106 (VIOLATED)
fanout472/X                             0.750000    1.069106   -0.319106 (VIOLATED)
_16343_/A2                              0.750000    1.068936   -0.318936 (VIOLATED)
_14745_/A2                              0.750000    1.068909   -0.318909 (VIOLATED)
_14743_/Y                               0.750000    1.068771   -0.318771 (VIOLATED)
_11007_/A2                              0.750000    1.068604   -0.318604 (VIOLATED)
load_slew1775/A                         0.750000    1.068597   -0.318597 (VIOLATED)
_11442_/A2                              0.750000    1.068562   -0.318562 (VIOLATED)
_10514_/A2                              0.750000    1.068555   -0.318555 (VIOLATED)
_10404_/A2                              0.750000    1.068552   -0.318552 (VIOLATED)
fanout1774/X                            0.750000    1.068552   -0.318552 (VIOLATED)
_13739_/A1                              0.750000    1.068477   -0.318477 (VIOLATED)
_13610_/A1                              0.750000    1.068466   -0.318466 (VIOLATED)
_13308_/A                               0.750000    1.068448   -0.318448 (VIOLATED)
_13314_/B                               0.750000    1.068435   -0.318435 (VIOLATED)
_13315_/A1                              0.750000    1.068399   -0.318399 (VIOLATED)
_13546_/A1                              0.750000    1.068275   -0.318275 (VIOLATED)
_13471_/A1                              0.750000    1.068202   -0.318202 (VIOLATED)
_13309_/A                               0.750000    1.068153   -0.318153 (VIOLATED)
_13731_/A1                              0.750000    1.068097   -0.318097 (VIOLATED)
_12321_/A0                              0.750000    1.068043   -0.318044 (VIOLATED)
fanout1908/X                            0.750000    1.067728   -0.317728 (VIOLATED)
output159/A                             0.750000    1.067527   -0.317527 (VIOLATED)
wire862/A                               0.750000    1.067260   -0.317260 (VIOLATED)
load_slew863/A                          0.750000    1.067245   -0.317245 (VIOLATED)
_16367_/S                               0.750000    1.067231   -0.317231 (VIOLATED)
_16364_/S                               0.750000    1.067220   -0.317220 (VIOLATED)
_16366_/S                               0.750000    1.067220   -0.317220 (VIOLATED)
fanout861/X                             0.750000    1.067220   -0.317220 (VIOLATED)
_15039_/B                               0.750000    1.067196   -0.317196 (VIOLATED)
_15158_/B                               0.750000    1.067187   -0.317187 (VIOLATED)
_15663_/A                               0.750000    1.067186   -0.317186 (VIOLATED)
_15750_/A                               0.750000    1.067184   -0.317184 (VIOLATED)
_15467_/A                               0.750000    1.067183   -0.317183 (VIOLATED)
_15748_/A1                              0.750000    1.067182   -0.317182 (VIOLATED)
_15466_/A                               0.750000    1.067123   -0.317123 (VIOLATED)
_15373_/A                               0.750000    1.067113   -0.317113 (VIOLATED)
_15157_/A                               0.750000    1.067095   -0.317095 (VIOLATED)
_14815_/B                               0.750000    1.067086   -0.317086 (VIOLATED)
fanout1223/X                            0.750000    1.067086   -0.317086 (VIOLATED)
_16309_/B1                              0.750000    1.066825   -0.316825 (VIOLATED)
_16134_/B1                              0.750000    1.066823   -0.316823 (VIOLATED)
_16042_/B1                              0.750000    1.066813   -0.316813 (VIOLATED)
_15949_/B1                              0.750000    1.066812   -0.316812 (VIOLATED)
_18901_/B1                              0.750000    1.066800   -0.316800 (VIOLATED)
_15860_/B1                              0.750000    1.066800   -0.316800 (VIOLATED)
_15770_/B1                              0.750000    1.066798   -0.316798 (VIOLATED)
_15622_/B1                              0.750000    1.066794   -0.316794 (VIOLATED)
_15525_/B1                              0.750000    1.066779   -0.316779 (VIOLATED)
_14782_/B1                              0.750000    1.066735   -0.316735 (VIOLATED)
fanout1103/X                            0.750000    1.066735   -0.316735 (VIOLATED)
_11025_/B1                              0.750000    1.066646   -0.316646 (VIOLATED)
_10483_/B1                              0.750000    1.066624   -0.316624 (VIOLATED)
_10206_/B1                              0.750000    1.066195   -0.316195 (VIOLATED)
_11949_/B1                              0.750000    1.066170   -0.316170 (VIOLATED)
_11788_/B1                              0.750000    1.066116   -0.316116 (VIOLATED)
_11962_/A1                              0.750000    1.066109   -0.316109 (VIOLATED)
_11718_/B1                              0.750000    1.066104   -0.316104 (VIOLATED)
_10982_/B1                              0.750000    1.066039   -0.316039 (VIOLATED)
_10336_/B1                              0.750000    1.066009   -0.316009 (VIOLATED)
fanout1609/X                            0.750000    1.066009   -0.316009 (VIOLATED)
load_slew1625/A                         0.750000    1.066003   -0.316003 (VIOLATED)
_11477_/B2                              0.750000    1.065892   -0.315892 (VIOLATED)
_11480_/B1                              0.750000    1.065871   -0.315871 (VIOLATED)
fanout1624/X                            0.750000    1.065871   -0.315871 (VIOLATED)
_15742_/B                               0.750000    1.065747   -0.315747 (VIOLATED)
_15645_/C                               0.750000    1.065727   -0.315727 (VIOLATED)
_15554_/B1                              0.750000    1.065715   -0.315715 (VIOLATED)
_16008_/A                               0.750000    1.065689   -0.315689 (VIOLATED)
_15455_/B                               0.750000    1.065685   -0.315685 (VIOLATED)
_16189_/A                               0.750000    1.065682   -0.315682 (VIOLATED)
_16101_/B                               0.750000    1.065681   -0.315681 (VIOLATED)
_15019_/A2                              0.750000    1.065579   -0.315579 (VIOLATED)
_14915_/B                               0.750000    1.065565   -0.315565 (VIOLATED)
_19534_/C                               0.750000    1.065501   -0.315501 (VIOLATED)
_19573_/A2                              0.750000    1.065499   -0.315499 (VIOLATED)
_19493_/B                               0.750000    1.065486   -0.315486 (VIOLATED)
_19455_/A                               0.750000    1.065485   -0.315485 (VIOLATED)
_19496_/A                               0.750000    1.065480   -0.315480 (VIOLATED)
_19607_/A1                              0.750000    1.065480   -0.315480 (VIOLATED)
_19454_/A                               0.750000    1.065463   -0.315463 (VIOLATED)
_19613_/B                               0.750000    1.065445   -0.315445 (VIOLATED)
_19639_/A1                              0.750000    1.065425   -0.315425 (VIOLATED)
_19625_/A2                              0.750000    1.065419   -0.315419 (VIOLATED)
fanout1517/X                            0.750000    1.065416   -0.315416 (VIOLATED)
_12877_/B2                              0.750000    1.065319   -0.315319 (VIOLATED)
_12863_/B2                              0.750000    1.065317   -0.315317 (VIOLATED)
_14665_/A2                              0.750000    1.065265   -0.315265 (VIOLATED)
fanout1155/X                            0.750000    1.065265   -0.315265 (VIOLATED)
_12850_/B2                              0.750000    1.065264   -0.315264 (VIOLATED)
_17175_/S                               0.750000    1.064888   -0.314888 (VIOLATED)
_13256_/A2                              0.750000    1.064879   -0.314879 (VIOLATED)
fanout1442/A                            0.750000    1.064830   -0.314830 (VIOLATED)
fanout1443/A                            0.750000    1.064803   -0.314803 (VIOLATED)
fanout1445/X                            0.750000    1.064803   -0.314803 (VIOLATED)
_13354_/B1                              0.750000    1.064646   -0.314646 (VIOLATED)
_13328_/A1                              0.750000    1.064644   -0.314644 (VIOLATED)
_13327_/B1                              0.750000    1.064639   -0.314639 (VIOLATED)
_13326_/A                               0.750000    1.064631   -0.314631 (VIOLATED)
_09964_/A                               0.750000    1.064605   -0.314605 (VIOLATED)
_09933_/A1                              0.750000    1.064605   -0.314605 (VIOLATED)
_09934_/A1                              0.750000    1.064605   -0.314605 (VIOLATED)
_09937_/A_N                             0.750000    1.064596   -0.314596 (VIOLATED)
_09931_/B                               0.750000    1.064593   -0.314593 (VIOLATED)
_09951_/A                               0.750000    1.064593   -0.314593 (VIOLATED)
fanout1704/X                            0.750000    1.064593   -0.314593 (VIOLATED)
_17191_/S                               0.750000    1.064445   -0.314445 (VIOLATED)
_17174_/S                               0.750000    1.064402   -0.314402 (VIOLATED)
wire791/A                               0.750000    1.064303   -0.314303 (VIOLATED)
_17172_/S                               0.750000    1.064276   -0.314276 (VIOLATED)
fanout790/X                             0.750000    1.064263   -0.314263 (VIOLATED)
_10628_/B2                              0.750000    1.063872   -0.313872 (VIOLATED)
max_cap1384/A                           0.750000    1.063854   -0.313854 (VIOLATED)
_10620_/Y                               0.750000    1.063811   -0.313811 (VIOLATED)
ANTENNA_23/DIODE                        0.750000    1.062778   -0.312778 (VIOLATED)
ANTENNA_21/DIODE                        0.750000    1.062672   -0.312672 (VIOLATED)
ANTENNA_19/DIODE                        0.750000    1.062666   -0.312666 (VIOLATED)
ANTENNA_17/DIODE                        0.750000    1.062660   -0.312660 (VIOLATED)
ANTENNA_15/DIODE                        0.750000    1.062655   -0.312655 (VIOLATED)
ANTENNA_18/DIODE                        0.750000    1.062651   -0.312651 (VIOLATED)
ANTENNA_20/DIODE                        0.750000    1.062651   -0.312651 (VIOLATED)
ANTENNA_22/DIODE                        0.750000    1.062651   -0.312651 (VIOLATED)
_19745_/A1                              0.750000    1.062651   -0.312651 (VIOLATED)
ANTENNA_14/DIODE                        0.750000    1.062650   -0.312650 (VIOLATED)
ANTENNA_16/DIODE                        0.750000    1.062651   -0.312651 (VIOLATED)
ANTENNA_13/DIODE                        0.750000    1.062627   -0.312627 (VIOLATED)
_12574_/X                               0.750000    1.062612   -0.312612 (VIOLATED)
_13446_/C                               0.750000    1.062253   -0.312253 (VIOLATED)
_13928_/B1                              0.750000    1.062246   -0.312246 (VIOLATED)
_14717_/B1                              0.750000    1.062242   -0.312242 (VIOLATED)
_13844_/C1                              0.750000    1.062153   -0.312153 (VIOLATED)
_14181_/B1                              0.750000    1.062080   -0.312080 (VIOLATED)
fanout1562/X                            0.750000    1.062080   -0.312080 (VIOLATED)
_18830_/S                               0.750000    1.061435   -0.311435 (VIOLATED)
_18844_/S                               0.750000    1.061435   -0.311435 (VIOLATED)
_18837_/S                               0.750000    1.061431   -0.311431 (VIOLATED)
_18851_/S                               0.750000    1.061427   -0.311427 (VIOLATED)
_18858_/S                               0.750000    1.061419   -0.311419 (VIOLATED)
_18808_/S                               0.750000    1.061417   -0.311417 (VIOLATED)
_18865_/S                               0.750000    1.061413   -0.311413 (VIOLATED)
_18816_/S                               0.750000    1.061395   -0.311395 (VIOLATED)
_18823_/S                               0.750000    1.061390   -0.311390 (VIOLATED)
fanout473/A                             0.750000    1.061362   -0.311362 (VIOLATED)
fanout474/X                             0.750000    1.061362   -0.311362 (VIOLATED)
_19421_/S                               0.750000    1.060225   -0.310225 (VIOLATED)
_19422_/S0                              0.750000    1.060224   -0.310224 (VIOLATED)
_19398_/S                               0.750000    1.060215   -0.310215 (VIOLATED)
_19399_/S0                              0.750000    1.060214   -0.310214 (VIOLATED)
_19419_/S0                              0.750000    1.060197   -0.310197 (VIOLATED)
_19407_/S                               0.750000    1.060196   -0.310196 (VIOLATED)
_19408_/S0                              0.750000    1.060192   -0.310192 (VIOLATED)
_19396_/S0                              0.750000    1.060161   -0.310161 (VIOLATED)
_19395_/S                               0.750000    1.060160   -0.310160 (VIOLATED)
fanout1886/A                            0.750000    1.060142   -0.310142 (VIOLATED)
fanout1887/X                            0.750000    1.060142   -0.310142 (VIOLATED)
_14531_/A1                              0.750000    1.058977   -0.308977 (VIOLATED)
_14319_/A1                              0.750000    1.058974   -0.308974 (VIOLATED)
_13308_/B                               0.750000    1.058943   -0.308943 (VIOLATED)
_13314_/A_N                             0.750000    1.058925   -0.308925 (VIOLATED)
_14048_/A1                              0.750000    1.058887   -0.308887 (VIOLATED)
_14225_/A1                              0.750000    1.058836   -0.308836 (VIOLATED)
_14133_/A1                              0.750000    1.058733   -0.308733 (VIOLATED)
_13309_/B                               0.750000    1.058690   -0.308690 (VIOLATED)
_14427_/A1                              0.750000    1.058671   -0.308671 (VIOLATED)
_12319_/A0                              0.750000    1.058337   -0.308337 (VIOLATED)
fanout1907/X                            0.750000    1.058337   -0.308337 (VIOLATED)
_19448_/A                               0.750000    1.057873   -0.307873 (VIOLATED)
_19420_/A1                              0.750000    1.057870   -0.307870 (VIOLATED)
_19534_/B                               0.750000    1.057867   -0.307867 (VIOLATED)
_19447_/A                               0.750000    1.057835   -0.307835 (VIOLATED)
_19574_/A1                              0.750000    1.057807   -0.307807 (VIOLATED)
_19440_/B                               0.750000    1.057794   -0.307794 (VIOLATED)
_19511_/B                               0.750000    1.057675   -0.307675 (VIOLATED)
_19661_/A2                              0.750000    1.057649   -0.307649 (VIOLATED)
_19613_/A                               0.750000    1.057629   -0.307628 (VIOLATED)
_09987_/A                               0.750000    1.057426   -0.307426 (VIOLATED)
_09982_/A_N                             0.750000    1.057423   -0.307423 (VIOLATED)
_09978_/B                               0.750000    1.057410   -0.307410 (VIOLATED)
_09968_/B                               0.750000    1.057383   -0.307383 (VIOLATED)
_09975_/B                               0.750000    1.057372   -0.307372 (VIOLATED)
_12070_/A2                              0.750000    1.057370   -0.307370 (VIOLATED)
_09941_/A                               0.750000    1.057356   -0.307356 (VIOLATED)
_09974_/B                               0.750000    1.057349   -0.307349 (VIOLATED)
_09980_/A_N                             0.750000    1.057337   -0.307337 (VIOLATED)
_12167_/A1                              0.750000    1.057336   -0.307336 (VIOLATED)
fanout2289/X                            0.750000    1.057336   -0.307336 (VIOLATED)
fanout1535/A                            0.750000    1.057276   -0.307276 (VIOLATED)
fanout1536/X                            0.750000    1.057276   -0.307276 (VIOLATED)
fanout1132/A                            0.750000    1.056995   -0.306995 (VIOLATED)
_16174_/A1                              0.750000    1.056983   -0.306983 (VIOLATED)
_16084_/A1                              0.750000    1.056966   -0.306966 (VIOLATED)
_15611_/A1                              0.750000    1.056922   -0.306922 (VIOLATED)
_14991_/A1                              0.750000    1.056880   -0.306880 (VIOLATED)
_15414_/A1                              0.750000    1.056878   -0.306878 (VIOLATED)
_15513_/A1                              0.750000    1.056859   -0.306859 (VIOLATED)
_14637_/A1                              0.750000    1.056842   -0.306842 (VIOLATED)
_14757_/A1                              0.750000    1.056842   -0.306842 (VIOLATED)
fanout1133/X                            0.750000    1.056842   -0.306842 (VIOLATED)
_18389_/B1                              0.750000    1.055819   -0.305819 (VIOLATED)
_18395_/B1                              0.750000    1.055819   -0.305819 (VIOLATED)
_18401_/B1                              0.750000    1.055813   -0.305813 (VIOLATED)
_18412_/B1                              0.750000    1.055814   -0.305814 (VIOLATED)
_18406_/B1                              0.750000    1.055812   -0.305812 (VIOLATED)
_18423_/B1                              0.750000    1.055798   -0.305798 (VIOLATED)
_18418_/B1                              0.750000    1.055787   -0.305788 (VIOLATED)
_18338_/B1                              0.750000    1.055768   -0.305768 (VIOLATED)
_18344_/B1                              0.750000    1.055768   -0.305768 (VIOLATED)
_18355_/B1                              0.750000    1.055768   -0.305768 (VIOLATED)
fanout1525/X                            0.750000    1.055768   -0.305768 (VIOLATED)
_14519_/A1                              0.750000    1.050736   -0.300736 (VIOLATED)
_14750_/A1                              0.750000    1.050731   -0.300731 (VIOLATED)
_15510_/A1                              0.750000    1.050726   -0.300726 (VIOLATED)
_15206_/A1                              0.750000    1.050718   -0.300718 (VIOLATED)
_13872_/A1                              0.750000    1.050700   -0.300700 (VIOLATED)
_15898_/A1                              0.750000    1.050670   -0.300670 (VIOLATED)
_15801_/B1                              0.750000    1.050669   -0.300669 (VIOLATED)
_16080_/B2                              0.750000    1.050669   -0.300669 (VIOLATED)
_13795_/A1                              0.750000    1.050668   -0.300668 (VIOLATED)
_16170_/B2                              0.750000    1.050668   -0.300668 (VIOLATED)
fanout1050/X                            0.750000    1.050668   -0.300668 (VIOLATED)
_18006_/A1                              0.750000    1.050531   -0.300531 (VIOLATED)
_18221_/A2                              0.750000    1.050529   -0.300529 (VIOLATED)
_18222_/A2                              0.750000    1.050513   -0.300513 (VIOLATED)
_17970_/A2                              0.750000    1.050491   -0.300491 (VIOLATED)
_13240_/A                               0.750000    1.050388   -0.300388 (VIOLATED)
_13253_/A                               0.750000    1.050362   -0.300362 (VIOLATED)
_12680_/A                               0.750000    1.050325   -0.300325 (VIOLATED)
_13126_/B                               0.750000    1.050241   -0.300241 (VIOLATED)
_18197_/B                               0.750000    1.050229   -0.300229 (VIOLATED)
_18201_/A1                              0.750000    1.050227   -0.300227 (VIOLATED)
fanout450/X                             0.750000    1.050227   -0.300227 (VIOLATED)
_17343_/S                               0.750000    1.050150   -0.300150 (VIOLATED)
_17356_/S                               0.750000    1.050129   -0.300129 (VIOLATED)
_17359_/S                               0.750000    1.050112   -0.300112 (VIOLATED)
_17351_/S                               0.750000    1.050109   -0.300109 (VIOLATED)
load_slew746/A                          0.750000    1.050108   -0.300108 (VIOLATED)
_17364_/S                               0.750000    1.050104   -0.300104 (VIOLATED)
fanout745/X                             0.750000    1.050104   -0.300104 (VIOLATED)
_13794_/B2                              0.750000    1.050084   -0.300085 (VIOLATED)
_16171_/A3                              0.750000    1.050081   -0.300081 (VIOLATED)
_16081_/A1                              0.750000    1.050065   -0.300065 (VIOLATED)
_15802_/A                               0.750000    1.050060   -0.300060 (VIOLATED)
_15896_/B                               0.750000    1.050019   -0.300019 (VIOLATED)
_15608_/A1                              0.750000    1.049946   -0.299946 (VIOLATED)
_13433_/B                               0.750000    1.049935   -0.299935 (VIOLATED)
_15205_/A3                              0.750000    1.049906   -0.299906 (VIOLATED)
_14749_/A3                              0.750000    1.049870   -0.299870 (VIOLATED)
_14518_/A3                              0.750000    1.049861   -0.299861 (VIOLATED)
fanout1105/X                            0.750000    1.049861   -0.299861 (VIOLATED)
_17809_/A1                              0.750000    1.049334   -0.299334 (VIOLATED)
_17672_/B2                              0.750000    1.049332   -0.299332 (VIOLATED)
_18210_/B                               0.750000    1.049230   -0.299230 (VIOLATED)
fanout716/A                             0.750000    1.048966   -0.298966 (VIOLATED)
_10470_/C1                              0.750000    1.048886   -0.298886 (VIOLATED)
_10525_/C1                              0.750000    1.048838   -0.298838 (VIOLATED)
_11266_/B1                              0.750000    1.048769   -0.298769 (VIOLATED)
_12862_/X                               0.750000    1.048686   -0.298686 (VIOLATED)
load_slew1941/A                         0.750000    1.048666   -0.298666 (VIOLATED)
_10587_/C1                              0.750000    1.048649   -0.298649 (VIOLATED)
fanout1940/X                            0.750000    1.048649   -0.298649 (VIOLATED)
_12282_/S                               0.750000    1.046981   -0.296981 (VIOLATED)
_19380_/S                               0.750000    1.046975   -0.296975 (VIOLATED)
_19381_/S0                              0.750000    1.046969   -0.296969 (VIOLATED)
_12296_/S                               0.750000    1.046946   -0.296946 (VIOLATED)
_12295_/S                               0.750000    1.046912   -0.296912 (VIOLATED)
_19366_/B1                              0.750000    1.046877   -0.296877 (VIOLATED)
_12283_/S                               0.750000    1.046875   -0.296875 (VIOLATED)
_19036_/B2                              0.750000    1.046848   -0.296848 (VIOLATED)
_12193_/D_N                             0.750000    1.046847   -0.296847 (VIOLATED)
_12286_/A                               0.750000    1.046847   -0.296847 (VIOLATED)
fanout1885/X                            0.750000    1.046847   -0.296847 (VIOLATED)
_11082_/A2                              0.750000    1.044364   -0.294364 (VIOLATED)
_11115_/A2                              0.750000    1.044358   -0.294358 (VIOLATED)
_12657_/A                               0.750000    1.044344   -0.294344 (VIOLATED)
_11079_/Y                               0.750000    1.044332   -0.294332 (VIOLATED)
_19207_/S                               0.750000    1.043655   -0.293655 (VIOLATED)
_19175_/S                               0.750000    1.043651   -0.293651 (VIOLATED)
fanout743/A                             0.750000    1.043651   -0.293651 (VIOLATED)
_19179_/S                               0.750000    1.043642   -0.293642 (VIOLATED)
_19171_/S                               0.750000    1.043632   -0.293632 (VIOLATED)
_19209_/S                               0.750000    1.043627   -0.293627 (VIOLATED)
_19177_/S                               0.750000    1.043622   -0.293623 (VIOLATED)
_19037_/S                               0.750000    1.043621   -0.293621 (VIOLATED)
_19173_/S                               0.750000    1.043621   -0.293621 (VIOLATED)
_19362_/B1                              0.750000    1.043621   -0.293621 (VIOLATED)
_19366_/A1                              0.750000    1.043621   -0.293621 (VIOLATED)
fanout1880/X                            0.750000    1.043621   -0.293621 (VIOLATED)
wire749/A                               0.750000    1.043530   -0.293531 (VIOLATED)
fanout740/A                             0.750000    1.043520   -0.293520 (VIOLATED)
_17332_/Y                               0.750000    1.043461   -0.293461 (VIOLATED)
_16910_/S                               0.750000    1.042737   -0.292737 (VIOLATED)
load_slew833/A                          0.750000    1.042681   -0.292681 (VIOLATED)
_16927_/S                               0.750000    1.042680   -0.292680 (VIOLATED)
fanout831/X                             0.750000    1.042680   -0.292680 (VIOLATED)
_19418_/S                               0.750000    1.041797   -0.291797 (VIOLATED)
_19401_/S                               0.750000    1.041792   -0.291792 (VIOLATED)
_19410_/S                               0.750000    1.041789   -0.291789 (VIOLATED)
_19411_/S0                              0.750000    1.041786   -0.291786 (VIOLATED)
_19392_/S                               0.750000    1.041768   -0.291769 (VIOLATED)
_19393_/S0                              0.750000    1.041759   -0.291759 (VIOLATED)
_19389_/S                               0.750000    1.041755   -0.291756 (VIOLATED)
_19390_/S0                              0.750000    1.041755   -0.291756 (VIOLATED)
_19414_/S                               0.750000    1.041755   -0.291756 (VIOLATED)
_19415_/S0                              0.750000    1.041755   -0.291756 (VIOLATED)
fanout1886/X                            0.750000    1.041755   -0.291756 (VIOLATED)
_16620_/S                               0.750000    1.040993   -0.290993 (VIOLATED)
_16613_/S                               0.750000    1.040977   -0.290977 (VIOLATED)
_14624_/B                               0.750000    1.040966   -0.290966 (VIOLATED)
_16256_/A2                              0.750000    1.040961   -0.290961 (VIOLATED)
fanout643/A                             0.750000    1.040935   -0.290935 (VIOLATED)
_16983_/S                               0.750000    1.040907   -0.290907 (VIOLATED)
load_slew573/A                          0.750000    1.040885   -0.290885 (VIOLATED)
_16985_/S                               0.750000    1.040877   -0.290877 (VIOLATED)
_14623_/Y                               0.750000    1.040870   -0.290870 (VIOLATED)
_16993_/S                               0.750000    1.040854   -0.290854 (VIOLATED)
fanout572/X                             0.750000    1.040851   -0.290851 (VIOLATED)
_16629_/S                               0.750000    1.040848   -0.290848 (VIOLATED)
fanout646/X                             0.750000    1.040848   -0.290848 (VIOLATED)
load_slew647/A                          0.750000    1.040848   -0.290848 (VIOLATED)
_12795_/A                               0.750000    1.039336   -0.289336 (VIOLATED)
_12796_/A1                              0.750000    1.039334   -0.289334 (VIOLATED)
_10881_/B1                              0.750000    1.038953   -0.288953 (VIOLATED)
_13964_/B                               0.750000    1.038915   -0.288915 (VIOLATED)
_10880_/A                               0.750000    1.038815   -0.288815 (VIOLATED)
_10879_/X                               0.750000    1.038399   -0.288399 (VIOLATED)
_17635_/A2                              0.750000    1.038078   -0.288078 (VIOLATED)
_17630_/B1                              0.750000    1.038071   -0.288071 (VIOLATED)
_17622_/B1                              0.750000    1.038063   -0.288063 (VIOLATED)
_17626_/B1                              0.750000    1.038060   -0.288060 (VIOLATED)
_17655_/A2                              0.750000    1.037967   -0.287967 (VIOLATED)
_17660_/A2                              0.750000    1.037936   -0.287936 (VIOLATED)
_17667_/A2                              0.750000    1.037910   -0.287910 (VIOLATED)
_17664_/B2                              0.750000    1.037908   -0.287908 (VIOLATED)
_17672_/B1                              0.750000    1.037890   -0.287890 (VIOLATED)
_17676_/B1                              0.750000    1.037833   -0.287833 (VIOLATED)
fanout405/X                             0.750000    1.037833   -0.287833 (VIOLATED)
_18152_/S                               0.750000    1.037540   -0.287540 (VIOLATED)
_18151_/S                               0.750000    1.037524   -0.287524 (VIOLATED)
load_slew379/A                          0.750000    1.037508   -0.287508 (VIOLATED)
_10998_/A2                              0.750000    1.037495   -0.287495 (VIOLATED)
_11977_/A2                              0.750000    1.037491   -0.287491 (VIOLATED)
_18145_/S                               0.750000    1.037487   -0.287487 (VIOLATED)
fanout376/A                             0.750000    1.037483   -0.287483 (VIOLATED)
fanout378/X                             0.750000    1.037483   -0.287483 (VIOLATED)
_11918_/A2                              0.750000    1.037476   -0.287476 (VIOLATED)
_11177_/A2                              0.750000    1.037446   -0.287446 (VIOLATED)
_11117_/A2                              0.750000    1.037446   -0.287446 (VIOLATED)
_11058_/A2                              0.750000    1.037445   -0.287445 (VIOLATED)
_11244_/A2                              0.750000    1.037441   -0.287441 (VIOLATED)
_11431_/A2                              0.750000    1.037430   -0.287430 (VIOLATED)
_11371_/A2                              0.750000    1.037429   -0.287429 (VIOLATED)
fanout1531/X                            0.750000    1.037429   -0.287429 (VIOLATED)
_13073_/A1                              0.750000    1.035829   -0.285829 (VIOLATED)
_12029_/A2                              0.750000    1.035810   -0.285810 (VIOLATED)
_12028_/B                               0.750000    1.035778   -0.285778 (VIOLATED)
fanout1435/A                            0.750000    1.035438   -0.285438 (VIOLATED)
_12888_/A                               0.750000    1.035416   -0.285416 (VIOLATED)
_13252_/A2                              0.750000    1.035410   -0.285410 (VIOLATED)
_12916_/A2                              0.750000    1.035410   -0.285410 (VIOLATED)
_12685_/B                               0.750000    1.035273   -0.285273 (VIOLATED)
_13092_/A                               0.750000    1.035272   -0.285272 (VIOLATED)
_13025_/A                               0.750000    1.035268   -0.285268 (VIOLATED)
_13038_/A                               0.750000    1.035246   -0.285246 (VIOLATED)
_17925_/S                               0.750000    1.035215   -0.285215 (VIOLATED)
wire399/A                               0.750000    1.035213   -0.285213 (VIOLATED)
_17932_/S                               0.750000    1.035207   -0.285207 (VIOLATED)
fanout396/A                             0.750000    1.035201   -0.285201 (VIOLATED)
fanout398/X                             0.750000    1.035201   -0.285201 (VIOLATED)
input75/X                               0.750000    1.035093   -0.285093 (VIOLATED)
fanout2095/A                            0.750000    1.035071   -0.285072 (VIOLATED)
_10955_/S0                              0.750000    1.035063   -0.285063 (VIOLATED)
_10953_/C                               0.750000    1.035051   -0.285051 (VIOLATED)
fanout2089/A                            0.750000    1.035022   -0.285022 (VIOLATED)
fanout2092/A                            0.750000    1.035022   -0.285022 (VIOLATED)
fanout2096/X                            0.750000    1.035022   -0.285022 (VIOLATED)
_13053_/A2                              0.750000    1.034899   -0.284899 (VIOLATED)
fanout1436/X                            0.750000    1.034899   -0.284899 (VIOLATED)
fanout1976/A                            0.750000    1.034850   -0.284850 (VIOLATED)
fanout1982/A                            0.750000    1.034830   -0.284831 (VIOLATED)
_13115_/S                               0.750000    1.034749   -0.284749 (VIOLATED)
_13246_/S                               0.750000    1.034684   -0.284684 (VIOLATED)
fanout1971/A                            0.750000    1.034151   -0.284151 (VIOLATED)
fanout1970/A                            0.750000    1.034102   -0.284102 (VIOLATED)
fanout1984/X                            0.750000    1.034102   -0.284102 (VIOLATED)
fanout834/A                             0.750000    1.033663   -0.283663 (VIOLATED)
_10991_/B1                              0.750000    1.033383   -0.283383 (VIOLATED)
fanout1596/A                            0.750000    1.033379   -0.283379 (VIOLATED)
load_slew1600/A                         0.750000    1.033374   -0.283374 (VIOLATED)
_11905_/B1                              0.750000    1.033372   -0.283372 (VIOLATED)
fanout1593/A                            0.750000    1.033372   -0.283372 (VIOLATED)
fanout1599/X                            0.750000    1.033372   -0.283372 (VIOLATED)
fanout831/A                             0.750000    1.033255   -0.283256 (VIOLATED)
fanout829/A                             0.750000    1.032741   -0.282741 (VIOLATED)
fanout826/A                             0.750000    1.032441   -0.282441 (VIOLATED)
_16902_/X                               0.750000    1.032350   -0.282350 (VIOLATED)
_19707_/B1                              0.750000    1.032155   -0.282155 (VIOLATED)
_12184_/A                               0.750000    1.032146   -0.282146 (VIOLATED)
_19752_/A2                              0.750000    1.032146   -0.282146 (VIOLATED)
input1/X                                0.750000    1.031614   -0.281614 (VIOLATED)
ANTENNA_70/DIODE                        0.750000    1.031148   -0.281148 (VIOLATED)
_18805_/A1_N                            0.750000    1.031147   -0.281148 (VIOLATED)
_18502_/A                               0.750000    1.031114   -0.281114 (VIOLATED)
_11372_/A2                              0.750000    1.031068   -0.281068 (VIOLATED)
max_cap1365/A                           0.750000    1.031054   -0.281054 (VIOLATED)
_11367_/X                               0.750000    1.030834   -0.280834 (VIOLATED)
_13103_/A1                              0.750000    1.029946   -0.279946 (VIOLATED)
_12030_/A                               0.750000    1.029938   -0.279939 (VIOLATED)
input77/X                               0.750000    1.029420   -0.279420 (VIOLATED)
_15506_/B1                              0.750000    1.028905   -0.278905 (VIOLATED)
_15310_/B1                              0.750000    1.028904   -0.278904 (VIOLATED)
_13790_/B1                              0.750000    1.028903   -0.278903 (VIOLATED)
_15211_/A1                              0.750000    1.028903   -0.278903 (VIOLATED)
_15406_/B1                              0.750000    1.028903   -0.278903 (VIOLATED)
_15091_/B1                              0.750000    1.028902   -0.278902 (VIOLATED)
_13886_/A1                              0.750000    1.028901   -0.278901 (VIOLATED)
_14875_/B1                              0.750000    1.028901   -0.278901 (VIOLATED)
_14984_/B1                              0.750000    1.028901   -0.278901 (VIOLATED)
_16166_/B1                              0.750000    1.028901   -0.278901 (VIOLATED)
fanout1507/X                            0.750000    1.028901   -0.278901 (VIOLATED)
_11916_/A2                              0.750000    1.028821   -0.278822 (VIOLATED)
max_cap1290/A                           0.750000    1.028821   -0.278821 (VIOLATED)
_11884_/B                               0.750000    1.028774   -0.278774 (VIOLATED)
_11882_/Y                               0.750000    1.028610   -0.278610 (VIOLATED)
fanout646/A                             0.750000    1.028324   -0.278324 (VIOLATED)
load_slew649/A                          0.750000    1.028121   -0.278121 (VIOLATED)
fanout640/A                             0.750000    1.027680   -0.277680 (VIOLATED)
fanout648/X                             0.750000    1.027680   -0.277680 (VIOLATED)
_13056_/S                               0.750000    1.026943   -0.276943 (VIOLATED)
_13069_/S                               0.750000    1.026933   -0.276933 (VIOLATED)
fanout1091/A                            0.750000    1.026904   -0.276904 (VIOLATED)
_13112_/S                               0.750000    1.026875   -0.276875 (VIOLATED)
_12989_/S                               0.750000    1.026861   -0.276861 (VIOLATED)
_12919_/S                               0.750000    1.026860   -0.276860 (VIOLATED)
_12905_/S                               0.750000    1.026847   -0.276848 (VIOLATED)
_12879_/S                               0.750000    1.026836   -0.276836 (VIOLATED)
_12892_/S                               0.750000    1.026818   -0.276818 (VIOLATED)
_12865_/S                               0.750000    1.026813   -0.276813 (VIOLATED)
fanout1092/X                            0.750000    1.026813   -0.276813 (VIOLATED)
_14229_/S                               0.750000    1.026244   -0.276244 (VIOLATED)
_15615_/S                               0.750000    1.026206   -0.276206 (VIOLATED)
_15905_/S                               0.750000    1.026179   -0.276179 (VIOLATED)
_15103_/S                               0.750000    1.026162   -0.276162 (VIOLATED)
load_slew869/A                          0.750000    1.026161   -0.276161 (VIOLATED)
_16356_/S                               0.750000    1.026158   -0.276158 (VIOLATED)
fanout868/X                             0.750000    1.026158   -0.276158 (VIOLATED)
_17908_/S                               0.750000    1.026037   -0.276037 (VIOLATED)
_17909_/S                               0.750000    1.026037   -0.276037 (VIOLATED)
_17912_/S                               0.750000    1.026037   -0.276037 (VIOLATED)
_17913_/S                               0.750000    1.026037   -0.276037 (VIOLATED)
fanout394/A                             0.750000    1.026037   -0.276037 (VIOLATED)
fanout398/A                             0.750000    1.026037   -0.276037 (VIOLATED)
fanout400/X                             0.750000    1.026037   -0.276037 (VIOLATED)
_09936_/A2                              0.750000    1.025966   -0.275966 (VIOLATED)
_09935_/A2                              0.750000    1.025954   -0.275954 (VIOLATED)
_18715_/B                               0.750000    1.025947   -0.275947 (VIOLATED)
_18807_/A2                              0.750000    1.025947   -0.275947 (VIOLATED)
_18714_/A2                              0.750000    1.025942   -0.275942 (VIOLATED)
_09938_/B                               0.750000    1.025932   -0.275932 (VIOLATED)
_09914_/B                               0.750000    1.025926   -0.275926 (VIOLATED)
_09947_/B                               0.750000    1.025738   -0.275738 (VIOLATED)
_09929_/A_N                             0.750000    1.025695   -0.275695 (VIOLATED)
fanout959/A                             0.750000    1.025649   -0.275649 (VIOLATED)
_18678_/A2                              0.750000    1.025640   -0.275640 (VIOLATED)
_18742_/B1                              0.750000    1.025638   -0.275638 (VIOLATED)
_18664_/B                               0.750000    1.025632   -0.275632 (VIOLATED)
_09928_/A_N                             0.750000    1.025615   -0.275615 (VIOLATED)
_18656_/A2                              0.750000    1.025615   -0.275615 (VIOLATED)
_18663_/A2                              0.750000    1.025615   -0.275615 (VIOLATED)
fanout960/X                             0.750000    1.025615   -0.275615 (VIOLATED)
_10092_/B                               0.750000    1.025407   -0.275407 (VIOLATED)
ANTENNA_85/DIODE                        0.750000    1.025308   -0.275309 (VIOLATED)
_18619_/S                               0.750000    1.025056   -0.275056 (VIOLATED)
_18970_/S                               0.750000    1.025016   -0.275016 (VIOLATED)
_18976_/S                               0.750000    1.024982   -0.274982 (VIOLATED)
_18986_/S                               0.750000    1.024932   -0.274932 (VIOLATED)
wire1317/A                              0.750000    1.024909   -0.274909 (VIOLATED)
_11539_/B2                              0.750000    1.024704   -0.274704 (VIOLATED)
_11548_/A                               0.750000    1.024691   -0.274691 (VIOLATED)
_11552_/C                               0.750000    1.024691   -0.274691 (VIOLATED)
_11462_/C                               0.750000    1.024681   -0.274681 (VIOLATED)
_11547_/A1                              0.750000    1.024678   -0.274678 (VIOLATED)
_11553_/A                               0.750000    1.024664   -0.274664 (VIOLATED)
fanout2149/A                            0.750000    1.024640   -0.274640 (VIOLATED)
fanout2151/X                            0.750000    1.024640   -0.274640 (VIOLATED)
_18251_/A0                              0.750000    1.024603   -0.274603 (VIOLATED)
_18988_/S                               0.750000    1.024521   -0.274521 (VIOLATED)
_18994_/S                               0.750000    1.024495   -0.274495 (VIOLATED)
fanout1316/X                            0.750000    1.024495   -0.274495 (VIOLATED)
_19495_/B2                              0.750000    1.024099   -0.274100 (VIOLATED)
_19376_/A1                              0.750000    1.024019   -0.274019 (VIOLATED)
_19534_/A                               0.750000    1.024001   -0.274002 (VIOLATED)
_19445_/A_N                             0.750000    1.023995   -0.273995 (VIOLATED)
_19478_/A                               0.750000    1.023980   -0.273980 (VIOLATED)
_19432_/B                               0.750000    1.023959   -0.273959 (VIOLATED)
_19527_/A                               0.750000    1.023958   -0.273958 (VIOLATED)
_19431_/B                               0.750000    1.023946   -0.273946 (VIOLATED)
_19484_/A1                              0.750000    1.023946   -0.273946 (VIOLATED)
_19446_/A_N                             0.750000    1.023945   -0.273945 (VIOLATED)
_19371_/A                               0.750000    1.023943   -0.273943 (VIOLATED)
fanout1520/X                            0.750000    1.023943   -0.273943 (VIOLATED)
_21607_/Q                               0.750000    1.023697   -0.273697 (VIOLATED)
_19426_/B                               0.750000    1.023640   -0.273640 (VIOLATED)
_19486_/A1                              0.750000    1.023630   -0.273630 (VIOLATED)
_19450_/A                               0.750000    1.023612   -0.273612 (VIOLATED)
_19425_/B                               0.750000    1.023582   -0.273582 (VIOLATED)
_19559_/A1                              0.750000    1.023556   -0.273556 (VIOLATED)
_19471_/A                               0.750000    1.023506   -0.273506 (VIOLATED)
_19472_/A                               0.750000    1.023449   -0.273449 (VIOLATED)
_12451_/A2                              0.750000    1.023380   -0.273380 (VIOLATED)
_12463_/B1                              0.750000    1.023380   -0.273380 (VIOLATED)
_19439_/B                               0.750000    1.023377   -0.273377 (VIOLATED)
_12458_/B1                              0.750000    1.023376   -0.273376 (VIOLATED)
_12440_/A2                              0.750000    1.023359   -0.273359 (VIOLATED)
_19468_/B                               0.750000    1.023352   -0.273352 (VIOLATED)
_12446_/B1                              0.750000    1.023350   -0.273350 (VIOLATED)
_19490_/A                               0.750000    1.023322   -0.273322 (VIOLATED)
fanout1535/X                            0.750000    1.023322   -0.273322 (VIOLATED)
_12437_/B1                              0.750000    1.023318   -0.273318 (VIOLATED)
_12426_/A2                              0.750000    1.023277   -0.273277 (VIOLATED)
_12417_/A2                              0.750000    1.023275   -0.273275 (VIOLATED)
_12406_/A2                              0.750000    1.023243   -0.273243 (VIOLATED)
_12365_/A2                              0.750000    1.023226   -0.273227 (VIOLATED)
fanout1107/X                            0.750000    1.023226   -0.273227 (VIOLATED)
_10342_/A3                              0.750000    1.021503   -0.271503 (VIOLATED)
_10394_/A3                              0.750000    1.021502   -0.271502 (VIOLATED)
_13555_/B2                              0.750000    1.021377   -0.271377 (VIOLATED)
_15983_/B2                              0.750000    1.021374   -0.271374 (VIOLATED)
_13723_/A1                              0.750000    1.021372   -0.271372 (VIOLATED)
_13434_/B                               0.750000    1.021368   -0.271368 (VIOLATED)
_13640_/A1                              0.750000    1.021360   -0.271360 (VIOLATED)
_13966_/A3                              0.750000    1.021315   -0.271315 (VIOLATED)
_13479_/B                               0.750000    1.021295   -0.271295 (VIOLATED)
_14033_/A1                              0.750000    1.021236   -0.271236 (VIOLATED)
_14212_/A3                              0.750000    1.021187   -0.271187 (VIOLATED)
_14121_/A3                              0.750000    1.021184   -0.271185 (VIOLATED)
fanout1104/X                            0.750000    1.021184   -0.271185 (VIOLATED)
_10097_/Y                               0.750000    1.021130   -0.271130 (VIOLATED)
_12834_/B1                              0.750000    1.020992   -0.270992 (VIOLATED)
_12835_/A1                              0.750000    1.020992   -0.270992 (VIOLATED)
max_cap1190/A                           0.750000    1.020936   -0.270936 (VIOLATED)
_10343_/X                               0.750000    1.020905   -0.270905 (VIOLATED)
_10507_/A2                              0.750000    1.020443   -0.270443 (VIOLATED)
_10878_/A2                              0.750000    1.020439   -0.270439 (VIOLATED)
_10928_/A2                              0.750000    1.020437   -0.270437 (VIOLATED)
_10448_/A2                              0.750000    1.020428   -0.270428 (VIOLATED)
_10394_/B2                              0.750000    1.020393   -0.270393 (VIOLATED)
_10342_/B2                              0.750000    1.020390   -0.270390 (VIOLATED)
_10222_/A2                              0.750000    1.020373   -0.270373 (VIOLATED)
_10279_/A2                              0.750000    1.020334   -0.270334 (VIOLATED)
_10164_/A2                              0.750000    1.020319   -0.270319 (VIOLATED)
_11557_/Y                               0.750000    1.020268   -0.270268 (VIOLATED)
wire1362/A                              0.750000    1.020268   -0.270268 (VIOLATED)
_10091_/B                               0.750000    1.020205   -0.270205 (VIOLATED)
fanout1530/X                            0.750000    1.020205   -0.270205 (VIOLATED)
wire594/A                               0.750000    1.019408   -0.269408 (VIOLATED)
fanout588/A                             0.750000    1.019318   -0.269318 (VIOLATED)
_19189_/S                               0.750000    1.019156   -0.269156 (VIOLATED)
_19193_/S                               0.750000    1.019155   -0.269155 (VIOLATED)
_19195_/S                               0.750000    1.019152   -0.269152 (VIOLATED)
_19199_/S                               0.750000    1.019152   -0.269152 (VIOLATED)
_19217_/S                               0.750000    1.019152   -0.269152 (VIOLATED)
_19219_/S                               0.750000    1.019152   -0.269152 (VIOLATED)
_19223_/S                               0.750000    1.019152   -0.269152 (VIOLATED)
_19227_/S                               0.750000    1.019152   -0.269152 (VIOLATED)
_19229_/S                               0.750000    1.019152   -0.269152 (VIOLATED)
_19231_/S                               0.750000    1.019152   -0.269152 (VIOLATED)
fanout1882/X                            0.750000    1.019152   -0.269152 (VIOLATED)
_15917_/A1                              0.750000    1.019011   -0.269011 (VIOLATED)
_16003_/A1                              0.750000    1.019009   -0.269009 (VIOLATED)
_16024_/A1                              0.750000    1.019001   -0.269001 (VIOLATED)
_16017_/A                               0.750000    1.018998   -0.268998 (VIOLATED)
_16020_/A1                              0.750000    1.018989   -0.268989 (VIOLATED)
_15744_/B                               0.750000    1.018983   -0.268983 (VIOLATED)
_15564_/B                               0.750000    1.018937   -0.268937 (VIOLATED)
_15168_/B1                              0.750000    1.018918   -0.268918 (VIOLATED)
_14947_/B                               0.750000    1.018909   -0.268909 (VIOLATED)
_15052_/A2                              0.750000    1.018909   -0.268909 (VIOLATED)
fanout1218/X                            0.750000    1.018909   -0.268909 (VIOLATED)
fanout585/A                             0.750000    1.018847   -0.268847 (VIOLATED)
fanout593/X                             0.750000    1.018847   -0.268847 (VIOLATED)
_21764_/A                               0.750000    1.017597   -0.267597 (VIOLATED)
ANTENNA_24/DIODE                        0.750000    1.016592   -0.266592 (VIOLATED)
_12251_/B                               0.750000    1.016466   -0.266466 (VIOLATED)
_19004_/A1                              0.750000    1.016206   -0.266206 (VIOLATED)
ANTENNA_25/DIODE                        0.750000    1.016202   -0.266202 (VIOLATED)
max_cap514/A                            0.750000    1.016032   -0.266032 (VIOLATED)
_12223_/X                               0.750000    1.016006   -0.266006 (VIOLATED)
_12521_/A1                              0.750000    1.015076   -0.265076 (VIOLATED)
_19735_/A1                              0.750000    1.015063   -0.265063 (VIOLATED)
max_cap497/A                            0.750000    1.014811   -0.264811 (VIOLATED)
_21771_/A                               0.750000    1.014728   -0.264728 (VIOLATED)
_19019_/A1                              0.750000    1.014725   -0.264725 (VIOLATED)
_12250_/B                               0.750000    1.014722   -0.264722 (VIOLATED)
_11569_/Y                               0.750000    1.014711   -0.264711 (VIOLATED)
_17856_/A2                              0.750000    1.014577   -0.264577 (VIOLATED)
_17861_/A2                              0.750000    1.014574   -0.264574 (VIOLATED)
_17865_/A2                              0.750000    1.014566   -0.264566 (VIOLATED)
_17869_/A2                              0.750000    1.014561   -0.264561 (VIOLATED)
_17873_/A2                              0.750000    1.014532   -0.264532 (VIOLATED)
_17757_/B                               0.750000    1.014511   -0.264511 (VIOLATED)
_17877_/A2                              0.750000    1.014134   -0.264134 (VIOLATED)
_17878_/B1                              0.750000    1.014112   -0.264112 (VIOLATED)
fanout403/A                             0.750000    1.014023   -0.264023 (VIOLATED)
fanout404/X                             0.750000    1.014023   -0.264023 (VIOLATED)
_17805_/A1                              0.750000    1.013662   -0.263662 (VIOLATED)
load_slew2129/A                         0.750000    1.013662   -0.263662 (VIOLATED)
load_slew2130/A                         0.750000    1.013660   -0.263660 (VIOLATED)
_11349_/B1                              0.750000    1.013653   -0.263653 (VIOLATED)
_17912_/A0                              0.750000    1.013504   -0.263504 (VIOLATED)
_19601_/A1                              0.750000    1.013462   -0.263462 (VIOLATED)
fanout2128/X                            0.750000    1.013462   -0.263462 (VIOLATED)
_18119_/A0                              0.750000    1.013412   -0.263412 (VIOLATED)
fanout940/A                             0.750000    1.013148   -0.263148 (VIOLATED)
_12849_/X                               0.750000    1.012969   -0.262969 (VIOLATED)
_11976_/A1                              0.750000    1.012837   -0.262837 (VIOLATED)
_13728_/A1                              0.750000    1.012833   -0.262833 (VIOLATED)
_14515_/B1                              0.750000    1.012826   -0.262826 (VIOLATED)
_13604_/B1                              0.750000    1.012820   -0.262820 (VIOLATED)
_13540_/B1                              0.750000    1.012813   -0.262813 (VIOLATED)
_13669_/B1                              0.750000    1.012811   -0.262811 (VIOLATED)
_14302_/B1                              0.750000    1.012793   -0.262793 (VIOLATED)
_13463_/B                               0.750000    1.012782   -0.262782 (VIOLATED)
_14209_/B1                              0.750000    1.012782   -0.262782 (VIOLATED)
_14776_/C                               0.750000    1.012782   -0.262782 (VIOLATED)
fanout1503/X                            0.750000    1.012782   -0.262782 (VIOLATED)
_17440_/A1                              0.750000    1.012757   -0.262757 (VIOLATED)
_17567_/A1                              0.750000    1.012743   -0.262743 (VIOLATED)
_17919_/A0                              0.750000    1.012716   -0.262716 (VIOLATED)
_17952_/A0                              0.750000    1.012710   -0.262710 (VIOLATED)
_18141_/A0                              0.750000    1.012704   -0.262704 (VIOLATED)
_18106_/A0                              0.750000    1.012689   -0.262689 (VIOLATED)
_13139_/A1                              0.750000    1.012678   -0.262678 (VIOLATED)
_12946_/A3                              0.750000    1.012667   -0.262667 (VIOLATED)
_18061_/B2                              0.750000    1.012667   -0.262667 (VIOLATED)
_18351_/A1                              0.750000    1.012667   -0.262667 (VIOLATED)
fanout935/X                             0.750000    1.012667   -0.262667 (VIOLATED)
fanout983/A                             0.750000    1.011450   -0.261450 (VIOLATED)
_18396_/A2                              0.750000    1.011450   -0.261450 (VIOLATED)
_18193_/S                               0.750000    1.011449   -0.261449 (VIOLATED)
fanout981/A                             0.750000    1.011447   -0.261447 (VIOLATED)
_18351_/A2                              0.750000    1.011441   -0.261441 (VIOLATED)
fanout986/A                             0.750000    1.011437   -0.261437 (VIOLATED)
fanout988/X                             0.750000    1.011437   -0.261437 (VIOLATED)
fanout1245/A                            0.750000    1.011054   -0.261054 (VIOLATED)
fanout1244/A                            0.750000    1.011011   -0.261011 (VIOLATED)
_13684_/X                               0.750000    1.010733   -0.260733 (VIOLATED)
_13606_/A                               0.750000    1.010430   -0.260430 (VIOLATED)
fanout321/A                             0.750000    1.010419   -0.260419 (VIOLATED)
_15515_/A                               0.750000    1.010407   -0.260407 (VIOLATED)
_10804_/B                               0.750000    1.010398   -0.260398 (VIOLATED)
fanout1472/A                            0.750000    1.010398   -0.260398 (VIOLATED)
_12174_/A1                              0.750000    1.010384   -0.260385 (VIOLATED)
fanout1473/X                            0.750000    1.010384   -0.260385 (VIOLATED)
fanout322/A                             0.750000    1.010078   -0.260078 (VIOLATED)
_17861_/B1                              0.750000    1.010046   -0.260046 (VIOLATED)
_17865_/B1                              0.750000    1.010026   -0.260026 (VIOLATED)
_17869_/B1                              0.750000    1.010025   -0.260025 (VIOLATED)
_17873_/B1                              0.750000    1.010025   -0.260025 (VIOLATED)
fanout323/A                             0.750000    1.010025   -0.260025 (VIOLATED)
fanout325/X                             0.750000    1.010025   -0.260025 (VIOLATED)
_14376_/A                               0.750000    1.009447   -0.259447 (VIOLATED)
_14264_/B2                              0.750000    1.009410   -0.259410 (VIOLATED)
_13993_/B2                              0.750000    1.009320   -0.259320 (VIOLATED)
max_cap1246/A                           0.750000    1.009225   -0.259225 (VIOLATED)
_13754_/B2                              0.750000    1.009148   -0.259148 (VIOLATED)
_19285_/S                               0.750000    1.008947   -0.258947 (VIOLATED)
_19253_/S                               0.750000    1.008944   -0.258944 (VIOLATED)
_19263_/S                               0.750000    1.008937   -0.258937 (VIOLATED)
_19283_/S                               0.750000    1.008937   -0.258937 (VIOLATED)
_19257_/S                               0.750000    1.008906   -0.258906 (VIOLATED)
_11459_/B                               0.750000    1.008872   -0.258872 (VIOLATED)
_11723_/A1                              0.750000    1.008870   -0.258870 (VIOLATED)
_11462_/A_N                             0.750000    1.008867   -0.258867 (VIOLATED)
_19295_/S                               0.750000    1.008843   -0.258843 (VIOLATED)
_11145_/S1                              0.750000    1.008842   -0.258842 (VIOLATED)
_19293_/S                               0.750000    1.008827   -0.258828 (VIOLATED)
_19287_/S                               0.750000    1.008811   -0.258812 (VIOLATED)
_19291_/S                               0.750000    1.008810   -0.258810 (VIOLATED)
_19259_/S                               0.750000    1.008804   -0.258804 (VIOLATED)
fanout1877/X                            0.750000    1.008804   -0.258804 (VIOLATED)
_13683_/X                               0.750000    1.008774   -0.258774 (VIOLATED)
_11157_/S1                              0.750000    1.008764   -0.258764 (VIOLATED)
fanout2190/A                            0.750000    1.008715   -0.258715 (VIOLATED)
fanout2186/A                            0.750000    1.008699   -0.258699 (VIOLATED)
fanout2192/X                            0.750000    1.008699   -0.258699 (VIOLATED)
fanout1530/A                            0.750000    1.008660   -0.258660 (VIOLATED)
fanout1531/A                            0.750000    1.008614   -0.258614 (VIOLATED)
fanout1532/A                            0.750000    1.008459   -0.258459 (VIOLATED)
_09946_/A                               0.750000    1.008320   -0.258320 (VIOLATED)
_10649_/C1                              0.750000    1.008262   -0.258262 (VIOLATED)
fanout1533/X                            0.750000    1.008258   -0.258258 (VIOLATED)
_10329_/B1                              0.750000    1.008179   -0.258179 (VIOLATED)
_10847_/B1                              0.750000    1.008157   -0.258157 (VIOLATED)
_10857_/B1                              0.750000    1.008145   -0.258145 (VIOLATED)
_10072_/A                               0.750000    1.008017   -0.258018 (VIOLATED)
fanout1831/X                            0.750000    1.007983   -0.257983 (VIOLATED)
load_slew1832/A                         0.750000    1.007983   -0.257983 (VIOLATED)
_17009_/S                               0.750000    1.007476   -0.257476 (VIOLATED)
_17006_/S                               0.750000    1.007453   -0.257453 (VIOLATED)
load_slew555/A                          0.750000    1.007426   -0.257426 (VIOLATED)
_17012_/S                               0.750000    1.007420   -0.257420 (VIOLATED)
fanout554/X                             0.750000    1.007420   -0.257420 (VIOLATED)
wire556/A                               0.750000    1.007420   -0.257420 (VIOLATED)
_11398_/B1                              0.750000    1.006554   -0.256554 (VIOLATED)
_12878_/A2                              0.750000    1.006332   -0.256332 (VIOLATED)
_12864_/A2                              0.750000    1.006325   -0.256325 (VIOLATED)
_12825_/A2                              0.750000    1.006320   -0.256320 (VIOLATED)
_12837_/A2                              0.750000    1.006286   -0.256286 (VIOLATED)
_12813_/A2                              0.750000    1.006250   -0.256250 (VIOLATED)
_12681_/B                               0.750000    1.006221   -0.256221 (VIOLATED)
_12798_/A2                              0.750000    1.006220   -0.256220 (VIOLATED)
_12783_/A2                              0.750000    1.006177   -0.256177 (VIOLATED)
_12770_/A2                              0.750000    1.006153   -0.256153 (VIOLATED)
_12756_/A2                              0.750000    1.006124   -0.256124 (VIOLATED)
fanout429/X                             0.750000    1.006124   -0.256124 (VIOLATED)
_19014_/A0                              0.750000    1.006066   -0.256066 (VIOLATED)
ANTENNA_10/DIODE                        0.750000    1.006048   -0.256048 (VIOLATED)
_12463_/A2                              0.750000    1.005871   -0.255871 (VIOLATED)
_12452_/A2                              0.750000    1.005869   -0.255869 (VIOLATED)
_12458_/A2                              0.750000    1.005864   -0.255864 (VIOLATED)
_12441_/A2                              0.750000    1.005848   -0.255848 (VIOLATED)
_12446_/A2                              0.750000    1.005796   -0.255796 (VIOLATED)
_12432_/A2                              0.750000    1.005756   -0.255756 (VIOLATED)
_12437_/A2                              0.750000    1.005753   -0.255753 (VIOLATED)
_12427_/A2                              0.750000    1.005729   -0.255729 (VIOLATED)
_12413_/A2                              0.750000    1.005725   -0.255725 (VIOLATED)
_12421_/A2                              0.750000    1.005725   -0.255725 (VIOLATED)
fanout1111/X                            0.750000    1.005725   -0.255725 (VIOLATED)
ANTENNA_9/DIODE                         0.750000    1.004876   -0.254876 (VIOLATED)
_12610_/B2                              0.750000    1.004700   -0.254700 (VIOLATED)
_12649_/A1                              0.750000    1.004458   -0.254458 (VIOLATED)
_13049_/B2                              0.750000    1.004088   -0.254088 (VIOLATED)
_12025_/A2                              0.750000    1.004050   -0.254050 (VIOLATED)
_12024_/B                               0.750000    1.003938   -0.253938 (VIOLATED)
_11234_/B1                              0.750000    1.003808   -0.253808 (VIOLATED)
fanout1682/A                            0.750000    1.003798   -0.253798 (VIOLATED)
_11666_/B1                              0.750000    1.003776   -0.253776 (VIOLATED)
_11049_/A1                              0.750000    1.003771   -0.253771 (VIOLATED)
_11477_/A1                              0.750000    1.003757   -0.253757 (VIOLATED)
fanout1684/X                            0.750000    1.003757   -0.253757 (VIOLATED)
load_slew1685/A                         0.750000    1.003757   -0.253757 (VIOLATED)
_10223_/A1                              0.750000    1.003599   -0.253599 (VIOLATED)
_10449_/A1                              0.750000    1.003597   -0.253597 (VIOLATED)
_10165_/A1                              0.750000    1.003592   -0.253592 (VIOLATED)
_11919_/A1                              0.750000    1.003592   -0.253592 (VIOLATED)
_11978_/A1                              0.750000    1.003592   -0.253592 (VIOLATED)
_10343_/S                               0.750000    1.003585   -0.253585 (VIOLATED)
_10395_/S                               0.750000    1.003573   -0.253573 (VIOLATED)
_10508_/A1                              0.750000    1.003562   -0.253562 (VIOLATED)
_11677_/A1                              0.750000    1.003557   -0.253557 (VIOLATED)
_11735_/A1                              0.750000    1.003554   -0.253554 (VIOLATED)
fanout1297/X                            0.750000    1.003553   -0.253553 (VIOLATED)
_11297_/A1                              0.750000    1.003318   -0.253318 (VIOLATED)
_10381_/A1                              0.750000    1.003313   -0.253313 (VIOLATED)
_10596_/B2                              0.750000    1.003313   -0.253313 (VIOLATED)
_10617_/B2                              0.750000    1.003313   -0.253313 (VIOLATED)
_11347_/B1                              0.750000    1.003313   -0.253313 (VIOLATED)
fanout1616/X                            0.750000    1.003313   -0.253313 (VIOLATED)
load_slew1617/A                         0.750000    1.003313   -0.253313 (VIOLATED)
_11397_/X                               0.750000    1.002746   -0.252746 (VIOLATED)
_19573_/A1                              0.750000    1.002525   -0.252525 (VIOLATED)
_19451_/A                               0.750000    1.002523   -0.252523 (VIOLATED)
_19562_/A1                              0.750000    1.002519   -0.252519 (VIOLATED)
_19556_/A                               0.750000    1.002517   -0.252517 (VIOLATED)
_19780_/A1                              0.750000    1.002511   -0.252511 (VIOLATED)
_19511_/A                               0.750000    1.002507   -0.252507 (VIOLATED)
_19587_/A                               0.750000    1.002507   -0.252507 (VIOLATED)
_19412_/A                               0.750000    1.002506   -0.252506 (VIOLATED)
_19649_/B                               0.750000    1.002502   -0.252502 (VIOLATED)
_19695_/A1                              0.750000    1.002502   -0.252502 (VIOLATED)
fanout1538/X                            0.750000    1.002502   -0.252502 (VIOLATED)
_12548_/A2                              0.750000    1.002489   -0.252489 (VIOLATED)
_12520_/A2                              0.750000    1.002129   -0.252129 (VIOLATED)
_12515_/A2                              0.750000    1.002099   -0.252099 (VIOLATED)
input73/X                               0.750000    1.002094   -0.252094 (VIOLATED)
_12554_/B1                              0.750000    1.002057   -0.252057 (VIOLATED)
_12505_/A2                              0.750000    1.002047   -0.252047 (VIOLATED)
_12531_/A2                              0.750000    1.002047   -0.252047 (VIOLATED)
fanout1032/X                            0.750000    1.002047   -0.252047 (VIOLATED)
_14059_/A                               0.750000    1.000304   -0.250304 (VIOLATED)
_13978_/A                               0.750000    1.000302   -0.250302 (VIOLATED)
_13905_/A                               0.750000    1.000293   -0.250294 (VIOLATED)
_13904_/B1                              0.750000    1.000264   -0.250264 (VIOLATED)
_14146_/A                               0.750000    1.000233   -0.250233 (VIOLATED)
_14238_/B1                              0.750000    1.000156   -0.250156 (VIOLATED)
_13825_/B1                              0.750000    1.000090   -0.250090 (VIOLATED)
_13687_/B2                              0.750000    0.999730   -0.249730 (VIOLATED)
fanout1265/X                            0.750000    0.999730   -0.249730 (VIOLATED)
_19629_/A1                              0.750000    0.999539   -0.249539 (VIOLATED)
_19693_/A                               0.750000    0.999522   -0.249522 (VIOLATED)
fanout293/A                             0.750000    0.999412   -0.249412 (VIOLATED)
_19495_/B1                              0.750000    0.999389   -0.249390 (VIOLATED)
fanout291/A                             0.750000    0.998954   -0.248954 (VIOLATED)
fanout294/X                             0.750000    0.998954   -0.248954 (VIOLATED)
_12645_/A0                              0.750000    0.997281   -0.247281 (VIOLATED)
_12662_/B2                              0.750000    0.997271   -0.247271 (VIOLATED)
_12627_/A1                              0.750000    0.997228   -0.247228 (VIOLATED)
ANTENNA_8/DIODE                         0.750000    0.996795   -0.246795 (VIOLATED)
_13675_/A1                              0.750000    0.996795   -0.246795 (VIOLATED)
_19010_/A0                              0.750000    0.996615   -0.246615 (VIOLATED)
_11275_/B1                              0.750000    0.996042   -0.246042 (VIOLATED)
_18857_/S                               0.750000    0.995750   -0.245750 (VIOLATED)
_18946_/B                               0.750000    0.995748   -0.245748 (VIOLATED)
_18941_/A                               0.750000    0.995746   -0.245746 (VIOLATED)
_18945_/A2                              0.750000    0.995737   -0.245737 (VIOLATED)
_18815_/B                               0.750000    0.995721   -0.245721 (VIOLATED)
_18814_/A2                              0.750000    0.995711   -0.245711 (VIOLATED)
_18793_/A2                              0.750000    0.995698   -0.245698 (VIOLATED)
_18800_/A2                              0.750000    0.995689   -0.245689 (VIOLATED)
_18686_/B                               0.750000    0.995641   -0.245641 (VIOLATED)
_18757_/A2                              0.750000    0.995636   -0.245636 (VIOLATED)
fanout959/X                             0.750000    0.995636   -0.245636 (VIOLATED)
_11274_/X                               0.750000    0.995511   -0.245511 (VIOLATED)
fanout562/A                             0.750000    0.994780   -0.244780 (VIOLATED)
fanout557/A                             0.750000    0.994107   -0.244107 (VIOLATED)
ANTENNA_5/DIODE                         0.750000    0.994104   -0.244104 (VIOLATED)
_17677_/A2                              0.750000    0.993765   -0.243765 (VIOLATED)
_17668_/A2                              0.750000    0.993751   -0.243751 (VIOLATED)
_17665_/A2                              0.750000    0.993750   -0.243750 (VIOLATED)
_17673_/A2                              0.750000    0.993746   -0.243746 (VIOLATED)
_17661_/A2                              0.750000    0.993728   -0.243728 (VIOLATED)
_17656_/A2                              0.750000    0.993711   -0.243712 (VIOLATED)
_11586_/B                               0.750000    0.993693   -0.243693 (VIOLATED)
_11618_/A2                              0.750000    0.993678   -0.243678 (VIOLATED)
_17631_/A2                              0.750000    0.993672   -0.243672 (VIOLATED)
_17623_/A2                              0.750000    0.993671   -0.243671 (VIOLATED)
_17627_/A2                              0.750000    0.993668   -0.243668 (VIOLATED)
max_cap1361/A                           0.750000    0.993662   -0.243662 (VIOLATED)
_17635_/B1                              0.750000    0.993653   -0.243653 (VIOLATED)
fanout326/X                             0.750000    0.993650   -0.243650 (VIOLATED)
fanout559/A                             0.750000    0.993642   -0.243642 (VIOLATED)
fanout554/A                             0.750000    0.993624   -0.243624 (VIOLATED)
_11584_/Y                               0.750000    0.993513   -0.243513 (VIOLATED)
_17002_/X                               0.750000    0.993486   -0.243486 (VIOLATED)
_19766_/S                               0.750000    0.993405   -0.243405 (VIOLATED)
_19758_/S                               0.750000    0.993405   -0.243405 (VIOLATED)
_19774_/S                               0.750000    0.993397   -0.243397 (VIOLATED)
_19779_/S                               0.750000    0.993388   -0.243388 (VIOLATED)
_19757_/S                               0.750000    0.993359   -0.243359 (VIOLATED)
_19773_/S                               0.750000    0.993353   -0.243353 (VIOLATED)
_19765_/S                               0.750000    0.993353   -0.243353 (VIOLATED)
_19760_/S                               0.750000    0.993335   -0.243335 (VIOLATED)
_19768_/S                               0.750000    0.993335   -0.243335 (VIOLATED)
_19776_/S                               0.750000    0.993335   -0.243335 (VIOLATED)
fanout1312/X                            0.750000    0.993335   -0.243335 (VIOLATED)
_18728_/B1                              0.750000    0.991875   -0.241875 (VIOLATED)
_18722_/A2                              0.750000    0.991866   -0.241866 (VIOLATED)
_18713_/B1                              0.750000    0.991854   -0.241854 (VIOLATED)
_18684_/B1                              0.750000    0.991845   -0.241845 (VIOLATED)
_18706_/B1                              0.750000    0.991825   -0.241825 (VIOLATED)
_18677_/B1                              0.750000    0.991805   -0.241805 (VIOLATED)
_18735_/B1                              0.750000    0.991793   -0.241793 (VIOLATED)
_18671_/A2                              0.750000    0.991763   -0.241763 (VIOLATED)
_18662_/B1                              0.750000    0.991743   -0.241743 (VIOLATED)
_18655_/B1                              0.750000    0.991738   -0.241738 (VIOLATED)
fanout906/X                             0.750000    0.991738   -0.241738 (VIOLATED)
fanout2034/A                            0.750000    0.991535   -0.241535 (VIOLATED)
fanout2039/A                            0.750000    0.991124   -0.241124 (VIOLATED)
_09882_/A_N                             0.750000    0.991082   -0.241082 (VIOLATED)
_09886_/A                               0.750000    0.991064   -0.241064 (VIOLATED)
_09884_/B                               0.750000    0.991059   -0.241059 (VIOLATED)
fanout2041/X                            0.750000    0.991059   -0.241059 (VIOLATED)
_18796_/C1                              0.750000    0.990575   -0.240575 (VIOLATED)
fanout1904/A                            0.750000    0.990572   -0.240572 (VIOLATED)
_18803_/C1                              0.750000    0.990565   -0.240565 (VIOLATED)
_18739_/C1                              0.750000    0.990467   -0.240467 (VIOLATED)
_18667_/C1                              0.750000    0.990456   -0.240456 (VIOLATED)
_10276_/A2                              0.750000    0.990440   -0.240440 (VIOLATED)
_18994_/A0                              0.750000    0.990428   -0.240428 (VIOLATED)
_18732_/C1                              0.750000    0.990401   -0.240401 (VIOLATED)
_10244_/A2                              0.750000    0.990385   -0.240386 (VIOLATED)
_18725_/C1                              0.750000    0.990368   -0.240369 (VIOLATED)
fanout1902/A                            0.750000    0.990327   -0.240327 (VIOLATED)
fanout1905/X                            0.750000    0.990317   -0.240317 (VIOLATED)
_12599_/A1                              0.750000    0.990049   -0.240049 (VIOLATED)
_12656_/B2                              0.750000    0.990049   -0.240049 (VIOLATED)
_12606_/B2                              0.750000    0.989901   -0.239901 (VIOLATED)
_12628_/A1                              0.750000    0.989803   -0.239804 (VIOLATED)
_12663_/B2                              0.750000    0.989799   -0.239799 (VIOLATED)
_10242_/X                               0.750000    0.989743   -0.239743 (VIOLATED)
_12601_/A1                              0.750000    0.989739   -0.239739 (VIOLATED)
_12622_/A0                              0.750000    0.989735   -0.239735 (VIOLATED)
max_cap1371/A                           0.750000    0.989719   -0.239719 (VIOLATED)
_11020_/Y                               0.750000    0.989709   -0.239709 (VIOLATED)
_10393_/A2                              0.750000    0.989603   -0.239603 (VIOLATED)
_18988_/A0                              0.750000    0.989485   -0.239485 (VIOLATED)
_10365_/B1                              0.750000    0.989078   -0.239078 (VIOLATED)
_15803_/A1                              0.750000    0.988987   -0.238987 (VIOLATED)
_15897_/A1                              0.750000    0.988981   -0.238981 (VIOLATED)
_16080_/A1                              0.750000    0.988981   -0.238981 (VIOLATED)
_16170_/A1                              0.750000    0.988963   -0.238963 (VIOLATED)
_13794_/A1                              0.750000    0.988949   -0.238949 (VIOLATED)
_15707_/A1                              0.750000    0.988854   -0.238854 (VIOLATED)
_13433_/A                               0.750000    0.988827   -0.238827 (VIOLATED)
_13870_/B1_N                            0.750000    0.988818   -0.238818 (VIOLATED)
_10363_/X                               0.750000    0.988401   -0.238401 (VIOLATED)
_14631_/A1                              0.750000    0.988388   -0.238388 (VIOLATED)
_14517_/B1                              0.750000    0.988361   -0.238361 (VIOLATED)
fanout1170/X                            0.750000    0.988361   -0.238361 (VIOLATED)
_19761_/S                               0.750000    0.987781   -0.237781 (VIOLATED)
_19769_/S                               0.750000    0.987779   -0.237779 (VIOLATED)
_19759_/S                               0.750000    0.987775   -0.237775 (VIOLATED)
_19767_/S                               0.750000    0.987772   -0.237772 (VIOLATED)
_19762_/S                               0.750000    0.987764   -0.237764 (VIOLATED)
_19756_/S                               0.750000    0.987750   -0.237750 (VIOLATED)
_19763_/S                               0.750000    0.987750   -0.237750 (VIOLATED)
_19764_/S                               0.750000    0.987750   -0.237750 (VIOLATED)
_19771_/S                               0.750000    0.987750   -0.237750 (VIOLATED)
_19772_/S                               0.750000    0.987750   -0.237750 (VIOLATED)
fanout1311/X                            0.750000    0.987750   -0.237750 (VIOLATED)
_19307_/S                               0.750000    0.987705   -0.237705 (VIOLATED)
_19306_/S                               0.750000    0.987702   -0.237702 (VIOLATED)
_19329_/S                               0.750000    0.987701   -0.237701 (VIOLATED)
_19313_/S                               0.750000    0.987700   -0.237700 (VIOLATED)
_19328_/S                               0.750000    0.987699   -0.237699 (VIOLATED)
_19327_/S                               0.750000    0.987698   -0.237698 (VIOLATED)
_19322_/S                               0.750000    0.987695   -0.237695 (VIOLATED)
_19325_/S                               0.750000    0.987694   -0.237694 (VIOLATED)
_19311_/S                               0.750000    0.987693   -0.237693 (VIOLATED)
_19321_/S                               0.750000    0.987693   -0.237693 (VIOLATED)
fanout1522/X                            0.750000    0.987693   -0.237693 (VIOLATED)
_21101_/RESET_B                         0.750000    0.987540   -0.237540 (VIOLATED)
_21074_/RESET_B                         0.750000    0.987537   -0.237537 (VIOLATED)
_21084_/RESET_B                         0.750000    0.987520   -0.237520 (VIOLATED)
_19920_/RESET_B                         0.750000    0.987513   -0.237513 (VIOLATED)
_19921_/RESET_B                         0.750000    0.987511   -0.237511 (VIOLATED)
fanout2391/A                            0.750000    0.987492   -0.237492 (VIOLATED)
fanout2393/A                            0.750000    0.987492   -0.237492 (VIOLATED)
fanout2394/X                            0.750000    0.987492   -0.237492 (VIOLATED)
_17310_/S                               0.750000    0.987408   -0.237408 (VIOLATED)
_17323_/S                               0.750000    0.987367   -0.237367 (VIOLATED)
_17326_/S                               0.750000    0.987340   -0.237340 (VIOLATED)
_17318_/S                               0.750000    0.987329   -0.237329 (VIOLATED)
_17331_/S                               0.750000    0.987329   -0.237329 (VIOLATED)
fanout755/X                             0.750000    0.987329   -0.237329 (VIOLATED)
load_slew756/A                          0.750000    0.987329   -0.237329 (VIOLATED)
_17950_/S                               0.750000    0.985169   -0.235169 (VIOLATED)
_17962_/S                               0.750000    0.985168   -0.235168 (VIOLATED)
wire392/A                               0.750000    0.985167   -0.235167 (VIOLATED)
fanout389/A                             0.750000    0.985132   -0.235132 (VIOLATED)
fanout391/X                             0.750000    0.985132   -0.235132 (VIOLATED)
_12360_/B                               0.750000    0.984571   -0.234571 (VIOLATED)
_17882_/A                               0.750000    0.984568   -0.234568 (VIOLATED)
_17883_/A                               0.750000    0.984568   -0.234568 (VIOLATED)
_17969_/B                               0.750000    0.984547   -0.234547 (VIOLATED)
_17897_/A1                              0.750000    0.984534   -0.234534 (VIOLATED)
_18604_/B1                              0.750000    0.984525   -0.234525 (VIOLATED)
_18010_/C                               0.750000    0.984518   -0.234518 (VIOLATED)
_17971_/A1                              0.750000    0.984204   -0.234204 (VIOLATED)
_18216_/B2                              0.750000    0.984160   -0.234160 (VIOLATED)
_18200_/A                               0.750000    0.984152   -0.234152 (VIOLATED)
fanout1288/X                            0.750000    0.984152   -0.234152 (VIOLATED)
_10545_/A1                              0.750000    0.983932   -0.233932 (VIOLATED)
_10553_/A                               0.750000    0.983907   -0.233907 (VIOLATED)
_10546_/C_N                             0.750000    0.983898   -0.233898 (VIOLATED)
_10547_/C_N                             0.750000    0.983897   -0.233897 (VIOLATED)
_10549_/A                               0.750000    0.983891   -0.233891 (VIOLATED)
_11952_/S1                              0.750000    0.983844   -0.233844 (VIOLATED)
_11953_/S1                              0.750000    0.983840   -0.233840 (VIOLATED)
_11483_/A1                              0.750000    0.983396   -0.233396 (VIOLATED)
fanout2140/X                            0.750000    0.983395   -0.233395 (VIOLATED)
_10378_/A1                              0.750000    0.982949   -0.232949 (VIOLATED)
_11294_/B2                              0.750000    0.982942   -0.232942 (VIOLATED)
_10617_/A1                              0.750000    0.982910   -0.232910 (VIOLATED)
_10591_/B1                              0.750000    0.982885   -0.232885 (VIOLATED)
load_slew1638/A                         0.750000    0.982871   -0.232871 (VIOLATED)
_11351_/A                               0.750000    0.982848   -0.232848 (VIOLATED)
fanout1637/X                            0.750000    0.982848   -0.232848 (VIOLATED)
_18225_/A2                              0.750000    0.981052   -0.231052 (VIOLATED)
_18155_/S                               0.750000    0.981048   -0.231048 (VIOLATED)
_17974_/B                               0.750000    0.981046   -0.231046 (VIOLATED)
_18232_/A2                              0.750000    0.981029   -0.231029 (VIOLATED)
_18163_/S                               0.750000    0.981019   -0.231019 (VIOLATED)
_18162_/S                               0.750000    0.981011   -0.231011 (VIOLATED)
fanout977/A                             0.750000    0.981005   -0.231005 (VIOLATED)
fanout979/X                             0.750000    0.981005   -0.231005 (VIOLATED)
_10121_/A1                              0.750000    0.978940   -0.228940 (VIOLATED)
_10113_/A                               0.750000    0.978934   -0.228934 (VIOLATED)
_10837_/A1                              0.750000    0.978934   -0.228934 (VIOLATED)
_11751_/A                               0.750000    0.978918   -0.228918 (VIOLATED)
load_slew1717/A                         0.750000    0.978917   -0.228917 (VIOLATED)
_10292_/A1                              0.750000    0.978916   -0.228916 (VIOLATED)
fanout1716/X                            0.750000    0.978916   -0.228916 (VIOLATED)
_11959_/B2                              0.750000    0.978257   -0.228257 (VIOLATED)
_11964_/B1                              0.750000    0.978249   -0.228249 (VIOLATED)
fanout1684/A                            0.750000    0.978236   -0.228237 (VIOLATED)
fanout1678/A                            0.750000    0.978212   -0.228212 (VIOLATED)
fanout1681/A                            0.750000    0.978212   -0.228212 (VIOLATED)
fanout1686/X                            0.750000    0.978212   -0.228212 (VIOLATED)
_11147_/A1                              0.750000    0.977702   -0.227702 (VIOLATED)
_11788_/A1                              0.750000    0.977620   -0.227620 (VIOLATED)
_11766_/B2                              0.750000    0.977588   -0.227588 (VIOLATED)
load_slew1842/A                         0.750000    0.977552   -0.227552 (VIOLATED)
_10192_/B2                              0.750000    0.977537   -0.227537 (VIOLATED)
fanout1841/X                            0.750000    0.977537   -0.227537 (VIOLATED)
load_slew2297/A                         0.750000    0.977056   -0.227056 (VIOLATED)
_12685_/A                               0.750000    0.977053   -0.227053 (VIOLATED)
_10667_/S                               0.750000    0.976844   -0.226844 (VIOLATED)
_10669_/S                               0.750000    0.976833   -0.226833 (VIOLATED)
fanout2294/A                            0.750000    0.976824   -0.226824 (VIOLATED)
fanout2295/X                            0.750000    0.976824   -0.226824 (VIOLATED)
fanout2214/A                            0.750000    0.976785   -0.226785 (VIOLATED)
fanout2216/A                            0.750000    0.976752   -0.226753 (VIOLATED)
_11311_/A2                              0.750000    0.976413   -0.226413 (VIOLATED)
fanout2218/A                            0.750000    0.976362   -0.226362 (VIOLATED)
fanout2212/A                            0.750000    0.976326   -0.226326 (VIOLATED)
fanout2220/X                            0.750000    0.976326   -0.226326 (VIOLATED)
max_cap1367/A                           0.750000    0.976301   -0.226301 (VIOLATED)
_17208_/S                               0.750000    0.976237   -0.226237 (VIOLATED)
_17224_/S                               0.750000    0.976198   -0.226198 (VIOLATED)
_17207_/S                               0.750000    0.976181   -0.226181 (VIOLATED)
_11305_/Y                               0.750000    0.976170   -0.226170 (VIOLATED)
load_slew781/A                          0.750000    0.976139   -0.226139 (VIOLATED)
_17232_/S                               0.750000    0.976125   -0.226125 (VIOLATED)
_17205_/S                               0.750000    0.976118   -0.226118 (VIOLATED)
fanout780/X                             0.750000    0.976118   -0.226118 (VIOLATED)
_21778_/A                               0.750000    0.976071   -0.226071 (VIOLATED)
_18879_/C                               0.750000    0.975467   -0.225467 (VIOLATED)
_18875_/A2                              0.750000    0.975381   -0.225381 (VIOLATED)
_18873_/A2                              0.750000    0.975344   -0.225344 (VIOLATED)
_12559_/A1                              0.750000    0.974992   -0.224992 (VIOLATED)
_19742_/A1                              0.750000    0.974979   -0.224979 (VIOLATED)
_16351_/A2                              0.750000    0.974899   -0.224899 (VIOLATED)
_11982_/Y                               0.750000    0.974749   -0.224749 (VIOLATED)
fanout1249/A                            0.750000    0.972689   -0.222689 (VIOLATED)
_14711_/A                               0.750000    0.972673   -0.222673 (VIOLATED)
_14713_/A                               0.750000    0.972671   -0.222671 (VIOLATED)
_12044_/B                               0.750000    0.972647   -0.222647 (VIOLATED)
_12157_/B                               0.750000    0.972644   -0.222644 (VIOLATED)
_18326_/C1                              0.750000    0.972457   -0.222457 (VIOLATED)
_18333_/C1                              0.750000    0.972453   -0.222453 (VIOLATED)
_18232_/C1                              0.750000    0.972441   -0.222442 (VIOLATED)
_18247_/C1                              0.750000    0.972440   -0.222440 (VIOLATED)
_18240_/C1                              0.750000    0.972440   -0.222440 (VIOLATED)
fanout366/A                             0.750000    0.972440   -0.222440 (VIOLATED)
_18225_/C1                              0.750000    0.972439   -0.222439 (VIOLATED)
fanout368/X                             0.750000    0.972439   -0.222439 (VIOLATED)
_13766_/B                               0.750000    0.972249   -0.222249 (VIOLATED)
_13655_/B                               0.750000    0.972246   -0.222246 (VIOLATED)
fanout1250/X                            0.750000    0.972246   -0.222246 (VIOLATED)
_10455_/Y                               0.750000    0.972066   -0.222066 (VIOLATED)
max_cap1592/A                           0.750000    0.972066   -0.222066 (VIOLATED)
fanout870/A                             0.750000    0.971923   -0.221923 (VIOLATED)
_18794_/S                               0.750000    0.971702   -0.221702 (VIOLATED)
_18787_/S                               0.750000    0.971700   -0.221700 (VIOLATED)
_18773_/S                               0.750000    0.971696   -0.221696 (VIOLATED)
_18780_/S                               0.750000    0.971696   -0.221696 (VIOLATED)
_18766_/S                               0.750000    0.971689   -0.221689 (VIOLATED)
_18758_/S                               0.750000    0.971681   -0.221681 (VIOLATED)
_18687_/S                               0.750000    0.971678   -0.221678 (VIOLATED)
_18694_/S                               0.750000    0.971678   -0.221678 (VIOLATED)
_18744_/S                               0.750000    0.971678   -0.221678 (VIOLATED)
_18751_/S                               0.750000    0.971678   -0.221678 (VIOLATED)
fanout473/X                             0.750000    0.971678   -0.221678 (VIOLATED)
fanout868/A                             0.750000    0.971278   -0.221278 (VIOLATED)
fanout864/A                             0.750000    0.970574   -0.220574 (VIOLATED)
fanout866/A                             0.750000    0.970573   -0.220573 (VIOLATED)
_13307_/X                               0.750000    0.970447   -0.220447 (VIOLATED)
fanout687/A                             0.750000    0.970397   -0.220397 (VIOLATED)
load_slew692/A                          0.750000    0.970196   -0.220196 (VIOLATED)
fanout682/A                             0.750000    0.970194   -0.220194 (VIOLATED)
fanout676/A                             0.750000    0.970170   -0.220170 (VIOLATED)
_12020_/B                               0.750000    0.970156   -0.220156 (VIOLATED)
_12954_/B2                              0.750000    0.970148   -0.220148 (VIOLATED)
fanout690/X                             0.750000    0.969923   -0.219923 (VIOLATED)
load_slew681/A                          0.750000    0.969819   -0.219819 (VIOLATED)
fanout671/A                             0.750000    0.969817   -0.219817 (VIOLATED)
fanout679/X                             0.750000    0.969801   -0.219801 (VIOLATED)
input80/X                               0.750000    0.969495   -0.219495 (VIOLATED)
_19674_/A2                              0.750000    0.969106   -0.219106 (VIOLATED)
_19690_/A2                              0.750000    0.969105   -0.219105 (VIOLATED)
_19671_/C1                              0.750000    0.969104   -0.219105 (VIOLATED)
_19449_/B                               0.750000    0.969104   -0.219104 (VIOLATED)
_19668_/A2                              0.750000    0.969104   -0.219104 (VIOLATED)
_19683_/B                               0.750000    0.969098   -0.219098 (VIOLATED)
_19661_/B1                              0.750000    0.969097   -0.219097 (VIOLATED)
_19530_/B                               0.750000    0.969070   -0.219070 (VIOLATED)
_19576_/A                               0.750000    0.969070   -0.219070 (VIOLATED)
_19584_/A2                              0.750000    0.969070   -0.219070 (VIOLATED)
fanout1413/X                            0.750000    0.969070   -0.219070 (VIOLATED)
_18868_/C1                              0.750000    0.968135   -0.218135 (VIOLATED)
_18797_/C1                              0.750000    0.968134   -0.218134 (VIOLATED)
_18875_/C1                              0.750000    0.968131   -0.218132 (VIOLATED)
_18790_/C1                              0.750000    0.968129   -0.218129 (VIOLATED)
_18783_/C1                              0.750000    0.968124   -0.218124 (VIOLATED)
_18776_/C1                              0.750000    0.968107   -0.218107 (VIOLATED)
_18769_/C1                              0.750000    0.968068   -0.218068 (VIOLATED)
_16130_/A3                              0.750000    0.968052   -0.218052 (VIOLATED)
_18761_/C1                              0.750000    0.968051   -0.218051 (VIOLATED)
_16306_/A3                              0.750000    0.968048   -0.218048 (VIOLATED)
_16041_/A3                              0.750000    0.968040   -0.218040 (VIOLATED)
_18902_/A3                              0.750000    0.968036   -0.218036 (VIOLATED)
_18754_/C1                              0.750000    0.968022   -0.218022 (VIOLATED)
fanout1419/A                            0.750000    0.967993   -0.217993 (VIOLATED)
fanout1420/X                            0.750000    0.967993   -0.217993 (VIOLATED)
_14895_/A3                              0.750000    0.967963   -0.217963 (VIOLATED)
_13676_/A0                              0.750000    0.967707   -0.217707 (VIOLATED)
_10560_/A2                              0.750000    0.967692   -0.217692 (VIOLATED)
_10526_/Y                               0.750000    0.967667   -0.217667 (VIOLATED)
_14241_/A2                              0.750000    0.967564   -0.217564 (VIOLATED)
_14150_/A2                              0.750000    0.967553   -0.217553 (VIOLATED)
fanout1334/A                            0.750000    0.967544   -0.217545 (VIOLATED)
fanout1335/X                            0.750000    0.967544   -0.217545 (VIOLATED)
_09982_/B                               0.750000    0.967199   -0.217199 (VIOLATED)
_10026_/A1                              0.750000    0.967199   -0.217199 (VIOLATED)
_10006_/A                               0.750000    0.967198   -0.217198 (VIOLATED)
_09987_/B                               0.750000    0.967187   -0.217187 (VIOLATED)
_10093_/A                               0.750000    0.967165   -0.217165 (VIOLATED)
_12070_/B1                              0.750000    0.967161   -0.217161 (VIOLATED)
_09968_/A_N                             0.750000    0.967139   -0.217139 (VIOLATED)
_09918_/A                               0.750000    0.967136   -0.217136 (VIOLATED)
_09941_/B                               0.750000    0.967104   -0.217104 (VIOLATED)
_12066_/A                               0.750000    0.967097   -0.217097 (VIOLATED)
fanout2286/X                            0.750000    0.967097   -0.217097 (VIOLATED)
_19007_/S                               0.750000    0.966840   -0.216840 (VIOLATED)
_19005_/S                               0.750000    0.966836   -0.216836 (VIOLATED)
_18999_/S                               0.750000    0.966835   -0.216835 (VIOLATED)
_18993_/S                               0.750000    0.966830   -0.216830 (VIOLATED)
_19013_/S                               0.750000    0.966822   -0.216822 (VIOLATED)
_19011_/S                               0.750000    0.966814   -0.216814 (VIOLATED)
_18983_/S                               0.750000    0.966813   -0.216813 (VIOLATED)
_19026_/S                               0.750000    0.966813   -0.216813 (VIOLATED)
_19009_/S                               0.750000    0.966800   -0.216800 (VIOLATED)
_18981_/S                               0.750000    0.966795   -0.216795 (VIOLATED)
fanout1033/X                            0.750000    0.966795   -0.216795 (VIOLATED)
_18468_/A1                              0.750000    0.966269   -0.216269 (VIOLATED)
_18704_/A2                              0.750000    0.966240   -0.216240 (VIOLATED)
_18701_/A1                              0.750000    0.966223   -0.216223 (VIOLATED)
_13649_/B1                              0.750000    0.966209   -0.216209 (VIOLATED)
_13769_/A2                              0.750000    0.966208   -0.216208 (VIOLATED)
_14457_/A1                              0.750000    0.966203   -0.216203 (VIOLATED)
_13841_/A                               0.750000    0.966200   -0.216200 (VIOLATED)
_14360_/A                               0.750000    0.966200   -0.216200 (VIOLATED)
_14358_/B2                              0.750000    0.966199   -0.216199 (VIOLATED)
_13922_/A                               0.750000    0.966197   -0.216197 (VIOLATED)
_14078_/A                               0.750000    0.966196   -0.216196 (VIOLATED)
_13923_/B2                              0.750000    0.966196   -0.216196 (VIOLATED)
_14080_/A                               0.750000    0.966183   -0.216183 (VIOLATED)
fanout1251/X                            0.750000    0.966183   -0.216183 (VIOLATED)
_12644_/B2                              0.750000    0.965639   -0.215639 (VIOLATED)
_12662_/A1                              0.750000    0.965621   -0.215621 (VIOLATED)
_12628_/B2                              0.750000    0.965552   -0.215552 (VIOLATED)
load_slew532/A                          0.750000    0.965442   -0.215442 (VIOLATED)
_18984_/A1                              0.750000    0.965367   -0.215367 (VIOLATED)
load_slew533/A                          0.750000    0.965361   -0.215361 (VIOLATED)
_12230_/Y                               0.750000    0.965332   -0.215332 (VIOLATED)
_12607_/A0                              0.750000    0.965267   -0.215267 (VIOLATED)
_15175_/A                               0.750000    0.965050   -0.215050 (VIOLATED)
_19468_/A                               0.750000    0.964871   -0.214871 (VIOLATED)
_19549_/A                               0.750000    0.964870   -0.214870 (VIOLATED)
_19663_/A1                              0.750000    0.964869   -0.214869 (VIOLATED)
_19426_/A                               0.750000    0.964865   -0.214865 (VIOLATED)
_19469_/A                               0.750000    0.964859   -0.214859 (VIOLATED)
_19425_/A                               0.750000    0.964859   -0.214859 (VIOLATED)
_19434_/A                               0.750000    0.964859   -0.214859 (VIOLATED)
_19437_/A                               0.750000    0.964859   -0.214859 (VIOLATED)
_19487_/A2                              0.750000    0.964859   -0.214859 (VIOLATED)
_19543_/A2                              0.750000    0.964859   -0.214859 (VIOLATED)
fanout1518/X                            0.750000    0.964859   -0.214859 (VIOLATED)
_14480_/B2                              0.750000    0.964542   -0.214542 (VIOLATED)
_18080_/A2                              0.750000    0.964477   -0.214477 (VIOLATED)
_14379_/A1                              0.750000    0.964471   -0.214471 (VIOLATED)
_14377_/A                               0.750000    0.964468   -0.214468 (VIOLATED)
_18074_/A2                              0.750000    0.964461   -0.214461 (VIOLATED)
_18089_/A2                              0.750000    0.964393   -0.214393 (VIOLATED)
_18098_/A2                              0.750000    0.964384   -0.214384 (VIOLATED)
_18062_/A2                              0.750000    0.964373   -0.214374 (VIOLATED)
fanout1141/X                            0.750000    0.964373   -0.214374 (VIOLATED)
_13675_/A0                              0.750000    0.964320   -0.214320 (VIOLATED)
_14086_/A                               0.750000    0.963844   -0.213844 (VIOLATED)
fanout2133/A                            0.750000    0.963780   -0.213780 (VIOLATED)
_10920_/C1                              0.750000    0.963756   -0.213756 (VIOLATED)
_11363_/C1                              0.750000    0.963739   -0.213739 (VIOLATED)
_11342_/S1                              0.750000    0.963735   -0.213735 (VIOLATED)
_11341_/S1                              0.750000    0.963709   -0.213709 (VIOLATED)
_11345_/A                               0.750000    0.963693   -0.213693 (VIOLATED)
_11346_/C                               0.750000    0.963693   -0.213693 (VIOLATED)
fanout2134/X                            0.750000    0.963693   -0.213693 (VIOLATED)
_14000_/A                               0.750000    0.963615   -0.213615 (VIOLATED)
_10185_/B2                              0.750000    0.963610   -0.213610 (VIOLATED)
_10766_/A1                              0.750000    0.963607   -0.213607 (VIOLATED)
_13298_/A_N                             0.750000    0.963588   -0.213588 (VIOLATED)
_16357_/B                               0.750000    0.963588   -0.213588 (VIOLATED)
_16428_/B                               0.750000    0.963587   -0.213587 (VIOLATED)
_12065_/B                               0.750000    0.963585   -0.213585 (VIOLATED)
_13299_/A_N                             0.750000    0.963585   -0.213585 (VIOLATED)
_16358_/B                               0.750000    0.963585   -0.213585 (VIOLATED)
_16395_/B                               0.750000    0.963585   -0.213585 (VIOLATED)
_16834_/B                               0.750000    0.963585   -0.213585 (VIOLATED)
fanout2305/X                            0.750000    0.963585   -0.213585 (VIOLATED)
_13923_/A1                              0.750000    0.963045   -0.213045 (VIOLATED)
_13841_/B                               0.750000    0.962958   -0.212958 (VIOLATED)
_18978_/A0                              0.750000    0.962805   -0.212805 (VIOLATED)
_13687_/A2                              0.750000    0.962407   -0.212407 (VIOLATED)
_13654_/B                               0.750000    0.962406   -0.212406 (VIOLATED)
_13653_/X                               0.750000    0.962239   -0.212239 (VIOLATED)
_10528_/A2                              0.750000    0.962148   -0.212149 (VIOLATED)
_10527_/X                               0.750000    0.962010   -0.212010 (VIOLATED)
fanout326/A                             0.750000    0.960286   -0.210286 (VIOLATED)
_17639_/A2                              0.750000    0.960276   -0.210276 (VIOLATED)
_17642_/A2                              0.750000    0.960272   -0.210272 (VIOLATED)
_17647_/A2                              0.750000    0.960254   -0.210254 (VIOLATED)
_17651_/A2                              0.750000    0.960220   -0.210220 (VIOLATED)
fanout327/A                             0.750000    0.959760   -0.209760 (VIOLATED)
fanout328/A                             0.750000    0.959749   -0.209749 (VIOLATED)
fanout329/X                             0.750000    0.959749   -0.209749 (VIOLATED)
fanout1112/A                            0.750000    0.959464   -0.209464 (VIOLATED)
fanout1113/A                            0.750000    0.959460   -0.209460 (VIOLATED)
fanout1111/A                            0.750000    0.959453   -0.209453 (VIOLATED)
_12402_/A2                              0.750000    0.959451   -0.209451 (VIOLATED)
_12387_/A2                              0.750000    0.959448   -0.209448 (VIOLATED)
_19046_/A2                              0.750000    0.959437   -0.209437 (VIOLATED)
fanout1114/X                            0.750000    0.959437   -0.209437 (VIOLATED)
_12775_/B1                              0.750000    0.958349   -0.208349 (VIOLATED)
_12766_/A2                              0.750000    0.958346   -0.208346 (VIOLATED)
_12978_/B1                              0.750000    0.958327   -0.208327 (VIOLATED)
_13104_/A2                              0.750000    0.958281   -0.208281 (VIOLATED)
fanout1336/A                            0.750000    0.958281   -0.208281 (VIOLATED)
fanout1338/X                            0.750000    0.958281   -0.208281 (VIOLATED)
fanout1108/A                            0.750000    0.956238   -0.206238 (VIOLATED)
fanout1109/A                            0.750000    0.956232   -0.206232 (VIOLATED)
_12392_/A2                              0.750000    0.956209   -0.206209 (VIOLATED)
fanout1107/A                            0.750000    0.956204   -0.206204 (VIOLATED)
_12431_/B1                              0.750000    0.956192   -0.206192 (VIOLATED)
_19045_/A2                              0.750000    0.956183   -0.206183 (VIOLATED)
fanout1110/X                            0.750000    0.956180   -0.206180 (VIOLATED)
_17979_/A1                              0.750000    0.955774   -0.205774 (VIOLATED)
_18009_/A1                              0.750000    0.955772   -0.205772 (VIOLATED)
_17892_/A                               0.750000    0.955770   -0.205770 (VIOLATED)
_09875_/B2                              0.750000    0.955766   -0.205766 (VIOLATED)
_18602_/B2                              0.750000    0.955761   -0.205761 (VIOLATED)
_09855_/A                               0.750000    0.955759   -0.205759 (VIOLATED)
_12329_/A2                              0.750000    0.955759   -0.205759 (VIOLATED)
_12002_/A1                              0.750000    0.955757   -0.205757 (VIOLATED)
_12366_/A1                              0.750000    0.955756   -0.205756 (VIOLATED)
_12369_/A1                              0.750000    0.955756   -0.205756 (VIOLATED)
fanout2316/X                            0.750000    0.955756   -0.205756 (VIOLATED)
_12178_/A                               0.750000    0.955298   -0.205298 (VIOLATED)
_12183_/A1                              0.750000    0.955297   -0.205297 (VIOLATED)
_12102_/Y                               0.750000    0.955283   -0.205283 (VIOLATED)
_19787_/A                               0.750000    0.955244   -0.205244 (VIOLATED)
fanout279/A                             0.750000    0.955233   -0.205233 (VIOLATED)
_19605_/A2                              0.750000    0.955227   -0.205227 (VIOLATED)
_19481_/A2                              0.750000    0.955222   -0.205222 (VIOLATED)
_19504_/B                               0.750000    0.955221   -0.205221 (VIOLATED)
_19483_/A2                              0.750000    0.955220   -0.205221 (VIOLATED)
_13257_/S                               0.750000    0.955211   -0.205211 (VIOLATED)
_19365_/A2                              0.750000    0.955186   -0.205186 (VIOLATED)
fanout280/X                             0.750000    0.955186   -0.205186 (VIOLATED)
fanout1213/A                            0.750000    0.955093   -0.205093 (VIOLATED)
_15844_/A2                              0.750000    0.955020   -0.205020 (VIOLATED)
_15176_/A2                              0.750000    0.954972   -0.204972 (VIOLATED)
_14955_/B1                              0.750000    0.954970   -0.204970 (VIOLATED)
_15380_/B1                              0.750000    0.954970   -0.204970 (VIOLATED)
fanout1214/X                            0.750000    0.954970   -0.204970 (VIOLATED)
_18968_/B1                              0.750000    0.954757   -0.204757 (VIOLATED)
_18856_/A1                              0.750000    0.954754   -0.204754 (VIOLATED)
_18842_/A1                              0.750000    0.954754   -0.204754 (VIOLATED)
_15201_/A                               0.750000    0.954753   -0.204753 (VIOLATED)
_14982_/B1                              0.750000    0.954751   -0.204751 (VIOLATED)
_18849_/A1                              0.750000    0.954749   -0.204749 (VIOLATED)
_18835_/A1                              0.750000    0.954746   -0.204746 (VIOLATED)
_18813_/A1                              0.750000    0.954743   -0.204743 (VIOLATED)
_18877_/A1                              0.750000    0.954737   -0.204737 (VIOLATED)
_18870_/A1                              0.750000    0.954730   -0.204730 (VIOLATED)
fanout1323/X                            0.750000    0.954730   -0.204730 (VIOLATED)
_12823_/A1                              0.750000    0.954632   -0.204632 (VIOLATED)
_12822_/B1                              0.750000    0.954630   -0.204631 (VIOLATED)
_15803_/D1                              0.750000    0.954513   -0.204514 (VIOLATED)
_16080_/C1                              0.750000    0.954511   -0.204511 (VIOLATED)
_15897_/C1                              0.750000    0.954511   -0.204511 (VIOLATED)
_13794_/C1                              0.750000    0.954499   -0.204499 (VIOLATED)
_16170_/C1                              0.750000    0.954498   -0.204498 (VIOLATED)
max_cap1189/A                           0.750000    0.954497   -0.204497 (VIOLATED)
_10395_/X                               0.750000    0.954485   -0.204485 (VIOLATED)
_13872_/C1                              0.750000    0.954466   -0.204466 (VIOLATED)
_15707_/D1                              0.750000    0.954457   -0.204457 (VIOLATED)
_14519_/C1                              0.750000    0.954429   -0.204429 (VIOLATED)
_14631_/D1                              0.750000    0.954429   -0.204429 (VIOLATED)
_14750_/C1                              0.750000    0.954429   -0.204429 (VIOLATED)
fanout995/X                             0.750000    0.954429   -0.204429 (VIOLATED)
_19587_/B                               0.750000    0.953597   -0.203597 (VIOLATED)
_19653_/A2                              0.750000    0.953589   -0.203589 (VIOLATED)
_19618_/C                               0.750000    0.953542   -0.203542 (VIOLATED)
_19564_/A2                              0.750000    0.953505   -0.203505 (VIOLATED)
_19476_/B                               0.750000    0.953463   -0.203463 (VIOLATED)
_19542_/A2                              0.750000    0.953336   -0.203336 (VIOLATED)
_19475_/Y                               0.750000    0.953310   -0.203310 (VIOLATED)
_14462_/A                               0.750000    0.952391   -0.202391 (VIOLATED)
_14364_/A                               0.750000    0.952389   -0.202389 (VIOLATED)
_14261_/A                               0.750000    0.952387   -0.202387 (VIOLATED)
_13927_/B                               0.750000    0.952385   -0.202385 (VIOLATED)
_14170_/B                               0.750000    0.952383   -0.202383 (VIOLATED)
_14000_/B                               0.750000    0.952379   -0.202379 (VIOLATED)
_14085_/B                               0.750000    0.952379   -0.202379 (VIOLATED)
fanout1163/X                            0.750000    0.952379   -0.202379 (VIOLATED)
_18512_/S                               0.750000    0.952344   -0.202344 (VIOLATED)
_18522_/S                               0.750000    0.952340   -0.202340 (VIOLATED)
fanout1147/A                            0.750000    0.952332   -0.202332 (VIOLATED)
fanout1146/A                            0.750000    0.952331   -0.202331 (VIOLATED)
_18459_/S                               0.750000    0.952309   -0.202309 (VIOLATED)
_18454_/S                               0.750000    0.952307   -0.202308 (VIOLATED)
_18488_/S                               0.750000    0.952306   -0.202306 (VIOLATED)
_18616_/A3                              0.750000    0.952291   -0.202291 (VIOLATED)
_18619_/A0                              0.750000    0.952291   -0.202291 (VIOLATED)
fanout1148/X                            0.750000    0.952291   -0.202291 (VIOLATED)
_10634_/C1                              0.750000    0.952019   -0.202019 (VIOLATED)
_10643_/A                               0.750000    0.952011   -0.202011 (VIOLATED)
_10764_/A1                              0.750000    0.952002   -0.202002 (VIOLATED)
_10756_/C1                              0.750000    0.951976   -0.201976 (VIOLATED)
_10710_/A1                              0.750000    0.951934   -0.201934 (VIOLATED)
fanout1740/X                            0.750000    0.951933   -0.201933 (VIOLATED)
load_slew1741/A                         0.750000    0.951933   -0.201933 (VIOLATED)
_12824_/B2                              0.750000    0.951169   -0.201169 (VIOLATED)
_12836_/B2                              0.750000    0.951158   -0.201158 (VIOLATED)
_12812_/B2                              0.750000    0.951133   -0.201133 (VIOLATED)
_12681_/A                               0.750000    0.951115   -0.201115 (VIOLATED)
_12797_/B2                              0.750000    0.951101   -0.201101 (VIOLATED)
_12782_/B2                              0.750000    0.951063   -0.201063 (VIOLATED)
_12769_/B2                              0.750000    0.951014   -0.201014 (VIOLATED)
_12755_/B2                              0.750000    0.950968   -0.200968 (VIOLATED)
_12729_/B2                              0.750000    0.950952   -0.200952 (VIOLATED)
_12743_/B2                              0.750000    0.950952   -0.200952 (VIOLATED)
fanout1442/X                            0.750000    0.950952   -0.200952 (VIOLATED)
fanout1945/A                            0.750000    0.950669   -0.200669 (VIOLATED)
fanout1455/A                            0.750000    0.950639   -0.200639 (VIOLATED)
fanout1450/A                            0.750000    0.950616   -0.200616 (VIOLATED)
fanout1452/A                            0.750000    0.950589   -0.200589 (VIOLATED)
_12672_/Y                               0.750000    0.950579   -0.200579 (VIOLATED)
_17054_/S                               0.750000    0.950556   -0.200556 (VIOLATED)
wire813/A                               0.750000    0.950555   -0.200555 (VIOLATED)
_17067_/S                               0.750000    0.950540   -0.200540 (VIOLATED)
_17059_/S                               0.750000    0.950539   -0.200539 (VIOLATED)
_17040_/S                               0.750000    0.950421   -0.200421 (VIOLATED)
fanout812/X                             0.750000    0.950421   -0.200421 (VIOLATED)
_11328_/C1                              0.750000    0.950383   -0.200383 (VIOLATED)
wire1934/A                              0.750000    0.950379   -0.200379 (VIOLATED)
fanout1932/A                            0.750000    0.950361   -0.200361 (VIOLATED)
fanout1930/A                            0.750000    0.950360   -0.200360 (VIOLATED)
fanout1933/X                            0.750000    0.950360   -0.200360 (VIOLATED)
fanout1940/A                            0.750000    0.950334   -0.200334 (VIOLATED)
fanout1942/A                            0.750000    0.949958   -0.199958 (VIOLATED)
_13774_/A                               0.750000    0.949370   -0.199370 (VIOLATED)
_13649_/B2                              0.750000    0.949368   -0.199368 (VIOLATED)
_13598_/A                               0.750000    0.949367   -0.199367 (VIOLATED)
_13679_/A1                              0.750000    0.949362   -0.199362 (VIOLATED)
_13677_/A                               0.750000    0.949358   -0.199358 (VIOLATED)
_13455_/B                               0.750000    0.949351   -0.199351 (VIOLATED)
_13529_/A1                              0.750000    0.949351   -0.199351 (VIOLATED)
_13599_/A                               0.750000    0.949351   -0.199351 (VIOLATED)
_13600_/A1                              0.750000    0.949351   -0.199351 (VIOLATED)
_13678_/A                               0.750000    0.949351   -0.199351 (VIOLATED)
fanout1165/X                            0.750000    0.949351   -0.199351 (VIOLATED)
fanout1935/A                            0.750000    0.947451   -0.197451 (VIOLATED)
_21627_/Q                               0.750000    0.947420   -0.197420 (VIOLATED)
_19497_/B1                              0.750000    0.946730   -0.196730 (VIOLATED)
_19435_/A3                              0.750000    0.946729   -0.196729 (VIOLATED)
_19574_/B1                              0.750000    0.946725   -0.196725 (VIOLATED)
_19567_/C1                              0.750000    0.946719   -0.196719 (VIOLATED)
_19674_/B2                              0.750000    0.946713   -0.196713 (VIOLATED)
_19640_/A1                              0.750000    0.946711   -0.196711 (VIOLATED)
_19433_/Y                               0.750000    0.946710   -0.196710 (VIOLATED)
_19509_/B2                              0.750000    0.946710   -0.196710 (VIOLATED)
_13638_/A                               0.750000    0.946573   -0.196573 (VIOLATED)
_13637_/A                               0.750000    0.946569   -0.196569 (VIOLATED)
_13639_/A                               0.750000    0.946565   -0.196565 (VIOLATED)
max_cap1120/A                           0.750000    0.946550   -0.196550 (VIOLATED)
_10624_/S                               0.750000    0.946537   -0.196537 (VIOLATED)
_10162_/A2                              0.750000    0.946378   -0.196378 (VIOLATED)
_18996_/A0                              0.750000    0.946356   -0.196356 (VIOLATED)
_10129_/A2                              0.750000    0.946291   -0.196291 (VIOLATED)
_10590_/Y                               0.750000    0.946155   -0.196155 (VIOLATED)
_18836_/A2                              0.750000    0.946137   -0.196137 (VIOLATED)
_18843_/A2                              0.750000    0.946136   -0.196136 (VIOLATED)
_18850_/A2                              0.750000    0.946135   -0.196135 (VIOLATED)
_18878_/A2                              0.750000    0.946130   -0.196130 (VIOLATED)
_18881_/A                               0.750000    0.946127   -0.196127 (VIOLATED)
_18821_/B1                              0.750000    0.946120   -0.196120 (VIOLATED)
_18872_/A2                              0.750000    0.946081   -0.196081 (VIOLATED)
_18864_/A2                              0.750000    0.946064   -0.196064 (VIOLATED)
_18829_/A2                              0.750000    0.946064   -0.196064 (VIOLATED)
_18700_/A2                              0.750000    0.946061   -0.196061 (VIOLATED)
fanout903/X                             0.750000    0.946061   -0.196061 (VIOLATED)
_12922_/B2                              0.750000    0.945683   -0.195683 (VIOLATED)
_12383_/A2                              0.750000    0.945680   -0.195680 (VIOLATED)
_12019_/B2                              0.750000    0.945679   -0.195679 (VIOLATED)
input78/X                               0.750000    0.945645   -0.195645 (VIOLATED)
_12608_/A2                              0.750000    0.945443   -0.195443 (VIOLATED)
_12631_/A0                              0.750000    0.945406   -0.195406 (VIOLATED)
_12664_/A0                              0.750000    0.945394   -0.195394 (VIOLATED)
_12647_/B2                              0.750000    0.945342   -0.195342 (VIOLATED)
_10525_/A1                              0.750000    0.945341   -0.195341 (VIOLATED)
_10514_/C1                              0.750000    0.945340   -0.195340 (VIOLATED)
_11266_/A1                              0.750000    0.945330   -0.195330 (VIOLATED)
_10460_/A3                              0.750000    0.945276   -0.195276 (VIOLATED)
_10404_/C1                              0.750000    0.945226   -0.195226 (VIOLATED)
load_slew1745/A                         0.750000    0.945218   -0.195218 (VIOLATED)
fanout1744/X                            0.750000    0.945216   -0.195216 (VIOLATED)
_10127_/X                               0.750000    0.945216   -0.195216 (VIOLATED)
wire584/A                               0.750000    0.943485   -0.193485 (VIOLATED)
fanout577/A                             0.750000    0.943469   -0.193469 (VIOLATED)
fanout574/A                             0.750000    0.943063   -0.193063 (VIOLATED)
fanout583/X                             0.750000    0.943063   -0.193063 (VIOLATED)
_13062_/B2                              0.750000    0.942799   -0.192799 (VIOLATED)
_12025_/B2                              0.750000    0.942756   -0.192756 (VIOLATED)
_17463_/A2                              0.750000    0.942667   -0.192667 (VIOLATED)
_17459_/A2                              0.750000    0.942666   -0.192666 (VIOLATED)
_17398_/A2                              0.750000    0.942653   -0.192653 (VIOLATED)
_17402_/A2                              0.750000    0.942653   -0.192653 (VIOLATED)
_17406_/A2                              0.750000    0.942653   -0.192653 (VIOLATED)
_17410_/A2                              0.750000    0.942653   -0.192653 (VIOLATED)
_17413_/A2                              0.750000    0.942653   -0.192653 (VIOLATED)
_17417_/A2                              0.750000    0.942653   -0.192653 (VIOLATED)
fanout414/A                             0.750000    0.942653   -0.192653 (VIOLATED)
fanout415/X                             0.750000    0.942653   -0.192653 (VIOLATED)
_12378_/B1                              0.750000    0.942529   -0.192529 (VIOLATED)
_09859_/A                               0.750000    0.941524   -0.191524 (VIOLATED)
_19708_/A1                              0.750000    0.941521   -0.191521 (VIOLATED)
_13300_/D                               0.750000    0.941516   -0.191516 (VIOLATED)
_19752_/A1                              0.750000    0.941502   -0.191502 (VIOLATED)
_13228_/A1                              0.750000    0.941467   -0.191467 (VIOLATED)
_18747_/A1                              0.750000    0.941058   -0.191058 (VIOLATED)
_18754_/A1                              0.750000    0.941053   -0.191053 (VIOLATED)
_18761_/A1                              0.750000    0.941044   -0.191044 (VIOLATED)
_18783_/A1                              0.750000    0.941034   -0.191034 (VIOLATED)
_18776_/A1                              0.750000    0.941033   -0.191033 (VIOLATED)
_18769_/A1                              0.750000    0.941025   -0.191026 (VIOLATED)
_18861_/A1                              0.750000    0.941000   -0.191000 (VIOLATED)
_18875_/A1                              0.750000    0.941000   -0.191000 (VIOLATED)
_18868_/A1                              0.750000    0.940998   -0.190998 (VIOLATED)
fanout1863/A                            0.750000    0.940988   -0.190988 (VIOLATED)
fanout1864/X                            0.750000    0.940988   -0.190988 (VIOLATED)
input35/X                               0.750000    0.940907   -0.190907 (VIOLATED)
fanout757/A                             0.750000    0.940732   -0.190732 (VIOLATED)
fanout755/A                             0.750000    0.940677   -0.190677 (VIOLATED)
fanout753/A                             0.750000    0.940611   -0.190611 (VIOLATED)
fanout750/A                             0.750000    0.940587   -0.190587 (VIOLATED)
_18590_/A3                              0.750000    0.940313   -0.190313 (VIOLATED)
_18568_/A3                              0.750000    0.940298   -0.190298 (VIOLATED)
_18566_/A3                              0.750000    0.940298   -0.190298 (VIOLATED)
_18586_/A3                              0.750000    0.940295   -0.190295 (VIOLATED)
_18564_/A3                              0.750000    0.940289   -0.190289 (VIOLATED)
_17299_/X                               0.750000    0.940279   -0.190279 (VIOLATED)
_18558_/A3                              0.750000    0.940279   -0.190279 (VIOLATED)
_18560_/A3                              0.750000    0.940277   -0.190277 (VIOLATED)
_18556_/A3                              0.750000    0.940266   -0.190266 (VIOLATED)
_18588_/A3                              0.750000    0.940266   -0.190266 (VIOLATED)
_18554_/A3                              0.750000    0.940258   -0.190258 (VIOLATED)
fanout461/X                             0.750000    0.940254   -0.190254 (VIOLATED)
_10097_/B                               0.750000    0.940054   -0.190054 (VIOLATED)
_10005_/B                               0.750000    0.940048   -0.190048 (VIOLATED)
_12073_/B                               0.750000    0.940028   -0.190028 (VIOLATED)
_10002_/Y                               0.750000    0.940021   -0.190021 (VIOLATED)
_15466_/B                               0.750000    0.939858   -0.189858 (VIOLATED)
_15374_/A2                              0.750000    0.939857   -0.189857 (VIOLATED)
_15269_/B                               0.750000    0.939853   -0.189853 (VIOLATED)
fanout1218/A                            0.750000    0.939821   -0.189821 (VIOLATED)
_14593_/B1                              0.750000    0.939762   -0.189762 (VIOLATED)
_14595_/A2                              0.750000    0.939759   -0.189759 (VIOLATED)
_14389_/B1                              0.750000    0.939752   -0.189752 (VIOLATED)
fanout1219/X                            0.750000    0.939752   -0.189752 (VIOLATED)
_13442_/C                               0.750000    0.938649   -0.188649 (VIOLATED)
_13443_/C                               0.750000    0.938648   -0.188648 (VIOLATED)
_14668_/A2                              0.750000    0.938637   -0.188637 (VIOLATED)
_13532_/A2                              0.750000    0.938630   -0.188630 (VIOLATED)
_14339_/B                               0.750000    0.938626   -0.188626 (VIOLATED)
_14340_/A2                              0.750000    0.938620   -0.188620 (VIOLATED)
_13586_/A2                              0.750000    0.938604   -0.188604 (VIOLATED)
_13828_/A2                              0.750000    0.938577   -0.188577 (VIOLATED)
_13909_/A2                              0.750000    0.938563   -0.188563 (VIOLATED)
_14061_/A2                              0.750000    0.938563   -0.188563 (VIOLATED)
fanout1334/X                            0.750000    0.938563   -0.188563 (VIOLATED)
input74/X                               0.750000    0.938413   -0.188413 (VIOLATED)
_10182_/A1                              0.750000    0.937610   -0.187610 (VIOLATED)
_11759_/A1                              0.750000    0.937578   -0.187578 (VIOLATED)
_11752_/B2                              0.750000    0.937552   -0.187552 (VIOLATED)
_11696_/A1                              0.750000    0.937544   -0.187544 (VIOLATED)
_11690_/A1                              0.750000    0.937539   -0.187539 (VIOLATED)
fanout1796/X                            0.750000    0.937539   -0.187539 (VIOLATED)
_17616_/C                               0.750000    0.934527   -0.184527 (VIOLATED)
_12191_/B                               0.750000    0.934521   -0.184521 (VIOLATED)
_12188_/Y                               0.750000    0.934494   -0.184494 (VIOLATED)
_15542_/B                               0.750000    0.934073   -0.184073 (VIOLATED)
_15541_/A3                              0.750000    0.934072   -0.184072 (VIOLATED)
_15540_/A3                              0.750000    0.934071   -0.184071 (VIOLATED)
_15444_/B                               0.750000    0.934066   -0.184066 (VIOLATED)
_15348_/A1                              0.750000    0.934065   -0.184065 (VIOLATED)
_14569_/A                               0.750000    0.934065   -0.184065 (VIOLATED)
_14817_/A1                              0.750000    0.934064   -0.184064 (VIOLATED)
_14814_/A                               0.750000    0.934063   -0.184063 (VIOLATED)
_14922_/B1                              0.750000    0.934056   -0.184056 (VIOLATED)
_13932_/B                               0.750000    0.934008   -0.184008 (VIOLATED)
fanout1235/X                            0.750000    0.934008   -0.184008 (VIOLATED)
_15139_/A2                              0.750000    0.932746   -0.182746 (VIOLATED)
_15140_/B                               0.750000    0.932745   -0.182745 (VIOLATED)
_15143_/A1                              0.750000    0.932744   -0.182744 (VIOLATED)
_15019_/A1                              0.750000    0.932741   -0.182741 (VIOLATED)
_14808_/A                               0.750000    0.932729   -0.182729 (VIOLATED)
_14684_/A1                              0.750000    0.932724   -0.182724 (VIOLATED)
_14685_/A                               0.750000    0.932723   -0.182723 (VIOLATED)
_14458_/A                               0.750000    0.932704   -0.182704 (VIOLATED)
_13677_/C                               0.750000    0.932689   -0.182689 (VIOLATED)
_13678_/C                               0.750000    0.932689   -0.182689 (VIOLATED)
fanout1247/X                            0.750000    0.932689   -0.182689 (VIOLATED)
_13390_/A2                              0.750000    0.931447   -0.181447 (VIOLATED)
fanout1070/A                            0.750000    0.931438   -0.181438 (VIOLATED)
_13376_/S                               0.750000    0.931419   -0.181419 (VIOLATED)
fanout1077/A                            0.750000    0.931340   -0.181340 (VIOLATED)
_15609_/A                               0.750000    0.931304   -0.181304 (VIOLATED)
_15610_/A1                              0.750000    0.931300   -0.181300 (VIOLATED)
fanout1074/A                            0.750000    0.931239   -0.181239 (VIOLATED)
fanout1078/X                            0.750000    0.930975   -0.180975 (VIOLATED)
_17831_/A2                              0.750000    0.929490   -0.179490 (VIOLATED)
_17827_/A2                              0.750000    0.929488   -0.179488 (VIOLATED)
_17824_/A2                              0.750000    0.929487   -0.179487 (VIOLATED)
_17816_/A2                              0.750000    0.929484   -0.179484 (VIOLATED)
_17820_/A2                              0.750000    0.929479   -0.179479 (VIOLATED)
_17805_/A2                              0.750000    0.929477   -0.179477 (VIOLATED)
_17797_/A2                              0.750000    0.929477   -0.179477 (VIOLATED)
_17801_/A2                              0.750000    0.929477   -0.179477 (VIOLATED)
_17809_/A2                              0.750000    0.929477   -0.179477 (VIOLATED)
_17813_/A2                              0.750000    0.929477   -0.179477 (VIOLATED)
fanout401/X                             0.750000    0.929477   -0.179477 (VIOLATED)
_15710_/A1                              0.750000    0.927614   -0.177614 (VIOLATED)
_15901_/A1                              0.750000    0.927614   -0.177614 (VIOLATED)
_15806_/A1                              0.750000    0.927611   -0.177611 (VIOLATED)
_15209_/A1                              0.750000    0.927611   -0.177611 (VIOLATED)
_15099_/A1                              0.750000    0.927609   -0.177609 (VIOLATED)
_13807_/A1                              0.750000    0.927608   -0.177608 (VIOLATED)
_13884_/A1                              0.750000    0.927606   -0.177606 (VIOLATED)
_14525_/A1                              0.750000    0.927598   -0.177598 (VIOLATED)
_13556_/A1                              0.750000    0.927593   -0.177593 (VIOLATED)
_15987_/A1                              0.750000    0.927593   -0.177593 (VIOLATED)
fanout1132/X                            0.750000    0.927593   -0.177593 (VIOLATED)
_09904_/A                               0.750000    0.926864   -0.176864 (VIOLATED)
_10170_/C1                              0.750000    0.926528   -0.176528 (VIOLATED)
_09892_/C1                              0.750000    0.926505   -0.176505 (VIOLATED)
_10300_/B2                              0.750000    0.926442   -0.176442 (VIOLATED)
load_slew1749/A                         0.750000    0.926408   -0.176408 (VIOLATED)
_10954_/B1                              0.750000    0.926394   -0.176394 (VIOLATED)
fanout1748/X                            0.750000    0.926394   -0.176394 (VIOLATED)
fanout413/A                             0.750000    0.925799   -0.175799 (VIOLATED)
fanout412/A                             0.750000    0.925771   -0.175771 (VIOLATED)
fanout409/A                             0.750000    0.925717   -0.175717 (VIOLATED)
fanout410/A                             0.750000    0.925677   -0.175677 (VIOLATED)
_17492_/Y                               0.750000    0.925624   -0.175624 (VIOLATED)
_18087_/A2                              0.750000    0.925285   -0.175285 (VIOLATED)
_18093_/A2                              0.750000    0.925285   -0.175285 (VIOLATED)
_18063_/A2                              0.750000    0.925279   -0.175279 (VIOLATED)
_18072_/A2                              0.750000    0.925267   -0.175267 (VIOLATED)
_18078_/A2                              0.750000    0.925267   -0.175267 (VIOLATED)
_18069_/A2                              0.750000    0.925265   -0.175265 (VIOLATED)
_18090_/A2                              0.750000    0.925260   -0.175260 (VIOLATED)
_18099_/A2                              0.750000    0.925247   -0.175247 (VIOLATED)
fanout385/X                             0.750000    0.925245   -0.175245 (VIOLATED)
fanout1136/A                            0.750000    0.924055   -0.174056 (VIOLATED)
_18683_/A2                              0.750000    0.924049   -0.174049 (VIOLATED)
_18748_/A2                              0.750000    0.924033   -0.174034 (VIOLATED)
_18676_/A2                              0.750000    0.924019   -0.174019 (VIOLATED)
_12654_/A1                              0.750000    0.924017   -0.174017 (VIOLATED)
_12590_/A1                              0.750000    0.924009   -0.174009 (VIOLATED)
_18654_/B1                              0.750000    0.924003   -0.174004 (VIOLATED)
_18661_/A2                              0.750000    0.924002   -0.174002 (VIOLATED)
_18734_/A2                              0.750000    0.923994   -0.173994 (VIOLATED)
_12616_/B2                              0.750000    0.923988   -0.173988 (VIOLATED)
_11140_/A2                              0.750000    0.923985   -0.173985 (VIOLATED)
_18727_/A2                              0.750000    0.923973   -0.173973 (VIOLATED)
_18720_/A2                              0.750000    0.923970   -0.173970 (VIOLATED)
fanout1137/X                            0.750000    0.923970   -0.173970 (VIOLATED)
_11174_/A2                              0.750000    0.923915   -0.173915 (VIOLATED)
_19002_/A0                              0.750000    0.923821   -0.173821 (VIOLATED)
_11918_/C1                              0.750000    0.923448   -0.173448 (VIOLATED)
_10280_/A1                              0.750000    0.923446   -0.173446 (VIOLATED)
_11977_/C1                              0.750000    0.923443   -0.173443 (VIOLATED)
_10879_/A1                              0.750000    0.923436   -0.173436 (VIOLATED)
_10929_/A1                              0.750000    0.923434   -0.173434 (VIOLATED)
_11178_/A1                              0.750000    0.923401   -0.173401 (VIOLATED)
_11058_/C1                              0.750000    0.923399   -0.173399 (VIOLATED)
_11244_/C1                              0.750000    0.923366   -0.173366 (VIOLATED)
_11310_/C1                              0.750000    0.923361   -0.173361 (VIOLATED)
_11371_/C1                              0.750000    0.923360   -0.173360 (VIOLATED)
fanout1300/X                            0.750000    0.923360   -0.173360 (VIOLATED)
_13888_/A1                              0.750000    0.923355   -0.173355 (VIOLATED)
_15417_/A1                              0.750000    0.923354   -0.173354 (VIOLATED)
_16177_/A1                              0.750000    0.923353   -0.173353 (VIOLATED)
_15713_/A1                              0.750000    0.923351   -0.173351 (VIOLATED)
_13810_/A1                              0.750000    0.923350   -0.173350 (VIOLATED)
_14639_/B1                              0.750000    0.923343   -0.173343 (VIOLATED)
_15322_/A1                              0.750000    0.923311   -0.173311 (VIOLATED)
_13736_/A1                              0.750000    0.923297   -0.173297 (VIOLATED)
_13607_/A1                              0.750000    0.923289   -0.173289 (VIOLATED)
_14423_/B1                              0.750000    0.923289   -0.173289 (VIOLATED)
fanout1013/X                            0.750000    0.923289   -0.173289 (VIOLATED)
_11138_/X                               0.750000    0.923023   -0.173023 (VIOLATED)
_11208_/A2                              0.750000    0.922960   -0.172960 (VIOLATED)
_11241_/A2                              0.750000    0.922943   -0.172943 (VIOLATED)
_19008_/A0                              0.750000    0.922930   -0.172930 (VIOLATED)
_13127_/Y                               0.750000    0.922831   -0.172831 (VIOLATED)
fanout350/A                             0.750000    0.922831   -0.172831 (VIOLATED)
fanout353/A                             0.750000    0.922831   -0.172831 (VIOLATED)
max_cap1369/A                           0.750000    0.922767   -0.172767 (VIOLATED)
_11206_/Y                               0.750000    0.922761   -0.172761 (VIOLATED)
_14528_/A2                              0.750000    0.922702   -0.172702 (VIOLATED)
_14640_/A2                              0.750000    0.922699   -0.172699 (VIOLATED)
fanout1569/A                            0.750000    0.922669   -0.172669 (VIOLATED)
_13548_/A1                              0.750000    0.922654   -0.172654 (VIOLATED)
_14222_/A2                              0.750000    0.922651   -0.172651 (VIOLATED)
_13473_/A1                              0.750000    0.922599   -0.172599 (VIOLATED)
_14130_/A2                              0.750000    0.922597   -0.172597 (VIOLATED)
_17682_/A2                              0.750000    0.922579   -0.172579 (VIOLATED)
_17687_/A2                              0.750000    0.922574   -0.172575 (VIOLATED)
_17691_/A2                              0.750000    0.922568   -0.172568 (VIOLATED)
_17703_/A2                              0.750000    0.922556   -0.172556 (VIOLATED)
_17708_/A2                              0.750000    0.922554   -0.172554 (VIOLATED)
_17699_/A2                              0.750000    0.922553   -0.172553 (VIOLATED)
_17713_/A2                              0.750000    0.922549   -0.172549 (VIOLATED)
_17717_/A2                              0.750000    0.922521   -0.172521 (VIOLATED)
_17720_/A2                              0.750000    0.922510   -0.172510 (VIOLATED)
_17725_/A2                              0.750000    0.922506   -0.172506 (VIOLATED)
fanout327/X                             0.750000    0.922506   -0.172506 (VIOLATED)
_13733_/A1                              0.750000    0.922304   -0.172304 (VIOLATED)
_14424_/A2                              0.750000    0.922304   -0.172304 (VIOLATED)
fanout1570/X                            0.750000    0.922304   -0.172304 (VIOLATED)
_18706_/A1                              0.750000    0.922017   -0.172017 (VIOLATED)
_18677_/A1                              0.750000    0.922016   -0.172016 (VIOLATED)
_18713_/A1                              0.750000    0.922011   -0.172011 (VIOLATED)
_18662_/A1                              0.750000    0.922009   -0.172009 (VIOLATED)
_13465_/A2                              0.750000    0.922008   -0.172008 (VIOLATED)
_18655_/A1                              0.750000    0.922008   -0.172008 (VIOLATED)
_18721_/A                               0.750000    0.922007   -0.172007 (VIOLATED)
_18611_/B                               0.750000    0.922004   -0.172004 (VIOLATED)
_18612_/B                               0.750000    0.922004   -0.172004 (VIOLATED)
_18728_/A1                              0.750000    0.922005   -0.172005 (VIOLATED)
fanout1321/X                            0.750000    0.922004   -0.172004 (VIOLATED)
fanout698/A                             0.750000    0.921956   -0.171956 (VIOLATED)
fanout693/A                             0.750000    0.921715   -0.171715 (VIOLATED)
load_slew703/A                          0.750000    0.921714   -0.171714 (VIOLATED)
fanout701/X                             0.750000    0.921439   -0.171439 (VIOLATED)
fanout709/A                             0.750000    0.921381   -0.171381 (VIOLATED)
load_slew714/A                          0.750000    0.921105   -0.171105 (VIOLATED)
fanout704/A                             0.750000    0.920828   -0.170828 (VIOLATED)
fanout712/X                             0.750000    0.920828   -0.170828 (VIOLATED)
_19394_/A1                              0.750000    0.920497   -0.170497 (VIOLATED)
_19518_/A2                              0.750000    0.920496   -0.170496 (VIOLATED)
_19568_/B2                              0.750000    0.920481   -0.170481 (VIOLATED)
_19566_/A1                              0.750000    0.920479   -0.170479 (VIOLATED)
_19562_/B1                              0.750000    0.920478   -0.170478 (VIOLATED)
_19565_/A1                              0.750000    0.920476   -0.170476 (VIOLATED)
_19510_/B1                              0.750000    0.920455   -0.170455 (VIOLATED)
_19661_/B2                              0.750000    0.920440   -0.170440 (VIOLATED)
_19459_/A                               0.750000    0.920424   -0.170424 (VIOLATED)
_19660_/A1                              0.750000    0.920421   -0.170421 (VIOLATED)
fanout1541/X                            0.750000    0.920421   -0.170421 (VIOLATED)
_16343_/A1                              0.750000    0.920166   -0.170166 (VIOLATED)
_15602_/A1                              0.750000    0.920163   -0.170163 (VIOLATED)
fanout1266/A                            0.750000    0.920162   -0.170162 (VIOLATED)
_15795_/A                               0.750000    0.920162   -0.170162 (VIOLATED)
_15200_/S                               0.750000    0.920149   -0.170149 (VIOLATED)
fanout1267/A                            0.750000    0.920144   -0.170144 (VIOLATED)
_14982_/A1                              0.750000    0.920142   -0.170142 (VIOLATED)
_16256_/A1                              0.750000    0.920142   -0.170142 (VIOLATED)
fanout1268/X                            0.750000    0.920142   -0.170142 (VIOLATED)
fanout1562/A                            0.750000    0.919768   -0.169768 (VIOLATED)
_18012_/S                               0.750000    0.919752   -0.169752 (VIOLATED)
_18014_/B                               0.750000    0.919743   -0.169743 (VIOLATED)
_18017_/B                               0.750000    0.919728   -0.169728 (VIOLATED)
_18048_/A2                              0.750000    0.919728   -0.169728 (VIOLATED)
fanout1560/A                            0.750000    0.919720   -0.169720 (VIOLATED)
fanout382/A                             0.750000    0.919715   -0.169715 (VIOLATED)
fanout383/X                             0.750000    0.919715   -0.169715 (VIOLATED)
_13444_/Y                               0.750000    0.919644   -0.169644 (VIOLATED)
_12850_/A2                              0.750000    0.919349   -0.169349 (VIOLATED)
_12729_/A2                              0.750000    0.919342   -0.169342 (VIOLATED)
_12743_/A2                              0.750000    0.919340   -0.169340 (VIOLATED)
fanout355/A                             0.750000    0.919325   -0.169325 (VIOLATED)
fanout359/A                             0.750000    0.919325   -0.169326 (VIOLATED)
fanout361/X                             0.750000    0.919325   -0.169325 (VIOLATED)
_12174_/A2                              0.750000    0.918717   -0.168717 (VIOLATED)
_12677_/A                               0.750000    0.918554   -0.168554 (VIOLATED)
_17491_/B                               0.750000    0.918529   -0.168529 (VIOLATED)
_12173_/Y                               0.750000    0.918495   -0.168495 (VIOLATED)
ANTENNA_61/DIODE                        0.750000    0.918294   -0.168294 (VIOLATED)
fanout814/A                             0.750000    0.918292   -0.168292 (VIOLATED)
fanout812/A                             0.750000    0.917100   -0.167100 (VIOLATED)
_11920_/B1                              0.750000    0.916926   -0.166926 (VIOLATED)
_16259_/B                               0.750000    0.916922   -0.166922 (VIOLATED)
_16262_/A2                              0.750000    0.916920   -0.166920 (VIOLATED)
_13374_/A                               0.750000    0.916763   -0.166763 (VIOLATED)
_13373_/A1                              0.750000    0.916586   -0.166586 (VIOLATED)
_13108_/S                               0.750000    0.916547   -0.166547 (VIOLATED)
fanout810/A                             0.750000    0.916219   -0.166219 (VIOLATED)
_11919_/X                               0.750000    0.916186   -0.166186 (VIOLATED)
fanout807/A                             0.750000    0.916175   -0.166175 (VIOLATED)
_17035_/X                               0.750000    0.915983   -0.165983 (VIOLATED)
_18446_/A                               0.750000    0.915851   -0.165851 (VIOLATED)
_18530_/A1                              0.750000    0.915832   -0.165832 (VIOLATED)
_18532_/A1                              0.750000    0.915817   -0.165817 (VIOLATED)
_18554_/A1                              0.750000    0.915809   -0.165809 (VIOLATED)
_18536_/A1                              0.750000    0.915803   -0.165803 (VIOLATED)
_18529_/A                               0.750000    0.915801   -0.165801 (VIOLATED)
_18540_/A1                              0.750000    0.915798   -0.165798 (VIOLATED)
_18560_/A1                              0.750000    0.915758   -0.165758 (VIOLATED)
_18558_/A1                              0.750000    0.915750   -0.165750 (VIOLATED)
_19221_/S                               0.750000    0.915749   -0.165750 (VIOLATED)
_18556_/A1                              0.750000    0.915746   -0.165746 (VIOLATED)
fanout1800/X                            0.750000    0.915746   -0.165746 (VIOLATED)
fanout1883/A                            0.750000    0.915712   -0.165712 (VIOLATED)
_19181_/S                               0.750000    0.915703   -0.165703 (VIOLATED)
_19191_/S                               0.750000    0.915695   -0.165695 (VIOLATED)
_19205_/S                               0.750000    0.915680   -0.165680 (VIOLATED)
_19203_/S                               0.750000    0.915677   -0.165677 (VIOLATED)
fanout1884/X                            0.750000    0.915677   -0.165677 (VIOLATED)
_10570_/B                               0.750000    0.915296   -0.165296 (VIOLATED)
_13719_/B                               0.750000    0.915242   -0.165242 (VIOLATED)
_13720_/B                               0.750000    0.915209   -0.165209 (VIOLATED)
_13718_/B                               0.750000    0.915202   -0.165202 (VIOLATED)
_12746_/A                               0.750000    0.914963   -0.164963 (VIOLATED)
_12754_/A1                              0.750000    0.914961   -0.164961 (VIOLATED)
_10569_/A                               0.750000    0.914947   -0.164947 (VIOLATED)
_10568_/X                               0.750000    0.914820   -0.164820 (VIOLATED)
_18454_/A0                              0.750000    0.914349   -0.164349 (VIOLATED)
_18660_/A2                              0.750000    0.914315   -0.164315 (VIOLATED)
_18657_/A1                              0.750000    0.914287   -0.164287 (VIOLATED)
wire951/A                               0.750000    0.914129   -0.164129 (VIOLATED)
_17797_/B1                              0.750000    0.914030   -0.164030 (VIOLATED)
_17801_/B1                              0.750000    0.914026   -0.164026 (VIOLATED)
_17805_/B1                              0.750000    0.913989   -0.163989 (VIOLATED)
_17809_/B1                              0.750000    0.913958   -0.163958 (VIOLATED)
_17813_/B1                              0.750000    0.913930   -0.163930 (VIOLATED)
_17820_/B1                              0.750000    0.913908   -0.163908 (VIOLATED)
_17816_/B1                              0.750000    0.913879   -0.163879 (VIOLATED)
_17824_/B1                              0.750000    0.913847   -0.163847 (VIOLATED)
_17827_/B1                              0.750000    0.913839   -0.163839 (VIOLATED)
_17831_/B1                              0.750000    0.913817   -0.163817 (VIOLATED)
fanout321/X                             0.750000    0.913814   -0.163814 (VIOLATED)
_18972_/A1                              0.750000    0.913743   -0.163743 (VIOLATED)
fanout950/X                             0.750000    0.913743   -0.163743 (VIOLATED)
load_slew952/A                          0.750000    0.913743   -0.163743 (VIOLATED)
_14207_/B                               0.750000    0.912537   -0.162537 (VIOLATED)
_15890_/A2                              0.750000    0.912523   -0.162523 (VIOLATED)
_14206_/Y                               0.750000    0.912415   -0.162415 (VIOLATED)
_18901_/A1                              0.750000    0.911914   -0.161914 (VIOLATED)
_14899_/B                               0.750000    0.911914   -0.161914 (VIOLATED)
_16309_/A1                              0.750000    0.911911   -0.161911 (VIOLATED)
_16134_/A1                              0.750000    0.911907   -0.161907 (VIOLATED)
_16042_/A1                              0.750000    0.911903   -0.161903 (VIOLATED)
_15949_/A1                              0.750000    0.911888   -0.161888 (VIOLATED)
_15860_/A1                              0.750000    0.911867   -0.161867 (VIOLATED)
_15426_/A1                              0.750000    0.911854   -0.161854 (VIOLATED)
_14900_/B                               0.750000    0.911853   -0.161853 (VIOLATED)
_15329_/A1                              0.750000    0.911853   -0.161853 (VIOLATED)
fanout1145/X                            0.750000    0.911853   -0.161853 (VIOLATED)
_12052_/A_N                             0.750000    0.909580   -0.159580 (VIOLATED)
_12127_/D                               0.750000    0.909579   -0.159579 (VIOLATED)
_12105_/D_N                             0.750000    0.909555   -0.159555 (VIOLATED)
_12104_/B                               0.750000    0.909533   -0.159533 (VIOLATED)
_19704_/A1                              0.750000    0.909022   -0.159022 (VIOLATED)
fanout1914/X                            0.750000    0.909022   -0.159022 (VIOLATED)
_12848_/A                               0.750000    0.909001   -0.159001 (VIOLATED)
_12901_/A                               0.750000    0.909000   -0.159000 (VIOLATED)
_12875_/A                               0.750000    0.908999   -0.158999 (VIOLATED)
_13122_/A                               0.750000    0.908985   -0.158986 (VIOLATED)
_12929_/A                               0.750000    0.908984   -0.158984 (VIOLATED)
_12943_/A                               0.750000    0.908980   -0.158980 (VIOLATED)
_13107_/A                               0.750000    0.908978   -0.158978 (VIOLATED)
_12686_/B                               0.750000    0.908972   -0.158972 (VIOLATED)
_12727_/B                               0.750000    0.908972   -0.158972 (VIOLATED)
_12957_/A                               0.750000    0.908972   -0.158972 (VIOLATED)
fanout1433/X                            0.750000    0.908972   -0.158972 (VIOLATED)
_12597_/B                               0.750000    0.908414   -0.158414 (VIOLATED)
_12625_/A2                              0.750000    0.908410   -0.158410 (VIOLATED)
_12579_/A1                              0.750000    0.908402   -0.158402 (VIOLATED)
_12616_/A2                              0.750000    0.908399   -0.158399 (VIOLATED)
_12612_/B1                              0.750000    0.908395   -0.158395 (VIOLATED)
_12581_/B                               0.750000    0.908394   -0.158394 (VIOLATED)
_12242_/B                               0.750000    0.908393   -0.158393 (VIOLATED)
_12593_/S                               0.750000    0.908393   -0.158393 (VIOLATED)
_12603_/S                               0.750000    0.908393   -0.158393 (VIOLATED)
_12606_/A2                              0.750000    0.908393   -0.158393 (VIOLATED)
fanout875/X                             0.750000    0.908393   -0.158393 (VIOLATED)
_18847_/C1                              0.750000    0.908095   -0.158095 (VIOLATED)
_18840_/C1                              0.750000    0.908095   -0.158095 (VIOLATED)
_18854_/C1                              0.750000    0.908090   -0.158090 (VIOLATED)
_18819_/C1                              0.750000    0.908084   -0.158084 (VIOLATED)
_18861_/C1                              0.750000    0.908084   -0.158084 (VIOLATED)
_18826_/C1                              0.750000    0.908067   -0.158067 (VIOLATED)
_18833_/C1                              0.750000    0.908058   -0.158058 (VIOLATED)
_17676_/B2                              0.750000    0.908056   -0.158056 (VIOLATED)
_18690_/C1                              0.750000    0.908046   -0.158046 (VIOLATED)
_18697_/C1                              0.750000    0.908046   -0.158046 (VIOLATED)
_18704_/C1                              0.750000    0.908046   -0.158046 (VIOLATED)
fanout1419/X                            0.750000    0.908046   -0.158046 (VIOLATED)
_17813_/A1                              0.750000    0.908024   -0.158024 (VIOLATED)
_13371_/S                               0.750000    0.907829   -0.157829 (VIOLATED)
_13365_/S                               0.750000    0.907828   -0.157828 (VIOLATED)
_13360_/S                               0.750000    0.907822   -0.157822 (VIOLATED)
_13377_/S                               0.750000    0.907820   -0.157820 (VIOLATED)
_13382_/S                               0.750000    0.907819   -0.157819 (VIOLATED)
_13387_/S                               0.750000    0.907818   -0.157818 (VIOLATED)
_13391_/S                               0.750000    0.907814   -0.157814 (VIOLATED)
_13407_/S                               0.750000    0.907790   -0.157790 (VIOLATED)
fanout1187/A                            0.750000    0.907790   -0.157790 (VIOLATED)
fanout1188/X                            0.750000    0.907790   -0.157790 (VIOLATED)
fanout939/A                             0.750000    0.907518   -0.157518 (VIOLATED)
_12876_/X                               0.750000    0.907463   -0.157463 (VIOLATED)
_16644_/S                               0.750000    0.907339   -0.157339 (VIOLATED)
_16649_/S                               0.750000    0.907319   -0.157319 (VIOLATED)
_16651_/S                               0.750000    0.907311   -0.157311 (VIOLATED)
_16658_/S                               0.750000    0.907285   -0.157285 (VIOLATED)
_16650_/S                               0.750000    0.907249   -0.157249 (VIOLATED)
load_slew637/A                          0.750000    0.907225   -0.157225 (VIOLATED)
_16637_/S                               0.750000    0.907219   -0.157219 (VIOLATED)
fanout636/X                             0.750000    0.907219   -0.157219 (VIOLATED)
fanout2381/A                            0.750000    0.906801   -0.156801 (VIOLATED)
load_slew2384/A                         0.750000    0.906783   -0.156783 (VIOLATED)
fanout2378/A                            0.750000    0.906756   -0.156756 (VIOLATED)
fanout2353/A                            0.750000    0.906706   -0.156706 (VIOLATED)
fanout2383/X                            0.750000    0.906706   -0.156706 (VIOLATED)
_18769_/A2                              0.750000    0.906272   -0.156273 (VIOLATED)
_18766_/A1                              0.750000    0.906259   -0.156259 (VIOLATED)
_21763_/A                               0.750000    0.906211   -0.156211 (VIOLATED)
_12251_/A                               0.750000    0.905896   -0.155896 (VIOLATED)
_11199_/A                               0.750000    0.905752   -0.155752 (VIOLATED)
_11198_/A_N                             0.750000    0.905751   -0.155751 (VIOLATED)
_11202_/S0                              0.750000    0.905747   -0.155747 (VIOLATED)
_11635_/S0                              0.750000    0.905732   -0.155732 (VIOLATED)
load_slew2062/A                         0.750000    0.905717   -0.155717 (VIOLATED)
_11933_/S0                              0.750000    0.905716   -0.155716 (VIOLATED)
_11929_/A_N                             0.750000    0.905712   -0.155712 (VIOLATED)
_11930_/C                               0.750000    0.905709   -0.155709 (VIOLATED)
fanout2061/X                            0.750000    0.905692   -0.155692 (VIOLATED)
_14421_/A1                              0.750000    0.905576   -0.155576 (VIOLATED)
_14313_/A1                              0.750000    0.905574   -0.155574 (VIOLATED)
_13725_/A1                              0.750000    0.905568   -0.155568 (VIOLATED)
_15319_/A1                              0.750000    0.905559   -0.155559 (VIOLATED)
_13642_/A1                              0.750000    0.905520   -0.155520 (VIOLATED)
_13439_/B2                              0.750000    0.905519   -0.155519 (VIOLATED)
_16351_/A1                              0.750000    0.905516   -0.155516 (VIOLATED)
_17876_/B1                              0.750000    0.905515   -0.155515 (VIOLATED)
_17761_/A2                              0.750000    0.905512   -0.155512 (VIOLATED)
_17765_/A2                              0.750000    0.905509   -0.155509 (VIOLATED)
_17769_/A2                              0.750000    0.905508   -0.155509 (VIOLATED)
_17773_/A2                              0.750000    0.905505   -0.155505 (VIOLATED)
_13968_/A1                              0.750000    0.905504   -0.155504 (VIOLATED)
_17777_/A2                              0.750000    0.905497   -0.155497 (VIOLATED)
_13481_/A1                              0.750000    0.905488   -0.155488 (VIOLATED)
_14040_/A1                              0.750000    0.905488   -0.155488 (VIOLATED)
fanout1131/X                            0.750000    0.905488   -0.155488 (VIOLATED)
_17781_/A2                              0.750000    0.905477   -0.155477 (VIOLATED)
_17785_/A2                              0.750000    0.905462   -0.155462 (VIOLATED)
_17789_/A2                              0.750000    0.905452   -0.155452 (VIOLATED)
_17793_/A2                              0.750000    0.905447   -0.155447 (VIOLATED)
fanout403/X                             0.750000    0.905447   -0.155447 (VIOLATED)
_19002_/A1                              0.750000    0.905398   -0.155398 (VIOLATED)
_10405_/A2                              0.750000    0.905323   -0.155323 (VIOLATED)
max_cap515/A                            0.750000    0.905304   -0.155304 (VIOLATED)
_12222_/X                               0.750000    0.905296   -0.155296 (VIOLATED)
_11514_/A2                              0.750000    0.905288   -0.155288 (VIOLATED)
load_slew1760/A                         0.750000    0.905204   -0.155204 (VIOLATED)
_11806_/A2                              0.750000    0.905199   -0.155199 (VIOLATED)
_10635_/A2                              0.750000    0.905186   -0.155186 (VIOLATED)
fanout1758/X                            0.750000    0.905186   -0.155186 (VIOLATED)
_12019_/A2                              0.750000    0.903386   -0.153386 (VIOLATED)
_12018_/B                               0.750000    0.903380   -0.153380 (VIOLATED)
_12910_/A1                              0.750000    0.903379   -0.153379 (VIOLATED)
input72/X                               0.750000    0.902697   -0.152697 (VIOLATED)
_17278_/S                               0.750000    0.899701   -0.149701 (VIOLATED)
_17281_/S                               0.750000    0.899697   -0.149698 (VIOLATED)
load_slew765/A                          0.750000    0.899647   -0.149647 (VIOLATED)
ANTENNA_93/DIODE                        0.750000    0.899634   -0.149635 (VIOLATED)
_17294_/S                               0.750000    0.899605   -0.149605 (VIOLATED)
_17292_/S                               0.750000    0.899603   -0.149603 (VIOLATED)
fanout764/X                             0.750000    0.899603   -0.149603 (VIOLATED)
_13242_/A                               0.750000    0.899384   -0.149384 (VIOLATED)
_13252_/A1                              0.750000    0.899381   -0.149381 (VIOLATED)
_12093_/D                               0.750000    0.899198   -0.149198 (VIOLATED)
_12735_/A2                              0.750000    0.899190   -0.149190 (VIOLATED)
_12790_/A2                              0.750000    0.899184   -0.149184 (VIOLATED)
_12752_/A2                              0.750000    0.899179   -0.149179 (VIOLATED)
_12063_/Y                               0.750000    0.899174   -0.149174 (VIOLATED)
_12706_/A2                              0.750000    0.899174   -0.149174 (VIOLATED)
_17900_/A                               0.750000    0.899174   -0.149174 (VIOLATED)
_17486_/A1                              0.750000    0.899061   -0.149061 (VIOLATED)
_17750_/B1                              0.750000    0.899038   -0.149038 (VIOLATED)
_17877_/A1                              0.750000    0.899019   -0.149019 (VIOLATED)
_17611_/A1                              0.750000    0.898986   -0.148986 (VIOLATED)
_10808_/A2_N                            0.750000    0.898773   -0.148773 (VIOLATED)
_13435_/B                               0.750000    0.898761   -0.148761 (VIOLATED)
_13438_/A2                              0.750000    0.898749   -0.148749 (VIOLATED)
_10807_/A                               0.750000    0.898740   -0.148740 (VIOLATED)
_10806_/X                               0.750000    0.898667   -0.148667 (VIOLATED)
fanout925/A                             0.750000    0.898364   -0.148364 (VIOLATED)
_13108_/X                               0.750000    0.898341   -0.148341 (VIOLATED)
_09852_/A                               0.750000    0.898173   -0.148173 (VIOLATED)
_18620_/C1                              0.750000    0.898167   -0.148167 (VIOLATED)
_18613_/A                               0.750000    0.898165   -0.148165 (VIOLATED)
_18616_/A2                              0.750000    0.898164   -0.148164 (VIOLATED)
_12345_/A0                              0.750000    0.898163   -0.148163 (VIOLATED)
_18726_/A1                              0.750000    0.898145   -0.148145 (VIOLATED)
_18682_/A1                              0.750000    0.898145   -0.148145 (VIOLATED)
_18711_/A1                              0.750000    0.898143   -0.148143 (VIOLATED)
_18719_/A1                              0.750000    0.898140   -0.148140 (VIOLATED)
_19791_/A1                              0.750000    0.898136   -0.148136 (VIOLATED)
fanout1861/X                            0.750000    0.898136   -0.148136 (VIOLATED)
_18681_/A2                              0.750000    0.897650   -0.147650 (VIOLATED)
_18703_/A2                              0.750000    0.897649   -0.147649 (VIOLATED)
_18674_/A2                              0.750000    0.897643   -0.147643 (VIOLATED)
_18710_/A2                              0.750000    0.897628   -0.147628 (VIOLATED)
_18623_/A                               0.750000    0.897622   -0.147622 (VIOLATED)
_18718_/A2                              0.750000    0.897609   -0.147609 (VIOLATED)
_18725_/A2                              0.750000    0.897596   -0.147596 (VIOLATED)
_18626_/A2                              0.750000    0.897577   -0.147577 (VIOLATED)
_18659_/A2                              0.750000    0.897572   -0.147572 (VIOLATED)
_18667_/A2                              0.750000    0.897572   -0.147572 (VIOLATED)
fanout1194/X                            0.750000    0.897572   -0.147572 (VIOLATED)
_21766_/A                               0.750000    0.896941   -0.146941 (VIOLATED)
_12254_/A                               0.750000    0.896913   -0.146913 (VIOLATED)
_19008_/A1                              0.750000    0.896851   -0.146852 (VIOLATED)
wire518/A                               0.750000    0.896834   -0.146834 (VIOLATED)
_11255_/X                               0.750000    0.896828   -0.146828 (VIOLATED)
_15505_/A1                              0.750000    0.895939   -0.145939 (VIOLATED)
_17856_/A1                              0.750000    0.895938   -0.145938 (VIOLATED)
_15307_/B1                              0.750000    0.895937   -0.145937 (VIOLATED)
_15308_/A                               0.750000    0.895936   -0.145936 (VIOLATED)
_15404_/A                               0.750000    0.895934   -0.145934 (VIOLATED)
_14301_/A1                              0.750000    0.895932   -0.145932 (VIOLATED)
_15405_/A1                              0.750000    0.895931   -0.145931 (VIOLATED)
_14873_/A1                              0.750000    0.895929   -0.145929 (VIOLATED)
_14874_/A1                              0.750000    0.895929   -0.145929 (VIOLATED)
_15089_/A                               0.750000    0.895929   -0.145929 (VIOLATED)
_15090_/A1                              0.750000    0.895929   -0.145929 (VIOLATED)
fanout1267/X                            0.750000    0.895929   -0.145929 (VIOLATED)
_18113_/A0                              0.750000    0.895871   -0.145871 (VIOLATED)
fanout929/A                             0.750000    0.895855   -0.145855 (VIOLATED)
_13039_/X                               0.750000    0.895850   -0.145850 (VIOLATED)
_18474_/A1                              0.750000    0.895158   -0.145158 (VIOLATED)
_18716_/A1                              0.750000    0.895097   -0.145097 (VIOLATED)
_18719_/A2                              0.750000    0.895087   -0.145087 (VIOLATED)
_18988_/A1                              0.750000    0.894912   -0.144912 (VIOLATED)
load_slew522/A                          0.750000    0.894911   -0.144911 (VIOLATED)
load_slew523/A                          0.750000    0.894901   -0.144901 (VIOLATED)
_12245_/X                               0.750000    0.894897   -0.144897 (VIOLATED)
_16945_/S                               0.750000    0.894702   -0.144702 (VIOLATED)
wire818/A                               0.750000    0.894591   -0.144591 (VIOLATED)
_16958_/S                               0.750000    0.894580   -0.144580 (VIOLATED)
fanout816/X                             0.750000    0.894580   -0.144580 (VIOLATED)
_19228_/S                               0.750000    0.893903   -0.143903 (VIOLATED)
_19196_/S                               0.750000    0.893901   -0.143901 (VIOLATED)
_19224_/S                               0.750000    0.893900   -0.143900 (VIOLATED)
_19230_/S                               0.750000    0.893897   -0.143897 (VIOLATED)
_19232_/S                               0.750000    0.893893   -0.143893 (VIOLATED)
_19200_/S                               0.750000    0.893887   -0.143887 (VIOLATED)
_19218_/S                               0.750000    0.893882   -0.143882 (VIOLATED)
_19186_/S                               0.750000    0.893875   -0.143875 (VIOLATED)
_19184_/S                               0.750000    0.893865   -0.143865 (VIOLATED)
_19216_/S                               0.750000    0.893865   -0.143865 (VIOLATED)
fanout229/X                             0.750000    0.893865   -0.143865 (VIOLATED)
_17702_/B1                              0.750000    0.893188   -0.143188 (VIOLATED)
_17707_/A2                              0.750000    0.893186   -0.143186 (VIOLATED)
_17712_/A2                              0.750000    0.893182   -0.143182 (VIOLATED)
_17719_/A2                              0.750000    0.893175   -0.143176 (VIOLATED)
_17724_/B2                              0.750000    0.893174   -0.143174 (VIOLATED)
_17716_/B1                              0.750000    0.893162   -0.143162 (VIOLATED)
_17698_/B2                              0.750000    0.893059   -0.143059 (VIOLATED)
_17690_/B2                              0.750000    0.893012   -0.143012 (VIOLATED)
_17681_/A2                              0.750000    0.892974   -0.142974 (VIOLATED)
_17686_/A2                              0.750000    0.892974   -0.142974 (VIOLATED)
fanout406/X                             0.750000    0.892974   -0.142974 (VIOLATED)
_12680_/B                               0.750000    0.892721   -0.142721 (VIOLATED)
_12709_/B1                              0.750000    0.892718   -0.142718 (VIOLATED)
_12749_/A2                              0.750000    0.892710   -0.142710 (VIOLATED)
_12735_/B1                              0.750000    0.892708   -0.142708 (VIOLATED)
_12788_/B1                              0.750000    0.892704   -0.142704 (VIOLATED)
_12679_/Y                               0.750000    0.892697   -0.142697 (VIOLATED)
_17413_/B1                              0.750000    0.892465   -0.142465 (VIOLATED)
_17417_/B1                              0.750000    0.892462   -0.142462 (VIOLATED)
_17410_/B1                              0.750000    0.892453   -0.142453 (VIOLATED)
_17406_/B1                              0.750000    0.892449   -0.142449 (VIOLATED)
_17398_/B1                              0.750000    0.892430   -0.142430 (VIOLATED)
_17402_/B1                              0.750000    0.892429   -0.142429 (VIOLATED)
fanout305/A                             0.750000    0.892367   -0.142367 (VIOLATED)
_17459_/B1                              0.750000    0.892366   -0.142366 (VIOLATED)
_17463_/B1                              0.750000    0.892366   -0.142366 (VIOLATED)
fanout306/X                             0.750000    0.892366   -0.142366 (VIOLATED)
_11712_/C1                              0.750000    0.890876   -0.140876 (VIOLATED)
fanout2262/A                            0.750000    0.890874   -0.140874 (VIOLATED)
_11725_/S                               0.750000    0.890845   -0.140845 (VIOLATED)
fanout2260/A                            0.750000    0.890810   -0.140810 (VIOLATED)
fanout2258/A                            0.750000    0.890774   -0.140775 (VIOLATED)
fanout2264/X                            0.750000    0.890774   -0.140775 (VIOLATED)
_11349_/A1                              0.750000    0.888960   -0.138961 (VIOLATED)
_10610_/A1                              0.750000    0.888933   -0.138933 (VIOLATED)
_10613_/B1                              0.750000    0.888930   -0.138930 (VIOLATED)
_10596_/A1                              0.750000    0.888930   -0.138930 (VIOLATED)
_10600_/A                               0.750000    0.888926   -0.138926 (VIOLATED)
fanout1681/X                            0.750000    0.888926   -0.138926 (VIOLATED)
_15100_/C1                              0.750000    0.888868   -0.138868 (VIOLATED)
_15210_/B1                              0.750000    0.888867   -0.138867 (VIOLATED)
_14422_/C1                              0.750000    0.888866   -0.138866 (VIOLATED)
_15807_/C1                              0.750000    0.888865   -0.138865 (VIOLATED)
_14526_/C1                              0.750000    0.888865   -0.138865 (VIOLATED)
_15320_/C1                              0.750000    0.888858   -0.138858 (VIOLATED)
_13885_/B1                              0.750000    0.888857   -0.138857 (VIOLATED)
_16175_/C1                              0.750000    0.888856   -0.138856 (VIOLATED)
_13808_/C1                              0.750000    0.888824   -0.138824 (VIOLATED)
_15711_/C1                              0.750000    0.888819   -0.138819 (VIOLATED)
fanout1470/X                            0.750000    0.888819   -0.138819 (VIOLATED)
_18600_/A1                              0.750000    0.888505   -0.138505 (VIOLATED)
fanout2318/A                            0.750000    0.888492   -0.138492 (VIOLATED)
_18578_/A1                              0.750000    0.888486   -0.138486 (VIOLATED)
_18594_/A1                              0.750000    0.888469   -0.138469 (VIOLATED)
_18570_/A1                              0.750000    0.888450   -0.138450 (VIOLATED)
_18572_/A1                              0.750000    0.888430   -0.138430 (VIOLATED)
_18588_/A1                              0.750000    0.888393   -0.138393 (VIOLATED)
_09870_/A                               0.750000    0.888389   -0.138389 (VIOLATED)
_12338_/B                               0.750000    0.888119   -0.138119 (VIOLATED)
_18447_/A1                              0.750000    0.888095   -0.138096 (VIOLATED)
fanout2319/X                            0.750000    0.888093   -0.138093 (VIOLATED)
_11446_/B2                              0.750000    0.887774   -0.137774 (VIOLATED)
_10408_/B2                              0.750000    0.887766   -0.137766 (VIOLATED)
load_slew1791/A                         0.750000    0.887746   -0.137746 (VIOLATED)
_11268_/A                               0.750000    0.887731   -0.137731 (VIOLATED)
_10580_/B2                              0.750000    0.887711   -0.137711 (VIOLATED)
fanout1790/X                            0.750000    0.887711   -0.137711 (VIOLATED)
_13933_/B1                              0.750000    0.887670   -0.137670 (VIOLATED)
_14463_/B1                              0.750000    0.887655   -0.137655 (VIOLATED)
_14365_/B1                              0.750000    0.887617   -0.137617 (VIOLATED)
_14263_/B1                              0.750000    0.887594   -0.137594 (VIOLATED)
_14262_/B                               0.750000    0.887571   -0.137571 (VIOLATED)
_14001_/B1                              0.750000    0.887550   -0.137550 (VIOLATED)
_14086_/B                               0.750000    0.887550   -0.137550 (VIOLATED)
fanout1236/X                            0.750000    0.887550   -0.137550 (VIOLATED)
_18847_/A1                              0.750000    0.886984   -0.136984 (VIOLATED)
_18840_/A1                              0.750000    0.886982   -0.136982 (VIOLATED)
_18854_/A1                              0.750000    0.886981   -0.136981 (VIOLATED)
_18819_/A1                              0.750000    0.886973   -0.136973 (VIOLATED)
_18811_/A1                              0.750000    0.886968   -0.136968 (VIOLATED)
_18704_/A1                              0.750000    0.886948   -0.136948 (VIOLATED)
_18690_/A1                              0.750000    0.886942   -0.136942 (VIOLATED)
_18697_/A1                              0.750000    0.886941   -0.136941 (VIOLATED)
_18826_/A1                              0.750000    0.886939   -0.136939 (VIOLATED)
_18833_/A1                              0.750000    0.886939   -0.136939 (VIOLATED)
fanout1863/X                            0.750000    0.886939   -0.136939 (VIOLATED)
_18879_/D                               0.750000    0.885936   -0.135936 (VIOLATED)
_18799_/B1                              0.750000    0.885932   -0.135932 (VIOLATED)
_18792_/B1                              0.750000    0.885929   -0.135929 (VIOLATED)
_18785_/B1                              0.750000    0.885922   -0.135922 (VIOLATED)
fanout907/A                             0.750000    0.885921   -0.135921 (VIOLATED)
_18806_/B1                              0.750000    0.885919   -0.135919 (VIOLATED)
_18756_/B1                              0.750000    0.885917   -0.135917 (VIOLATED)
_18778_/B1                              0.750000    0.885917   -0.135917 (VIOLATED)
fanout909/X                             0.750000    0.885917   -0.135917 (VIOLATED)
_12662_/A2                              0.750000    0.885287   -0.135287 (VIOLATED)
fanout718/A                             0.750000    0.885280   -0.135280 (VIOLATED)
_12586_/C1                              0.750000    0.885279   -0.135279 (VIOLATED)
_12583_/B                               0.750000    0.885269   -0.135269 (VIOLATED)
_12656_/A2                              0.750000    0.885259   -0.135259 (VIOLATED)
_12606_/B1                              0.750000    0.885259   -0.135259 (VIOLATED)
_12610_/A2                              0.750000    0.885258   -0.135258 (VIOLATED)
_12616_/B1                              0.750000    0.885258   -0.135258 (VIOLATED)
_12648_/A2                              0.750000    0.885257   -0.135257 (VIOLATED)
_12613_/A2                              0.750000    0.885255   -0.135255 (VIOLATED)
fanout719/X                             0.750000    0.885255   -0.135255 (VIOLATED)
_12021_/B                               0.750000    0.884809   -0.134809 (VIOLATED)
_12939_/A1                              0.750000    0.884808   -0.134808 (VIOLATED)
input79/X                               0.750000    0.884750   -0.134750 (VIOLATED)
_17741_/B1                              0.750000    0.884436   -0.134436 (VIOLATED)
_17869_/A1                              0.750000    0.884416   -0.134416 (VIOLATED)
fanout927/A                             0.750000    0.883899   -0.133899 (VIOLATED)
_13079_/X                               0.750000    0.883876   -0.133876 (VIOLATED)
_17164_/S                               0.750000    0.883846   -0.133846 (VIOLATED)
_17160_/S                               0.750000    0.883845   -0.133845 (VIOLATED)
_17151_/S                               0.750000    0.883784   -0.133784 (VIOLATED)
_17159_/S                               0.750000    0.883769   -0.133769 (VIOLATED)
_17165_/S                               0.750000    0.883697   -0.133697 (VIOLATED)
fanout800/X                             0.750000    0.883694   -0.133694 (VIOLATED)
_21761_/A                               0.750000    0.880155   -0.130155 (VIOLATED)
ANTENNA_81/DIODE                        0.750000    0.880154   -0.130154 (VIOLATED)
_13652_/A0                              0.750000    0.879984   -0.129984 (VIOLATED)
_18459_/A1                              0.750000    0.879895   -0.129895 (VIOLATED)
_18676_/A1                              0.750000    0.879895   -0.129895 (VIOLATED)
ANTENNA_80/DIODE                        0.750000    0.879877   -0.129878 (VIOLATED)
_12252_/A                               0.750000    0.879836   -0.129836 (VIOLATED)
_18998_/A1                              0.750000    0.879530   -0.129530 (VIOLATED)
_10619_/X                               0.750000    0.879413   -0.129413 (VIOLATED)
_10943_/Y                               0.750000    0.878996   -0.128996 (VIOLATED)
max_cap505/A                            0.750000    0.878996   -0.128996 (VIOLATED)
_13015_/S                               0.750000    0.878540   -0.128540 (VIOLATED)
_13029_/S                               0.750000    0.878539   -0.128539 (VIOLATED)
_13002_/S                               0.750000    0.878536   -0.128536 (VIOLATED)
_13042_/S                               0.750000    0.878529   -0.128529 (VIOLATED)
_12947_/S                               0.750000    0.878520   -0.128520 (VIOLATED)
_12961_/S                               0.750000    0.878517   -0.128517 (VIOLATED)
_12975_/S                               0.750000    0.878517   -0.128517 (VIOLATED)
_12933_/S                               0.750000    0.878511   -0.128511 (VIOLATED)
_13082_/S                               0.750000    0.878507   -0.128507 (VIOLATED)
_13096_/S                               0.750000    0.878507   -0.128507 (VIOLATED)
fanout1091/X                            0.750000    0.878507   -0.128507 (VIOLATED)
_18789_/C1                              0.750000    0.878125   -0.128125 (VIOLATED)
_18782_/C1                              0.750000    0.878121   -0.128121 (VIOLATED)
_18775_/C1                              0.750000    0.878114   -0.128114 (VIOLATED)
_18746_/C1                              0.750000    0.878113   -0.128113 (VIOLATED)
_18753_/C1                              0.750000    0.878110   -0.128110 (VIOLATED)
_18760_/C1                              0.750000    0.878110   -0.128110 (VIOLATED)
_18768_/C1                              0.750000    0.878107   -0.128107 (VIOLATED)
_18874_/C1                              0.750000    0.878086   -0.128086 (VIOLATED)
_18867_/C1                              0.750000    0.878084   -0.128084 (VIOLATED)
fanout1903/A                            0.750000    0.878080   -0.128080 (VIOLATED)
fanout1904/X                            0.750000    0.878080   -0.128080 (VIOLATED)
_12464_/A                               0.750000    0.877050   -0.127050 (VIOLATED)
_12475_/A                               0.750000    0.877047   -0.127047 (VIOLATED)
_12486_/A                               0.750000    0.877041   -0.127041 (VIOLATED)
_12491_/A                               0.750000    0.877031   -0.127031 (VIOLATED)
_12517_/A                               0.750000    0.877025   -0.127025 (VIOLATED)
_12496_/A                               0.750000    0.877022   -0.127022 (VIOLATED)
_12507_/A                               0.750000    0.877021   -0.127021 (VIOLATED)
_12550_/A                               0.750000    0.877017   -0.127017 (VIOLATED)
_12512_/A                               0.750000    0.877012   -0.127012 (VIOLATED)
_12469_/B1                              0.750000    0.877007   -0.127007 (VIOLATED)
fanout724/X                             0.750000    0.877007   -0.127007 (VIOLATED)
_13316_/A1                              0.750000    0.875188   -0.125188 (VIOLATED)
_13613_/A1                              0.750000    0.875188   -0.125188 (VIOLATED)
_13742_/A1                              0.750000    0.875188   -0.125188 (VIOLATED)
_13816_/A1                              0.750000    0.875188   -0.125188 (VIOLATED)
_13893_/S                               0.750000    0.875188   -0.125188 (VIOLATED)
_14050_/B1                              0.750000    0.875188   -0.125188 (VIOLATED)
_14321_/B1                              0.750000    0.875188   -0.125188 (VIOLATED)
_14533_/B1                              0.750000    0.875188   -0.125188 (VIOLATED)
_14766_/C1                              0.750000    0.875188   -0.125188 (VIOLATED)
_15618_/C1                              0.750000    0.875188   -0.125188 (VIOLATED)
fanout1585/X                            0.750000    0.875188   -0.125188 (VIOLATED)
fanout2364/A                            0.750000    0.875145   -0.125145 (VIOLATED)
fanout2366/A                            0.750000    0.875143   -0.125143 (VIOLATED)
fanout2369/A                            0.750000    0.875130   -0.125130 (VIOLATED)
fanout2374/A                            0.750000    0.875095   -0.125095 (VIOLATED)
fanout2376/A                            0.750000    0.875052   -0.125052 (VIOLATED)
_12774_/A                               0.750000    0.875012   -0.125012 (VIOLATED)
_12781_/A1                              0.750000    0.875005   -0.125005 (VIOLATED)
fanout2371/A                            0.750000    0.874989   -0.124989 (VIOLATED)
fanout2373/A                            0.750000    0.874987   -0.124987 (VIOLATED)
fanout2378/X                            0.750000    0.874987   -0.124987 (VIOLATED)
_10733_/A                               0.750000    0.874502   -0.124502 (VIOLATED)
_10725_/A2                              0.750000    0.874496   -0.124496 (VIOLATED)
_10790_/A                               0.750000    0.874470   -0.124470 (VIOLATED)
_10777_/B2                              0.750000    0.874425   -0.124425 (VIOLATED)
_10659_/A1                              0.750000    0.874404   -0.124404 (VIOLATED)
load_slew1662/A                         0.750000    0.874394   -0.124394 (VIOLATED)
_10670_/B2                              0.750000    0.874371   -0.124371 (VIOLATED)
fanout1661/X                            0.750000    0.874370   -0.124370 (VIOLATED)
max_cap1123/A                           0.750000    0.873590   -0.123590 (VIOLATED)
_10449_/Y                               0.750000    0.873560   -0.123560 (VIOLATED)
_17563_/B1                              0.750000    0.873143   -0.123143 (VIOLATED)
_17560_/B1                              0.750000    0.873142   -0.123142 (VIOLATED)
_17556_/B1                              0.750000    0.873132   -0.123133 (VIOLATED)
_17552_/B1                              0.750000    0.873127   -0.123127 (VIOLATED)
_17549_/B1                              0.750000    0.873107   -0.123108 (VIOLATED)
_17541_/B1                              0.750000    0.873091   -0.123091 (VIOLATED)
_17545_/B1                              0.750000    0.873089   -0.123089 (VIOLATED)
_17538_/B1                              0.750000    0.873081   -0.123081 (VIOLATED)
_17534_/B1                              0.750000    0.873044   -0.123044 (VIOLATED)
_10930_/B1                              0.750000    0.873030   -0.123030 (VIOLATED)
_17530_/B1                              0.750000    0.873024   -0.123024 (VIOLATED)
fanout302/X                             0.750000    0.873021   -0.123021 (VIOLATED)
_14029_/B                               0.750000    0.873010   -0.123010 (VIOLATED)
_14030_/B                               0.750000    0.873006   -0.123006 (VIOLATED)
fanout2252/A                            0.750000    0.873000   -0.123000 (VIOLATED)
fanout2254/A                            0.750000    0.872989   -0.122989 (VIOLATED)
_11550_/S                               0.750000    0.872946   -0.122946 (VIOLATED)
fanout2264/A                            0.750000    0.872928   -0.122928 (VIOLATED)
fanout2250/A                            0.750000    0.872912   -0.122912 (VIOLATED)
fanout2265/X                            0.750000    0.872912   -0.122912 (VIOLATED)
_13396_/A1                              0.750000    0.872782   -0.122782 (VIOLATED)
_13347_/A                               0.750000    0.872691   -0.122691 (VIOLATED)
_12803_/A                               0.750000    0.872610   -0.122610 (VIOLATED)
_12811_/A1                              0.750000    0.872608   -0.122608 (VIOLATED)
_10929_/X                               0.750000    0.872332   -0.122332 (VIOLATED)
_18251_/S                               0.750000    0.871970   -0.121970 (VIOLATED)
_18234_/S                               0.750000    0.871969   -0.121969 (VIOLATED)
_18266_/S                               0.750000    0.871969   -0.121969 (VIOLATED)
_18259_/S                               0.750000    0.871966   -0.121966 (VIOLATED)
_19373_/A1                              0.750000    0.871962   -0.121962 (VIOLATED)
_18296_/S                               0.750000    0.871961   -0.121961 (VIOLATED)
_18310_/S                               0.750000    0.871961   -0.121961 (VIOLATED)
_18223_/S                               0.750000    0.871961   -0.121961 (VIOLATED)
_18272_/S                               0.750000    0.871961   -0.121961 (VIOLATED)
_18288_/S                               0.750000    0.871961   -0.121961 (VIOLATED)
fanout2310/X                            0.750000    0.871961   -0.121961 (VIOLATED)
_16139_/A                               0.750000    0.871474   -0.121474 (VIOLATED)
_16138_/A                               0.750000    0.871469   -0.121469 (VIOLATED)
_18896_/A1                              0.750000    0.871467   -0.121467 (VIOLATED)
_16305_/A1                              0.750000    0.871467   -0.121467 (VIOLATED)
_16132_/A                               0.750000    0.871453   -0.121453 (VIOLATED)
_16133_/A                               0.750000    0.871452   -0.121452 (VIOLATED)
_18904_/A                               0.750000    0.871447   -0.121447 (VIOLATED)
_18905_/A                               0.750000    0.871445   -0.121445 (VIOLATED)
_15530_/A                               0.750000    0.871417   -0.121417 (VIOLATED)
_15529_/A                               0.750000    0.871406   -0.121406 (VIOLATED)
fanout1039/X                            0.750000    0.871406   -0.121406 (VIOLATED)
_18481_/A1                              0.750000    0.871312   -0.121312 (VIOLATED)
_18740_/A2                              0.750000    0.871235   -0.121235 (VIOLATED)
_18737_/A1                              0.750000    0.871199   -0.121199 (VIOLATED)
_14421_/A2                              0.750000    0.871103   -0.121103 (VIOLATED)
_12631_/S                               0.750000    0.871041   -0.121041 (VIOLATED)
_12626_/A2                              0.750000    0.871036   -0.121037 (VIOLATED)
max_cap509/A                            0.750000    0.871034   -0.121034 (VIOLATED)
_12586_/A1                              0.750000    0.871033   -0.121033 (VIOLATED)
_12634_/A2                              0.750000    0.871029   -0.121029 (VIOLATED)
_12617_/A2                              0.750000    0.871023   -0.121023 (VIOLATED)
_12614_/A2                              0.750000    0.871019   -0.121019 (VIOLATED)
_12243_/D                               0.750000    0.871018   -0.121018 (VIOLATED)
_12600_/A2                              0.750000    0.871018   -0.121018 (VIOLATED)
_12607_/S                               0.750000    0.871018   -0.121018 (VIOLATED)
_12611_/S                               0.750000    0.871018   -0.121018 (VIOLATED)
fanout727/X                             0.750000    0.871018   -0.121018 (VIOLATED)
_18994_/A1                              0.750000    0.870802   -0.120802 (VIOLATED)
_12248_/X                               0.750000    0.870791   -0.120791 (VIOLATED)
max_cap510/A                            0.750000    0.870791   -0.120791 (VIOLATED)
fanout801/A                             0.750000    0.870038   -0.120038 (VIOLATED)
fanout797/A                             0.750000    0.870034   -0.120034 (VIOLATED)
max_cap806/A                            0.750000    0.870034   -0.120034 (VIOLATED)
_17134_/Y                               0.750000    0.870016   -0.120016 (VIOLATED)
_17493_/B                               0.750000    0.869857   -0.119857 (VIOLATED)
_17502_/A2                              0.750000    0.869849   -0.119849 (VIOLATED)
_10469_/A1                              0.750000    0.869848   -0.119848 (VIOLATED)
_17498_/A2                              0.750000    0.869848   -0.119848 (VIOLATED)
_17506_/A2                              0.750000    0.869848   -0.119848 (VIOLATED)
_10525_/B2                              0.750000    0.869844   -0.119844 (VIOLATED)
_17510_/A2                              0.750000    0.869832   -0.119832 (VIOLATED)
_17514_/A2                              0.750000    0.869823   -0.119823 (VIOLATED)
_10518_/B2                              0.750000    0.869817   -0.119817 (VIOLATED)
_17518_/A2                              0.750000    0.869813   -0.119813 (VIOLATED)
_17526_/A2                              0.750000    0.869807   -0.119807 (VIOLATED)
_17522_/A2                              0.750000    0.869806   -0.119806 (VIOLATED)
_17614_/A2                              0.750000    0.869800   -0.119800 (VIOLATED)
fanout412/X                             0.750000    0.869796   -0.119796 (VIOLATED)
_10459_/A1                              0.750000    0.869788   -0.119788 (VIOLATED)
_10408_/A1                              0.750000    0.869779   -0.119779 (VIOLATED)
fanout1712/X                            0.750000    0.869779   -0.119779 (VIOLATED)
wire1713/A                              0.750000    0.869779   -0.119779 (VIOLATED)
_18463_/A0                              0.750000    0.868685   -0.118685 (VIOLATED)
_18690_/A2                              0.750000    0.868500   -0.118500 (VIOLATED)
_18687_/A1                              0.750000    0.868414   -0.118414 (VIOLATED)
load_slew734/A                          0.750000    0.868158   -0.118158 (VIOLATED)
_13807_/A2                              0.750000    0.868116   -0.118116 (VIOLATED)
load_slew735/A                          0.750000    0.868051   -0.118051 (VIOLATED)
_12232_/X                               0.750000    0.868048   -0.118048 (VIOLATED)
_18330_/A0                              0.750000    0.867075   -0.117075 (VIOLATED)
load_slew2285/A                         0.750000    0.866899   -0.116899 (VIOLATED)
fanout965/A                             0.750000    0.866898   -0.116898 (VIOLATED)
fanout964/A                             0.750000    0.866887   -0.116887 (VIOLATED)
_19571_/A1                              0.750000    0.866885   -0.116885 (VIOLATED)
fanout2283/X                            0.750000    0.866882   -0.116882 (VIOLATED)
fanout963/A                             0.750000    0.866870   -0.116870 (VIOLATED)
_18557_/B1                              0.750000    0.866843   -0.116843 (VIOLATED)
fanout962/A                             0.750000    0.866841   -0.116841 (VIOLATED)
_18524_/B                               0.750000    0.866832   -0.116832 (VIOLATED)
fanout961/A                             0.750000    0.866832   -0.116832 (VIOLATED)
fanout966/X                             0.750000    0.866832   -0.116832 (VIOLATED)
output125/A                             0.750000    0.865991   -0.115991 (VIOLATED)
_16781_/S                               0.750000    0.865863   -0.115863 (VIOLATED)
_16775_/S                               0.750000    0.865858   -0.115858 (VIOLATED)
_16783_/S                               0.750000    0.865857   -0.115857 (VIOLATED)
load_slew599/A                          0.750000    0.865855   -0.115855 (VIOLATED)
fanout598/X                             0.750000    0.865851   -0.115851 (VIOLATED)
load_slew600/A                          0.750000    0.865851   -0.115851 (VIOLATED)
_12589_/Y                               0.750000    0.865710   -0.115710 (VIOLATED)
_19374_/A                               0.750000    0.865392   -0.115392 (VIOLATED)
_19502_/C1                              0.750000    0.865392   -0.115392 (VIOLATED)
_19373_/A2                              0.750000    0.865388   -0.115388 (VIOLATED)
_19480_/B1                              0.750000    0.865387   -0.115387 (VIOLATED)
_19484_/B1                              0.750000    0.865387   -0.115387 (VIOLATED)
_19522_/C1                              0.750000    0.865387   -0.115387 (VIOLATED)
_19526_/A2                              0.750000    0.865387   -0.115387 (VIOLATED)
_19546_/A2                              0.750000    0.865387   -0.115387 (VIOLATED)
_19612_/A2                              0.750000    0.865387   -0.115387 (VIOLATED)
_19666_/A2                              0.750000    0.865387   -0.115387 (VIOLATED)
fanout277/X                             0.750000    0.865387   -0.115387 (VIOLATED)
_11733_/A1                              0.750000    0.865344   -0.115344 (VIOLATED)
_11675_/A1                              0.750000    0.865342   -0.115342 (VIOLATED)
_11619_/A1                              0.750000    0.865339   -0.115339 (VIOLATED)
_11457_/A                               0.750000    0.865338   -0.115338 (VIOLATED)
_10743_/A1                              0.750000    0.865332   -0.115332 (VIOLATED)
_10686_/A0                              0.750000    0.865332   -0.115332 (VIOLATED)
_10447_/A0                              0.750000    0.865331   -0.115331 (VIOLATED)
_10561_/A0                              0.750000    0.865331   -0.115331 (VIOLATED)
_11561_/A1                              0.750000    0.865331   -0.115331 (VIOLATED)
_11975_/A1                              0.750000    0.865331   -0.115331 (VIOLATED)
fanout1125/X                            0.750000    0.865331   -0.115331 (VIOLATED)
_18636_/A2                              0.750000    0.864063   -0.114063 (VIOLATED)
_18648_/A2                              0.750000    0.864052   -0.114052 (VIOLATED)
_18635_/A2                              0.750000    0.863732   -0.113732 (VIOLATED)
_18642_/A2                              0.750000    0.863709   -0.113709 (VIOLATED)
_18646_/A2                              0.750000    0.863683   -0.113683 (VIOLATED)
_18629_/A2                              0.750000    0.863657   -0.113657 (VIOLATED)
_18631_/A2                              0.750000    0.863630   -0.113630 (VIOLATED)
_12333_/B                               0.750000    0.863613   -0.113613 (VIOLATED)
_12334_/C                               0.750000    0.863613   -0.113613 (VIOLATED)
_18544_/B                               0.750000    0.863613   -0.113613 (VIOLATED)
fanout1529/X                            0.750000    0.863613   -0.113613 (VIOLATED)
_12751_/A2                              0.750000    0.863289   -0.113289 (VIOLATED)
_12791_/A2                              0.750000    0.863287   -0.113287 (VIOLATED)
_12143_/Y                               0.750000    0.863283   -0.113284 (VIOLATED)
fanout1344/A                            0.750000    0.863283   -0.113284 (VIOLATED)
_10801_/B2                              0.750000    0.863063   -0.113063 (VIOLATED)
_11558_/B2                              0.750000    0.863038   -0.113038 (VIOLATED)
_10740_/B2                              0.750000    0.863025   -0.113025 (VIOLATED)
_10684_/B2                              0.750000    0.863009   -0.113009 (VIOLATED)
load_slew1611/A                         0.750000    0.862982   -0.112982 (VIOLATED)
_11972_/B2                              0.750000    0.862956   -0.112956 (VIOLATED)
_10084_/B                               0.750000    0.862940   -0.112940 (VIOLATED)
fanout1610/X                            0.750000    0.862940   -0.112940 (VIOLATED)
output91/A                              0.750000    0.862574   -0.112575 (VIOLATED)
_10993_/A1                              0.750000    0.862067   -0.112067 (VIOLATED)
_10087_/A1                              0.750000    0.862066   -0.112066 (VIOLATED)
_10218_/A1                              0.750000    0.862061   -0.112061 (VIOLATED)
_10444_/A1                              0.750000    0.862059   -0.112060 (VIOLATED)
_10503_/A1                              0.750000    0.862059   -0.112059 (VIOLATED)
_11240_/A1                              0.750000    0.862059   -0.112059 (VIOLATED)
_11307_/A1                              0.750000    0.862059   -0.112059 (VIOLATED)
_10558_/A1                              0.750000    0.862057   -0.112057 (VIOLATED)
_11490_/A1                              0.750000    0.862057   -0.112057 (VIOLATED)
_11616_/A1                              0.750000    0.862057   -0.112057 (VIOLATED)
fanout1803/X                            0.750000    0.862057   -0.112057 (VIOLATED)
_16136_/A                               0.750000    0.861956   -0.111956 (VIOLATED)
_16225_/A                               0.750000    0.861955   -0.111955 (VIOLATED)
_16311_/A                               0.750000    0.861955   -0.111955 (VIOLATED)
_18902_/B1                              0.750000    0.861955   -0.111955 (VIOLATED)
_16044_/A                               0.750000    0.861954   -0.111954 (VIOLATED)
_15772_/A                               0.750000    0.861952   -0.111952 (VIOLATED)
_15624_/A                               0.750000    0.861949   -0.111949 (VIOLATED)
_15527_/A                               0.750000    0.861948   -0.111948 (VIOLATED)
_15951_/A                               0.750000    0.861947   -0.111947 (VIOLATED)
_15428_/A                               0.750000    0.861944   -0.111944 (VIOLATED)
fanout1202/X                            0.750000    0.861944   -0.111944 (VIOLATED)
_13808_/A1                              0.750000    0.861864   -0.111864 (VIOLATED)
fanout1484/A                            0.750000    0.861855   -0.111855 (VIOLATED)
_11979_/B2                              0.750000    0.861844   -0.111844 (VIOLATED)
_14314_/A1                              0.750000    0.861829   -0.111829 (VIOLATED)
_12265_/B                               0.750000    0.861825   -0.111825 (VIOLATED)
_13465_/B2                              0.750000    0.861822   -0.111823 (VIOLATED)
_13643_/B1                              0.750000    0.861818   -0.111818 (VIOLATED)
fanout1486/X                            0.750000    0.861818   -0.111818 (VIOLATED)
_12283_/A0                              0.750000    0.861669   -0.111669 (VIOLATED)
_19037_/A0                              0.750000    0.861668   -0.111668 (VIOLATED)
_19040_/A0                              0.750000    0.861665   -0.111666 (VIOLATED)
_19043_/A0                              0.750000    0.861665   -0.111665 (VIOLATED)
input36/X                               0.750000    0.861629   -0.111629 (VIOLATED)
_18471_/A1                              0.750000    0.861052   -0.111052 (VIOLATED)
_18413_/A2                              0.750000    0.861009   -0.111009 (VIOLATED)
_18190_/S                               0.750000    0.861003   -0.111003 (VIOLATED)
_18356_/A2                              0.750000    0.860992   -0.110992 (VIOLATED)
_18189_/S                               0.750000    0.860968   -0.110968 (VIOLATED)
_18390_/A2                              0.750000    0.860953   -0.110953 (VIOLATED)
_18188_/S                               0.750000    0.860947   -0.110947 (VIOLATED)
_18185_/S                               0.750000    0.860904   -0.110904 (VIOLATED)
fanout983/X                             0.750000    0.860903   -0.110903 (VIOLATED)
_18708_/A1                              0.750000    0.860873   -0.110873 (VIOLATED)
_18711_/A2                              0.750000    0.860787   -0.110787 (VIOLATED)
load_slew524/A                          0.750000    0.860416   -0.110416 (VIOLATED)
load_slew525/A                          0.750000    0.860386   -0.110386 (VIOLATED)
_12229_/Y                               0.750000    0.860368   -0.110368 (VIOLATED)
fanout725/A                             0.750000    0.860344   -0.110344 (VIOLATED)
fanout722/A                             0.750000    0.860284   -0.110284 (VIOLATED)
_12359_/Y                               0.750000    0.860282   -0.110282 (VIOLATED)
_18478_/A0                              0.750000    0.859077   -0.109077 (VIOLATED)
_18733_/A2                              0.750000    0.858984   -0.108984 (VIOLATED)
_18730_/A1                              0.750000    0.858959   -0.108959 (VIOLATED)
_14313_/A2                              0.750000    0.858878   -0.108878 (VIOLATED)
max_cap526/A                            0.750000    0.858693   -0.108693 (VIOLATED)
_12227_/X                               0.750000    0.858690   -0.108690 (VIOLATED)
max_cap527/A                            0.750000    0.858690   -0.108690 (VIOLATED)
_12646_/B1                              0.750000    0.858685   -0.108685 (VIOLATED)
_12644_/B1                              0.750000    0.858685   -0.108685 (VIOLATED)
_12654_/B1                              0.750000    0.858684   -0.108684 (VIOLATED)
_12641_/B1                              0.750000    0.858683   -0.108683 (VIOLATED)
_12613_/B1                              0.750000    0.858680   -0.108680 (VIOLATED)
_12656_/B1                              0.750000    0.858680   -0.108680 (VIOLATED)
_12610_/B1                              0.750000    0.858680   -0.108680 (VIOLATED)
_12635_/B1                              0.750000    0.858680   -0.108680 (VIOLATED)
_12648_/B1                              0.750000    0.858680   -0.108680 (VIOLATED)
_12627_/B1                              0.750000    0.858679   -0.108679 (VIOLATED)
fanout717/X                             0.750000    0.858679   -0.108679 (VIOLATED)
_14322_/B1                              0.750000    0.858543   -0.108543 (VIOLATED)
_14315_/X                               0.750000    0.858377   -0.108377 (VIOLATED)
_12658_/A2                              0.750000    0.858125   -0.108125 (VIOLATED)
_12633_/C1                              0.750000    0.858122   -0.108122 (VIOLATED)
_12616_/C1                              0.750000    0.858121   -0.108121 (VIOLATED)
_12649_/A2                              0.750000    0.858119   -0.108119 (VIOLATED)
_12577_/S                               0.750000    0.858113   -0.108113 (VIOLATED)
_12625_/C1                              0.750000    0.858088   -0.108088 (VIOLATED)
_12628_/A2                              0.750000    0.858078   -0.108078 (VIOLATED)
_12636_/A2                              0.750000    0.858064   -0.108065 (VIOLATED)
_12642_/A2                              0.750000    0.858060   -0.108060 (VIOLATED)
_12647_/A2                              0.750000    0.858060   -0.108060 (VIOLATED)
fanout729/X                             0.750000    0.858060   -0.108060 (VIOLATED)
_18205_/A1                              0.750000    0.857695   -0.107695 (VIOLATED)
_12088_/B                               0.750000    0.857692   -0.107692 (VIOLATED)
_12092_/A                               0.750000    0.857689   -0.107689 (VIOLATED)
_12363_/B                               0.750000    0.857687   -0.107687 (VIOLATED)
_12091_/A                               0.750000    0.857666   -0.107667 (VIOLATED)
_12093_/C                               0.750000    0.857655   -0.107655 (VIOLATED)
_17968_/B                               0.750000    0.857644   -0.107645 (VIOLATED)
_17972_/B                               0.750000    0.857635   -0.107635 (VIOLATED)
_12010_/Y                               0.750000    0.857619   -0.107619 (VIOLATED)
_12012_/C                               0.750000    0.857619   -0.107619 (VIOLATED)
_12200_/A                               0.750000    0.857619   -0.107619 (VIOLATED)
wire874/A                               0.750000    0.856872   -0.106872 (VIOLATED)
_19743_/B1                              0.750000    0.856848   -0.106848 (VIOLATED)
_19745_/S                               0.750000    0.856848   -0.106848 (VIOLATED)
_12316_/Y                               0.750000    0.856830   -0.106830 (VIOLATED)
_10202_/B2                              0.750000    0.856406   -0.106406 (VIOLATED)
_10190_/A                               0.750000    0.856399   -0.106399 (VIOLATED)
_10078_/A1                              0.750000    0.856369   -0.106369 (VIOLATED)
_10056_/B1                              0.750000    0.856339   -0.106339 (VIOLATED)
_10059_/B1                              0.750000    0.856317   -0.106317 (VIOLATED)
_10062_/B1                              0.750000    0.856297   -0.106297 (VIOLATED)
_10066_/B1                              0.750000    0.856297   -0.106297 (VIOLATED)
fanout1631/X                            0.750000    0.856297   -0.106297 (VIOLATED)
_09917_/A                               0.750000    0.856265   -0.106265 (VIOLATED)
_09918_/D_N                             0.750000    0.856265   -0.106265 (VIOLATED)
_09913_/A                               0.750000    0.856262   -0.106262 (VIOLATED)
_09989_/A                               0.750000    0.856256   -0.106256 (VIOLATED)
_09990_/A                               0.750000    0.856252   -0.106252 (VIOLATED)
_09998_/A1                              0.750000    0.856252   -0.106252 (VIOLATED)
_10101_/A1                              0.750000    0.856243   -0.106243 (VIOLATED)
_09929_/B                               0.750000    0.856241   -0.106241 (VIOLATED)
_09928_/B                               0.750000    0.856240   -0.106240 (VIOLATED)
_12070_/A1                              0.750000    0.856234   -0.106234 (VIOLATED)
fanout2308/X                            0.750000    0.856234   -0.106234 (VIOLATED)
_18659_/C1                              0.750000    0.856106   -0.106106 (VIOLATED)
_18681_/C1                              0.750000    0.856105   -0.106105 (VIOLATED)
_10083_/A                               0.750000    0.856105   -0.106105 (VIOLATED)
_18703_/C1                              0.750000    0.856105   -0.106105 (VIOLATED)
_18626_/C1                              0.750000    0.856103   -0.106103 (VIOLATED)
_18674_/C1                              0.750000    0.856102   -0.106103 (VIOLATED)
_18710_/C1                              0.750000    0.856099   -0.106099 (VIOLATED)
_15472_/B1                              0.750000    0.856093   -0.106093 (VIOLATED)
_15570_/B                               0.750000    0.856089   -0.106089 (VIOLATED)
_15664_/B1                              0.750000    0.856088   -0.106088 (VIOLATED)
_18718_/C1                              0.750000    0.856081   -0.106081 (VIOLATED)
_15665_/B                               0.750000    0.856081   -0.106081 (VIOLATED)
_19791_/A0                              0.750000    0.856071   -0.106071 (VIOLATED)
_12347_/B2                              0.750000    0.856071   -0.106071 (VIOLATED)
fanout1902/X                            0.750000    0.856071   -0.106071 (VIOLATED)
_15750_/B                               0.750000    0.856067   -0.106067 (VIOLATED)
_15925_/C                               0.750000    0.856002   -0.106002 (VIOLATED)
_16190_/A2                              0.750000    0.855972   -0.105972 (VIOLATED)
_16101_/C                               0.750000    0.855950   -0.105950 (VIOLATED)
_16276_/A                               0.750000    0.855938   -0.105938 (VIOLATED)
_16277_/A                               0.750000    0.855931   -0.105931 (VIOLATED)
fanout1213/X                            0.750000    0.855931   -0.105931 (VIOLATED)
_17686_/A1                              0.750000    0.854734   -0.104734 (VIOLATED)
_17820_/A1                              0.750000    0.854725   -0.104725 (VIOLATED)
fanout937/A                             0.750000    0.854705   -0.104705 (VIOLATED)
_12902_/X                               0.750000    0.854702   -0.104702 (VIOLATED)
_12038_/Y                               0.750000    0.854626   -0.104626 (VIOLATED)
_21227_/RESET_B                         0.750000    0.854511   -0.104511 (VIOLATED)
_21135_/RESET_B                         0.750000    0.854511   -0.104511 (VIOLATED)
_21262_/RESET_B                         0.750000    0.854510   -0.104510 (VIOLATED)
fanout2335/A                            0.750000    0.854507   -0.104507 (VIOLATED)
_21182_/RESET_B                         0.750000    0.854487   -0.104487 (VIOLATED)
_21264_/RESET_B                         0.750000    0.854460   -0.104460 (VIOLATED)
fanout2337/A                            0.750000    0.854457   -0.104457 (VIOLATED)
fanout2339/X                            0.750000    0.854457   -0.104457 (VIOLATED)
_14301_/A2                              0.750000    0.854081   -0.104081 (VIOLATED)
_15976_/A2                              0.750000    0.854071   -0.104071 (VIOLATED)
_18260_/A2                              0.750000    0.854067   -0.104067 (VIOLATED)
_18252_/A2                              0.750000    0.854065   -0.104065 (VIOLATED)
_18246_/A2                              0.750000    0.854059   -0.104059 (VIOLATED)
_18238_/A2                              0.750000    0.854052   -0.104052 (VIOLATED)
_18230_/A2                              0.750000    0.854042   -0.104042 (VIOLATED)
_18324_/A2                              0.750000    0.854038   -0.104038 (VIOLATED)
_18224_/A2                              0.750000    0.854037   -0.104037 (VIOLATED)
fanout1177/X                            0.750000    0.854037   -0.104037 (VIOLATED)
_14299_/Y                               0.750000    0.853973   -0.103973 (VIOLATED)
_13735_/A2                              0.750000    0.853721   -0.103721 (VIOLATED)
_14426_/B                               0.750000    0.853719   -0.103719 (VIOLATED)
_14132_/B                               0.750000    0.853712   -0.103712 (VIOLATED)
_13550_/A2                              0.750000    0.853712   -0.103712 (VIOLATED)
_13475_/A2                              0.750000    0.853710   -0.103710 (VIOLATED)
_14224_/B                               0.750000    0.853700   -0.103700 (VIOLATED)
_14650_/A2                              0.750000    0.853689   -0.103689 (VIOLATED)
_14653_/A2                              0.750000    0.853686   -0.103686 (VIOLATED)
_13614_/A2                              0.750000    0.853666   -0.103666 (VIOLATED)
_13321_/A2                              0.750000    0.853656   -0.103656 (VIOLATED)
fanout1563/X                            0.750000    0.853655   -0.103655 (VIOLATED)
_13100_/A1                              0.750000    0.852782   -0.102782 (VIOLATED)
fanout1285/A                            0.750000    0.852782   -0.102782 (VIOLATED)
_12810_/A1                              0.750000    0.852778   -0.102778 (VIOLATED)
_12887_/A1                              0.750000    0.852776   -0.102777 (VIOLATED)
_13250_/B2                              0.750000    0.852772   -0.102772 (VIOLATED)
fanout1284/A                            0.750000    0.852772   -0.102772 (VIOLATED)
fanout1286/X                            0.750000    0.852772   -0.102772 (VIOLATED)
_13953_/A1                              0.750000    0.852476   -0.102476 (VIOLATED)
_15702_/A1                              0.750000    0.852469   -0.102469 (VIOLATED)
_13790_/A1                              0.750000    0.852464   -0.102464 (VIOLATED)
_14626_/A1                              0.750000    0.852453   -0.102453 (VIOLATED)
_16166_/A1                              0.750000    0.852452   -0.102452 (VIOLATED)
_13868_/A                               0.750000    0.852451   -0.102451 (VIOLATED)
_14515_/A1                              0.750000    0.852443   -0.102443 (VIOLATED)
_13726_/A                               0.750000    0.852432   -0.102432 (VIOLATED)
_13462_/A                               0.750000    0.852430   -0.102430 (VIOLATED)
_13604_/A1                              0.750000    0.852428   -0.102428 (VIOLATED)
fanout1819/X                            0.750000    0.852428   -0.102428 (VIOLATED)
_13751_/A                               0.750000    0.851646   -0.101646 (VIOLATED)
_15381_/A                               0.750000    0.851644   -0.101644 (VIOLATED)
_14583_/A1                              0.750000    0.851630   -0.101630 (VIOLATED)
_14584_/A1                              0.750000    0.851600   -0.101600 (VIOLATED)
_14263_/A1                              0.750000    0.851536   -0.101536 (VIOLATED)
_18467_/B                               0.750000    0.851466   -0.101466 (VIOLATED)
_18468_/A2                              0.750000    0.851465   -0.101465 (VIOLATED)
_18470_/B                               0.750000    0.851459   -0.101459 (VIOLATED)
_18485_/B                               0.750000    0.851452   -0.101452 (VIOLATED)
_18490_/B                               0.750000    0.851451   -0.101451 (VIOLATED)
_18486_/A2                              0.750000    0.851443   -0.101443 (VIOLATED)
_18456_/B                               0.750000    0.851431   -0.101431 (VIOLATED)
_18457_/A2                              0.750000    0.851429   -0.101429 (VIOLATED)
_18473_/B                               0.750000    0.851419   -0.101419 (VIOLATED)
_18474_/A2                              0.750000    0.851419   -0.101419 (VIOLATED)
fanout1138/X                            0.750000    0.851419   -0.101419 (VIOLATED)
_13749_/Y                               0.750000    0.851205   -0.101205 (VIOLATED)
wire1364/A                              0.750000    0.851057   -0.101057 (VIOLATED)
_12665_/A1                              0.750000    0.851057   -0.101057 (VIOLATED)
_11396_/Y                               0.750000    0.850956   -0.100956 (VIOLATED)
_12516_/A2                              0.750000    0.850240   -0.100240 (VIOLATED)
_12538_/A2                              0.750000    0.850236   -0.100236 (VIOLATED)
_12532_/A2                              0.750000    0.850225   -0.100225 (VIOLATED)
_12544_/A2                              0.750000    0.850224   -0.100224 (VIOLATED)
_12506_/A2                              0.750000    0.850213   -0.100213 (VIOLATED)
_12554_/A2                              0.750000    0.850202   -0.100202 (VIOLATED)
_12490_/A2                              0.750000    0.850188   -0.100188 (VIOLATED)
_12485_/A2                              0.750000    0.850184   -0.100184 (VIOLATED)
fanout1113/X                            0.750000    0.850184   -0.100184 (VIOLATED)
_17274_/S                               0.750000    0.845947   -0.095947 (VIOLATED)
_17290_/S                               0.750000    0.845938   -0.095938 (VIOLATED)
_17273_/S                               0.750000    0.845927   -0.095927 (VIOLATED)
_17298_/S                               0.750000    0.845919   -0.095919 (VIOLATED)
fanout762/X                             0.750000    0.845919   -0.095919 (VIOLATED)
wire763/A                               0.750000    0.845919   -0.095919 (VIOLATED)
fanout443/A                             0.750000    0.845068   -0.095068 (VIOLATED)
_17847_/B1                              0.750000    0.845043   -0.095043 (VIOLATED)
_17852_/C                               0.750000    0.845036   -0.095036 (VIOLATED)
_17844_/B1                              0.750000    0.845020   -0.095020 (VIOLATED)
_17841_/C                               0.750000    0.844998   -0.094998 (VIOLATED)
fanout439/A                             0.750000    0.844963   -0.094963 (VIOLATED)
fanout444/X                             0.750000    0.844963   -0.094963 (VIOLATED)
_16886_/S                               0.750000    0.844392   -0.094392 (VIOLATED)
_16876_/S                               0.750000    0.844384   -0.094384 (VIOLATED)
load_slew579/A                          0.750000    0.844348   -0.094348 (VIOLATED)
_16894_/S                               0.750000    0.844348   -0.094348 (VIOLATED)
fanout577/X                             0.750000    0.844348   -0.094348 (VIOLATED)
_13742_/C1                              0.750000    0.844050   -0.094050 (VIOLATED)
_13816_/C1                              0.750000    0.844050   -0.094050 (VIOLATED)
_14648_/B1                              0.750000    0.844049   -0.094049 (VIOLATED)
_13320_/B1                              0.750000    0.844049   -0.094049 (VIOLATED)
_13613_/C1                              0.750000    0.844049   -0.094049 (VIOLATED)
_13890_/B1                              0.750000    0.844049   -0.094049 (VIOLATED)
_14043_/B1                              0.750000    0.844049   -0.094049 (VIOLATED)
_14045_/B1                              0.750000    0.844049   -0.094049 (VIOLATED)
_14766_/A2                              0.750000    0.844049   -0.094049 (VIOLATED)
_15618_/A2                              0.750000    0.844049   -0.094049 (VIOLATED)
fanout1566/X                            0.750000    0.844049   -0.094049 (VIOLATED)
_16506_/S                               0.750000    0.843397   -0.093397 (VIOLATED)
_16522_/S                               0.750000    0.843314   -0.093314 (VIOLATED)
load_slew678/A                          0.750000    0.843283   -0.093283 (VIOLATED)
_16514_/S                               0.750000    0.843278   -0.093278 (VIOLATED)
fanout676/X                             0.750000    0.843278   -0.093278 (VIOLATED)
_18260_/B1                              0.750000    0.842762   -0.092762 (VIOLATED)
_18252_/B1                              0.750000    0.842760   -0.092760 (VIOLATED)
_18245_/B2                              0.750000    0.842754   -0.092754 (VIOLATED)
_18238_/B1                              0.750000    0.842747   -0.092747 (VIOLATED)
_18230_/B1                              0.750000    0.842739   -0.092739 (VIOLATED)
_18324_/B1                              0.750000    0.842737   -0.092737 (VIOLATED)
_18224_/B1                              0.750000    0.842716   -0.092716 (VIOLATED)
fanout1528/X                            0.750000    0.842716   -0.092716 (VIOLATED)
_14028_/A1                              0.750000    0.842338   -0.092338 (VIOLATED)
_13669_/A1                              0.750000    0.842336   -0.092337 (VIOLATED)
fanout1821/A                            0.750000    0.842337   -0.092337 (VIOLATED)
_13540_/A1                              0.750000    0.842336   -0.092336 (VIOLATED)
_14118_/A1                              0.750000    0.842335   -0.092335 (VIOLATED)
_14209_/A1                              0.750000    0.842329   -0.092329 (VIOLATED)
_14302_/A1                              0.750000    0.842328   -0.092328 (VIOLATED)
_12336_/A                               0.750000    0.842319   -0.092319 (VIOLATED)
_12337_/A                               0.750000    0.842319   -0.092319 (VIOLATED)
fanout1822/X                            0.750000    0.842319   -0.092319 (VIOLATED)
_11060_/B1                              0.750000    0.842227   -0.092227 (VIOLATED)
_15093_/B                               0.750000    0.842161   -0.092161 (VIOLATED)
_15092_/B                               0.750000    0.842160   -0.092160 (VIOLATED)
_13402_/A1                              0.750000    0.841750   -0.091750 (VIOLATED)
_13338_/A1                              0.750000    0.841726   -0.091726 (VIOLATED)
_12944_/S                               0.750000    0.841688   -0.091688 (VIOLATED)
_11059_/X                               0.750000    0.841654   -0.091654 (VIOLATED)
_09949_/A                               0.750000    0.841488   -0.091488 (VIOLATED)
_09937_/C                               0.750000    0.841482   -0.091482 (VIOLATED)
_09950_/A                               0.750000    0.841471   -0.091471 (VIOLATED)
_12072_/A1                              0.750000    0.841395   -0.091395 (VIOLATED)
_09939_/C                               0.750000    0.841320   -0.091320 (VIOLATED)
_09912_/A                               0.750000    0.841311   -0.091311 (VIOLATED)
_09940_/C                               0.750000    0.841309   -0.091309 (VIOLATED)
_09911_/A_N                             0.750000    0.841293   -0.091293 (VIOLATED)
_14792_/C1                              0.750000    0.841083   -0.091083 (VIOLATED)
_14795_/C1                              0.750000    0.841081   -0.091081 (VIOLATED)
_11018_/A1                              0.750000    0.841031   -0.091031 (VIOLATED)
_11241_/C1                              0.750000    0.841006   -0.091006 (VIOLATED)
_11007_/C1                              0.750000    0.840981   -0.090981 (VIOLATED)
wire1743/A                              0.750000    0.840970   -0.090970 (VIOLATED)
_10966_/A1                              0.750000    0.840953   -0.090953 (VIOLATED)
fanout1742/X                            0.750000    0.840953   -0.090953 (VIOLATED)
_15514_/A1                              0.750000    0.840936   -0.090936 (VIOLATED)
fanout2418/A                            0.750000    0.840921   -0.090921 (VIOLATED)
fanout2413/A                            0.750000    0.840920   -0.090920 (VIOLATED)
fanout2416/A                            0.750000    0.840917   -0.090917 (VIOLATED)
fanout2420/A                            0.750000    0.840917   -0.090917 (VIOLATED)
fanout2438/A                            0.750000    0.840917   -0.090917 (VIOLATED)
fanout2439/X                            0.750000    0.840917   -0.090917 (VIOLATED)
_11490_/C1                              0.750000    0.840590   -0.090590 (VIOLATED)
_11616_/C1                              0.750000    0.840588   -0.090588 (VIOLATED)
_10560_/A1                              0.750000    0.840588   -0.090588 (VIOLATED)
_10558_/C1                              0.750000    0.840587   -0.090587 (VIOLATED)
_11174_/C1                              0.750000    0.840586   -0.090586 (VIOLATED)
_11618_/A1                              0.750000    0.840574   -0.090574 (VIOLATED)
_11672_/C1                              0.750000    0.840558   -0.090558 (VIOLATED)
fanout1498/A                            0.750000    0.840554   -0.090554 (VIOLATED)
fanout1500/X                            0.750000    0.840554   -0.090554 (VIOLATED)
_11730_/C1                              0.750000    0.840549   -0.090549 (VIOLATED)
_11732_/A1                              0.750000    0.840538   -0.090538 (VIOLATED)
_11791_/C1                              0.750000    0.840508   -0.090508 (VIOLATED)
_11916_/A1                              0.750000    0.840501   -0.090501 (VIOLATED)
fanout1475/X                            0.750000    0.840501   -0.090501 (VIOLATED)
_18234_/A0                              0.750000    0.840415   -0.090415 (VIOLATED)
_15052_/B1                              0.750000    0.840393   -0.090393 (VIOLATED)
_15053_/B1                              0.750000    0.840384   -0.090384 (VIOLATED)
_14949_/A2                              0.750000    0.840380   -0.090380 (VIOLATED)
fanout1215/A                            0.750000    0.840351   -0.090351 (VIOLATED)
_14594_/C                               0.750000    0.840349   -0.090349 (VIOLATED)
_14489_/Y                               0.750000    0.840342   -0.090342 (VIOLATED)
_18853_/A2                              0.750000    0.840298   -0.090298 (VIOLATED)
_18860_/A2                              0.750000    0.840298   -0.090298 (VIOLATED)
_18846_/A2                              0.750000    0.840296   -0.090296 (VIOLATED)
_18839_/A2                              0.750000    0.840296   -0.090296 (VIOLATED)
_18810_/A2                              0.750000    0.840295   -0.090295 (VIOLATED)
_18689_/A2                              0.750000    0.840294   -0.090294 (VIOLATED)
_18696_/A2                              0.750000    0.840294   -0.090294 (VIOLATED)
_18818_/A2                              0.750000    0.840294   -0.090294 (VIOLATED)
_18825_/A2                              0.750000    0.840294   -0.090294 (VIOLATED)
_18832_/A2                              0.750000    0.840294   -0.090294 (VIOLATED)
fanout1195/X                            0.750000    0.840294   -0.090294 (VIOLATED)
_19481_/A1                              0.750000    0.840025   -0.090025 (VIOLATED)
_21605_/Q                               0.750000    0.840025   -0.090025 (VIOLATED)
_18944_/B2                              0.750000    0.839794   -0.089794 (VIOLATED)
_18821_/A1                              0.750000    0.839792   -0.089792 (VIOLATED)
_14117_/B1                              0.750000    0.839785   -0.089785 (VIOLATED)
_14027_/B1                              0.750000    0.839781   -0.089781 (VIOLATED)
_13952_/B1                              0.750000    0.839773   -0.089773 (VIOLATED)
_14208_/B1                              0.750000    0.839772   -0.089772 (VIOLATED)
_13867_/B1                              0.750000    0.839771   -0.089771 (VIOLATED)
_13668_/B1                              0.750000    0.839718   -0.089718 (VIOLATED)
_13603_/B1                              0.750000    0.839708   -0.089708 (VIOLATED)
_13464_/C1                              0.750000    0.839691   -0.089691 (VIOLATED)
fanout1326/X                            0.750000    0.839691   -0.089691 (VIOLATED)
_17712_/A1                              0.750000    0.839684   -0.089684 (VIOLATED)
_17578_/A1                              0.750000    0.839656   -0.089656 (VIOLATED)
_17842_/A1                              0.750000    0.839588   -0.089588 (VIOLATED)
_18812_/A2                              0.750000    0.839378   -0.089378 (VIOLATED)
_18869_/A2                              0.750000    0.839376   -0.089376 (VIOLATED)
_18691_/A2                              0.750000    0.839374   -0.089374 (VIOLATED)
_18698_/A2                              0.750000    0.839374   -0.089374 (VIOLATED)
_18827_/A2                              0.750000    0.839374   -0.089374 (VIOLATED)
_18834_/A2                              0.750000    0.839374   -0.089374 (VIOLATED)
_18841_/A2                              0.750000    0.839374   -0.089374 (VIOLATED)
_18848_/A2                              0.750000    0.839374   -0.089374 (VIOLATED)
_18855_/A2                              0.750000    0.839374   -0.089374 (VIOLATED)
_18862_/A2                              0.750000    0.839374   -0.089374 (VIOLATED)
fanout1135/X                            0.750000    0.839374   -0.089374 (VIOLATED)
_14062_/A                               0.750000    0.839173   -0.089173 (VIOLATED)
fanout933/A                             0.750000    0.839167   -0.089167 (VIOLATED)
_10392_/A2                              0.750000    0.839165   -0.089165 (VIOLATED)
_10396_/A1                              0.750000    0.839162   -0.089162 (VIOLATED)
_14117_/A1                              0.750000    0.839143   -0.089143 (VIOLATED)
_12986_/X                               0.750000    0.839134   -0.089134 (VIOLATED)
fanout2272/A                            0.750000    0.839090   -0.089090 (VIOLATED)
_10981_/S0                              0.750000    0.839076   -0.089076 (VIOLATED)
_10989_/S                               0.750000    0.839073   -0.089073 (VIOLATED)
_10987_/S                               0.750000    0.839071   -0.089071 (VIOLATED)
_10985_/S                               0.750000    0.839053   -0.089053 (VIOLATED)
fanout2268/A                            0.750000    0.839049   -0.089049 (VIOLATED)
fanout2273/X                            0.750000    0.839049   -0.089049 (VIOLATED)
_18716_/A0                              0.750000    0.839044   -0.089044 (VIOLATED)
_14118_/A2                              0.750000    0.839010   -0.089010 (VIOLATED)
_18715_/A                               0.750000    0.839004   -0.089004 (VIOLATED)
_21367_/Q                               0.750000    0.838990   -0.088990 (VIOLATED)
_11858_/C1                              0.750000    0.838797   -0.088797 (VIOLATED)
_11795_/C1                              0.750000    0.838796   -0.088797 (VIOLATED)
_11734_/C1                              0.750000    0.838796   -0.088796 (VIOLATED)
_11676_/C1                              0.750000    0.838780   -0.088780 (VIOLATED)
_11620_/C1                              0.750000    0.838774   -0.088774 (VIOLATED)
_11562_/C1                              0.750000    0.838773   -0.088773 (VIOLATED)
_10106_/A2_N                            0.750000    0.838722   -0.088722 (VIOLATED)
_10568_/B1                              0.750000    0.838717   -0.088717 (VIOLATED)
_10628_/B1                              0.750000    0.838717   -0.088717 (VIOLATED)
_10690_/B1                              0.750000    0.838717   -0.088717 (VIOLATED)
fanout1301/X                            0.750000    0.838717   -0.088717 (VIOLATED)
_10166_/B1                              0.750000    0.837895   -0.087895 (VIOLATED)
_14517_/A2                              0.750000    0.837883   -0.087883 (VIOLATED)
_14516_/B                               0.750000    0.837860   -0.087860 (VIOLATED)
_14518_/A2                              0.750000    0.837858   -0.087858 (VIOLATED)
_12647_/B1                              0.750000    0.837835   -0.087835 (VIOLATED)
_12642_/B1                              0.750000    0.837834   -0.087834 (VIOLATED)
_12661_/B1                              0.750000    0.837834   -0.087834 (VIOLATED)
_12654_/A2                              0.750000    0.837833   -0.087833 (VIOLATED)
_12636_/B1                              0.750000    0.837830   -0.087830 (VIOLATED)
_12650_/B1                              0.750000    0.837818   -0.087818 (VIOLATED)
_12628_/B1                              0.750000    0.837791   -0.087791 (VIOLATED)
_12649_/B1                              0.750000    0.837760   -0.087760 (VIOLATED)
_12633_/B1                              0.750000    0.837750   -0.087750 (VIOLATED)
_12596_/B                               0.750000    0.837742   -0.087742 (VIOLATED)
fanout873/X                             0.750000    0.837742   -0.087742 (VIOLATED)
fanout1888/A                            0.750000    0.837513   -0.087513 (VIOLATED)
_19377_/S                               0.750000    0.837489   -0.087489 (VIOLATED)
_19378_/S0                              0.750000    0.837483   -0.087483 (VIOLATED)
_19383_/S                               0.750000    0.837483   -0.087483 (VIOLATED)
_12876_/S                               0.750000    0.837432   -0.087432 (VIOLATED)
_12742_/A2                              0.750000    0.837424   -0.087424 (VIOLATED)
_12834_/A1                              0.750000    0.837423   -0.087423 (VIOLATED)
_12796_/A2                              0.750000    0.837423   -0.087423 (VIOLATED)
_12781_/A2                              0.750000    0.837420   -0.087420 (VIOLATED)
_12768_/A2                              0.750000    0.837418   -0.087418 (VIOLATED)
_12712_/A2                              0.750000    0.837413   -0.087413 (VIOLATED)
_11304_/B1                              0.750000    0.837407   -0.087407 (VIOLATED)
_12822_/A1                              0.750000    0.837399   -0.087399 (VIOLATED)
_12754_/A2                              0.750000    0.837395   -0.087395 (VIOLATED)
_12861_/A                               0.750000    0.837394   -0.087394 (VIOLATED)
_12811_/A2                              0.750000    0.837394   -0.087394 (VIOLATED)
fanout1435/X                            0.750000    0.837394   -0.087394 (VIOLATED)
_10501_/B2                              0.750000    0.837341   -0.087341 (VIOLATED)
fanout1593/X                            0.750000    0.837292   -0.087292 (VIOLATED)
load_slew1595/A                         0.750000    0.837292   -0.087292 (VIOLATED)
_13402_/A0                              0.750000    0.837221   -0.087221 (VIOLATED)
_19384_/S0                              0.750000    0.837215   -0.087215 (VIOLATED)
fanout1885/A                            0.750000    0.837166   -0.087166 (VIOLATED)
fanout1889/X                            0.750000    0.837166   -0.087166 (VIOLATED)
_19728_/S                               0.750000    0.837129   -0.087129 (VIOLATED)
_19730_/S                               0.750000    0.837126   -0.087126 (VIOLATED)
_19729_/S                               0.750000    0.837124   -0.087124 (VIOLATED)
_19731_/S                               0.750000    0.837122   -0.087122 (VIOLATED)
_19733_/S                               0.750000    0.837098   -0.087098 (VIOLATED)
_19732_/S                               0.750000    0.837097   -0.087097 (VIOLATED)
_19734_/S                               0.750000    0.837064   -0.087064 (VIOLATED)
fanout900/X                             0.750000    0.837061   -0.087061 (VIOLATED)
_19211_/S                               0.750000    0.836927   -0.086927 (VIOLATED)
fanout1880/A                            0.750000    0.836918   -0.086918 (VIOLATED)
_12096_/A2                              0.750000    0.836917   -0.086917 (VIOLATED)
_09867_/A                               0.750000    0.836917   -0.086917 (VIOLATED)
_12193_/A                               0.750000    0.836917   -0.086917 (VIOLATED)
_12301_/A1                              0.750000    0.836917   -0.086917 (VIOLATED)
fanout1881/X                            0.750000    0.836917   -0.086917 (VIOLATED)
_13338_/A0                              0.750000    0.836907   -0.086907 (VIOLATED)
_10508_/A2                              0.750000    0.836348   -0.086348 (VIOLATED)
_10165_/X                               0.750000    0.836307   -0.086307 (VIOLATED)
_18463_/A1                              0.750000    0.836210   -0.086210 (VIOLATED)
_18691_/A1                              0.750000    0.836145   -0.086145 (VIOLATED)
_11512_/A                               0.750000    0.836131   -0.086131 (VIOLATED)
_11520_/B2                              0.750000    0.836106   -0.086106 (VIOLATED)
_11334_/A                               0.750000    0.836081   -0.086081 (VIOLATED)
load_slew1706/A                         0.750000    0.836019   -0.086019 (VIOLATED)
_10890_/A                               0.750000    0.836018   -0.086018 (VIOLATED)
fanout1705/X                            0.750000    0.836018   -0.086018 (VIOLATED)
_10502_/X                               0.750000    0.835946   -0.085946 (VIOLATED)
_10504_/A2                              0.750000    0.835946   -0.085946 (VIOLATED)
_15021_/A1                              0.750000    0.835819   -0.085819 (VIOLATED)
_15020_/A                               0.750000    0.835818   -0.085818 (VIOLATED)
_14807_/A                               0.750000    0.835802   -0.085802 (VIOLATED)
_14671_/A1                              0.750000    0.835775   -0.085775 (VIOLATED)
_14359_/A                               0.750000    0.835671   -0.085671 (VIOLATED)
_14361_/A1                              0.750000    0.835615   -0.085615 (VIOLATED)
_14166_/A1                              0.750000    0.835559   -0.085560 (VIOLATED)
_13994_/A                               0.750000    0.835552   -0.085552 (VIOLATED)
_13993_/B1                              0.750000    0.835552   -0.085552 (VIOLATED)
_13675_/X                               0.750000    0.835512   -0.085512 (VIOLATED)
_18471_/A2                              0.750000    0.834609   -0.084609 (VIOLATED)
_18465_/S                               0.750000    0.834608   -0.084608 (VIOLATED)
_18463_/S                               0.750000    0.834603   -0.084603 (VIOLATED)
_18461_/S                               0.750000    0.834596   -0.084596 (VIOLATED)
_18520_/S                               0.750000    0.834581   -0.084581 (VIOLATED)
_18518_/S                               0.750000    0.834578   -0.084578 (VIOLATED)
_18514_/S                               0.750000    0.834576   -0.084576 (VIOLATED)
_18510_/S                               0.750000    0.834560   -0.084560 (VIOLATED)
_18516_/S                               0.750000    0.834534   -0.084534 (VIOLATED)
_18505_/S                               0.750000    0.834517   -0.084517 (VIOLATED)
fanout1146/X                            0.750000    0.834516   -0.084516 (VIOLATED)
_13327_/A1                              0.750000    0.834496   -0.084496 (VIOLATED)
_13476_/A                               0.750000    0.834495   -0.084495 (VIOLATED)
_13477_/A                               0.750000    0.834495   -0.084495 (VIOLATED)
_10714_/Y                               0.750000    0.834479   -0.084479 (VIOLATED)
_11599_/B1                              0.750000    0.834078   -0.084078 (VIOLATED)
_11714_/B1                              0.750000    0.834071   -0.084071 (VIOLATED)
_10073_/A                               0.750000    0.834063   -0.084063 (VIOLATED)
_10198_/B1                              0.750000    0.834063   -0.084063 (VIOLATED)
fanout1849/X                            0.750000    0.834063   -0.084063 (VIOLATED)
load_slew1850/A                         0.750000    0.834063   -0.084063 (VIOLATED)
_15541_/A2                              0.750000    0.834062   -0.084062 (VIOLATED)
_15540_/A2                              0.750000    0.834060   -0.084060 (VIOLATED)
_15444_/A                               0.750000    0.834051   -0.084051 (VIOLATED)
_15443_/A                               0.750000    0.834043   -0.084043 (VIOLATED)
_15348_/B2                              0.750000    0.834039   -0.084039 (VIOLATED)
_15129_/A1                              0.750000    0.834003   -0.084003 (VIOLATED)
_14815_/A                               0.750000    0.833996   -0.083996 (VIOLATED)
_14923_/B1                              0.750000    0.833983   -0.083983 (VIOLATED)
_14817_/B2                              0.750000    0.833981   -0.083981 (VIOLATED)
_15026_/B1                              0.750000    0.833981   -0.083981 (VIOLATED)
fanout1239/X                            0.750000    0.833981   -0.083981 (VIOLATED)
_18461_/A0                              0.750000    0.832645   -0.082645 (VIOLATED)
_18679_/A1                              0.750000    0.832631   -0.082631 (VIOLATED)
_18682_/A2                              0.750000    0.832621   -0.082621 (VIOLATED)
_13725_/A2                              0.750000    0.832440   -0.082440 (VIOLATED)
load_slew732/A                          0.750000    0.832368   -0.082369 (VIOLATED)
_12233_/X                               0.750000    0.832305   -0.082305 (VIOLATED)
load_slew733/A                          0.750000    0.832305   -0.082305 (VIOLATED)
_20701_/RESET_B                         0.750000    0.832235   -0.082236 (VIOLATED)
_20891_/RESET_B                         0.750000    0.832227   -0.082227 (VIOLATED)
_20859_/RESET_B                         0.750000    0.832225   -0.082225 (VIOLATED)
fanout2527/A                            0.750000    0.832203   -0.082203 (VIOLATED)
_20620_/RESET_B                         0.750000    0.832199   -0.082199 (VIOLATED)
_20716_/RESET_B                         0.750000    0.832197   -0.082197 (VIOLATED)
_20699_/RESET_B                         0.750000    0.832187   -0.082187 (VIOLATED)
_18685_/A2                              0.750000    0.832179   -0.082179 (VIOLATED)
_18707_/A2                              0.750000    0.832178   -0.082178 (VIOLATED)
fanout2523/A                            0.750000    0.832178   -0.082178 (VIOLATED)
fanout2529/X                            0.750000    0.832178   -0.082178 (VIOLATED)
fanout904/A                             0.750000    0.832171   -0.082171 (VIOLATED)
_18750_/A2                              0.750000    0.832169   -0.082169 (VIOLATED)
fanout903/A                             0.750000    0.832166   -0.082166 (VIOLATED)
_18736_/A2                              0.750000    0.832115   -0.082115 (VIOLATED)
_18729_/A2                              0.750000    0.832111   -0.082111 (VIOLATED)
fanout905/X                             0.750000    0.832111   -0.082111 (VIOLATED)
_14061_/B1                              0.750000    0.832078   -0.082078 (VIOLATED)
_13909_/C1                              0.750000    0.832077   -0.082077 (VIOLATED)
_14150_/C1                              0.750000    0.832075   -0.082075 (VIOLATED)
_13828_/C1                              0.750000    0.832061   -0.082061 (VIOLATED)
_13586_/B1                              0.750000    0.832040   -0.082040 (VIOLATED)
_14340_/C1                              0.750000    0.832030   -0.082030 (VIOLATED)
_13532_/C1                              0.750000    0.832015   -0.082015 (VIOLATED)
_14668_/C1                              0.750000    0.832008   -0.082008 (VIOLATED)
_12264_/A1                              0.750000    0.832008   -0.082008 (VIOLATED)
_19790_/A1                              0.750000    0.832008   -0.082008 (VIOLATED)
fanout1869/X                            0.750000    0.832008   -0.082008 (VIOLATED)
_11755_/S0                              0.750000    0.831996   -0.081996 (VIOLATED)
_11756_/S0                              0.750000    0.831986   -0.081986 (VIOLATED)
_11757_/S0                              0.750000    0.831956   -0.081956 (VIOLATED)
fanout2103/A                            0.750000    0.831893   -0.081893 (VIOLATED)
fanout2097/A                            0.750000    0.831859   -0.081859 (VIOLATED)
fanout2105/X                            0.750000    0.831859   -0.081859 (VIOLATED)
_12035_/A2                              0.750000    0.831699   -0.081699 (VIOLATED)
_12788_/A1                              0.750000    0.831690   -0.081690 (VIOLATED)
_11797_/B1                              0.750000    0.831556   -0.081556 (VIOLATED)
_16078_/B                               0.750000    0.831545   -0.081545 (VIOLATED)
_16077_/B                               0.750000    0.831544   -0.081544 (VIOLATED)
_12931_/B1                              0.750000    0.831484   -0.081484 (VIOLATED)
_18058_/A1                              0.750000    0.831484   -0.081484 (VIOLATED)
_12919_/X                               0.750000    0.831433   -0.081434 (VIOLATED)
_13079_/S                               0.750000    0.831361   -0.081361 (VIOLATED)
_13378_/A                               0.750000    0.831342   -0.081342 (VIOLATED)
_13370_/A1                              0.750000    0.831318   -0.081318 (VIOLATED)
input89/X                               0.750000    0.831114   -0.081114 (VIOLATED)
_11796_/X                               0.750000    0.831061   -0.081061 (VIOLATED)
_12849_/A1                              0.750000    0.829841   -0.079841 (VIOLATED)
_12876_/A1                              0.750000    0.829841   -0.079841 (VIOLATED)
_12902_/A1                              0.750000    0.829840   -0.079840 (VIOLATED)
_12889_/A1                              0.750000    0.829839   -0.079839 (VIOLATED)
_12862_/A1                              0.750000    0.829832   -0.079832 (VIOLATED)
_13123_/A1                              0.750000    0.829813   -0.079813 (VIOLATED)
_12930_/A1                              0.750000    0.829796   -0.079796 (VIOLATED)
_12944_/A1                              0.750000    0.829795   -0.079795 (VIOLATED)
_13108_/A1                              0.750000    0.829791   -0.079791 (VIOLATED)
fanout1330/A                            0.750000    0.829759   -0.079759 (VIOLATED)
fanout1331/X                            0.750000    0.829758   -0.079758 (VIOLATED)
wire470/A                               0.750000    0.829499   -0.079499 (VIOLATED)
_12261_/Y                               0.750000    0.829493   -0.079493 (VIOLATED)
_18608_/A                               0.750000    0.829493   -0.079493 (VIOLATED)
_21733_/D                               0.750000    0.829493   -0.079493 (VIOLATED)
_19453_/B                               0.750000    0.829198   -0.079198 (VIOLATED)
_19496_/B                               0.750000    0.829194   -0.079194 (VIOLATED)
_19524_/C                               0.750000    0.829184   -0.079184 (VIOLATED)
_19585_/A2                              0.750000    0.829183   -0.079183 (VIOLATED)
_19598_/B1                              0.750000    0.829183   -0.079183 (VIOLATED)
_19535_/A2                              0.750000    0.829174   -0.079174 (VIOLATED)
_19497_/A2                              0.750000    0.829174   -0.079174 (VIOLATED)
_19575_/C1                              0.750000    0.829153   -0.079153 (VIOLATED)
_19566_/C1                              0.750000    0.829123   -0.079124 (VIOLATED)
_19652_/B2                              0.750000    0.829122   -0.079122 (VIOLATED)
fanout1411/X                            0.750000    0.829120   -0.079120 (VIOLATED)
_10956_/S1                              0.750000    0.828818   -0.078818 (VIOLATED)
_10955_/S1                              0.750000    0.828817   -0.078818 (VIOLATED)
fanout2017/A                            0.750000    0.828817   -0.078817 (VIOLATED)
fanout2015/A                            0.750000    0.828817   -0.078817 (VIOLATED)
_10124_/B                               0.750000    0.828816   -0.078816 (VIOLATED)
_10953_/A_N                             0.750000    0.828810   -0.078810 (VIOLATED)
_10952_/B                               0.750000    0.828808   -0.078808 (VIOLATED)
fanout2019/X                            0.750000    0.828807   -0.078807 (VIOLATED)
_15892_/A1                              0.750000    0.828395   -0.078395 (VIOLATED)
_10146_/S                               0.750000    0.828395   -0.078395 (VIOLATED)
_15603_/A1                              0.750000    0.828394   -0.078394 (VIOLATED)
_10143_/S                               0.750000    0.828391   -0.078391 (VIOLATED)
_15506_/A1                              0.750000    0.828390   -0.078390 (VIOLATED)
_19677_/A1                              0.750000    0.828390   -0.078390 (VIOLATED)
_19657_/B1                              0.750000    0.828389   -0.078389 (VIOLATED)
_10145_/S                               0.750000    0.828386   -0.078386 (VIOLATED)
_15797_/A1                              0.750000    0.828384   -0.078384 (VIOLATED)
_19622_/B1                              0.750000    0.828377   -0.078378 (VIOLATED)
_10142_/S                               0.750000    0.828376   -0.078376 (VIOLATED)
_15310_/A1                              0.750000    0.828369   -0.078369 (VIOLATED)
_19571_/B2                              0.750000    0.828368   -0.078368 (VIOLATED)
_19583_/B1                              0.750000    0.828365   -0.078365 (VIOLATED)
_14984_/A1                              0.750000    0.828365   -0.078365 (VIOLATED)
_14875_/A1                              0.750000    0.828363   -0.078363 (VIOLATED)
_15406_/A1                              0.750000    0.828361   -0.078361 (VIOLATED)
fanout1820/X                            0.750000    0.828361   -0.078361 (VIOLATED)
_10869_/S                               0.750000    0.828353   -0.078353 (VIOLATED)
_10854_/B1                              0.750000    0.828351   -0.078351 (VIOLATED)
fanout2270/A                            0.750000    0.828351   -0.078351 (VIOLATED)
fanout2272/X                            0.750000    0.828351   -0.078351 (VIOLATED)
_19601_/B1                              0.750000    0.828322   -0.078322 (VIOLATED)
_19594_/B1                              0.750000    0.828314   -0.078314 (VIOLATED)
_19570_/Y                               0.750000    0.828307   -0.078307 (VIOLATED)
_19262_/S                               0.750000    0.827172   -0.077172 (VIOLATED)
fanout263/A                             0.750000    0.827163   -0.077163 (VIOLATED)
fanout261/A                             0.750000    0.827122   -0.077122 (VIOLATED)
_19248_/S                               0.750000    0.827091   -0.077091 (VIOLATED)
_19278_/S                               0.750000    0.827072   -0.077072 (VIOLATED)
_19246_/S                               0.750000    0.827049   -0.077049 (VIOLATED)
_19256_/S                               0.750000    0.827047   -0.077047 (VIOLATED)
fanout264/X                             0.750000    0.827047   -0.077047 (VIOLATED)
fanout391/A                             0.750000    0.826890   -0.076890 (VIOLATED)
_17938_/S                               0.750000    0.826885   -0.076885 (VIOLATED)
_17940_/S                               0.750000    0.826885   -0.076885 (VIOLATED)
_17941_/S                               0.750000    0.826885   -0.076885 (VIOLATED)
_17942_/S                               0.750000    0.826885   -0.076885 (VIOLATED)
fanout386/A                             0.750000    0.826885   -0.076885 (VIOLATED)
fanout393/X                             0.750000    0.826885   -0.076885 (VIOLATED)
_18622_/Y                               0.750000    0.826243   -0.076243 (VIOLATED)
_18669_/B1                              0.750000    0.826243   -0.076243 (VIOLATED)
_18705_/A2_N                            0.750000    0.826243   -0.076243 (VIOLATED)
_18712_/A2_N                            0.750000    0.826243   -0.076243 (VIOLATED)
_18741_/B1                              0.750000    0.826243   -0.076243 (VIOLATED)
_18755_/A2_N                            0.750000    0.826243   -0.076243 (VIOLATED)
_18770_/B1                              0.750000    0.826243   -0.076243 (VIOLATED)
_18805_/A2_N                            0.750000    0.826243   -0.076243 (VIOLATED)
_18820_/B1                              0.750000    0.826243   -0.076243 (VIOLATED)
fanout1034/A                            0.750000    0.825919   -0.075919 (VIOLATED)
_19022_/S                               0.750000    0.825916   -0.075916 (VIOLATED)
_19017_/S                               0.750000    0.825913   -0.075913 (VIOLATED)
_18979_/S                               0.750000    0.825909   -0.075909 (VIOLATED)
_19024_/S                               0.750000    0.825884   -0.075884 (VIOLATED)
_19019_/C1                              0.750000    0.825871   -0.075871 (VIOLATED)
_19028_/S                               0.750000    0.825859   -0.075859 (VIOLATED)
fanout1035/X                            0.750000    0.825859   -0.075859 (VIOLATED)
fanout996/A                             0.750000    0.825791   -0.075791 (VIOLATED)
fanout995/A                             0.750000    0.825783   -0.075783 (VIOLATED)
_16262_/B1                              0.750000    0.825771   -0.075771 (VIOLATED)
_16347_/A                               0.750000    0.825768   -0.075768 (VIOLATED)
fanout994/A                             0.750000    0.825766   -0.075766 (VIOLATED)
_14877_/B1                              0.750000    0.825765   -0.075765 (VIOLATED)
fanout997/X                             0.750000    0.825765   -0.075765 (VIOLATED)
_11622_/B1                              0.750000    0.825668   -0.075668 (VIOLATED)
_15799_/B                               0.750000    0.825644   -0.075644 (VIOLATED)
_15798_/B                               0.750000    0.825619   -0.075620 (VIOLATED)
_13039_/S                               0.750000    0.825526   -0.075526 (VIOLATED)
_13389_/A                               0.750000    0.825521   -0.075521 (VIOLATED)
_13358_/A1                              0.750000    0.825475   -0.075475 (VIOLATED)
_11621_/X                               0.750000    0.825206   -0.075206 (VIOLATED)
_14456_/A                               0.750000    0.824475   -0.074475 (VIOLATED)
_14164_/A                               0.750000    0.824460   -0.074460 (VIOLATED)
_14356_/A                               0.750000    0.824460   -0.074460 (VIOLATED)
_14256_/A                               0.750000    0.824458   -0.074458 (VIOLATED)
fanout1254/A                            0.750000    0.824371   -0.074372 (VIOLATED)
_13597_/Y                               0.750000    0.824353   -0.074353 (VIOLATED)
fanout1718/A                            0.750000    0.823978   -0.073978 (VIOLATED)
_11872_/A1                              0.750000    0.823931   -0.073931 (VIOLATED)
_19727_/S                               0.750000    0.823808   -0.073808 (VIOLATED)
_19735_/S                               0.750000    0.823791   -0.073791 (VIOLATED)
load_slew899/A                          0.750000    0.823788   -0.073788 (VIOLATED)
_19709_/A                               0.750000    0.823706   -0.073706 (VIOLATED)
fanout898/X                             0.750000    0.823706   -0.073706 (VIOLATED)
fanout1720/X                            0.750000    0.823519   -0.073519 (VIOLATED)
load_slew1721/A                         0.750000    0.823519   -0.073519 (VIOLATED)
_19645_/S                               0.750000    0.823500   -0.073500 (VIOLATED)
_19704_/A2                              0.750000    0.823496   -0.073496 (VIOLATED)
_19685_/S                               0.750000    0.823489   -0.073489 (VIOLATED)
_19638_/S                               0.750000    0.823484   -0.073484 (VIOLATED)
_19691_/S                               0.750000    0.823475   -0.073475 (VIOLATED)
_19554_/A2                              0.750000    0.823452   -0.073452 (VIOLATED)
_19537_/A1                              0.750000    0.823451   -0.073451 (VIOLATED)
fanout292/A                             0.750000    0.823444   -0.073444 (VIOLATED)
fanout293/X                             0.750000    0.823444   -0.073444 (VIOLATED)
_19531_/A1                              0.750000    0.822802   -0.072802 (VIOLATED)
_19548_/A2_N                            0.750000    0.822800   -0.072800 (VIOLATED)
_19491_/A                               0.750000    0.822796   -0.072796 (VIOLATED)
_19567_/B1                              0.750000    0.822787   -0.072787 (VIOLATED)
_18867_/A2                              0.750000    0.822541   -0.072541 (VIOLATED)
fanout1195/A                            0.750000    0.822541   -0.072541 (VIOLATED)
_18874_/A2                              0.750000    0.822539   -0.072539 (VIOLATED)
_19440_/Y                               0.750000    0.822531   -0.072531 (VIOLATED)
_19441_/A                               0.750000    0.822531   -0.072531 (VIOLATED)
_19443_/B                               0.750000    0.822531   -0.072531 (VIOLATED)
_19563_/A                               0.750000    0.822531   -0.072531 (VIOLATED)
_18796_/A2                              0.750000    0.822519   -0.072519 (VIOLATED)
_18789_/A2                              0.750000    0.822517   -0.072517 (VIOLATED)
_18782_/A2                              0.750000    0.822511   -0.072511 (VIOLATED)
_18753_/A2                              0.750000    0.822508   -0.072508 (VIOLATED)
_18760_/A2                              0.750000    0.822508   -0.072508 (VIOLATED)
_18768_/A2                              0.750000    0.822508   -0.072508 (VIOLATED)
_18775_/A2                              0.750000    0.822508   -0.072508 (VIOLATED)
fanout1196/X                            0.750000    0.822508   -0.072508 (VIOLATED)
_10993_/B2                              0.750000    0.822407   -0.072407 (VIOLATED)
_10087_/B2                              0.750000    0.822401   -0.072401 (VIOLATED)
_10218_/B2                              0.750000    0.822397   -0.072397 (VIOLATED)
_11240_/B2                              0.750000    0.822379   -0.072379 (VIOLATED)
_10444_/B2                              0.750000    0.822372   -0.072372 (VIOLATED)
_10503_/B2                              0.750000    0.822372   -0.072372 (VIOLATED)
_11307_/B2                              0.750000    0.822371   -0.072371 (VIOLATED)
_10558_/B2                              0.750000    0.822366   -0.072366 (VIOLATED)
_11490_/B2                              0.750000    0.822366   -0.072366 (VIOLATED)
_11616_/B2                              0.750000    0.822366   -0.072366 (VIOLATED)
fanout1612/X                            0.750000    0.822366   -0.072366 (VIOLATED)
_18557_/A2                              0.750000    0.821949   -0.071949 (VIOLATED)
_18537_/A2                              0.750000    0.821949   -0.071949 (VIOLATED)
_18533_/A2                              0.750000    0.821944   -0.071944 (VIOLATED)
_12339_/B                               0.750000    0.821940   -0.071940 (VIOLATED)
_18428_/B1                              0.750000    0.821940   -0.071940 (VIOLATED)
_18439_/A2                              0.750000    0.821940   -0.071940 (VIOLATED)
_18445_/A2                              0.750000    0.821940   -0.071940 (VIOLATED)
_18447_/A2                              0.750000    0.821940   -0.071940 (VIOLATED)
_18531_/A2                              0.750000    0.821940   -0.071940 (VIOLATED)
_18555_/A2                              0.750000    0.821940   -0.071940 (VIOLATED)
fanout1095/X                            0.750000    0.821940   -0.071940 (VIOLATED)
_18149_/S                               0.750000    0.820993   -0.070993 (VIOLATED)
_18144_/S                               0.750000    0.820970   -0.070970 (VIOLATED)
_18140_/S                               0.750000    0.820965   -0.070966 (VIOLATED)
_18154_/S                               0.750000    0.820965   -0.070966 (VIOLATED)
fanout376/X                             0.750000    0.820965   -0.070966 (VIOLATED)
load_slew377/A                          0.750000    0.820965   -0.070966 (VIOLATED)
_13930_/A2                              0.750000    0.820222   -0.070222 (VIOLATED)
_13676_/S                               0.750000    0.820211   -0.070211 (VIOLATED)
_13597_/A2                              0.750000    0.820203   -0.070203 (VIOLATED)
_13910_/A2                              0.750000    0.820161   -0.070161 (VIOLATED)
_14063_/A2                              0.750000    0.820147   -0.070147 (VIOLATED)
_14151_/A2                              0.750000    0.820144   -0.070144 (VIOLATED)
fanout1551/X                            0.750000    0.820144   -0.070144 (VIOLATED)
_10021_/Y                               0.750000    0.819960   -0.069960 (VIOLATED)
_10022_/B                               0.750000    0.819960   -0.069960 (VIOLATED)
_14776_/B                               0.750000    0.819960   -0.069960 (VIOLATED)
_11983_/A                               0.750000    0.819587   -0.069587 (VIOLATED)
_10100_/C                               0.750000    0.819585   -0.069585 (VIOLATED)
_18543_/A1                              0.750000    0.819574   -0.069574 (VIOLATED)
_18563_/A1                              0.750000    0.819571   -0.069571 (VIOLATED)
_18571_/A1                              0.750000    0.819568   -0.069568 (VIOLATED)
_18555_/A1                              0.750000    0.819568   -0.069568 (VIOLATED)
fanout1891/A                            0.750000    0.819565   -0.069565 (VIOLATED)
_09849_/A                               0.750000    0.819559   -0.069559 (VIOLATED)
_12341_/A1                              0.750000    0.819559   -0.069559 (VIOLATED)
_18557_/A1                              0.750000    0.819559   -0.069559 (VIOLATED)
_18652_/C1                              0.750000    0.819559   -0.069559 (VIOLATED)
fanout1892/X                            0.750000    0.819559   -0.069559 (VIOLATED)
_09983_/Y                               0.750000    0.819323   -0.069323 (VIOLATED)
max_cap1702/A                           0.750000    0.819323   -0.069323 (VIOLATED)
_13035_/B2                              0.750000    0.818565   -0.068565 (VIOLATED)
_12027_/B2                              0.750000    0.818557   -0.068557 (VIOLATED)
_12394_/B2                              0.750000    0.818552   -0.068552 (VIOLATED)
_12379_/A2                              0.750000    0.818503   -0.068503 (VIOLATED)
wire2692/A                              0.750000    0.817827   -0.067827 (VIOLATED)
input83/X                               0.750000    0.817778   -0.067778 (VIOLATED)
fanout542/A                             0.750000    0.816617   -0.066617 (VIOLATED)
_12986_/S                               0.750000    0.816588   -0.066588 (VIOLATED)
_11372_/Y                               0.750000    0.816580   -0.066580 (VIOLATED)
_13342_/A1                              0.750000    0.816580   -0.066580 (VIOLATED)
_13399_/A1                              0.750000    0.816580   -0.066580 (VIOLATED)
max_cap1117/A                           0.750000    0.816580   -0.066580 (VIOLATED)
fanout537/A                             0.750000    0.816369   -0.066369 (VIOLATED)
fanout539/A                             0.750000    0.816012   -0.066012 (VIOLATED)
fanout534/A                             0.750000    0.815869   -0.065869 (VIOLATED)
_17101_/X                               0.750000    0.815784   -0.065784 (VIOLATED)
_11431_/C1                              0.750000    0.815612   -0.065612 (VIOLATED)
fanout1300/A                            0.750000    0.815606   -0.065606 (VIOLATED)
_11493_/C1                              0.750000    0.815591   -0.065591 (VIOLATED)
_11372_/A1                              0.750000    0.815582   -0.065582 (VIOLATED)
_11494_/A1                              0.750000    0.815581   -0.065581 (VIOLATED)
_10806_/A1                              0.750000    0.815577   -0.065577 (VIOLATED)
fanout1301/A                            0.750000    0.815577   -0.065577 (VIOLATED)
fanout1302/X                            0.750000    0.815577   -0.065577 (VIOLATED)
_17481_/C                               0.750000    0.815463   -0.065463 (VIOLATED)
_17489_/C                               0.750000    0.815460   -0.065460 (VIOLATED)
_17485_/A                               0.750000    0.815458   -0.065458 (VIOLATED)
_17493_/A                               0.750000    0.815448   -0.065448 (VIOLATED)
fanout335/A                             0.750000    0.815424   -0.065424 (VIOLATED)
fanout336/A                             0.750000    0.815399   -0.065399 (VIOLATED)
fanout334/A                             0.750000    0.815373   -0.065373 (VIOLATED)
fanout338/X                             0.750000    0.815373   -0.065373 (VIOLATED)
_15978_/B1                              0.750000    0.815013   -0.065013 (VIOLATED)
fanout1506/A                            0.750000    0.814978   -0.064978 (VIOLATED)
_15797_/B1                              0.750000    0.814956   -0.064956 (VIOLATED)
_15702_/B1                              0.750000    0.814914   -0.064914 (VIOLATED)
fanout1507/A                            0.750000    0.814889   -0.064889 (VIOLATED)
fanout1508/X                            0.750000    0.814889   -0.064889 (VIOLATED)
_19536_/S                               0.750000    0.814781   -0.064781 (VIOLATED)
_19424_/S                               0.750000    0.814780   -0.064780 (VIOLATED)
_19417_/S                               0.750000    0.814780   -0.064780 (VIOLATED)
_19409_/S                               0.750000    0.814780   -0.064780 (VIOLATED)
_19420_/S                               0.750000    0.814778   -0.064778 (VIOLATED)
_19435_/B1                              0.750000    0.814776   -0.064776 (VIOLATED)
_19375_/A2                              0.750000    0.814774   -0.064774 (VIOLATED)
_19503_/A2                              0.750000    0.814774   -0.064774 (VIOLATED)
_19518_/A1                              0.750000    0.814774   -0.064774 (VIOLATED)
_19560_/A                               0.750000    0.814774   -0.064774 (VIOLATED)
fanout292/X                             0.750000    0.814774   -0.064774 (VIOLATED)
input86/X                               0.750000    0.814689   -0.064689 (VIOLATED)
_11409_/B2                              0.750000    0.814449   -0.064449 (VIOLATED)
_10979_/B2                              0.750000    0.814375   -0.064375 (VIOLATED)
_11461_/A2                              0.750000    0.814204   -0.064204 (VIOLATED)
fanout1661/A                            0.750000    0.814074   -0.064074 (VIOLATED)
_11826_/A1                              0.750000    0.814029   -0.064029 (VIOLATED)
_11592_/A1                              0.750000    0.813972   -0.063972 (VIOLATED)
_11602_/B2                              0.750000    0.813918   -0.063918 (VIOLATED)
fanout1096/A                            0.750000    0.813894   -0.063894 (VIOLATED)
fanout1095/A                            0.750000    0.813884   -0.063885 (VIOLATED)
_18451_/B                               0.750000    0.813878   -0.063878 (VIOLATED)
fanout1099/A                            0.750000    0.813866   -0.063866 (VIOLATED)
_12342_/B                               0.750000    0.813864   -0.063864 (VIOLATED)
load_slew1664/A                         0.750000    0.813862   -0.063862 (VIOLATED)
fanout1100/X                            0.750000    0.813858   -0.063858 (VIOLATED)
_11612_/B2                              0.750000    0.813854   -0.063854 (VIOLATED)
fanout1663/X                            0.750000    0.813851   -0.063851 (VIOLATED)
_11896_/B2                              0.750000    0.813801   -0.063801 (VIOLATED)
_10313_/A                               0.750000    0.813745   -0.063746 (VIOLATED)
_11781_/B2                              0.750000    0.813737   -0.063737 (VIOLATED)
_11766_/A1                              0.750000    0.813726   -0.063726 (VIOLATED)
fanout1631/A                            0.750000    0.813724   -0.063724 (VIOLATED)
_11773_/A1                              0.750000    0.813719   -0.063719 (VIOLATED)
fanout1632/X                            0.750000    0.813715   -0.063715 (VIOLATED)
load_slew1633/A                         0.750000    0.813715   -0.063715 (VIOLATED)
_11832_/B2                              0.750000    0.813456   -0.063456 (VIOLATED)
_11708_/B2                              0.750000    0.813451   -0.063451 (VIOLATED)
_11595_/B2                              0.750000    0.813441   -0.063441 (VIOLATED)
_10049_/X                               0.750000    0.813402   -0.063402 (VIOLATED)
_21419_/RESET_B                         0.750000    0.813172   -0.063172 (VIOLATED)
_21414_/RESET_B                         0.750000    0.813165   -0.063165 (VIOLATED)
fanout2491/A                            0.750000    0.813161   -0.063161 (VIOLATED)
_12001_/A                               0.750000    0.813077   -0.063077 (VIOLATED)
_12369_/B2                              0.750000    0.813075   -0.063075 (VIOLATED)
_12366_/A2                              0.750000    0.813074   -0.063074 (VIOLATED)
_12355_/A1                              0.750000    0.813070   -0.063070 (VIOLATED)
fanout2500/A                            0.750000    0.813056   -0.063056 (VIOLATED)
_12000_/A                               0.750000    0.813054   -0.063054 (VIOLATED)
_09858_/A                               0.750000    0.813050   -0.063050 (VIOLATED)
_12083_/A                               0.750000    0.813050   -0.063050 (VIOLATED)
_12099_/B2                              0.750000    0.813050   -0.063050 (VIOLATED)
_12199_/A1                              0.750000    0.813050   -0.063050 (VIOLATED)
_12288_/C1                              0.750000    0.813050   -0.063050 (VIOLATED)
fanout1906/X                            0.750000    0.813050   -0.063050 (VIOLATED)
fanout2495/A                            0.750000    0.813019   -0.063019 (VIOLATED)
fanout2501/X                            0.750000    0.813019   -0.063019 (VIOLATED)
_13549_/A1                              0.750000    0.812989   -0.062989 (VIOLATED)
_13474_/A1                              0.750000    0.812983   -0.062983 (VIOLATED)
_15717_/C1                              0.750000    0.812976   -0.062976 (VIOLATED)
_14997_/A1                              0.750000    0.812975   -0.062975 (VIOLATED)
_14889_/C1                              0.750000    0.812974   -0.062974 (VIOLATED)
_14135_/B1                              0.750000    0.812974   -0.062974 (VIOLATED)
_14429_/B1                              0.750000    0.812963   -0.062963 (VIOLATED)
_15994_/C1                              0.750000    0.812959   -0.062959 (VIOLATED)
_15217_/C1                              0.750000    0.812959   -0.062959 (VIOLATED)
_13734_/A1                              0.750000    0.812958   -0.062958 (VIOLATED)
fanout1583/X                            0.750000    0.812956   -0.062956 (VIOLATED)
wire843/A                               0.750000    0.812524   -0.062524 (VIOLATED)
_16810_/S                               0.750000    0.812517   -0.062517 (VIOLATED)
_16803_/S                               0.750000    0.812490   -0.062490 (VIOLATED)
_09983_/B                               0.750000    0.812475   -0.062475 (VIOLATED)
_09942_/A                               0.750000    0.812467   -0.062467 (VIOLATED)
_10128_/B1_N                            0.750000    0.812465   -0.062465 (VIOLATED)
_09984_/B                               0.750000    0.812463   -0.062463 (VIOLATED)
_12317_/A                               0.750000    0.812420   -0.062420 (VIOLATED)
_10218_/A2                              0.750000    0.812413   -0.062413 (VIOLATED)
load_slew844/A                          0.750000    0.812371   -0.062371 (VIOLATED)
_14240_/A                               0.750000    0.812371   -0.062371 (VIOLATED)
_16823_/S                               0.750000    0.812353   -0.062353 (VIOLATED)
fanout842/X                             0.750000    0.812351   -0.062351 (VIOLATED)
_14300_/A1                              0.750000    0.812351   -0.062351 (VIOLATED)
_10224_/A1                              0.750000    0.812347   -0.062347 (VIOLATED)
fanout2289/A                            0.750000    0.812333   -0.062333 (VIOLATED)
_12684_/A                               0.750000    0.812333   -0.062333 (VIOLATED)
fanout2290/X                            0.750000    0.812333   -0.062333 (VIOLATED)
_18730_/A0                              0.750000    0.812327   -0.062327 (VIOLATED)
_18736_/A1                              0.750000    0.812317   -0.062317 (VIOLATED)
_14302_/A2                              0.750000    0.812317   -0.062317 (VIOLATED)
_21369_/Q                               0.750000    0.812305   -0.062305 (VIOLATED)
_17754_/A1                              0.750000    0.812217   -0.062217 (VIOLATED)
_17760_/C                               0.750000    0.812215   -0.062215 (VIOLATED)
_17749_/B1                              0.750000    0.812211   -0.062211 (VIOLATED)
_17746_/B2                              0.750000    0.812198   -0.062198 (VIOLATED)
_17757_/A                               0.750000    0.812189   -0.062189 (VIOLATED)
_17874_/A1                              0.750000    0.812168   -0.062168 (VIOLATED)
_17868_/B                               0.750000    0.812162   -0.062162 (VIOLATED)
_17872_/B                               0.750000    0.812161   -0.062161 (VIOLATED)
fanout441/A                             0.750000    0.812153   -0.062153 (VIOLATED)
fanout443/X                             0.750000    0.812153   -0.062153 (VIOLATED)
_12212_/A1                              0.750000    0.812119   -0.062119 (VIOLATED)
_12209_/B                               0.750000    0.812114   -0.062114 (VIOLATED)
_12213_/B                               0.750000    0.812095   -0.062095 (VIOLATED)
_11979_/B1                              0.750000    0.812029   -0.062029 (VIOLATED)
_15508_/A3                              0.750000    0.811743   -0.061743 (VIOLATED)
_15314_/A                               0.750000    0.811740   -0.061740 (VIOLATED)
fanout1105/A                            0.750000    0.811739   -0.061739 (VIOLATED)
_14877_/A3                              0.750000    0.811734   -0.061734 (VIOLATED)
fanout1104/A                            0.750000    0.811731   -0.061731 (VIOLATED)
fanout1106/X                            0.750000    0.811731   -0.061731 (VIOLATED)
_13376_/A1                              0.750000    0.811729   -0.061729 (VIOLATED)
_13123_/S                               0.750000    0.811708   -0.061708 (VIOLATED)
_13411_/A1                              0.750000    0.811588   -0.061588 (VIOLATED)
_19776_/A0                              0.750000    0.811540   -0.061540 (VIOLATED)
_15994_/A1                              0.750000    0.811538   -0.061538 (VIOLATED)
_14425_/A1                              0.750000    0.811532   -0.061532 (VIOLATED)
_13731_/A2                              0.750000    0.811525   -0.061525 (VIOLATED)
_11978_/X                               0.750000    0.811486   -0.061486 (VIOLATED)
_13500_/A1                              0.750000    0.811471   -0.061471 (VIOLATED)
_13351_/S                               0.750000    0.811471   -0.061471 (VIOLATED)
_13499_/A                               0.750000    0.811471   -0.061471 (VIOLATED)
_13344_/A                               0.750000    0.811469   -0.061469 (VIOLATED)
_13339_/S                               0.750000    0.811466   -0.061466 (VIOLATED)
_13336_/S                               0.750000    0.811463   -0.061463 (VIOLATED)
_13397_/S                               0.750000    0.811463   -0.061463 (VIOLATED)
_13400_/S                               0.750000    0.811463   -0.061463 (VIOLATED)
_13404_/S                               0.750000    0.811463   -0.061463 (VIOLATED)
_13495_/S                               0.750000    0.811463   -0.061463 (VIOLATED)
fanout1187/X                            0.750000    0.811463   -0.061463 (VIOLATED)
_12430_/S                               0.750000    0.811254   -0.061254 (VIOLATED)
_12477_/S                               0.750000    0.811253   -0.061253 (VIOLATED)
_12483_/S                               0.750000    0.811252   -0.061252 (VIOLATED)
fanout1872/A                            0.750000    0.811252   -0.061252 (VIOLATED)
_12488_/S                               0.750000    0.811245   -0.061245 (VIOLATED)
_12493_/S                               0.750000    0.811241   -0.061241 (VIOLATED)
_12405_/A1                              0.750000    0.811239   -0.061239 (VIOLATED)
_12404_/A                               0.750000    0.811237   -0.061237 (VIOLATED)
_12390_/A                               0.750000    0.811235   -0.061235 (VIOLATED)
_12391_/A1                              0.750000    0.811234   -0.061234 (VIOLATED)
fanout1873/X                            0.750000    0.811234   -0.061234 (VIOLATED)
_12352_/C                               0.750000    0.811161   -0.061161 (VIOLATED)
input23/X                               0.750000    0.811038   -0.061038 (VIOLATED)
_16485_/A0                              0.750000    0.810767   -0.060767 (VIOLATED)
_16518_/A0                              0.750000    0.810766   -0.060766 (VIOLATED)
_17322_/A0                              0.750000    0.810748   -0.060748 (VIOLATED)
_17355_/A1                              0.750000    0.810739   -0.060739 (VIOLATED)
fanout217/A                             0.750000    0.810710   -0.060710 (VIOLATED)
fanout216/A                             0.750000    0.810650   -0.060650 (VIOLATED)
fanout2487/A                            0.750000    0.810633   -0.060633 (VIOLATED)
_20652_/RESET_B                         0.750000    0.810630   -0.060630 (VIOLATED)
_20684_/RESET_B                         0.750000    0.810629   -0.060629 (VIOLATED)
_19886_/RESET_B                         0.750000    0.810627   -0.060628 (VIOLATED)
_21401_/RESET_B                         0.750000    0.810624   -0.060624 (VIOLATED)
_21404_/RESET_B                         0.750000    0.810623   -0.060624 (VIOLATED)
_21670_/RESET_B                         0.750000    0.810621   -0.060621 (VIOLATED)
_21668_/RESET_B                         0.750000    0.810620   -0.060620 (VIOLATED)
fanout2488/X                            0.750000    0.810620   -0.060620 (VIOLATED)
fanout215/A                             0.750000    0.810614   -0.060614 (VIOLATED)
fanout218/X                             0.750000    0.810609   -0.060609 (VIOLATED)
_12187_/B                               0.750000    0.810493   -0.060493 (VIOLATED)
_12563_/A                               0.750000    0.810436   -0.060436 (VIOLATED)
_12568_/A                               0.750000    0.810436   -0.060436 (VIOLATED)
_14129_/A1                              0.750000    0.810424   -0.060424 (VIOLATED)
_13970_/A1                              0.750000    0.810424   -0.060424 (VIOLATED)
_13671_/A                               0.750000    0.810424   -0.060424 (VIOLATED)
_13467_/A                               0.750000    0.810421   -0.060421 (VIOLATED)
_12315_/A1                              0.750000    0.810417   -0.060417 (VIOLATED)
_13542_/A                               0.750000    0.810380   -0.060380 (VIOLATED)
_16176_/A                               0.750000    0.810369   -0.060369 (VIOLATED)
_15416_/A                               0.750000    0.810369   -0.060369 (VIOLATED)
_16267_/A                               0.750000    0.810369   -0.060369 (VIOLATED)
_15712_/A                               0.750000    0.810366   -0.060366 (VIOLATED)
_13234_/A2                              0.750000    0.810363   -0.060363 (VIOLATED)
_13230_/A2                              0.750000    0.810362   -0.060362 (VIOLATED)
_13233_/B                               0.750000    0.810360   -0.060360 (VIOLATED)
_15808_/A                               0.750000    0.810358   -0.060358 (VIOLATED)
fanout1465/X                            0.750000    0.810358   -0.060358 (VIOLATED)
_12305_/A_N                             0.750000    0.810341   -0.060342 (VIOLATED)
_12186_/X                               0.750000    0.810330   -0.060330 (VIOLATED)
_19331_/A                               0.750000    0.810327   -0.060327 (VIOLATED)
input37/X                               0.750000    0.809854   -0.059854 (VIOLATED)
wire1739/A                              0.750000    0.809825   -0.059825 (VIOLATED)
_10577_/C1                              0.750000    0.809815   -0.059815 (VIOLATED)
_10352_/C1                              0.750000    0.809811   -0.059811 (VIOLATED)
_10361_/A1                              0.750000    0.809806   -0.059806 (VIOLATED)
fanout1738/X                            0.750000    0.809806   -0.059806 (VIOLATED)
_12650_/A2                              0.750000    0.808745   -0.058745 (VIOLATED)
_12668_/B                               0.750000    0.808741   -0.058741 (VIOLATED)
_12633_/A2                              0.750000    0.808717   -0.058717 (VIOLATED)
fanout955/A                             0.750000    0.808685   -0.058685 (VIOLATED)
_12238_/A                               0.750000    0.808627   -0.058627 (VIOLATED)
fanout957/X                             0.750000    0.808627   -0.058627 (VIOLATED)
_14055_/A2                              0.750000    0.807975   -0.057975 (VIOLATED)
_14077_/B                               0.750000    0.807962   -0.057962 (VIOLATED)
_14166_/B1                              0.750000    0.807932   -0.057932 (VIOLATED)
_14571_/A                               0.750000    0.807786   -0.057786 (VIOLATED)
_15051_/A                               0.750000    0.807550   -0.057550 (VIOLATED)
_15474_/A                               0.750000    0.807541   -0.057541 (VIOLATED)
_13901_/Y                               0.750000    0.807420   -0.057420 (VIOLATED)
_14358_/A1                              0.750000    0.806561   -0.056561 (VIOLATED)
_14165_/A                               0.750000    0.806560   -0.056560 (VIOLATED)
_13679_/A2                              0.750000    0.806559   -0.056559 (VIOLATED)
_13767_/B1                              0.750000    0.806559   -0.056559 (VIOLATED)
_13768_/C                               0.750000    0.806559   -0.056559 (VIOLATED)
_13769_/B1                              0.750000    0.806559   -0.056559 (VIOLATED)
_13923_/A2                              0.750000    0.806559   -0.056559 (VIOLATED)
_13924_/A                               0.750000    0.806559   -0.056559 (VIOLATED)
fanout1248/X                            0.750000    0.806559   -0.056559 (VIOLATED)
wire1088/A                              0.750000    0.806367   -0.056367 (VIOLATED)
_12998_/B                               0.750000    0.806365   -0.056365 (VIOLATED)
_12997_/Y                               0.750000    0.806353   -0.056353 (VIOLATED)
_15733_/A                               0.750000    0.806011   -0.056011 (VIOLATED)
_15729_/A                               0.750000    0.806001   -0.056001 (VIOLATED)
_15832_/A1                              0.750000    0.805993   -0.055993 (VIOLATED)
_15732_/A1                              0.750000    0.805992   -0.055992 (VIOLATED)
_15553_/A                               0.750000    0.805832   -0.055832 (VIOLATED)
_15646_/A1                              0.750000    0.805618   -0.055618 (VIOLATED)
_14534_/B1                              0.750000    0.805421   -0.055421 (VIOLATED)
_11119_/B1                              0.750000    0.805408   -0.055408 (VIOLATED)
_14985_/B                               0.750000    0.805406   -0.055406 (VIOLATED)
_14986_/B                               0.750000    0.805401   -0.055401 (VIOLATED)
_15041_/B                               0.750000    0.805370   -0.055370 (VIOLATED)
_13406_/A1                              0.750000    0.805031   -0.055031 (VIOLATED)
_13334_/A1                              0.750000    0.805020   -0.055020 (VIOLATED)
_12930_/S                               0.750000    0.805013   -0.055013 (VIOLATED)
_18680_/A                               0.750000    0.804899   -0.054899 (VIOLATED)
_18673_/A                               0.750000    0.804898   -0.054898 (VIOLATED)
_18702_/A                               0.750000    0.804893   -0.054893 (VIOLATED)
_18717_/A                               0.750000    0.804881   -0.054881 (VIOLATED)
_18709_/A                               0.750000    0.804878   -0.054878 (VIOLATED)
_18666_/A                               0.750000    0.804871   -0.054871 (VIOLATED)
_18658_/A                               0.750000    0.804867   -0.054867 (VIOLATED)
_18613_/C                               0.750000    0.804866   -0.054866 (VIOLATED)
_18620_/B1                              0.750000    0.804866   -0.054866 (VIOLATED)
_18625_/A                               0.750000    0.804866   -0.054866 (VIOLATED)
fanout1198/X                            0.750000    0.804866   -0.054866 (VIOLATED)
_13319_/B1                              0.750000    0.804828   -0.054828 (VIOLATED)
_14765_/B1                              0.750000    0.804827   -0.054827 (VIOLATED)
_14049_/B1                              0.750000    0.804827   -0.054827 (VIOLATED)
_14046_/B1                              0.750000    0.804827   -0.054827 (VIOLATED)
_13312_/B1                              0.750000    0.804824   -0.054824 (VIOLATED)
_13609_/B1                              0.750000    0.804824   -0.054824 (VIOLATED)
_13891_/B1                              0.750000    0.804824   -0.054824 (VIOLATED)
_13892_/B1                              0.750000    0.804824   -0.054824 (VIOLATED)
_14652_/B1                              0.750000    0.804824   -0.054824 (VIOLATED)
_15617_/B1                              0.750000    0.804824   -0.054824 (VIOLATED)
fanout1575/X                            0.750000    0.804824   -0.054824 (VIOLATED)
_11118_/X                               0.750000    0.804700   -0.054700 (VIOLATED)
_14185_/B                               0.750000    0.804387   -0.054387 (VIOLATED)
_14184_/B                               0.750000    0.804346   -0.054346 (VIOLATED)
_16473_/S                               0.750000    0.804308   -0.054308 (VIOLATED)
_16489_/S                               0.750000    0.804255   -0.054255 (VIOLATED)
_14182_/X                               0.750000    0.804244   -0.054244 (VIOLATED)
_16481_/S                               0.750000    0.804242   -0.054242 (VIOLATED)
fanout687/X                             0.750000    0.804242   -0.054242 (VIOLATED)
load_slew689/A                          0.750000    0.804242   -0.054242 (VIOLATED)
_21757_/A                               0.750000    0.804098   -0.054098 (VIOLATED)
_12251_/C                               0.750000    0.804058   -0.054058 (VIOLATED)
_14527_/X                               0.750000    0.803959   -0.053959 (VIOLATED)
_17878_/B2                              0.750000    0.803804   -0.053804 (VIOLATED)
_17754_/B2                              0.750000    0.803804   -0.053804 (VIOLATED)
_17614_/A1                              0.750000    0.803800   -0.053800 (VIOLATED)
max_cap512/A                            0.750000    0.803771   -0.053771 (VIOLATED)
_12226_/Y                               0.750000    0.803766   -0.053766 (VIOLATED)
fanout924/A                             0.750000    0.803756   -0.053756 (VIOLATED)
_13123_/X                               0.750000    0.803738   -0.053738 (VIOLATED)
fanout855/A                             0.750000    0.803725   -0.053725 (VIOLATED)
_18546_/A1                              0.750000    0.803373   -0.053373 (VIOLATED)
_18565_/A1                              0.750000    0.803372   -0.053372 (VIOLATED)
_18569_/A1                              0.750000    0.803370   -0.053370 (VIOLATED)
_18597_/A1                              0.750000    0.803366   -0.053366 (VIOLATED)
_18567_/A1                              0.750000    0.803362   -0.053362 (VIOLATED)
_18549_/A1                              0.750000    0.803351   -0.053351 (VIOLATED)
_18826_/B2                              0.750000    0.803351   -0.053351 (VIOLATED)
_18690_/B2                              0.750000    0.803351   -0.053351 (VIOLATED)
_18587_/A1                              0.750000    0.803345   -0.053345 (VIOLATED)
_18579_/A1                              0.750000    0.803345   -0.053345 (VIOLATED)
fanout1895/X                            0.750000    0.803345   -0.053345 (VIOLATED)
_11403_/C1                              0.750000    0.803332   -0.053332 (VIOLATED)
fanout2117/X                            0.750000    0.803301   -0.053301 (VIOLATED)
load_slew2119/A                         0.750000    0.803301   -0.053301 (VIOLATED)
fanout853/A                             0.750000    0.803263   -0.053263 (VIOLATED)
_20471_/RESET_B                         0.750000    0.803139   -0.053139 (VIOLATED)
_20439_/RESET_B                         0.750000    0.803138   -0.053138 (VIOLATED)
_20887_/RESET_B                         0.750000    0.803134   -0.053134 (VIOLATED)
_20919_/RESET_B                         0.750000    0.803127   -0.053127 (VIOLATED)
fanout2544/A                            0.750000    0.803124   -0.053124 (VIOLATED)
fanout2546/A                            0.750000    0.803075   -0.053076 (VIOLATED)
fanout2548/A                            0.750000    0.803075   -0.053076 (VIOLATED)
fanout2549/X                            0.750000    0.803075   -0.053076 (VIOLATED)
_12033_/B2                              0.750000    0.802827   -0.052827 (VIOLATED)
_12739_/A1                              0.750000    0.802826   -0.052826 (VIOLATED)
fanout1313/A                            0.750000    0.802358   -0.052358 (VIOLATED)
fanout1312/A                            0.750000    0.802322   -0.052322 (VIOLATED)
fanout851/A                             0.750000    0.802297   -0.052297 (VIOLATED)
fanout848/A                             0.750000    0.802240   -0.052240 (VIOLATED)
input88/X                               0.750000    0.802226   -0.052226 (VIOLATED)
_16664_/X                               0.750000    0.802143   -0.052143 (VIOLATED)
fanout2631/A                            0.750000    0.800763   -0.050763 (VIOLATED)
_20036_/RESET_B                         0.750000    0.800761   -0.050761 (VIOLATED)
_20004_/RESET_B                         0.750000    0.800756   -0.050756 (VIOLATED)
fanout2633/A                            0.750000    0.800743   -0.050743 (VIOLATED)
_21690_/RESET_B                         0.750000    0.800719   -0.050719 (VIOLATED)
_21682_/RESET_B                         0.750000    0.800710   -0.050710 (VIOLATED)
_21674_/RESET_B                         0.750000    0.800698   -0.050698 (VIOLATED)
_21691_/RESET_B                         0.750000    0.800698   -0.050698 (VIOLATED)
fanout2634/X                            0.750000    0.800698   -0.050698 (VIOLATED)
_19755_/X                               0.750000    0.800170   -0.050170 (VIOLATED)
_17563_/A2                              0.750000    0.799612   -0.049612 (VIOLATED)
_17560_/A2                              0.750000    0.799612   -0.049612 (VIOLATED)
_17556_/A2                              0.750000    0.799607   -0.049607 (VIOLATED)
_17552_/A2                              0.750000    0.799605   -0.049605 (VIOLATED)
_17549_/A2                              0.750000    0.799600   -0.049600 (VIOLATED)
_17530_/A2                              0.750000    0.799599   -0.049599 (VIOLATED)
_17534_/A2                              0.750000    0.799599   -0.049599 (VIOLATED)
_17538_/A2                              0.750000    0.799599   -0.049599 (VIOLATED)
_17541_/A2                              0.750000    0.799599   -0.049599 (VIOLATED)
_17545_/A2                              0.750000    0.799599   -0.049599 (VIOLATED)
fanout409/X                             0.750000    0.799599   -0.049599 (VIOLATED)
_12710_/A1                              0.750000    0.799113   -0.049113 (VIOLATED)
_12821_/B2                              0.750000    0.799111   -0.049111 (VIOLATED)
_12776_/B2                              0.750000    0.799111   -0.049111 (VIOLATED)
_12767_/A1                              0.750000    0.799111   -0.049111 (VIOLATED)
_12753_/B2                              0.750000    0.799110   -0.049110 (VIOLATED)
_12741_/B2                              0.750000    0.799110   -0.049110 (VIOLATED)
_12860_/B2                              0.750000    0.799110   -0.049110 (VIOLATED)
_12833_/B2                              0.750000    0.799109   -0.049109 (VIOLATED)
_12787_/A                               0.750000    0.799109   -0.049109 (VIOLATED)
_12726_/A1                              0.750000    0.799109   -0.049109 (VIOLATED)
fanout1284/X                            0.750000    0.799109   -0.049109 (VIOLATED)
fanout552/A                             0.750000    0.798970   -0.048970 (VIOLATED)
_18769_/B2                              0.750000    0.798914   -0.048914 (VIOLATED)
_18776_/B2                              0.750000    0.798910   -0.048910 (VIOLATED)
_18783_/B2                              0.750000    0.798906   -0.048906 (VIOLATED)
_18790_/B2                              0.750000    0.798905   -0.048905 (VIOLATED)
_18797_/B2                              0.750000    0.798899   -0.048899 (VIOLATED)
_18811_/B2                              0.750000    0.798888   -0.048888 (VIOLATED)
_18819_/B2                              0.750000    0.798881   -0.048881 (VIOLATED)
_18868_/B2                              0.750000    0.798877   -0.048877 (VIOLATED)
_18875_/B2                              0.750000    0.798877   -0.048877 (VIOLATED)
_18879_/A                               0.750000    0.798877   -0.048877 (VIOLATED)
fanout1898/X                            0.750000    0.798877   -0.048877 (VIOLATED)
fanout547/A                             0.750000    0.798613   -0.048613 (VIOLATED)
fanout549/A                             0.750000    0.798281   -0.048281 (VIOLATED)
_11809_/B2                              0.750000    0.798139   -0.048139 (VIOLATED)
_10639_/B2                              0.750000    0.798137   -0.048137 (VIOLATED)
_11509_/B2                              0.750000    0.798137   -0.048137 (VIOLATED)
load_slew1793/A                         0.750000    0.798135   -0.048135 (VIOLATED)
_11881_/A1                              0.750000    0.798132   -0.048132 (VIOLATED)
fanout1792/X                            0.750000    0.798132   -0.048132 (VIOLATED)
fanout544/A                             0.750000    0.797955   -0.047955 (VIOLATED)
_16500_/S                               0.750000    0.797911   -0.047911 (VIOLATED)
_16516_/S                               0.750000    0.797900   -0.047901 (VIOLATED)
_16505_/S                               0.750000    0.797881   -0.047881 (VIOLATED)
fanout671/X                             0.750000    0.797881   -0.047881 (VIOLATED)
load_slew673/A                          0.750000    0.797881   -0.047881 (VIOLATED)
fanout1523/A                            0.750000    0.797787   -0.047787 (VIOLATED)
fanout1522/A                            0.750000    0.797777   -0.047777 (VIOLATED)
_19312_/S                               0.750000    0.797754   -0.047754 (VIOLATED)
_19305_/S                               0.750000    0.797752   -0.047752 (VIOLATED)
_19320_/S                               0.750000    0.797744   -0.047744 (VIOLATED)
_19304_/S                               0.750000    0.797738   -0.047738 (VIOLATED)
_19309_/S                               0.750000    0.797738   -0.047738 (VIOLATED)
fanout1524/X                            0.750000    0.797738   -0.047738 (VIOLATED)
_17068_/X                               0.750000    0.797546   -0.047546 (VIOLATED)
_16991_/A1                              0.750000    0.797134   -0.047134 (VIOLATED)
_17024_/A1                              0.750000    0.797133   -0.047133 (VIOLATED)
_17123_/A1                              0.750000    0.797133   -0.047133 (VIOLATED)
_17090_/A1                              0.750000    0.797132   -0.047132 (VIOLATED)
fanout219/A                             0.750000    0.797129   -0.047129 (VIOLATED)
_17288_/A1                              0.750000    0.797128   -0.047128 (VIOLATED)
_16958_/A1                              0.750000    0.797126   -0.047126 (VIOLATED)
_16857_/A1                              0.750000    0.797116   -0.047116 (VIOLATED)
_16891_/A1                              0.750000    0.797116   -0.047116 (VIOLATED)
_16924_/A1                              0.750000    0.797116   -0.047116 (VIOLATED)
fanout220/X                             0.750000    0.797116   -0.047116 (VIOLATED)
_13528_/B1                              0.750000    0.796380   -0.046380 (VIOLATED)
_13529_/A2                              0.750000    0.796376   -0.046376 (VIOLATED)
load_slew1260/A                         0.750000    0.795981   -0.045981 (VIOLATED)
_14237_/A                               0.750000    0.795964   -0.045964 (VIOLATED)
fanout1257/A                            0.750000    0.795896   -0.045896 (VIOLATED)
fanout1259/X                            0.750000    0.795896   -0.045896 (VIOLATED)
_14710_/B                               0.750000    0.795832   -0.045832 (VIOLATED)
fanout1158/A                            0.750000    0.795793   -0.045793 (VIOLATED)
_14389_/A2                              0.750000    0.795781   -0.045781 (VIOLATED)
_15601_/A1                              0.750000    0.795775   -0.045775 (VIOLATED)
_15700_/A1                              0.750000    0.795772   -0.045772 (VIOLATED)
_15977_/A1                              0.750000    0.795770   -0.045770 (VIOLATED)
_15701_/A1                              0.750000    0.795770   -0.045770 (VIOLATED)
_15890_/A1                              0.750000    0.795769   -0.045769 (VIOLATED)
_14284_/C                               0.750000    0.795757   -0.045757 (VIOLATED)
_16164_/A1                              0.750000    0.795756   -0.045756 (VIOLATED)
_16165_/A1                              0.750000    0.795753   -0.045753 (VIOLATED)
_16074_/A                               0.750000    0.795751   -0.045751 (VIOLATED)
_16344_/A1                              0.750000    0.795744   -0.045744 (VIOLATED)
_14285_/A2                              0.750000    0.795742   -0.045742 (VIOLATED)
_15796_/A1                              0.750000    0.795741   -0.045742 (VIOLATED)
fanout1266/X                            0.750000    0.795741   -0.045742 (VIOLATED)
_14282_/X                               0.750000    0.795704   -0.045704 (VIOLATED)
_12466_/S                               0.750000    0.795098   -0.045098 (VIOLATED)
_12435_/S                               0.750000    0.795097   -0.045097 (VIOLATED)
_12424_/S                               0.750000    0.795093   -0.045093 (VIOLATED)
_12439_/S                               0.750000    0.795092   -0.045092 (VIOLATED)
_12461_/S                               0.750000    0.795076   -0.045076 (VIOLATED)
_12456_/S                               0.750000    0.795075   -0.045075 (VIOLATED)
_12449_/S                               0.750000    0.795058   -0.045058 (VIOLATED)
_12444_/S                               0.750000    0.795050   -0.045050 (VIOLATED)
_12472_/S                               0.750000    0.795042   -0.045042 (VIOLATED)
_12416_/S                               0.750000    0.795036   -0.045036 (VIOLATED)
fanout1872/X                            0.750000    0.795036   -0.045036 (VIOLATED)
_14013_/A                               0.750000    0.794229   -0.044229 (VIOLATED)
_14014_/A                               0.750000    0.794227   -0.044227 (VIOLATED)
_13932_/A                               0.750000    0.794193   -0.044193 (VIOLATED)
_13849_/B2                              0.750000    0.794191   -0.044191 (VIOLATED)
fanout1165/A                            0.750000    0.794115   -0.044115 (VIOLATED)
fanout1166/X                            0.750000    0.794114   -0.044114 (VIOLATED)
_10737_/A1                              0.750000    0.793858   -0.043858 (VIOLATED)
_10723_/B2                              0.750000    0.793843   -0.043843 (VIOLATED)
_10776_/A                               0.750000    0.793805   -0.043805 (VIOLATED)
load_slew1640/A                         0.750000    0.793749   -0.043749 (VIOLATED)
_10658_/B2                              0.750000    0.793748   -0.043748 (VIOLATED)
fanout1639/X                            0.750000    0.793748   -0.043748 (VIOLATED)
fanout352/A                             0.750000    0.793347   -0.043347 (VIOLATED)
_13128_/B                               0.750000    0.793344   -0.043344 (VIOLATED)
load_slew354/A                          0.750000    0.793115   -0.043115 (VIOLATED)
fanout353/X                             0.750000    0.793112   -0.043112 (VIOLATED)
_17736_/A1                              0.750000    0.792783   -0.042783 (VIOLATED)
_17865_/A1                              0.750000    0.792763   -0.042763 (VIOLATED)
fanout928/A                             0.750000    0.792714   -0.042714 (VIOLATED)
_13066_/X                               0.750000    0.792692   -0.042692 (VIOLATED)
_18790_/A1                              0.750000    0.792094   -0.042094 (VIOLATED)
_18797_/A1                              0.750000    0.792089   -0.042089 (VIOLATED)
_18804_/A1                              0.750000    0.791832   -0.041832 (VIOLATED)
_18473_/A                               0.750000    0.791784   -0.041784 (VIOLATED)
fanout1864/A                            0.750000    0.791779   -0.041779 (VIOLATED)
fanout1862/A                            0.750000    0.791756   -0.041756 (VIOLATED)
fanout1861/A                            0.750000    0.791748   -0.041748 (VIOLATED)
fanout1865/X                            0.750000    0.791748   -0.041748 (VIOLATED)
_14057_/A0                              0.750000    0.791709   -0.041709 (VIOLATED)
_10391_/B                               0.750000    0.791555   -0.041555 (VIOLATED)
_10390_/X                               0.750000    0.791327   -0.041327 (VIOLATED)
_12526_/B1                              0.750000    0.791317   -0.041318 (VIOLATED)
_12543_/B1                              0.750000    0.791268   -0.041268 (VIOLATED)
_12537_/B1                              0.750000    0.791261   -0.041261 (VIOLATED)
_12500_/B1                              0.750000    0.791175   -0.041175 (VIOLATED)
_12368_/B                               0.750000    0.791082   -0.041082 (VIOLATED)
_12451_/B1                              0.750000    0.791071   -0.041071 (VIOLATED)
_12479_/B1                              0.750000    0.791062   -0.041062 (VIOLATED)
_12369_/C1                              0.750000    0.790923   -0.040923 (VIOLATED)
_12370_/C_N                             0.750000    0.790917   -0.040917 (VIOLATED)
_12367_/X                               0.750000    0.790838   -0.040838 (VIOLATED)
_11148_/S                               0.750000    0.790375   -0.040375 (VIOLATED)
_11149_/S                               0.750000    0.790374   -0.040374 (VIOLATED)
_11145_/S0                              0.750000    0.790370   -0.040370 (VIOLATED)
_11155_/S                               0.750000    0.790369   -0.040369 (VIOLATED)
_11156_/S                               0.750000    0.790368   -0.040368 (VIOLATED)
_11458_/B1                              0.750000    0.790367   -0.040367 (VIOLATED)
_11157_/S0                              0.750000    0.790365   -0.040365 (VIOLATED)
fanout2254/X                            0.750000    0.790363   -0.040363 (VIOLATED)
_11736_/B1                              0.750000    0.790349   -0.040349 (VIOLATED)
_15979_/B                               0.750000    0.790325   -0.040325 (VIOLATED)
_15981_/B                               0.750000    0.790322   -0.040322 (VIOLATED)
_13066_/S                               0.750000    0.790273   -0.040274 (VIOLATED)
_11735_/X                               0.750000    0.790136   -0.040137 (VIOLATED)
_13362_/A1                              0.750000    0.790136   -0.040137 (VIOLATED)
_13386_/A1                              0.750000    0.790136   -0.040137 (VIOLATED)
_13891_/A2                              0.750000    0.789796   -0.039796 (VIOLATED)
_13892_/A2                              0.750000    0.789795   -0.039795 (VIOLATED)
_14652_/A2                              0.750000    0.789793   -0.039793 (VIOLATED)
_13319_/A2                              0.750000    0.789792   -0.039792 (VIOLATED)
_14049_/A2                              0.750000    0.789791   -0.039792 (VIOLATED)
_14046_/A2                              0.750000    0.789791   -0.039791 (VIOLATED)
_14765_/A2                              0.750000    0.789791   -0.039791 (VIOLATED)
_13609_/A2                              0.750000    0.789791   -0.039791 (VIOLATED)
_15617_/A2                              0.750000    0.789791   -0.039791 (VIOLATED)
_13312_/A2                              0.750000    0.789790   -0.039790 (VIOLATED)
fanout1581/X                            0.750000    0.789790   -0.039790 (VIOLATED)
fanout1911/A                            0.750000    0.789245   -0.039245 (VIOLATED)
_15715_/A                               0.750000    0.789237   -0.039237 (VIOLATED)
_14887_/A                               0.750000    0.789220   -0.039220 (VIOLATED)
_13317_/A                               0.750000    0.789208   -0.039208 (VIOLATED)
_13313_/A                               0.750000    0.789204   -0.039204 (VIOLATED)
_13311_/B                               0.750000    0.789196   -0.039196 (VIOLATED)
_13310_/A_N                             0.750000    0.789193   -0.039193 (VIOLATED)
_15215_/A                               0.750000    0.789180   -0.039180 (VIOLATED)
_10853_/C1                              0.750000    0.789174   -0.039174 (VIOLATED)
load_slew2123/A                         0.750000    0.789171   -0.039171 (VIOLATED)
_15992_/A                               0.750000    0.789170   -0.039170 (VIOLATED)
_19753_/A0                              0.750000    0.789170   -0.039170 (VIOLATED)
fanout1912/X                            0.750000    0.789170   -0.039170 (VIOLATED)
_10141_/B                               0.750000    0.789168   -0.039168 (VIOLATED)
_10974_/C1                              0.750000    0.789152   -0.039152 (VIOLATED)
_11464_/C1                              0.750000    0.789152   -0.039152 (VIOLATED)
fanout2122/X                            0.750000    0.789152   -0.039152 (VIOLATED)
_21184_/RESET_B                         0.750000    0.789125   -0.039125 (VIOLATED)
_21253_/RESET_B                         0.750000    0.789124   -0.039125 (VIOLATED)
_21116_/RESET_B                         0.750000    0.789123   -0.039123 (VIOLATED)
fanout2346/A                            0.750000    0.789118   -0.039118 (VIOLATED)
_10468_/S1                              0.750000    0.789116   -0.039116 (VIOLATED)
_10467_/S1                              0.750000    0.789115   -0.039115 (VIOLATED)
_21048_/SET_B                           0.750000    0.789111   -0.039111 (VIOLATED)
_11938_/S1                              0.750000    0.789105   -0.039105 (VIOLATED)
_11939_/S1                              0.750000    0.789103   -0.039103 (VIOLATED)
_11937_/S1                              0.750000    0.789094   -0.039094 (VIOLATED)
_21049_/SET_B                           0.750000    0.789090   -0.039090 (VIOLATED)
_21250_/RESET_B                         0.750000    0.789088   -0.039088 (VIOLATED)
_21213_/RESET_B                         0.750000    0.789082   -0.039082 (VIOLATED)
fanout2348/X                            0.750000    0.789081   -0.039081 (VIOLATED)
_11940_/S1                              0.750000    0.789075   -0.039075 (VIOLATED)
_10513_/B                               0.750000    0.789071   -0.039071 (VIOLATED)
fanout1987/X                            0.750000    0.789071   -0.039071 (VIOLATED)
_16076_/A1                              0.750000    0.788801   -0.038801 (VIOLATED)
_16345_/A                               0.750000    0.788796   -0.038796 (VIOLATED)
_15978_/A1                              0.750000    0.788790   -0.038790 (VIOLATED)
_15091_/A1                              0.750000    0.788781   -0.038781 (VIOLATED)
_15202_/A                               0.750000    0.788776   -0.038776 (VIOLATED)
fanout1820/A                            0.750000    0.788753   -0.038753 (VIOLATED)
fanout1819/A                            0.750000    0.788719   -0.038719 (VIOLATED)
fanout1821/X                            0.750000    0.788719   -0.038719 (VIOLATED)
_17728_/B1                              0.750000    0.788095   -0.038095 (VIOLATED)
_17736_/A2                              0.750000    0.788094   -0.038094 (VIOLATED)
_17733_/A2                              0.750000    0.788092   -0.038092 (VIOLATED)
_17741_/B2                              0.750000    0.788092   -0.038092 (VIOLATED)
_17621_/B                               0.750000    0.788089   -0.038089 (VIOLATED)
_17746_/A2                              0.750000    0.788081   -0.038081 (VIOLATED)
_17750_/B2                              0.750000    0.788075   -0.038075 (VIOLATED)
_17754_/B1                              0.750000    0.788062   -0.038062 (VIOLATED)
_17693_/A2                              0.750000    0.788056   -0.038056 (VIOLATED)
fanout407/X                             0.750000    0.788056   -0.038056 (VIOLATED)
_12516_/B1                              0.750000    0.787814   -0.037814 (VIOLATED)
_12538_/B1                              0.750000    0.787807   -0.037807 (VIOLATED)
_12532_/B1                              0.750000    0.787800   -0.037800 (VIOLATED)
_12544_/B1                              0.750000    0.787799   -0.037799 (VIOLATED)
_12506_/B1                              0.750000    0.787780   -0.037780 (VIOLATED)
_12489_/A2                              0.750000    0.787769   -0.037769 (VIOLATED)
_12553_/A2                              0.750000    0.787768   -0.037768 (VIOLATED)
_12485_/B1                              0.750000    0.787754   -0.037754 (VIOLATED)
fanout1109/X                            0.750000    0.787754   -0.037754 (VIOLATED)
_13741_/A1                              0.750000    0.787640   -0.037640 (VIOLATED)
_14316_/A2                              0.750000    0.787638   -0.037638 (VIOLATED)
_13612_/A1                              0.750000    0.787637   -0.037637 (VIOLATED)
_13815_/A1                              0.750000    0.787633   -0.037633 (VIOLATED)
_13316_/B1                              0.750000    0.787629   -0.037629 (VIOLATED)
_13890_/A3                              0.750000    0.787629   -0.037629 (VIOLATED)
_13894_/A2                              0.750000    0.787629   -0.037629 (VIOLATED)
_14043_/A2                              0.750000    0.787629   -0.037629 (VIOLATED)
_14045_/A2                              0.750000    0.787629   -0.037629 (VIOLATED)
_14648_/A2                              0.750000    0.787629   -0.037629 (VIOLATED)
fanout1569/X                            0.750000    0.787629   -0.037629 (VIOLATED)
_12438_/A2                              0.750000    0.787451   -0.037451 (VIOLATED)
_12434_/A2                              0.750000    0.787448   -0.037448 (VIOLATED)
_12422_/A2                              0.750000    0.787447   -0.037447 (VIOLATED)
_12429_/A2                              0.750000    0.787447   -0.037447 (VIOLATED)
_12476_/A2                              0.750000    0.787435   -0.037435 (VIOLATED)
_12482_/A2                              0.750000    0.787432   -0.037432 (VIOLATED)
_12487_/A2                              0.750000    0.787425   -0.037425 (VIOLATED)
_11963_/B1                              0.750000    0.787419   -0.037419 (VIOLATED)
_12492_/A2                              0.750000    0.787417   -0.037417 (VIOLATED)
_12414_/A2                              0.750000    0.787414   -0.037414 (VIOLATED)
_11041_/B1                              0.750000    0.787413   -0.037413 (VIOLATED)
_12403_/A2                              0.750000    0.787412   -0.037412 (VIOLATED)
fanout885/X                             0.750000    0.787412   -0.037412 (VIOLATED)
_11479_/B1                              0.750000    0.787401   -0.037401 (VIOLATED)
_11661_/B1                              0.750000    0.787391   -0.037391 (VIOLATED)
fanout1607/X                            0.750000    0.787391   -0.037391 (VIOLATED)
wire1608/A                              0.750000    0.787391   -0.037391 (VIOLATED)
_11813_/S1                              0.750000    0.787299   -0.037299 (VIOLATED)
_11812_/S1                              0.750000    0.787296   -0.037296 (VIOLATED)
fanout2009/A                            0.750000    0.787280   -0.037280 (VIOLATED)
_11804_/S1                              0.750000    0.787259   -0.037259 (VIOLATED)
load_slew2012/A                         0.750000    0.787228   -0.037228 (VIOLATED)
_11808_/S1                              0.750000    0.787216   -0.037216 (VIOLATED)
_11807_/S1                              0.750000    0.787211   -0.037211 (VIOLATED)
fanout2011/X                            0.750000    0.787211   -0.037211 (VIOLATED)
_18305_/A2                              0.750000    0.787079   -0.037079 (VIOLATED)
fanout975/A                             0.750000    0.787069   -0.037069 (VIOLATED)
_18254_/A2                              0.750000    0.787058   -0.037058 (VIOLATED)
fanout973/A                             0.750000    0.787013   -0.037013 (VIOLATED)
fanout979/A                             0.750000    0.786983   -0.036983 (VIOLATED)
fanout980/X                             0.750000    0.786983   -0.036983 (VIOLATED)
fanout2653/A                            0.750000    0.786395   -0.036395 (VIOLATED)
fanout2648/A                            0.750000    0.786382   -0.036382 (VIOLATED)
fanout2658/A                            0.750000    0.786366   -0.036366 (VIOLATED)
fanout2665/A                            0.750000    0.786356   -0.036356 (VIOLATED)
fanout2657/A                            0.750000    0.786355   -0.036355 (VIOLATED)
fanout1133/A                            0.750000    0.786354   -0.036354 (VIOLATED)
fanout2655/A                            0.750000    0.786350   -0.036350 (VIOLATED)
fanout2666/X                            0.750000    0.786350   -0.036350 (VIOLATED)
_14219_/A1                              0.750000    0.786345   -0.036345 (VIOLATED)
_14127_/A1                              0.750000    0.786343   -0.036343 (VIOLATED)
_14882_/A1                              0.750000    0.786343   -0.036343 (VIOLATED)
_16265_/A1                              0.750000    0.786343   -0.036343 (VIOLATED)
fanout1131/A                            0.750000    0.786343   -0.036343 (VIOLATED)
fanout1134/X                            0.750000    0.786343   -0.036343 (VIOLATED)
_19226_/S                               0.750000    0.785261   -0.035261 (VIOLATED)
_19194_/S                               0.750000    0.785254   -0.035254 (VIOLATED)
_19234_/S                               0.750000    0.785249   -0.035249 (VIOLATED)
_19222_/S                               0.750000    0.785248   -0.035248 (VIOLATED)
_19190_/S                               0.750000    0.785231   -0.035231 (VIOLATED)
_19220_/S                               0.750000    0.785221   -0.035221 (VIOLATED)
_19188_/S                               0.750000    0.785220   -0.035220 (VIOLATED)
_19202_/S                               0.750000    0.785220   -0.035220 (VIOLATED)
fanout230/X                             0.750000    0.785220   -0.035220 (VIOLATED)
_13719_/A                               0.750000    0.785112   -0.035112 (VIOLATED)
max_cap1121/A                           0.750000    0.785106   -0.035106 (VIOLATED)
_10561_/S                               0.750000    0.785067   -0.035068 (VIOLATED)
_10528_/Y                               0.750000    0.784757   -0.034757 (VIOLATED)
_10191_/S1                              0.750000    0.784741   -0.034741 (VIOLATED)
_10064_/B                               0.750000    0.784724   -0.034724 (VIOLATED)
_11765_/S1                              0.750000    0.784702   -0.034702 (VIOLATED)
_11713_/S0                              0.750000    0.784696   -0.034696 (VIOLATED)
_11786_/A                               0.750000    0.784683   -0.034683 (VIOLATED)
fanout2196/X                            0.750000    0.784683   -0.034683 (VIOLATED)
load_slew2197/A                         0.750000    0.784683   -0.034683 (VIOLATED)
_11815_/A1                              0.750000    0.783805   -0.033805 (VIOLATED)
wire1751/A                              0.750000    0.783804   -0.033804 (VIOLATED)
_11805_/C1                              0.750000    0.783799   -0.033799 (VIOLATED)
_21774_/A                               0.750000    0.783763   -0.033763 (VIOLATED)
fanout1746/A                            0.750000    0.783745   -0.033745 (VIOLATED)
fanout1750/X                            0.750000    0.783745   -0.033745 (VIOLATED)
_19025_/A1                              0.750000    0.783738   -0.033738 (VIOLATED)
_12250_/D                               0.750000    0.783730   -0.033730 (VIOLATED)
max_cap494/A                            0.750000    0.783603   -0.033603 (VIOLATED)
_11745_/Y                               0.750000    0.783598   -0.033598 (VIOLATED)
_20705_/RESET_B                         0.750000    0.783348   -0.033348 (VIOLATED)
fanout2424/A                            0.750000    0.783333   -0.033333 (VIOLATED)
fanout2421/A                            0.750000    0.783330   -0.033330 (VIOLATED)
fanout2423/A                            0.750000    0.783301   -0.033301 (VIOLATED)
fanout2437/A                            0.750000    0.783230   -0.033230 (VIOLATED)
fanout2438/X                            0.750000    0.783230   -0.033230 (VIOLATED)
_21277_/RESET_B                         0.750000    0.783163   -0.033164 (VIOLATED)
_21282_/RESET_B                         0.750000    0.783162   -0.033162 (VIOLATED)
fanout2411/A                            0.750000    0.783151   -0.033151 (VIOLATED)
_21273_/RESET_B                         0.750000    0.783140   -0.033140 (VIOLATED)
_21271_/RESET_B                         0.750000    0.783137   -0.033137 (VIOLATED)
_21191_/RESET_B                         0.750000    0.783134   -0.033134 (VIOLATED)
_21203_/RESET_B                         0.750000    0.783120   -0.033120 (VIOLATED)
fanout2407/A                            0.750000    0.783108   -0.033108 (VIOLATED)
fanout2413/X                            0.750000    0.783108   -0.033108 (VIOLATED)
_15057_/A                               0.750000    0.782812   -0.032812 (VIOLATED)
_15176_/A1                              0.750000    0.782810   -0.032810 (VIOLATED)
_14710_/A                               0.750000    0.782789   -0.032789 (VIOLATED)
_14478_/A                               0.750000    0.782767   -0.032767 (VIOLATED)
_14480_/A1                              0.750000    0.782762   -0.032763 (VIOLATED)
_14475_/A1                              0.750000    0.782749   -0.032749 (VIOLATED)
fanout1245/X                            0.750000    0.782748   -0.032748 (VIOLATED)
_18810_/C1                              0.750000    0.780940   -0.030940 (VIOLATED)
_18689_/C1                              0.750000    0.780939   -0.030939 (VIOLATED)
_18696_/C1                              0.750000    0.780939   -0.030939 (VIOLATED)
_18818_/C1                              0.750000    0.780939   -0.030939 (VIOLATED)
_18825_/C1                              0.750000    0.780939   -0.030939 (VIOLATED)
_18832_/C1                              0.750000    0.780939   -0.030939 (VIOLATED)
_18839_/C1                              0.750000    0.780939   -0.030939 (VIOLATED)
_18846_/C1                              0.750000    0.780939   -0.030939 (VIOLATED)
_18853_/C1                              0.750000    0.780939   -0.030939 (VIOLATED)
_18860_/C1                              0.750000    0.780939   -0.030939 (VIOLATED)
fanout1903/X                            0.750000    0.780939   -0.030939 (VIOLATED)
_14307_/A1                              0.750000    0.780269   -0.030269 (VIOLATED)
_15315_/B1                              0.750000    0.780268   -0.030268 (VIOLATED)
_16264_/A1                              0.750000    0.780253   -0.030253 (VIOLATED)
_16346_/B1                              0.750000    0.780249   -0.030249 (VIOLATED)
_14120_/B1                              0.750000    0.780231   -0.030231 (VIOLATED)
_14211_/B1                              0.750000    0.780231   -0.030231 (VIOLATED)
_14878_/B1                              0.750000    0.780231   -0.030231 (VIOLATED)
fanout1169/X                            0.750000    0.780231   -0.030231 (VIOLATED)
_13116_/A2                              0.750000    0.779905   -0.029905 (VIOLATED)
_13048_/B                               0.750000    0.779905   -0.029905 (VIOLATED)
_13019_/B1                              0.750000    0.779901   -0.029901 (VIOLATED)
_12980_/B1                              0.750000    0.779898   -0.029898 (VIOLATED)
_13075_/B1                              0.750000    0.779897   -0.029897 (VIOLATED)
_13103_/B1                              0.750000    0.779894   -0.029894 (VIOLATED)
fanout1439/X                            0.750000    0.779894   -0.029894 (VIOLATED)
_18304_/B2                              0.750000    0.779871   -0.029871 (VIOLATED)
_11428_/A1                              0.750000    0.779639   -0.029639 (VIOLATED)
fanout1126/A                            0.750000    0.779615   -0.029615 (VIOLATED)
_11794_/A1                              0.750000    0.779600   -0.029600 (VIOLATED)
_11917_/A1                              0.750000    0.779596   -0.029596 (VIOLATED)
_18303_/X                               0.750000    0.779591   -0.029591 (VIOLATED)
fanout1125/A                            0.750000    0.779580   -0.029580 (VIOLATED)
fanout1127/X                            0.750000    0.779579   -0.029579 (VIOLATED)
_13006_/A1                              0.750000    0.779195   -0.029195 (VIOLATED)
_12015_/B                               0.750000    0.779166   -0.029166 (VIOLATED)
input84/X                               0.750000    0.778883   -0.028883 (VIOLATED)
_17638_/B1                              0.750000    0.778851   -0.028851 (VIOLATED)
_17641_/A2                              0.750000    0.778851   -0.028851 (VIOLATED)
_17646_/B2                              0.750000    0.778842   -0.028842 (VIOLATED)
_17650_/B1                              0.750000    0.778825   -0.028825 (VIOLATED)
fanout407/A                             0.750000    0.778767   -0.028767 (VIOLATED)
fanout405/A                             0.750000    0.778753   -0.028753 (VIOLATED)
fanout406/A                             0.750000    0.778743   -0.028743 (VIOLATED)
fanout408/X                             0.750000    0.778743   -0.028743 (VIOLATED)
_15813_/A1                              0.750000    0.778637   -0.028637 (VIOLATED)
_14223_/A1                              0.750000    0.778636   -0.028636 (VIOLATED)
_19774_/A0                              0.750000    0.778621   -0.028621 (VIOLATED)
_13546_/A2                              0.750000    0.778603   -0.028603 (VIOLATED)
fanout332/A                             0.750000    0.778564   -0.028564 (VIOLATED)
_17451_/C                               0.750000    0.778561   -0.028561 (VIOLATED)
_17428_/C                               0.750000    0.778549   -0.028549 (VIOLATED)
_17439_/C                               0.750000    0.778528   -0.028528 (VIOLATED)
_17455_/C                               0.750000    0.778522   -0.028522 (VIOLATED)
_17533_/C                               0.750000    0.778459   -0.028459 (VIOLATED)
fanout330/A                             0.750000    0.778448   -0.028448 (VIOLATED)
fanout333/X                             0.750000    0.778448   -0.028448 (VIOLATED)
input21/X                               0.750000    0.778139   -0.028139 (VIOLATED)
_09850_/A                               0.750000    0.776885   -0.026885 (VIOLATED)
_10651_/A1_N                            0.750000    0.776866   -0.026866 (VIOLATED)
_11646_/B                               0.750000    0.776666   -0.026666 (VIOLATED)
_11674_/A2                              0.750000    0.776650   -0.026650 (VIOLATED)
_19023_/A0                              0.750000    0.776627   -0.026627 (VIOLATED)
_12602_/A0                              0.750000    0.776626   -0.026626 (VIOLATED)
_12622_/A1                              0.750000    0.776619   -0.026619 (VIOLATED)
_11645_/X                               0.750000    0.776504   -0.026504 (VIOLATED)
_18784_/A2                              0.750000    0.776211   -0.026211 (VIOLATED)
_18798_/A2                              0.750000    0.776205   -0.026205 (VIOLATED)
_18791_/A2                              0.750000    0.776203   -0.026203 (VIOLATED)
_18777_/A2                              0.750000    0.776184   -0.026184 (VIOLATED)
_18762_/A2                              0.750000    0.776158   -0.026158 (VIOLATED)
_18876_/A2                              0.750000    0.776119   -0.026119 (VIOLATED)
fanout1135/A                            0.750000    0.776115   -0.026115 (VIOLATED)
fanout1136/X                            0.750000    0.776115   -0.026115 (VIOLATED)
wire1393/A                              0.750000    0.776111   -0.026111 (VIOLATED)
_18330_/S                               0.750000    0.775919   -0.025919 (VIOLATED)
_11059_/A1                              0.750000    0.775771   -0.025771 (VIOLATED)
_11118_/A1                              0.750000    0.775771   -0.025771 (VIOLATED)
fanout1298/A                            0.750000    0.775771   -0.025771 (VIOLATED)
_11245_/A1                              0.750000    0.775769   -0.025769 (VIOLATED)
_10999_/A1                              0.750000    0.775766   -0.025766 (VIOLATED)
_11311_/A1                              0.750000    0.775764   -0.025764 (VIOLATED)
_11432_/A1                              0.750000    0.775741   -0.025741 (VIOLATED)
_10747_/A1                              0.750000    0.775731   -0.025731 (VIOLATED)
fanout1299/X                            0.750000    0.775729   -0.025729 (VIOLATED)
_10217_/X                               0.750000    0.775108   -0.025108 (VIOLATED)
fanout2311/A                            0.750000    0.775053   -0.025053 (VIOLATED)
fanout2068/A                            0.750000    0.774783   -0.024783 (VIOLATED)
load_slew2071/A                         0.750000    0.774782   -0.024783 (VIOLATED)
fanout2053/A                            0.750000    0.774778   -0.024778 (VIOLATED)
fanout2070/X                            0.750000    0.774778   -0.024778 (VIOLATED)
_21586_/Q                               0.750000    0.774716   -0.024716 (VIOLATED)
_19330_/S                               0.750000    0.774612   -0.024612 (VIOLATED)
_19326_/S                               0.750000    0.774611   -0.024611 (VIOLATED)
_19324_/S                               0.750000    0.774610   -0.024610 (VIOLATED)
_19310_/S                               0.750000    0.774609   -0.024609 (VIOLATED)
_19308_/S                               0.750000    0.774608   -0.024608 (VIOLATED)
_19314_/S                               0.750000    0.774608   -0.024608 (VIOLATED)
_19323_/S                               0.750000    0.774608   -0.024608 (VIOLATED)
fanout1523/X                            0.750000    0.774608   -0.024608 (VIOLATED)
_17349_/S                               0.750000    0.774430   -0.024430 (VIOLATED)
load_slew744/A                          0.750000    0.774404   -0.024404 (VIOLATED)
_17341_/S                               0.750000    0.774390   -0.024390 (VIOLATED)
fanout743/X                             0.750000    0.774388   -0.024388 (VIOLATED)
fanout1649/A                            0.750000    0.774064   -0.024064 (VIOLATED)
fanout1651/A                            0.750000    0.774054   -0.024054 (VIOLATED)
_11777_/A                               0.750000    0.774036   -0.024036 (VIOLATED)
_11773_/B2                              0.750000    0.774028   -0.024028 (VIOLATED)
fanout1652/X                            0.750000    0.774012   -0.024012 (VIOLATED)
load_slew1653/A                         0.750000    0.774012   -0.024012 (VIOLATED)
_20526_/RESET_B                         0.750000    0.773997   -0.023997 (VIOLATED)
fanout2616/A                            0.750000    0.773978   -0.023978 (VIOLATED)
fanout2625/A                            0.750000    0.773976   -0.023976 (VIOLATED)
fanout2620/A                            0.750000    0.773975   -0.023975 (VIOLATED)
fanout2618/A                            0.750000    0.773970   -0.023970 (VIOLATED)
fanout2626/X                            0.750000    0.773970   -0.023970 (VIOLATED)
_12761_/A                               0.750000    0.773457   -0.023457 (VIOLATED)
_12768_/A1                              0.750000    0.773457   -0.023457 (VIOLATED)
max_cap1122/A                           0.750000    0.773383   -0.023383 (VIOLATED)
_10508_/Y                               0.750000    0.773111   -0.023111 (VIOLATED)
_14222_/B1                              0.750000    0.773100   -0.023100 (VIOLATED)
_14130_/B1                              0.750000    0.773099   -0.023099 (VIOLATED)
_13549_/C1                              0.750000    0.773099   -0.023099 (VIOLATED)
_13474_/C1                              0.750000    0.773097   -0.023097 (VIOLATED)
_13734_/C1                              0.750000    0.773094   -0.023094 (VIOLATED)
_14424_/B1                              0.750000    0.773094   -0.023094 (VIOLATED)
_14889_/A2                              0.750000    0.773094   -0.023094 (VIOLATED)
_15217_/A2                              0.750000    0.773094   -0.023094 (VIOLATED)
_15717_/A2                              0.750000    0.773094   -0.023094 (VIOLATED)
_15994_/A2                              0.750000    0.773094   -0.023094 (VIOLATED)
fanout1565/X                            0.750000    0.773094   -0.023094 (VIOLATED)
_14641_/B1                              0.750000    0.772895   -0.022895 (VIOLATED)
_14644_/B1                              0.750000    0.772894   -0.022894 (VIOLATED)
_13814_/B1                              0.750000    0.772891   -0.022891 (VIOLATED)
_13611_/B1                              0.750000    0.772883   -0.022883 (VIOLATED)
_13740_/B1                              0.750000    0.772882   -0.022882 (VIOLATED)
_14317_/B1                              0.750000    0.772875   -0.022875 (VIOLATED)
_13738_/B1                              0.750000    0.772868   -0.022868 (VIOLATED)
_15420_/B1                              0.750000    0.772865   -0.022865 (VIOLATED)
_16180_/B1                              0.750000    0.772865   -0.022865 (VIOLATED)
_13812_/B1                              0.750000    0.772864   -0.022864 (VIOLATED)
fanout1573/X                            0.750000    0.772863   -0.022863 (VIOLATED)
_14189_/A1                              0.750000    0.772605   -0.022605 (VIOLATED)
_14188_/A                               0.750000    0.772605   -0.022605 (VIOLATED)
_14100_/A1                              0.750000    0.772603   -0.022603 (VIOLATED)
_14013_/Y                               0.750000    0.772601   -0.022601 (VIOLATED)
_14015_/B                               0.750000    0.772601   -0.022601 (VIOLATED)
wire854/A                               0.750000    0.772554   -0.022554 (VIOLATED)
_16691_/S                               0.750000    0.772551   -0.022551 (VIOLATED)
_16683_/S                               0.750000    0.772549   -0.022549 (VIOLATED)
_16688_/S                               0.750000    0.772548   -0.022548 (VIOLATED)
_16696_/S                               0.750000    0.772548   -0.022548 (VIOLATED)
fanout853/X                             0.750000    0.772548   -0.022548 (VIOLATED)
_19335_/S                               0.750000    0.772496   -0.022496 (VIOLATED)
_19338_/S                               0.750000    0.772496   -0.022496 (VIOLATED)
_19337_/S                               0.750000    0.772494   -0.022494 (VIOLATED)
_19339_/S                               0.750000    0.772491   -0.022491 (VIOLATED)
_19343_/S                               0.750000    0.772490   -0.022490 (VIOLATED)
_19341_/S                               0.750000    0.772487   -0.022487 (VIOLATED)
_19342_/S                               0.750000    0.772487   -0.022487 (VIOLATED)
_19340_/S                               0.750000    0.772479   -0.022479 (VIOLATED)
_19336_/S                               0.750000    0.772477   -0.022477 (VIOLATED)
_19334_/S                               0.750000    0.772474   -0.022474 (VIOLATED)
fanout519/X                             0.750000    0.772474   -0.022474 (VIOLATED)
_18469_/A2                              0.750000    0.772242   -0.022242 (VIOLATED)
_18472_/A2                              0.750000    0.772241   -0.022241 (VIOLATED)
_18487_/A2                              0.750000    0.772239   -0.022239 (VIOLATED)
_18492_/A2                              0.750000    0.772234   -0.022234 (VIOLATED)
_18458_/A2                              0.750000    0.772225   -0.022225 (VIOLATED)
_18475_/A2                              0.750000    0.772220   -0.022220 (VIOLATED)
_18482_/A2                              0.750000    0.772220   -0.022220 (VIOLATED)
_18501_/A2                              0.750000    0.772220   -0.022220 (VIOLATED)
_18504_/A2                              0.750000    0.772220   -0.022220 (VIOLATED)
_18509_/A2                              0.750000    0.772220   -0.022220 (VIOLATED)
fanout961/X                             0.750000    0.772220   -0.022220 (VIOLATED)
_12525_/B                               0.750000    0.771320   -0.021320 (VIOLATED)
_12542_/B                               0.750000    0.771272   -0.021272 (VIOLATED)
_12536_/B                               0.750000    0.771265   -0.021265 (VIOLATED)
_17421_/B1                              0.750000    0.771216   -0.021216 (VIOLATED)
_17425_/B1                              0.750000    0.771215   -0.021215 (VIOLATED)
_12499_/B                               0.750000    0.771209   -0.021209 (VIOLATED)
_17429_/B1                              0.750000    0.771207   -0.021207 (VIOLATED)
_17444_/B1                              0.750000    0.771195   -0.021195 (VIOLATED)
_17452_/B1                              0.750000    0.771195   -0.021195 (VIOLATED)
_17448_/B1                              0.750000    0.771194   -0.021194 (VIOLATED)
_17456_/B1                              0.750000    0.771167   -0.021167 (VIOLATED)
_17440_/B1                              0.750000    0.771137   -0.021137 (VIOLATED)
_17433_/B1                              0.750000    0.771109   -0.021109 (VIOLATED)
_17436_/B1                              0.750000    0.771106   -0.021106 (VIOLATED)
fanout305/X                             0.750000    0.771106   -0.021106 (VIOLATED)
_12478_/B                               0.750000    0.771072   -0.021072 (VIOLATED)
_12368_/A_N                             0.750000    0.770711   -0.020711 (VIOLATED)
_12450_/B                               0.750000    0.770690   -0.020690 (VIOLATED)
_17436_/A2                              0.750000    0.770535   -0.020535 (VIOLATED)
_17433_/A2                              0.750000    0.770534   -0.020534 (VIOLATED)
_17456_/A2                              0.750000    0.770533   -0.020533 (VIOLATED)
_17440_/A2                              0.750000    0.770528   -0.020528 (VIOLATED)
_17429_/A2                              0.750000    0.770521   -0.020521 (VIOLATED)
_17444_/A2                              0.750000    0.770519   -0.020519 (VIOLATED)
_17448_/A2                              0.750000    0.770518   -0.020518 (VIOLATED)
_17452_/A2                              0.750000    0.770517   -0.020517 (VIOLATED)
_17425_/A2                              0.750000    0.770498   -0.020498 (VIOLATED)
_17421_/A2                              0.750000    0.770496   -0.020496 (VIOLATED)
fanout414/X                             0.750000    0.770496   -0.020496 (VIOLATED)
_12401_/A1                              0.750000    0.770378   -0.020378 (VIOLATED)
_12425_/A_N                             0.750000    0.770300   -0.020300 (VIOLATED)
_12366_/X                               0.750000    0.770241   -0.020241 (VIOLATED)
fanout2496/A                            0.750000    0.770000   -0.020000 (VIOLATED)
_21406_/RESET_B                         0.750000    0.769999   -0.019999 (VIOLATED)
_20234_/RESET_B                         0.750000    0.769980   -0.019980 (VIOLATED)
_20202_/RESET_B                         0.750000    0.769979   -0.019979 (VIOLATED)
_20247_/RESET_B                         0.750000    0.769968   -0.019968 (VIOLATED)
_20311_/RESET_B                         0.750000    0.769955   -0.019955 (VIOLATED)
fanout2498/A                            0.750000    0.769930   -0.019930 (VIOLATED)
fanout2500/X                            0.750000    0.769930   -0.019930 (VIOLATED)
_21772_/A                               0.750000    0.769470   -0.019470 (VIOLATED)
_12250_/C                               0.750000    0.769420   -0.019420 (VIOLATED)
_19021_/A1                              0.750000    0.769420   -0.019420 (VIOLATED)
max_cap496/A                            0.750000    0.769398   -0.019398 (VIOLATED)
_11630_/X                               0.750000    0.769396   -0.019396 (VIOLATED)
_10309_/A1                              0.750000    0.769210   -0.019210 (VIOLATED)
_10078_/B2                              0.750000    0.769192   -0.019192 (VIOLATED)
_10202_/A1                              0.750000    0.769160   -0.019160 (VIOLATED)
_10061_/B1                              0.750000    0.769152   -0.019152 (VIOLATED)
_10065_/A2                              0.750000    0.769152   -0.019152 (VIOLATED)
fanout1651/X                            0.750000    0.769152   -0.019152 (VIOLATED)
_14131_/A1                              0.750000    0.767591   -0.017591 (VIOLATED)
_15717_/A1                              0.750000    0.767591   -0.017591 (VIOLATED)
_19773_/A0                              0.750000    0.767588   -0.017588 (VIOLATED)
_13471_/A2                              0.750000    0.767588   -0.017588 (VIOLATED)
input20/X                               0.750000    0.767569   -0.017569 (VIOLATED)
_12215_/A1_N                            0.750000    0.767544   -0.017544 (VIOLATED)
_12257_/C_N                             0.750000    0.767542   -0.017542 (VIOLATED)
_12687_/A                               0.750000    0.767504   -0.017504 (VIOLATED)
_12712_/A1                              0.750000    0.767504   -0.017504 (VIOLATED)
wire483/A                               0.750000    0.767479   -0.017479 (VIOLATED)
_11981_/Y                               0.750000    0.767476   -0.017476 (VIOLATED)
max_cap1118/A                           0.750000    0.767429   -0.017429 (VIOLATED)
_10747_/Y                               0.750000    0.767415   -0.017415 (VIOLATED)
_13674_/A                               0.750000    0.767312   -0.017312 (VIOLATED)
_14953_/A1                              0.750000    0.767120   -0.017120 (VIOLATED)
_14847_/A                               0.750000    0.767115   -0.017115 (VIOLATED)
fanout2389/A                            0.750000    0.766971   -0.016971 (VIOLATED)
_21179_/RESET_B                         0.750000    0.766952   -0.016952 (VIOLATED)
_14486_/A                               0.750000    0.766948   -0.016948 (VIOLATED)
fanout2387/A                            0.750000    0.766927   -0.016928 (VIOLATED)
fanout2394/A                            0.750000    0.766894   -0.016894 (VIOLATED)
_14380_/A1                              0.750000    0.766884   -0.016884 (VIOLATED)
_14180_/A                               0.750000    0.766854   -0.016854 (VIOLATED)
fanout2397/A                            0.750000    0.766767   -0.016767 (VIOLATED)
fanout2398/X                            0.750000    0.766767   -0.016767 (VIOLATED)
fanout1909/A                            0.750000    0.766638   -0.016638 (VIOLATED)
_14887_/B                               0.750000    0.766635   -0.016635 (VIOLATED)
_15715_/B                               0.750000    0.766634   -0.016634 (VIOLATED)
_13317_/B                               0.750000    0.766632   -0.016632 (VIOLATED)
_13313_/B                               0.750000    0.766630   -0.016630 (VIOLATED)
_13311_/A_N                             0.750000    0.766629   -0.016629 (VIOLATED)
_13310_/B                               0.750000    0.766629   -0.016629 (VIOLATED)
_15992_/B                               0.750000    0.766626   -0.016626 (VIOLATED)
_15215_/B                               0.750000    0.766622   -0.016622 (VIOLATED)
_19754_/A0                              0.750000    0.766595   -0.016595 (VIOLATED)
fanout1910/X                            0.750000    0.766595   -0.016595 (VIOLATED)
_13581_/Y                               0.750000    0.766457   -0.016457 (VIOLATED)
_15217_/A1                              0.750000    0.765773   -0.015773 (VIOLATED)
_14425_/B2                              0.750000    0.765773   -0.015773 (VIOLATED)
_19768_/A0                              0.750000    0.765764   -0.015764 (VIOLATED)
_15992_/C                               0.750000    0.765760   -0.015760 (VIOLATED)
_13730_/A1                              0.750000    0.765758   -0.015758 (VIOLATED)
_21408_/RESET_B                         0.750000    0.765677   -0.015677 (VIOLATED)
_20413_/RESET_B                         0.750000    0.765669   -0.015669 (VIOLATED)
_20445_/RESET_B                         0.750000    0.765667   -0.015667 (VIOLATED)
_20669_/RESET_B                         0.750000    0.765660   -0.015660 (VIOLATED)
_20637_/RESET_B                         0.750000    0.765659   -0.015659 (VIOLATED)
_20541_/RESET_B                         0.750000    0.765645   -0.015645 (VIOLATED)
_20573_/RESET_B                         0.750000    0.765644   -0.015644 (VIOLATED)
fanout2493/A                            0.750000    0.765624   -0.015624 (VIOLATED)
fanout2495/X                            0.750000    0.765624   -0.015624 (VIOLATED)
_11719_/S1                              0.750000    0.765604   -0.015604 (VIOLATED)
_11591_/B2                              0.750000    0.765596   -0.015596 (VIOLATED)
_10050_/A                               0.750000    0.765556   -0.015556 (VIOLATED)
_10053_/A_N                             0.750000    0.765551   -0.015551 (VIOLATED)
_11847_/A1                              0.750000    0.765537   -0.015537 (VIOLATED)
_11849_/A                               0.750000    0.765537   -0.015537 (VIOLATED)
fanout2154/X                            0.750000    0.765537   -0.015537 (VIOLATED)
input15/X                               0.750000    0.765323   -0.015323 (VIOLATED)
_19413_/S                               0.750000    0.765263   -0.015263 (VIOLATED)
_19667_/A1                              0.750000    0.765258   -0.015258 (VIOLATED)
fanout289/A                             0.750000    0.765255   -0.015255 (VIOLATED)
_19788_/A2                              0.750000    0.765237   -0.015237 (VIOLATED)
fanout287/A                             0.750000    0.765213   -0.015213 (VIOLATED)
fanout291/X                             0.750000    0.765213   -0.015213 (VIOLATED)
_09944_/A                               0.750000    0.764589   -0.014589 (VIOLATED)
_09940_/D                               0.750000    0.764575   -0.014575 (VIOLATED)
_09910_/A_N                             0.750000    0.764565   -0.014565 (VIOLATED)
_09909_/A_N                             0.750000    0.764519   -0.014519 (VIOLATED)
_09912_/B                               0.750000    0.764489   -0.014489 (VIOLATED)
_09911_/B_N                             0.750000    0.764484   -0.014484 (VIOLATED)
_15837_/A                               0.750000    0.764342   -0.014342 (VIOLATED)
_15745_/A1                              0.750000    0.764333   -0.014333 (VIOLATED)
_15659_/A2                              0.750000    0.764304   -0.014304 (VIOLATED)
_14842_/B                               0.750000    0.764165   -0.014165 (VIOLATED)
_14948_/A3                              0.750000    0.764012   -0.014012 (VIOLATED)
_14711_/B                               0.750000    0.763930   -0.013930 (VIOLATED)
_14387_/B                               0.750000    0.763918   -0.013918 (VIOLATED)
_14388_/C                               0.750000    0.763911   -0.013911 (VIOLATED)
_12306_/B1                              0.750000    0.763871   -0.013871 (VIOLATED)
_14385_/X                               0.750000    0.763871   -0.013871 (VIOLATED)
_12530_/S                               0.750000    0.763869   -0.013869 (VIOLATED)
_12524_/S                               0.750000    0.763865   -0.013865 (VIOLATED)
_12557_/S                               0.750000    0.763863   -0.013863 (VIOLATED)
_12552_/S                               0.750000    0.763862   -0.013862 (VIOLATED)
_12562_/S                               0.750000    0.763861   -0.013861 (VIOLATED)
_12519_/S                               0.750000    0.763860   -0.013860 (VIOLATED)
_12100_/A                               0.750000    0.763859   -0.013859 (VIOLATED)
_12509_/S                               0.750000    0.763859   -0.013859 (VIOLATED)
_12514_/S                               0.750000    0.763859   -0.013859 (VIOLATED)
fanout1874/X                            0.750000    0.763859   -0.013859 (VIOLATED)
_11860_/B1                              0.750000    0.762958   -0.012958 (VIOLATED)
_16168_/B                               0.750000    0.762950   -0.012950 (VIOLATED)
_16171_/A2                              0.750000    0.762917   -0.012917 (VIOLATED)
_16167_/B                               0.750000    0.762912   -0.012912 (VIOLATED)
_18244_/A0                              0.750000    0.762602   -0.012602 (VIOLATED)
_10048_/B                               0.750000    0.762541   -0.012541 (VIOLATED)
_10051_/A_N                             0.750000    0.762531   -0.012531 (VIOLATED)
_11590_/S1                              0.750000    0.762528   -0.012528 (VIOLATED)
_10049_/B                               0.750000    0.762524   -0.012524 (VIOLATED)
_12671_/B1                              0.750000    0.762507   -0.012507 (VIOLATED)
_09925_/A1                              0.750000    0.762507   -0.012507 (VIOLATED)
_09921_/A_N                             0.750000    0.762506   -0.012506 (VIOLATED)
_09926_/A1                              0.750000    0.762505   -0.012505 (VIOLATED)
_09920_/A                               0.750000    0.762504   -0.012504 (VIOLATED)
_09922_/B                               0.750000    0.762504   -0.012504 (VIOLATED)
_09923_/B                               0.750000    0.762504   -0.012504 (VIOLATED)
_12185_/A_N                             0.750000    0.762504   -0.012504 (VIOLATED)
_13226_/A_N                             0.750000    0.762504   -0.012504 (VIOLATED)
_19751_/A2                              0.750000    0.762504   -0.012504 (VIOLATED)
fanout2320/X                            0.750000    0.762504   -0.012504 (VIOLATED)
fanout2188/A                            0.750000    0.762503   -0.012503 (VIOLATED)
fanout2190/X                            0.750000    0.762503   -0.012503 (VIOLATED)
load_slew2191/A                         0.750000    0.762503   -0.012503 (VIOLATED)
_19483_/A1                              0.750000    0.762459   -0.012459 (VIOLATED)
_21606_/Q                               0.750000    0.762459   -0.012459 (VIOLATED)
_13380_/A                               0.750000    0.762443   -0.012443 (VIOLATED)
_13368_/A1                              0.750000    0.762336   -0.012337 (VIOLATED)
_13093_/S                               0.750000    0.762310   -0.012310 (VIOLATED)
_11859_/X                               0.750000    0.762181   -0.012181 (VIOLATED)
wire613/A                               0.750000    0.761306   -0.011306 (VIOLATED)
_16742_/S                               0.750000    0.761299   -0.011299 (VIOLATED)
_16735_/S                               0.750000    0.761291   -0.011291 (VIOLATED)
_16755_/S                               0.750000    0.761253   -0.011253 (VIOLATED)
fanout612/X                             0.750000    0.761253   -0.011253 (VIOLATED)
load_slew614/A                          0.750000    0.761253   -0.011253 (VIOLATED)
_12779_/A2                              0.750000    0.760912   -0.010912 (VIOLATED)
_12719_/B1                              0.750000    0.760906   -0.010906 (VIOLATED)
fanout1437/A                            0.750000    0.760906   -0.010906 (VIOLATED)
fanout1439/A                            0.750000    0.760906   -0.010906 (VIOLATED)
fanout1440/X                            0.750000    0.760906   -0.010906 (VIOLATED)
load_slew1441/A                         0.750000    0.760906   -0.010906 (VIOLATED)
_18289_/B2                              0.750000    0.760085   -0.010085 (VIOLATED)
ANTENNA_62/DIODE                        0.750000    0.760081   -0.010081 (VIOLATED)
_18288_/X                               0.750000    0.759809   -0.009809 (VIOLATED)
_10715_/A1                              0.750000    0.759360   -0.009360 (VIOLATED)
_10846_/A1                              0.750000    0.759356   -0.009356 (VIOLATED)
_10045_/B                               0.750000    0.759356   -0.009356 (VIOLATED)
_10046_/A1                              0.750000    0.759356   -0.009356 (VIOLATED)
_10130_/A1                              0.750000    0.759356   -0.009356 (VIOLATED)
_10187_/A1                              0.750000    0.759356   -0.009356 (VIOLATED)
fanout1193/X                            0.750000    0.759356   -0.009356 (VIOLATED)
_18585_/A2                              0.750000    0.758638   -0.008638 (VIOLATED)
_18581_/A2                              0.750000    0.758637   -0.008637 (VIOLATED)
_18577_/A2                              0.750000    0.758633   -0.008633 (VIOLATED)
_18591_/A2                              0.750000    0.758630   -0.008630 (VIOLATED)
_18575_/A2                              0.750000    0.758630   -0.008630 (VIOLATED)
_18583_/A2                              0.750000    0.758626   -0.008626 (VIOLATED)
_18593_/A2                              0.750000    0.758621   -0.008621 (VIOLATED)
_18587_/A2                              0.750000    0.758563   -0.008563 (VIOLATED)
_18595_/A2                              0.750000    0.758535   -0.008535 (VIOLATED)
fanout1097/A                            0.750000    0.758532   -0.008533 (VIOLATED)
fanout1098/X                            0.750000    0.758532   -0.008533 (VIOLATED)
_15262_/A1                              0.750000    0.758500   -0.008500 (VIOLATED)
_15170_/A                               0.750000    0.758494   -0.008494 (VIOLATED)
_15161_/A2_N                            0.750000    0.758477   -0.008477 (VIOLATED)
_15054_/A2                              0.750000    0.758476   -0.008476 (VIOLATED)
_15053_/Y                               0.750000    0.758476   -0.008476 (VIOLATED)
_14996_/A0                              0.750000    0.758076   -0.008076 (VIOLATED)
_13545_/A1                              0.750000    0.758073   -0.008073 (VIOLATED)
_15811_/C                               0.750000    0.758068   -0.008068 (VIOLATED)
_12394_/A2                              0.750000    0.757973   -0.007973 (VIOLATED)
_12026_/B                               0.750000    0.757961   -0.007961 (VIOLATED)
_12027_/A2                              0.750000    0.757955   -0.007955 (VIOLATED)
_13019_/A1                              0.750000    0.757944   -0.007944 (VIOLATED)
_18948_/A1                              0.750000    0.757826   -0.007826 (VIOLATED)
_18895_/B                               0.750000    0.757825   -0.007825 (VIOLATED)
_18894_/Y                               0.750000    0.757811   -0.007812 (VIOLATED)
_14223_/B2                              0.750000    0.757793   -0.007793 (VIOLATED)
_19766_/A0                              0.750000    0.757791   -0.007791 (VIOLATED)
input12/X                               0.750000    0.757669   -0.007669 (VIOLATED)
_18142_/A0                              0.750000    0.756969   -0.006969 (VIOLATED)
_18107_/A0                              0.750000    0.756967   -0.006967 (VIOLATED)
fanout934/A                             0.750000    0.756929   -0.006929 (VIOLATED)
_12958_/X                               0.750000    0.756891   -0.006891 (VIOLATED)
fanout1812/A                            0.750000    0.756634   -0.006634 (VIOLATED)
_11129_/C1                              0.750000    0.756628   -0.006628 (VIOLATED)
_11576_/B1                              0.750000    0.756558   -0.006558 (VIOLATED)
fanout1815/X                            0.750000    0.756558   -0.006558 (VIOLATED)
load_slew1817/A                         0.750000    0.756558   -0.006558 (VIOLATED)
_18317_/B2                              0.750000    0.756297   -0.006297 (VIOLATED)
_18316_/X                               0.750000    0.756083   -0.006083 (VIOLATED)
_18339_/A2                              0.750000    0.755786   -0.005786 (VIOLATED)
_18182_/S                               0.750000    0.755784   -0.005784 (VIOLATED)
_18407_/A2                              0.750000    0.755784   -0.005784 (VIOLATED)
fanout984/A                             0.750000    0.755782   -0.005782 (VIOLATED)
_18345_/A2                              0.750000    0.755779   -0.005779 (VIOLATED)
fanout986/X                             0.750000    0.755779   -0.005779 (VIOLATED)
load_slew987/A                          0.750000    0.755779   -0.005779 (VIOLATED)
_11858_/B1                              0.750000    0.755215   -0.005215 (VIOLATED)
_11795_/B1                              0.750000    0.755214   -0.005214 (VIOLATED)
_11734_/B1                              0.750000    0.755212   -0.005212 (VIOLATED)
_11676_/B1                              0.750000    0.755171   -0.005171 (VIOLATED)
_11620_/B1                              0.750000    0.755162   -0.005162 (VIOLATED)
_11562_/B1                              0.750000    0.755152   -0.005152 (VIOLATED)
_10562_/B                               0.750000    0.755092   -0.005092 (VIOLATED)
_10625_/B                               0.750000    0.755089   -0.005089 (VIOLATED)
_10687_/B                               0.750000    0.755089   -0.005089 (VIOLATED)
_10744_/B                               0.750000    0.755089   -0.005089 (VIOLATED)
fanout1305/X                            0.750000    0.755089   -0.005089 (VIOLATED)
_18788_/A                               0.750000    0.754865   -0.004865 (VIOLATED)
_18795_/A                               0.750000    0.754862   -0.004862 (VIOLATED)
_18802_/A                               0.750000    0.754857   -0.004857 (VIOLATED)
fanout1613/A                            0.750000    0.754845   -0.004845 (VIOLATED)
fanout1200/A                            0.750000    0.754836   -0.004836 (VIOLATED)
_18738_/A                               0.750000    0.754829   -0.004829 (VIOLATED)
fanout1612/A                            0.750000    0.754822   -0.004822 (VIOLATED)
_18724_/A                               0.750000    0.754820   -0.004820 (VIOLATED)
_18731_/A                               0.750000    0.754820   -0.004820 (VIOLATED)
fanout1198/A                            0.750000    0.754820   -0.004820 (VIOLATED)
fanout1201/X                            0.750000    0.754820   -0.004820 (VIOLATED)
_10875_/B2                              0.750000    0.754772   -0.004772 (VIOLATED)
fanout1614/X                            0.750000    0.754759   -0.004759 (VIOLATED)
load_slew1615/A                         0.750000    0.754759   -0.004759 (VIOLATED)
input85/X                               0.750000    0.754681   -0.004681 (VIOLATED)
wire772/A                               0.750000    0.754657   -0.004657 (VIOLATED)
_17240_/S                               0.750000    0.754656   -0.004656 (VIOLATED)
_17252_/S                               0.750000    0.754656   -0.004656 (VIOLATED)
_17257_/S                               0.750000    0.754656   -0.004656 (VIOLATED)
_17265_/S                               0.750000    0.754656   -0.004656 (VIOLATED)
fanout771/X                             0.750000    0.754656   -0.004656 (VIOLATED)
_13118_/B                               0.750000    0.754438   -0.004438 (VIOLATED)
fanout1458/A                            0.750000    0.754431   -0.004431 (VIOLATED)
fanout1460/X                            0.750000    0.754431   -0.004431 (VIOLATED)
load_slew1461/A                         0.750000    0.754431   -0.004431 (VIOLATED)
_21720_/RESET_B                         0.750000    0.754118   -0.004118 (VIOLATED)
_21221_/RESET_B                         0.750000    0.754106   -0.004106 (VIOLATED)
fanout2325/A                            0.750000    0.754105   -0.004105 (VIOLATED)
_21220_/RESET_B                         0.750000    0.754099   -0.004099 (VIOLATED)
_21639_/RESET_B                         0.750000    0.754091   -0.004091 (VIOLATED)
fanout2323/A                            0.750000    0.754087   -0.004087 (VIOLATED)
fanout2327/X                            0.750000    0.754087   -0.004087 (VIOLATED)
_21765_/A                               0.750000    0.753197   -0.003197 (VIOLATED)
_12252_/B                               0.750000    0.753021   -0.003021 (VIOLATED)
_19006_/A1                              0.750000    0.752879   -0.002879 (VIOLATED)
max_cap503/A                            0.750000    0.752864   -0.002864 (VIOLATED)
_11189_/Y                               0.750000    0.752851   -0.002851 (VIOLATED)
fanout2472/A                            0.750000    0.752020   -0.002020 (VIOLATED)
_21361_/RESET_B                         0.750000    0.752018   -0.002018 (VIOLATED)
fanout2470/A                            0.750000    0.752014   -0.002014 (VIOLATED)
_21366_/RESET_B                         0.750000    0.752013   -0.002013 (VIOLATED)
_21367_/RESET_B                         0.750000    0.752010   -0.002010 (VIOLATED)
_21368_/RESET_B                         0.750000    0.751999   -0.001999 (VIOLATED)
_21369_/RESET_B                         0.750000    0.751999   -0.001999 (VIOLATED)
fanout2473/X                            0.750000    0.751999   -0.001999 (VIOLATED)
_10995_/B                               0.750000    0.751791   -0.001791 (VIOLATED)
_10969_/A2                              0.750000    0.751788   -0.001788 (VIOLATED)
_19000_/A0                              0.750000    0.751643   -0.001643 (VIOLATED)
max_cap1373/A                           0.750000    0.751265   -0.001265 (VIOLATED)
_18576_/A1                              0.750000    0.751023   -0.001023 (VIOLATED)
_18590_/A1                              0.750000    0.751023   -0.001023 (VIOLATED)
_18596_/A1                              0.750000    0.751020   -0.001020 (VIOLATED)
_18584_/A1                              0.750000    0.751018   -0.001018 (VIOLATED)
_18592_/A1                              0.750000    0.751016   -0.001016 (VIOLATED)
_18574_/A1                              0.750000    0.751015   -0.001016 (VIOLATED)
_18582_/A1                              0.750000    0.751015   -0.001015 (VIOLATED)
_18598_/A1                              0.750000    0.751002   -0.001002 (VIOLATED)
_18580_/A1                              0.750000    0.751001   -0.001001 (VIOLATED)
_18586_/A1                              0.750000    0.750986   -0.000986 (VIOLATED)
fanout2318/X                            0.750000    0.750982   -0.000982 (VIOLATED)
_10967_/Y                               0.750000    0.750974   -0.000974 (VIOLATED)
_11507_/S1                              0.750000    0.750104   -0.000105 (VIOLATED)
_10412_/S1                              0.750000    0.750101   -0.000101 (VIOLATED)
_11123_/S1                              0.750000    0.750081   -0.000081 (VIOLATED)
_11508_/S1                              0.750000    0.750071   -0.000071 (VIOLATED)
load_slew2008/A                         0.750000    0.750055   -0.000055 (VIOLATED)
_12320_/B                               0.750000    0.750049   -0.000049 (VIOLATED)
_12585_/B                               0.750000    0.750048   -0.000048 (VIOLATED)
_11521_/S1                              0.750000    0.750042   -0.000042 (VIOLATED)
fanout2007/X                            0.750000    0.750042   -0.000042 (VIOLATED)
_12576_/B                               0.750000    0.750041   -0.000041 (VIOLATED)
_13232_/A2                              0.750000    0.750041   -0.000041 (VIOLATED)

max fanout

Pin                                   Limit Fanout  Slack
---------------------------------------------------------
_12574_/X                                10     13     -3 (VIOLATED)
wire1353/X                               10     13     -3 (VIOLATED)
_21607_/Q                                10     11        (VIOLATED)
clkbuf_leaf_101_u_ibex_top.clk/X         10     11        (VIOLATED)
clkbuf_leaf_107_u_ibex_top.clk/X         10     11        (VIOLATED)
clkbuf_leaf_11_u_ibex_top.clk/X          10     11        (VIOLATED)
clkbuf_leaf_125_u_ibex_top.clk/X         10     11        (VIOLATED)
clkbuf_leaf_130_u_ibex_top.clk/X         10     11        (VIOLATED)
clkbuf_leaf_143_u_ibex_top.clk/X         10     11        (VIOLATED)
clkbuf_leaf_151_u_ibex_top.clk/X         10     11        (VIOLATED)
clkbuf_leaf_192_u_ibex_top.clk/X         10     11        (VIOLATED)
clkbuf_leaf_20_u_ibex_top.clk/X          10     11        (VIOLATED)
clkbuf_leaf_64_u_ibex_top.clk/X          10     11        (VIOLATED)
clkbuf_leaf_91_u_ibex_top.clk/X          10     11        (VIOLATED)
clkbuf_leaf_93_u_ibex_top.clk/X          10     11        (VIOLATED)
clkbuf_leaf_97_u_ibex_top.clk/X          10     11        (VIOLATED)
fanout1026/X                             10     11        (VIOLATED)
fanout1915/X                             10     11        (VIOLATED)

max capacitance

Pin                                        Limit         Cap       Slack
------------------------------------------------------------------------
fanout1913/X                            0.094309    0.166924   -0.072615 (VIOLATED)
fanout1915/X                            0.094309    0.149348   -0.055039 (VIOLATED)
fanout2294/X                            0.094309    0.141535   -0.047226 (VIOLATED)
fanout1949/X                            0.094309    0.139150   -0.044841 (VIOLATED)
fanout1546/X                            0.094309    0.136971   -0.042662 (VIOLATED)
fanout1283/X                            0.094309    0.136729   -0.042420 (VIOLATED)
fanout1764/X                            0.094309    0.135407   -0.041098 (VIOLATED)
fanout1781/X                            0.094309    0.135146   -0.040837 (VIOLATED)
fanout1024/X                            0.094309    0.131869   -0.037560 (VIOLATED)
fanout1701/X                            0.094309    0.129899   -0.035590 (VIOLATED)
fanout1278/X                            0.094309    0.127591   -0.033282 (VIOLATED)
fanout860/X                             0.094309    0.127075   -0.032766 (VIOLATED)
fanout1757/X                            0.094309    0.126710   -0.032401 (VIOLATED)
fanout1588/X                            0.094309    0.124055   -0.029746 (VIOLATED)
fanout1237/X                            0.094309    0.122638   -0.028329 (VIOLATED)
fanout2026/X                            0.094309    0.122395   -0.028086 (VIOLATED)
fanout2301/X                            0.094309    0.122149   -0.027840 (VIOLATED)
fanout2307/X                            0.094309    0.122010   -0.027701 (VIOLATED)
fanout1853/X                            0.094309    0.121153   -0.026844 (VIOLATED)
fanout1140/X                            0.094309    0.120744   -0.026435 (VIOLATED)
fanout2288/X                            0.094309    0.120444   -0.026135 (VIOLATED)
fanout1281/X                            0.094309    0.120309   -0.026000 (VIOLATED)
fanout926/X                             0.094309    0.119586   -0.025277 (VIOLATED)
fanout1900/X                            0.094309    0.119108   -0.024799 (VIOLATED)
fanout1020/X                            0.094309    0.118683   -0.024374 (VIOLATED)
fanout1773/X                            0.094309    0.117795   -0.023486 (VIOLATED)
fanout2302/X                            0.094309    0.116688   -0.022379 (VIOLATED)
fanout1255/X                            0.094309    0.116621   -0.022312 (VIOLATED)
fanout1025/X                            0.094309    0.116571   -0.022262 (VIOLATED)
fanout1160/X                            0.094309    0.116446   -0.022137 (VIOLATED)
fanout1031/X                            0.094309    0.115991   -0.021682 (VIOLATED)
fanout1026/X                            0.094309    0.115517   -0.021208 (VIOLATED)
fanout1823/X                            0.094309    0.115340   -0.021031 (VIOLATED)
fanout1756/X                            0.094309    0.114070   -0.019761 (VIOLATED)
fanout1953/X                            0.094309    0.113692   -0.019383 (VIOLATED)
fanout1207/X                            0.094309    0.112779   -0.018470 (VIOLATED)
fanout1591/X                            0.094309    0.110426   -0.016117 (VIOLATED)
fanout928/X                             0.094309    0.110094   -0.015785 (VIOLATED)
fanout1027/X                            0.094309    0.110076   -0.015767 (VIOLATED)
fanout2160/X                            0.094309    0.109908   -0.015599 (VIOLATED)
fanout1349/X                            0.094309    0.109747   -0.015438 (VIOLATED)
fanout1023/X                            0.094309    0.109578   -0.015269 (VIOLATED)
fanout1256/X                            0.094309    0.109011   -0.014702 (VIOLATED)
fanout1158/X                            0.094309    0.108844   -0.014535 (VIOLATED)
fanout1854/X                            0.094309    0.108607   -0.014298 (VIOLATED)
fanout1901/X                            0.094309    0.107242   -0.012933 (VIOLATED)
fanout1424/X                            0.094309    0.107114   -0.012805 (VIOLATED)
fanout1238/X                            0.094309    0.106971   -0.012662 (VIOLATED)
fanout1175/X                            0.094309    0.106901   -0.012592 (VIOLATED)
fanout1230/X                            0.094309    0.103887   -0.009578 (VIOLATED)
fanout1926/X                            0.094309    0.103745   -0.009436 (VIOLATED)
fanout929/X                             0.094309    0.103485   -0.009176 (VIOLATED)
fanout1028/X                            0.094309    0.103117   -0.008808 (VIOLATED)
fanout428/X                             0.094309    0.102729   -0.008420 (VIOLATED)
fanout1871/X                            0.094309    0.101662   -0.007353 (VIOLATED)
fanout1344/X                            0.094309    0.101225   -0.006916 (VIOLATED)
fanout942/X                             0.094309    0.099707   -0.005398 (VIOLATED)
fanout924/X                             0.094309    0.099658   -0.005349 (VIOLATED)
fanout1347/X                            0.094309    0.099346   -0.005037 (VIOLATED)
fanout937/X                             0.094309    0.098477   -0.004168 (VIOLATED)
fanout1229/X                            0.094309    0.098061   -0.003752 (VIOLATED)
fanout1153/X                            0.094309    0.097568   -0.003259 (VIOLATED)
fanout932/X                             0.094309    0.097524   -0.003215 (VIOLATED)
fanout941/X                             0.094309    0.097399   -0.003090 (VIOLATED)
fanout365/X                             0.094309    0.096729   -0.002420 (VIOLATED)
fanout2199/X                            0.094309    0.096683   -0.002374 (VIOLATED)
fanout1467/X                            0.094309    0.095333   -0.001024 (VIOLATED)
fanout2304/X                            0.094309    0.095326   -0.001017 (VIOLATED)
fanout1093/X                            0.094309    0.095232   -0.000923 (VIOLATED)
fanout1287/X                            0.094309    0.094360   -0.000051 (VIOLATED)
fanout381/X                             0.094309    0.094317   -0.000008 (VIOLATED)



===========================================================================
report_parasitic_annotation -report_unannotated
============================================================================
Found 163 unannotated drivers.
 _21699__2698/HI
 chipus_ibex_wrapper/HI
 chipus_ibex_wrapper_2699/HI
 chipus_ibex_wrapper_2700/HI
 chipus_ibex_wrapper_2701/HI
 chipus_ibex_wrapper_2702/HI
 chipus_ibex_wrapper_2703/HI
 chipus_ibex_wrapper_2704/HI
 clkload0/X
 clkload1/X
 clkload10/X
 clkload100/X
 clkload101/X
 clkload102/X
 clkload103/X
 clkload104/Y
 clkload105/Y
 clkload106/Y
 clkload107/X
 clkload108/Y
 clkload109/X
 clkload11/X
 clkload110/X
 clkload111/X
 clkload112/Y
 clkload113/X
 clkload114/X
 clkload115/X
 clkload116/X
 clkload117/X
 clkload118/X
 clkload119/X
 clkload12/X
 clkload120/X
 clkload121/X
 clkload122/X
 clkload123/X
 clkload124/X
 clkload125/Y
 clkload126/X
 clkload127/X
 clkload128/X
 clkload129/X
 clkload13/Y
 clkload130/X
 clkload131/X
 clkload132/X
 clkload133/X
 clkload134/X
 clkload135/X
 clkload136/X
 clkload137/X
 clkload138/X
 clkload139/Y
 clkload14/X
 clkload140/X
 clkload141/Y
 clkload142/X
 clkload143/Y
 clkload144/X
 clkload145/Y
 clkload146/Y
 clkload147/X
 clkload148/X
 clkload149/X
 clkload15/X
 clkload150/X
 clkload151/X
 clkload152/X
 clkload153/X
 clkload154/X
 clkload16/X
 clkload17/X
 clkload18/X
 clkload19/X
 clkload2/X
 clkload20/X
 clkload21/X
 clkload22/X
 clkload23/X
 clkload24/X
 clkload25/X
 clkload26/X
 clkload27/X
 clkload28/Y
 clkload29/X
 clkload3/X
 clkload30/X
 clkload31/X
 clkload32/X
 clkload33/X
 clkload34/Y
 clkload35/X
 clkload36/X
 clkload37/X
 clkload38/Y
 clkload39/X
 clkload4/X
 clkload40/Y
 clkload41/X
 clkload42/Y
 clkload43/Y
 clkload44/X
 clkload45/X
 clkload46/X
 clkload47/X
 clkload48/Y
 clkload49/X
 clkload5/X
 clkload50/Y
 clkload51/X
 clkload52/X
 clkload53/Y
 clkload54/X
 clkload55/X
 clkload56/X
 clkload57/X
 clkload58/Y
 clkload59/Y
 clkload6/X
 clkload60/X
 clkload61/X
 clkload62/Y
 clkload63/X
 clkload64/X
 clkload65/X
 clkload66/X
 clkload67/X
 clkload68/X
 clkload69/X
 clkload7/X
 clkload70/X
 clkload71/X
 clkload72/X
 clkload73/X
 clkload74/Y
 clkload75/Y
 clkload76/X
 clkload77/X
 clkload78/X
 clkload79/Y
 clkload8/Y
 clkload80/X
 clkload81/X
 clkload82/X
 clkload83/Y
 clkload84/X
 clkload85/X
 clkload86/Y
 clkload87/X
 clkload88/X
 clkload89/X
 clkload9/X
 clkload90/X
 clkload91/X
 clkload92/X
 clkload93/X
 clkload94/X
 clkload95/Y
 clkload96/X
 clkload97/X
 clkload98/X
 clkload99/X
Found 0 partially unannotated drivers.

===========================================================================
max slew violation count 6981
max fanout violation count 18
max cap violation count 71
============================================================================

===========================================================================
check_setup -verbose -unconstrained_endpoints -multiple_clock -no_clock -no_input_delay -loops -generated_clocks
===========================================================================
