
===========================================================================
report_checks -unconstrained
===========================================================================
======================= max_tt_025C_1v80 Corner ===================================

Startpoint: _21716_ (negative level-sensitive latch clocked by clk_i)
Endpoint: _12039_ (rising clock gating-check end-point clocked by clk_i)
Path Group: gated clock
Path Type: max

Fanout         Cap        Slew       Delay        Time   Description
---------------------------------------------------------------------------------------------
                                 25.000000   25.000000   clock clk_i (fall edge)
                                  0.000000   25.000000   clock source latency
     2    0.127296    0.000000    0.000000   25.000000 v clk_i (in)
                                                         clk_i (net)
                      0.017585    0.008793   25.008793 v delaybuf_0_clk_i/A (sky130_fd_sc_hd__clkbuf_16)
     1    0.018968    0.034690    0.133333   25.142126 v delaybuf_0_clk_i/X (sky130_fd_sc_hd__clkbuf_16)
                                                         delaynet_0_clk_i (net)
                      0.034796    0.002281   25.144407 v delaybuf_1_clk_i/A (sky130_fd_sc_hd__clkbuf_16)
     1    0.018322    0.034330    0.140483   25.284889 v delaybuf_1_clk_i/X (sky130_fd_sc_hd__clkbuf_16)
                                                         delaynet_1_clk_i (net)
                      0.034393    0.002203   25.287092 v delaybuf_2_clk_i/A (sky130_fd_sc_hd__clkbuf_16)
     1    0.021715    0.036168    0.142823   25.429914 v delaybuf_2_clk_i/X (sky130_fd_sc_hd__clkbuf_16)
                                                         delaynet_2_clk_i (net)
                      0.036538    0.002556   25.432470 v delaybuf_3_clk_i/A (sky130_fd_sc_hd__clkbuf_16)
     1    0.020296    0.035415    0.142677   25.575148 v delaybuf_3_clk_i/X (sky130_fd_sc_hd__clkbuf_16)
                                                         delaynet_3_clk_i (net)
                      0.035650    0.002478   25.577625 v clkbuf_regs_0_clk_i/A (sky130_fd_sc_hd__clkbuf_16)
     1    0.009332    0.029319    0.134117   25.711742 v clkbuf_regs_0_clk_i/X (sky130_fd_sc_hd__clkbuf_16)
                                                         clk_i_regs (net)
                      0.029323    0.000753   25.712496 v clkbuf_0_clk_i_regs/A (sky130_fd_sc_hd__clkbuf_16)
     2    0.017611    0.033841    0.137678   25.850174 v clkbuf_0_clk_i_regs/X (sky130_fd_sc_hd__clkbuf_16)
                                                         clknet_0_clk_i_regs (net)
                      0.033841    0.000982   25.851156 v clkbuf_1_1__f_clk_i_regs/A (sky130_fd_sc_hd__clkbuf_16)
     2    0.006841    0.027783    0.131234   25.982389 v clkbuf_1_1__f_clk_i_regs/X (sky130_fd_sc_hd__clkbuf_16)
                                                         clknet_1_1__leaf_clk_i_regs (net)
                      0.027784    0.000266   25.982656 v _21716_/GATE_N (sky130_fd_sc_hd__dlxtn_1)
     1    0.079130    0.732258    0.857540   26.840197 ^ _21716_/Q (sky130_fd_sc_hd__dlxtn_1)
                                                         u_ibex_top.core_clock_gate_i.en_latch (net)
                      0.733273    0.022602   26.862799 ^ _12039_/B (sky130_fd_sc_hd__and2_2)
                                             26.862799   data arrival time

                                 50.000000   50.000000   clock clk_i (rise edge)
                                  0.000000   50.000000   clock source latency
     2    0.129284    0.000000    0.000000   50.000000 ^ clk_i (in)
                                                         clk_i (net)
                      0.084756    0.042377   50.042374 ^ clkbuf_0_clk_i/A (sky130_fd_sc_hd__clkbuf_16)
     1    0.011856    0.034978    0.132076   50.174450 ^ clkbuf_0_clk_i/X (sky130_fd_sc_hd__clkbuf_16)
                                                         clknet_0_clk_i (net)
                      0.034983    0.001020   50.175472 ^ clkbuf_1_0__f_clk_i/A (sky130_fd_sc_hd__clkbuf_16)
     1    0.001836    0.025769    0.103086   50.278557 ^ clkbuf_1_0__f_clk_i/X (sky130_fd_sc_hd__clkbuf_16)
                                                         clknet_1_0__leaf_clk_i (net)
                      0.025769    0.000128   50.278683 ^ _12039_/A (sky130_fd_sc_hd__and2_2)
                                 -0.250000   50.028683   clock uncertainty
                                  0.000000   50.028683   clock reconvergence pessimism
                                  0.000000   50.028683   clock gating setup time
                                             50.028683   data required time
---------------------------------------------------------------------------------------------
                                             50.028683   data required time
                                            -26.862799   data arrival time
---------------------------------------------------------------------------------------------
                                             23.165884   slack (MET)


Startpoint: irq_fast_i[0] (input port clocked by clk_i)
Endpoint: _21716_ (negative level-sensitive latch clocked by clk_i)
Path Group: clk_i
Path Type: max

Fanout         Cap        Slew       Delay        Time   Description
---------------------------------------------------------------------------------------------
                                  0.000000    0.000000   clock clk_i (rise edge)
                                  0.000000    0.000000   clock network delay (propagated)
                                  5.000000    5.000000 v input external delay
     1    0.003682    0.150000    0.000000    5.000000 v irq_fast_i[0] (in)
                                                         irq_fast_i[0] (net)
                      0.150195    0.000097    5.000097 v input72/A (sky130_fd_sc_hd__clkdlybuf4s25_1)
     3    0.055707    0.408942    0.560680    5.560778 v input72/X (sky130_fd_sc_hd__clkdlybuf4s25_1)
                                                         net72 (net)
                      0.409969    0.016011    5.576789 v _12019_/A2 (sky130_fd_sc_hd__a22o_2)
     2    0.007250    0.053200    0.406736    5.983525 v _12019_/X (sky130_fd_sc_hd__a22o_2)
                                                         _06377_ (net)
                      0.053200    0.000449    5.983974 v _12022_/A_N (sky130_fd_sc_hd__and3b_2)
     2    0.009505    0.072731    0.253540    6.237514 ^ _12022_/X (sky130_fd_sc_hd__and3b_2)
                                                         _06380_ (net)
                      0.072732    0.000330    6.237844 ^ _12023_/B (sky130_fd_sc_hd__nand2_2)
     3    0.027072    0.115016    0.118392    6.356236 v _12023_/Y (sky130_fd_sc_hd__nand2_2)
                                                         _06381_ (net)
                      0.115044    0.001489    6.357725 v _12032_/A (sky130_fd_sc_hd__or3b_2)
     4    0.041730    0.180270    0.628936    6.986660 v _12032_/X (sky130_fd_sc_hd__or3b_2)
                                                         _06390_ (net)
                      0.180709    0.007613    6.994273 v _12035_/B1 (sky130_fd_sc_hd__a2111o_2)
     4    0.038715    0.150692    0.604303    7.598576 v _12035_/X (sky130_fd_sc_hd__a2111o_2)
                                                         _06393_ (net)
                      0.151220    0.007093    7.605669 v _12037_/B (sky130_fd_sc_hd__or2_2)
     2    0.009269    0.072666    0.338065    7.943734 v _12037_/X (sky130_fd_sc_hd__or2_2)
                                                         u_ibex_top.clock_en (net)
                      0.072666    0.000233    7.943966 v _21716_/D (sky130_fd_sc_hd__dlxtn_1)
                                              7.943966   data arrival time

                                 25.000000   25.000000   clock clk_i (fall edge)
                                  0.000000   25.000000   clock source latency
     2    0.127296    0.000000    0.000000   25.000000 v clk_i (in)
                                                         clk_i (net)
                      0.017585    0.008793   25.008793 v delaybuf_0_clk_i/A (sky130_fd_sc_hd__clkbuf_16)
     1    0.018968    0.034690    0.133333   25.142126 v delaybuf_0_clk_i/X (sky130_fd_sc_hd__clkbuf_16)
                                                         delaynet_0_clk_i (net)
                      0.034796    0.002281   25.144407 v delaybuf_1_clk_i/A (sky130_fd_sc_hd__clkbuf_16)
     1    0.018322    0.034330    0.140483   25.284889 v delaybuf_1_clk_i/X (sky130_fd_sc_hd__clkbuf_16)
                                                         delaynet_1_clk_i (net)
                      0.034393    0.002203   25.287092 v delaybuf_2_clk_i/A (sky130_fd_sc_hd__clkbuf_16)
     1    0.021715    0.036168    0.142823   25.429914 v delaybuf_2_clk_i/X (sky130_fd_sc_hd__clkbuf_16)
                                                         delaynet_2_clk_i (net)
                      0.036538    0.002556   25.432470 v delaybuf_3_clk_i/A (sky130_fd_sc_hd__clkbuf_16)
     1    0.020296    0.035415    0.142677   25.575148 v delaybuf_3_clk_i/X (sky130_fd_sc_hd__clkbuf_16)
                                                         delaynet_3_clk_i (net)
                      0.035650    0.002478   25.577625 v clkbuf_regs_0_clk_i/A (sky130_fd_sc_hd__clkbuf_16)
     1    0.009332    0.029319    0.134117   25.711742 v clkbuf_regs_0_clk_i/X (sky130_fd_sc_hd__clkbuf_16)
                                                         clk_i_regs (net)
                      0.029323    0.000753   25.712496 v clkbuf_0_clk_i_regs/A (sky130_fd_sc_hd__clkbuf_16)
     2    0.017611    0.033841    0.137678   25.850174 v clkbuf_0_clk_i_regs/X (sky130_fd_sc_hd__clkbuf_16)
                                                         clknet_0_clk_i_regs (net)
                      0.033841    0.000982   25.851156 v clkbuf_1_1__f_clk_i_regs/A (sky130_fd_sc_hd__clkbuf_16)
     2    0.006841    0.027783    0.131234   25.982389 v clkbuf_1_1__f_clk_i_regs/X (sky130_fd_sc_hd__clkbuf_16)
                                                         clknet_1_1__leaf_clk_i_regs (net)
                      0.027784    0.000266   25.982656 v _21716_/GATE_N (sky130_fd_sc_hd__dlxtn_1)
                                 -0.250000   25.732658   clock uncertainty
                                  0.000000   25.732658   clock reconvergence pessimism
                                  0.000000   25.732658   time borrowed from endpoint
                                             25.732658   data required time
---------------------------------------------------------------------------------------------
                                             25.732658   data required time
                                             -7.943966   data arrival time
---------------------------------------------------------------------------------------------
                                             17.788691   slack (MET)

Time Borrowing Information
------------------------------------------------
clk_i nominal pulse width              25.000000
clock latency difference               -0.123922
library setup time                     -0.128450
------------------------------------------------
max time borrow                        24.747627
actual time borrow                      0.000000
------------------------------------------------




===========================================================================
report_checks --slack_max -0.01
============================================================================
======================= max_tt_025C_1v80 Corner ===================================

No paths found.


===========================================================================
 report_check_types -max_slew -max_cap -max_fanout -violators
============================================================================
======================= max_tt_025C_1v80 Corner ===================================

max slew

Pin                                        Limit        Slew       Slack
------------------------------------------------------------------------
_11945_/A1                              0.750000    1.647868   -0.897868 (VIOLATED)
_11257_/A1                              0.750000    1.647786   -0.897786 (VIOLATED)
_09965_/A1                              0.750000    1.647781   -0.897781 (VIOLATED)
_09962_/B1                              0.750000    1.647761   -0.897761 (VIOLATED)
_18423_/B2                              0.750000    1.647652   -0.897652 (VIOLATED)
_09971_/C                               0.750000    1.647563   -0.897563 (VIOLATED)
_09972_/D                               0.750000    1.647472   -0.897472 (VIOLATED)
_12133_/B                               0.750000    1.647243   -0.897243 (VIOLATED)
_12006_/B                               0.750000    1.647146   -0.897146 (VIOLATED)
_12045_/B                               0.750000    1.646967   -0.896967 (VIOLATED)
fanout1913/X                            0.750000    1.646931   -0.896931 (VIOLATED)
_18418_/B2                              0.750000    1.494205   -0.744205 (VIOLATED)
_11885_/A1                              0.750000    1.494085   -0.744085 (VIOLATED)
_10303_/A1                              0.750000    1.493993   -0.743993 (VIOLATED)
_10304_/A1                              0.750000    1.493970   -0.743970 (VIOLATED)
_09985_/S                               0.750000    1.492939   -0.742939 (VIOLATED)
_09987_/C                               0.750000    1.492417   -0.742417 (VIOLATED)
_09972_/C                               0.750000    1.491311   -0.741311 (VIOLATED)
ANTENNA_112/DIODE                       0.750000    1.491300   -0.741300 (VIOLATED)
_12006_/A                               0.750000    1.489204   -0.739204 (VIOLATED)
_12045_/A                               0.750000    1.488620   -0.738620 (VIOLATED)
_12052_/B                               0.750000    1.488066   -0.738066 (VIOLATED)
fanout1915/X                            0.750000    1.488027   -0.738027 (VIOLATED)
_10021_/B1                              0.750000    1.396959   -0.646959 (VIOLATED)
_10017_/A1                              0.750000    1.396938   -0.646938 (VIOLATED)
_09978_/A_N                             0.750000    1.396891   -0.646891 (VIOLATED)
_09982_/C                               0.750000    1.396829   -0.646829 (VIOLATED)
_09987_/D_N                             0.750000    1.396808   -0.646808 (VIOLATED)
_09975_/A                               0.750000    1.396560   -0.646560 (VIOLATED)
_09974_/A                               0.750000    1.396220   -0.646220 (VIOLATED)
_09980_/B                               0.750000    1.396001   -0.646001 (VIOLATED)
_18310_/A0                              0.750000    1.394976   -0.644976 (VIOLATED)
_19546_/A1                              0.750000    1.394898   -0.644898 (VIOLATED)
fanout2294/X                            0.750000    1.394888   -0.644888 (VIOLATED)
_11439_/A                               0.750000    1.378993   -0.628993 (VIOLATED)
_10574_/A1                              0.750000    1.378975   -0.628975 (VIOLATED)
_11124_/D1                              0.750000    1.378938   -0.628938 (VIOLATED)
_10699_/D1                              0.750000    1.378869   -0.628869 (VIOLATED)
_10455_/C                               0.750000    1.378867   -0.628867 (VIOLATED)
_10458_/C                               0.750000    1.378825   -0.628825 (VIOLATED)
fanout1949/X                            0.750000    1.378796   -0.628796 (VIOLATED)
_13899_/D                               0.750000    1.362838   -0.612838 (VIOLATED)
_14541_/C1                              0.750000    1.362727   -0.612727 (VIOLATED)
_14142_/D1                              0.750000    1.362530   -0.612530 (VIOLATED)
_13452_/C                               0.750000    1.362458   -0.612458 (VIOLATED)
fanout1545/A                            0.750000    1.359620   -0.609620 (VIOLATED)
fanout1544/A                            0.750000    1.358837   -0.608837 (VIOLATED)
fanout1546/X                            0.750000    1.358827   -0.608827 (VIOLATED)
_13021_/A2                              0.750000    1.353319   -0.603319 (VIOLATED)
_13033_/B1                              0.750000    1.353305   -0.603305 (VIOLATED)
_13088_/B1                              0.750000    1.353215   -0.603216 (VIOLATED)
fanout1282/A                            0.750000    1.353016   -0.603016 (VIOLATED)
_13120_/A2                              0.750000    1.352973   -0.602973 (VIOLATED)
_12776_/A2                              0.750000    1.352948   -0.602948 (VIOLATED)
_12923_/A2                              0.750000    1.352871   -0.602871 (VIOLATED)
_12951_/A2                              0.750000    1.352870   -0.602870 (VIOLATED)
_12939_/B1                              0.750000    1.352865   -0.602865 (VIOLATED)
_12979_/A2                              0.750000    1.352865   -0.602865 (VIOLATED)
fanout1283/X                            0.750000    1.352862   -0.602862 (VIOLATED)
_12676_/A                               0.750000    1.343092   -0.593092 (VIOLATED)
_12679_/A                               0.750000    1.343078   -0.593078 (VIOLATED)
_12678_/A                               0.750000    1.343049   -0.593049 (VIOLATED)
_11511_/A2                              0.750000    1.342492   -0.592492 (VIOLATED)
_11871_/A2                              0.750000    1.342483   -0.592483 (VIOLATED)
_11517_/A2                              0.750000    1.342478   -0.592478 (VIOLATED)
_11322_/A2                              0.750000    1.342423   -0.592423 (VIOLATED)
_11324_/A2                              0.750000    1.342379   -0.592379 (VIOLATED)
_11326_/A2                              0.750000    1.342365   -0.592365 (VIOLATED)
_11320_/A2                              0.750000    1.342356   -0.592356 (VIOLATED)
fanout1764/X                            0.750000    1.342344   -0.592344 (VIOLATED)
_12164_/B                               0.750000    1.335925   -0.585925 (VIOLATED)
_12703_/A                               0.750000    1.335906   -0.585906 (VIOLATED)
_12688_/A                               0.750000    1.335899   -0.585899 (VIOLATED)
_12698_/A                               0.750000    1.335890   -0.585890 (VIOLATED)
_11516_/A2                              0.750000    1.334865   -0.584865 (VIOLATED)
_11510_/A2                              0.750000    1.334859   -0.584859 (VIOLATED)
_11323_/A2                              0.750000    1.334672   -0.584672 (VIOLATED)
_11321_/A2                              0.750000    1.334612   -0.584612 (VIOLATED)
_11325_/A2                              0.750000    1.334427   -0.584427 (VIOLATED)
_11319_/A2                              0.750000    1.334390   -0.584390 (VIOLATED)
fanout1781/X                            0.750000    1.334390   -0.584390 (VIOLATED)
_18275_/A1                              0.750000    1.313000   -0.563000 (VIOLATED)
_12798_/A3                              0.750000    1.312992   -0.562992 (VIOLATED)
_18029_/A1                              0.750000    1.312951   -0.562951 (VIOLATED)
_17898_/B2                              0.750000    1.312694   -0.562694 (VIOLATED)
_18217_/A1                              0.750000    1.312549   -0.562549 (VIOLATED)
_17908_/A0                              0.750000    1.311968   -0.561968 (VIOLATED)
_17650_/B2                              0.750000    1.310108   -0.560108 (VIOLATED)
_17398_/A1                              0.750000    1.309642   -0.559642 (VIOLATED)
_17789_/A1                              0.750000    1.309256   -0.559256 (VIOLATED)
_17526_/A1                              0.750000    1.309165   -0.559165 (VIOLATED)
fanout1024/X                            0.750000    1.309131   -0.559131 (VIOLATED)
_12263_/A                               0.750000    1.285457   -0.535457 (VIOLATED)
fanout1700/A                            0.750000    1.285311   -0.535311 (VIOLATED)
_14776_/A                               0.750000    1.284677   -0.534677 (VIOLATED)
ANTENNA_51/DIODE                        0.750000    1.284676   -0.534676 (VIOLATED)
_10565_/A                               0.750000    1.284195   -0.534195 (VIOLATED)
_10564_/A                               0.750000    1.284190   -0.534190 (VIOLATED)
_12072_/B1                              0.750000    1.284187   -0.534187 (VIOLATED)
_09985_/A1                              0.750000    1.284180   -0.534180 (VIOLATED)
_10022_/A                               0.750000    1.284159   -0.534159 (VIOLATED)
fanout1701/X                            0.750000    1.284123   -0.534123 (VIOLATED)
_16375_/S                               0.750000    1.271243   -0.521243 (VIOLATED)
_16388_/S                               0.750000    1.271211   -0.521211 (VIOLATED)
_16376_/S                               0.750000    1.271185   -0.521185 (VIOLATED)
_16384_/S                               0.750000    1.271073   -0.521074 (VIOLATED)
_16387_/S                               0.750000    1.271006   -0.521006 (VIOLATED)
_16380_/S                               0.750000    1.270970   -0.520970 (VIOLATED)
_16378_/S                               0.750000    1.270966   -0.520966 (VIOLATED)
_16379_/S                               0.750000    1.270960   -0.520960 (VIOLATED)
fanout860/X                             0.750000    1.270917   -0.520917 (VIOLATED)
_13089_/C1                              0.750000    1.266180   -0.516180 (VIOLATED)
_13075_/C1                              0.750000    1.266136   -0.516136 (VIOLATED)
fanout1277/A                            0.750000    1.265913   -0.515913 (VIOLATED)
_12765_/C1                              0.750000    1.265802   -0.515802 (VIOLATED)
_12778_/C1                              0.750000    1.265795   -0.515795 (VIOLATED)
_12806_/B                               0.750000    1.265707   -0.515707 (VIOLATED)
_12845_/C1                              0.750000    1.265689   -0.515689 (VIOLATED)
_12898_/B1                              0.750000    1.265399   -0.515399 (VIOLATED)
_12883_/B1                              0.750000    1.265393   -0.515393 (VIOLATED)
_12872_/B1                              0.750000    1.265385   -0.515385 (VIOLATED)
fanout1278/X                            0.750000    1.265371   -0.515371 (VIOLATED)
_12701_/A                               0.750000    1.253458   -0.503458 (VIOLATED)
_12702_/A                               0.750000    1.253443   -0.503443 (VIOLATED)
_12690_/A                               0.750000    1.253395   -0.503395 (VIOLATED)
_12143_/A                               0.750000    1.253359   -0.503359 (VIOLATED)
_12162_/A                               0.750000    1.253347   -0.503347 (VIOLATED)
_11875_/B1                              0.750000    1.252157   -0.502157 (VIOLATED)
_11871_/B1                              0.750000    1.252150   -0.502150 (VIOLATED)
fanout1756/A                            0.750000    1.252115   -0.502115 (VIOLATED)
fanout1757/X                            0.750000    1.252056   -0.502056 (VIOLATED)
_18404_/B1                              0.750000    1.228059   -0.478060 (VIOLATED)
_18399_/A                               0.750000    1.228053   -0.478053 (VIOLATED)
_18387_/B1                              0.750000    1.228043   -0.478043 (VIOLATED)
_18353_/B1                              0.750000    1.227806   -0.477806 (VIOLATED)
_18348_/A                               0.750000    1.227790   -0.477790 (VIOLATED)
_18365_/A                               0.750000    1.227662   -0.477662 (VIOLATED)
_18337_/C                               0.750000    1.227476   -0.477476 (VIOLATED)
_18264_/A                               0.750000    1.227364   -0.477364 (VIOLATED)
_12398_/B                               0.750000    1.227168   -0.477168 (VIOLATED)
_11991_/C                               0.750000    1.227080   -0.477080 (VIOLATED)
fanout1588/X                            0.750000    1.227043   -0.477043 (VIOLATED)
_09935_/A1                              0.750000    1.221520   -0.471520 (VIOLATED)
_09914_/A                               0.750000    1.221505   -0.471505 (VIOLATED)
_09936_/A1                              0.750000    1.221472   -0.471472 (VIOLATED)
_09947_/A_N                             0.750000    1.221297   -0.471297 (VIOLATED)
_09938_/A                               0.750000    1.221285   -0.471285 (VIOLATED)
_09928_/C                               0.750000    1.221223   -0.471223 (VIOLATED)
_09929_/C                               0.750000    1.221164   -0.471164 (VIOLATED)
_09997_/A1                              0.750000    1.220858   -0.470857 (VIOLATED)
_10574_/B2                              0.750000    1.220246   -0.470246 (VIOLATED)
_16394_/B                               0.750000    1.220106   -0.470106 (VIOLATED)
_13306_/B                               0.750000    1.220095   -0.470095 (VIOLATED)
_16562_/B                               0.750000    1.220034   -0.470034 (VIOLATED)
_13305_/B                               0.750000    1.220028   -0.470028 (VIOLATED)
_16393_/B                               0.750000    1.220002   -0.470002 (VIOLATED)
_16596_/B                               0.750000    1.219861   -0.469861 (VIOLATED)
_12065_/D                               0.750000    1.219707   -0.469707 (VIOLATED)
_18296_/A0                              0.750000    1.217654   -0.467654 (VIOLATED)
_19532_/A1                              0.750000    1.217480   -0.467480 (VIOLATED)
fanout2301/X                            0.750000    1.217471   -0.467471 (VIOLATED)
_18266_/A0                              0.750000    1.216952   -0.466952 (VIOLATED)
_19504_/A                               0.750000    1.216823   -0.466823 (VIOLATED)
fanout2307/X                            0.750000    1.216750   -0.466750 (VIOLATED)
_15169_/A2                              0.750000    1.216152   -0.466152 (VIOLATED)
_15168_/A2                              0.750000    1.216123   -0.466123 (VIOLATED)
_15472_/A2                              0.750000    1.216110   -0.466110 (VIOLATED)
_15571_/B                               0.750000    1.216104   -0.466104 (VIOLATED)
_14831_/A2                              0.750000    1.215988   -0.465988 (VIOLATED)
_13902_/B                               0.750000    1.215707   -0.465707 (VIOLATED)
_14463_/A2                              0.750000    1.215632   -0.465632 (VIOLATED)
_13901_/B                               0.750000    1.215618   -0.465618 (VIOLATED)
_13903_/A2                              0.750000    1.215575   -0.465575 (VIOLATED)
_13904_/A2                              0.750000    1.215570   -0.465570 (VIOLATED)
fanout1237/X                            0.750000    1.215535   -0.465535 (VIOLATED)
fanout1987/A                            0.750000    1.213482   -0.463482 (VIOLATED)
fanout1985/A                            0.750000    1.213432   -0.463432 (VIOLATED)
fanout1992/A                            0.750000    1.213313   -0.463313 (VIOLATED)
fanout2024/A                            0.750000    1.213283   -0.463283 (VIOLATED)
fanout2003/A                            0.750000    1.213257   -0.463257 (VIOLATED)
fanout2019/A                            0.750000    1.213239   -0.463239 (VIOLATED)
fanout2013/A                            0.750000    1.213153   -0.463153 (VIOLATED)
fanout2026/X                            0.750000    1.213114   -0.463114 (VIOLATED)
_11615_/A1                              0.750000    1.201279   -0.451279 (VIOLATED)
_11614_/A1                              0.750000    1.201255   -0.451255 (VIOLATED)
_11154_/B1                              0.750000    1.201180   -0.451180 (VIOLATED)
_11556_/A1                              0.750000    1.201146   -0.451146 (VIOLATED)
_11557_/A1                              0.750000    1.201145   -0.451145 (VIOLATED)
_11898_/B1                              0.750000    1.200948   -0.450948 (VIOLATED)
_11834_/B1                              0.750000    1.200794   -0.450794 (VIOLATED)
_10665_/B1                              0.750000    1.200790   -0.450790 (VIOLATED)
_10783_/B1                              0.750000    1.200769   -0.450769 (VIOLATED)
_10727_/B1                              0.750000    1.200751   -0.450751 (VIOLATED)
fanout1853/X                            0.750000    1.200748   -0.450748 (VIOLATED)
_09843_/A                               0.750000    1.199453   -0.449453 (VIOLATED)
_18621_/A1                              0.750000    1.199385   -0.449385 (VIOLATED)
_18618_/A1                              0.750000    1.199384   -0.449384 (VIOLATED)
_18617_/A1                              0.750000    1.199380   -0.449380 (VIOLATED)
_13463_/A                               0.750000    1.199362   -0.449362 (VIOLATED)
_16257_/A1                              0.750000    1.199293   -0.449293 (VIOLATED)
_12348_/A                               0.750000    1.199260   -0.449260 (VIOLATED)
_14410_/A1                              0.750000    1.199230   -0.449230 (VIOLATED)
_18059_/A2                              0.750000    1.198060   -0.448060 (VIOLATED)
_18000_/B1                              0.750000    1.198045   -0.448045 (VIOLATED)
_17970_/C1                              0.750000    1.198026   -0.448026 (VIOLATED)
_18050_/A2                              0.750000    1.198015   -0.448015 (VIOLATED)
_18006_/C1                              0.750000    1.197998   -0.447998 (VIOLATED)
_18038_/A2                              0.750000    1.197939   -0.447939 (VIOLATED)
_18041_/A2                              0.750000    1.197877   -0.447877 (VIOLATED)
_17975_/A2                              0.750000    1.197849   -0.447849 (VIOLATED)
_10021_/A2                              0.750000    1.197773   -0.447773 (VIOLATED)
_18013_/B1                              0.750000    1.197681   -0.447681 (VIOLATED)
_17997_/A2                              0.750000    1.197601   -0.447602 (VIOLATED)
fanout1140/X                            0.750000    1.197543   -0.447543 (VIOLATED)
fanout2287/A                            0.750000    1.197138   -0.447138 (VIOLATED)
fanout2288/X                            0.750000    1.197104   -0.447104 (VIOLATED)
_12805_/B1                              0.750000    1.188495   -0.438495 (VIOLATED)
_12899_/B1                              0.750000    1.188420   -0.438420 (VIOLATED)
_12873_/B1                              0.750000    1.188418   -0.438418 (VIOLATED)
_12841_/B1                              0.750000    1.188325   -0.438325 (VIOLATED)
_12777_/B1                              0.750000    1.188150   -0.438150 (VIOLATED)
_12765_/A2                              0.750000    1.188137   -0.438137 (VIOLATED)
_12720_/A2                              0.750000    1.188069   -0.438069 (VIOLATED)
fanout1280/A                            0.750000    1.187626   -0.437625 (VIOLATED)
fanout1281/X                            0.750000    1.187580   -0.437580 (VIOLATED)
_13095_/A3                              0.750000    1.182488   -0.432488 (VIOLATED)
_18095_/A1                              0.750000    1.182486   -0.432486 (VIOLATED)
_13150_/A1                              0.750000    1.182482   -0.432482 (VIOLATED)
_18413_/A1                              0.750000    1.182396   -0.432396 (VIOLATED)
_17482_/A1                              0.750000    1.182056   -0.432056 (VIOLATED)
_17746_/A1                              0.750000    1.182047   -0.432047 (VIOLATED)
_17873_/A1                              0.750000    1.182024   -0.432024 (VIOLATED)
_17608_/A1                              0.750000    1.181992   -0.431992 (VIOLATED)
_17963_/A0                              0.750000    1.181734   -0.431734 (VIOLATED)
_17930_/A0                              0.750000    1.181677   -0.431677 (VIOLATED)
fanout926/X                             0.750000    1.181664   -0.431663 (VIOLATED)
_17975_/B2                              0.750000    1.180362   -0.430362 (VIOLATED)
_13253_/D                               0.750000    1.180360   -0.430360 (VIOLATED)
_18225_/A1                              0.750000    1.180322   -0.430322 (VIOLATED)
_17498_/A1                              0.750000    1.180287   -0.430287 (VIOLATED)
_18123_/A0                              0.750000    1.180269   -0.430269 (VIOLATED)
_17370_/A1                              0.750000    1.180265   -0.430265 (VIOLATED)
_13296_/A0                              0.750000    1.180084   -0.430084 (VIOLATED)
_13289_/A0                              0.750000    1.180031   -0.430031 (VIOLATED)
_17901_/A0                              0.750000    1.180014   -0.430014 (VIOLATED)
_17934_/A0                              0.750000    1.180011   -0.430011 (VIOLATED)
fanout1020/X                            0.750000    1.179976   -0.429976 (VIOLATED)
_11239_/A                               0.750000    1.176237   -0.426237 (VIOLATED)
_11369_/A1                              0.750000    1.176226   -0.426226 (VIOLATED)
_10088_/A1                              0.750000    1.176188   -0.426188 (VIOLATED)
_11172_/A                               0.750000    1.176167   -0.426167 (VIOLATED)
_10391_/A                               0.750000    1.175827   -0.425827 (VIOLATED)
_10274_/A                               0.750000    1.175824   -0.425824 (VIOLATED)
_10924_/A                               0.750000    1.175685   -0.425685 (VIOLATED)
_10621_/A                               0.750000    1.175523   -0.425523 (VIOLATED)
_10874_/A                               0.750000    1.175474   -0.425474 (VIOLATED)
_10683_/A                               0.750000    1.175377   -0.425377 (VIOLATED)
fanout1900/X                            0.750000    1.175377   -0.425377 (VIOLATED)
_12063_/A                               0.750000    1.169664   -0.419664 (VIOLATED)
_12061_/A                               0.750000    1.169662   -0.419662 (VIOLATED)
_12057_/A                               0.750000    1.169634   -0.419634 (VIOLATED)
_12139_/A1                              0.750000    1.169512   -0.419512 (VIOLATED)
_11321_/B1                              0.750000    1.168894   -0.418894 (VIOLATED)
_11323_/B1                              0.750000    1.168840   -0.418840 (VIOLATED)
_11510_/B1                              0.750000    1.168814   -0.418814 (VIOLATED)
_11516_/B1                              0.750000    1.168810   -0.418810 (VIOLATED)
_11325_/B1                              0.750000    1.168771   -0.418771 (VIOLATED)
_11319_/B1                              0.750000    1.168766   -0.418766 (VIOLATED)
fanout1773/X                            0.750000    1.168756   -0.418756 (VIOLATED)
_10651_/B2                              0.750000    1.158171   -0.408171 (VIOLATED)
_16393_/A                               0.750000    1.158112   -0.408112 (VIOLATED)
_13305_/A_N                             0.750000    1.158101   -0.408101 (VIOLATED)
_13306_/A_N                             0.750000    1.158087   -0.408087 (VIOLATED)
_16394_/A                               0.750000    1.158081   -0.408081 (VIOLATED)
_16562_/A                               0.750000    1.158078   -0.408078 (VIOLATED)
_16596_/A                               0.750000    1.157894   -0.407894 (VIOLATED)
_12065_/C                               0.750000    1.157823   -0.407823 (VIOLATED)
_18288_/A0                              0.750000    1.157021   -0.407021 (VIOLATED)
_18268_/A1                              0.750000    1.156809   -0.406809 (VIOLATED)
_18026_/A1                              0.750000    1.156801   -0.406801 (VIOLATED)
_12783_/A3                              0.750000    1.156796   -0.406796 (VIOLATED)
_19526_/A1                              0.750000    1.156774   -0.406774 (VIOLATED)
fanout2302/X                            0.750000    1.156745   -0.406745 (VIOLATED)
_17895_/A1                              0.750000    1.156738   -0.406738 (VIOLATED)
_17940_/A0                              0.750000    1.156728   -0.406728 (VIOLATED)
_17522_/A1                              0.750000    1.156697   -0.406697 (VIOLATED)
_17785_/A1                              0.750000    1.156690   -0.406690 (VIOLATED)
_17394_/A1                              0.750000    1.156671   -0.406671 (VIOLATED)
_17646_/B1                              0.750000    1.156642   -0.406642 (VIOLATED)
_17907_/A0                              0.750000    1.156589   -0.406589 (VIOLATED)
fanout1025/X                            0.750000    1.156573   -0.406573 (VIOLATED)
_15455_/A                               0.750000    1.153967   -0.403967 (VIOLATED)
_15648_/A                               0.750000    1.153925   -0.403925 (VIOLATED)
_15647_/A                               0.750000    1.153920   -0.403920 (VIOLATED)
_15552_/A                               0.750000    1.153826   -0.403826 (VIOLATED)
_15256_/A                               0.750000    1.153739   -0.403739 (VIOLATED)
_15156_/A                               0.750000    1.153401   -0.403401 (VIOLATED)
_15039_/A                               0.750000    1.153284   -0.403284 (VIOLATED)
_14955_/A2                              0.750000    1.152920   -0.402920 (VIOLATED)
_14592_/A2                              0.750000    1.152896   -0.402896 (VIOLATED)
_14593_/A2                              0.750000    1.152854   -0.402854 (VIOLATED)
_14013_/B                               0.750000    1.152688   -0.402688 (VIOLATED)
_14014_/C                               0.750000    1.152688   -0.402688 (VIOLATED)
_14099_/A2                              0.750000    1.152687   -0.402687 (VIOLATED)
_13581_/B                               0.750000    1.152681   -0.402681 (VIOLATED)
fanout1160/X                            0.750000    1.152660   -0.402660 (VIOLATED)
_14002_/A2                              0.750000    1.152397   -0.402397 (VIOLATED)
_14001_/A2                              0.750000    1.152358   -0.402358 (VIOLATED)
_13767_/A2                              0.750000    1.151830   -0.401830 (VIOLATED)
_13583_/A2                              0.750000    1.151746   -0.401746 (VIOLATED)
_13584_/A2                              0.750000    1.151745   -0.401745 (VIOLATED)
_13582_/B                               0.750000    1.151610   -0.401611 (VIOLATED)
fanout1255/X                            0.750000    1.151583   -0.401583 (VIOLATED)
_12494_/A2                              0.750000    1.146907   -0.396907 (VIOLATED)
_12436_/A2                              0.750000    1.146850   -0.396850 (VIOLATED)
_12473_/A2                              0.750000    1.146844   -0.396844 (VIOLATED)
_12445_/A2                              0.750000    1.146844   -0.396844 (VIOLATED)
_12441_/B1                              0.750000    1.146813   -0.396813 (VIOLATED)
_12457_/A2                              0.750000    1.146766   -0.396766 (VIOLATED)
_12462_/A2                              0.750000    1.146760   -0.396760 (VIOLATED)
_17514_/A1                              0.750000    1.146616   -0.396616 (VIOLATED)
_17777_/A1                              0.750000    1.146605   -0.396606 (VIOLATED)
_17387_/A1                              0.750000    1.146538   -0.396538 (VIOLATED)
ANTENNA_94/DIODE                        0.750000    1.146480   -0.396480 (VIOLATED)
_17638_/B2                              0.750000    1.146438   -0.396438 (VIOLATED)
_12452_/B1                              0.750000    1.146389   -0.396389 (VIOLATED)
_12490_/B1                              0.750000    1.146106   -0.396106 (VIOLATED)
_18020_/A1                              0.750000    1.146093   -0.396093 (VIOLATED)
_12756_/A3                              0.750000    1.146084   -0.396084 (VIOLATED)
_18254_/A1                              0.750000    1.146075   -0.396075 (VIOLATED)
_17938_/A0                              0.750000    1.145977   -0.395977 (VIOLATED)
_17996_/B2                              0.750000    1.145936   -0.395936 (VIOLATED)
_18127_/A0                              0.750000    1.145920   -0.395920 (VIOLATED)
_19045_/B1                              0.750000    1.145901   -0.395901 (VIOLATED)
fanout1031/X                            0.750000    1.145901   -0.395901 (VIOLATED)
fanout1026/X                            0.750000    1.145887   -0.395887 (VIOLATED)
_14746_/A                               0.750000    1.143166   -0.393166 (VIOLATED)
_14790_/A2                              0.750000    1.143165   -0.393165 (VIOLATED)
_09959_/B1                              0.750000    1.143098   -0.393098 (VIOLATED)
_09976_/A                               0.750000    1.142845   -0.392845 (VIOLATED)
_12090_/A                               0.750000    1.142842   -0.392842 (VIOLATED)
_09917_/B                               0.750000    1.142833   -0.392833 (VIOLATED)
_09994_/A                               0.750000    1.142793   -0.392793 (VIOLATED)
_10017_/A2                              0.750000    1.142741   -0.392741 (VIOLATED)
fanout1822/A                            0.750000    1.142088   -0.392088 (VIOLATED)
fanout1823/X                            0.750000    1.142060   -0.392060 (VIOLATED)
_10649_/A1                              0.750000    1.129553   -0.379553 (VIOLATED)
_11381_/A                               0.750000    1.129492   -0.379492 (VIOLATED)
_11124_/B1                              0.750000    1.129406   -0.379406 (VIOLATED)
_10699_/B1                              0.750000    1.129240   -0.379240 (VIOLATED)
_10455_/B                               0.750000    1.129207   -0.379207 (VIOLATED)
_10458_/B                               0.750000    1.129173   -0.379173 (VIOLATED)
fanout1953/X                            0.750000    1.129121   -0.379121 (VIOLATED)
_18610_/A2                              0.750000    1.127521   -0.377521 (VIOLATED)
_18609_/A                               0.750000    1.127516   -0.377516 (VIOLATED)
_18974_/S                               0.750000    1.127280   -0.377280 (VIOLATED)
_18972_/S                               0.750000    1.127174   -0.377174 (VIOLATED)
_18990_/S                               0.750000    1.126999   -0.376999 (VIOLATED)
_18996_/S                               0.750000    1.126690   -0.376690 (VIOLATED)
fanout1206/A                            0.750000    1.126598   -0.376598 (VIOLATED)
_19031_/S                               0.750000    1.126580   -0.376580 (VIOLATED)
fanout1207/X                            0.750000    1.126569   -0.376569 (VIOLATED)
_10460_/A2                              0.750000    1.124727   -0.374727 (VIOLATED)
_11511_/B1                              0.750000    1.124673   -0.374673 (VIOLATED)
_11517_/B1                              0.750000    1.124612   -0.374612 (VIOLATED)
_11129_/A2                              0.750000    1.124583   -0.374583 (VIOLATED)
_11322_/B1                              0.750000    1.124471   -0.374471 (VIOLATED)
_11320_/B1                              0.750000    1.124466   -0.374466 (VIOLATED)
_11324_/B1                              0.750000    1.124464   -0.374464 (VIOLATED)
_11326_/B1                              0.750000    1.124453   -0.374453 (VIOLATED)
_10885_/A2                              0.750000    1.124376   -0.374376 (VIOLATED)
_10704_/A2                              0.750000    1.124291   -0.374291 (VIOLATED)
fanout1756/X                            0.750000    1.124279   -0.374279 (VIOLATED)
_18382_/B1                              0.750000    1.100719   -0.350719 (VIOLATED)
_18394_/B                               0.750000    1.100712   -0.350712 (VIOLATED)
_18377_/B                               0.750000    1.100597   -0.350597 (VIOLATED)
_18370_/B1                              0.750000    1.100567   -0.350567 (VIOLATED)
_18360_/C                               0.750000    1.100536   -0.350536 (VIOLATED)
_18335_/B1                              0.750000    1.100258   -0.350258 (VIOLATED)
_18329_/B1                              0.750000    1.100226   -0.350226 (VIOLATED)
_18343_/B                               0.750000    1.100184   -0.350184 (VIOLATED)
fanout1589/A                            0.750000    1.099161   -0.349161 (VIOLATED)
fanout1590/A                            0.750000    1.099068   -0.349068 (VIOLATED)
fanout1591/X                            0.750000    1.099044   -0.349044 (VIOLATED)
_17510_/A1                              0.750000    1.093773   -0.343773 (VIOLATED)
_17383_/A1                              0.750000    1.093755   -0.343755 (VIOLATED)
_12744_/A3                              0.750000    1.093586   -0.343586 (VIOLATED)
_17989_/A                               0.750000    1.093585   -0.343585 (VIOLATED)
_18247_/A1                              0.750000    1.093580   -0.343580 (VIOLATED)
_17937_/A0                              0.750000    1.093499   -0.343499 (VIOLATED)
_17904_/A0                              0.750000    1.093492   -0.343492 (VIOLATED)
_18126_/A0                              0.750000    1.093475   -0.343474 (VIOLATED)
_18220_/B1                              0.750000    1.093426   -0.343426 (VIOLATED)
_18121_/A0                              0.750000    1.093394   -0.343394 (VIOLATED)
fanout1027/X                            0.750000    1.093355   -0.343355 (VIOLATED)
_17474_/A1                              0.750000    1.091557   -0.341557 (VIOLATED)
_17601_/A                               0.750000    1.091507   -0.341507 (VIOLATED)
_13016_/B                               0.750000    1.091334   -0.341334 (VIOLATED)
_18088_/B2                              0.750000    1.091325   -0.341325 (VIOLATED)
_13068_/A3                              0.750000    1.091324   -0.341324 (VIOLATED)
_13034_/A2                              0.750000    1.091322   -0.341322 (VIOLATED)
_18402_/A1                              0.750000    1.091320   -0.341320 (VIOLATED)
_17961_/A0                              0.750000    1.091313   -0.341313 (VIOLATED)
_18115_/A0                              0.750000    1.091308   -0.341308 (VIOLATED)
_13148_/A1                              0.750000    1.091296   -0.341296 (VIOLATED)
_18150_/A0                              0.750000    1.091296   -0.341296 (VIOLATED)
_17928_/A0                              0.750000    1.091293   -0.341293 (VIOLATED)
fanout928/X                             0.750000    1.091285   -0.341285 (VIOLATED)
_13083_/B                               0.750000    1.091219   -0.341219 (VIOLATED)
_13119_/A2                              0.750000    1.091182   -0.341182 (VIOLATED)
fanout1347/A                            0.750000    1.090826   -0.340826 (VIOLATED)
_13060_/A2                              0.750000    1.090626   -0.340627 (VIOLATED)
_13076_/A2                              0.750000    1.090620   -0.340620 (VIOLATED)
_13101_/A2                              0.750000    1.090595   -0.340595 (VIOLATED)
fanout1348/A                            0.750000    1.090566   -0.340566 (VIOLATED)
fanout1349/X                            0.750000    1.090533   -0.340533 (VIOLATED)
_18032_/A1                              0.750000    1.088143   -0.338143 (VIOLATED)
_12813_/A3                              0.750000    1.088137   -0.338137 (VIOLATED)
_18283_/A1                              0.750000    1.088125   -0.338125 (VIOLATED)
_18131_/A0                              0.750000    1.088107   -0.338108 (VIOLATED)
_13129_/A1                              0.750000    1.088071   -0.338071 (VIOLATED)
_17530_/A1                              0.750000    1.088070   -0.338070 (VIOLATED)
_17793_/A1                              0.750000    1.088068   -0.338068 (VIOLATED)
_17402_/A1                              0.750000    1.088050   -0.338050 (VIOLATED)
_17655_/A1                              0.750000    1.088009   -0.338009 (VIOLATED)
_17909_/A0                              0.750000    1.087856   -0.337856 (VIOLATED)
fanout1023/X                            0.750000    1.087833   -0.337833 (VIOLATED)
fanout2158/A                            0.750000    1.087131   -0.337131 (VIOLATED)
fanout2147/A                            0.750000    1.087067   -0.337067 (VIOLATED)
fanout2152/A                            0.750000    1.086908   -0.336908 (VIOLATED)
fanout2154/A                            0.750000    1.086849   -0.336849 (VIOLATED)
fanout2151/A                            0.750000    1.086710   -0.336710 (VIOLATED)
fanout2141/A                            0.750000    1.086386   -0.336386 (VIOLATED)
fanout2160/X                            0.750000    1.086359   -0.336359 (VIOLATED)
_14955_/A1                              0.750000    1.084086   -0.334086 (VIOLATED)
_14592_/A1                              0.750000    1.084068   -0.334068 (VIOLATED)
_14593_/A1                              0.750000    1.084036   -0.334036 (VIOLATED)
_13581_/A                               0.750000    1.083913   -0.333913 (VIOLATED)
_14002_/A1                              0.750000    1.083640   -0.333640 (VIOLATED)
_14001_/A1                              0.750000    1.083630   -0.333630 (VIOLATED)
_13582_/A                               0.750000    1.083392   -0.333392 (VIOLATED)
_13767_/A1                              0.750000    1.083320   -0.333320 (VIOLATED)
_13584_/A1                              0.750000    1.083264   -0.333265 (VIOLATED)
_13583_/A1                              0.750000    1.083263   -0.333263 (VIOLATED)
fanout1256/X                            0.750000    1.083237   -0.333237 (VIOLATED)
_15920_/A                               0.750000    1.078341   -0.328341 (VIOLATED)
_15919_/A                               0.750000    1.078338   -0.328338 (VIOLATED)
_15839_/A                               0.750000    1.078277   -0.328277 (VIOLATED)
_15742_/A                               0.750000    1.078202   -0.328202 (VIOLATED)
_15657_/A                               0.750000    1.078144   -0.328144 (VIOLATED)
_15563_/A                               0.750000    1.078047   -0.328047 (VIOLATED)
_15373_/B                               0.750000    1.077936   -0.327936 (VIOLATED)
_15268_/B                               0.750000    1.077879   -0.327879 (VIOLATED)
_15167_/B                               0.750000    1.077650   -0.327650 (VIOLATED)
_14283_/B                               0.750000    1.077116   -0.327116 (VIOLATED)
fanout1158/X                            0.750000    1.077087   -0.327087 (VIOLATED)
_11716_/B1                              0.750000    1.075265   -0.325265 (VIOLATED)
_11775_/B1                              0.750000    1.075184   -0.325184 (VIOLATED)
_10199_/B1                              0.750000    1.075101   -0.325101 (VIOLATED)
_10081_/A                               0.750000    1.074824   -0.324824 (VIOLATED)
_10159_/A1                              0.750000    1.074707   -0.324707 (VIOLATED)
_10861_/B1                              0.750000    1.074477   -0.324477 (VIOLATED)
_10992_/A1                              0.750000    1.074420   -0.324420 (VIOLATED)
_11472_/B1                              0.750000    1.074365   -0.324365 (VIOLATED)
fanout1854/X                            0.750000    1.074365   -0.324365 (VIOLATED)
_11489_/A                               0.750000    1.065738   -0.315738 (VIOLATED)
_09851_/A                               0.750000    1.065700   -0.315700 (VIOLATED)
_10086_/A                               0.750000    1.065549   -0.315549 (VIOLATED)
fanout1900/A                            0.750000    1.065528   -0.315528 (VIOLATED)
_10085_/A                               0.750000    1.065527   -0.315527 (VIOLATED)
_18428_/A1                              0.750000    1.065060   -0.315060 (VIOLATED)
_18432_/A                               0.750000    1.065059   -0.315059 (VIOLATED)
_18451_/A                               0.750000    1.065059   -0.315059 (VIOLATED)
_12344_/A1                              0.750000    1.065057   -0.315057 (VIOLATED)
fanout1901/X                            0.750000    1.065057   -0.315057 (VIOLATED)
_13901_/A                               0.750000    1.064646   -0.314646 (VIOLATED)
_15169_/A1                              0.750000    1.064471   -0.314472 (VIOLATED)
_15571_/A                               0.750000    1.064383   -0.314383 (VIOLATED)
_15472_/A1                              0.750000    1.064380   -0.314380 (VIOLATED)
_15168_/A1                              0.750000    1.064318   -0.314318 (VIOLATED)
_14831_/A1                              0.750000    1.063858   -0.313858 (VIOLATED)
_13902_/A                               0.750000    1.063168   -0.313168 (VIOLATED)
_14463_/A1                              0.750000    1.062996   -0.312996 (VIOLATED)
_13903_/A1                              0.750000    1.062730   -0.312730 (VIOLATED)
_13904_/A1                              0.750000    1.062727   -0.312727 (VIOLATED)
fanout1238/X                            0.750000    1.062701   -0.312701 (VIOLATED)
fanout1423/A                            0.750000    1.058057   -0.308057 (VIOLATED)
ANTENNA_107/DIODE                       0.750000    1.058055   -0.308055 (VIOLATED)
_14051_/A1                              0.750000    1.057871   -0.307871 (VIOLATED)
ANTENNA_106/DIODE                       0.750000    1.057862   -0.307862 (VIOLATED)
_14136_/A1                              0.750000    1.057462   -0.307463 (VIOLATED)
_13303_/A                               0.750000    1.057272   -0.307272 (VIOLATED)
_13304_/A                               0.750000    1.057225   -0.307225 (VIOLATED)
fanout1424/X                            0.750000    1.057196   -0.307196 (VIOLATED)
_12847_/A1                              0.750000    1.056719   -0.306719 (VIOLATED)
_12874_/A1                              0.750000    1.056697   -0.306697 (VIOLATED)
_12900_/A1                              0.750000    1.056673   -0.306673 (VIOLATED)
_13121_/A1                              0.750000    1.056414   -0.306414 (VIOLATED)
_12928_/A1                              0.750000    1.056174   -0.306174 (VIOLATED)
_13051_/A1                              0.750000    1.055974   -0.305974 (VIOLATED)
_13064_/A1                              0.750000    1.055967   -0.305967 (VIOLATED)
_12984_/A1                              0.750000    1.055915   -0.305916 (VIOLATED)
_13106_/A1                              0.750000    1.055524   -0.305524 (VIOLATED)
fanout1174/A                            0.750000    1.055290   -0.305290 (VIOLATED)
fanout1175/X                            0.750000    1.055262   -0.305262 (VIOLATED)
_09991_/A                               0.750000    1.031674   -0.281674 (VIOLATED)
_09970_/B                               0.750000    1.031665   -0.281665 (VIOLATED)
_12136_/B                               0.750000    1.031379   -0.281379 (VIOLATED)
_12054_/A_N                             0.750000    1.031329   -0.281329 (VIOLATED)
_12141_/A                               0.750000    1.031286   -0.281286 (VIOLATED)
_12144_/A                               0.750000    1.031258   -0.281258 (VIOLATED)
_12120_/B                               0.750000    1.031199   -0.281199 (VIOLATED)
_12053_/A_N                             0.750000    1.031193   -0.281194 (VIOLATED)
_12111_/A_N                             0.750000    1.031192   -0.281192 (VIOLATED)
_19666_/A1                              0.750000    1.031124   -0.281124 (VIOLATED)
fanout1926/X                            0.750000    1.031090   -0.281090 (VIOLATED)
_15751_/A                               0.750000    1.029702   -0.279702 (VIOLATED)
_15375_/A                               0.750000    1.029688   -0.279688 (VIOLATED)
_15041_/A                               0.750000    1.029671   -0.279671 (VIOLATED)
_14060_/B1                              0.750000    1.029616   -0.279616 (VIOLATED)
_14361_/A2                              0.750000    1.029609   -0.279609 (VIOLATED)
_14357_/B                               0.750000    1.029593   -0.279593 (VIOLATED)
_14359_/B                               0.750000    1.029592   -0.279592 (VIOLATED)
_14568_/B                               0.750000    1.029592   -0.279592 (VIOLATED)
_14688_/A2                              0.750000    1.029585   -0.279585 (VIOLATED)
_14690_/B                               0.750000    1.029522   -0.279522 (VIOLATED)
fanout1230/X                            0.750000    1.029522   -0.279522 (VIOLATED)
_17466_/A1                              0.750000    1.026444   -0.276444 (VIOLATED)
_17728_/B2                              0.750000    1.026437   -0.276437 (VIOLATED)
_17592_/A1                              0.750000    1.026371   -0.276371 (VIOLATED)
_18083_/A1                              0.750000    1.026037   -0.276037 (VIOLATED)
_13041_/A3                              0.750000    1.026033   -0.276033 (VIOLATED)
_17926_/A0                              0.750000    1.026028   -0.276028 (VIOLATED)
_17959_/A0                              0.750000    1.026026   -0.276026 (VIOLATED)
_13146_/A1                              0.750000    1.026024   -0.276024 (VIOLATED)
_18148_/A0                              0.750000    1.026016   -0.276016 (VIOLATED)
_18390_/A1                              0.750000    1.025987   -0.275987 (VIOLATED)
fanout929/X                             0.750000    1.025979   -0.275979 (VIOLATED)
_17502_/A1                              0.750000    1.025590   -0.275590 (VIOLATED)
_17375_/A1                              0.750000    1.025557   -0.275557 (VIOLATED)
_18124_/A0                              0.750000    1.025498   -0.275498 (VIOLATED)
_17980_/A1                              0.750000    1.025485   -0.275485 (VIOLATED)
_17977_/A                               0.750000    1.025485   -0.275485 (VIOLATED)
_17978_/A                               0.750000    1.025474   -0.275474 (VIOLATED)
_18232_/A1                              0.750000    1.025459   -0.275459 (VIOLATED)
_12713_/B                               0.750000    1.025451   -0.275451 (VIOLATED)
_17935_/A0                              0.750000    1.025385   -0.275385 (VIOLATED)
_17902_/A0                              0.750000    1.025382   -0.275382 (VIOLATED)
fanout1028/X                            0.750000    1.025376   -0.275376 (VIOLATED)
_13135_/A2                              0.750000    1.021679   -0.271679 (VIOLATED)
_13136_/A2                              0.750000    1.021675   -0.271675 (VIOLATED)
_13134_/A2                              0.750000    1.021631   -0.271631 (VIOLATED)
_13133_/A2                              0.750000    1.021595   -0.271595 (VIOLATED)
_13131_/A2                              0.750000    1.021573   -0.271573 (VIOLATED)
_13130_/A2                              0.750000    1.021556   -0.271556 (VIOLATED)
_13129_/A2                              0.750000    1.021509   -0.271509 (VIOLATED)
_13132_/A2                              0.750000    1.021418   -0.271418 (VIOLATED)
fanout427/A                             0.750000    1.021376   -0.271376 (VIOLATED)
_13127_/B1                              0.750000    1.021289   -0.271289 (VIOLATED)
fanout428/X                             0.750000    1.021228   -0.271228 (VIOLATED)
_12270_/C1                              0.750000    1.006554   -0.256554 (VIOLATED)
_09927_/B                               0.750000    1.006543   -0.256543 (VIOLATED)
_12090_/B                               0.750000    1.006508   -0.256508 (VIOLATED)
_12178_/C_N                             0.750000    1.006362   -0.256362 (VIOLATED)
_12004_/A                               0.750000    1.006192   -0.256192 (VIOLATED)
_12181_/A                               0.750000    1.006103   -0.256103 (VIOLATED)
fanout1870/A                            0.750000    1.005641   -0.255641 (VIOLATED)
fanout1871/X                            0.750000    1.005609   -0.255609 (VIOLATED)
_12828_/B1                              0.750000    1.003064   -0.253064 (VIOLATED)
_12817_/B1                              0.750000    1.003054   -0.253054 (VIOLATED)
_12856_/A2                              0.750000    1.003030   -0.253030 (VIOLATED)
_12993_/A2                              0.750000    1.003021   -0.253021 (VIOLATED)
_13248_/A2                              0.750000    1.002955   -0.252955 (VIOLATED)
_18221_/A1                              0.750000    1.002910   -0.252910 (VIOLATED)
_18222_/A1                              0.750000    1.002900   -0.252900 (VIOLATED)
_12709_/A2                              0.750000    1.002792   -0.252792 (VIOLATED)
_12738_/A2                              0.750000    1.002780   -0.252780 (VIOLATED)
_12148_/A                               0.750000    1.002731   -0.252731 (VIOLATED)
fanout1344/X                            0.750000    1.002718   -0.252718 (VIOLATED)
_18035_/A1                              0.750000    0.993750   -0.243750 (VIOLATED)
_12825_/A3                              0.750000    0.993731   -0.243731 (VIOLATED)
_18291_/A1                              0.750000    0.993699   -0.243699 (VIOLATED)
_13130_/A1                              0.750000    0.993659   -0.243660 (VIOLATED)
_17943_/A0                              0.750000    0.993545   -0.243546 (VIOLATED)
_18132_/A0                              0.750000    0.993460   -0.243460 (VIOLATED)
_17910_/A0                              0.750000    0.993347   -0.243347 (VIOLATED)
_17660_/A1                              0.750000    0.991893   -0.241893 (VIOLATED)
_17406_/A1                              0.750000    0.991741   -0.241741 (VIOLATED)
_17534_/A1                              0.750000    0.991662   -0.241662 (VIOLATED)
fanout942/X                             0.750000    0.991650   -0.241650 (VIOLATED)
_18101_/A1                              0.750000    0.988976   -0.238976 (VIOLATED)
_13125_/A3                              0.750000    0.988975   -0.238975 (VIOLATED)
_18424_/A1                              0.750000    0.988959   -0.238959 (VIOLATED)
_13152_/A1                              0.750000    0.988941   -0.238941 (VIOLATED)
_17932_/A0                              0.750000    0.988872   -0.238872 (VIOLATED)
_18003_/B                               0.750000    0.988761   -0.238761 (VIOLATED)
_18000_/A2                              0.750000    0.988724   -0.238724 (VIOLATED)
_18154_/A0                              0.750000    0.988649   -0.238649 (VIOLATED)
_17490_/A1                              0.750000    0.988605   -0.238605 (VIOLATED)
_17965_/A0                              0.750000    0.988600   -0.238600 (VIOLATED)
fanout924/X                             0.750000    0.988559   -0.238559 (VIOLATED)
_12829_/A2                              0.750000    0.982334   -0.232334 (VIOLATED)
_12866_/B                               0.750000    0.982334   -0.232334 (VIOLATED)
_12817_/A2                              0.750000    0.982334   -0.232334 (VIOLATED)
_12857_/A2                              0.750000    0.982327   -0.232327 (VIOLATED)
_12953_/A2                              0.750000    0.982288   -0.232288 (VIOLATED)
_12841_/A2                              0.750000    0.982285   -0.232285 (VIOLATED)
_12967_/A2                              0.750000    0.982270   -0.232270 (VIOLATED)
_12997_/A2                              0.750000    0.982246   -0.232246 (VIOLATED)
_12906_/B                               0.750000    0.982229   -0.232229 (VIOLATED)
_12896_/A2                              0.750000    0.982213   -0.232213 (VIOLATED)
fanout1347/X                            0.750000    0.982202   -0.232202 (VIOLATED)
_15569_/A                               0.750000    0.978626   -0.228626 (VIOLATED)
_15665_/A                               0.750000    0.978606   -0.228606 (VIOLATED)
_15664_/B2                              0.750000    0.978590   -0.228590 (VIOLATED)
_15374_/A1                              0.750000    0.978535   -0.228535 (VIOLATED)
_15268_/A                               0.750000    0.978504   -0.228504 (VIOLATED)
_15043_/A1                              0.750000    0.978463   -0.228463 (VIOLATED)
_15040_/A                               0.750000    0.978444   -0.228444 (VIOLATED)
_14817_/A2                              0.750000    0.977982   -0.227982 (VIOLATED)
_14058_/B                               0.750000    0.977106   -0.227106 (VIOLATED)
_14059_/D                               0.750000    0.976974   -0.226974 (VIOLATED)
fanout1229/X                            0.750000    0.976951   -0.226951 (VIOLATED)
_17429_/A1                              0.750000    0.976929   -0.226929 (VIOLATED)
_17556_/A1                              0.750000    0.976905   -0.226905 (VIOLATED)
_18053_/A1                              0.750000    0.976786   -0.226786 (VIOLATED)
_12904_/A3                              0.750000    0.976785   -0.226785 (VIOLATED)
_18333_/A1                              0.750000    0.976767   -0.226767 (VIOLATED)
_13136_/A1                              0.750000    0.976754   -0.226754 (VIOLATED)
_17949_/A0                              0.750000    0.976722   -0.226722 (VIOLATED)
_17916_/A0                              0.750000    0.976708   -0.226708 (VIOLATED)
_13294_/A0                              0.750000    0.976701   -0.226701 (VIOLATED)
_18138_/A0                              0.750000    0.976682   -0.226682 (VIOLATED)
fanout937/X                             0.750000    0.976657   -0.226657 (VIOLATED)
_16187_/A                               0.750000    0.970608   -0.220608 (VIOLATED)
_16008_/B                               0.750000    0.970599   -0.220599 (VIOLATED)
_15924_/B                               0.750000    0.970519   -0.220519 (VIOLATED)
_15843_/B                               0.750000    0.970399   -0.220399 (VIOLATED)
_15749_/B                               0.750000    0.970387   -0.220387 (VIOLATED)
_15663_/B                               0.750000    0.970258   -0.220258 (VIOLATED)
_15748_/A2                              0.750000    0.970117   -0.220117 (VIOLATED)
_15471_/B                               0.750000    0.970014   -0.220014 (VIOLATED)
_15569_/B                               0.750000    0.969926   -0.219926 (VIOLATED)
_14601_/B                               0.750000    0.969472   -0.219472 (VIOLATED)
fanout1153/X                            0.750000    0.969461   -0.219461 (VIOLATED)
_17456_/A1                              0.750000    0.967381   -0.217381 (VIOLATED)
_17582_/A1                              0.750000    0.967381   -0.217381 (VIOLATED)
_17956_/A0                              0.750000    0.966877   -0.216877 (VIOLATED)
_18110_/A0                              0.750000    0.966870   -0.216870 (VIOLATED)
_17923_/A0                              0.750000    0.966785   -0.216785 (VIOLATED)
_18073_/B2                              0.750000    0.966510   -0.216510 (VIOLATED)
_18145_/A0                              0.750000    0.966506   -0.216506 (VIOLATED)
_13001_/A3                              0.750000    0.966458   -0.216458 (VIOLATED)
_13143_/A1                              0.750000    0.966410   -0.216410 (VIOLATED)
_18373_/A1                              0.750000    0.966375   -0.216375 (VIOLATED)
fanout932/X                             0.750000    0.966363   -0.216363 (VIOLATED)
_12837_/A3                              0.750000    0.965586   -0.215586 (VIOLATED)
_18037_/B2                              0.750000    0.965580   -0.215580 (VIOLATED)
_18298_/A1                              0.750000    0.965548   -0.215548 (VIOLATED)
_13131_/A1                              0.750000    0.965540   -0.215540 (VIOLATED)
_18133_/A0                              0.750000    0.965510   -0.215510 (VIOLATED)
_17911_/A0                              0.750000    0.965484   -0.215484 (VIOLATED)
_17944_/A0                              0.750000    0.965482   -0.215483 (VIOLATED)
_17664_/B1                              0.750000    0.964649   -0.214649 (VIOLATED)
_17410_/A1                              0.750000    0.964625   -0.214625 (VIOLATED)
_17538_/A1                              0.750000    0.964594   -0.214594 (VIOLATED)
fanout941/X                             0.750000    0.964584   -0.214584 (VIOLATED)
fanout2198/A                            0.750000    0.963999   -0.213999 (VIOLATED)
fanout2196/A                            0.750000    0.963823   -0.213823 (VIOLATED)
fanout2195/A                            0.750000    0.963647   -0.213647 (VIOLATED)
fanout2193/A                            0.750000    0.963545   -0.213545 (VIOLATED)
fanout2192/A                            0.750000    0.962688   -0.212688 (VIOLATED)
fanout2199/X                            0.750000    0.962638   -0.212638 (VIOLATED)
_18262_/A2                              0.750000    0.961746   -0.211746 (VIOLATED)
_18269_/A2                              0.750000    0.961745   -0.211745 (VIOLATED)
_18248_/A2                              0.750000    0.961691   -0.211691 (VIOLATED)
_18233_/A2                              0.750000    0.961661   -0.211661 (VIOLATED)
_18414_/A2                              0.750000    0.961631   -0.211631 (VIOLATED)
_18420_/A2                              0.750000    0.961572   -0.211572 (VIOLATED)
fanout364/A                             0.750000    0.961515   -0.211515 (VIOLATED)
fanout365/X                             0.750000    0.961497   -0.211497 (VIOLATED)
_10695_/B1                              0.750000    0.950795   -0.200795 (VIOLATED)
_17002_/A_N                             0.750000    0.950531   -0.200531 (VIOLATED)
fanout2303/A                            0.750000    0.950281   -0.200281 (VIOLATED)
_18280_/A0                              0.750000    0.948251   -0.198251 (VIOLATED)
_19523_/A1                              0.750000    0.948115   -0.198115 (VIOLATED)
_13887_/A                               0.750000    0.948107   -0.198107 (VIOLATED)
_14884_/A                               0.750000    0.948100   -0.198100 (VIOLATED)
_13809_/A                               0.750000    0.948090   -0.198090 (VIOLATED)
fanout2304/X                            0.750000    0.948089   -0.198089 (VIOLATED)
_14639_/A1                              0.750000    0.948081   -0.198081 (VIOLATED)
_13729_/A                               0.750000    0.947951   -0.197951 (VIOLATED)
_14423_/A1                              0.750000    0.947916   -0.197916 (VIOLATED)
_14221_/A1                              0.750000    0.947814   -0.197814 (VIOLATED)
fanout1465/A                            0.750000    0.947713   -0.197713 (VIOLATED)
fanout1466/A                            0.750000    0.947589   -0.197589 (VIOLATED)
fanout1467/X                            0.750000    0.947564   -0.197564 (VIOLATED)
_18117_/S                               0.750000    0.946178   -0.196178 (VIOLATED)
_18116_/S                               0.750000    0.946152   -0.196152 (VIOLATED)
_18115_/S                               0.750000    0.946102   -0.196102 (VIOLATED)
_18104_/S                               0.750000    0.945892   -0.195892 (VIOLATED)
fanout380/A                             0.750000    0.945826   -0.195826 (VIOLATED)
_18110_/S                               0.750000    0.945593   -0.195593 (VIOLATED)
_18119_/S                               0.750000    0.945323   -0.195323 (VIOLATED)
_18120_/S                               0.750000    0.945311   -0.195311 (VIOLATED)
_18121_/S                               0.750000    0.945309   -0.195309 (VIOLATED)
fanout381/X                             0.750000    0.945282   -0.195282 (VIOLATED)
_12500_/A2                              0.750000    0.943349   -0.193349 (VIOLATED)
_12484_/A2                              0.750000    0.943342   -0.193342 (VIOLATED)
_12479_/A2                              0.750000    0.943331   -0.193331 (VIOLATED)
_12510_/A2                              0.750000    0.943052   -0.193052 (VIOLATED)
_12467_/A2                              0.750000    0.942800   -0.192800 (VIOLATED)
_12426_/B1                              0.750000    0.942389   -0.192389 (VIOLATED)
_12417_/B1                              0.750000    0.942388   -0.192388 (VIOLATED)
_12406_/B1                              0.750000    0.942343   -0.192343 (VIOLATED)
_12392_/B1                              0.750000    0.942316   -0.192316 (VIOLATED)
_12365_/B1                              0.750000    0.942297   -0.192297 (VIOLATED)
fanout1093/X                            0.750000    0.942271   -0.192271 (VIOLATED)
_18997_/S                               0.750000    0.937772   -0.187772 (VIOLATED)
_18995_/S                               0.750000    0.937734   -0.187734 (VIOLATED)
_18989_/S                               0.750000    0.937675   -0.187675 (VIOLATED)
_18991_/S                               0.750000    0.937613   -0.187613 (VIOLATED)
_18985_/S                               0.750000    0.937486   -0.187486 (VIOLATED)
_18987_/S                               0.750000    0.937485   -0.187485 (VIOLATED)
_18973_/S                               0.750000    0.937357   -0.187357 (VIOLATED)
_18975_/S                               0.750000    0.937356   -0.187356 (VIOLATED)
_18977_/S                               0.750000    0.937355   -0.187355 (VIOLATED)
_18971_/S                               0.750000    0.937256   -0.187256 (VIOLATED)
fanout1036/X                            0.750000    0.937230   -0.187230 (VIOLATED)
_12842_/B1                              0.750000    0.936743   -0.186743 (VIOLATED)
_12869_/B2                              0.750000    0.936727   -0.186727 (VIOLATED)
_13052_/A1                              0.750000    0.936716   -0.186716 (VIOLATED)
_13060_/B1                              0.750000    0.936716   -0.186716 (VIOLATED)
_12896_/B1                              0.750000    0.936714   -0.186714 (VIOLATED)
_12979_/B2                              0.750000    0.936685   -0.186685 (VIOLATED)
_13117_/B2                              0.750000    0.936642   -0.186642 (VIOLATED)
_12923_/B2                              0.750000    0.936611   -0.186611 (VIOLATED)
fanout1286/A                            0.750000    0.936395   -0.186395 (VIOLATED)
fanout1287/X                            0.750000    0.936387   -0.186387 (VIOLATED)
_11730_/A1                              0.750000    0.935998   -0.185998 (VIOLATED)
_11672_/A1                              0.750000    0.935995   -0.185995 (VIOLATED)
_18091_/B1                              0.750000    0.935982   -0.185982 (VIOLATED)
_18085_/B1                              0.750000    0.935981   -0.185981 (VIOLATED)
_18070_/B1                              0.750000    0.935964   -0.185964 (VIOLATED)
_11558_/A1                              0.750000    0.935862   -0.185862 (VIOLATED)
_11854_/A1                              0.750000    0.935824   -0.185824 (VIOLATED)
_10801_/A1                              0.750000    0.935803   -0.185803 (VIOLATED)
_10740_/A2                              0.750000    0.935782   -0.185782 (VIOLATED)
_10684_/A1                              0.750000    0.935762   -0.185762 (VIOLATED)
fanout1143/A                            0.750000    0.935742   -0.185742 (VIOLATED)
_11972_/A1                              0.750000    0.935716   -0.185716 (VIOLATED)
_10084_/A                               0.750000    0.935600   -0.185600 (VIOLATED)
_18627_/A                               0.750000    0.935570   -0.185570 (VIOLATED)
fanout1802/X                            0.750000    0.935561   -0.185561 (VIOLATED)
_17986_/B1                              0.750000    0.935534   -0.185534 (VIOLATED)
_17991_/B1                              0.750000    0.935529   -0.185529 (VIOLATED)
fanout1142/A                            0.750000    0.935457   -0.185457 (VIOLATED)
_18208_/B1                              0.750000    0.935449   -0.185449 (VIOLATED)
_18213_/B1                              0.750000    0.935445   -0.185445 (VIOLATED)
fanout1144/X                            0.750000    0.935420   -0.185420 (VIOLATED)
fanout1729/A                            0.750000    0.932290   -0.182290 (VIOLATED)
fanout1731/A                            0.750000    0.932260   -0.182260 (VIOLATED)
fanout1735/A                            0.750000    0.932118   -0.182118 (VIOLATED)
fanout1732/A                            0.750000    0.931974   -0.181974 (VIOLATED)
_11559_/A1                              0.750000    0.931953   -0.181953 (VIOLATED)
fanout1728/A                            0.750000    0.931944   -0.181944 (VIOLATED)
_11853_/A                               0.750000    0.931933   -0.181933 (VIOLATED)
fanout1737/X                            0.750000    0.931911   -0.181911 (VIOLATED)
_11915_/A1                              0.750000    0.931851   -0.181851 (VIOLATED)
_11792_/A1                              0.750000    0.931804   -0.181804 (VIOLATED)
_10161_/A1                              0.750000    0.931803   -0.181803 (VIOLATED)
_11427_/A1                              0.750000    0.931768   -0.181768 (VIOLATED)
_11731_/A1                              0.750000    0.931749   -0.181749 (VIOLATED)
fanout1806/A                            0.750000    0.931738   -0.181738 (VIOLATED)
fanout1807/X                            0.750000    0.931737   -0.181737 (VIOLATED)
fanout1804/A                            0.750000    0.927216   -0.177216 (VIOLATED)
fanout1803/A                            0.750000    0.927192   -0.177192 (VIOLATED)
_10160_/A1                              0.750000    0.927175   -0.177175 (VIOLATED)
_10275_/A1                              0.750000    0.927119   -0.177119 (VIOLATED)
_10392_/A1                              0.750000    0.927077   -0.177077 (VIOLATED)
_10340_/A1                              0.750000    0.927025   -0.177025 (VIOLATED)
_10875_/A1                              0.750000    0.927006   -0.177006 (VIOLATED)
_10925_/A1                              0.750000    0.926983   -0.176983 (VIOLATED)
_10622_/A1                              0.750000    0.926885   -0.176885 (VIOLATED)
fanout1805/X                            0.750000    0.926842   -0.176842 (VIOLATED)
_17702_/B2                              0.750000    0.923102   -0.173102 (VIOLATED)
_17444_/A1                              0.750000    0.923099   -0.173099 (VIOLATED)
_17835_/A1                              0.750000    0.923094   -0.173094 (VIOLATED)
_17571_/A1                              0.750000    0.923082   -0.173082 (VIOLATED)
_17920_/A0                              0.750000    0.923002   -0.173002 (VIOLATED)
_17953_/A0                              0.750000    0.923000   -0.173000 (VIOLATED)
_17421_/A1                              0.750000    0.922847   -0.172847 (VIOLATED)
_17549_/A1                              0.750000    0.922822   -0.172822 (VIOLATED)
_12960_/A3                              0.750000    0.922595   -0.172595 (VIOLATED)
_18065_/A1                              0.750000    0.922594   -0.172594 (VIOLATED)
_13140_/A1                              0.750000    0.922591   -0.172591 (VIOLATED)
_18356_/A1                              0.750000    0.922587   -0.172587 (VIOLATED)
fanout934/X                             0.750000    0.922580   -0.172580 (VIOLATED)
_12878_/A3                              0.750000    0.922493   -0.172493 (VIOLATED)
_18047_/A1                              0.750000    0.922492   -0.172492 (VIOLATED)
_18318_/A1                              0.750000    0.922489   -0.172489 (VIOLATED)
_13134_/A1                              0.750000    0.922485   -0.172485 (VIOLATED)
_17914_/A0                              0.750000    0.922464   -0.172464 (VIOLATED)
_17947_/A0                              0.750000    0.922448   -0.172448 (VIOLATED)
_18136_/A0                              0.750000    0.922417   -0.172417 (VIOLATED)
_13293_/A0                              0.750000    0.922376   -0.172376 (VIOLATED)
fanout939/X                             0.750000    0.922334   -0.172334 (VIOLATED)
_18046_/A2                              0.750000    0.921080   -0.171080 (VIOLATED)
fanout989/A                             0.750000    0.920769   -0.170769 (VIOLATED)
_18013_/A2                              0.750000    0.920695   -0.170695 (VIOLATED)
_18200_/B                               0.750000    0.920636   -0.170636 (VIOLATED)
_18208_/A2                              0.750000    0.920634   -0.170634 (VIOLATED)
_18213_/A2                              0.750000    0.920632   -0.170632 (VIOLATED)
_18216_/A2                              0.750000    0.920624   -0.170624 (VIOLATED)
_17971_/B1                              0.750000    0.920589   -0.170589 (VIOLATED)
fanout990/X                             0.750000    0.920564   -0.170564 (VIOLATED)
_17463_/A1                              0.750000    0.919893   -0.169893 (VIOLATED)
_17724_/B1                              0.750000    0.919886   -0.169886 (VIOLATED)
_17588_/A1                              0.750000    0.919855   -0.169855 (VIOLATED)
_17853_/A1                              0.750000    0.919848   -0.169848 (VIOLATED)
_17925_/A0                              0.750000    0.919712   -0.169712 (VIOLATED)
_18079_/B2                              0.750000    0.919612   -0.169612 (VIOLATED)
_13145_/A1                              0.750000    0.919609   -0.169609 (VIOLATED)
_13028_/A3                              0.750000    0.919609   -0.169609 (VIOLATED)
_18147_/A0                              0.750000    0.919609   -0.169609 (VIOLATED)
_18385_/A1                              0.750000    0.919581   -0.169581 (VIOLATED)
fanout930/X                             0.750000    0.919560   -0.169560 (VIOLATED)
_14285_/A1                              0.750000    0.916167   -0.166167 (VIOLATED)
_14284_/A                               0.750000    0.916163   -0.166163 (VIOLATED)
_14099_/B2                              0.750000    0.916151   -0.166151 (VIOLATED)
_14389_/B2                              0.750000    0.916109   -0.166109 (VIOLATED)
_14283_/A                               0.750000    0.916065   -0.166065 (VIOLATED)
_14490_/A1                              0.750000    0.915929   -0.165929 (VIOLATED)
_14492_/A                               0.750000    0.915872   -0.165872 (VIOLATED)
_14601_/A                               0.750000    0.915820   -0.165820 (VIOLATED)
_14721_/A                               0.750000    0.915709   -0.165709 (VIOLATED)
fanout1166/A                            0.750000    0.915332   -0.165332 (VIOLATED)
fanout1167/X                            0.750000    0.915324   -0.165324 (VIOLATED)
_19362_/A1                              0.750000    0.913509   -0.163509 (VIOLATED)
_19589_/A                               0.750000    0.913488   -0.163488 (VIOLATED)
_19369_/S                               0.750000    0.913478   -0.163478 (VIOLATED)
_19370_/S                               0.750000    0.913474   -0.163474 (VIOLATED)
_19603_/A1                              0.750000    0.913442   -0.163442 (VIOLATED)
_19606_/S                               0.750000    0.913359   -0.163359 (VIOLATED)
_19595_/S                               0.750000    0.913345   -0.163345 (VIOLATED)
_10392_/C1                              0.750000    0.913074   -0.163074 (VIOLATED)
_10340_/C1                              0.750000    0.913048   -0.163048 (VIOLATED)
_10925_/C1                              0.750000    0.913030   -0.163030 (VIOLATED)
_10875_/C1                              0.750000    0.912908   -0.162908 (VIOLATED)
fanout1477/A                            0.750000    0.912847   -0.162847 (VIOLATED)
_10505_/A1                              0.750000    0.912801   -0.162801 (VIOLATED)
_19692_/S                               0.750000    0.912731   -0.162731 (VIOLATED)
_19700_/S                               0.750000    0.912646   -0.162646 (VIOLATED)
fanout1859/A                            0.750000    0.912640   -0.162640 (VIOLATED)
fanout1860/X                            0.750000    0.912615   -0.162615 (VIOLATED)
_11914_/C1                              0.750000    0.912509   -0.162509 (VIOLATED)
fanout1475/A                            0.750000    0.912506   -0.162506 (VIOLATED)
fanout1474/A                            0.750000    0.912458   -0.162458 (VIOLATED)
fanout1478/X                            0.750000    0.912458   -0.162458 (VIOLATED)
_15053_/A1                              0.750000    0.910347   -0.160347 (VIOLATED)
_13822_/A                               0.750000    0.910340   -0.160340 (VIOLATED)
_14703_/A1                              0.750000    0.910319   -0.160319 (VIOLATED)
_14702_/A1                              0.750000    0.910315   -0.160315 (VIOLATED)
_13823_/A                               0.750000    0.910179   -0.160180 (VIOLATED)
_14365_/A1                              0.750000    0.910098   -0.160098 (VIOLATED)
_14366_/A1                              0.750000    0.910055   -0.160055 (VIOLATED)
_15053_/A2                              0.750000    0.909940   -0.159940 (VIOLATED)
_13822_/B                               0.750000    0.909932   -0.159932 (VIOLATED)
_13992_/A1                              0.750000    0.909929   -0.159929 (VIOLATED)
_14703_/A2                              0.750000    0.909882   -0.159882 (VIOLATED)
_14702_/A2                              0.750000    0.909861   -0.159861 (VIOLATED)
_13825_/A1                              0.750000    0.909838   -0.159838 (VIOLATED)
_13824_/A1                              0.750000    0.909831   -0.159831 (VIOLATED)
fanout1242/X                            0.750000    0.909805   -0.159805 (VIOLATED)
_13823_/B                               0.750000    0.909682   -0.159682 (VIOLATED)
_14366_/A2                              0.750000    0.909541   -0.159541 (VIOLATED)
_14365_/A2                              0.750000    0.909458   -0.159458 (VIOLATED)
_13992_/A2                              0.750000    0.909204   -0.159204 (VIOLATED)
_13824_/A2                              0.750000    0.909177   -0.159177 (VIOLATED)
_13825_/A2                              0.750000    0.909127   -0.159127 (VIOLATED)
fanout1241/X                            0.750000    0.909106   -0.159106 (VIOLATED)
_17425_/A1                              0.750000    0.908062   -0.158062 (VIOLATED)
_17681_/A1                              0.750000    0.908051   -0.158051 (VIOLATED)
_17552_/A1                              0.750000    0.908022   -0.158022 (VIOLATED)
_17816_/A1                              0.750000    0.907969   -0.157969 (VIOLATED)
_17915_/A0                              0.750000    0.907945   -0.157945 (VIOLATED)
_17948_/A0                              0.750000    0.907909   -0.157909 (VIOLATED)
_18326_/A1                              0.750000    0.907570   -0.157570 (VIOLATED)
_12891_/A3                              0.750000    0.907569   -0.157569 (VIOLATED)
_18049_/B2                              0.750000    0.907567   -0.157567 (VIOLATED)
_13135_/A1                              0.750000    0.907558   -0.157558 (VIOLATED)
fanout938/X                             0.750000    0.907537   -0.157537 (VIOLATED)
_17478_/A1                              0.750000    0.903931   -0.153931 (VIOLATED)
_17605_/B1                              0.750000    0.903786   -0.153786 (VIOLATED)
_17962_/A0                              0.750000    0.903400   -0.153400 (VIOLATED)
_17929_/A0                              0.750000    0.903351   -0.153351 (VIOLATED)
_18116_/A0                              0.750000    0.903213   -0.153213 (VIOLATED)
_18151_/A0                              0.750000    0.903028   -0.153028 (VIOLATED)
_13149_/A1                              0.750000    0.902858   -0.152858 (VIOLATED)
_13081_/A3                              0.750000    0.902839   -0.152839 (VIOLATED)
_18092_/A1                              0.750000    0.902835   -0.152835 (VIOLATED)
_18407_/A1                              0.750000    0.902802   -0.152802 (VIOLATED)
fanout927/X                             0.750000    0.902793   -0.152793 (VIOLATED)
_13145_/A2                              0.750000    0.900671   -0.150671 (VIOLATED)
_13146_/A2                              0.750000    0.900655   -0.150655 (VIOLATED)
_13140_/A2                              0.750000    0.900620   -0.150620 (VIOLATED)
_11972_/A2                              0.750000    0.900601   -0.150601 (VIOLATED)
_11979_/A1                              0.750000    0.900599   -0.150600 (VIOLATED)
_13150_/A2                              0.750000    0.900527   -0.150527 (VIOLATED)
_16345_/B                               0.750000    0.900486   -0.150486 (VIOLATED)
_13152_/A2                              0.750000    0.900406   -0.150406 (VIOLATED)
_14668_/A1                              0.750000    0.900401   -0.150401 (VIOLATED)
_14669_/A1                              0.750000    0.900382   -0.150382 (VIOLATED)
_18873_/A1                              0.750000    0.900313   -0.150313 (VIOLATED)
_18879_/B                               0.750000    0.900297   -0.150297 (VIOLATED)
_16310_/B                               0.750000    0.900293   -0.150293 (VIOLATED)
_16306_/A2                              0.750000    0.900292   -0.150292 (VIOLATED)
_18878_/A1                              0.750000    0.900282   -0.150282 (VIOLATED)
fanout2315/X                            0.750000    0.900261   -0.150261 (VIOLATED)
_13143_/A2                              0.750000    0.900169   -0.150169 (VIOLATED)
_13137_/A2                              0.750000    0.900088   -0.150088 (VIOLATED)
_13141_/A2                              0.750000    0.900052   -0.150052 (VIOLATED)
_13138_/A2                              0.750000    0.899652   -0.149652 (VIOLATED)
_13139_/A2                              0.750000    0.899602   -0.149602 (VIOLATED)
fanout426/X                             0.750000    0.899602   -0.149602 (VIOLATED)
_12118_/B                               0.750000    0.899420   -0.149420 (VIOLATED)
_12149_/A_N                             0.750000    0.899413   -0.149413 (VIOLATED)
_12135_/A                               0.750000    0.899410   -0.149410 (VIOLATED)
_12128_/B                               0.750000    0.899327   -0.149327 (VIOLATED)
_12138_/B                               0.750000    0.899196   -0.149196 (VIOLATED)
_12047_/A                               0.750000    0.899090   -0.149090 (VIOLATED)
_12008_/A                               0.750000    0.899048   -0.149048 (VIOLATED)
_11985_/B                               0.750000    0.899029   -0.149029 (VIOLATED)
_18053_/A2                              0.750000    0.898019   -0.148019 (VIOLATED)
_18049_/B1                              0.750000    0.898019   -0.148019 (VIOLATED)
_18101_/A2                              0.750000    0.897976   -0.147976 (VIOLATED)
_09973_/A                               0.750000    0.897965   -0.147965 (VIOLATED)
_09979_/A                               0.750000    0.897931   -0.147931 (VIOLATED)
fanout1703/X                            0.750000    0.897923   -0.147923 (VIOLATED)
_18095_/A2                              0.750000    0.897893   -0.147893 (VIOLATED)
_18065_/A2                              0.750000    0.897739   -0.147739 (VIOLATED)
_18083_/A2                              0.750000    0.897566   -0.147566 (VIOLATED)
_18079_/B1                              0.750000    0.897483   -0.147483 (VIOLATED)
_18052_/B1                              0.750000    0.897071   -0.147071 (VIOLATED)
_18100_/B1                              0.750000    0.897057   -0.147057 (VIOLATED)
_18073_/B1                              0.750000    0.897043   -0.147043 (VIOLATED)
_18094_/B1                              0.750000    0.896988   -0.146988 (VIOLATED)
_18064_/B1                              0.750000    0.896968   -0.146968 (VIOLATED)
_18097_/B1                              0.750000    0.896778   -0.146778 (VIOLATED)
_18082_/B1                              0.750000    0.896751   -0.146751 (VIOLATED)
fanout737/A                             0.750000    0.896615   -0.146615 (VIOLATED)
fanout738/X                             0.750000    0.896608   -0.146608 (VIOLATED)
_18076_/B1                              0.750000    0.896441   -0.146441 (VIOLATED)
_18067_/B1                              0.750000    0.896300   -0.146300 (VIOLATED)
_18055_/B1                              0.750000    0.896038   -0.146038 (VIOLATED)
_18004_/A2                              0.750000    0.895989   -0.145989 (VIOLATED)
_18008_/A2                              0.750000    0.895957   -0.145957 (VIOLATED)
fanout1143/X                            0.750000    0.895957   -0.145957 (VIOLATED)
_12804_/B1                              0.750000    0.894264   -0.144264 (VIOLATED)
_12763_/B1                              0.750000    0.894262   -0.144262 (VIOLATED)
_12724_/A2                              0.750000    0.894245   -0.144245 (VIOLATED)
_13007_/A2                              0.750000    0.894230   -0.144230 (VIOLATED)
_12844_/B1                              0.750000    0.893976   -0.143976 (VIOLATED)
_12968_/B1                              0.750000    0.893975   -0.143975 (VIOLATED)
_12912_/A2                              0.750000    0.893966   -0.143966 (VIOLATED)
_12882_/B1                              0.750000    0.893965   -0.143966 (VIOLATED)
_12895_/B1                              0.750000    0.893964   -0.143964 (VIOLATED)
_12869_/A2                              0.750000    0.893958   -0.143958 (VIOLATED)
fanout1282/X                            0.750000    0.893958   -0.143958 (VIOLATED)
_10160_/C1                              0.750000    0.886075   -0.136075 (VIOLATED)
_10275_/C1                              0.750000    0.886045   -0.136045 (VIOLATED)
_10622_/C1                              0.750000    0.885915   -0.135915 (VIOLATED)
_10801_/C1                              0.750000    0.885876   -0.135876 (VIOLATED)
_10740_/C1                              0.750000    0.885769   -0.135769 (VIOLATED)
_10684_/C1                              0.750000    0.885740   -0.135740 (VIOLATED)
_11560_/A1                              0.750000    0.885727   -0.135727 (VIOLATED)
_11558_/C1                              0.750000    0.885719   -0.135719 (VIOLATED)
_11854_/C1                              0.750000    0.885710   -0.135710 (VIOLATED)
_11972_/C1                              0.750000    0.885621   -0.135621 (VIOLATED)
fanout1474/X                            0.750000    0.885572   -0.135572 (VIOLATED)
_15246_/A1                              0.750000    0.883769   -0.133769 (VIOLATED)
_14683_/A                               0.750000    0.883767   -0.133767 (VIOLATED)
_15022_/A                               0.750000    0.883763   -0.133763 (VIOLATED)
_13600_/A2                              0.750000    0.883712   -0.133712 (VIOLATED)
_13599_/C                               0.750000    0.883707   -0.133707 (VIOLATED)
_13598_/B                               0.750000    0.883591   -0.133591 (VIOLATED)
_13649_/A2                              0.750000    0.883587   -0.133587 (VIOLATED)
_13921_/A                               0.750000    0.883577   -0.133577 (VIOLATED)
_13992_/B1                              0.750000    0.883570   -0.133571 (VIOLATED)
_13840_/A                               0.750000    0.883387   -0.133387 (VIOLATED)
fanout1254/X                            0.750000    0.883347   -0.133347 (VIOLATED)
_16969_/B_N                             0.750000    0.883090   -0.133090 (VIOLATED)
_17002_/B                               0.750000    0.883080   -0.133080 (VIOLATED)
fanout2305/A                            0.750000    0.883014   -0.133014 (VIOLATED)
_16698_/B                               0.750000    0.882936   -0.132936 (VIOLATED)
_18272_/A0                              0.750000    0.881677   -0.131677 (VIOLATED)
_19516_/A1                              0.750000    0.881594   -0.131594 (VIOLATED)
fanout2306/X                            0.750000    0.881594   -0.131594 (VIOLATED)
_19081_/A1                              0.750000    0.881366   -0.131366 (VIOLATED)
_19062_/B1                              0.750000    0.881287   -0.131287 (VIOLATED)
_19068_/A1                              0.750000    0.881285   -0.131285 (VIOLATED)
_12306_/A2                              0.750000    0.880995   -0.130995 (VIOLATED)
_12569_/A2                              0.750000    0.880904   -0.130904 (VIOLATED)
_12099_/A1                              0.750000    0.880889   -0.130889 (VIOLATED)
_12307_/A                               0.750000    0.880791   -0.130791 (VIOLATED)
_12300_/A                               0.750000    0.880762   -0.130762 (VIOLATED)
_12303_/A                               0.750000    0.880759   -0.130759 (VIOLATED)
_12308_/A                               0.750000    0.880751   -0.130751 (VIOLATED)
fanout881/X                             0.750000    0.880744   -0.130744 (VIOLATED)
_18081_/A2                              0.750000    0.875571   -0.125571 (VIOLATED)
_18084_/A2                              0.750000    0.875561   -0.125561 (VIOLATED)
_18066_/A2                              0.750000    0.875560   -0.125560 (VIOLATED)
_18096_/A2                              0.750000    0.875448   -0.125448 (VIOLATED)
_18102_/A2                              0.750000    0.875221   -0.125221 (VIOLATED)
_18054_/A2                              0.750000    0.875165   -0.125165 (VIOLATED)
_18051_/A2                              0.750000    0.875102   -0.125102 (VIOLATED)
_18075_/A2                              0.750000    0.874747   -0.124747 (VIOLATED)
_18060_/A2                              0.750000    0.874623   -0.124623 (VIOLATED)
_18057_/A2                              0.750000    0.874610   -0.124610 (VIOLATED)
fanout384/X                             0.750000    0.874579   -0.124579 (VIOLATED)
_12904_/A2                              0.750000    0.873827   -0.123827 (VIOLATED)
_12891_/A2                              0.750000    0.873806   -0.123806 (VIOLATED)
_13125_/A2                              0.750000    0.873735   -0.123735 (VIOLATED)
_13095_/A2                              0.750000    0.873677   -0.123677 (VIOLATED)
_12960_/A2                              0.750000    0.873597   -0.123597 (VIOLATED)
_13041_/A2                              0.750000    0.873370   -0.123370 (VIOLATED)
_13028_/A2                              0.750000    0.873062   -0.123062 (VIOLATED)
_13111_/A2                              0.750000    0.872601   -0.122601 (VIOLATED)
fanout430/A                             0.750000    0.872405   -0.122405 (VIOLATED)
fanout431/X                             0.750000    0.872381   -0.122381 (VIOLATED)
_18450_/A                               0.750000    0.871120   -0.121120 (VIOLATED)
_10339_/A                               0.750000    0.871028   -0.121028 (VIOLATED)
_10802_/A1                              0.750000    0.870967   -0.120967 (VIOLATED)
_11973_/A1                              0.750000    0.870904   -0.120904 (VIOLATED)
_10741_/A1                              0.750000    0.870845   -0.120845 (VIOLATED)
_18077_/A1                              0.750000    0.870692   -0.120692 (VIOLATED)
_13014_/A3                              0.750000    0.870689   -0.120689 (VIOLATED)
_17459_/A1                              0.750000    0.870682   -0.120682 (VIOLATED)
_18379_/A1                              0.750000    0.870678   -0.120678 (VIOLATED)
_17924_/A0                              0.750000    0.870673   -0.120673 (VIOLATED)
_18146_/A0                              0.750000    0.870652   -0.120653 (VIOLATED)
_17584_/A1                              0.750000    0.870646   -0.120646 (VIOLATED)
_13144_/A1                              0.750000    0.870587   -0.120587 (VIOLATED)
_18111_/A0                              0.750000    0.870545   -0.120545 (VIOLATED)
fanout1807/A                            0.750000    0.870544   -0.120544 (VIOLATED)
_17957_/A0                              0.750000    0.870542   -0.120542 (VIOLATED)
fanout931/X                             0.750000    0.870516   -0.120516 (VIOLATED)
fanout1808/X                            0.750000    0.870487   -0.120487 (VIOLATED)
_17470_/A1                              0.750000    0.868969   -0.118969 (VIOLATED)
_17598_/A1                              0.750000    0.868920   -0.118920 (VIOLATED)
_13147_/A1                              0.750000    0.868881   -0.118881 (VIOLATED)
_18086_/A1                              0.750000    0.868880   -0.118880 (VIOLATED)
_13055_/A3                              0.750000    0.868879   -0.118879 (VIOLATED)
_18396_/A1                              0.750000    0.868871   -0.118871 (VIOLATED)
_18149_/A0                              0.750000    0.868864   -0.118864 (VIOLATED)
_17960_/A0                              0.750000    0.868856   -0.118856 (VIOLATED)
_17927_/A0                              0.750000    0.868854   -0.118854 (VIOLATED)
_18114_/A0                              0.750000    0.868768   -0.118768 (VIOLATED)
fanout1021/X                            0.750000    0.868732   -0.118732 (VIOLATED)
_18380_/A2                              0.750000    0.865501   -0.115501 (VIOLATED)
_18425_/A2                              0.750000    0.865454   -0.115454 (VIOLATED)
_18357_/A2                              0.750000    0.865445   -0.115445 (VIOLATED)
_18374_/A2                              0.750000    0.865382   -0.115383 (VIOLATED)
fanout362/A                             0.750000    0.864974   -0.114974 (VIOLATED)
_18226_/A2                              0.750000    0.864914   -0.114914 (VIOLATED)
_18241_/A2                              0.750000    0.864902   -0.114902 (VIOLATED)
fanout363/X                             0.750000    0.864751   -0.114751 (VIOLATED)
_15918_/A1                              0.750000    0.861598   -0.111598 (VIOLATED)
_16024_/A2                              0.750000    0.861596   -0.111596 (VIOLATED)
_16020_/A2                              0.750000    0.861577   -0.111577 (VIOLATED)
_15658_/B                               0.750000    0.861559   -0.111559 (VIOLATED)
_15467_/B                               0.750000    0.861517   -0.111517 (VIOLATED)
_15374_/B1                              0.750000    0.861405   -0.111405 (VIOLATED)
_15169_/B1                              0.750000    0.861180   -0.111180 (VIOLATED)
_14592_/B1                              0.750000    0.860558   -0.110558 (VIOLATED)
_14492_/C                               0.750000    0.860471   -0.110471 (VIOLATED)
_14490_/A2                              0.750000    0.860453   -0.110453 (VIOLATED)
fanout1215/X                            0.750000    0.860444   -0.110444 (VIOLATED)
_18516_/A1                              0.750000    0.860424   -0.110424 (VIOLATED)
ANTENNA_57/DIODE                        0.750000    0.860418   -0.110418 (VIOLATED)
_18848_/A1                              0.750000    0.860411   -0.110411 (VIOLATED)
ANTENNA_58/DIODE                        0.750000    0.860389   -0.110389 (VIOLATED)
_15843_/A                               0.750000    0.860060   -0.110060 (VIOLATED)
_15744_/A                               0.750000    0.860055   -0.110055 (VIOLATED)
_15658_/A                               0.750000    0.860054   -0.110054 (VIOLATED)
_15563_/B                               0.750000    0.860037   -0.110037 (VIOLATED)
_15925_/B                               0.750000    0.859971   -0.109971 (VIOLATED)
_15362_/B                               0.750000    0.859965   -0.109965 (VIOLATED)
_15256_/B                               0.750000    0.859933   -0.109933 (VIOLATED)
_14336_/B                               0.750000    0.859816   -0.109816 (VIOLATED)
_14685_/B                               0.750000    0.859815   -0.109815 (VIOLATED)
_14684_/B1                              0.750000    0.859811   -0.109811 (VIOLATED)
fanout1157/X                            0.750000    0.859798   -0.109798 (VIOLATED)
_11735_/A2                              0.750000    0.859160   -0.109160 (VIOLATED)
_15505_/C1                              0.750000    0.859106   -0.109106 (VIOLATED)
_15601_/B1                              0.750000    0.859097   -0.109097 (VIOLATED)
_16075_/C1                              0.750000    0.859097   -0.109097 (VIOLATED)
_17541_/A1                              0.750000    0.859089   -0.109089 (VIOLATED)
_16164_/B1                              0.750000    0.859083   -0.109083 (VIOLATED)
_17413_/A1                              0.750000    0.859076   -0.109076 (VIOLATED)
_15890_/B1                              0.750000    0.859070   -0.109071 (VIOLATED)
_17667_/A1                              0.750000    0.859060   -0.109060 (VIOLATED)
_15700_/B1                              0.750000    0.859041   -0.109041 (VIOLATED)
_16343_/B1                              0.750000    0.858975   -0.108975 (VIOLATED)
fanout1323/A                            0.750000    0.858881   -0.108881 (VIOLATED)
_18210_/A                               0.750000    0.858798   -0.108798 (VIOLATED)
fanout1324/A                            0.750000    0.858785   -0.108785 (VIOLATED)
_14873_/B1                              0.750000    0.858746   -0.108746 (VIOLATED)
fanout1325/X                            0.750000    0.858722   -0.108722 (VIOLATED)
_18305_/A1                              0.750000    0.858551   -0.108551 (VIOLATED)
_12851_/A3                              0.750000    0.858545   -0.108545 (VIOLATED)
_18040_/B2                              0.750000    0.858538   -0.108538 (VIOLATED)
_18134_/A0                              0.750000    0.858522   -0.108522 (VIOLATED)
_13132_/A1                              0.750000    0.858487   -0.108487 (VIOLATED)
_17945_/A0                              0.750000    0.858427   -0.108427 (VIOLATED)
fanout940/X                             0.750000    0.858418   -0.108418 (VIOLATED)
_11731_/A2                              0.750000    0.858253   -0.108254 (VIOLATED)
_11729_/Y                               0.750000    0.856713   -0.106713 (VIOLATED)
_18921_/A2                              0.750000    0.855104   -0.105104 (VIOLATED)
_16284_/A2                              0.750000    0.855104   -0.105104 (VIOLATED)
_15926_/B1                              0.750000    0.855073   -0.105073 (VIOLATED)
_15845_/D                               0.750000    0.854893   -0.104893 (VIOLATED)
_15571_/C                               0.750000    0.854766   -0.104766 (VIOLATED)
_15059_/C                               0.750000    0.854536   -0.104536 (VIOLATED)
_15381_/C                               0.750000    0.854533   -0.104533 (VIOLATED)
_14848_/C                               0.750000    0.854496   -0.104496 (VIOLATED)
_14798_/B                               0.750000    0.854435   -0.104435 (VIOLATED)
_14892_/A2                              0.750000    0.854406   -0.104406 (VIOLATED)
fanout1204/X                            0.750000    0.854388   -0.104388 (VIOLATED)
_18274_/A1                              0.750000    0.851305   -0.101305 (VIOLATED)
_18282_/A1                              0.750000    0.851299   -0.101299 (VIOLATED)
_18294_/B1                              0.750000    0.851245   -0.101245 (VIOLATED)
_18290_/A1                              0.750000    0.851238   -0.101238 (VIOLATED)
_18301_/B1                              0.750000    0.851170   -0.101170 (VIOLATED)
_18325_/A1                              0.750000    0.851149   -0.101150 (VIOLATED)
_18314_/B1                              0.750000    0.851148   -0.101148 (VIOLATED)
_18308_/B1                              0.750000    0.851129   -0.101129 (VIOLATED)
_12372_/B                               0.750000    0.850710   -0.100710 (VIOLATED)
_12182_/A                               0.750000    0.850691   -0.100691 (VIOLATED)
fanout1589/X                            0.750000    0.850682   -0.100682 (VIOLATED)
fanout2468/A                            0.750000    0.849516   -0.099516 (VIOLATED)
fanout2439/A                            0.750000    0.849381   -0.099381 (VIOLATED)
fanout2447/A                            0.750000    0.849334   -0.099334 (VIOLATED)
fanout2401/A                            0.750000    0.849259   -0.099259 (VIOLATED)
fanout2399/A                            0.750000    0.849232   -0.099232 (VIOLATED)
fanout2403/A                            0.750000    0.849144   -0.099144 (VIOLATED)
fanout2398/A                            0.750000    0.849126   -0.099126 (VIOLATED)
fanout2469/X                            0.750000    0.849121   -0.099121 (VIOLATED)
_12172_/A1                              0.750000    0.849016   -0.099016 (VIOLATED)
_12080_/B                               0.750000    0.848972   -0.098972 (VIOLATED)
_12373_/A1                              0.750000    0.848960   -0.098960 (VIOLATED)
_17893_/A                               0.750000    0.848956   -0.098956 (VIOLATED)
_09877_/A                               0.750000    0.848946   -0.098946 (VIOLATED)
_18603_/A2                              0.750000    0.848935   -0.098935 (VIOLATED)
fanout2316/A                            0.750000    0.848905   -0.098905 (VIOLATED)
fanout2317/X                            0.750000    0.848905   -0.098905 (VIOLATED)
_14087_/A                               0.750000    0.848321   -0.098321 (VIOLATED)
_14274_/A                               0.750000    0.848219   -0.098219 (VIOLATED)
_14481_/A1                              0.750000    0.848159   -0.098159 (VIOLATED)
_14479_/A                               0.750000    0.848158   -0.098158 (VIOLATED)
_14591_/A                               0.750000    0.848088   -0.098088 (VIOLATED)
_14954_/A                               0.750000    0.847918   -0.097918 (VIOLATED)
_14712_/A                               0.750000    0.847882   -0.097882 (VIOLATED)
_15176_/B2                              0.750000    0.847877   -0.097877 (VIOLATED)
_15058_/A                               0.750000    0.847876   -0.097876 (VIOLATED)
_15060_/A                               0.750000    0.847875   -0.097875 (VIOLATED)
fanout1249/X                            0.750000    0.847849   -0.097849 (VIOLATED)
_12852_/S                               0.750000    0.844907   -0.094907 (VIOLATED)
_12838_/S                               0.750000    0.844887   -0.094887 (VIOLATED)
_12814_/S                               0.750000    0.844877   -0.094877 (VIOLATED)
_12826_/S                               0.750000    0.844844   -0.094844 (VIOLATED)
_12799_/S                               0.750000    0.844763   -0.094763 (VIOLATED)
_12784_/S                               0.750000    0.844667   -0.094667 (VIOLATED)
_12771_/S                               0.750000    0.844607   -0.094607 (VIOLATED)
_12757_/S                               0.750000    0.844512   -0.094512 (VIOLATED)
_12716_/S                               0.750000    0.844281   -0.094281 (VIOLATED)
_12683_/S                               0.750000    0.844178   -0.094178 (VIOLATED)
fanout1090/X                            0.750000    0.844168   -0.094168 (VIOLATED)
_15612_/C1                              0.750000    0.842886   -0.092886 (VIOLATED)
fanout1471/A                            0.750000    0.842740   -0.092740 (VIOLATED)
_13541_/A                               0.750000    0.842551   -0.092551 (VIOLATED)
_14041_/C1                              0.750000    0.842550   -0.092550 (VIOLATED)
_14220_/C1                              0.750000    0.842538   -0.092538 (VIOLATED)
_14128_/C1                              0.750000    0.842493   -0.092493 (VIOLATED)
fanout1469/A                            0.750000    0.842343   -0.092343 (VIOLATED)
fanout1472/X                            0.750000    0.842336   -0.092336 (VIOLATED)
_18062_/B1                              0.750000    0.840586   -0.090586 (VIOLATED)
_18071_/B1                              0.750000    0.840581   -0.090581 (VIOLATED)
_18092_/B1                              0.750000    0.840539   -0.090539 (VIOLATED)
_18086_/B1                              0.750000    0.840516   -0.090516 (VIOLATED)
_18089_/B1                              0.750000    0.840387   -0.090387 (VIOLATED)
_18077_/B1                              0.750000    0.840319   -0.090319 (VIOLATED)
_18068_/B1                              0.750000    0.840288   -0.090288 (VIOLATED)
_17545_/A1                              0.750000    0.840058   -0.090058 (VIOLATED)
_17417_/A1                              0.750000    0.840053   -0.090054 (VIOLATED)
_18056_/B1                              0.750000    0.840031   -0.090031 (VIOLATED)
_18044_/A1                              0.750000    0.839998   -0.089998 (VIOLATED)
_12864_/A3                              0.750000    0.839994   -0.089994 (VIOLATED)
_18312_/A1                              0.750000    0.839987   -0.089987 (VIOLATED)
_13133_/A1                              0.750000    0.839981   -0.089981 (VIOLATED)
_17946_/A0                              0.750000    0.839960   -0.089960 (VIOLATED)
_18135_/A0                              0.750000    0.839953   -0.089953 (VIOLATED)
_18059_/B1                              0.750000    0.839946   -0.089946 (VIOLATED)
_17913_/A0                              0.750000    0.839917   -0.089917 (VIOLATED)
_13292_/A0                              0.750000    0.839907   -0.089907 (VIOLATED)
_18008_/B1                              0.750000    0.839895   -0.089895 (VIOLATED)
fanout716/X                             0.750000    0.839878   -0.089878 (VIOLATED)
fanout319/X                             0.750000    0.839846   -0.089847 (VIOLATED)
_13047_/B1                              0.750000    0.835768   -0.085769 (VIOLATED)
_13089_/A2                              0.750000    0.835728   -0.085728 (VIOLATED)
_12981_/B1                              0.750000    0.835701   -0.085701 (VIOLATED)
_13075_/A2                              0.750000    0.835657   -0.085657 (VIOLATED)
_12951_/B1                              0.750000    0.835620   -0.085620 (VIOLATED)
_12965_/B1                              0.750000    0.835618   -0.085618 (VIOLATED)
fanout1345/A                            0.750000    0.835612   -0.085612 (VIOLATED)
_12913_/A2                              0.750000    0.835611   -0.085611 (VIOLATED)
_12938_/B1                              0.750000    0.835456   -0.085456 (VIOLATED)
_12885_/B1                              0.750000    0.835445   -0.085445 (VIOLATED)
_12926_/A2                              0.750000    0.835440   -0.085440 (VIOLATED)
_13099_/B1                              0.750000    0.835432   -0.085432 (VIOLATED)
_12913_/B1                              0.750000    0.835419   -0.085419 (VIOLATED)
_12990_/B1                              0.750000    0.835334   -0.085334 (VIOLATED)
_12131_/B                               0.750000    0.835274   -0.085274 (VIOLATED)
_12845_/A2                              0.750000    0.835255   -0.085255 (VIOLATED)
fanout1346/X                            0.750000    0.835249   -0.085249 (VIOLATED)
_12926_/B1                              0.750000    0.835210   -0.085210 (VIOLATED)
_13116_/B1                              0.750000    0.835210   -0.085210 (VIOLATED)
fanout1279/X                            0.750000    0.835189   -0.085189 (VIOLATED)
_12484_/B1                              0.750000    0.833674   -0.083674 (VIOLATED)
_12489_/B1                              0.750000    0.833669   -0.083669 (VIOLATED)
_12505_/B1                              0.750000    0.833628   -0.083628 (VIOLATED)
_12531_/B1                              0.750000    0.833585   -0.083585 (VIOLATED)
_12515_/B1                              0.750000    0.833400   -0.083400 (VIOLATED)
_12520_/B1                              0.750000    0.833333   -0.083333 (VIOLATED)
_12494_/B1                              0.750000    0.833014   -0.083014 (VIOLATED)
_12548_/B1                              0.750000    0.832939   -0.082939 (VIOLATED)
_12558_/B1                              0.750000    0.832784   -0.082784 (VIOLATED)
_12510_/B1                              0.750000    0.832736   -0.082736 (VIOLATED)
fanout1029/X                            0.750000    0.832708   -0.082708 (VIOLATED)
_19417_/A1                              0.750000    0.831636   -0.081636 (VIOLATED)
_19430_/B                               0.750000    0.831613   -0.081613 (VIOLATED)
_19427_/A                               0.750000    0.831605   -0.081606 (VIOLATED)
_13049_/A2                              0.750000    0.831532   -0.081532 (VIOLATED)
_13009_/A2                              0.750000    0.831528   -0.081528 (VIOLATED)
_19473_/A                               0.750000    0.831528   -0.081528 (VIOLATED)
_12982_/A2                              0.750000    0.831500   -0.081500 (VIOLATED)
_19433_/A                               0.750000    0.831468   -0.081468 (VIOLATED)
_12934_/B                               0.750000    0.831460   -0.081460 (VIOLATED)
_19416_/A                               0.750000    0.831446   -0.081446 (VIOLATED)
_19541_/A1                              0.750000    0.831441   -0.081441 (VIOLATED)
_12808_/A2                              0.750000    0.831435   -0.081435 (VIOLATED)
_13126_/A                               0.750000    0.831435   -0.081435 (VIOLATED)
_19474_/A                               0.750000    0.831427   -0.081427 (VIOLATED)
_12922_/A2                              0.750000    0.831425   -0.081425 (VIOLATED)
_19578_/A                               0.750000    0.831422   -0.081422 (VIOLATED)
_19662_/C1                              0.750000    0.831418   -0.081418 (VIOLATED)
_18056_/A1                              0.750000    0.831409   -0.081409 (VIOLATED)
_12123_/A                               0.750000    0.831402   -0.081402 (VIOLATED)
_13137_/A1                              0.750000    0.831402   -0.081402 (VIOLATED)
_12918_/A3                              0.750000    0.831395   -0.081395 (VIOLATED)
fanout1537/X                            0.750000    0.831395   -0.081395 (VIOLATED)
_13245_/A2                              0.750000    0.831383   -0.081383 (VIOLATED)
_17950_/A0                              0.750000    0.831377   -0.081377 (VIOLATED)
_12884_/A2                              0.750000    0.831368   -0.081368 (VIOLATED)
_18339_/A1                              0.750000    0.831365   -0.081365 (VIOLATED)
_17690_/B1                              0.750000    0.831254   -0.081254 (VIOLATED)
_17433_/A1                              0.750000    0.831253   -0.081253 (VIOLATED)
_17917_/A0                              0.750000    0.831239   -0.081239 (VIOLATED)
_17560_/A1                              0.750000    0.831238   -0.081238 (VIOLATED)
_18104_/A0                              0.750000    0.831229   -0.081229 (VIOLATED)
fanout1022/X                            0.750000    0.831209   -0.081209 (VIOLATED)
fanout1348/X                            0.750000    0.831136   -0.081136 (VIOLATED)
_16018_/A1                              0.750000    0.829964   -0.079964 (VIOLATED)
_15836_/A                               0.750000    0.829958   -0.079958 (VIOLATED)
_16019_/A                               0.750000    0.829957   -0.079957 (VIOLATED)
_15743_/B                               0.750000    0.829942   -0.079942 (VIOLATED)
_15659_/B1                              0.750000    0.829900   -0.079900 (VIOLATED)
_15565_/B                               0.750000    0.829816   -0.079816 (VIOLATED)
_15375_/B                               0.750000    0.829748   -0.079748 (VIOLATED)
_15270_/B                               0.750000    0.829645   -0.079645 (VIOLATED)
_14712_/B                               0.750000    0.829353   -0.079353 (VIOLATED)
_19413_/A1                              0.750000    0.829284   -0.079284 (VIOLATED)
_19547_/A2                              0.750000    0.829243   -0.079243 (VIOLATED)
_19467_/A1                              0.750000    0.829205   -0.079205 (VIOLATED)
_14491_/B                               0.750000    0.829200   -0.079200 (VIOLATED)
fanout1216/X                            0.750000    0.829177   -0.079177 (VIOLATED)
_19610_/B                               0.750000    0.829165   -0.079165 (VIOLATED)
ANTENNA_108/DIODE                       0.750000    0.829159   -0.079159 (VIOLATED)
_19540_/B1                              0.750000    0.829070   -0.079070 (VIOLATED)
_19543_/A1                              0.750000    0.829069   -0.079069 (VIOLATED)
_19567_/A1                              0.750000    0.829008   -0.079008 (VIOLATED)
fanout1538/A                            0.750000    0.828754   -0.078754 (VIOLATED)
fanout1539/A                            0.750000    0.828731   -0.078731 (VIOLATED)
fanout1540/X                            0.750000    0.828728   -0.078728 (VIOLATED)
_15917_/A2                              0.750000    0.825974   -0.075974 (VIOLATED)
_16003_/A2                              0.750000    0.825971   -0.075971 (VIOLATED)
_15839_/B                               0.750000    0.825971   -0.075971 (VIOLATED)
_15918_/A2                              0.750000    0.825962   -0.075962 (VIOLATED)
_15552_/B                               0.750000    0.825899   -0.075899 (VIOLATED)
_15645_/D                               0.750000    0.825884   -0.075884 (VIOLATED)
_16190_/A1                              0.750000    0.825591   -0.075591 (VIOLATED)
_16284_/A1                              0.750000    0.825437   -0.075437 (VIOLATED)
_16278_/A1                              0.750000    0.825381   -0.075381 (VIOLATED)
_14664_/B                               0.750000    0.824991   -0.074991 (VIOLATED)
fanout1152/X                            0.750000    0.824968   -0.074968 (VIOLATED)
_11687_/A2                              0.750000    0.824117   -0.074117 (VIOLATED)
_11868_/A2                              0.750000    0.823964   -0.073964 (VIOLATED)
fanout1758/A                            0.750000    0.823960   -0.073960 (VIOLATED)
wire1763/A                              0.750000    0.823931   -0.073931 (VIOLATED)
_10756_/B1                              0.750000    0.823900   -0.073900 (VIOLATED)
fanout1761/X                            0.750000    0.823885   -0.073885 (VIOLATED)
_17436_/A1                              0.750000    0.822529   -0.072529 (VIOLATED)
_18105_/A0                              0.750000    0.822385   -0.072386 (VIOLATED)
_18140_/A0                              0.750000    0.822340   -0.072340 (VIOLATED)
_18202_/A1                              0.750000    0.822324   -0.072324 (VIOLATED)
_17918_/A0                              0.750000    0.822322   -0.072322 (VIOLATED)
_17951_/A0                              0.750000    0.822318   -0.072318 (VIOLATED)
_12932_/A3                              0.750000    0.822303   -0.072303 (VIOLATED)
_18058_/B2                              0.750000    0.822303   -0.072303 (VIOLATED)
_18345_/A1                              0.750000    0.822299   -0.072299 (VIOLATED)
_13138_/A1                              0.750000    0.822291   -0.072291 (VIOLATED)
fanout936/X                             0.750000    0.822280   -0.072280 (VIOLATED)
fanout2280/A                            0.750000    0.821484   -0.071484 (VIOLATED)
fanout2274/A                            0.750000    0.821453   -0.071453 (VIOLATED)
fanout2276/A                            0.750000    0.821453   -0.071453 (VIOLATED)
fanout2273/A                            0.750000    0.821183   -0.071183 (VIOLATED)
fanout2265/A                            0.750000    0.820556   -0.070556 (VIOLATED)
fanout2282/X                            0.750000    0.820548   -0.070548 (VIOLATED)
_18076_/A2                              0.750000    0.820343   -0.070343 (VIOLATED)
_18067_/A2                              0.750000    0.820334   -0.070334 (VIOLATED)
_18079_/A2                              0.750000    0.820280   -0.070280 (VIOLATED)
_18082_/A2                              0.750000    0.820221   -0.070221 (VIOLATED)
_18064_/A2                              0.750000    0.820102   -0.070102 (VIOLATED)
_18094_/A2                              0.750000    0.820050   -0.070050 (VIOLATED)
_18100_/A2                              0.750000    0.819786   -0.069787 (VIOLATED)
_18052_/A2                              0.750000    0.819615   -0.069615 (VIOLATED)
_18049_/A2                              0.750000    0.819523   -0.069523 (VIOLATED)
_18073_/A2                              0.750000    0.819319   -0.069319 (VIOLATED)
fanout992/X                             0.750000    0.819281   -0.069281 (VIOLATED)
_18507_/A                               0.750000    0.818650   -0.068650 (VIOLATED)
_18820_/B2                              0.750000    0.818482   -0.068482 (VIOLATED)
_16374_/S                               0.750000    0.817673   -0.067673 (VIOLATED)
_12941_/A1                              0.750000    0.817362   -0.067362 (VIOLATED)
_13009_/B1                              0.750000    0.817329   -0.067329 (VIOLATED)
_13036_/B1                              0.750000    0.817289   -0.067289 (VIOLATED)
_13077_/A1                              0.750000    0.817275   -0.067275 (VIOLATED)
_13090_/A1                              0.750000    0.817188   -0.067188 (VIOLATED)
_13023_/A1                              0.750000    0.817184   -0.067184 (VIOLATED)
_12955_/A1                              0.750000    0.817106   -0.067106 (VIOLATED)
_12969_/A1                              0.750000    0.816999   -0.066999 (VIOLATED)
_12996_/B2                              0.750000    0.816830   -0.066830 (VIOLATED)
fanout1173/A                            0.750000    0.816548   -0.066548 (VIOLATED)
fanout1174/X                            0.750000    0.816542   -0.066542 (VIOLATED)
_11489_/B                               0.750000    0.816516   -0.066516 (VIOLATED)
_11494_/A2                              0.750000    0.816354   -0.066354 (VIOLATED)
_16383_/S                               0.750000    0.816273   -0.066273 (VIOLATED)
ANTENNA_1/DIODE                         0.750000    0.816224   -0.066224 (VIOLATED)
_16389_/S                               0.750000    0.815507   -0.065507 (VIOLATED)
_11488_/X                               0.750000    0.815137   -0.065137 (VIOLATED)
_16392_/S                               0.750000    0.813821   -0.063821 (VIOLATED)
_18114_/S                               0.750000    0.813236   -0.063236 (VIOLATED)
_18111_/S                               0.750000    0.813223   -0.063223 (VIOLATED)
_18113_/S                               0.750000    0.813217   -0.063217 (VIOLATED)
_18112_/S                               0.750000    0.813216   -0.063216 (VIOLATED)
_18107_/S                               0.750000    0.813143   -0.063143 (VIOLATED)
_18108_/S                               0.750000    0.813059   -0.063059 (VIOLATED)
_18118_/S                               0.750000    0.813028   -0.063028 (VIOLATED)
_18106_/S                               0.750000    0.812976   -0.062976 (VIOLATED)
_18091_/A2                              0.750000    0.812964   -0.062964 (VIOLATED)
_18109_/S                               0.750000    0.812943   -0.062943 (VIOLATED)
_18105_/S                               0.750000    0.812930   -0.062930 (VIOLATED)
fanout380/X                             0.750000    0.812922   -0.062922 (VIOLATED)
_18097_/A2                              0.750000    0.812893   -0.062893 (VIOLATED)
fanout992/A                             0.750000    0.812841   -0.062841 (VIOLATED)
_12828_/A2                              0.750000    0.812569   -0.062569 (VIOLATED)
_12815_/A2                              0.750000    0.812559   -0.062559 (VIOLATED)
fanout991/A                             0.750000    0.812553   -0.062553 (VIOLATED)
_12176_/A2                              0.750000    0.812323   -0.062323 (VIOLATED)
_12363_/C                               0.750000    0.812191   -0.062191 (VIOLATED)
_17885_/A2                              0.750000    0.812181   -0.062181 (VIOLATED)
_12058_/B                               0.750000    0.812099   -0.062099 (VIOLATED)
fanout990/A                             0.750000    0.812025   -0.062025 (VIOLATED)
fanout993/X                             0.750000    0.812018   -0.062018 (VIOLATED)
_12855_/A2                              0.750000    0.811869   -0.061869 (VIOLATED)
_12064_/A_N                             0.750000    0.811523   -0.061524 (VIOLATED)
_12990_/A2                              0.750000    0.811446   -0.061446 (VIOLATED)
_13244_/A2                              0.750000    0.811353   -0.061353 (VIOLATED)
fanout1464/X                            0.750000    0.811330   -0.061330 (VIOLATED)
fanout861/A                             0.750000    0.809324   -0.059324 (VIOLATED)
_15743_/A                               0.750000    0.809272   -0.059272 (VIOLATED)
_15745_/A2                              0.750000    0.809257   -0.059257 (VIOLATED)
_16101_/A                               0.750000    0.809241   -0.059241 (VIOLATED)
_16009_/A                               0.750000    0.809235   -0.059235 (VIOLATED)
_14436_/A                               0.750000    0.809234   -0.059234 (VIOLATED)
_15456_/B                               0.750000    0.809137   -0.059137 (VIOLATED)
_15365_/B                               0.750000    0.809011   -0.059011 (VIOLATED)
_15361_/B                               0.750000    0.808952   -0.058952 (VIOLATED)
_14438_/B                               0.750000    0.808611   -0.058611 (VIOLATED)
_14437_/B                               0.750000    0.808608   -0.058608 (VIOLATED)
fanout1217/X                            0.750000    0.808579   -0.058579 (VIOLATED)
_14387_/A                               0.750000    0.808416   -0.058416 (VIOLATED)
_14388_/A                               0.750000    0.808395   -0.058395 (VIOLATED)
fanout1261/A                            0.750000    0.808357   -0.058357 (VIOLATED)
_13770_/A1                              0.750000    0.808118   -0.058118 (VIOLATED)
_13648_/A                               0.750000    0.808097   -0.058097 (VIOLATED)
_13647_/A                               0.750000    0.808043   -0.058043 (VIOLATED)
_13526_/A                               0.750000    0.807859   -0.057859 (VIOLATED)
_13651_/A2                              0.750000    0.807826   -0.057826 (VIOLATED)
_13527_/B                               0.750000    0.807802   -0.057802 (VIOLATED)
fanout1262/X                            0.750000    0.807802   -0.057802 (VIOLATED)
_16359_/X                               0.750000    0.807581   -0.057581 (VIOLATED)
_14689_/A                               0.750000    0.807368   -0.057368 (VIOLATED)
_14921_/A                               0.750000    0.807355   -0.057355 (VIOLATED)
_15025_/A                               0.750000    0.807318   -0.057318 (VIOLATED)
_15541_/A1                              0.750000    0.807251   -0.057251 (VIOLATED)
_15542_/A                               0.750000    0.807251   -0.057251 (VIOLATED)
_15540_/A1                              0.750000    0.807251   -0.057251 (VIOLATED)
_15638_/A1                              0.750000    0.807243   -0.057243 (VIOLATED)
_15350_/A                               0.750000    0.807240   -0.057240 (VIOLATED)
_13849_/A2                              0.750000    0.806932   -0.056932 (VIOLATED)
_13774_/B                               0.750000    0.806912   -0.056912 (VIOLATED)
fanout1162/X                            0.750000    0.806893   -0.056893 (VIOLATED)
_19271_/S                               0.750000    0.806620   -0.056620 (VIOLATED)
_19243_/S                               0.750000    0.806592   -0.056592 (VIOLATED)
_12521_/A2                              0.750000    0.806590   -0.056590 (VIOLATED)
_12527_/A2                              0.750000    0.806583   -0.056583 (VIOLATED)
_19239_/S                               0.750000    0.806580   -0.056580 (VIOLATED)
_19241_/S                               0.750000    0.806575   -0.056575 (VIOLATED)
_19235_/S                               0.750000    0.806567   -0.056567 (VIOLATED)
_19040_/S                               0.750000    0.806555   -0.056555 (VIOLATED)
_12495_/A2                              0.750000    0.806541   -0.056541 (VIOLATED)
_19237_/S                               0.750000    0.806479   -0.056479 (VIOLATED)
_12096_/B2                              0.750000    0.806460   -0.056460 (VIOLATED)
_19042_/B                               0.750000    0.806458   -0.056458 (VIOLATED)
_12549_/A2                              0.750000    0.806456   -0.056456 (VIOLATED)
_12301_/B1                              0.750000    0.806452   -0.056452 (VIOLATED)
fanout1876/X                            0.750000    0.806438   -0.056438 (VIOLATED)
_12474_/A2                              0.750000    0.806438   -0.056438 (VIOLATED)
_12468_/A2                              0.750000    0.806427   -0.056428 (VIOLATED)
_12559_/A2                              0.750000    0.806406   -0.056406 (VIOLATED)
_12501_/A2                              0.750000    0.806323   -0.056323 (VIOLATED)
_12511_/A2                              0.750000    0.806295   -0.056295 (VIOLATED)
_12480_/A2                              0.750000    0.806260   -0.056260 (VIOLATED)
fanout1112/X                            0.750000    0.806234   -0.056234 (VIOLATED)
_14665_/B2                              0.750000    0.805875   -0.055875 (VIOLATED)
_14545_/B1                              0.750000    0.805868   -0.055868 (VIOLATED)
_14336_/A                               0.750000    0.805860   -0.055860 (VIOLATED)
_13686_/A                               0.750000    0.805835   -0.055835 (VIOLATED)
_14896_/A1                              0.750000    0.805803   -0.055803 (VIOLATED)
_14779_/A                               0.750000    0.805803   -0.055803 (VIOLATED)
_14898_/A1                              0.750000    0.805802   -0.055802 (VIOLATED)
_13455_/A                               0.750000    0.805778   -0.055778 (VIOLATED)
_13584_/B1                              0.750000    0.805746   -0.055746 (VIOLATED)
_13654_/A                               0.750000    0.805718   -0.055718 (VIOLATED)
fanout1264/X                            0.750000    0.805696   -0.055696 (VIOLATED)
_10555_/B1                              0.750000    0.804525   -0.054525 (VIOLATED)
max_cap1601/A                           0.750000    0.804510   -0.054510 (VIOLATED)
_10923_/B2                              0.750000    0.804466   -0.054466 (VIOLATED)
_10149_/Y                               0.750000    0.804443   -0.054443 (VIOLATED)
_14171_/A                               0.750000    0.802536   -0.052536 (VIOLATED)
_14265_/A1                              0.750000    0.802534   -0.052534 (VIOLATED)
_14085_/A                               0.750000    0.802512   -0.052512 (VIOLATED)
_13922_/B                               0.750000    0.802449   -0.052449 (VIOLATED)
_13923_/B1                              0.750000    0.802368   -0.052368 (VIOLATED)
_13924_/B                               0.750000    0.802358   -0.052358 (VIOLATED)
_13840_/B                               0.750000    0.802260   -0.052260 (VIOLATED)
_13686_/B                               0.750000    0.802220   -0.052220 (VIOLATED)
_13685_/B                               0.750000    0.802175   -0.052175 (VIOLATED)
_13687_/B1                              0.750000    0.802174   -0.052174 (VIOLATED)
fanout1244/X                            0.750000    0.802168   -0.052168 (VIOLATED)
_15239_/B1                              0.750000    0.801787   -0.051787 (VIOLATED)
fanout1239/A                            0.750000    0.801741   -0.051741 (VIOLATED)
_14570_/A                               0.750000    0.801665   -0.051665 (VIOLATED)
_13849_/B1                              0.750000    0.801638   -0.051638 (VIOLATED)
_14464_/B1                              0.750000    0.801599   -0.051599 (VIOLATED)
_14366_/B1                              0.750000    0.801545   -0.051545 (VIOLATED)
_14265_/A2                              0.750000    0.801529   -0.051529 (VIOLATED)
_14171_/B                               0.750000    0.801490   -0.051490 (VIOLATED)
_14002_/B1                              0.750000    0.801456   -0.051456 (VIOLATED)
fanout1240/X                            0.750000    0.801436   -0.051436 (VIOLATED)
_18397_/A2                              0.750000    0.801388   -0.051388 (VIOLATED)
_18403_/A2                              0.750000    0.801343   -0.051343 (VIOLATED)
_18391_/A2                              0.750000    0.801305   -0.051305 (VIOLATED)
_18408_/A2                              0.750000    0.801187   -0.051187 (VIOLATED)
_18386_/A2                              0.750000    0.801122   -0.051122 (VIOLATED)
_18363_/A2                              0.750000    0.801012   -0.051012 (VIOLATED)
_12618_/A0                              0.750000    0.800817   -0.050817 (VIOLATED)
_14095_/A0                              0.750000    0.800809   -0.050809 (VIOLATED)
_18352_/A2                              0.750000    0.800773   -0.050773 (VIOLATED)
_18340_/A2                              0.750000    0.800668   -0.050668 (VIOLATED)
_18346_/A2                              0.750000    0.800523   -0.050523 (VIOLATED)
_18369_/A2                              0.750000    0.800505   -0.050505 (VIOLATED)
fanout364/X                             0.750000    0.800499   -0.050499 (VIOLATED)
_10364_/B1                              0.750000    0.800238   -0.050239 (VIOLATED)
_15845_/A                               0.750000    0.799595   -0.049595 (VIOLATED)
fanout1223/A                            0.750000    0.799523   -0.049523 (VIOLATED)
_10362_/Y                               0.750000    0.799515   -0.049515 (VIOLATED)
_14814_/B                               0.750000    0.799505   -0.049505 (VIOLATED)
_14689_/B                               0.750000    0.799493   -0.049493 (VIOLATED)
_14144_/A                               0.750000    0.799438   -0.049438 (VIOLATED)
_14458_/B                               0.750000    0.799382   -0.049382 (VIOLATED)
_14457_/A2                              0.750000    0.799358   -0.049358 (VIOLATED)
_14145_/B                               0.750000    0.799308   -0.049308 (VIOLATED)
_14356_/B                               0.750000    0.799265   -0.049265 (VIOLATED)
_14146_/B                               0.750000    0.799238   -0.049238 (VIOLATED)
fanout1224/X                            0.750000    0.799230   -0.049230 (VIOLATED)
_12043_/A2                              0.750000    0.798387   -0.048387 (VIOLATED)
_12147_/A                               0.750000    0.798354   -0.048354 (VIOLATED)
_12155_/A                               0.750000    0.798338   -0.048338 (VIOLATED)
_10459_/B1                              0.750000    0.798289   -0.048289 (VIOLATED)
_12139_/B1                              0.750000    0.798204   -0.048204 (VIOLATED)
_11128_/A2                              0.750000    0.798096   -0.048096 (VIOLATED)
_10885_/B1                              0.750000    0.797398   -0.047398 (VIOLATED)
_10703_/A2                              0.750000    0.797285   -0.047285 (VIOLATED)
_10458_/X                               0.750000    0.797153   -0.047153 (VIOLATED)
_13297_/A0                              0.750000    0.792854   -0.042854 (VIOLATED)
_18125_/A0                              0.750000    0.792845   -0.042845 (VIOLATED)
_13290_/A0                              0.750000    0.792841   -0.042841 (VIOLATED)
_17985_/A1                              0.750000    0.792771   -0.042772 (VIOLATED)
_12730_/A3                              0.750000    0.792771   -0.042771 (VIOLATED)
_17984_/A                               0.750000    0.792771   -0.042771 (VIOLATED)
_17936_/A0                              0.750000    0.792759   -0.042759 (VIOLATED)
_17903_/A0                              0.750000    0.792759   -0.042759 (VIOLATED)
_18240_/A1                              0.750000    0.792756   -0.042756 (VIOLATED)
_13291_/A0                              0.750000    0.792740   -0.042740 (VIOLATED)
fanout943/X                             0.750000    0.792732   -0.042732 (VIOLATED)
_14234_/C                               0.750000    0.791378   -0.041378 (VIOLATED)
_13580_/C                               0.750000    0.791377   -0.041377 (VIOLATED)
_13749_/C                               0.750000    0.791317   -0.041317 (VIOLATED)
_14233_/B                               0.750000    0.791255   -0.041255 (VIOLATED)
_13750_/B                               0.750000    0.791252   -0.041252 (VIOLATED)
_13451_/B                               0.750000    0.791244   -0.041244 (VIOLATED)
_14661_/B                               0.750000    0.791164   -0.041164 (VIOLATED)
_14775_/C                               0.750000    0.791162   -0.041162 (VIOLATED)
_14778_/C                               0.750000    0.791161   -0.041161 (VIOLATED)
_14662_/A3                              0.750000    0.791161   -0.041161 (VIOLATED)
fanout1547/X                            0.750000    0.791143   -0.041143 (VIOLATED)
_16009_/B                               0.750000    0.790169   -0.040169 (VIOLATED)
_16100_/A2                              0.750000    0.790156   -0.040156 (VIOLATED)
_16189_/C                               0.750000    0.790155   -0.040155 (VIOLATED)
_15926_/A2                              0.750000    0.790113   -0.040113 (VIOLATED)
_15845_/C                               0.750000    0.790009   -0.040009 (VIOLATED)
_15842_/A2                              0.750000    0.789959   -0.039959 (VIOLATED)
_15474_/B                               0.750000    0.789808   -0.039808 (VIOLATED)
_14720_/B                               0.750000    0.789581   -0.039581 (VIOLATED)
_14849_/B                               0.750000    0.789575   -0.039575 (VIOLATED)
_14722_/B1                              0.750000    0.789479   -0.039479 (VIOLATED)
fanout1211/X                            0.750000    0.789472   -0.039472 (VIOLATED)
_13747_/B                               0.750000    0.789355   -0.039355 (VIOLATED)
_14435_/S                               0.750000    0.789347   -0.039347 (VIOLATED)
_14332_/B                               0.750000    0.789334   -0.039334 (VIOLATED)
_13821_/B                               0.750000    0.789331   -0.039331 (VIOLATED)
_14542_/B                               0.750000    0.789290   -0.039290 (VIOLATED)
_13579_/B                               0.750000    0.789222   -0.039222 (VIOLATED)
_13652_/S                               0.750000    0.789200   -0.039200 (VIOLATED)
_14663_/A2                              0.750000    0.789193   -0.039193 (VIOLATED)
_13683_/S                               0.750000    0.789144   -0.039144 (VIOLATED)
_14056_/S                               0.750000    0.789122   -0.039122 (VIOLATED)
fanout1544/X                            0.750000    0.788889   -0.038889 (VIOLATED)
_19027_/S                               0.750000    0.787075   -0.037075 (VIOLATED)
_18510_/A1                              0.750000    0.787060   -0.037060 (VIOLATED)
_18978_/S                               0.750000    0.787051   -0.037051 (VIOLATED)
_19008_/S                               0.750000    0.787038   -0.037038 (VIOLATED)
_19010_/S                               0.750000    0.787004   -0.037004 (VIOLATED)
_19021_/S                               0.750000    0.786994   -0.036994 (VIOLATED)
_19025_/S                               0.750000    0.786965   -0.036965 (VIOLATED)
_19014_/S                               0.750000    0.786938   -0.036938 (VIOLATED)
_19004_/S                               0.750000    0.786920   -0.036920 (VIOLATED)
_19000_/S                               0.750000    0.786913   -0.036913 (VIOLATED)
_18998_/S                               0.750000    0.786913   -0.036913 (VIOLATED)
fanout1206/X                            0.750000    0.786911   -0.036911 (VIOLATED)
_18827_/A1                              0.750000    0.786338   -0.036338 (VIOLATED)
_19422_/S1                              0.750000    0.786326   -0.036326 (VIOLATED)
_19641_/A                               0.750000    0.786276   -0.036276 (VIOLATED)
fanout2313/A                            0.750000    0.786083   -0.036083 (VIOLATED)
_19403_/A                               0.750000    0.785992   -0.035992 (VIOLATED)
_19590_/A1                              0.750000    0.785584   -0.035584 (VIOLATED)
_19572_/S                               0.750000    0.785403   -0.035403 (VIOLATED)
_19602_/A                               0.750000    0.785322   -0.035322 (VIOLATED)
fanout2312/A                            0.750000    0.784977   -0.034978 (VIOLATED)
fanout2314/X                            0.750000    0.784940   -0.034940 (VIOLATED)
_12521_/B1                              0.750000    0.784864   -0.034864 (VIOLATED)
_12527_/B1                              0.750000    0.784853   -0.034853 (VIOLATED)
_12501_/B1                              0.750000    0.784825   -0.034825 (VIOLATED)
_12967_/B1                              0.750000    0.784803   -0.034803 (VIOLATED)
_13006_/A2                              0.750000    0.784786   -0.034786 (VIOLATED)
_13049_/B1                              0.750000    0.784735   -0.034735 (VIOLATED)
_13062_/B1                              0.750000    0.784727   -0.034727 (VIOLATED)
_12495_/B1                              0.750000    0.784715   -0.034715 (VIOLATED)
_11559_/A2                              0.750000    0.784708   -0.034708 (VIOLATED)
_13035_/B1                              0.750000    0.784691   -0.034691 (VIOLATED)
_13073_/A2                              0.750000    0.784689   -0.034690 (VIOLATED)
_13019_/A2                              0.750000    0.784689   -0.034689 (VIOLATED)
_12954_/B1                              0.750000    0.784674   -0.034674 (VIOLATED)
_12549_/B1                              0.750000    0.784648   -0.034648 (VIOLATED)
_12981_/A2                              0.750000    0.784600   -0.034600 (VIOLATED)
_12939_/A2                              0.750000    0.784573   -0.034573 (VIOLATED)
fanout1341/X                            0.750000    0.784566   -0.034566 (VIOLATED)
_12474_/B1                              0.750000    0.784538   -0.034538 (VIOLATED)
_12559_/B1                              0.750000    0.784531   -0.034531 (VIOLATED)
_12468_/B1                              0.750000    0.784519   -0.034519 (VIOLATED)
_12511_/B1                              0.750000    0.784292   -0.034292 (VIOLATED)
_12480_/B1                              0.750000    0.784250   -0.034250 (VIOLATED)
fanout1108/X                            0.750000    0.784240   -0.034240 (VIOLATED)
_11563_/A2                              0.750000    0.784014   -0.034014 (VIOLATED)
_13605_/A                               0.750000    0.783740   -0.033740 (VIOLATED)
_14314_/C1                              0.750000    0.783739   -0.033739 (VIOLATED)
_13727_/B1                              0.750000    0.783728   -0.033728 (VIOLATED)
_13466_/A                               0.750000    0.783687   -0.033687 (VIOLATED)
_13670_/A                               0.750000    0.783643   -0.033643 (VIOLATED)
_13969_/C1                              0.750000    0.783558   -0.033558 (VIOLATED)
_10566_/B                               0.750000    0.783298   -0.033298 (VIOLATED)
_10626_/B                               0.750000    0.783295   -0.033295 (VIOLATED)
_10745_/B                               0.750000    0.783289   -0.033289 (VIOLATED)
_10688_/B                               0.750000    0.783275   -0.033275 (VIOLATED)
fanout1469/X                            0.750000    0.783268   -0.033268 (VIOLATED)
_19297_/S                               0.750000    0.782467   -0.032467 (VIOLATED)
_19289_/S                               0.750000    0.782457   -0.032457 (VIOLATED)
_19247_/S                               0.750000    0.782437   -0.032437 (VIOLATED)
fanout1877/A                            0.750000    0.782436   -0.032436 (VIOLATED)
_19265_/S                               0.750000    0.782435   -0.032435 (VIOLATED)
_19279_/S                               0.750000    0.782425   -0.032425 (VIOLATED)
_19251_/S                               0.750000    0.782424   -0.032424 (VIOLATED)
_19281_/S                               0.750000    0.782417   -0.032417 (VIOLATED)
_19249_/S                               0.750000    0.782369   -0.032369 (VIOLATED)
_19261_/S                               0.750000    0.782327   -0.032328 (VIOLATED)
fanout1878/X                            0.750000    0.782327   -0.032328 (VIOLATED)
_18041_/B1                              0.750000    0.781006   -0.031006 (VIOLATED)
_18044_/B1                              0.750000    0.780971   -0.030971 (VIOLATED)
_18035_/B1                              0.750000    0.780963   -0.030963 (VIOLATED)
_18038_/B1                              0.750000    0.780961   -0.030961 (VIOLATED)
_18015_/A2                              0.750000    0.780920   -0.030920 (VIOLATED)
_18032_/B1                              0.750000    0.780914   -0.030914 (VIOLATED)
_18020_/B1                              0.750000    0.780913   -0.030913 (VIOLATED)
_18023_/B1                              0.750000    0.780908   -0.030908 (VIOLATED)
_18026_/B1                              0.750000    0.780904   -0.030904 (VIOLATED)
_18029_/B1                              0.750000    0.780902   -0.030902 (VIOLATED)
fanout318/X                             0.750000    0.780891   -0.030891 (VIOLATED)
_11556_/X                               0.750000    0.779723   -0.029723 (VIOLATED)
_18046_/B1                              0.750000    0.778093   -0.028093 (VIOLATED)
_18043_/B1                              0.750000    0.778080   -0.028080 (VIOLATED)
_18034_/B1                              0.750000    0.778048   -0.028048 (VIOLATED)
_18031_/B1                              0.750000    0.777862   -0.027862 (VIOLATED)
_18028_/B1                              0.750000    0.777745   -0.027745 (VIOLATED)
_18025_/B1                              0.750000    0.777643   -0.027643 (VIOLATED)
_18022_/B1                              0.750000    0.777541   -0.027541 (VIOLATED)
_18019_/B1                              0.750000    0.777414   -0.027414 (VIOLATED)
_18016_/B1                              0.750000    0.777236   -0.027236 (VIOLATED)
_17981_/B                               0.750000    0.777003   -0.027003 (VIOLATED)
fanout1142/X                            0.750000    0.776960   -0.026960 (VIOLATED)
_17756_/B                               0.750000    0.774757   -0.024757 (VIOLATED)
_17620_/B                               0.750000    0.774755   -0.024755 (VIOLATED)
_13295_/C                               0.750000    0.774746   -0.024746 (VIOLATED)
_17365_/D                               0.750000    0.774743   -0.024743 (VIOLATED)
_17366_/C                               0.750000    0.774742   -0.024742 (VIOLATED)
_13288_/B                               0.750000    0.774694   -0.024694 (VIOLATED)
_17900_/B                               0.750000    0.774587   -0.024587 (VIOLATED)
_17933_/A                               0.750000    0.774578   -0.024578 (VIOLATED)
_18205_/B2                              0.750000    0.774439   -0.024439 (VIOLATED)
fanout450/A                             0.750000    0.774436   -0.024436 (VIOLATED)
fanout451/X                             0.750000    0.774426   -0.024426 (VIOLATED)
_12647_/A1                              0.750000    0.774411   -0.024411 (VIOLATED)
_12664_/A3                              0.750000    0.774326   -0.024326 (VIOLATED)
_12630_/B2                              0.750000    0.774282   -0.024282 (VIOLATED)
_12608_/A3                              0.750000    0.773949   -0.023949 (VIOLATED)
fanout1838/A                            0.750000    0.773864   -0.023864 (VIOLATED)
wire1844/A                              0.750000    0.773725   -0.023725 (VIOLATED)
fanout1841/A                            0.750000    0.773410   -0.023411 (VIOLATED)
fanout1843/X                            0.750000    0.773387   -0.023387 (VIOLATED)
_13772_/A1                              0.750000    0.773215   -0.023215 (VIOLATED)
_16001_/A                               0.750000    0.773052   -0.023052 (VIOLATED)
_16236_/A1                              0.750000    0.773048   -0.023048 (VIOLATED)
_16096_/A                               0.750000    0.773042   -0.023042 (VIOLATED)
_16146_/A1                              0.750000    0.773027   -0.023027 (VIOLATED)
_16053_/A1                              0.750000    0.772999   -0.022999 (VIOLATED)
_16215_/A                               0.750000    0.772994   -0.022994 (VIOLATED)
_15945_/A                               0.750000    0.772982   -0.022982 (VIOLATED)
_16326_/A1                              0.750000    0.772965   -0.022965 (VIOLATED)
_15640_/B                               0.750000    0.772758   -0.022758 (VIOLATED)
_15641_/B                               0.750000    0.772737   -0.022737 (VIOLATED)
fanout918/X                             0.750000    0.772723   -0.022723 (VIOLATED)
_19012_/A0                              0.750000    0.772685   -0.022686 (VIOLATED)
_18199_/A0                              0.750000    0.772336   -0.022336 (VIOLATED)
_18368_/A1                              0.750000    0.772324   -0.022324 (VIOLATED)
_12988_/A3                              0.750000    0.772271   -0.022271 (VIOLATED)
_18071_/A1                              0.750000    0.772254   -0.022254 (VIOLATED)
_17452_/A1                              0.750000    0.772218   -0.022218 (VIOLATED)
_13142_/A1                              0.750000    0.772199   -0.022199 (VIOLATED)
_17922_/A0                              0.750000    0.772196   -0.022196 (VIOLATED)
_18109_/A0                              0.750000    0.772169   -0.022169 (VIOLATED)
_18144_/A0                              0.750000    0.772143   -0.022144 (VIOLATED)
_17955_/A0                              0.750000    0.772128   -0.022128 (VIOLATED)
fanout933/X                             0.750000    0.772091   -0.022091 (VIOLATED)
_10417_/A1                              0.750000    0.771769   -0.021769 (VIOLATED)
_11647_/A1                              0.750000    0.771562   -0.021562 (VIOLATED)
_14956_/A                               0.750000    0.771184   -0.021184 (VIOLATED)
_14720_/A                               0.750000    0.771181   -0.021181 (VIOLATED)
_14849_/A                               0.750000    0.771168   -0.021168 (VIOLATED)
_14722_/A1                              0.750000    0.771164   -0.021164 (VIOLATED)
_17288_/S                               0.750000    0.771106   -0.021106 (VIOLATED)
_14491_/A                               0.750000    0.771092   -0.021092 (VIOLATED)
fanout762/A                             0.750000    0.771082   -0.021082 (VIOLATED)
load_slew767/A                          0.750000    0.771078   -0.021078 (VIOLATED)
fanout759/A                             0.750000    0.771031   -0.021031 (VIOLATED)
fanout766/X                             0.750000    0.771006   -0.021006 (VIOLATED)
_13522_/A                               0.750000    0.770847   -0.020847 (VIOLATED)
_14184_/A                               0.750000    0.770786   -0.020786 (VIOLATED)
_14097_/A                               0.750000    0.770766   -0.020766 (VIOLATED)
_13931_/A                               0.750000    0.770667   -0.020667 (VIOLATED)
_13847_/A                               0.750000    0.770662   -0.020662 (VIOLATED)
fanout1261/X                            0.750000    0.770644   -0.020644 (VIOLATED)
_12954_/C1                              0.750000    0.770478   -0.020479 (VIOLATED)
_13022_/C1                              0.750000    0.770469   -0.020469 (VIOLATED)
_13035_/C1                              0.750000    0.770442   -0.020442 (VIOLATED)
ANTENNA_69/DIODE                        0.750000    0.770394   -0.020394 (VIOLATED)
_13008_/C1                              0.750000    0.770378   -0.020378 (VIOLATED)
_13050_/C1                              0.750000    0.770349   -0.020349 (VIOLATED)
_13063_/C1                              0.750000    0.770335   -0.020335 (VIOLATED)
_12982_/C1                              0.750000    0.770193   -0.020193 (VIOLATED)
_12913_/C1                              0.750000    0.770107   -0.020107 (VIOLATED)
_12940_/C1                              0.750000    0.770099   -0.020099 (VIOLATED)
_11339_/B1                              0.750000    0.770076   -0.020076 (VIOLATED)
_12926_/C1                              0.750000    0.770030   -0.020030 (VIOLATED)
fanout1277/X                            0.750000    0.770030   -0.020030 (VIOLATED)
_18395_/B2                              0.750000    0.769150   -0.019150 (VIOLATED)
_10342_/A2                              0.750000    0.769075   -0.019075 (VIOLATED)
_10394_/A2                              0.750000    0.769072   -0.019072 (VIOLATED)
_16261_/B1                              0.750000    0.768872   -0.018872 (VIOLATED)
_14879_/A1                              0.750000    0.768864   -0.018864 (VIOLATED)
_14213_/A1                              0.750000    0.768845   -0.018845 (VIOLATED)
_15313_/B1                              0.750000    0.768817   -0.018817 (VIOLATED)
_15607_/B1                              0.750000    0.768808   -0.018808 (VIOLATED)
fanout1050/A                            0.750000    0.768787   -0.018787 (VIOLATED)
fanout1049/A                            0.750000    0.768744   -0.018744 (VIOLATED)
fanout1051/X                            0.750000    0.768731   -0.018731 (VIOLATED)
_10095_/Y                               0.750000    0.768433   -0.018433 (VIOLATED)
_18080_/B1                              0.750000    0.768297   -0.018297 (VIOLATED)
_18083_/B1                              0.750000    0.768286   -0.018286 (VIOLATED)
_18065_/B1                              0.750000    0.768250   -0.018250 (VIOLATED)
_18095_/B1                              0.750000    0.768221   -0.018221 (VIOLATED)
fanout319/A                             0.750000    0.768188   -0.018188 (VIOLATED)
_18074_/B1                              0.750000    0.768176   -0.018176 (VIOLATED)
_18101_/B1                              0.750000    0.768174   -0.018175 (VIOLATED)
_18050_/B1                              0.750000    0.768154   -0.018154 (VIOLATED)
_18053_/B1                              0.750000    0.768135   -0.018135 (VIOLATED)
_18047_/B1                              0.750000    0.768127   -0.018127 (VIOLATED)
fanout320/X                             0.750000    0.768120   -0.018120 (VIOLATED)
_11338_/X                               0.750000    0.767135   -0.017135 (VIOLATED)
fanout2086/A                            0.750000    0.765872   -0.015872 (VIOLATED)
fanout2081/A                            0.750000    0.765818   -0.015818 (VIOLATED)
fanout2078/A                            0.750000    0.765661   -0.015661 (VIOLATED)
fanout2083/A                            0.750000    0.765612   -0.015612 (VIOLATED)
fanout1926/A                            0.750000    0.765449   -0.015449 (VIOLATED)
_21629_/Q                               0.750000    0.765387   -0.015387 (VIOLATED)
fanout2075/A                            0.750000    0.765322   -0.015322 (VIOLATED)
fanout2088/X                            0.750000    0.765305   -0.015305 (VIOLATED)
wire1852/A                              0.750000    0.765122   -0.015122 (VIOLATED)
_11410_/B1                              0.750000    0.764985   -0.014985 (VIOLATED)
_13684_/S                               0.750000    0.764959   -0.014959 (VIOLATED)
_14331_/C                               0.750000    0.764957   -0.014957 (VIOLATED)
_13977_/S                               0.750000    0.764956   -0.014956 (VIOLATED)
_13653_/S                               0.750000    0.764938   -0.014938 (VIOLATED)
_14057_/S                               0.750000    0.764936   -0.014936 (VIOLATED)
_13521_/S                               0.750000    0.764930   -0.014930 (VIOLATED)
_13748_/B1                              0.750000    0.764930   -0.014930 (VIOLATED)
fanout1545/X                            0.750000    0.764930   -0.014930 (VIOLATED)
_17448_/A1                              0.750000    0.764593   -0.014593 (VIOLATED)
_17707_/A1                              0.750000    0.764586   -0.014586 (VIOLATED)
_17838_/A1                              0.750000    0.764551   -0.014551 (VIOLATED)
_17574_/A1                              0.750000    0.764524   -0.014524 (VIOLATED)
_17921_/A0                              0.750000    0.764459   -0.014459 (VIOLATED)
_17954_/A0                              0.750000    0.764454   -0.014454 (VIOLATED)
_11767_/C1                              0.750000    0.764312   -0.014312 (VIOLATED)
_12974_/A3                              0.750000    0.764269   -0.014269 (VIOLATED)
_18362_/A1                              0.750000    0.764269   -0.014269 (VIOLATED)
_18068_/A1                              0.750000    0.764269   -0.014269 (VIOLATED)
_13141_/A1                              0.750000    0.764268   -0.014268 (VIOLATED)
fanout872/X                             0.750000    0.764267   -0.014267 (VIOLATED)
fanout1849/A                            0.750000    0.763970   -0.013970 (VIOLATED)
fanout1851/X                            0.750000    0.763964   -0.013964 (VIOLATED)
fanout656/A                             0.750000    0.763812   -0.013812 (VIOLATED)
wire660/A                               0.750000    0.763639   -0.013639 (VIOLATED)
fanout650/A                             0.750000    0.763598   -0.013598 (VIOLATED)
fanout659/X                             0.750000    0.763590   -0.013590 (VIOLATED)
_18045_/A2                              0.750000    0.763519   -0.013519 (VIOLATED)
_18036_/A2                              0.750000    0.763465   -0.013466 (VIOLATED)
_18039_/A2                              0.750000    0.763371   -0.013371 (VIOLATED)
_18033_/A2                              0.750000    0.763321   -0.013321 (VIOLATED)
_18007_/A                               0.750000    0.763223   -0.013223 (VIOLATED)
_18030_/A2                              0.750000    0.763138   -0.013138 (VIOLATED)
_18027_/A2                              0.750000    0.763011   -0.013011 (VIOLATED)
_11858_/A2                              0.750000    0.762830   -0.012830 (VIOLATED)
_11795_/A2                              0.750000    0.762827   -0.012827 (VIOLATED)
_11734_/A2                              0.750000    0.762825   -0.012825 (VIOLATED)
_11676_/A2                              0.750000    0.762770   -0.012770 (VIOLATED)
_11620_/A2                              0.750000    0.762765   -0.012765 (VIOLATED)
_11562_/A2                              0.750000    0.762735   -0.012735 (VIOLATED)
_18024_/A2                              0.750000    0.762705   -0.012705 (VIOLATED)
_11310_/A2                              0.750000    0.762644   -0.012644 (VIOLATED)
_11493_/A2                              0.750000    0.762554   -0.012554 (VIOLATED)
_18021_/A2                              0.750000    0.762504   -0.012504 (VIOLATED)
_10097_/A                               0.750000    0.762484   -0.012484 (VIOLATED)
_11423_/A1                              0.750000    0.762467   -0.012467 (VIOLATED)
fanout1626/A                            0.750000    0.762464   -0.012464 (VIOLATED)
_11416_/A1                              0.750000    0.762426   -0.012426 (VIOLATED)
_10871_/A1                              0.750000    0.762381   -0.012381 (VIOLATED)
_11966_/B1                              0.750000    0.762322   -0.012322 (VIOLATED)
_19710_/A                               0.750000    0.762190   -0.012190 (VIOLATED)
_18042_/A2                              0.750000    0.762161   -0.012161 (VIOLATED)
fanout1532/X                            0.750000    0.762149   -0.012149 (VIOLATED)
fanout382/X                             0.750000    0.762121   -0.012121 (VIOLATED)
fanout1624/A                            0.750000    0.762040   -0.012040 (VIOLATED)
fanout1628/X                            0.750000    0.761919   -0.011919 (VIOLATED)
_15988_/C1                              0.750000    0.760165   -0.010165 (VIOLATED)
_16353_/C1                              0.750000    0.760156   -0.010156 (VIOLATED)
_16085_/C1                              0.750000    0.760148   -0.010148 (VIOLATED)
_15902_/C1                              0.750000    0.760129   -0.010129 (VIOLATED)
fanout1470/A                            0.750000    0.760028   -0.010028 (VIOLATED)
_15920_/B                               0.750000    0.759996   -0.009996 (VIOLATED)
_16017_/B                               0.750000    0.759994   -0.009994 (VIOLATED)
_16024_/B1                              0.750000    0.759973   -0.009973 (VIOLATED)
_15514_/C1                              0.750000    0.759969   -0.009969 (VIOLATED)
_15735_/B1                              0.750000    0.759947   -0.009947 (VIOLATED)
_14992_/C1                              0.750000    0.759940   -0.009940 (VIOLATED)
_15648_/B                               0.750000    0.759898   -0.009899 (VIOLATED)
_14883_/C1                              0.750000    0.759888   -0.009888 (VIOLATED)
_15731_/B                               0.750000    0.759864   -0.009864 (VIOLATED)
_15415_/C1                              0.750000    0.759664   -0.009664 (VIOLATED)
_14638_/C1                              0.750000    0.759595   -0.009595 (VIOLATED)
fanout1471/X                            0.750000    0.759562   -0.009562 (VIOLATED)
_18921_/A1                              0.750000    0.759534   -0.009534 (VIOLATED)
_15140_/C                               0.750000    0.759281   -0.009281 (VIOLATED)
_15139_/B1                              0.750000    0.759280   -0.009280 (VIOLATED)
_15143_/B1                              0.750000    0.759280   -0.009280 (VIOLATED)
_17255_/S                               0.750000    0.759274   -0.009274 (VIOLATED)
load_slew776/A                          0.750000    0.759267   -0.009267 (VIOLATED)
fanout1208/X                            0.750000    0.759261   -0.009261 (VIOLATED)
fanout771/A                             0.750000    0.759189   -0.009189 (VIOLATED)
fanout768/A                             0.750000    0.759166   -0.009166 (VIOLATED)
_16018_/A2                              0.750000    0.759137   -0.009137 (VIOLATED)
_15840_/A2                              0.750000    0.759124   -0.009124 (VIOLATED)
fanout775/X                             0.750000    0.759076   -0.009076 (VIOLATED)
_15646_/B1                              0.750000    0.759075   -0.009075 (VIOLATED)
_15732_/A2                              0.750000    0.759006   -0.009006 (VIOLATED)
_16099_/B                               0.750000    0.758843   -0.008843 (VIOLATED)
_16189_/B                               0.750000    0.758829   -0.008829 (VIOLATED)
_15021_/A2                              0.750000    0.758631   -0.008631 (VIOLATED)
_15020_/B                               0.750000    0.758630   -0.008630 (VIOLATED)
_15001_/A2                              0.750000    0.758602   -0.008602 (VIOLATED)
_14914_/B                               0.750000    0.758588   -0.008588 (VIOLATED)
fanout1151/X                            0.750000    0.758581   -0.008581 (VIOLATED)
_18317_/A2                              0.750000    0.757660   -0.007660 (VIOLATED)
_18311_/A2                              0.750000    0.757645   -0.007645 (VIOLATED)
_18304_/A2                              0.750000    0.757641   -0.007641 (VIOLATED)
_18289_/A2                              0.750000    0.757605   -0.007606 (VIOLATED)
_18297_/A2                              0.750000    0.757593   -0.007593 (VIOLATED)
_18281_/A2                              0.750000    0.757578   -0.007579 (VIOLATED)
_18273_/A2                              0.750000    0.757577   -0.007577 (VIOLATED)
_18267_/A2                              0.750000    0.757552   -0.007552 (VIOLATED)
_12411_/A2                              0.750000    0.757315   -0.007315 (VIOLATED)
_12375_/A2                              0.750000    0.757233   -0.007233 (VIOLATED)
fanout1176/X                            0.750000    0.757193   -0.007193 (VIOLATED)
_12669_/A1                              0.750000    0.756215   -0.006215 (VIOLATED)
_12652_/A1                              0.750000    0.756202   -0.006202 (VIOLATED)
_12635_/A1                              0.750000    0.756173   -0.006173 (VIOLATED)
_12613_/B2                              0.750000    0.756144   -0.006144 (VIOLATED)
_11456_/B1                              0.750000    0.756115   -0.006115 (VIOLATED)
_19016_/A0                              0.750000    0.756111   -0.006111 (VIOLATED)
_11491_/A2                              0.750000    0.756108   -0.006108 (VIOLATED)
_11455_/X                               0.750000    0.754159   -0.004159 (VIOLATED)

max fanout

Pin                                   Limit Fanout  Slack
---------------------------------------------------------
_12574_/X                                10     13     -3 (VIOLATED)
wire1353/X                               10     13     -3 (VIOLATED)
_21607_/Q                                10     11        (VIOLATED)
clkbuf_leaf_101_u_ibex_top.clk/X         10     11        (VIOLATED)
clkbuf_leaf_107_u_ibex_top.clk/X         10     11        (VIOLATED)
clkbuf_leaf_11_u_ibex_top.clk/X          10     11        (VIOLATED)
clkbuf_leaf_125_u_ibex_top.clk/X         10     11        (VIOLATED)
clkbuf_leaf_130_u_ibex_top.clk/X         10     11        (VIOLATED)
clkbuf_leaf_143_u_ibex_top.clk/X         10     11        (VIOLATED)
clkbuf_leaf_151_u_ibex_top.clk/X         10     11        (VIOLATED)
clkbuf_leaf_192_u_ibex_top.clk/X         10     11        (VIOLATED)
clkbuf_leaf_20_u_ibex_top.clk/X          10     11        (VIOLATED)
clkbuf_leaf_64_u_ibex_top.clk/X          10     11        (VIOLATED)
clkbuf_leaf_91_u_ibex_top.clk/X          10     11        (VIOLATED)
clkbuf_leaf_93_u_ibex_top.clk/X          10     11        (VIOLATED)
clkbuf_leaf_97_u_ibex_top.clk/X          10     11        (VIOLATED)
fanout1026/X                             10     11        (VIOLATED)
fanout1915/X                             10     11        (VIOLATED)

max capacitance

Pin                                        Limit         Cap       Slack
------------------------------------------------------------------------
fanout1913/X                            0.151987    0.167203   -0.015216 (VIOLATED)



===========================================================================
report_parasitic_annotation -report_unannotated
============================================================================
Found 163 unannotated drivers.
 _21699__2698/HI
 chipus_ibex_wrapper/HI
 chipus_ibex_wrapper_2699/HI
 chipus_ibex_wrapper_2700/HI
 chipus_ibex_wrapper_2701/HI
 chipus_ibex_wrapper_2702/HI
 chipus_ibex_wrapper_2703/HI
 chipus_ibex_wrapper_2704/HI
 clkload0/X
 clkload1/X
 clkload10/X
 clkload100/X
 clkload101/X
 clkload102/X
 clkload103/X
 clkload104/Y
 clkload105/Y
 clkload106/Y
 clkload107/X
 clkload108/Y
 clkload109/X
 clkload11/X
 clkload110/X
 clkload111/X
 clkload112/Y
 clkload113/X
 clkload114/X
 clkload115/X
 clkload116/X
 clkload117/X
 clkload118/X
 clkload119/X
 clkload12/X
 clkload120/X
 clkload121/X
 clkload122/X
 clkload123/X
 clkload124/X
 clkload125/Y
 clkload126/X
 clkload127/X
 clkload128/X
 clkload129/X
 clkload13/Y
 clkload130/X
 clkload131/X
 clkload132/X
 clkload133/X
 clkload134/X
 clkload135/X
 clkload136/X
 clkload137/X
 clkload138/X
 clkload139/Y
 clkload14/X
 clkload140/X
 clkload141/Y
 clkload142/X
 clkload143/Y
 clkload144/X
 clkload145/Y
 clkload146/Y
 clkload147/X
 clkload148/X
 clkload149/X
 clkload15/X
 clkload150/X
 clkload151/X
 clkload152/X
 clkload153/X
 clkload154/X
 clkload16/X
 clkload17/X
 clkload18/X
 clkload19/X
 clkload2/X
 clkload20/X
 clkload21/X
 clkload22/X
 clkload23/X
 clkload24/X
 clkload25/X
 clkload26/X
 clkload27/X
 clkload28/Y
 clkload29/X
 clkload3/X
 clkload30/X
 clkload31/X
 clkload32/X
 clkload33/X
 clkload34/Y
 clkload35/X
 clkload36/X
 clkload37/X
 clkload38/Y
 clkload39/X
 clkload4/X
 clkload40/Y
 clkload41/X
 clkload42/Y
 clkload43/Y
 clkload44/X
 clkload45/X
 clkload46/X
 clkload47/X
 clkload48/Y
 clkload49/X
 clkload5/X
 clkload50/Y
 clkload51/X
 clkload52/X
 clkload53/Y
 clkload54/X
 clkload55/X
 clkload56/X
 clkload57/X
 clkload58/Y
 clkload59/Y
 clkload6/X
 clkload60/X
 clkload61/X
 clkload62/Y
 clkload63/X
 clkload64/X
 clkload65/X
 clkload66/X
 clkload67/X
 clkload68/X
 clkload69/X
 clkload7/X
 clkload70/X
 clkload71/X
 clkload72/X
 clkload73/X
 clkload74/Y
 clkload75/Y
 clkload76/X
 clkload77/X
 clkload78/X
 clkload79/Y
 clkload8/Y
 clkload80/X
 clkload81/X
 clkload82/X
 clkload83/Y
 clkload84/X
 clkload85/X
 clkload86/Y
 clkload87/X
 clkload88/X
 clkload89/X
 clkload9/X
 clkload90/X
 clkload91/X
 clkload92/X
 clkload93/X
 clkload94/X
 clkload95/Y
 clkload96/X
 clkload97/X
 clkload98/X
 clkload99/X
Found 0 partially unannotated drivers.

===========================================================================
max slew violation count 1870
max fanout violation count 18
max cap violation count 1
============================================================================

===========================================================================
check_setup -verbose -unconstrained_endpoints -multiple_clock -no_clock -no_input_delay -loops -generated_clocks
===========================================================================
