
===========================================================================
report_checks -unconstrained
===========================================================================
======================= nom_ss_100C_1v60 Corner ===================================

Startpoint: _21716_ (negative level-sensitive latch clocked by clk_i)
Endpoint: _12039_ (rising clock gating-check end-point clocked by clk_i)
Path Group: gated clock
Path Type: max

Fanout         Cap        Slew       Delay        Time   Description
---------------------------------------------------------------------------------------------
                                 25.000000   25.000000   clock clk_i (fall edge)
                                  0.000000   25.000000   clock source latency
     2    0.114951    0.000000    0.000000   25.000000 v clk_i (in)
                                                         clk_i (net)
                      0.012332    0.006166   25.006165 v delaybuf_0_clk_i/A (sky130_fd_sc_hd__clkbuf_16)
     1    0.017915    0.055673    0.227539   25.233704 v delaybuf_0_clk_i/X (sky130_fd_sc_hd__clkbuf_16)
                                                         delaynet_0_clk_i (net)
                      0.055673    0.001426   25.235130 v delaybuf_1_clk_i/A (sky130_fd_sc_hd__clkbuf_16)
     1    0.017205    0.054821    0.246835   25.481966 v delaybuf_1_clk_i/X (sky130_fd_sc_hd__clkbuf_16)
                                                         delaynet_1_clk_i (net)
                      0.054822    0.001373   25.483339 v delaybuf_2_clk_i/A (sky130_fd_sc_hd__clkbuf_16)
     1    0.020313    0.057498    0.250026   25.733364 v delaybuf_2_clk_i/X (sky130_fd_sc_hd__clkbuf_16)
                                                         delaynet_2_clk_i (net)
                      0.057498    0.001656   25.735020 v delaybuf_3_clk_i/A (sky130_fd_sc_hd__clkbuf_16)
     1    0.018719    0.056134    0.249404   25.984425 v delaybuf_3_clk_i/X (sky130_fd_sc_hd__clkbuf_16)
                                                         delaynet_3_clk_i (net)
                      0.056134    0.001542   25.985966 v clkbuf_regs_0_clk_i/A (sky130_fd_sc_hd__clkbuf_16)
     1    0.009199    0.047611    0.237558   26.223524 v clkbuf_regs_0_clk_i/X (sky130_fd_sc_hd__clkbuf_16)
                                                         clk_i_regs (net)
                      0.047612    0.000352   26.223875 v clkbuf_0_clk_i_regs/A (sky130_fd_sc_hd__clkbuf_16)
     2    0.017408    0.054940    0.243498   26.467373 v clkbuf_0_clk_i_regs/X (sky130_fd_sc_hd__clkbuf_16)
                                                         clknet_0_clk_i_regs (net)
                      0.054940    0.000382   26.467754 v clkbuf_1_1__f_clk_i_regs/A (sky130_fd_sc_hd__clkbuf_16)
     2    0.006563    0.044659    0.232683   26.700438 v clkbuf_1_1__f_clk_i_regs/X (sky130_fd_sc_hd__clkbuf_16)
                                                         clknet_1_1__leaf_clk_i_regs (net)
                      0.044659    0.000130   26.700567 v _21716_/GATE_N (sky130_fd_sc_hd__dlxtn_1)
     1    0.072068    1.055462    1.489306   28.189875 ^ _21716_/Q (sky130_fd_sc_hd__dlxtn_1)
                                                         u_ibex_top.core_clock_gate_i.en_latch (net)
                      1.055722    0.015874   28.205748 ^ _12039_/B (sky130_fd_sc_hd__and2_2)
                                             28.205748   data arrival time

                                 50.000000   50.000000   clock clk_i (rise edge)
                                  0.000000   50.000000   clock source latency
     2    0.116723    0.000000    0.000000   50.000000 ^ clk_i (in)
                                                         clk_i (net)
                      0.057194    0.028596   50.028595 ^ clkbuf_0_clk_i/A (sky130_fd_sc_hd__clkbuf_16)
     1    0.011430    0.056758    0.203578   50.232170 ^ clkbuf_0_clk_i/X (sky130_fd_sc_hd__clkbuf_16)
                                                         clknet_0_clk_i (net)
                      0.056759    0.000512   50.232685 ^ clkbuf_1_0__f_clk_i/A (sky130_fd_sc_hd__clkbuf_16)
     1    0.001716    0.043051    0.185832   50.418514 ^ clkbuf_1_0__f_clk_i/X (sky130_fd_sc_hd__clkbuf_16)
                                                         clknet_1_0__leaf_clk_i (net)
                      0.043051    0.000050   50.418564 ^ _12039_/A (sky130_fd_sc_hd__and2_2)
                                 -0.250000   50.168564   clock uncertainty
                                  0.000000   50.168564   clock reconvergence pessimism
                                  0.000000   50.168564   clock gating setup time
                                             50.168564   data required time
---------------------------------------------------------------------------------------------
                                             50.168564   data required time
                                            -28.205748   data arrival time
---------------------------------------------------------------------------------------------
                                             21.962816   slack (MET)


Startpoint: _21619_ (rising edge-triggered flip-flop clocked by clk_i)
Endpoint: _21123_ (rising edge-triggered flip-flop clocked by clk_i)
Path Group: clk_i
Path Type: max

Fanout         Cap        Slew       Delay        Time   Description
---------------------------------------------------------------------------------------------
                                  0.000000    0.000000   clock clk_i (rise edge)
                                  0.000000    0.000000   clock source latency
     2    0.116723    0.000000    0.000000    0.000000 ^ clk_i (in)
                                                         clk_i (net)
                      0.057194    0.028597    0.028597 ^ clkbuf_0_clk_i/A (sky130_fd_sc_hd__clkbuf_16)
     1    0.011430    0.056758    0.203577    0.232174 ^ clkbuf_0_clk_i/X (sky130_fd_sc_hd__clkbuf_16)
                                                         clknet_0_clk_i (net)
                      0.056759    0.000510    0.232683 ^ clkbuf_1_0__f_clk_i/A (sky130_fd_sc_hd__clkbuf_16)
     1    0.001716    0.043051    0.185835    0.418518 ^ clkbuf_1_0__f_clk_i/X (sky130_fd_sc_hd__clkbuf_16)
                                                         clknet_1_0__leaf_clk_i (net)
                      0.043051    0.000048    0.418566 ^ _12039_/A (sky130_fd_sc_hd__and2_2)
     1    0.009702    0.126695    0.287502    0.706068 ^ _12039_/X (sky130_fd_sc_hd__and2_2)
                                                         u_ibex_top.clk (net)
                      0.126695    0.000355    0.706424 ^ clkbuf_0_u_ibex_top.clk/A (sky130_fd_sc_hd__clkbuf_16)
     4    0.147215    0.244177    0.388148    1.094571 ^ clkbuf_0_u_ibex_top.clk/X (sky130_fd_sc_hd__clkbuf_16)
                                                         clknet_0_u_ibex_top.clk (net)
                      0.244491    0.007217    1.101788 ^ clkbuf_2_1_0_u_ibex_top.clk/A (sky130_fd_sc_hd__clkbuf_8)
     8    0.176232    0.464418    0.602633    1.704421 ^ clkbuf_2_1_0_u_ibex_top.clk/X (sky130_fd_sc_hd__clkbuf_8)
                                                         clknet_2_1_0_u_ibex_top.clk (net)
                      0.464713    0.007150    1.711571 ^ clkbuf_5_9__f_u_ibex_top.clk/A (sky130_fd_sc_hd__clkbuf_16)
     7    0.070478    0.138109    0.451678    2.163249 ^ clkbuf_5_9__f_u_ibex_top.clk/X (sky130_fd_sc_hd__clkbuf_16)
                                                         clknet_5_9__leaf_u_ibex_top.clk (net)
                      0.138168    0.002725    2.165974 ^ clkbuf_leaf_58_u_ibex_top.clk/A (sky130_fd_sc_hd__clkbuf_8)
    10    0.036118    0.120330    0.301578    2.467552 ^ clkbuf_leaf_58_u_ibex_top.clk/X (sky130_fd_sc_hd__clkbuf_8)
                                                         clknet_leaf_58_u_ibex_top.clk (net)
                      0.120338    0.001086    2.468639 ^ _21619_/CLK (sky130_fd_sc_hd__dfxtp_2)
     1    0.004001    0.059722    0.666125    3.134764 ^ _21619_/Q (sky130_fd_sc_hd__dfxtp_2)
                                                         u_ibex_top.gen_regfile_ff.register_file_i.raddr_a_i[1] (net)
                      0.059722    0.000132    3.134895 ^ fanout2200/A (sky130_fd_sc_hd__clkdlybuf4s25_1)
     2    0.033447    0.540777    0.796661    3.931556 ^ fanout2200/X (sky130_fd_sc_hd__clkdlybuf4s25_1)
                                                         net2200 (net)
                      0.540792    0.003454    3.935010 ^ wire2201/A (sky130_fd_sc_hd__buf_4)
     4    0.075572    0.336887    0.598384    4.533395 ^ wire2201/X (sky130_fd_sc_hd__buf_4)
                                                         net2201 (net)
                      0.337539    0.010998    4.544393 ^ fanout2199/A (sky130_fd_sc_hd__clkdlybuf4s25_1)
     5    0.089009    1.409621    1.521141    6.065534 ^ fanout2199/X (sky130_fd_sc_hd__clkdlybuf4s25_1)
                                                         net2199 (net)
                      1.409981    0.002270    6.067804 ^ fanout2192/A (sky130_fd_sc_hd__clkdlybuf4s25_1)
     7    0.058663    0.934107    1.473461    7.541265 ^ fanout2192/X (sky130_fd_sc_hd__clkdlybuf4s25_1)
                                                         net2192 (net)
                      0.934107    0.003091    7.544356 ^ fanout2190/A (sky130_fd_sc_hd__clkdlybuf4s25_1)
     6    0.044273    0.710105    1.204977    8.749333 ^ fanout2190/X (sky130_fd_sc_hd__clkdlybuf4s25_1)
                                                         net2190 (net)
                      0.710105    0.000539    8.749872 ^ fanout2188/A (sky130_fd_sc_hd__clkdlybuf4s25_1)
     2    0.008215    0.152999    0.754876    9.504748 ^ fanout2188/X (sky130_fd_sc_hd__clkdlybuf4s25_1)
                                                         net2188 (net)
                      0.152999    0.000104    9.504852 ^ load_slew2189/A (sky130_fd_sc_hd__clkbuf_4)
     9    0.048464    0.241624    0.412161    9.917013 ^ load_slew2189/X (sky130_fd_sc_hd__clkbuf_4)
                                                         net2189 (net)
                      0.241627    0.001398    9.918411 ^ _10050_/B (sky130_fd_sc_hd__nand2_2)
     1    0.010029    0.197103    0.196163   10.114574 v _10050_/Y (sky130_fd_sc_hd__nand2_2)
                                                         _04427_ (net)
                      0.197103    0.000482   10.115057 v fanout1676/A (sky130_fd_sc_hd__clkdlybuf4s25_1)
     2    0.012007    0.184555    0.613434   10.728491 v fanout1676/X (sky130_fd_sc_hd__clkdlybuf4s25_1)
                                                         net1676 (net)
                      0.184555    0.000223   10.728713 v fanout1665/A (sky130_fd_sc_hd__clkdlybuf4s25_1)
     3    0.013428    0.200270    0.621911   11.350625 v fanout1665/X (sky130_fd_sc_hd__clkdlybuf4s25_1)
                                                         net1665 (net)
                      0.200270    0.000241   11.350865 v wire1666/A (sky130_fd_sc_hd__clkbuf_4)
     4    0.073595    0.264770    0.484429   11.835295 v wire1666/X (sky130_fd_sc_hd__clkbuf_4)
                                                         net1666 (net)
                      0.264781    0.001934   11.837230 v fanout1663/A (sky130_fd_sc_hd__clkdlybuf4s25_1)
     6    0.045991    0.616105    0.960403   12.797632 v fanout1663/X (sky130_fd_sc_hd__clkdlybuf4s25_1)
                                                         net1663 (net)
                      0.616171    0.006446   12.804079 v fanout1661/A (sky130_fd_sc_hd__clkdlybuf4s25_1)
     7    0.049632    0.663454    1.116602   13.920681 v fanout1661/X (sky130_fd_sc_hd__clkdlybuf4s25_1)
                                                         net1661 (net)
                      0.663478    0.004565   13.925246 v _10790_/A (sky130_fd_sc_hd__or2_2)
     1    0.003264    0.113221    0.905555   14.830801 v _10790_/X (sky130_fd_sc_hd__or2_2)
                                                         _05167_ (net)
                      0.113221    0.000099   14.830899 v _10791_/A3 (sky130_fd_sc_hd__a31o_2)
     1    0.004679    0.071776    0.470358   15.301257 v _10791_/X (sky130_fd_sc_hd__a31o_2)
                                                         _05168_ (net)
                      0.071776    0.000172   15.301430 v _10799_/B1 (sky130_fd_sc_hd__o211a_2)
     1    0.037865    0.213005    0.379044   15.680474 v _10799_/X (sky130_fd_sc_hd__o211a_2)
                                                         _05176_ (net)
                      0.213067    0.003435   15.683909 v wire1377/A (sky130_fd_sc_hd__buf_6)
     5    0.124699    0.197655    0.393205   16.077116 v wire1377/X (sky130_fd_sc_hd__buf_6)
                                                         net1377 (net)
                      0.203618    0.027006   16.104120 v _10800_/A (sky130_fd_sc_hd__inv_2)
     1    0.003020    0.062706    0.114881   16.219002 ^ _10800_/Y (sky130_fd_sc_hd__inv_2)
                                                         _05177_ (net)
                      0.062706    0.000064   16.219065 ^ _10806_/A2 (sky130_fd_sc_hd__a221o_2)
     6    0.101035    0.820657    0.872577   17.091642 ^ _10806_/X (sky130_fd_sc_hd__a221o_2)
                                                         _05183_ (net)
                      0.820690    0.006079   17.097721 ^ _10808_/A2_N (sky130_fd_sc_hd__a2bb2o_2)
     2    0.006118    0.096579    0.738622   17.836342 v _10808_/X (sky130_fd_sc_hd__a2bb2o_2)
                                                         _05185_ (net)
                      0.096579    0.000160   17.836502 v _10810_/D (sky130_fd_sc_hd__or4_2)
     2    0.005963    0.245874    1.359767   19.196270 v _10810_/X (sky130_fd_sc_hd__or4_2)
                                                         _05187_ (net)
                      0.245874    0.000163   19.196434 v _10812_/A2 (sky130_fd_sc_hd__a21o_2)
     3    0.022859    0.139741    0.547869   19.744303 v _10812_/X (sky130_fd_sc_hd__a21o_2)
                                                         _05189_ (net)
                      0.139743    0.000799   19.745102 v _12239_/A (sky130_fd_sc_hd__xnor2_2)
     1    0.008270    0.125567    0.291967   20.037069 v _12239_/Y (sky130_fd_sc_hd__xnor2_2)
                                                         _06578_ (net)
                      0.125567    0.000353   20.037422 v fanout950/A (sky130_fd_sc_hd__clkdlybuf4s25_1)
     6    0.051945    0.692848    0.957407   20.994829 v fanout950/X (sky130_fd_sc_hd__clkdlybuf4s25_1)
                                                         net950 (net)
                      0.692848    0.000046   20.994875 v load_slew952/A (sky130_fd_sc_hd__buf_4)
     1    0.062271    0.162747    0.637277   21.632153 v load_slew952/X (sky130_fd_sc_hd__buf_4)
                                                         net952 (net)
                      0.162868    0.004036   21.636189 v fanout948/A (sky130_fd_sc_hd__clkdlybuf4s25_1)
     4    0.023115    0.322569    0.703801   22.339991 v fanout948/X (sky130_fd_sc_hd__clkdlybuf4s25_1)
                                                         net948 (net)
                      0.322569    0.000320   22.340309 v fanout946/A (sky130_fd_sc_hd__clkdlybuf4s25_1)
     4    0.016361    0.237288    0.701554   23.041864 v fanout946/X (sky130_fd_sc_hd__clkdlybuf4s25_1)
                                                         net946 (net)
                      0.237288    0.000551   23.042416 v load_slew947/A (sky130_fd_sc_hd__clkbuf_4)
     7    0.043630    0.168957    0.427008   23.469423 v load_slew947/X (sky130_fd_sc_hd__clkbuf_4)
                                                         net947 (net)
                      0.168957    0.000350   23.469772 v _12240_/A (sky130_fd_sc_hd__inv_2)
     4    0.029161    0.218965    0.245230   23.715002 ^ _12240_/Y (sky130_fd_sc_hd__inv_2)
                                                         _06579_ (net)
                      0.218967    0.000659   23.715662 ^ fanout875/A (sky130_fd_sc_hd__clkdlybuf4s25_1)
    10    0.054222    0.865615    1.099343   24.815004 ^ fanout875/X (sky130_fd_sc_hd__clkdlybuf4s25_1)
                                                         net875 (net)
                      0.865615    0.001062   24.816067 ^ _12242_/B (sky130_fd_sc_hd__nand2_2)
     2    0.014903    0.222299    0.404796   25.220863 v _12242_/Y (sky130_fd_sc_hd__nand2_2)
                                                         _06581_ (net)
                      0.222299    0.000506   25.221369 v fanout727/A (sky130_fd_sc_hd__clkdlybuf4s25_1)
    10    0.049491    0.660836    0.981149   26.202518 v fanout727/X (sky130_fd_sc_hd__clkdlybuf4s25_1)
                                                         net727 (net)
                      0.660836    0.000842   26.203360 v _12243_/D (sky130_fd_sc_hd__or4_2)
     1    0.001738    0.202562    1.467797   27.671156 v _12243_/X (sky130_fd_sc_hd__or4_2)
                                                         _06582_ (net)
                      0.202562    0.000048   27.671206 v _12244_/D (sky130_fd_sc_hd__or4_2)
     1    0.002004    0.205167    1.310628   28.981833 v _12244_/X (sky130_fd_sc_hd__or4_2)
                                                         _06583_ (net)
                      0.205167    0.000057   28.981890 v _12246_/C (sky130_fd_sc_hd__or4_2)
     1    0.001995    0.205190    1.461443   30.443333 v _12246_/X (sky130_fd_sc_hd__or4_2)
                                                         _06584_ (net)
                      0.205190    0.000057   30.443390 v _12253_/B (sky130_fd_sc_hd__or4_2)
     1    0.002241    0.207443    1.538414   31.981804 v _12253_/X (sky130_fd_sc_hd__or4_2)
                                                         _06589_ (net)
                      0.207443    0.000046   31.981850 v _12254_/C (sky130_fd_sc_hd__or3_2)
     1    0.033502    0.319194    1.262347   33.244194 v _12254_/X (sky130_fd_sc_hd__or3_2)
                                                         _06590_ (net)
                      0.319226    0.003471   33.247665 v _12255_/D (sky130_fd_sc_hd__or4_2)
     1    0.044427    0.454266    1.764288   35.011955 v _12255_/X (sky130_fd_sc_hd__or4_2)
                                                         _06591_ (net)
                      0.454266    0.001688   35.013641 v _12257_/A (sky130_fd_sc_hd__or4bb_2)
     4    0.045490    0.448853    1.983615   36.997257 v _12257_/X (sky130_fd_sc_hd__or4bb_2)
                                                         _06593_ (net)
                      0.448853    0.001403   36.998661 v _12260_/S (sky130_fd_sc_hd__mux2_1)
     2    0.026014    0.375599    0.794717   37.793377 ^ _12260_/X (sky130_fd_sc_hd__mux2_1)
                                                         _06596_ (net)
                      0.375602    0.001762   37.795139 ^ _12261_/A2 (sky130_fd_sc_hd__a2111oi_4)
     3    0.025950    0.220788    0.319069   38.114208 v _12261_/Y (sky130_fd_sc_hd__a2111oi_4)
                                                         u_ibex_top.u_ibex_core.id_stage_i.branch_set_raw_d (net)
                      0.220793    0.002050   38.116261 v wire470/A (sky130_fd_sc_hd__clkbuf_2)
     2    0.027654    0.198072    0.375032   38.491291 v wire470/X (sky130_fd_sc_hd__clkbuf_2)
                                                         net470 (net)
                      0.198099    0.002334   38.493626 v _12274_/B (sky130_fd_sc_hd__or3_2)
     3    0.011320    0.212856    1.186390   39.680016 v _12274_/X (sky130_fd_sc_hd__or3_2)
                                                         _06609_ (net)
                      0.212856    0.000309   39.680325 v _12276_/A (sky130_fd_sc_hd__or2_2)
     2    0.007718    0.137234    0.762068   40.442390 v _12276_/X (sky130_fd_sc_hd__or2_2)
                                                         _06611_ (net)
                      0.137234    0.000231   40.442623 v _12677_/B (sky130_fd_sc_hd__nor2_2)
     3    0.022922    0.432906    0.394607   40.837231 ^ _12677_/Y (sky130_fd_sc_hd__nor2_2)
                                                         _06915_ (net)
                      0.432906    0.001112   40.838341 ^ fanout451/A (sky130_fd_sc_hd__clkdlybuf4s25_1)
    10    0.072964    1.158762    1.381718   42.220058 ^ fanout451/X (sky130_fd_sc_hd__clkdlybuf4s25_1)
                                                         net451 (net)
                      1.158762    0.001027   42.221085 ^ fanout450/A (sky130_fd_sc_hd__clkdlybuf4s25_1)
    10    0.062198    0.989805    1.453984   43.675072 ^ fanout450/X (sky130_fd_sc_hd__clkdlybuf4s25_1)
                                                         net450 (net)
                      0.989855    0.007851   43.682922 ^ _18006_/A1 (sky130_fd_sc_hd__a211o_2)
     3    0.038414    0.306343    0.757584   44.440506 ^ _18006_/X (sky130_fd_sc_hd__a211o_2)
                                                         _03007_ (net)
                      0.306361    0.002625   44.443130 ^ fanout383/A (sky130_fd_sc_hd__clkdlybuf4s25_1)
     5    0.052630    0.841014    1.112547   45.555679 ^ fanout383/X (sky130_fd_sc_hd__clkdlybuf4s25_1)
                                                         net383 (net)
                      0.841014    0.001037   45.556717 ^ fanout382/A (sky130_fd_sc_hd__clkdlybuf4s25_1)
    10    0.071873    1.142326    1.484281   47.040997 ^ fanout382/X (sky130_fd_sc_hd__clkdlybuf4s25_1)
                                                         net382 (net)
                      1.142446    0.011944   47.052940 ^ _18007_/A (sky130_fd_sc_hd__inv_2)
     4    0.067593    0.418237    0.706304   47.759247 v _18007_/Y (sky130_fd_sc_hd__inv_2)
                                                         _03008_ (net)
                      0.418593    0.006121   47.765366 v fanout320/A (sky130_fd_sc_hd__clkdlybuf4s25_1)
    10    0.069593    0.922312    1.238455   49.003822 v fanout320/X (sky130_fd_sc_hd__clkdlybuf4s25_1)
                                                         net320 (net)
                      0.922314    0.003034   49.006855 v fanout319/A (sky130_fd_sc_hd__clkdlybuf4s25_1)
    10    0.075649    1.000146    1.422823   50.429676 v fanout319/X (sky130_fd_sc_hd__clkdlybuf4s25_1)
                                                         net319 (net)
                      1.000146    0.002135   50.431812 v _18008_/B1 (sky130_fd_sc_hd__a22o_2)
     1    0.002665    0.072352    0.720412   51.152225 v _18008_/X (sky130_fd_sc_hd__a22o_2)
                                                         _01343_ (net)
                      0.072352    0.000060   51.152287 v hold2989/A (sky130_fd_sc_hd__dlygate4sd3_1)
     1    0.002898    0.106320    1.126036   52.278320 v hold2989/X (sky130_fd_sc_hd__dlygate4sd3_1)
                                                         net2989 (net)
                      0.106320    0.000089   52.278412 v _21123_/D (sky130_fd_sc_hd__dfrtp_2)
                                             52.278412   data arrival time

                                 50.000000   50.000000   clock clk_i (rise edge)
                                  0.000000   50.000000   clock source latency
     2    0.116723    0.000000    0.000000   50.000000 ^ clk_i (in)
                                                         clk_i (net)
                      0.057194    0.028596   50.028595 ^ clkbuf_0_clk_i/A (sky130_fd_sc_hd__clkbuf_16)
     1    0.011430    0.056758    0.203578   50.232170 ^ clkbuf_0_clk_i/X (sky130_fd_sc_hd__clkbuf_16)
                                                         clknet_0_clk_i (net)
                      0.056759    0.000512   50.232685 ^ clkbuf_1_0__f_clk_i/A (sky130_fd_sc_hd__clkbuf_16)
     1    0.001716    0.043051    0.185832   50.418514 ^ clkbuf_1_0__f_clk_i/X (sky130_fd_sc_hd__clkbuf_16)
                                                         clknet_1_0__leaf_clk_i (net)
                      0.043051    0.000050   50.418564 ^ _12039_/A (sky130_fd_sc_hd__and2_2)
     1    0.009702    0.115472    0.287503   50.706070 ^ _12039_/X (sky130_fd_sc_hd__and2_2)
                                                         u_ibex_top.clk (net)
                      0.115472    0.000355   50.706425 ^ clkbuf_0_u_ibex_top.clk/A (sky130_fd_sc_hd__clkbuf_16)
     4    0.147215    0.244193    0.383015   51.089439 ^ clkbuf_0_u_ibex_top.clk/X (sky130_fd_sc_hd__clkbuf_16)
                                                         clknet_0_u_ibex_top.clk (net)
                      0.244491    0.007041   51.096481 ^ clkbuf_2_0_0_u_ibex_top.clk/A (sky130_fd_sc_hd__clkbuf_8)
     8    0.182355    0.479760    0.612591   51.709072 ^ clkbuf_2_0_0_u_ibex_top.clk/X (sky130_fd_sc_hd__clkbuf_8)
                                                         clknet_2_0_0_u_ibex_top.clk (net)
                      0.480101    0.008175   51.717247 ^ clkbuf_5_3__f_u_ibex_top.clk/A (sky130_fd_sc_hd__clkbuf_16)
     7    0.075295    0.144876    0.463768   52.181011 ^ clkbuf_5_3__f_u_ibex_top.clk/X (sky130_fd_sc_hd__clkbuf_16)
                                                         clknet_5_3__leaf_u_ibex_top.clk (net)
                      0.144889    0.001538   52.182552 ^ clkbuf_leaf_21_u_ibex_top.clk/A (sky130_fd_sc_hd__clkbuf_8)
    10    0.041264    0.132643    0.313939   52.496490 ^ clkbuf_leaf_21_u_ibex_top.clk/X (sky130_fd_sc_hd__clkbuf_8)
                                                         clknet_leaf_21_u_ibex_top.clk (net)
                      0.132647    0.000998   52.497490 ^ _21123_/CLK (sky130_fd_sc_hd__dfrtp_2)
                                 -0.250000   52.247486   clock uncertainty
                                  0.005133   52.252621   clock reconvergence pessimism
                                 -0.275070   51.977554   library setup time
                                             51.977554   data required time
---------------------------------------------------------------------------------------------
                                             51.977554   data required time
                                            -52.278412   data arrival time
---------------------------------------------------------------------------------------------
                                             -0.300858   slack (VIOLATED)




===========================================================================
report_checks --slack_max -0.01
============================================================================
======================= nom_ss_100C_1v60 Corner ===================================

Startpoint: _21619_ (rising edge-triggered flip-flop clocked by clk_i)
Endpoint: _21123_ (rising edge-triggered flip-flop clocked by clk_i)
Path Group: clk_i
Path Type: max

Fanout         Cap        Slew       Delay        Time   Description
---------------------------------------------------------------------------------------------
                                  0.000000    0.000000   clock clk_i (rise edge)
                                  0.000000    0.000000   clock source latency
     2    0.116723    0.000000    0.000000    0.000000 ^ clk_i (in)
                                                         clk_i (net)
                      0.057194    0.028597    0.028597 ^ clkbuf_0_clk_i/A (sky130_fd_sc_hd__clkbuf_16)
     1    0.011430    0.056758    0.203577    0.232174 ^ clkbuf_0_clk_i/X (sky130_fd_sc_hd__clkbuf_16)
                                                         clknet_0_clk_i (net)
                      0.056759    0.000510    0.232683 ^ clkbuf_1_0__f_clk_i/A (sky130_fd_sc_hd__clkbuf_16)
     1    0.001716    0.043051    0.185835    0.418518 ^ clkbuf_1_0__f_clk_i/X (sky130_fd_sc_hd__clkbuf_16)
                                                         clknet_1_0__leaf_clk_i (net)
                      0.043051    0.000048    0.418566 ^ _12039_/A (sky130_fd_sc_hd__and2_2)
     1    0.009702    0.126695    0.287502    0.706068 ^ _12039_/X (sky130_fd_sc_hd__and2_2)
                                                         u_ibex_top.clk (net)
                      0.126695    0.000355    0.706424 ^ clkbuf_0_u_ibex_top.clk/A (sky130_fd_sc_hd__clkbuf_16)
     4    0.147215    0.244177    0.388148    1.094571 ^ clkbuf_0_u_ibex_top.clk/X (sky130_fd_sc_hd__clkbuf_16)
                                                         clknet_0_u_ibex_top.clk (net)
                      0.244491    0.007217    1.101788 ^ clkbuf_2_1_0_u_ibex_top.clk/A (sky130_fd_sc_hd__clkbuf_8)
     8    0.176232    0.464418    0.602633    1.704421 ^ clkbuf_2_1_0_u_ibex_top.clk/X (sky130_fd_sc_hd__clkbuf_8)
                                                         clknet_2_1_0_u_ibex_top.clk (net)
                      0.464713    0.007150    1.711571 ^ clkbuf_5_9__f_u_ibex_top.clk/A (sky130_fd_sc_hd__clkbuf_16)
     7    0.070478    0.138109    0.451678    2.163249 ^ clkbuf_5_9__f_u_ibex_top.clk/X (sky130_fd_sc_hd__clkbuf_16)
                                                         clknet_5_9__leaf_u_ibex_top.clk (net)
                      0.138168    0.002725    2.165974 ^ clkbuf_leaf_58_u_ibex_top.clk/A (sky130_fd_sc_hd__clkbuf_8)
    10    0.036118    0.120330    0.301578    2.467552 ^ clkbuf_leaf_58_u_ibex_top.clk/X (sky130_fd_sc_hd__clkbuf_8)
                                                         clknet_leaf_58_u_ibex_top.clk (net)
                      0.120338    0.001086    2.468639 ^ _21619_/CLK (sky130_fd_sc_hd__dfxtp_2)
     1    0.004001    0.059722    0.666125    3.134764 ^ _21619_/Q (sky130_fd_sc_hd__dfxtp_2)
                                                         u_ibex_top.gen_regfile_ff.register_file_i.raddr_a_i[1] (net)
                      0.059722    0.000132    3.134895 ^ fanout2200/A (sky130_fd_sc_hd__clkdlybuf4s25_1)
     2    0.033447    0.540777    0.796661    3.931556 ^ fanout2200/X (sky130_fd_sc_hd__clkdlybuf4s25_1)
                                                         net2200 (net)
                      0.540792    0.003454    3.935010 ^ wire2201/A (sky130_fd_sc_hd__buf_4)
     4    0.075572    0.336887    0.598384    4.533395 ^ wire2201/X (sky130_fd_sc_hd__buf_4)
                                                         net2201 (net)
                      0.337539    0.010998    4.544393 ^ fanout2199/A (sky130_fd_sc_hd__clkdlybuf4s25_1)
     5    0.089009    1.409621    1.521141    6.065534 ^ fanout2199/X (sky130_fd_sc_hd__clkdlybuf4s25_1)
                                                         net2199 (net)
                      1.409981    0.002270    6.067804 ^ fanout2192/A (sky130_fd_sc_hd__clkdlybuf4s25_1)
     7    0.058663    0.934107    1.473461    7.541265 ^ fanout2192/X (sky130_fd_sc_hd__clkdlybuf4s25_1)
                                                         net2192 (net)
                      0.934107    0.003091    7.544356 ^ fanout2190/A (sky130_fd_sc_hd__clkdlybuf4s25_1)
     6    0.044273    0.710105    1.204977    8.749333 ^ fanout2190/X (sky130_fd_sc_hd__clkdlybuf4s25_1)
                                                         net2190 (net)
                      0.710105    0.000539    8.749872 ^ fanout2188/A (sky130_fd_sc_hd__clkdlybuf4s25_1)
     2    0.008215    0.152999    0.754876    9.504748 ^ fanout2188/X (sky130_fd_sc_hd__clkdlybuf4s25_1)
                                                         net2188 (net)
                      0.152999    0.000104    9.504852 ^ load_slew2189/A (sky130_fd_sc_hd__clkbuf_4)
     9    0.048464    0.241624    0.412161    9.917013 ^ load_slew2189/X (sky130_fd_sc_hd__clkbuf_4)
                                                         net2189 (net)
                      0.241627    0.001398    9.918411 ^ _10050_/B (sky130_fd_sc_hd__nand2_2)
     1    0.010029    0.197103    0.196163   10.114574 v _10050_/Y (sky130_fd_sc_hd__nand2_2)
                                                         _04427_ (net)
                      0.197103    0.000482   10.115057 v fanout1676/A (sky130_fd_sc_hd__clkdlybuf4s25_1)
     2    0.012007    0.184555    0.613434   10.728491 v fanout1676/X (sky130_fd_sc_hd__clkdlybuf4s25_1)
                                                         net1676 (net)
                      0.184555    0.000223   10.728713 v fanout1665/A (sky130_fd_sc_hd__clkdlybuf4s25_1)
     3    0.013428    0.200270    0.621911   11.350625 v fanout1665/X (sky130_fd_sc_hd__clkdlybuf4s25_1)
                                                         net1665 (net)
                      0.200270    0.000241   11.350865 v wire1666/A (sky130_fd_sc_hd__clkbuf_4)
     4    0.073595    0.264770    0.484429   11.835295 v wire1666/X (sky130_fd_sc_hd__clkbuf_4)
                                                         net1666 (net)
                      0.264781    0.001934   11.837230 v fanout1663/A (sky130_fd_sc_hd__clkdlybuf4s25_1)
     6    0.045991    0.616105    0.960403   12.797632 v fanout1663/X (sky130_fd_sc_hd__clkdlybuf4s25_1)
                                                         net1663 (net)
                      0.616171    0.006446   12.804079 v fanout1661/A (sky130_fd_sc_hd__clkdlybuf4s25_1)
     7    0.049632    0.663454    1.116602   13.920681 v fanout1661/X (sky130_fd_sc_hd__clkdlybuf4s25_1)
                                                         net1661 (net)
                      0.663478    0.004565   13.925246 v _10790_/A (sky130_fd_sc_hd__or2_2)
     1    0.003264    0.113221    0.905555   14.830801 v _10790_/X (sky130_fd_sc_hd__or2_2)
                                                         _05167_ (net)
                      0.113221    0.000099   14.830899 v _10791_/A3 (sky130_fd_sc_hd__a31o_2)
     1    0.004679    0.071776    0.470358   15.301257 v _10791_/X (sky130_fd_sc_hd__a31o_2)
                                                         _05168_ (net)
                      0.071776    0.000172   15.301430 v _10799_/B1 (sky130_fd_sc_hd__o211a_2)
     1    0.037865    0.213005    0.379044   15.680474 v _10799_/X (sky130_fd_sc_hd__o211a_2)
                                                         _05176_ (net)
                      0.213067    0.003435   15.683909 v wire1377/A (sky130_fd_sc_hd__buf_6)
     5    0.124699    0.197655    0.393205   16.077116 v wire1377/X (sky130_fd_sc_hd__buf_6)
                                                         net1377 (net)
                      0.203618    0.027006   16.104120 v _10800_/A (sky130_fd_sc_hd__inv_2)
     1    0.003020    0.062706    0.114881   16.219002 ^ _10800_/Y (sky130_fd_sc_hd__inv_2)
                                                         _05177_ (net)
                      0.062706    0.000064   16.219065 ^ _10806_/A2 (sky130_fd_sc_hd__a221o_2)
     6    0.101035    0.820657    0.872577   17.091642 ^ _10806_/X (sky130_fd_sc_hd__a221o_2)
                                                         _05183_ (net)
                      0.820690    0.006079   17.097721 ^ _10808_/A2_N (sky130_fd_sc_hd__a2bb2o_2)
     2    0.006118    0.096579    0.738622   17.836342 v _10808_/X (sky130_fd_sc_hd__a2bb2o_2)
                                                         _05185_ (net)
                      0.096579    0.000160   17.836502 v _10810_/D (sky130_fd_sc_hd__or4_2)
     2    0.005963    0.245874    1.359767   19.196270 v _10810_/X (sky130_fd_sc_hd__or4_2)
                                                         _05187_ (net)
                      0.245874    0.000163   19.196434 v _10812_/A2 (sky130_fd_sc_hd__a21o_2)
     3    0.022859    0.139741    0.547869   19.744303 v _10812_/X (sky130_fd_sc_hd__a21o_2)
                                                         _05189_ (net)
                      0.139743    0.000799   19.745102 v _12239_/A (sky130_fd_sc_hd__xnor2_2)
     1    0.008270    0.125567    0.291967   20.037069 v _12239_/Y (sky130_fd_sc_hd__xnor2_2)
                                                         _06578_ (net)
                      0.125567    0.000353   20.037422 v fanout950/A (sky130_fd_sc_hd__clkdlybuf4s25_1)
     6    0.051945    0.692848    0.957407   20.994829 v fanout950/X (sky130_fd_sc_hd__clkdlybuf4s25_1)
                                                         net950 (net)
                      0.692848    0.000046   20.994875 v load_slew952/A (sky130_fd_sc_hd__buf_4)
     1    0.062271    0.162747    0.637277   21.632153 v load_slew952/X (sky130_fd_sc_hd__buf_4)
                                                         net952 (net)
                      0.162868    0.004036   21.636189 v fanout948/A (sky130_fd_sc_hd__clkdlybuf4s25_1)
     4    0.023115    0.322569    0.703801   22.339991 v fanout948/X (sky130_fd_sc_hd__clkdlybuf4s25_1)
                                                         net948 (net)
                      0.322569    0.000320   22.340309 v fanout946/A (sky130_fd_sc_hd__clkdlybuf4s25_1)
     4    0.016361    0.237288    0.701554   23.041864 v fanout946/X (sky130_fd_sc_hd__clkdlybuf4s25_1)
                                                         net946 (net)
                      0.237288    0.000551   23.042416 v load_slew947/A (sky130_fd_sc_hd__clkbuf_4)
     7    0.043630    0.168957    0.427008   23.469423 v load_slew947/X (sky130_fd_sc_hd__clkbuf_4)
                                                         net947 (net)
                      0.168957    0.000350   23.469772 v _12240_/A (sky130_fd_sc_hd__inv_2)
     4    0.029161    0.218965    0.245230   23.715002 ^ _12240_/Y (sky130_fd_sc_hd__inv_2)
                                                         _06579_ (net)
                      0.218967    0.000659   23.715662 ^ fanout875/A (sky130_fd_sc_hd__clkdlybuf4s25_1)
    10    0.054222    0.865615    1.099343   24.815004 ^ fanout875/X (sky130_fd_sc_hd__clkdlybuf4s25_1)
                                                         net875 (net)
                      0.865615    0.001062   24.816067 ^ _12242_/B (sky130_fd_sc_hd__nand2_2)
     2    0.014903    0.222299    0.404796   25.220863 v _12242_/Y (sky130_fd_sc_hd__nand2_2)
                                                         _06581_ (net)
                      0.222299    0.000506   25.221369 v fanout727/A (sky130_fd_sc_hd__clkdlybuf4s25_1)
    10    0.049491    0.660836    0.981149   26.202518 v fanout727/X (sky130_fd_sc_hd__clkdlybuf4s25_1)
                                                         net727 (net)
                      0.660836    0.000842   26.203360 v _12243_/D (sky130_fd_sc_hd__or4_2)
     1    0.001738    0.202562    1.467797   27.671156 v _12243_/X (sky130_fd_sc_hd__or4_2)
                                                         _06582_ (net)
                      0.202562    0.000048   27.671206 v _12244_/D (sky130_fd_sc_hd__or4_2)
     1    0.002004    0.205167    1.310628   28.981833 v _12244_/X (sky130_fd_sc_hd__or4_2)
                                                         _06583_ (net)
                      0.205167    0.000057   28.981890 v _12246_/C (sky130_fd_sc_hd__or4_2)
     1    0.001995    0.205190    1.461443   30.443333 v _12246_/X (sky130_fd_sc_hd__or4_2)
                                                         _06584_ (net)
                      0.205190    0.000057   30.443390 v _12253_/B (sky130_fd_sc_hd__or4_2)
     1    0.002241    0.207443    1.538414   31.981804 v _12253_/X (sky130_fd_sc_hd__or4_2)
                                                         _06589_ (net)
                      0.207443    0.000046   31.981850 v _12254_/C (sky130_fd_sc_hd__or3_2)
     1    0.033502    0.319194    1.262347   33.244194 v _12254_/X (sky130_fd_sc_hd__or3_2)
                                                         _06590_ (net)
                      0.319226    0.003471   33.247665 v _12255_/D (sky130_fd_sc_hd__or4_2)
     1    0.044427    0.454266    1.764288   35.011955 v _12255_/X (sky130_fd_sc_hd__or4_2)
                                                         _06591_ (net)
                      0.454266    0.001688   35.013641 v _12257_/A (sky130_fd_sc_hd__or4bb_2)
     4    0.045490    0.448853    1.983615   36.997257 v _12257_/X (sky130_fd_sc_hd__or4bb_2)
                                                         _06593_ (net)
                      0.448853    0.001403   36.998661 v _12260_/S (sky130_fd_sc_hd__mux2_1)
     2    0.026014    0.375599    0.794717   37.793377 ^ _12260_/X (sky130_fd_sc_hd__mux2_1)
                                                         _06596_ (net)
                      0.375602    0.001762   37.795139 ^ _12261_/A2 (sky130_fd_sc_hd__a2111oi_4)
     3    0.025950    0.220788    0.319069   38.114208 v _12261_/Y (sky130_fd_sc_hd__a2111oi_4)
                                                         u_ibex_top.u_ibex_core.id_stage_i.branch_set_raw_d (net)
                      0.220793    0.002050   38.116261 v wire470/A (sky130_fd_sc_hd__clkbuf_2)
     2    0.027654    0.198072    0.375032   38.491291 v wire470/X (sky130_fd_sc_hd__clkbuf_2)
                                                         net470 (net)
                      0.198099    0.002334   38.493626 v _12274_/B (sky130_fd_sc_hd__or3_2)
     3    0.011320    0.212856    1.186390   39.680016 v _12274_/X (sky130_fd_sc_hd__or3_2)
                                                         _06609_ (net)
                      0.212856    0.000309   39.680325 v _12276_/A (sky130_fd_sc_hd__or2_2)
     2    0.007718    0.137234    0.762068   40.442390 v _12276_/X (sky130_fd_sc_hd__or2_2)
                                                         _06611_ (net)
                      0.137234    0.000231   40.442623 v _12677_/B (sky130_fd_sc_hd__nor2_2)
     3    0.022922    0.432906    0.394607   40.837231 ^ _12677_/Y (sky130_fd_sc_hd__nor2_2)
                                                         _06915_ (net)
                      0.432906    0.001112   40.838341 ^ fanout451/A (sky130_fd_sc_hd__clkdlybuf4s25_1)
    10    0.072964    1.158762    1.381718   42.220058 ^ fanout451/X (sky130_fd_sc_hd__clkdlybuf4s25_1)
                                                         net451 (net)
                      1.158762    0.001027   42.221085 ^ fanout450/A (sky130_fd_sc_hd__clkdlybuf4s25_1)
    10    0.062198    0.989805    1.453984   43.675072 ^ fanout450/X (sky130_fd_sc_hd__clkdlybuf4s25_1)
                                                         net450 (net)
                      0.989855    0.007851   43.682922 ^ _18006_/A1 (sky130_fd_sc_hd__a211o_2)
     3    0.038414    0.306343    0.757584   44.440506 ^ _18006_/X (sky130_fd_sc_hd__a211o_2)
                                                         _03007_ (net)
                      0.306361    0.002625   44.443130 ^ fanout383/A (sky130_fd_sc_hd__clkdlybuf4s25_1)
     5    0.052630    0.841014    1.112547   45.555679 ^ fanout383/X (sky130_fd_sc_hd__clkdlybuf4s25_1)
                                                         net383 (net)
                      0.841014    0.001037   45.556717 ^ fanout382/A (sky130_fd_sc_hd__clkdlybuf4s25_1)
    10    0.071873    1.142326    1.484281   47.040997 ^ fanout382/X (sky130_fd_sc_hd__clkdlybuf4s25_1)
                                                         net382 (net)
                      1.142446    0.011944   47.052940 ^ _18007_/A (sky130_fd_sc_hd__inv_2)
     4    0.067593    0.418237    0.706304   47.759247 v _18007_/Y (sky130_fd_sc_hd__inv_2)
                                                         _03008_ (net)
                      0.418593    0.006121   47.765366 v fanout320/A (sky130_fd_sc_hd__clkdlybuf4s25_1)
    10    0.069593    0.922312    1.238455   49.003822 v fanout320/X (sky130_fd_sc_hd__clkdlybuf4s25_1)
                                                         net320 (net)
                      0.922314    0.003034   49.006855 v fanout319/A (sky130_fd_sc_hd__clkdlybuf4s25_1)
    10    0.075649    1.000146    1.422823   50.429676 v fanout319/X (sky130_fd_sc_hd__clkdlybuf4s25_1)
                                                         net319 (net)
                      1.000146    0.002135   50.431812 v _18008_/B1 (sky130_fd_sc_hd__a22o_2)
     1    0.002665    0.072352    0.720412   51.152225 v _18008_/X (sky130_fd_sc_hd__a22o_2)
                                                         _01343_ (net)
                      0.072352    0.000060   51.152287 v hold2989/A (sky130_fd_sc_hd__dlygate4sd3_1)
     1    0.002898    0.106320    1.126036   52.278320 v hold2989/X (sky130_fd_sc_hd__dlygate4sd3_1)
                                                         net2989 (net)
                      0.106320    0.000089   52.278412 v _21123_/D (sky130_fd_sc_hd__dfrtp_2)
                                             52.278412   data arrival time

                                 50.000000   50.000000   clock clk_i (rise edge)
                                  0.000000   50.000000   clock source latency
     2    0.116723    0.000000    0.000000   50.000000 ^ clk_i (in)
                                                         clk_i (net)
                      0.057194    0.028596   50.028595 ^ clkbuf_0_clk_i/A (sky130_fd_sc_hd__clkbuf_16)
     1    0.011430    0.056758    0.203578   50.232170 ^ clkbuf_0_clk_i/X (sky130_fd_sc_hd__clkbuf_16)
                                                         clknet_0_clk_i (net)
                      0.056759    0.000512   50.232685 ^ clkbuf_1_0__f_clk_i/A (sky130_fd_sc_hd__clkbuf_16)
     1    0.001716    0.043051    0.185832   50.418514 ^ clkbuf_1_0__f_clk_i/X (sky130_fd_sc_hd__clkbuf_16)
                                                         clknet_1_0__leaf_clk_i (net)
                      0.043051    0.000050   50.418564 ^ _12039_/A (sky130_fd_sc_hd__and2_2)
     1    0.009702    0.115472    0.287503   50.706070 ^ _12039_/X (sky130_fd_sc_hd__and2_2)
                                                         u_ibex_top.clk (net)
                      0.115472    0.000355   50.706425 ^ clkbuf_0_u_ibex_top.clk/A (sky130_fd_sc_hd__clkbuf_16)
     4    0.147215    0.244193    0.383015   51.089439 ^ clkbuf_0_u_ibex_top.clk/X (sky130_fd_sc_hd__clkbuf_16)
                                                         clknet_0_u_ibex_top.clk (net)
                      0.244491    0.007041   51.096481 ^ clkbuf_2_0_0_u_ibex_top.clk/A (sky130_fd_sc_hd__clkbuf_8)
     8    0.182355    0.479760    0.612591   51.709072 ^ clkbuf_2_0_0_u_ibex_top.clk/X (sky130_fd_sc_hd__clkbuf_8)
                                                         clknet_2_0_0_u_ibex_top.clk (net)
                      0.480101    0.008175   51.717247 ^ clkbuf_5_3__f_u_ibex_top.clk/A (sky130_fd_sc_hd__clkbuf_16)
     7    0.075295    0.144876    0.463768   52.181011 ^ clkbuf_5_3__f_u_ibex_top.clk/X (sky130_fd_sc_hd__clkbuf_16)
                                                         clknet_5_3__leaf_u_ibex_top.clk (net)
                      0.144889    0.001538   52.182552 ^ clkbuf_leaf_21_u_ibex_top.clk/A (sky130_fd_sc_hd__clkbuf_8)
    10    0.041264    0.132643    0.313939   52.496490 ^ clkbuf_leaf_21_u_ibex_top.clk/X (sky130_fd_sc_hd__clkbuf_8)
                                                         clknet_leaf_21_u_ibex_top.clk (net)
                      0.132647    0.000998   52.497490 ^ _21123_/CLK (sky130_fd_sc_hd__dfrtp_2)
                                 -0.250000   52.247486   clock uncertainty
                                  0.005133   52.252621   clock reconvergence pessimism
                                 -0.275070   51.977554   library setup time
                                             51.977554   data required time
---------------------------------------------------------------------------------------------
                                             51.977554   data required time
                                            -52.278412   data arrival time
---------------------------------------------------------------------------------------------
                                             -0.300858   slack (VIOLATED)




===========================================================================
 report_check_types -max_slew -max_cap -max_fanout -violators
============================================================================
======================= nom_ss_100C_1v60 Corner ===================================

max slew

Pin                                        Limit        Slew       Slack
------------------------------------------------------------------------
_11945_/A1                              0.750000    2.485021   -1.735021 (VIOLATED)
_09965_/A1                              0.750000    2.485002   -1.735002 (VIOLATED)
_11257_/A1                              0.750000    2.485003   -1.735003 (VIOLATED)
_09962_/B1                              0.750000    2.484998   -1.734998 (VIOLATED)
_18423_/B2                              0.750000    2.484985   -1.734985 (VIOLATED)
_09971_/C                               0.750000    2.484962   -1.734962 (VIOLATED)
_09972_/D                               0.750000    2.484943   -1.734943 (VIOLATED)
_12133_/B                               0.750000    2.484892   -1.734892 (VIOLATED)
_12006_/B                               0.750000    2.484881   -1.734881 (VIOLATED)
_12045_/B                               0.750000    2.484857   -1.734857 (VIOLATED)
fanout1913/X                            0.750000    2.484857   -1.734857 (VIOLATED)
_18418_/B2                              0.750000    2.153848   -1.403848 (VIOLATED)
_11885_/A1                              0.750000    2.153821   -1.403821 (VIOLATED)
_10303_/A1                              0.750000    2.153797   -1.403797 (VIOLATED)
_10304_/A1                              0.750000    2.153793   -1.403793 (VIOLATED)
_09985_/S                               0.750000    2.153566   -1.403566 (VIOLATED)
_09987_/C                               0.750000    2.153476   -1.403476 (VIOLATED)
_09972_/C                               0.750000    2.153240   -1.403240 (VIOLATED)
ANTENNA_112/DIODE                       0.750000    2.153238   -1.403238 (VIOLATED)
_12006_/A                               0.750000    2.152796   -1.402796 (VIOLATED)
_12045_/A                               0.750000    2.152678   -1.402678 (VIOLATED)
_12052_/B                               0.750000    2.152590   -1.402590 (VIOLATED)
fanout1915/X                            0.750000    2.152586   -1.402586 (VIOLATED)
_11439_/A                               0.750000    2.087899   -1.337899 (VIOLATED)
_10574_/A1                              0.750000    2.087894   -1.337894 (VIOLATED)
_11124_/D1                              0.750000    2.087883   -1.337883 (VIOLATED)
_10455_/C                               0.750000    2.087868   -1.337868 (VIOLATED)
_10699_/D1                              0.750000    2.087868   -1.337868 (VIOLATED)
_10458_/C                               0.750000    2.087861   -1.337861 (VIOLATED)
fanout1949/X                            0.750000    2.087861   -1.337861 (VIOLATED)
_10021_/B1                              0.750000    2.083855   -1.333855 (VIOLATED)
_10017_/A1                              0.750000    2.083850   -1.333850 (VIOLATED)
_09978_/A_N                             0.750000    2.083843   -1.333843 (VIOLATED)
_09982_/C                               0.750000    2.083831   -1.333831 (VIOLATED)
_09987_/D_N                             0.750000    2.083827   -1.333827 (VIOLATED)
_09975_/A                               0.750000    2.083781   -1.333781 (VIOLATED)
_09974_/A                               0.750000    2.083723   -1.333723 (VIOLATED)
_09980_/B                               0.750000    2.083691   -1.333691 (VIOLATED)
_18310_/A0                              0.750000    2.083458   -1.333458 (VIOLATED)
_19546_/A1                              0.750000    2.083447   -1.333447 (VIOLATED)
fanout2294/X                            0.750000    2.083447   -1.333447 (VIOLATED)
_12164_/B                               0.750000    1.994287   -1.244287 (VIOLATED)
_12688_/A                               0.750000    1.994281   -1.244282 (VIOLATED)
_12703_/A                               0.750000    1.994282   -1.244282 (VIOLATED)
_12698_/A                               0.750000    1.994280   -1.244280 (VIOLATED)
_11516_/A2                              0.750000    1.994018   -1.244018 (VIOLATED)
_11510_/A2                              0.750000    1.994017   -1.244017 (VIOLATED)
_11323_/A2                              0.750000    1.993983   -1.243983 (VIOLATED)
_11321_/A2                              0.750000    1.993975   -1.243975 (VIOLATED)
_11325_/A2                              0.750000    1.993941   -1.243941 (VIOLATED)
_11319_/A2                              0.750000    1.993937   -1.243937 (VIOLATED)
fanout1781/X                            0.750000    1.993937   -1.243937 (VIOLATED)
_12676_/A                               0.750000    1.976832   -1.226832 (VIOLATED)
_12679_/A                               0.750000    1.976829   -1.226829 (VIOLATED)
_12678_/A                               0.750000    1.976825   -1.226825 (VIOLATED)
_11511_/A2                              0.750000    1.976679   -1.226679 (VIOLATED)
_11517_/A2                              0.750000    1.976676   -1.226676 (VIOLATED)
_11871_/A2                              0.750000    1.976677   -1.226677 (VIOLATED)
_11322_/A2                              0.750000    1.976663   -1.226663 (VIOLATED)
_11324_/A2                              0.750000    1.976658   -1.226658 (VIOLATED)
_11320_/A2                              0.750000    1.976654   -1.226654 (VIOLATED)
_11326_/A2                              0.750000    1.976654   -1.226654 (VIOLATED)
fanout1764/X                            0.750000    1.976654   -1.226654 (VIOLATED)
_18275_/A1                              0.750000    1.960876   -1.210876 (VIOLATED)
_12798_/A3                              0.750000    1.960871   -1.210871 (VIOLATED)
_18029_/A1                              0.750000    1.960861   -1.210861 (VIOLATED)
_17898_/B2                              0.750000    1.960792   -1.210792 (VIOLATED)
_18217_/A1                              0.750000    1.960774   -1.210774 (VIOLATED)
_17908_/A0                              0.750000    1.960627   -1.210627 (VIOLATED)
_17650_/B2                              0.750000    1.960152   -1.210152 (VIOLATED)
_17398_/A1                              0.750000    1.960078   -1.210078 (VIOLATED)
_17789_/A1                              0.750000    1.960019   -1.210019 (VIOLATED)
_17526_/A1                              0.750000    1.960002   -1.210002 (VIOLATED)
fanout1024/X                            0.750000    1.959998   -1.209998 (VIOLATED)
_13021_/A2                              0.750000    1.949837   -1.199837 (VIOLATED)
_13033_/B1                              0.750000    1.949832   -1.199832 (VIOLATED)
_13088_/B1                              0.750000    1.949813   -1.199813 (VIOLATED)
fanout1282/A                            0.750000    1.949771   -1.199771 (VIOLATED)
_13120_/A2                              0.750000    1.949762   -1.199762 (VIOLATED)
_12776_/A2                              0.750000    1.949751   -1.199751 (VIOLATED)
_12923_/A2                              0.750000    1.949732   -1.199732 (VIOLATED)
_12939_/B1                              0.750000    1.949732   -1.199732 (VIOLATED)
_12951_/A2                              0.750000    1.949732   -1.199732 (VIOLATED)
_12979_/A2                              0.750000    1.949732   -1.199732 (VIOLATED)
fanout1283/X                            0.750000    1.949732   -1.199732 (VIOLATED)
_13899_/D                               0.750000    1.948745   -1.198745 (VIOLATED)
_14541_/C1                              0.750000    1.948716   -1.198716 (VIOLATED)
_14142_/D1                              0.750000    1.948664   -1.198664 (VIOLATED)
_13452_/C                               0.750000    1.948645   -1.198646 (VIOLATED)
fanout1545/A                            0.750000    1.947808   -1.197808 (VIOLATED)
fanout1544/A                            0.750000    1.947631   -1.197631 (VIOLATED)
fanout1546/X                            0.750000    1.947631   -1.197631 (VIOLATED)
_16375_/S                               0.750000    1.901062   -1.151062 (VIOLATED)
_16388_/S                               0.750000    1.901055   -1.151055 (VIOLATED)
_16376_/S                               0.750000    1.901050   -1.151050 (VIOLATED)
_16384_/S                               0.750000    1.901033   -1.151033 (VIOLATED)
_16387_/S                               0.750000    1.901022   -1.151022 (VIOLATED)
_16378_/S                               0.750000    1.901016   -1.151017 (VIOLATED)
_16380_/S                               0.750000    1.901017   -1.151017 (VIOLATED)
_16379_/S                               0.750000    1.901015   -1.151015 (VIOLATED)
fanout860/X                             0.750000    1.901012   -1.151012 (VIOLATED)
_12263_/A                               0.750000    1.875204   -1.125204 (VIOLATED)
fanout1700/A                            0.750000    1.875169   -1.125169 (VIOLATED)
ANTENNA_51/DIODE                        0.750000    1.875018   -1.125018 (VIOLATED)
_14776_/A                               0.750000    1.875019   -1.125019 (VIOLATED)
_10564_/A                               0.750000    1.874863   -1.124864 (VIOLATED)
_10565_/A                               0.750000    1.874864   -1.124864 (VIOLATED)
_09985_/A1                              0.750000    1.874862   -1.124862 (VIOLATED)
_12072_/B1                              0.750000    1.874863   -1.124863 (VIOLATED)
_10022_/A                               0.750000    1.874859   -1.124859 (VIOLATED)
fanout1701/X                            0.750000    1.874856   -1.124856 (VIOLATED)
_12701_/A                               0.750000    1.846992   -1.096992 (VIOLATED)
_12702_/A                               0.750000    1.846990   -1.096990 (VIOLATED)
_12690_/A                               0.750000    1.846981   -1.096981 (VIOLATED)
_12143_/A                               0.750000    1.846969   -1.096969 (VIOLATED)
_12162_/A                               0.750000    1.846967   -1.096967 (VIOLATED)
_11875_/B1                              0.750000    1.846639   -1.096639 (VIOLATED)
_11871_/B1                              0.750000    1.846638   -1.096638 (VIOLATED)
fanout1756/A                            0.750000    1.846633   -1.096633 (VIOLATED)
fanout1757/X                            0.750000    1.846627   -1.096627 (VIOLATED)
_13089_/C1                              0.750000    1.843321   -1.093321 (VIOLATED)
_13075_/C1                              0.750000    1.843311   -1.093311 (VIOLATED)
_12765_/C1                              0.750000    1.843268   -1.093268 (VIOLATED)
fanout1277/A                            0.750000    1.843266   -1.093266 (VIOLATED)
_12778_/C1                              0.750000    1.843264   -1.093264 (VIOLATED)
_12806_/B                               0.750000    1.843236   -1.093236 (VIOLATED)
_12845_/C1                              0.750000    1.843236   -1.093236 (VIOLATED)
_12883_/B1                              0.750000    1.843157   -1.093157 (VIOLATED)
_12898_/B1                              0.750000    1.843157   -1.093157 (VIOLATED)
_12872_/B1                              0.750000    1.843154   -1.093154 (VIOLATED)
fanout1278/X                            0.750000    1.843154   -1.093154 (VIOLATED)
_15169_/A2                              0.750000    1.823296   -1.073296 (VIOLATED)
_15168_/A2                              0.750000    1.823291   -1.073291 (VIOLATED)
_15472_/A2                              0.750000    1.823288   -1.073288 (VIOLATED)
_15571_/B                               0.750000    1.823288   -1.073288 (VIOLATED)
_14831_/A2                              0.750000    1.823260   -1.073260 (VIOLATED)
_13902_/B                               0.750000    1.823191   -1.073191 (VIOLATED)
_14463_/A2                              0.750000    1.823174   -1.073174 (VIOLATED)
_13901_/B                               0.750000    1.823173   -1.073173 (VIOLATED)
_13903_/A2                              0.750000    1.823164   -1.073164 (VIOLATED)
_13904_/A2                              0.750000    1.823162   -1.073162 (VIOLATED)
fanout1237/X                            0.750000    1.823159   -1.073159 (VIOLATED)
_18404_/B1                              0.750000    1.801620   -1.051620 (VIOLATED)
_18399_/A                               0.750000    1.801618   -1.051618 (VIOLATED)
_18387_/B1                              0.750000    1.801615   -1.051615 (VIOLATED)
_18353_/B1                              0.750000    1.801570   -1.051570 (VIOLATED)
_18348_/A                               0.750000    1.801566   -1.051566 (VIOLATED)
_18365_/A                               0.750000    1.801542   -1.051542 (VIOLATED)
_18337_/C                               0.750000    1.801495   -1.051495 (VIOLATED)
_18264_/A                               0.750000    1.801483   -1.051483 (VIOLATED)
_12398_/B                               0.750000    1.801440   -1.051440 (VIOLATED)
_11991_/C                               0.750000    1.801426   -1.051426 (VIOLATED)
fanout1588/X                            0.750000    1.801422   -1.051422 (VIOLATED)
_09935_/A1                              0.750000    1.789655   -1.039655 (VIOLATED)
_09914_/A                               0.750000    1.789653   -1.039653 (VIOLATED)
_09936_/A1                              0.750000    1.789647   -1.039647 (VIOLATED)
_09938_/A                               0.750000    1.789610   -1.039610 (VIOLATED)
_09947_/A_N                             0.750000    1.789611   -1.039611 (VIOLATED)
_09928_/C                               0.750000    1.789594   -1.039594 (VIOLATED)
_09929_/C                               0.750000    1.789580   -1.039580 (VIOLATED)
_09997_/A1                              0.750000    1.789538   -1.039538 (VIOLATED)
_18266_/A0                              0.750000    1.788693   -1.038693 (VIOLATED)
_19504_/A                               0.750000    1.788668   -1.038668 (VIOLATED)
fanout2307/X                            0.750000    1.788660   -1.038660 (VIOLATED)
_11615_/A1                              0.750000    1.778365   -1.028365 (VIOLATED)
_11614_/A1                              0.750000    1.778362   -1.028362 (VIOLATED)
_11154_/B1                              0.750000    1.778345   -1.028345 (VIOLATED)
_11556_/A1                              0.750000    1.778334   -1.028334 (VIOLATED)
_11557_/A1                              0.750000    1.778334   -1.028334 (VIOLATED)
_11898_/B1                              0.750000    1.778290   -1.028290 (VIOLATED)
_11834_/B1                              0.750000    1.778258   -1.028259 (VIOLATED)
_10665_/B1                              0.750000    1.778257   -1.028257 (VIOLATED)
_10783_/B1                              0.750000    1.778251   -1.028251 (VIOLATED)
_10727_/B1                              0.750000    1.778247   -1.028247 (VIOLATED)
fanout1853/X                            0.750000    1.778247   -1.028247 (VIOLATED)
_10574_/B2                              0.750000    1.772438   -1.022438 (VIOLATED)
_13306_/B                               0.750000    1.772399   -1.022399 (VIOLATED)
_16394_/B                               0.750000    1.772397   -1.022397 (VIOLATED)
_16562_/B                               0.750000    1.772381   -1.022381 (VIOLATED)
_13305_/B                               0.750000    1.772380   -1.022380 (VIOLATED)
_16393_/B                               0.750000    1.772372   -1.022373 (VIOLATED)
_16596_/B                               0.750000    1.772342   -1.022342 (VIOLATED)
_12065_/D                               0.750000    1.772310   -1.022310 (VIOLATED)
_18296_/A0                              0.750000    1.771766   -1.021766 (VIOLATED)
_19532_/A1                              0.750000    1.771727   -1.021728 (VIOLATED)
fanout2301/X                            0.750000    1.771727   -1.021728 (VIOLATED)
fanout1987/A                            0.750000    1.754588   -1.004588 (VIOLATED)
fanout1985/A                            0.750000    1.754573   -1.004573 (VIOLATED)
fanout1992/A                            0.750000    1.754542   -1.004542 (VIOLATED)
fanout2024/A                            0.750000    1.754531   -1.004531 (VIOLATED)
_11239_/A                               0.750000    1.754389   -1.004389 (VIOLATED)
_11369_/A1                              0.750000    1.754386   -1.004386 (VIOLATED)
_10088_/A1                              0.750000    1.754378   -1.004378 (VIOLATED)
_11172_/A                               0.750000    1.754373   -1.004373 (VIOLATED)
fanout2003/A                            0.750000    1.754080   -1.004080 (VIOLATED)
fanout2013/A                            0.750000    1.754080   -1.004080 (VIOLATED)
fanout2019/A                            0.750000    1.754080   -1.004080 (VIOLATED)
fanout2026/X                            0.750000    1.754080   -1.004080 (VIOLATED)
_10274_/A                               0.750000    1.753770   -1.003770 (VIOLATED)
_10391_/A                               0.750000    1.753771   -1.003771 (VIOLATED)
_10924_/A                               0.750000    1.753741   -1.003741 (VIOLATED)
_10621_/A                               0.750000    1.753721   -1.003721 (VIOLATED)
_10683_/A                               0.750000    1.753719   -1.003719 (VIOLATED)
_10874_/A                               0.750000    1.753719   -1.003719 (VIOLATED)
fanout1900/X                            0.750000    1.753719   -1.003719 (VIOLATED)
_18268_/A1                              0.750000    1.749584   -0.999584 (VIOLATED)
_18026_/A1                              0.750000    1.749581   -0.999581 (VIOLATED)
_12783_/A3                              0.750000    1.749580   -0.999580 (VIOLATED)
_18059_/A2                              0.750000    1.749573   -0.999573 (VIOLATED)
_18000_/B1                              0.750000    1.749570   -0.999570 (VIOLATED)
_18050_/A2                              0.750000    1.749568   -0.999568 (VIOLATED)
_17970_/C1                              0.750000    1.749566   -0.999566 (VIOLATED)
_17895_/A1                              0.750000    1.749563   -0.999563 (VIOLATED)
_17940_/A0                              0.750000    1.749560   -0.999560 (VIOLATED)
_18006_/C1                              0.750000    1.749560   -0.999560 (VIOLATED)
_18038_/A2                              0.750000    1.749551   -0.999551 (VIOLATED)
_17522_/A1                              0.750000    1.749548   -0.999548 (VIOLATED)
_17785_/A1                              0.750000    1.749546   -0.999546 (VIOLATED)
_17394_/A1                              0.750000    1.749542   -0.999542 (VIOLATED)
_17646_/B1                              0.750000    1.749537   -0.999537 (VIOLATED)
_18041_/A2                              0.750000    1.749536   -0.999536 (VIOLATED)
_17975_/A2                              0.750000    1.749530   -0.999530 (VIOLATED)
_17907_/A0                              0.750000    1.749519   -0.999519 (VIOLATED)
fanout1025/X                            0.750000    1.749519   -0.999519 (VIOLATED)
_18013_/B1                              0.750000    1.749493   -0.999493 (VIOLATED)
_17997_/A2                              0.750000    1.749474   -0.999474 (VIOLATED)
fanout1140/X                            0.750000    1.749469   -0.999469 (VIOLATED)
_09843_/A                               0.750000    1.741671   -0.991671 (VIOLATED)
_18618_/A1                              0.750000    1.741646   -0.991646 (VIOLATED)
_18617_/A1                              0.750000    1.741644   -0.991644 (VIOLATED)
_18621_/A1                              0.750000    1.741644   -0.991644 (VIOLATED)
_13463_/A                               0.750000    1.741638   -0.991638 (VIOLATED)
_16257_/A1                              0.750000    1.741637   -0.991637 (VIOLATED)
_14410_/A1                              0.750000    1.741616   -0.991616 (VIOLATED)
_12348_/A                               0.750000    1.741615   -0.991615 (VIOLATED)
_10021_/A2                              0.750000    1.741206   -0.991206 (VIOLATED)
fanout2287/A                            0.750000    1.741065   -0.991065 (VIOLATED)
fanout2288/X                            0.750000    1.741062   -0.991062 (VIOLATED)
_12061_/A                               0.750000    1.736727   -0.986727 (VIOLATED)
_12063_/A                               0.750000    1.736727   -0.986727 (VIOLATED)
_12057_/A                               0.750000    1.736722   -0.986722 (VIOLATED)
_12139_/A1                              0.750000    1.736695   -0.986695 (VIOLATED)
_11321_/B1                              0.750000    1.736544   -0.986544 (VIOLATED)
_11323_/B1                              0.750000    1.736536   -0.986536 (VIOLATED)
_11510_/B1                              0.750000    1.736536   -0.986536 (VIOLATED)
_11516_/B1                              0.750000    1.736535   -0.986535 (VIOLATED)
_11319_/B1                              0.750000    1.736523   -0.986523 (VIOLATED)
_11325_/B1                              0.750000    1.736523   -0.986523 (VIOLATED)
fanout1773/X                            0.750000    1.736523   -0.986523 (VIOLATED)
_12805_/B1                              0.750000    1.733492   -0.983492 (VIOLATED)
_12873_/B1                              0.750000    1.733474   -0.983474 (VIOLATED)
_12899_/B1                              0.750000    1.733474   -0.983474 (VIOLATED)
_12841_/B1                              0.750000    1.733453   -0.983453 (VIOLATED)
_12777_/B1                              0.750000    1.733406   -0.983406 (VIOLATED)
_12765_/A2                              0.750000    1.733403   -0.983403 (VIOLATED)
_12720_/A2                              0.750000    1.733387   -0.983387 (VIOLATED)
fanout1280/A                            0.750000    1.733295   -0.983295 (VIOLATED)
fanout1281/X                            0.750000    1.733289   -0.983289 (VIOLATED)
_15455_/A                               0.750000    1.724372   -0.974372 (VIOLATED)
_15647_/A                               0.750000    1.724361   -0.974361 (VIOLATED)
_15648_/A                               0.750000    1.724360   -0.974360 (VIOLATED)
_15552_/A                               0.750000    1.724341   -0.974341 (VIOLATED)
_15256_/A                               0.750000    1.724321   -0.974321 (VIOLATED)
_15156_/A                               0.750000    1.724239   -0.974239 (VIOLATED)
_15039_/A                               0.750000    1.724210   -0.974210 (VIOLATED)
_14013_/B                               0.750000    1.724040   -0.974040 (VIOLATED)
_14014_/C                               0.750000    1.724040   -0.974040 (VIOLATED)
_14099_/A2                              0.750000    1.724037   -0.974037 (VIOLATED)
fanout1160/X                            0.750000    1.724035   -0.974035 (VIOLATED)
_14955_/A2                              0.750000    1.722749   -0.972749 (VIOLATED)
_14592_/A2                              0.750000    1.722741   -0.972741 (VIOLATED)
_14593_/A2                              0.750000    1.722733   -0.972733 (VIOLATED)
_13581_/B                               0.750000    1.722689   -0.972689 (VIOLATED)
_14002_/A2                              0.750000    1.722614   -0.972614 (VIOLATED)
_14001_/A2                              0.750000    1.722611   -0.972611 (VIOLATED)
_13767_/A2                              0.750000    1.722467   -0.972467 (VIOLATED)
_13583_/A2                              0.750000    1.722439   -0.972439 (VIOLATED)
_13584_/A2                              0.750000    1.722439   -0.972439 (VIOLATED)
_13582_/B                               0.750000    1.722410   -0.972410 (VIOLATED)
fanout1255/X                            0.750000    1.722407   -0.972407 (VIOLATED)
_10651_/B2                              0.750000    1.713969   -0.963969 (VIOLATED)
_16393_/A                               0.750000    1.713951   -0.963951 (VIOLATED)
_13305_/A_N                             0.750000    1.713948   -0.963948 (VIOLATED)
_13306_/A_N                             0.750000    1.713948   -0.963948 (VIOLATED)
_16394_/A                               0.750000    1.713946   -0.963946 (VIOLATED)
_16562_/A                               0.750000    1.713946   -0.963946 (VIOLATED)
_16596_/A                               0.750000    1.713914   -0.963914 (VIOLATED)
_12065_/C                               0.750000    1.713901   -0.963901 (VIOLATED)
_18288_/A0                              0.750000    1.713715   -0.963715 (VIOLATED)
_19526_/A1                              0.750000    1.713663   -0.963663 (VIOLATED)
fanout2302/X                            0.750000    1.713230   -0.963230 (VIOLATED)
_13095_/A3                              0.750000    1.712909   -0.962909 (VIOLATED)
_13150_/A1                              0.750000    1.712907   -0.962907 (VIOLATED)
_18095_/A1                              0.750000    1.712908   -0.962908 (VIOLATED)
_18413_/A1                              0.750000    1.712880   -0.962880 (VIOLATED)
_17482_/A1                              0.750000    1.712776   -0.962776 (VIOLATED)
_17746_/A1                              0.750000    1.712774   -0.962774 (VIOLATED)
_17873_/A1                              0.750000    1.712769   -0.962769 (VIOLATED)
_17608_/A1                              0.750000    1.712763   -0.962763 (VIOLATED)
_17963_/A0                              0.750000    1.712711   -0.962711 (VIOLATED)
_17930_/A0                              0.750000    1.712289   -0.962290 (VIOLATED)
fanout926/X                             0.750000    1.712289   -0.962290 (VIOLATED)
_10649_/A1                              0.750000    1.700599   -0.950599 (VIOLATED)
_11381_/A                               0.750000    1.700582   -0.950582 (VIOLATED)
_11124_/B1                              0.750000    1.700558   -0.950558 (VIOLATED)
_10699_/B1                              0.750000    1.700527   -0.950527 (VIOLATED)
_12494_/A2                              0.750000    1.700317   -0.950317 (VIOLATED)
_12436_/A2                              0.750000    1.700302   -0.950302 (VIOLATED)
_12473_/A2                              0.750000    1.700303   -0.950303 (VIOLATED)
_12445_/A2                              0.750000    1.700300   -0.950300 (VIOLATED)
_12441_/B1                              0.750000    1.700294   -0.950294 (VIOLATED)
_12462_/A2                              0.750000    1.700285   -0.950285 (VIOLATED)
_12457_/A2                              0.750000    1.700284   -0.950284 (VIOLATED)
_12452_/B1                              0.750000    1.700216   -0.950216 (VIOLATED)
_12490_/B1                              0.750000    1.700165   -0.950165 (VIOLATED)
_19045_/B1                              0.750000    1.700135   -0.950135 (VIOLATED)
fanout1031/X                            0.750000    1.700135   -0.950135 (VIOLATED)
_10455_/B                               0.750000    1.700114   -0.950114 (VIOLATED)
_10458_/B                               0.750000    1.700114   -0.950114 (VIOLATED)
fanout1953/X                            0.750000    1.700114   -0.950114 (VIOLATED)
_13253_/D                               0.750000    1.698724   -0.948724 (VIOLATED)
_17498_/A1                              0.750000    1.698724   -0.948724 (VIOLATED)
_17975_/B2                              0.750000    1.698723   -0.948723 (VIOLATED)
_17370_/A1                              0.750000    1.698717   -0.948717 (VIOLATED)
_18225_/A1                              0.750000    1.698717   -0.948717 (VIOLATED)
_18123_/A0                              0.750000    1.698285   -0.948285 (VIOLATED)
_13289_/A0                              0.750000    1.698268   -0.948268 (VIOLATED)
_13296_/A0                              0.750000    1.698268   -0.948268 (VIOLATED)
_17901_/A0                              0.750000    1.698268   -0.948268 (VIOLATED)
_17934_/A0                              0.750000    1.698268   -0.948268 (VIOLATED)
fanout1020/X                            0.750000    1.698268   -0.948268 (VIOLATED)
_14746_/A                               0.750000    1.676143   -0.926143 (VIOLATED)
_14790_/A2                              0.750000    1.676143   -0.926143 (VIOLATED)
_09959_/B1                              0.750000    1.676121   -0.926121 (VIOLATED)
_09976_/A                               0.750000    1.676052   -0.926052 (VIOLATED)
_12090_/A                               0.750000    1.676052   -0.926052 (VIOLATED)
_09917_/B                               0.750000    1.676048   -0.926048 (VIOLATED)
_09994_/A                               0.750000    1.676041   -0.926041 (VIOLATED)
_10017_/A2                              0.750000    1.676025   -0.926025 (VIOLATED)
fanout1822/A                            0.750000    1.675810   -0.925810 (VIOLATED)
fanout1823/X                            0.750000    1.675807   -0.925807 (VIOLATED)
_17514_/A1                              0.750000    1.671391   -0.921391 (VIOLATED)
_17777_/A1                              0.750000    1.671387   -0.921387 (VIOLATED)
_17387_/A1                              0.750000    1.671375   -0.921375 (VIOLATED)
ANTENNA_94/DIODE                        0.750000    1.671363   -0.921363 (VIOLATED)
_17638_/B2                              0.750000    1.671357   -0.921357 (VIOLATED)
_18020_/A1                              0.750000    1.671257   -0.921257 (VIOLATED)
_12756_/A3                              0.750000    1.671255   -0.921255 (VIOLATED)
_18254_/A1                              0.750000    1.671253   -0.921253 (VIOLATED)
_17938_/A0                              0.750000    1.671237   -0.921237 (VIOLATED)
_17996_/B2                              0.750000    1.671229   -0.921229 (VIOLATED)
_18127_/A0                              0.750000    1.671226   -0.921226 (VIOLATED)
fanout1026/X                            0.750000    1.671222   -0.921222 (VIOLATED)
_10460_/A2                              0.750000    1.653227   -0.903227 (VIOLATED)
_11511_/B1                              0.750000    1.653217   -0.903217 (VIOLATED)
_11517_/B1                              0.750000    1.653206   -0.903207 (VIOLATED)
_11129_/A2                              0.750000    1.653204   -0.903204 (VIOLATED)
_11320_/B1                              0.750000    1.653185   -0.903185 (VIOLATED)
_11322_/B1                              0.750000    1.653185   -0.903185 (VIOLATED)
_11324_/B1                              0.750000    1.653184   -0.903184 (VIOLATED)
_11326_/B1                              0.750000    1.653183   -0.903183 (VIOLATED)
_10704_/A2                              0.750000    1.653180   -0.903180 (VIOLATED)
_10885_/A2                              0.750000    1.653180   -0.903180 (VIOLATED)
fanout1756/X                            0.750000    1.653180   -0.903180 (VIOLATED)
_18609_/A                               0.750000    1.648281   -0.898281 (VIOLATED)
_18610_/A2                              0.750000    1.648281   -0.898281 (VIOLATED)
_18974_/S                               0.750000    1.648229   -0.898230 (VIOLATED)
_18972_/S                               0.750000    1.648211   -0.898211 (VIOLATED)
_18990_/S                               0.750000    1.648174   -0.898174 (VIOLATED)
_18996_/S                               0.750000    1.648111   -0.898111 (VIOLATED)
fanout1206/A                            0.750000    1.648096   -0.898096 (VIOLATED)
_19031_/S                               0.750000    1.648093   -0.898093 (VIOLATED)
fanout1207/X                            0.750000    1.648093   -0.898093 (VIOLATED)
_14955_/A1                              0.750000    1.624467   -0.874467 (VIOLATED)
_14592_/A1                              0.750000    1.624460   -0.874460 (VIOLATED)
_14593_/A1                              0.750000    1.624454   -0.874454 (VIOLATED)
_13581_/A                               0.750000    1.624421   -0.874421 (VIOLATED)
_14002_/A1                              0.750000    1.624355   -0.874355 (VIOLATED)
_14001_/A1                              0.750000    1.624350   -0.874350 (VIOLATED)
_13582_/A                               0.750000    1.624271   -0.874271 (VIOLATED)
_13767_/A1                              0.750000    1.624252   -0.874252 (VIOLATED)
_13583_/A1                              0.750000    1.624239   -0.874239 (VIOLATED)
_13584_/A1                              0.750000    1.624239   -0.874239 (VIOLATED)
fanout1256/X                            0.750000    1.624237   -0.874237 (VIOLATED)
_18382_/B1                              0.750000    1.614101   -0.864101 (VIOLATED)
_18394_/B                               0.750000    1.614100   -0.864100 (VIOLATED)
_18377_/B                               0.750000    1.614075   -0.864075 (VIOLATED)
_18370_/B1                              0.750000    1.614070   -0.864070 (VIOLATED)
_18360_/C                               0.750000    1.614069   -0.864069 (VIOLATED)
_18329_/B1                              0.750000    1.614021   -0.864021 (VIOLATED)
_18335_/B1                              0.750000    1.614018   -0.864018 (VIOLATED)
_18343_/B                               0.750000    1.614010   -0.864010 (VIOLATED)
fanout1589/A                            0.750000    1.613827   -0.863827 (VIOLATED)
fanout1590/A                            0.750000    1.613812   -0.863813 (VIOLATED)
fanout1591/X                            0.750000    1.613812   -0.863813 (VIOLATED)
_15919_/A                               0.750000    1.607782   -0.857782 (VIOLATED)
_15920_/A                               0.750000    1.607782   -0.857782 (VIOLATED)
_15839_/A                               0.750000    1.607766   -0.857766 (VIOLATED)
_15742_/A                               0.750000    1.607749   -0.857749 (VIOLATED)
_15657_/A                               0.750000    1.607734   -0.857734 (VIOLATED)
_15563_/A                               0.750000    1.607710   -0.857710 (VIOLATED)
_15373_/B                               0.750000    1.607680   -0.857680 (VIOLATED)
_15268_/B                               0.750000    1.607659   -0.857659 (VIOLATED)
_15167_/B                               0.750000    1.607599   -0.857599 (VIOLATED)
_14283_/B                               0.750000    1.607006   -0.857006 (VIOLATED)
fanout1158/X                            0.750000    1.607006   -0.857006 (VIOLATED)
_17474_/A1                              0.750000    1.601409   -0.851409 (VIOLATED)
_17601_/A                               0.750000    1.601400   -0.851400 (VIOLATED)
_13068_/A3                              0.750000    1.601380   -0.851380 (VIOLATED)
_13148_/A1                              0.750000    1.601380   -0.851380 (VIOLATED)
_17928_/A0                              0.750000    1.601380   -0.851380 (VIOLATED)
_17961_/A0                              0.750000    1.601380   -0.851380 (VIOLATED)
_18088_/B2                              0.750000    1.601380   -0.851380 (VIOLATED)
_18115_/A0                              0.750000    1.601380   -0.851380 (VIOLATED)
_18150_/A0                              0.750000    1.601380   -0.851380 (VIOLATED)
_18402_/A1                              0.750000    1.601380   -0.851380 (VIOLATED)
fanout928/X                             0.750000    1.601380   -0.851380 (VIOLATED)
fanout2158/A                            0.750000    1.599405   -0.849405 (VIOLATED)
fanout2147/A                            0.750000    1.599389   -0.849389 (VIOLATED)
fanout2152/A                            0.750000    1.599382   -0.849382 (VIOLATED)
fanout2154/A                            0.750000    1.599366   -0.849366 (VIOLATED)
fanout2151/A                            0.750000    1.599317   -0.849317 (VIOLATED)
_11716_/B1                              0.750000    1.598875   -0.848875 (VIOLATED)
fanout2141/A                            0.750000    1.598867   -0.848867 (VIOLATED)
fanout2160/X                            0.750000    1.598867   -0.848867 (VIOLATED)
_11775_/B1                              0.750000    1.598858   -0.848858 (VIOLATED)
_10199_/B1                              0.750000    1.598832   -0.848832 (VIOLATED)
_10081_/A                               0.750000    1.598760   -0.848760 (VIOLATED)
_10159_/A1                              0.750000    1.598729   -0.848729 (VIOLATED)
_10861_/B1                              0.750000    1.598678   -0.848677 (VIOLATED)
_10992_/A1                              0.750000    1.598666   -0.848666 (VIOLATED)
_11472_/B1                              0.750000    1.598657   -0.848657 (VIOLATED)
fanout1854/X                            0.750000    1.598657   -0.848657 (VIOLATED)
_13901_/A                               0.750000    1.585967   -0.835967 (VIOLATED)
_15169_/A1                              0.750000    1.585927   -0.835927 (VIOLATED)
_15472_/A1                              0.750000    1.585907   -0.835907 (VIOLATED)
_15571_/A                               0.750000    1.585907   -0.835907 (VIOLATED)
_15168_/A1                              0.750000    1.585897   -0.835897 (VIOLATED)
_14831_/A1                              0.750000    1.585805   -0.835805 (VIOLATED)
_13902_/A                               0.750000    1.585651   -0.835651 (VIOLATED)
_14463_/A1                              0.750000    1.585614   -0.835614 (VIOLATED)
_13903_/A1                              0.750000    1.585571   -0.835571 (VIOLATED)
_13904_/A1                              0.750000    1.585571   -0.835571 (VIOLATED)
fanout1238/X                            0.750000    1.585569   -0.835569 (VIOLATED)
ANTENNA_107/DIODE                       0.750000    1.582787   -0.832787 (VIOLATED)
fanout1423/A                            0.750000    1.582788   -0.832788 (VIOLATED)
_14051_/A1                              0.750000    1.582734   -0.832734 (VIOLATED)
ANTENNA_106/DIODE                       0.750000    1.582733   -0.832733 (VIOLATED)
_14136_/A1                              0.750000    1.582654   -0.832654 (VIOLATED)
_13303_/A                               0.750000    1.582620   -0.832620 (VIOLATED)
_13304_/A                               0.750000    1.582609   -0.832609 (VIOLATED)
fanout1424/X                            0.750000    1.582606   -0.832606 (VIOLATED)
_18032_/A1                              0.750000    1.581943   -0.831943 (VIOLATED)
_12813_/A3                              0.750000    1.581942   -0.831942 (VIOLATED)
_18283_/A1                              0.750000    1.581940   -0.831940 (VIOLATED)
_18131_/A0                              0.750000    1.581936   -0.831936 (VIOLATED)
_13129_/A1                              0.750000    1.581928   -0.831928 (VIOLATED)
_17530_/A1                              0.750000    1.581922   -0.831922 (VIOLATED)
_17793_/A1                              0.750000    1.581921   -0.831921 (VIOLATED)
_17402_/A1                              0.750000    1.581916   -0.831916 (VIOLATED)
_17655_/A1                              0.750000    1.581909   -0.831909 (VIOLATED)
_17909_/A0                              0.750000    1.581509   -0.831509 (VIOLATED)
fanout1023/X                            0.750000    1.581509   -0.831509 (VIOLATED)
_17510_/A1                              0.750000    1.581325   -0.831325 (VIOLATED)
_17383_/A1                              0.750000    1.581321   -0.831321 (VIOLATED)
_12744_/A3                              0.750000    1.581290   -0.831290 (VIOLATED)
_17989_/A                               0.750000    1.581290   -0.831290 (VIOLATED)
_18247_/A1                              0.750000    1.581289   -0.831289 (VIOLATED)
_17904_/A0                              0.750000    1.581282   -0.831282 (VIOLATED)
_17937_/A0                              0.750000    1.581282   -0.831282 (VIOLATED)
_18121_/A0                              0.750000    1.581282   -0.831282 (VIOLATED)
_18126_/A0                              0.750000    1.581282   -0.831282 (VIOLATED)
_18220_/B1                              0.750000    1.581282   -0.831282 (VIOLATED)
fanout1027/X                            0.750000    1.581282   -0.831282 (VIOLATED)
_13016_/B                               0.750000    1.576363   -0.826363 (VIOLATED)
_13034_/A2                              0.750000    1.576360   -0.826360 (VIOLATED)
_13083_/B                               0.750000    1.576333   -0.826333 (VIOLATED)
_13119_/A2                              0.750000    1.576323   -0.826323 (VIOLATED)
fanout1347/A                            0.750000    1.576254   -0.826254 (VIOLATED)
_13060_/A2                              0.750000    1.576200   -0.826200 (VIOLATED)
_13076_/A2                              0.750000    1.576198   -0.826198 (VIOLATED)
_13101_/A2                              0.750000    1.576193   -0.826193 (VIOLATED)
fanout1348/A                            0.750000    1.576188   -0.826188 (VIOLATED)
fanout1349/X                            0.750000    1.576184   -0.826184 (VIOLATED)
_12847_/A1                              0.750000    1.568195   -0.818195 (VIOLATED)
_12874_/A1                              0.750000    1.568188   -0.818188 (VIOLATED)
_12900_/A1                              0.750000    1.568185   -0.818185 (VIOLATED)
_13121_/A1                              0.750000    1.568134   -0.818134 (VIOLATED)
_12928_/A1                              0.750000    1.568099   -0.818099 (VIOLATED)
_13051_/A1                              0.750000    1.568066   -0.818066 (VIOLATED)
_13064_/A1                              0.750000    1.568065   -0.818065 (VIOLATED)
_12984_/A1                              0.750000    1.568052   -0.818052 (VIOLATED)
_13106_/A1                              0.750000    1.567959   -0.817959 (VIOLATED)
fanout1174/A                            0.750000    1.567908   -0.817908 (VIOLATED)
fanout1175/X                            0.750000    1.567905   -0.817905 (VIOLATED)
_11489_/A                               0.750000    1.560440   -0.810440 (VIOLATED)
_09851_/A                               0.750000    1.560434   -0.810434 (VIOLATED)
_10086_/A                               0.750000    1.560400   -0.810401 (VIOLATED)
_10085_/A                               0.750000    1.560393   -0.810393 (VIOLATED)
fanout1900/A                            0.750000    1.560394   -0.810394 (VIOLATED)
_12344_/A1                              0.750000    1.560295   -0.810295 (VIOLATED)
_18428_/A1                              0.750000    1.560295   -0.810295 (VIOLATED)
_18432_/A                               0.750000    1.560295   -0.810295 (VIOLATED)
_18451_/A                               0.750000    1.560295   -0.810295 (VIOLATED)
fanout1901/X                            0.750000    1.560295   -0.810295 (VIOLATED)
_15751_/A                               0.750000    1.550573   -0.800573 (VIOLATED)
_15375_/A                               0.750000    1.550571   -0.800571 (VIOLATED)
_15041_/A                               0.750000    1.550568   -0.800569 (VIOLATED)
_14060_/B1                              0.750000    1.550567   -0.800567 (VIOLATED)
_14357_/B                               0.750000    1.550567   -0.800567 (VIOLATED)
_14359_/B                               0.750000    1.550567   -0.800567 (VIOLATED)
_14361_/A2                              0.750000    1.550567   -0.800567 (VIOLATED)
_14568_/B                               0.750000    1.550567   -0.800567 (VIOLATED)
_14688_/A2                              0.750000    1.550567   -0.800567 (VIOLATED)
_14690_/B                               0.750000    1.550567   -0.800567 (VIOLATED)
fanout1230/X                            0.750000    1.550567   -0.800567 (VIOLATED)
_09991_/A                               0.750000    1.534627   -0.784627 (VIOLATED)
_09970_/B                               0.750000    1.534626   -0.784626 (VIOLATED)
_12136_/B                               0.750000    1.534575   -0.784576 (VIOLATED)
_12054_/A_N                             0.750000    1.534571   -0.784571 (VIOLATED)
_12141_/A                               0.750000    1.534565   -0.784565 (VIOLATED)
_12144_/A                               0.750000    1.534563   -0.784563 (VIOLATED)
_12053_/A_N                             0.750000    1.534559   -0.784559 (VIOLATED)
_12111_/A_N                             0.750000    1.534559   -0.784559 (VIOLATED)
_12120_/B                               0.750000    1.534559   -0.784559 (VIOLATED)
_19666_/A1                              0.750000    1.534559   -0.784559 (VIOLATED)
fanout1926/X                            0.750000    1.534559   -0.784559 (VIOLATED)
_13135_/A2                              0.750000    1.500917   -0.750917 (VIOLATED)
_13136_/A2                              0.750000    1.500918   -0.750918 (VIOLATED)
_13134_/A2                              0.750000    1.500909   -0.750909 (VIOLATED)
_13133_/A2                              0.750000    1.500902   -0.750902 (VIOLATED)
_13131_/A2                              0.750000    1.500896   -0.750896 (VIOLATED)
_13130_/A2                              0.750000    1.500894   -0.750894 (VIOLATED)
_13129_/A2                              0.750000    1.500882   -0.750882 (VIOLATED)
_13132_/A2                              0.750000    1.500863   -0.750863 (VIOLATED)
_13127_/B1                              0.750000    1.500483   -0.750483 (VIOLATED)
fanout427/A                             0.750000    1.500483   -0.750483 (VIOLATED)
fanout428/X                             0.750000    1.500483   -0.750483 (VIOLATED)
_12270_/C1                              0.750000    1.495653   -0.745653 (VIOLATED)
_09927_/B                               0.750000    1.495651   -0.745651 (VIOLATED)
_12090_/B                               0.750000    1.495643   -0.745643 (VIOLATED)
_12178_/C_N                             0.750000    1.495605   -0.745605 (VIOLATED)
_12004_/A                               0.750000    1.495574   -0.745574 (VIOLATED)
_12181_/A                               0.750000    1.495551   -0.745552 (VIOLATED)
fanout1870/A                            0.750000    1.495443   -0.745443 (VIOLATED)
fanout1871/X                            0.750000    1.495439   -0.745439 (VIOLATED)
_13125_/A3                              0.750000    1.488441   -0.738441 (VIOLATED)
_18101_/A1                              0.750000    1.488441   -0.738441 (VIOLATED)
_18424_/A1                              0.750000    1.488440   -0.738440 (VIOLATED)
_13152_/A1                              0.750000    1.488437   -0.738437 (VIOLATED)
_17932_/A0                              0.750000    1.488429   -0.738429 (VIOLATED)
_18003_/B                               0.750000    1.488413   -0.738413 (VIOLATED)
_17490_/A1                              0.750000    1.488410   -0.738410 (VIOLATED)
_17965_/A0                              0.750000    1.488410   -0.738410 (VIOLATED)
_18000_/A2                              0.750000    1.488410   -0.738410 (VIOLATED)
_18154_/A0                              0.750000    1.488410   -0.738410 (VIOLATED)
fanout924/X                             0.750000    1.488410   -0.738410 (VIOLATED)
_17502_/A1                              0.750000    1.487379   -0.737379 (VIOLATED)
_17375_/A1                              0.750000    1.487373   -0.737374 (VIOLATED)
_18124_/A0                              0.750000    1.487356   -0.737356 (VIOLATED)
_17977_/A                               0.750000    1.487354   -0.737354 (VIOLATED)
_17980_/A1                              0.750000    1.487354   -0.737354 (VIOLATED)
_17978_/A                               0.750000    1.487353   -0.737353 (VIOLATED)
_12713_/B                               0.750000    1.487352   -0.737352 (VIOLATED)
_17902_/A0                              0.750000    1.487352   -0.737352 (VIOLATED)
_17935_/A0                              0.750000    1.487352   -0.737352 (VIOLATED)
_18232_/A1                              0.750000    1.487352   -0.737352 (VIOLATED)
fanout1028/X                            0.750000    1.487352   -0.737352 (VIOLATED)
_17466_/A1                              0.750000    1.479067   -0.729067 (VIOLATED)
_17728_/B2                              0.750000    1.479066   -0.729066 (VIOLATED)
_17592_/A1                              0.750000    1.479046   -0.729046 (VIOLATED)
_13041_/A3                              0.750000    1.478548   -0.728548 (VIOLATED)
_13146_/A1                              0.750000    1.478548   -0.728548 (VIOLATED)
_17926_/A0                              0.750000    1.478548   -0.728548 (VIOLATED)
_17959_/A0                              0.750000    1.478548   -0.728548 (VIOLATED)
_18083_/A1                              0.750000    1.478548   -0.728548 (VIOLATED)
_18148_/A0                              0.750000    1.478548   -0.728548 (VIOLATED)
_18390_/A1                              0.750000    1.478548   -0.728548 (VIOLATED)
fanout929/X                             0.750000    1.478548   -0.728548 (VIOLATED)
_12828_/B1                              0.750000    1.477610   -0.727610 (VIOLATED)
_12817_/B1                              0.750000    1.477608   -0.727608 (VIOLATED)
_12856_/A2                              0.750000    1.477604   -0.727604 (VIOLATED)
_12993_/A2                              0.750000    1.477601   -0.727601 (VIOLATED)
_13248_/A2                              0.750000    1.477589   -0.727589 (VIOLATED)
_18221_/A1                              0.750000    1.477585   -0.727585 (VIOLATED)
_18222_/A1                              0.750000    1.477584   -0.727584 (VIOLATED)
_12148_/A                               0.750000    1.477575   -0.727575 (VIOLATED)
_12709_/A2                              0.750000    1.477575   -0.727575 (VIOLATED)
_12738_/A2                              0.750000    1.477575   -0.727575 (VIOLATED)
fanout1344/X                            0.750000    1.477575   -0.727575 (VIOLATED)
_16187_/A                               0.750000    1.472632   -0.722632 (VIOLATED)
_16008_/B                               0.750000    1.472629   -0.722629 (VIOLATED)
_15924_/B                               0.750000    1.472614   -0.722614 (VIOLATED)
_15843_/B                               0.750000    1.472580   -0.722580 (VIOLATED)
_15749_/B                               0.750000    1.472575   -0.722575 (VIOLATED)
_15663_/B                               0.750000    1.472544   -0.722544 (VIOLATED)
_15748_/A2                              0.750000    1.472520   -0.722520 (VIOLATED)
_15471_/B                               0.750000    1.472495   -0.722495 (VIOLATED)
_15569_/B                               0.750000    1.472477   -0.722477 (VIOLATED)
_14601_/B                               0.750000    1.472333   -0.722333 (VIOLATED)
fanout1153/X                            0.750000    1.472333   -0.722333 (VIOLATED)
_12817_/A2                              0.750000    1.456477   -0.706477 (VIOLATED)
_12829_/A2                              0.750000    1.456477   -0.706477 (VIOLATED)
_12866_/B                               0.750000    1.456477   -0.706477 (VIOLATED)
_12857_/A2                              0.750000    1.456476   -0.706476 (VIOLATED)
_12841_/A2                              0.750000    1.456473   -0.706473 (VIOLATED)
_12896_/A2                              0.750000    1.456473   -0.706473 (VIOLATED)
_12906_/B                               0.750000    1.456473   -0.706473 (VIOLATED)
_12953_/A2                              0.750000    1.456473   -0.706473 (VIOLATED)
_12967_/A2                              0.750000    1.456473   -0.706473 (VIOLATED)
_12997_/A2                              0.750000    1.456473   -0.706473 (VIOLATED)
fanout1347/X                            0.750000    1.456473   -0.706473 (VIOLATED)
_15569_/A                               0.750000    1.454371   -0.704371 (VIOLATED)
_15665_/A                               0.750000    1.454367   -0.704367 (VIOLATED)
_15664_/B2                              0.750000    1.454365   -0.704365 (VIOLATED)
_15374_/A1                              0.750000    1.454351   -0.704351 (VIOLATED)
_15268_/A                               0.750000    1.454341   -0.704341 (VIOLATED)
_15043_/A1                              0.750000    1.454336   -0.704336 (VIOLATED)
_15040_/A                               0.750000    1.454333   -0.704333 (VIOLATED)
_14817_/A2                              0.750000    1.454220   -0.704220 (VIOLATED)
_14058_/B                               0.750000    1.454038   -0.704038 (VIOLATED)
_14059_/D                               0.750000    1.453628   -0.703628 (VIOLATED)
fanout1229/X                            0.750000    1.453628   -0.703628 (VIOLATED)
_18035_/A1                              0.750000    1.427850   -0.677850 (VIOLATED)
_12825_/A3                              0.750000    1.427846   -0.677846 (VIOLATED)
_18291_/A1                              0.750000    1.427841   -0.677841 (VIOLATED)
_13130_/A1                              0.750000    1.427832   -0.677832 (VIOLATED)
_17943_/A0                              0.750000    1.427812   -0.677812 (VIOLATED)
_18132_/A0                              0.750000    1.427799   -0.677799 (VIOLATED)
_17910_/A0                              0.750000    1.427779   -0.677779 (VIOLATED)
_17660_/A1                              0.750000    1.427394   -0.677394 (VIOLATED)
_17406_/A1                              0.750000    1.427370   -0.677370 (VIOLATED)
_17534_/A1                              0.750000    1.427360   -0.677360 (VIOLATED)
fanout942/X                             0.750000    1.427360   -0.677360 (VIOLATED)
_17429_/A1                              0.750000    1.411183   -0.661183 (VIOLATED)
_17556_/A1                              0.750000    1.411179   -0.661179 (VIOLATED)
_12904_/A3                              0.750000    1.411153   -0.661153 (VIOLATED)
_18053_/A1                              0.750000    1.411153   -0.661153 (VIOLATED)
_13136_/A1                              0.750000    1.411152   -0.661152 (VIOLATED)
_13294_/A0                              0.750000    1.411152   -0.661152 (VIOLATED)
_17916_/A0                              0.750000    1.411152   -0.661152 (VIOLATED)
_17949_/A0                              0.750000    1.411152   -0.661152 (VIOLATED)
_18138_/A0                              0.750000    1.411152   -0.661152 (VIOLATED)
_18333_/A1                              0.750000    1.411152   -0.661152 (VIOLATED)
fanout937/X                             0.750000    1.411152   -0.661152 (VIOLATED)
fanout2198/A                            0.750000    1.410263   -0.660263 (VIOLATED)
fanout2196/A                            0.750000    1.410222   -0.660222 (VIOLATED)
fanout2195/A                            0.750000    1.410180   -0.660180 (VIOLATED)
fanout2193/A                            0.750000    1.410155   -0.660155 (VIOLATED)
fanout2192/A                            0.750000    1.409981   -0.659981 (VIOLATED)
fanout2199/X                            0.750000    1.409621   -0.659621 (VIOLATED)
_18262_/A2                              0.750000    1.404918   -0.654918 (VIOLATED)
_18269_/A2                              0.750000    1.404917   -0.654917 (VIOLATED)
_18248_/A2                              0.750000    1.404904   -0.654904 (VIOLATED)
_18233_/A2                              0.750000    1.404544   -0.654544 (VIOLATED)
_18414_/A2                              0.750000    1.404539   -0.654539 (VIOLATED)
_18420_/A2                              0.750000    1.404535   -0.654535 (VIOLATED)
fanout364/A                             0.750000    1.404535   -0.654535 (VIOLATED)
fanout365/X                             0.750000    1.404535   -0.654535 (VIOLATED)
_12500_/A2                              0.750000    1.400766   -0.650766 (VIOLATED)
_12484_/A2                              0.750000    1.400765   -0.650765 (VIOLATED)
_12479_/A2                              0.750000    1.400760   -0.650760 (VIOLATED)
_12510_/A2                              0.750000    1.400701   -0.650701 (VIOLATED)
_12467_/A2                              0.750000    1.400645   -0.650645 (VIOLATED)
_12417_/B1                              0.750000    1.400533   -0.650533 (VIOLATED)
_12426_/B1                              0.750000    1.400533   -0.650533 (VIOLATED)
_12406_/B1                              0.750000    1.400519   -0.650519 (VIOLATED)
_12392_/B1                              0.750000    1.400511   -0.650511 (VIOLATED)
_12365_/B1                              0.750000    1.400507   -0.650507 (VIOLATED)
_17582_/A1                              0.750000    1.400172   -0.650172 (VIOLATED)
_17456_/A1                              0.750000    1.400169   -0.650169 (VIOLATED)
fanout1093/X                            0.750000    1.400136   -0.650136 (VIOLATED)
_17956_/A0                              0.750000    1.400040   -0.650040 (VIOLATED)
_18110_/A0                              0.750000    1.400038   -0.650038 (VIOLATED)
_17923_/A0                              0.750000    1.400020   -0.650020 (VIOLATED)
_13001_/A3                              0.750000    1.399560   -0.649561 (VIOLATED)
_13143_/A1                              0.750000    1.399560   -0.649561 (VIOLATED)
_18073_/B2                              0.750000    1.399561   -0.649561 (VIOLATED)
_18145_/A0                              0.750000    1.399560   -0.649561 (VIOLATED)
_18373_/A1                              0.750000    1.399560   -0.649561 (VIOLATED)
fanout932/X                             0.750000    1.399560   -0.649561 (VIOLATED)
_12837_/A3                              0.750000    1.396984   -0.646984 (VIOLATED)
_18037_/B2                              0.750000    1.396982   -0.646982 (VIOLATED)
_18298_/A1                              0.750000    1.396976   -0.646976 (VIOLATED)
_13131_/A1                              0.750000    1.396973   -0.646973 (VIOLATED)
_18133_/A0                              0.750000    1.396963   -0.646963 (VIOLATED)
_17911_/A0                              0.750000    1.396960   -0.646960 (VIOLATED)
_17944_/A0                              0.750000    1.396960   -0.646960 (VIOLATED)
_17664_/B1                              0.750000    1.396722   -0.646722 (VIOLATED)
_17410_/A1                              0.750000    1.396717   -0.646717 (VIOLATED)
_17538_/A1                              0.750000    1.396713   -0.646713 (VIOLATED)
fanout941/X                             0.750000    1.396713   -0.646713 (VIOLATED)
_18117_/S                               0.750000    1.395469   -0.645469 (VIOLATED)
_18116_/S                               0.750000    1.395463   -0.645463 (VIOLATED)
_18115_/S                               0.750000    1.395456   -0.645456 (VIOLATED)
_18104_/S                               0.750000    1.395408   -0.645408 (VIOLATED)
fanout380/A                             0.750000    1.395396   -0.645396 (VIOLATED)
_18110_/S                               0.750000    1.395365   -0.645365 (VIOLATED)
_18119_/S                               0.750000    1.395321   -0.645321 (VIOLATED)
_18120_/S                               0.750000    1.395321   -0.645321 (VIOLATED)
_18121_/S                               0.750000    1.395321   -0.645321 (VIOLATED)
fanout381/X                             0.750000    1.395318   -0.645318 (VIOLATED)
_11672_/A1                              0.750000    1.394225   -0.644225 (VIOLATED)
_11730_/A1                              0.750000    1.394226   -0.644226 (VIOLATED)
_11558_/A1                              0.750000    1.394203   -0.644203 (VIOLATED)
_11854_/A1                              0.750000    1.394197   -0.644197 (VIOLATED)
_10801_/A1                              0.750000    1.394195   -0.644195 (VIOLATED)
_10740_/A2                              0.750000    1.394192   -0.644192 (VIOLATED)
_10684_/A1                              0.750000    1.394189   -0.644189 (VIOLATED)
_11972_/A1                              0.750000    1.394181   -0.644181 (VIOLATED)
_10084_/A                               0.750000    1.394174   -0.644174 (VIOLATED)
_18627_/A                               0.750000    1.394174   -0.644174 (VIOLATED)
fanout1802/X                            0.750000    1.394174   -0.644174 (VIOLATED)
_13887_/A                               0.750000    1.393987   -0.643987 (VIOLATED)
_14884_/A                               0.750000    1.393986   -0.643986 (VIOLATED)
_13809_/A                               0.750000    1.393985   -0.643985 (VIOLATED)
_14639_/A1                              0.750000    1.393984   -0.643984 (VIOLATED)
_13729_/A                               0.750000    1.393964   -0.643964 (VIOLATED)
_14423_/A1                              0.750000    1.393959   -0.643959 (VIOLATED)
_14221_/A1                              0.750000    1.393941   -0.643941 (VIOLATED)
fanout1465/A                            0.750000    1.393927   -0.643927 (VIOLATED)
fanout1466/A                            0.750000    1.393924   -0.643924 (VIOLATED)
fanout1467/X                            0.750000    1.393924   -0.643924 (VIOLATED)
fanout1729/A                            0.750000    1.392668   -0.642668 (VIOLATED)
fanout1731/A                            0.750000    1.392657   -0.642657 (VIOLATED)
fanout1735/A                            0.750000    1.392620   -0.642620 (VIOLATED)
fanout1732/A                            0.750000    1.392589   -0.642589 (VIOLATED)
fanout1728/A                            0.750000    1.392584   -0.642584 (VIOLATED)
fanout1737/X                            0.750000    1.392581   -0.642581 (VIOLATED)
_10695_/B1                              0.750000    1.385422   -0.635422 (VIOLATED)
_17002_/A_N                             0.750000    1.385372   -0.635372 (VIOLATED)
fanout2303/A                            0.750000    1.385321   -0.635321 (VIOLATED)
_18280_/A0                              0.750000    1.384900   -0.634900 (VIOLATED)
_19523_/A1                              0.750000    1.384876   -0.634876 (VIOLATED)
fanout2304/X                            0.750000    1.384874   -0.634874 (VIOLATED)
_18997_/S                               0.750000    1.379987   -0.629987 (VIOLATED)
_18995_/S                               0.750000    1.379979   -0.629979 (VIOLATED)
_18989_/S                               0.750000    1.379972   -0.629972 (VIOLATED)
_18991_/S                               0.750000    1.379963   -0.629963 (VIOLATED)
_18985_/S                               0.750000    1.379952   -0.629952 (VIOLATED)
_18987_/S                               0.750000    1.379951   -0.629951 (VIOLATED)
_18971_/S                               0.750000    1.379941   -0.629941 (VIOLATED)
_18973_/S                               0.750000    1.379941   -0.629941 (VIOLATED)
_18975_/S                               0.750000    1.379941   -0.629941 (VIOLATED)
_18977_/S                               0.750000    1.379941   -0.629941 (VIOLATED)
fanout1036/X                            0.750000    1.379941   -0.629941 (VIOLATED)
_11559_/A1                              0.750000    1.379671   -0.629671 (VIOLATED)
_11853_/A                               0.750000    1.379669   -0.629669 (VIOLATED)
_10161_/A1                              0.750000    1.379663   -0.629663 (VIOLATED)
_11427_/A1                              0.750000    1.379663   -0.629663 (VIOLATED)
_11731_/A1                              0.750000    1.379663   -0.629663 (VIOLATED)
_11792_/A1                              0.750000    1.379663   -0.629663 (VIOLATED)
_11915_/A1                              0.750000    1.379663   -0.629663 (VIOLATED)
fanout1806/A                            0.750000    1.379663   -0.629663 (VIOLATED)
fanout1807/X                            0.750000    1.379663   -0.629663 (VIOLATED)
_14099_/B2                              0.750000    1.378012   -0.628012 (VIOLATED)
_14285_/A1                              0.750000    1.378011   -0.628011 (VIOLATED)
_14284_/A                               0.750000    1.378011   -0.628011 (VIOLATED)
_14389_/B2                              0.750000    1.377998   -0.627998 (VIOLATED)
_14283_/A                               0.750000    1.377989   -0.627989 (VIOLATED)
_14490_/A1                              0.750000    1.377953   -0.627953 (VIOLATED)
_14492_/A                               0.750000    1.377939   -0.627939 (VIOLATED)
_14601_/A                               0.750000    1.377917   -0.627917 (VIOLATED)
_14721_/A                               0.750000    1.377885   -0.627885 (VIOLATED)
_15053_/A2                              0.750000    1.377874   -0.627875 (VIOLATED)
_13822_/B                               0.750000    1.377873   -0.627873 (VIOLATED)
_14703_/A2                              0.750000    1.377863   -0.627863 (VIOLATED)
_14702_/A2                              0.750000    1.377860   -0.627860 (VIOLATED)
_13823_/B                               0.750000    1.377817   -0.627817 (VIOLATED)
_14366_/A2                              0.750000    1.377786   -0.627786 (VIOLATED)
_14365_/A2                              0.750000    1.377776   -0.627776 (VIOLATED)
fanout1166/A                            0.750000    1.377741   -0.627741 (VIOLATED)
fanout1167/X                            0.750000    1.377741   -0.627741 (VIOLATED)
_13992_/A2                              0.750000    1.377730   -0.627730 (VIOLATED)
_13824_/A2                              0.750000    1.377363   -0.627363 (VIOLATED)
_13825_/A2                              0.750000    1.377363   -0.627363 (VIOLATED)
fanout1241/X                            0.750000    1.377363   -0.627363 (VIOLATED)
_18091_/B1                              0.750000    1.370480   -0.620480 (VIOLATED)
_18085_/B1                              0.750000    1.370479   -0.620479 (VIOLATED)
_18070_/B1                              0.750000    1.370476   -0.620476 (VIOLATED)
fanout1143/A                            0.750000    1.370428   -0.620428 (VIOLATED)
_17986_/B1                              0.750000    1.370391   -0.620391 (VIOLATED)
_17991_/B1                              0.750000    1.370390   -0.620390 (VIOLATED)
fanout1142/A                            0.750000    1.370373   -0.620373 (VIOLATED)
_18208_/B1                              0.750000    1.370371   -0.620371 (VIOLATED)
_18213_/B1                              0.750000    1.370371   -0.620371 (VIOLATED)
fanout1144/X                            0.750000    1.370369   -0.620369 (VIOLATED)
_15053_/A1                              0.750000    1.368086   -0.618086 (VIOLATED)
_13822_/A                               0.750000    1.368084   -0.618084 (VIOLATED)
_14703_/A1                              0.750000    1.368078   -0.618078 (VIOLATED)
_14702_/A1                              0.750000    1.368077   -0.618077 (VIOLATED)
_13823_/A                               0.750000    1.368043   -0.618043 (VIOLATED)
_14365_/A1                              0.750000    1.368023   -0.618023 (VIOLATED)
_14366_/A1                              0.750000    1.368018   -0.618018 (VIOLATED)
_13992_/A1                              0.750000    1.367988   -0.617988 (VIOLATED)
_13824_/A1                              0.750000    1.367632   -0.617632 (VIOLATED)
_13825_/A1                              0.750000    1.367632   -0.617632 (VIOLATED)
fanout1242/X                            0.750000    1.367632   -0.617632 (VIOLATED)
_12842_/B1                              0.750000    1.365831   -0.615831 (VIOLATED)
_12869_/B2                              0.750000    1.365825   -0.615825 (VIOLATED)
_12896_/B1                              0.750000    1.365822   -0.615822 (VIOLATED)
_13052_/A1                              0.750000    1.365814   -0.615815 (VIOLATED)
_13060_/B1                              0.750000    1.365814   -0.615814 (VIOLATED)
_12979_/B2                              0.750000    1.365806   -0.615806 (VIOLATED)
_13117_/B2                              0.750000    1.365793   -0.615793 (VIOLATED)
_12923_/B2                              0.750000    1.365787   -0.615787 (VIOLATED)
fanout1286/A                            0.750000    1.365725   -0.615725 (VIOLATED)
fanout1287/X                            0.750000    1.365725   -0.615725 (VIOLATED)
_18046_/A2                              0.750000    1.364121   -0.614121 (VIOLATED)
fanout989/A                             0.750000    1.364070   -0.614070 (VIOLATED)
_18013_/A2                              0.750000    1.364061   -0.614061 (VIOLATED)
_17971_/B1                              0.750000    1.364056   -0.614056 (VIOLATED)
_18200_/B                               0.750000    1.364056   -0.614056 (VIOLATED)
_18208_/A2                              0.750000    1.364056   -0.614056 (VIOLATED)
_18213_/A2                              0.750000    1.364056   -0.614056 (VIOLATED)
_18216_/A2                              0.750000    1.364056   -0.614056 (VIOLATED)
fanout990/X                             0.750000    1.364056   -0.614056 (VIOLATED)
fanout1804/A                            0.750000    1.358462   -0.608462 (VIOLATED)
fanout1803/A                            0.750000    1.358458   -0.608458 (VIOLATED)
_10160_/A1                              0.750000    1.358454   -0.608454 (VIOLATED)
_10275_/A1                              0.750000    1.358447   -0.608447 (VIOLATED)
_10392_/A1                              0.750000    1.358443   -0.608443 (VIOLATED)
_10340_/A1                              0.750000    1.358437   -0.608437 (VIOLATED)
_10875_/A1                              0.750000    1.358434   -0.608434 (VIOLATED)
_10622_/A1                              0.750000    1.358433   -0.608433 (VIOLATED)
_10925_/A1                              0.750000    1.358433   -0.608433 (VIOLATED)
fanout1805/X                            0.750000    1.358433   -0.608433 (VIOLATED)
_19362_/A1                              0.750000    1.350539   -0.600539 (VIOLATED)
_19589_/A                               0.750000    1.350534   -0.600534 (VIOLATED)
_19369_/S                               0.750000    1.350532   -0.600532 (VIOLATED)
_19370_/S                               0.750000    1.350530   -0.600530 (VIOLATED)
_19603_/A1                              0.750000    1.350525   -0.600525 (VIOLATED)
_19606_/S                               0.750000    1.350504   -0.600504 (VIOLATED)
_19595_/S                               0.750000    1.350499   -0.600499 (VIOLATED)
_19692_/S                               0.750000    1.350330   -0.600330 (VIOLATED)
_19700_/S                               0.750000    1.350312   -0.600312 (VIOLATED)
fanout1859/A                            0.750000    1.350310   -0.600311 (VIOLATED)
fanout1860/X                            0.750000    1.350308   -0.600308 (VIOLATED)
_17702_/B2                              0.750000    1.342479   -0.592480 (VIOLATED)
_17444_/A1                              0.750000    1.342478   -0.592478 (VIOLATED)
_17835_/A1                              0.750000    1.342477   -0.592477 (VIOLATED)
_17571_/A1                              0.750000    1.342472   -0.592472 (VIOLATED)
_17920_/A0                              0.750000    1.342453   -0.592453 (VIOLATED)
_17953_/A0                              0.750000    1.342452   -0.592452 (VIOLATED)
_12960_/A3                              0.750000    1.341963   -0.591963 (VIOLATED)
_13140_/A1                              0.750000    1.341963   -0.591963 (VIOLATED)
_18065_/A1                              0.750000    1.341963   -0.591963 (VIOLATED)
_18356_/A1                              0.750000    1.341963   -0.591963 (VIOLATED)
fanout934/X                             0.750000    1.341963   -0.591963 (VIOLATED)
_10392_/C1                              0.750000    1.339431   -0.589431 (VIOLATED)
_10340_/C1                              0.750000    1.339426   -0.589426 (VIOLATED)
_10925_/C1                              0.750000    1.339421   -0.589421 (VIOLATED)
_10875_/C1                              0.750000    1.339398   -0.589398 (VIOLATED)
fanout1477/A                            0.750000    1.339388   -0.589388 (VIOLATED)
_10505_/A1                              0.750000    1.339379   -0.589379 (VIOLATED)
_11914_/C1                              0.750000    1.339324   -0.589324 (VIOLATED)
fanout1475/A                            0.750000    1.339323   -0.589323 (VIOLATED)
fanout1474/A                            0.750000    1.339317   -0.589317 (VIOLATED)
fanout1478/X                            0.750000    1.339317   -0.589317 (VIOLATED)
_18052_/B1                              0.750000    1.337552   -0.587552 (VIOLATED)
_18100_/B1                              0.750000    1.337548   -0.587548 (VIOLATED)
_18094_/B1                              0.750000    1.337537   -0.587537 (VIOLATED)
_18064_/B1                              0.750000    1.337531   -0.587531 (VIOLATED)
_18082_/B1                              0.750000    1.337496   -0.587496 (VIOLATED)
_18076_/B1                              0.750000    1.337452   -0.587452 (VIOLATED)
_18067_/B1                              0.750000    1.337430   -0.587430 (VIOLATED)
_18004_/A2                              0.750000    1.337407   -0.587407 (VIOLATED)
_18008_/A2                              0.750000    1.337407   -0.587407 (VIOLATED)
_18055_/B1                              0.750000    1.337407   -0.587407 (VIOLATED)
fanout1143/X                            0.750000    1.337407   -0.587407 (VIOLATED)
_17463_/A1                              0.750000    1.333221   -0.583221 (VIOLATED)
_17724_/B1                              0.750000    1.332854   -0.582854 (VIOLATED)
_17588_/A1                              0.750000    1.332846   -0.582846 (VIOLATED)
_17853_/A1                              0.750000    1.332844   -0.582844 (VIOLATED)
_17925_/A0                              0.750000    1.332819   -0.582819 (VIOLATED)
_13028_/A3                              0.750000    1.332810   -0.582810 (VIOLATED)
_13145_/A1                              0.750000    1.332810   -0.582810 (VIOLATED)
_18079_/B2                              0.750000    1.332810   -0.582810 (VIOLATED)
_18147_/A0                              0.750000    1.332810   -0.582810 (VIOLATED)
_18385_/A1                              0.750000    1.332810   -0.582810 (VIOLATED)
fanout930/X                             0.750000    1.332810   -0.582810 (VIOLATED)
_17421_/A1                              0.750000    1.331225   -0.581225 (VIOLATED)
_17549_/A1                              0.750000    1.331220   -0.581220 (VIOLATED)
_12878_/A3                              0.750000    1.331155   -0.581155 (VIOLATED)
_18047_/A1                              0.750000    1.331155   -0.581155 (VIOLATED)
_13134_/A1                              0.750000    1.331154   -0.581154 (VIOLATED)
_13293_/A0                              0.750000    1.331154   -0.581154 (VIOLATED)
_17914_/A0                              0.750000    1.331154   -0.581154 (VIOLATED)
_17947_/A0                              0.750000    1.331154   -0.581154 (VIOLATED)
_18136_/A0                              0.750000    1.331154   -0.581154 (VIOLATED)
_18318_/A1                              0.750000    1.331155   -0.581155 (VIOLATED)
fanout939/X                             0.750000    1.331154   -0.581154 (VIOLATED)
_14683_/A                               0.750000    1.327162   -0.577162 (VIOLATED)
_15246_/A1                              0.750000    1.327161   -0.577161 (VIOLATED)
_15022_/A                               0.750000    1.327161   -0.577161 (VIOLATED)
_13599_/C                               0.750000    1.327155   -0.577155 (VIOLATED)
_13600_/A2                              0.750000    1.327155   -0.577155 (VIOLATED)
_13598_/B                               0.750000    1.327134   -0.577134 (VIOLATED)
_13649_/A2                              0.750000    1.327134   -0.577134 (VIOLATED)
_13921_/A                               0.750000    1.327130   -0.577130 (VIOLATED)
_13992_/B1                              0.750000    1.327129   -0.577129 (VIOLATED)
_13840_/A                               0.750000    1.327125   -0.577125 (VIOLATED)
fanout1254/X                            0.750000    1.327125   -0.577125 (VIOLATED)
_18049_/B1                              0.750000    1.326785   -0.576785 (VIOLATED)
_18053_/A2                              0.750000    1.326785   -0.576785 (VIOLATED)
_18101_/A2                              0.750000    1.326777   -0.576778 (VIOLATED)
_18095_/A2                              0.750000    1.326764   -0.576764 (VIOLATED)
_18065_/A2                              0.750000    1.326740   -0.576740 (VIOLATED)
_18083_/A2                              0.750000    1.326712   -0.576712 (VIOLATED)
_18079_/B1                              0.750000    1.326693   -0.576693 (VIOLATED)
_18073_/B1                              0.750000    1.326633   -0.576634 (VIOLATED)
_18097_/B1                              0.750000    1.326598   -0.576598 (VIOLATED)
fanout737/A                             0.750000    1.326596   -0.576596 (VIOLATED)
fanout738/X                             0.750000    1.326596   -0.576596 (VIOLATED)
_12724_/A2                              0.750000    1.324708   -0.574709 (VIOLATED)
_12763_/B1                              0.750000    1.324708   -0.574709 (VIOLATED)
_12804_/B1                              0.750000    1.324709   -0.574709 (VIOLATED)
_12844_/B1                              0.750000    1.324708   -0.574709 (VIOLATED)
_12869_/A2                              0.750000    1.324708   -0.574709 (VIOLATED)
_12882_/B1                              0.750000    1.324708   -0.574709 (VIOLATED)
_12895_/B1                              0.750000    1.324708   -0.574709 (VIOLATED)
_12912_/A2                              0.750000    1.324708   -0.574709 (VIOLATED)
_12968_/B1                              0.750000    1.324708   -0.574709 (VIOLATED)
_13007_/A2                              0.750000    1.324708   -0.574709 (VIOLATED)
fanout1282/X                            0.750000    1.324708   -0.574709 (VIOLATED)
_11972_/A2                              0.750000    1.323638   -0.573638 (VIOLATED)
_11979_/A1                              0.750000    1.323638   -0.573638 (VIOLATED)
_16345_/B                               0.750000    1.323622   -0.573622 (VIOLATED)
_14668_/A1                              0.750000    1.323613   -0.573613 (VIOLATED)
_14669_/A1                              0.750000    1.323611   -0.573611 (VIOLATED)
_16306_/A2                              0.750000    1.323609   -0.573609 (VIOLATED)
_16310_/B                               0.750000    1.323609   -0.573609 (VIOLATED)
_18873_/A1                              0.750000    1.323609   -0.573609 (VIOLATED)
_18878_/A1                              0.750000    1.323609   -0.573609 (VIOLATED)
_18879_/B                               0.750000    1.323609   -0.573609 (VIOLATED)
fanout2315/X                            0.750000    1.323609   -0.573609 (VIOLATED)
_13145_/A2                              0.750000    1.323224   -0.573224 (VIOLATED)
_13146_/A2                              0.750000    1.323220   -0.573220 (VIOLATED)
_13140_/A2                              0.750000    1.323212   -0.573212 (VIOLATED)
_13150_/A2                              0.750000    1.323195   -0.573195 (VIOLATED)
_13152_/A2                              0.750000    1.323176   -0.573176 (VIOLATED)
_13143_/A2                              0.750000    1.323132   -0.573132 (VIOLATED)
_13137_/A2                              0.750000    1.323112   -0.573113 (VIOLATED)
_13141_/A2                              0.750000    1.323109   -0.573109 (VIOLATED)
_13138_/A2                              0.750000    1.323050   -0.573050 (VIOLATED)
_13139_/A2                              0.750000    1.322705   -0.572705 (VIOLATED)
fanout426/X                             0.750000    1.322705   -0.572705 (VIOLATED)
_19081_/A1                              0.750000    1.320964   -0.570964 (VIOLATED)
_19062_/B1                              0.750000    1.320948   -0.570948 (VIOLATED)
_19068_/A1                              0.750000    1.320948   -0.570948 (VIOLATED)
_12306_/A2                              0.750000    1.320875   -0.570875 (VIOLATED)
_12569_/A2                              0.750000    1.320493   -0.570493 (VIOLATED)
_12099_/A1                              0.750000    1.320490   -0.570490 (VIOLATED)
_12300_/A                               0.750000    1.320486   -0.570486 (VIOLATED)
_12303_/A                               0.750000    1.320486   -0.570486 (VIOLATED)
_12307_/A                               0.750000    1.320486   -0.570486 (VIOLATED)
_12308_/A                               0.750000    1.320486   -0.570486 (VIOLATED)
fanout881/X                             0.750000    1.320486   -0.570486 (VIOLATED)
_17478_/A1                              0.750000    1.315290   -0.565290 (VIOLATED)
_17605_/B1                              0.750000    1.315262   -0.565262 (VIOLATED)
_17962_/A0                              0.750000    1.314777   -0.564778 (VIOLATED)
_17929_/A0                              0.750000    1.314772   -0.564772 (VIOLATED)
_18116_/A0                              0.750000    1.314744   -0.564744 (VIOLATED)
_18151_/A0                              0.750000    1.314723   -0.564723 (VIOLATED)
_13081_/A3                              0.750000    1.314714   -0.564714 (VIOLATED)
_13149_/A1                              0.750000    1.314714   -0.564714 (VIOLATED)
_18092_/A1                              0.750000    1.314714   -0.564714 (VIOLATED)
_18407_/A1                              0.750000    1.314714   -0.564714 (VIOLATED)
fanout927/X                             0.750000    1.314714   -0.564714 (VIOLATED)
_17425_/A1                              0.750000    1.311934   -0.561934 (VIOLATED)
_17681_/A1                              0.750000    1.311929   -0.561929 (VIOLATED)
_17552_/A1                              0.750000    1.311923   -0.561923 (VIOLATED)
_17816_/A1                              0.750000    1.311908   -0.561908 (VIOLATED)
_17915_/A0                              0.750000    1.311900   -0.561900 (VIOLATED)
_17948_/A0                              0.750000    1.311500   -0.561500 (VIOLATED)
_12891_/A3                              0.750000    1.311444   -0.561444 (VIOLATED)
_13135_/A1                              0.750000    1.311444   -0.561444 (VIOLATED)
_18049_/B2                              0.750000    1.311444   -0.561444 (VIOLATED)
_18326_/A1                              0.750000    1.311444   -0.561444 (VIOLATED)
fanout938/X                             0.750000    1.311444   -0.561444 (VIOLATED)
_12118_/B                               0.750000    1.311243   -0.561243 (VIOLATED)
_12149_/A_N                             0.750000    1.311242   -0.561242 (VIOLATED)
_12135_/A                               0.750000    1.311241   -0.561241 (VIOLATED)
_12128_/B                               0.750000    1.311226   -0.561226 (VIOLATED)
_12138_/B                               0.750000    1.311208   -0.561208 (VIOLATED)
_12047_/A                               0.750000    1.311182   -0.561183 (VIOLATED)
_12008_/A                               0.750000    1.311170   -0.561170 (VIOLATED)
_11985_/B                               0.750000    1.311165   -0.561165 (VIOLATED)
_09973_/A                               0.750000    1.310943   -0.560943 (VIOLATED)
_09979_/A                               0.750000    1.310939   -0.560939 (VIOLATED)
fanout1703/X                            0.750000    1.310939   -0.560939 (VIOLATED)
_10160_/C1                              0.750000    1.305662   -0.555662 (VIOLATED)
_10275_/C1                              0.750000    1.305657   -0.555657 (VIOLATED)
_10622_/C1                              0.750000    1.305636   -0.555636 (VIOLATED)
_10801_/C1                              0.750000    1.305629   -0.555629 (VIOLATED)
_10740_/C1                              0.750000    1.305618   -0.555618 (VIOLATED)
_11560_/A1                              0.750000    1.305616   -0.555616 (VIOLATED)
_10684_/C1                              0.750000    1.305614   -0.555614 (VIOLATED)
_11558_/C1                              0.750000    1.305615   -0.555615 (VIOLATED)
_11854_/C1                              0.750000    1.305614   -0.555614 (VIOLATED)
_11972_/C1                              0.750000    1.305614   -0.555614 (VIOLATED)
fanout1474/X                            0.750000    1.305614   -0.555614 (VIOLATED)
_15505_/C1                              0.750000    1.299971   -0.549971 (VIOLATED)
_15601_/B1                              0.750000    1.299970   -0.549970 (VIOLATED)
_16075_/C1                              0.750000    1.299969   -0.549969 (VIOLATED)
_16164_/B1                              0.750000    1.299967   -0.549967 (VIOLATED)
_15890_/B1                              0.750000    1.299965   -0.549965 (VIOLATED)
_15700_/B1                              0.750000    1.299962   -0.549962 (VIOLATED)
_16343_/B1                              0.750000    1.299948   -0.549948 (VIOLATED)
fanout1323/A                            0.750000    1.299936   -0.549936 (VIOLATED)
_14873_/B1                              0.750000    1.299930   -0.549930 (VIOLATED)
fanout1324/A                            0.750000    1.299930   -0.549930 (VIOLATED)
fanout1325/X                            0.750000    1.299930   -0.549930 (VIOLATED)
_16969_/B_N                             0.750000    1.295249   -0.545249 (VIOLATED)
_17002_/B                               0.750000    1.295247   -0.545247 (VIOLATED)
fanout2305/A                            0.750000    1.295229   -0.545229 (VIOLATED)
_16698_/B                               0.750000    1.295214   -0.545214 (VIOLATED)
_18272_/A0                              0.750000    1.294879   -0.544879 (VIOLATED)
_19516_/A1                              0.750000    1.294866   -0.544866 (VIOLATED)
fanout2306/X                            0.750000    1.294866   -0.544866 (VIOLATED)
_12904_/A2                              0.750000    1.289337   -0.539337 (VIOLATED)
_12891_/A2                              0.750000    1.289333   -0.539333 (VIOLATED)
_13125_/A2                              0.750000    1.289321   -0.539321 (VIOLATED)
_13095_/A2                              0.750000    1.289312   -0.539312 (VIOLATED)
_12960_/A2                              0.750000    1.289301   -0.539301 (VIOLATED)
_13041_/A2                              0.750000    1.289270   -0.539270 (VIOLATED)
_13028_/A2                              0.750000    1.289221   -0.539221 (VIOLATED)
_13111_/A2                              0.750000    1.289151   -0.539151 (VIOLATED)
fanout430/A                             0.750000    1.289142   -0.539142 (VIOLATED)
fanout431/X                             0.750000    1.289142   -0.539142 (VIOLATED)
_18450_/A                               0.750000    1.288409   -0.538409 (VIOLATED)
_10339_/A                               0.750000    1.288386   -0.538386 (VIOLATED)
_10802_/A1                              0.750000    1.288374   -0.538374 (VIOLATED)
_11973_/A1                              0.750000    1.288014   -0.538014 (VIOLATED)
_10741_/A1                              0.750000    1.288004   -0.538004 (VIOLATED)
fanout1807/A                            0.750000    1.287961   -0.537961 (VIOLATED)
fanout1808/X                            0.750000    1.287961   -0.537961 (VIOLATED)
_18081_/A2                              0.750000    1.287745   -0.537745 (VIOLATED)
_18084_/A2                              0.750000    1.287742   -0.537742 (VIOLATED)
_18066_/A2                              0.750000    1.287741   -0.537741 (VIOLATED)
_18096_/A2                              0.750000    1.287717   -0.537717 (VIOLATED)
_18102_/A2                              0.750000    1.287681   -0.537681 (VIOLATED)
_18054_/A2                              0.750000    1.287667   -0.537667 (VIOLATED)
_18051_/A2                              0.750000    1.287657   -0.537657 (VIOLATED)
_18075_/A2                              0.750000    1.287600   -0.537600 (VIOLATED)
_18057_/A2                              0.750000    1.287244   -0.537244 (VIOLATED)
_18060_/A2                              0.750000    1.287244   -0.537244 (VIOLATED)
fanout384/X                             0.750000    1.287244   -0.537244 (VIOLATED)
_15843_/A                               0.750000    1.284622   -0.534622 (VIOLATED)
_15744_/A                               0.750000    1.284621   -0.534621 (VIOLATED)
_15658_/A                               0.750000    1.284620   -0.534620 (VIOLATED)
_15563_/B                               0.750000    1.284614   -0.534614 (VIOLATED)
_15925_/B                               0.750000    1.284597   -0.534597 (VIOLATED)
_15362_/B                               0.750000    1.284595   -0.534595 (VIOLATED)
_15256_/B                               0.750000    1.284585   -0.534585 (VIOLATED)
_14336_/B                               0.750000    1.284235   -0.534235 (VIOLATED)
_14684_/B1                              0.750000    1.284235   -0.534235 (VIOLATED)
_14685_/B                               0.750000    1.284235   -0.534235 (VIOLATED)
fanout1157/X                            0.750000    1.284235   -0.534235 (VIOLATED)
_14087_/A                               0.750000    1.280252   -0.530252 (VIOLATED)
_14274_/A                               0.750000    1.280235   -0.530235 (VIOLATED)
_14479_/A                               0.750000    1.280227   -0.530227 (VIOLATED)
_14481_/A1                              0.750000    1.280227   -0.530227 (VIOLATED)
_14591_/A                               0.750000    1.280215   -0.530215 (VIOLATED)
_14712_/A                               0.750000    1.280196   -0.530196 (VIOLATED)
_14954_/A                               0.750000    1.280196   -0.530196 (VIOLATED)
_15058_/A                               0.750000    1.280196   -0.530196 (VIOLATED)
_15060_/A                               0.750000    1.280196   -0.530196 (VIOLATED)
_15176_/B2                              0.750000    1.280196   -0.530196 (VIOLATED)
fanout1249/X                            0.750000    1.280196   -0.530196 (VIOLATED)
_18516_/A1                              0.750000    1.275019   -0.525019 (VIOLATED)
ANTENNA_57/DIODE                        0.750000    1.275018   -0.525018 (VIOLATED)
_18848_/A1                              0.750000    1.274997   -0.524997 (VIOLATED)
ANTENNA_58/DIODE                        0.750000    1.274993   -0.524993 (VIOLATED)
_11735_/A2                              0.750000    1.274682   -0.524682 (VIOLATED)
_11731_/A2                              0.750000    1.274484   -0.524484 (VIOLATED)
_11729_/Y                               0.750000    1.274183   -0.524183 (VIOLATED)
_16284_/A2                              0.750000    1.273562   -0.523562 (VIOLATED)
_18921_/A2                              0.750000    1.273562   -0.523562 (VIOLATED)
_15926_/B1                              0.750000    1.273553   -0.523553 (VIOLATED)
_15845_/D                               0.750000    1.273516   -0.523516 (VIOLATED)
_15571_/C                               0.750000    1.273486   -0.523486 (VIOLATED)
_15059_/C                               0.750000    1.273421   -0.523421 (VIOLATED)
_15381_/C                               0.750000    1.273420   -0.523420 (VIOLATED)
_14848_/C                               0.750000    1.273415   -0.523415 (VIOLATED)
_14798_/B                               0.750000    1.273400   -0.523400 (VIOLATED)
_14892_/A2                              0.750000    1.273395   -0.523395 (VIOLATED)
fanout1204/X                            0.750000    1.273395   -0.523395 (VIOLATED)
_17459_/A1                              0.750000    1.271822   -0.521822 (VIOLATED)
_13014_/A3                              0.750000    1.271817   -0.521817 (VIOLATED)
_18077_/A1                              0.750000    1.271818   -0.521818 (VIOLATED)
_17584_/A1                              0.750000    1.271817   -0.521817 (VIOLATED)
_18379_/A1                              0.750000    1.271816   -0.521816 (VIOLATED)
_17924_/A0                              0.750000    1.271816   -0.521816 (VIOLATED)
_18146_/A0                              0.750000    1.271813   -0.521813 (VIOLATED)
_13144_/A1                              0.750000    1.271810   -0.521810 (VIOLATED)
_17957_/A0                              0.750000    1.271810   -0.521810 (VIOLATED)
_18111_/A0                              0.750000    1.271810   -0.521810 (VIOLATED)
fanout931/X                             0.750000    1.271810   -0.521810 (VIOLATED)
_15918_/A1                              0.750000    1.271597   -0.521597 (VIOLATED)
_16024_/A2                              0.750000    1.271596   -0.521596 (VIOLATED)
_16020_/A2                              0.750000    1.271593   -0.521593 (VIOLATED)
_15658_/B                               0.750000    1.271589   -0.521589 (VIOLATED)
_15467_/B                               0.750000    1.271577   -0.521577 (VIOLATED)
_18380_/A2                              0.750000    1.271572   -0.521572 (VIOLATED)
_18425_/A2                              0.750000    1.271568   -0.521568 (VIOLATED)
_18357_/A2                              0.750000    1.271567   -0.521567 (VIOLATED)
_15374_/B1                              0.750000    1.271550   -0.521550 (VIOLATED)
_18374_/A2                              0.750000    1.271549   -0.521549 (VIOLATED)
_15169_/B1                              0.750000    1.271513   -0.521513 (VIOLATED)
fanout362/A                             0.750000    1.271484   -0.521485 (VIOLATED)
_18226_/A2                              0.750000    1.271147   -0.521147 (VIOLATED)
_18241_/A2                              0.750000    1.271147   -0.521147 (VIOLATED)
fanout363/X                             0.750000    1.271147   -0.521147 (VIOLATED)
_14592_/B1                              0.750000    1.270998   -0.520998 (VIOLATED)
_14490_/A2                              0.750000    1.270997   -0.520997 (VIOLATED)
_14492_/C                               0.750000    1.270997   -0.520997 (VIOLATED)
fanout1215/X                            0.750000    1.270997   -0.520997 (VIOLATED)
_18274_/A1                              0.750000    1.268627   -0.518627 (VIOLATED)
_18282_/A1                              0.750000    1.268626   -0.518626 (VIOLATED)
_18294_/B1                              0.750000    1.268616   -0.518616 (VIOLATED)
_18290_/A1                              0.750000    1.268615   -0.518614 (VIOLATED)
_18301_/B1                              0.750000    1.268602   -0.518602 (VIOLATED)
_18314_/B1                              0.750000    1.268596   -0.518596 (VIOLATED)
_18325_/A1                              0.750000    1.268596   -0.518596 (VIOLATED)
_18308_/B1                              0.750000    1.268594   -0.518594 (VIOLATED)
_12182_/A                               0.750000    1.268521   -0.518521 (VIOLATED)
_12372_/B                               0.750000    1.268521   -0.518521 (VIOLATED)
fanout1589/X                            0.750000    1.268521   -0.518521 (VIOLATED)
fanout2468/A                            0.750000    1.263826   -0.513826 (VIOLATED)
fanout2439/A                            0.750000    1.263789   -0.513789 (VIOLATED)
fanout2447/A                            0.750000    1.263778   -0.513778 (VIOLATED)
fanout2401/A                            0.750000    1.263418   -0.513418 (VIOLATED)
fanout2399/A                            0.750000    1.263416   -0.513416 (VIOLATED)
fanout2398/A                            0.750000    1.263415   -0.513415 (VIOLATED)
fanout2403/A                            0.750000    1.263415   -0.513415 (VIOLATED)
fanout2469/X                            0.750000    1.263415   -0.513415 (VIOLATED)
_17470_/A1                              0.750000    1.261876   -0.511876 (VIOLATED)
_17598_/A1                              0.750000    1.261867   -0.511867 (VIOLATED)
_13055_/A3                              0.750000    1.261852   -0.511852 (VIOLATED)
_13147_/A1                              0.750000    1.261852   -0.511852 (VIOLATED)
_18086_/A1                              0.750000    1.261852   -0.511852 (VIOLATED)
_18396_/A1                              0.750000    1.261851   -0.511851 (VIOLATED)
_18149_/A0                              0.750000    1.261850   -0.511850 (VIOLATED)
_17927_/A0                              0.750000    1.261849   -0.511849 (VIOLATED)
_17960_/A0                              0.750000    1.261849   -0.511849 (VIOLATED)
_18114_/A0                              0.750000    1.261848   -0.511848 (VIOLATED)
fanout1021/X                            0.750000    1.261848   -0.511848 (VIOLATED)
_12852_/S                               0.750000    1.255011   -0.505011 (VIOLATED)
_12838_/S                               0.750000    1.255006   -0.505006 (VIOLATED)
_12814_/S                               0.750000    1.255003   -0.505003 (VIOLATED)
_12826_/S                               0.750000    1.254996   -0.504996 (VIOLATED)
_12799_/S                               0.750000    1.254975   -0.504975 (VIOLATED)
_12784_/S                               0.750000    1.254950   -0.504950 (VIOLATED)
_12771_/S                               0.750000    1.254939   -0.504939 (VIOLATED)
_12757_/S                               0.750000    1.254558   -0.504558 (VIOLATED)
_12716_/S                               0.750000    1.254513   -0.504513 (VIOLATED)
_12683_/S                               0.750000    1.254511   -0.504511 (VIOLATED)
fanout1090/X                            0.750000    1.254511   -0.504511 (VIOLATED)
_15839_/B                               0.750000    1.251487   -0.501487 (VIOLATED)
_15917_/A2                              0.750000    1.251486   -0.501486 (VIOLATED)
_16003_/A2                              0.750000    1.251486   -0.501486 (VIOLATED)
_15918_/A2                              0.750000    1.251484   -0.501484 (VIOLATED)
_15552_/B                               0.750000    1.251465   -0.501465 (VIOLATED)
_15645_/D                               0.750000    1.251462   -0.501462 (VIOLATED)
_16190_/A1                              0.750000    1.251391   -0.501391 (VIOLATED)
_16284_/A1                              0.750000    1.251357   -0.501357 (VIOLATED)
_16278_/A1                              0.750000    1.251346   -0.501346 (VIOLATED)
_14664_/B                               0.750000    1.250888   -0.500888 (VIOLATED)
fanout1152/X                            0.750000    1.250888   -0.500888 (VIOLATED)
_17541_/A1                              0.750000    1.244984   -0.494984 (VIOLATED)
_17413_/A1                              0.750000    1.244981   -0.494981 (VIOLATED)
_17667_/A1                              0.750000    1.244978   -0.494978 (VIOLATED)
_18210_/A                               0.750000    1.244923   -0.494923 (VIOLATED)
_12851_/A3                              0.750000    1.244896   -0.494896 (VIOLATED)
_13132_/A1                              0.750000    1.244896   -0.494896 (VIOLATED)
_17945_/A0                              0.750000    1.244896   -0.494896 (VIOLATED)
_18040_/B2                              0.750000    1.244896   -0.494896 (VIOLATED)
_18134_/A0                              0.750000    1.244896   -0.494896 (VIOLATED)
_18305_/A1                              0.750000    1.244896   -0.494896 (VIOLATED)
fanout940/X                             0.750000    1.244896   -0.494896 (VIOLATED)
_10555_/B1                              0.750000    1.243803   -0.493803 (VIOLATED)
max_cap1601/A                           0.750000    1.243798   -0.493798 (VIOLATED)
_10923_/B2                              0.750000    1.243790   -0.493790 (VIOLATED)
_10149_/Y                               0.750000    1.243787   -0.493787 (VIOLATED)
_16018_/A1                              0.750000    1.243331   -0.493331 (VIOLATED)
_15836_/A                               0.750000    1.243329   -0.493329 (VIOLATED)
_16019_/A                               0.750000    1.243329   -0.493329 (VIOLATED)
_15743_/B                               0.750000    1.243325   -0.493325 (VIOLATED)
_15659_/B1                              0.750000    1.243312   -0.493313 (VIOLATED)
_15565_/B                               0.750000    1.243292   -0.493292 (VIOLATED)
_15375_/B                               0.750000    1.243276   -0.493276 (VIOLATED)
_15270_/B                               0.750000    1.243252   -0.493252 (VIOLATED)
_14712_/B                               0.750000    1.243175   -0.493175 (VIOLATED)
_19417_/A1                              0.750000    1.243157   -0.493157 (VIOLATED)
_19430_/B                               0.750000    1.243153   -0.493153 (VIOLATED)
_19427_/A                               0.750000    1.243151   -0.493151 (VIOLATED)
_19473_/A                               0.750000    1.243142   -0.493142 (VIOLATED)
_19416_/A                               0.750000    1.243139   -0.493139 (VIOLATED)
_19433_/A                               0.750000    1.243139   -0.493139 (VIOLATED)
_19474_/A                               0.750000    1.243139   -0.493139 (VIOLATED)
_19541_/A1                              0.750000    1.243139   -0.493139 (VIOLATED)
_19578_/A                               0.750000    1.243139   -0.493139 (VIOLATED)
_19662_/C1                              0.750000    1.243139   -0.493139 (VIOLATED)
fanout1537/X                            0.750000    1.243139   -0.493139 (VIOLATED)
_14491_/B                               0.750000    1.242819   -0.492819 (VIOLATED)
fanout1216/X                            0.750000    1.242819   -0.492819 (VIOLATED)
_12172_/A1                              0.750000    1.242196   -0.492197 (VIOLATED)
_09877_/A                               0.750000    1.242192   -0.492192 (VIOLATED)
_12080_/B                               0.750000    1.242192   -0.492192 (VIOLATED)
_12373_/A1                              0.750000    1.242192   -0.492192 (VIOLATED)
_17893_/A                               0.750000    1.242192   -0.492192 (VIOLATED)
_18603_/A2                              0.750000    1.242192   -0.492192 (VIOLATED)
fanout2316/A                            0.750000    1.242192   -0.492192 (VIOLATED)
fanout2317/X                            0.750000    1.242192   -0.492192 (VIOLATED)
_15612_/C1                              0.750000    1.241489   -0.491489 (VIOLATED)
fanout1471/A                            0.750000    1.241458   -0.491458 (VIOLATED)
_13541_/A                               0.750000    1.241428   -0.491428 (VIOLATED)
_14041_/C1                              0.750000    1.241427   -0.491427 (VIOLATED)
_14220_/C1                              0.750000    1.241425   -0.491425 (VIOLATED)
_14128_/C1                              0.750000    1.241417   -0.491417 (VIOLATED)
fanout1469/A                            0.750000    1.241406   -0.491406 (VIOLATED)
fanout1472/X                            0.750000    1.241406   -0.491406 (VIOLATED)
_18062_/B1                              0.750000    1.240832   -0.490832 (VIOLATED)
_18071_/B1                              0.750000    1.240831   -0.490831 (VIOLATED)
_18092_/B1                              0.750000    1.240824   -0.490824 (VIOLATED)
_18086_/B1                              0.750000    1.240821   -0.490821 (VIOLATED)
_18089_/B1                              0.750000    1.240801   -0.490801 (VIOLATED)
_18077_/B1                              0.750000    1.240791   -0.490791 (VIOLATED)
_18068_/B1                              0.750000    1.240787   -0.490787 (VIOLATED)
_18056_/B1                              0.750000    1.240754   -0.490755 (VIOLATED)
_18008_/B1                              0.750000    1.240748   -0.490748 (VIOLATED)
_18059_/B1                              0.750000    1.240748   -0.490748 (VIOLATED)
fanout319/X                             0.750000    1.240748   -0.490748 (VIOLATED)
_19413_/A1                              0.750000    1.228979   -0.478979 (VIOLATED)
_19547_/A2                              0.750000    1.228970   -0.478970 (VIOLATED)
_19467_/A1                              0.750000    1.228963   -0.478963 (VIOLATED)
_19610_/B                               0.750000    1.228958   -0.478958 (VIOLATED)
ANTENNA_108/DIODE                       0.750000    1.228957   -0.478957 (VIOLATED)
_19540_/B1                              0.750000    1.228938   -0.478938 (VIOLATED)
_19543_/A1                              0.750000    1.228937   -0.478937 (VIOLATED)
_19567_/A1                              0.750000    1.228930   -0.478930 (VIOLATED)
fanout1538/A                            0.750000    1.228591   -0.478591 (VIOLATED)
fanout1539/A                            0.750000    1.228591   -0.478591 (VIOLATED)
fanout1540/X                            0.750000    1.228591   -0.478591 (VIOLATED)
_13047_/B1                              0.750000    1.226416   -0.476416 (VIOLATED)
_12981_/B1                              0.750000    1.226405   -0.476405 (VIOLATED)
_12951_/B1                              0.750000    1.226394   -0.476394 (VIOLATED)
_12965_/B1                              0.750000    1.226393   -0.476393 (VIOLATED)
_12938_/B1                              0.750000    1.226377   -0.476377 (VIOLATED)
_12885_/B1                              0.750000    1.226376   -0.476376 (VIOLATED)
_13099_/B1                              0.750000    1.226374   -0.476374 (VIOLATED)
_12913_/B1                              0.750000    1.226372   -0.476372 (VIOLATED)
_12926_/B1                              0.750000    1.226361   -0.476361 (VIOLATED)
_13116_/B1                              0.750000    1.226361   -0.476361 (VIOLATED)
fanout1279/X                            0.750000    1.226361   -0.476361 (VIOLATED)
_12484_/B1                              0.750000    1.225969   -0.475969 (VIOLATED)
_12489_/B1                              0.750000    1.225967   -0.475967 (VIOLATED)
_12505_/B1                              0.750000    1.225960   -0.475960 (VIOLATED)
_12531_/B1                              0.750000    1.225948   -0.475948 (VIOLATED)
_12515_/B1                              0.750000    1.225913   -0.475913 (VIOLATED)
_12520_/B1                              0.750000    1.225896   -0.475896 (VIOLATED)
_12494_/B1                              0.750000    1.225843   -0.475843 (VIOLATED)
_12548_/B1                              0.750000    1.225827   -0.475827 (VIOLATED)
_12510_/B1                              0.750000    1.225812   -0.475812 (VIOLATED)
_12558_/B1                              0.750000    1.225812   -0.475812 (VIOLATED)
fanout1029/X                            0.750000    1.225812   -0.475812 (VIOLATED)
_11687_/A2                              0.750000    1.225453   -0.475453 (VIOLATED)
_10756_/B1                              0.750000    1.225423   -0.475423 (VIOLATED)
_11868_/A2                              0.750000    1.225423   -0.475423 (VIOLATED)
fanout1758/A                            0.750000    1.225423   -0.475423 (VIOLATED)
fanout1761/X                            0.750000    1.225423   -0.475423 (VIOLATED)
wire1763/A                              0.750000    1.225423   -0.475423 (VIOLATED)
_13089_/A2                              0.750000    1.222145   -0.472145 (VIOLATED)
_13075_/A2                              0.750000    1.222130   -0.472130 (VIOLATED)
fanout1345/A                            0.750000    1.222121   -0.472121 (VIOLATED)
_12913_/A2                              0.750000    1.222119   -0.472119 (VIOLATED)
_12926_/A2                              0.750000    1.222083   -0.472083 (VIOLATED)
_12990_/B1                              0.750000    1.222062   -0.472062 (VIOLATED)
_12131_/B                               0.750000    1.222050   -0.472050 (VIOLATED)
_12845_/A2                              0.750000    1.221739   -0.471739 (VIOLATED)
fanout1346/X                            0.750000    1.221739   -0.471739 (VIOLATED)
_13049_/A2                              0.750000    1.221724   -0.471724 (VIOLATED)
_13009_/A2                              0.750000    1.221723   -0.471723 (VIOLATED)
_12982_/A2                              0.750000    1.221720   -0.471720 (VIOLATED)
_12123_/A                               0.750000    1.221717   -0.471717 (VIOLATED)
_12808_/A2                              0.750000    1.221717   -0.471717 (VIOLATED)
_12884_/A2                              0.750000    1.221717   -0.471717 (VIOLATED)
_12922_/A2                              0.750000    1.221717   -0.471717 (VIOLATED)
_12934_/B                               0.750000    1.221717   -0.471717 (VIOLATED)
_13126_/A                               0.750000    1.221717   -0.471717 (VIOLATED)
_13245_/A2                              0.750000    1.221717   -0.471717 (VIOLATED)
fanout1348/X                            0.750000    1.221717   -0.471717 (VIOLATED)
_14387_/A                               0.750000    1.220606   -0.470606 (VIOLATED)
_14388_/A                               0.750000    1.220600   -0.470601 (VIOLATED)
fanout1261/A                            0.750000    1.220592   -0.470592 (VIOLATED)
_13770_/A1                              0.750000    1.220534   -0.470534 (VIOLATED)
_13648_/A                               0.750000    1.220528   -0.470529 (VIOLATED)
_13647_/A                               0.750000    1.220520   -0.470520 (VIOLATED)
_13526_/A                               0.750000    1.220480   -0.470480 (VIOLATED)
_13527_/B                               0.750000    1.220161   -0.470161 (VIOLATED)
_13651_/A2                              0.750000    1.220161   -0.470161 (VIOLATED)
fanout1262/X                            0.750000    1.220161   -0.470161 (VIOLATED)
_14665_/B2                              0.750000    1.218660   -0.468660 (VIOLATED)
_14545_/B1                              0.750000    1.218659   -0.468659 (VIOLATED)
_14336_/A                               0.750000    1.218658   -0.468658 (VIOLATED)
_13686_/A                               0.750000    1.218654   -0.468654 (VIOLATED)
_14779_/A                               0.750000    1.218650   -0.468650 (VIOLATED)
_14896_/A1                              0.750000    1.218650   -0.468650 (VIOLATED)
_14898_/A1                              0.750000    1.218650   -0.468650 (VIOLATED)
_13455_/A                               0.750000    1.218648   -0.468648 (VIOLATED)
_13584_/B1                              0.750000    1.218648   -0.468648 (VIOLATED)
_13654_/A                               0.750000    1.218648   -0.468648 (VIOLATED)
fanout1264/X                            0.750000    1.218648   -0.468648 (VIOLATED)
_12941_/A1                              0.750000    1.216255   -0.466255 (VIOLATED)
_13009_/B1                              0.750000    1.216247   -0.466247 (VIOLATED)
_13036_/B1                              0.750000    1.216242   -0.466242 (VIOLATED)
_13077_/A1                              0.750000    1.216240   -0.466240 (VIOLATED)
_13023_/A1                              0.750000    1.216225   -0.466225 (VIOLATED)
_13090_/A1                              0.750000    1.216225   -0.466225 (VIOLATED)
_12955_/A1                              0.750000    1.216216   -0.466216 (VIOLATED)
_12969_/A1                              0.750000    1.216200   -0.466200 (VIOLATED)
_12996_/B2                              0.750000    1.216180   -0.466180 (VIOLATED)
fanout1173/A                            0.750000    1.216165   -0.466165 (VIOLATED)
fanout1174/X                            0.750000    1.216165   -0.466165 (VIOLATED)
_14171_/A                               0.750000    1.215049   -0.465049 (VIOLATED)
_14265_/A1                              0.750000    1.215049   -0.465049 (VIOLATED)
_14085_/A                               0.750000    1.215047   -0.465047 (VIOLATED)
_13922_/B                               0.750000    1.215036   -0.465036 (VIOLATED)
_13923_/B1                              0.750000    1.215024   -0.465024 (VIOLATED)
_13924_/B                               0.750000    1.215022   -0.465022 (VIOLATED)
_13685_/B                               0.750000    1.215010   -0.465010 (VIOLATED)
_13686_/B                               0.750000    1.215010   -0.465010 (VIOLATED)
_13687_/B1                              0.750000    1.215010   -0.465010 (VIOLATED)
_13840_/B                               0.750000    1.215010   -0.465010 (VIOLATED)
fanout1244/X                            0.750000    1.215010   -0.465010 (VIOLATED)
_17545_/A1                              0.750000    1.212297   -0.462297 (VIOLATED)
_17417_/A1                              0.750000    1.212296   -0.462296 (VIOLATED)
_12864_/A3                              0.750000    1.212280   -0.462280 (VIOLATED)
_18044_/A1                              0.750000    1.212281   -0.462281 (VIOLATED)
_18312_/A1                              0.750000    1.212280   -0.462280 (VIOLATED)
_13133_/A1                              0.750000    1.212279   -0.462279 (VIOLATED)
_13292_/A0                              0.750000    1.212279   -0.462279 (VIOLATED)
_17913_/A0                              0.750000    1.212279   -0.462279 (VIOLATED)
_17946_/A0                              0.750000    1.212279   -0.462279 (VIOLATED)
_18135_/A0                              0.750000    1.212279   -0.462279 (VIOLATED)
fanout716/X                             0.750000    1.212279   -0.462279 (VIOLATED)
_18076_/A2                              0.750000    1.211409   -0.461409 (VIOLATED)
_18067_/A2                              0.750000    1.211408   -0.461408 (VIOLATED)
_18079_/A2                              0.750000    1.211398   -0.461398 (VIOLATED)
_18082_/A2                              0.750000    1.211383   -0.461383 (VIOLATED)
_18064_/A2                              0.750000    1.211361   -0.461361 (VIOLATED)
_18094_/A2                              0.750000    1.211349   -0.461350 (VIOLATED)
_18100_/A2                              0.750000    1.211313   -0.461313 (VIOLATED)
_18052_/A2                              0.750000    1.211289   -0.461289 (VIOLATED)
_18049_/A2                              0.750000    1.211277   -0.461277 (VIOLATED)
_18073_/A2                              0.750000    1.211262   -0.461262 (VIOLATED)
fanout992/X                             0.750000    1.211262   -0.461262 (VIOLATED)
_15743_/A                               0.750000    1.211002   -0.461002 (VIOLATED)
_15745_/A2                              0.750000    1.211000   -0.461000 (VIOLATED)
_16101_/A                               0.750000    1.210993   -0.460993 (VIOLATED)
_14436_/A                               0.750000    1.210991   -0.460991 (VIOLATED)
_16009_/A                               0.750000    1.210991   -0.460991 (VIOLATED)
_15456_/B                               0.750000    1.210610   -0.460610 (VIOLATED)
_15365_/B                               0.750000    1.210588   -0.460588 (VIOLATED)
_15361_/B                               0.750000    1.210578   -0.460578 (VIOLATED)
_14437_/B                               0.750000    1.210523   -0.460523 (VIOLATED)
_14438_/B                               0.750000    1.210523   -0.460523 (VIOLATED)
fanout1217/X                            0.750000    1.210523   -0.460523 (VIOLATED)
_14689_/A                               0.750000    1.210392   -0.460392 (VIOLATED)
_14921_/A                               0.750000    1.210388   -0.460388 (VIOLATED)
_15025_/A                               0.750000    1.210380   -0.460380 (VIOLATED)
_15540_/A1                              0.750000    1.210028   -0.460028 (VIOLATED)
_15541_/A1                              0.750000    1.210028   -0.460028 (VIOLATED)
_15542_/A                               0.750000    1.210028   -0.460028 (VIOLATED)
_15638_/A1                              0.750000    1.210027   -0.460027 (VIOLATED)
_15350_/A                               0.750000    1.210027   -0.460027 (VIOLATED)
_13774_/B                               0.750000    1.209980   -0.459980 (VIOLATED)
_13849_/A2                              0.750000    1.209980   -0.459980 (VIOLATED)
fanout1162/X                            0.750000    1.209980   -0.459980 (VIOLATED)
fanout2280/A                            0.750000    1.209573   -0.459573 (VIOLATED)
fanout2276/A                            0.750000    1.209566   -0.459566 (VIOLATED)
fanout2274/A                            0.750000    1.209564   -0.459564 (VIOLATED)
fanout2273/A                            0.750000    1.209509   -0.459509 (VIOLATED)
fanout2265/A                            0.750000    1.209069   -0.459069 (VIOLATED)
fanout2282/X                            0.750000    1.209069   -0.459069 (VIOLATED)
_15239_/B1                              0.750000    1.206853   -0.456853 (VIOLATED)
fanout1239/A                            0.750000    1.206524   -0.456524 (VIOLATED)
_14570_/A                               0.750000    1.206510   -0.456510 (VIOLATED)
_13849_/B1                              0.750000    1.206508   -0.456508 (VIOLATED)
_14464_/B1                              0.750000    1.206501   -0.456501 (VIOLATED)
_14002_/B1                              0.750000    1.206496   -0.456496 (VIOLATED)
_14171_/B                               0.750000    1.206496   -0.456496 (VIOLATED)
_14265_/A2                              0.750000    1.206496   -0.456496 (VIOLATED)
_14366_/B1                              0.750000    1.206496   -0.456496 (VIOLATED)
fanout1240/X                            0.750000    1.206496   -0.456496 (VIOLATED)
_18114_/S                               0.750000    1.206403   -0.456403 (VIOLATED)
_18111_/S                               0.750000    1.206401   -0.456401 (VIOLATED)
_18112_/S                               0.750000    1.206400   -0.456400 (VIOLATED)
_18113_/S                               0.750000    1.206400   -0.456400 (VIOLATED)
_18107_/S                               0.750000    1.206390   -0.456390 (VIOLATED)
_18108_/S                               0.750000    1.206381   -0.456381 (VIOLATED)
_18105_/S                               0.750000    1.206375   -0.456375 (VIOLATED)
_18106_/S                               0.750000    1.206375   -0.456375 (VIOLATED)
_18109_/S                               0.750000    1.206375   -0.456375 (VIOLATED)
_18118_/S                               0.750000    1.206376   -0.456376 (VIOLATED)
fanout380/X                             0.750000    1.206375   -0.456375 (VIOLATED)
_18056_/A1                              0.750000    1.202650   -0.452650 (VIOLATED)
_13137_/A1                              0.750000    1.202650   -0.452650 (VIOLATED)
_12918_/A3                              0.750000    1.202649   -0.452649 (VIOLATED)
_17950_/A0                              0.750000    1.202647   -0.452647 (VIOLATED)
_18339_/A1                              0.750000    1.202645   -0.452645 (VIOLATED)
_17433_/A1                              0.750000    1.202637   -0.452637 (VIOLATED)
_17560_/A1                              0.750000    1.202637   -0.452637 (VIOLATED)
_17690_/B1                              0.750000    1.202637   -0.452637 (VIOLATED)
_17917_/A0                              0.750000    1.202637   -0.452637 (VIOLATED)
_18104_/A0                              0.750000    1.202637   -0.452637 (VIOLATED)
fanout1022/X                            0.750000    1.202637   -0.452637 (VIOLATED)
_12521_/A2                              0.750000    1.200433   -0.450433 (VIOLATED)
_12527_/A2                              0.750000    1.200432   -0.450432 (VIOLATED)
_12495_/A2                              0.750000    1.200424   -0.450424 (VIOLATED)
_12549_/A2                              0.750000    1.200414   -0.450414 (VIOLATED)
_12474_/A2                              0.750000    1.200411   -0.450411 (VIOLATED)
_12468_/A2                              0.750000    1.200409   -0.450409 (VIOLATED)
_12559_/A2                              0.750000    1.200407   -0.450407 (VIOLATED)
_12480_/A2                              0.750000    1.200395   -0.450395 (VIOLATED)
_12501_/A2                              0.750000    1.200395   -0.450395 (VIOLATED)
_12511_/A2                              0.750000    1.200395   -0.450395 (VIOLATED)
fanout1112/X                            0.750000    1.200395   -0.450395 (VIOLATED)
_16001_/A                               0.750000    1.194744   -0.444744 (VIOLATED)
_16236_/A1                              0.750000    1.194744   -0.444744 (VIOLATED)
_16096_/A                               0.750000    1.194743   -0.444743 (VIOLATED)
_16146_/A1                              0.750000    1.194741   -0.444741 (VIOLATED)
_16053_/A1                              0.750000    1.194736   -0.444736 (VIOLATED)
_15945_/A                               0.750000    1.194735   -0.444735 (VIOLATED)
_16215_/A                               0.750000    1.194732   -0.444732 (VIOLATED)
_16326_/A1                              0.750000    1.194729   -0.444729 (VIOLATED)
_15640_/B                               0.750000    1.194708   -0.444708 (VIOLATED)
_15641_/B                               0.750000    1.194708   -0.444708 (VIOLATED)
fanout918/X                             0.750000    1.194708   -0.444708 (VIOLATED)
_19271_/S                               0.750000    1.194037   -0.444037 (VIOLATED)
_19243_/S                               0.750000    1.194035   -0.444035 (VIOLATED)
_19239_/S                               0.750000    1.194033   -0.444033 (VIOLATED)
_19241_/S                               0.750000    1.194032   -0.444032 (VIOLATED)
_19235_/S                               0.750000    1.194031   -0.444031 (VIOLATED)
_12096_/B2                              0.750000    1.194031   -0.444031 (VIOLATED)
_12301_/B1                              0.750000    1.194031   -0.444031 (VIOLATED)
_19040_/S                               0.750000    1.194031   -0.444031 (VIOLATED)
_19042_/B                               0.750000    1.194031   -0.444031 (VIOLATED)
_19237_/S                               0.750000    1.194031   -0.444031 (VIOLATED)
fanout1876/X                            0.750000    1.194031   -0.444031 (VIOLATED)
_13747_/B                               0.750000    1.192939   -0.442939 (VIOLATED)
_14435_/S                               0.750000    1.192937   -0.442937 (VIOLATED)
_14332_/B                               0.750000    1.192936   -0.442936 (VIOLATED)
_13821_/B                               0.750000    1.192936   -0.442936 (VIOLATED)
_14542_/B                               0.750000    1.192931   -0.442931 (VIOLATED)
_13579_/B                               0.750000    1.192924   -0.442924 (VIOLATED)
_13652_/S                               0.750000    1.192924   -0.442924 (VIOLATED)
_13683_/S                               0.750000    1.192924   -0.442924 (VIOLATED)
_14056_/S                               0.750000    1.192924   -0.442924 (VIOLATED)
_14663_/A2                              0.750000    1.192924   -0.442924 (VIOLATED)
fanout1544/X                            0.750000    1.192924   -0.442924 (VIOLATED)
_17436_/A1                              0.750000    1.191004   -0.441004 (VIOLATED)
_12932_/A3                              0.750000    1.190984   -0.440984 (VIOLATED)
_13138_/A1                              0.750000    1.190984   -0.440984 (VIOLATED)
_17918_/A0                              0.750000    1.190984   -0.440984 (VIOLATED)
_17951_/A0                              0.750000    1.190984   -0.440984 (VIOLATED)
_18058_/B2                              0.750000    1.190984   -0.440984 (VIOLATED)
_18105_/A0                              0.750000    1.190984   -0.440984 (VIOLATED)
_18140_/A0                              0.750000    1.190984   -0.440984 (VIOLATED)
_18202_/A1                              0.750000    1.190984   -0.440984 (VIOLATED)
_18345_/A1                              0.750000    1.190984   -0.440984 (VIOLATED)
fanout936/X                             0.750000    1.190984   -0.440984 (VIOLATED)
_18091_/A2                              0.750000    1.189655   -0.439655 (VIOLATED)
_18097_/A2                              0.750000    1.189635   -0.439635 (VIOLATED)
fanout992/A                             0.750000    1.189624   -0.439624 (VIOLATED)
fanout991/A                             0.750000    1.189559   -0.439559 (VIOLATED)
_12043_/A2                              0.750000    1.189467   -0.439467 (VIOLATED)
_12147_/A                               0.750000    1.189462   -0.439462 (VIOLATED)
_12155_/A                               0.750000    1.189460   -0.439460 (VIOLATED)
_10459_/B1                              0.750000    1.189442   -0.439442 (VIOLATED)
_12139_/B1                              0.750000    1.189439   -0.439439 (VIOLATED)
fanout990/A                             0.750000    1.189435   -0.439436 (VIOLATED)
fanout993/X                             0.750000    1.189435   -0.439436 (VIOLATED)
_11128_/A2                              0.750000    1.189417   -0.439417 (VIOLATED)
_10885_/B1                              0.750000    1.189302   -0.439302 (VIOLATED)
_10458_/X                               0.750000    1.189297   -0.439297 (VIOLATED)
_10703_/A2                              0.750000    1.189297   -0.439297 (VIOLATED)
_18397_/A2                              0.750000    1.187335   -0.437335 (VIOLATED)
_18403_/A2                              0.750000    1.187329   -0.437329 (VIOLATED)
_18391_/A2                              0.750000    1.187323   -0.437323 (VIOLATED)
_18408_/A2                              0.750000    1.187307   -0.437307 (VIOLATED)
_18386_/A2                              0.750000    1.187296   -0.437296 (VIOLATED)
_18363_/A2                              0.750000    1.187283   -0.437283 (VIOLATED)
_18352_/A2                              0.750000    1.187252   -0.437252 (VIOLATED)
_18340_/A2                              0.750000    1.187240   -0.437240 (VIOLATED)
_18346_/A2                              0.750000    1.187230   -0.437230 (VIOLATED)
_18369_/A2                              0.750000    1.187230   -0.437230 (VIOLATED)
fanout364/X                             0.750000    1.187230   -0.437230 (VIOLATED)
_15845_/A                               0.750000    1.183734   -0.433734 (VIOLATED)
fanout1223/A                            0.750000    1.183717   -0.433717 (VIOLATED)
_14814_/B                               0.750000    1.183713   -0.433713 (VIOLATED)
_14689_/B                               0.750000    1.183710   -0.433710 (VIOLATED)
_14144_/A                               0.750000    1.183703   -0.433703 (VIOLATED)
_14458_/B                               0.750000    1.183695   -0.433695 (VIOLATED)
_14457_/A2                              0.750000    1.183691   -0.433691 (VIOLATED)
_14145_/B                               0.750000    1.183688   -0.433688 (VIOLATED)
_14146_/B                               0.750000    1.183688   -0.433688 (VIOLATED)
_14356_/B                               0.750000    1.183688   -0.433688 (VIOLATED)
fanout1224/X                            0.750000    1.183688   -0.433688 (VIOLATED)
_12828_/A2                              0.750000    1.182923   -0.432923 (VIOLATED)
_12815_/A2                              0.750000    1.182920   -0.432920 (VIOLATED)
_12176_/A2                              0.750000    1.182884   -0.432884 (VIOLATED)
_12363_/C                               0.750000    1.182869   -0.432869 (VIOLATED)
_17885_/A2                              0.750000    1.182868   -0.432868 (VIOLATED)
_12058_/B                               0.750000    1.182859   -0.432859 (VIOLATED)
_12855_/A2                              0.750000    1.182832   -0.432832 (VIOLATED)
_12064_/A_N                             0.750000    1.182793   -0.432793 (VIOLATED)
_12990_/A2                              0.750000    1.182786   -0.432785 (VIOLATED)
_13244_/A2                              0.750000    1.182786   -0.432785 (VIOLATED)
fanout1464/X                            0.750000    1.182786   -0.432785 (VIOLATED)
_18507_/A                               0.750000    1.181933   -0.431933 (VIOLATED)
_18820_/B2                              0.750000    1.181896   -0.431896 (VIOLATED)
_12618_/A0                              0.750000    1.181816   -0.431816 (VIOLATED)
_14095_/A0                              0.750000    1.181813   -0.431813 (VIOLATED)
_10364_/B1                              0.750000    1.181640   -0.431640 (VIOLATED)
_11489_/B                               0.750000    1.181478   -0.431478 (VIOLATED)
_11494_/A2                              0.750000    1.181443   -0.431443 (VIOLATED)
_10362_/Y                               0.750000    1.181414   -0.431414 (VIOLATED)
_11488_/X                               0.750000    1.181217   -0.431217 (VIOLATED)
_16009_/B                               0.750000    1.176436   -0.426436 (VIOLATED)
_16189_/C                               0.750000    1.176434   -0.426434 (VIOLATED)
_16100_/A2                              0.750000    1.176433   -0.426433 (VIOLATED)
_15926_/A2                              0.750000    1.176424   -0.426424 (VIOLATED)
_15845_/C                               0.750000    1.176394   -0.426394 (VIOLATED)
_15842_/A2                              0.750000    1.176383   -0.426383 (VIOLATED)
_15474_/B                               0.750000    1.176342   -0.426342 (VIOLATED)
_14720_/B                               0.750000    1.176279   -0.426279 (VIOLATED)
_14849_/B                               0.750000    1.176278   -0.426278 (VIOLATED)
_14722_/B1                              0.750000    1.175960   -0.425960 (VIOLATED)
fanout1211/X                            0.750000    1.175960   -0.425960 (VIOLATED)
_13580_/C                               0.750000    1.170298   -0.420298 (VIOLATED)
_14234_/C                               0.750000    1.170298   -0.420298 (VIOLATED)
_13749_/C                               0.750000    1.170288   -0.420288 (VIOLATED)
_13750_/B                               0.750000    1.170278   -0.420278 (VIOLATED)
_14233_/B                               0.750000    1.170278   -0.420278 (VIOLATED)
_13451_/B                               0.750000    1.170276   -0.420276 (VIOLATED)
_14661_/B                               0.750000    1.170273   -0.420273 (VIOLATED)
_14662_/A3                              0.750000    1.170273   -0.420273 (VIOLATED)
_14775_/C                               0.750000    1.170273   -0.420273 (VIOLATED)
_14778_/C                               0.750000    1.170273   -0.420273 (VIOLATED)
fanout1547/X                            0.750000    1.170273   -0.420273 (VIOLATED)
_18041_/B1                              0.750000    1.168117   -0.418117 (VIOLATED)
_18015_/A2                              0.750000    1.168114   -0.418114 (VIOLATED)
_18020_/B1                              0.750000    1.168114   -0.418114 (VIOLATED)
_18023_/B1                              0.750000    1.168114   -0.418114 (VIOLATED)
_18026_/B1                              0.750000    1.168114   -0.418114 (VIOLATED)
_18029_/B1                              0.750000    1.168114   -0.418114 (VIOLATED)
_18032_/B1                              0.750000    1.168114   -0.418114 (VIOLATED)
_18035_/B1                              0.750000    1.168114   -0.418114 (VIOLATED)
_18038_/B1                              0.750000    1.168114   -0.418114 (VIOLATED)
_18044_/B1                              0.750000    1.168114   -0.418114 (VIOLATED)
fanout318/X                             0.750000    1.168114   -0.418114 (VIOLATED)
_13605_/A                               0.750000    1.165382   -0.415382 (VIOLATED)
_14314_/C1                              0.750000    1.165381   -0.415381 (VIOLATED)
_13727_/B1                              0.750000    1.165380   -0.415380 (VIOLATED)
_13466_/A                               0.750000    1.165374   -0.415374 (VIOLATED)
_13670_/A                               0.750000    1.165365   -0.415366 (VIOLATED)
_13969_/C1                              0.750000    1.165351   -0.415351 (VIOLATED)
_10566_/B                               0.750000    1.165318   -0.415318 (VIOLATED)
_10626_/B                               0.750000    1.165318   -0.415318 (VIOLATED)
_10688_/B                               0.750000    1.165318   -0.415318 (VIOLATED)
_10745_/B                               0.750000    1.165318   -0.415318 (VIOLATED)
fanout1469/X                            0.750000    1.165318   -0.415318 (VIOLATED)
_14956_/A                               0.750000    1.164197   -0.414197 (VIOLATED)
_14720_/A                               0.750000    1.164197   -0.414197 (VIOLATED)
_14849_/A                               0.750000    1.164195   -0.414195 (VIOLATED)
_14722_/A1                              0.750000    1.164194   -0.414194 (VIOLATED)
_14491_/A                               0.750000    1.164181   -0.414181 (VIOLATED)
_13522_/A                               0.750000    1.164143   -0.414144 (VIOLATED)
_14184_/A                               0.750000    1.164138   -0.414138 (VIOLATED)
_14097_/A                               0.750000    1.164135   -0.414135 (VIOLATED)
_13847_/A                               0.750000    1.164130   -0.414130 (VIOLATED)
_13931_/A                               0.750000    1.164130   -0.414130 (VIOLATED)
fanout1261/X                            0.750000    1.164130   -0.414130 (VIOLATED)
_18046_/B1                              0.750000    1.162661   -0.412661 (VIOLATED)
_18043_/B1                              0.750000    1.162657   -0.412657 (VIOLATED)
_18034_/B1                              0.750000    1.162651   -0.412651 (VIOLATED)
_18031_/B1                              0.750000    1.162621   -0.412621 (VIOLATED)
_18028_/B1                              0.750000    1.162596   -0.412597 (VIOLATED)
_18025_/B1                              0.750000    1.162579   -0.412579 (VIOLATED)
_18022_/B1                              0.750000    1.162561   -0.412561 (VIOLATED)
_18019_/B1                              0.750000    1.162538   -0.412538 (VIOLATED)
_18016_/B1                              0.750000    1.162511   -0.412511 (VIOLATED)
_17981_/B                               0.750000    1.162486   -0.412486 (VIOLATED)
fanout1142/X                            0.750000    1.162486   -0.412486 (VIOLATED)
_12967_/B1                              0.750000    1.162117   -0.412117 (VIOLATED)
_13006_/A2                              0.750000    1.162114   -0.412114 (VIOLATED)
_13049_/B1                              0.750000    1.162105   -0.412105 (VIOLATED)
_13062_/B1                              0.750000    1.162104   -0.412104 (VIOLATED)
_13019_/A2                              0.750000    1.162101   -0.412101 (VIOLATED)
_13035_/B1                              0.750000    1.162101   -0.412101 (VIOLATED)
_13073_/A2                              0.750000    1.162101   -0.412101 (VIOLATED)
_12954_/B1                              0.750000    1.162100   -0.412100 (VIOLATED)
_12939_/A2                              0.750000    1.162099   -0.412099 (VIOLATED)
_12981_/A2                              0.750000    1.162099   -0.412099 (VIOLATED)
fanout1341/X                            0.750000    1.162099   -0.412099 (VIOLATED)
_19297_/S                               0.750000    1.161384   -0.411384 (VIOLATED)
_19289_/S                               0.750000    1.161383   -0.411383 (VIOLATED)
_19247_/S                               0.750000    1.161382   -0.411382 (VIOLATED)
_19249_/S                               0.750000    1.161382   -0.411382 (VIOLATED)
_19251_/S                               0.750000    1.161382   -0.411382 (VIOLATED)
_19261_/S                               0.750000    1.161382   -0.411382 (VIOLATED)
_19265_/S                               0.750000    1.161382   -0.411382 (VIOLATED)
_19279_/S                               0.750000    1.161382   -0.411382 (VIOLATED)
_19281_/S                               0.750000    1.161382   -0.411382 (VIOLATED)
fanout1877/A                            0.750000    1.161382   -0.411382 (VIOLATED)
fanout1878/X                            0.750000    1.161382   -0.411382 (VIOLATED)
_19027_/S                               0.750000    1.161284   -0.411284 (VIOLATED)
_18978_/S                               0.750000    1.161280   -0.411280 (VIOLATED)
_19008_/S                               0.750000    1.161278   -0.411278 (VIOLATED)
_18998_/S                               0.750000    1.161275   -0.411275 (VIOLATED)
_19000_/S                               0.750000    1.161275   -0.411275 (VIOLATED)
_19004_/S                               0.750000    1.161275   -0.411275 (VIOLATED)
_19010_/S                               0.750000    1.161275   -0.411275 (VIOLATED)
_19014_/S                               0.750000    1.161275   -0.411275 (VIOLATED)
_19021_/S                               0.750000    1.161275   -0.411275 (VIOLATED)
_19025_/S                               0.750000    1.161275   -0.411275 (VIOLATED)
fanout1206/X                            0.750000    1.161275   -0.411275 (VIOLATED)
_15920_/B                               0.750000    1.160559   -0.410559 (VIOLATED)
_16017_/B                               0.750000    1.160558   -0.410558 (VIOLATED)
_16024_/B1                              0.750000    1.160556   -0.410556 (VIOLATED)
_15735_/B1                              0.750000    1.160549   -0.410549 (VIOLATED)
_15648_/B                               0.750000    1.160543   -0.410543 (VIOLATED)
_15731_/B                               0.750000    1.160539   -0.410539 (VIOLATED)
_18921_/A1                              0.750000    1.160493   -0.410493 (VIOLATED)
_15139_/B1                              0.750000    1.160472   -0.410472 (VIOLATED)
_15140_/C                               0.750000    1.160472   -0.410472 (VIOLATED)
_15143_/B1                              0.750000    1.160472   -0.410472 (VIOLATED)
fanout1208/X                            0.750000    1.160472   -0.410472 (VIOLATED)
_17620_/B                               0.750000    1.158792   -0.408792 (VIOLATED)
_17756_/B                               0.750000    1.158792   -0.408792 (VIOLATED)
_13295_/C                               0.750000    1.158790   -0.408790 (VIOLATED)
_17365_/D                               0.750000    1.158790   -0.408790 (VIOLATED)
_17366_/C                               0.750000    1.158789   -0.408789 (VIOLATED)
_13288_/B                               0.750000    1.158783   -0.408783 (VIOLATED)
_17900_/B                               0.750000    1.158770   -0.408770 (VIOLATED)
_17933_/A                               0.750000    1.158768   -0.408768 (VIOLATED)
_18205_/B2                              0.750000    1.158762   -0.408762 (VIOLATED)
fanout450/A                             0.750000    1.158762   -0.408762 (VIOLATED)
fanout451/X                             0.750000    1.158762   -0.408762 (VIOLATED)
_16374_/S                               0.750000    1.158300   -0.408300 (VIOLATED)
_16383_/S                               0.750000    1.158016   -0.408017 (VIOLATED)
ANTENNA_1/DIODE                         0.750000    1.158005   -0.408006 (VIOLATED)
_16389_/S                               0.750000    1.157942   -0.407942 (VIOLATED)
_16392_/S                               0.750000    1.157541   -0.407541 (VIOLATED)
_12521_/B1                              0.750000    1.156771   -0.406771 (VIOLATED)
_12527_/B1                              0.750000    1.156769   -0.406769 (VIOLATED)
_12501_/B1                              0.750000    1.156766   -0.406766 (VIOLATED)
_12495_/B1                              0.750000    1.156750   -0.406750 (VIOLATED)
_12549_/B1                              0.750000    1.156741   -0.406741 (VIOLATED)
_12474_/B1                              0.750000    1.156729   -0.406729 (VIOLATED)
_12468_/B1                              0.750000    1.156726   -0.406727 (VIOLATED)
_12559_/B1                              0.750000    1.156726   -0.406726 (VIOLATED)
fanout861/A                             0.750000    1.156706   -0.406706 (VIOLATED)
_12480_/B1                              0.750000    1.156705   -0.406705 (VIOLATED)
_12511_/B1                              0.750000    1.156705   -0.406705 (VIOLATED)
fanout1108/X                            0.750000    1.156705   -0.406705 (VIOLATED)
_16359_/X                               0.750000    1.156379   -0.406379 (VIOLATED)
_19422_/S1                              0.750000    1.153740   -0.403740 (VIOLATED)
_19641_/A                               0.750000    1.153726   -0.403727 (VIOLATED)
fanout2313/A                            0.750000    1.153687   -0.403687 (VIOLATED)
_19403_/A                               0.750000    1.153665   -0.403665 (VIOLATED)
_19590_/A1                              0.750000    1.153562   -0.403562 (VIOLATED)
_19572_/S                               0.750000    1.153535   -0.403535 (VIOLATED)
_19602_/A                               0.750000    1.153509   -0.403509 (VIOLATED)
fanout2312/A                            0.750000    1.153424   -0.403424 (VIOLATED)
fanout2314/X                            0.750000    1.153421   -0.403421 (VIOLATED)
_13297_/A0                              0.750000    1.152614   -0.402614 (VIOLATED)
_18125_/A0                              0.750000    1.152613   -0.402613 (VIOLATED)
_13290_/A0                              0.750000    1.152612   -0.402612 (VIOLATED)
_12730_/A3                              0.750000    1.152607   -0.402608 (VIOLATED)
_13291_/A0                              0.750000    1.152607   -0.402608 (VIOLATED)
_17903_/A0                              0.750000    1.152607   -0.402608 (VIOLATED)
_17936_/A0                              0.750000    1.152607   -0.402608 (VIOLATED)
_17984_/A                               0.750000    1.152607   -0.402608 (VIOLATED)
_17985_/A1                              0.750000    1.152607   -0.402608 (VIOLATED)
_18240_/A1                              0.750000    1.152607   -0.402608 (VIOLATED)
fanout943/X                             0.750000    1.152607   -0.402608 (VIOLATED)
_17288_/S                               0.750000    1.147564   -0.397564 (VIOLATED)
fanout759/A                             0.750000    1.147563   -0.397563 (VIOLATED)
fanout762/A                             0.750000    1.147563   -0.397563 (VIOLATED)
fanout766/X                             0.750000    1.147563   -0.397563 (VIOLATED)
load_slew767/A                          0.750000    1.147563   -0.397563 (VIOLATED)
_16129_/A1                              0.750000    1.147505   -0.397505 (VIOLATED)
_16131_/A                               0.750000    1.147505   -0.397505 (VIOLATED)
_16220_/A1                              0.750000    1.147505   -0.397505 (VIOLATED)
_16222_/A                               0.750000    1.147505   -0.397505 (VIOLATED)
_16307_/A                               0.750000    1.147505   -0.397505 (VIOLATED)
_16315_/A1                              0.750000    1.147505   -0.397505 (VIOLATED)
_18897_/A1                              0.750000    1.147505   -0.397505 (VIOLATED)
_18899_/A                               0.750000    1.147505   -0.397505 (VIOLATED)
_18953_/A1                              0.750000    1.147505   -0.397505 (VIOLATED)
_18955_/A                               0.750000    1.147505   -0.397505 (VIOLATED)
fanout1048/X                            0.750000    1.147505   -0.397505 (VIOLATED)
_16018_/A2                              0.750000    1.145834   -0.395834 (VIOLATED)
_15840_/A2                              0.750000    1.145831   -0.395831 (VIOLATED)
_18080_/B1                              0.750000    1.145685   -0.395685 (VIOLATED)
_18083_/B1                              0.750000    1.145683   -0.395683 (VIOLATED)
_18065_/B1                              0.750000    1.145679   -0.395679 (VIOLATED)
_18095_/B1                              0.750000    1.145676   -0.395676 (VIOLATED)
_18047_/B1                              0.750000    1.145675   -0.395675 (VIOLATED)
_18050_/B1                              0.750000    1.145675   -0.395675 (VIOLATED)
_18053_/B1                              0.750000    1.145675   -0.395675 (VIOLATED)
_18074_/B1                              0.750000    1.145675   -0.395675 (VIOLATED)
_18101_/B1                              0.750000    1.145675   -0.395675 (VIOLATED)
fanout319/A                             0.750000    1.145675   -0.395675 (VIOLATED)
fanout320/X                             0.750000    1.145675   -0.395675 (VIOLATED)
_15646_/B1                              0.750000    1.145487   -0.395487 (VIOLATED)
_15732_/A2                              0.750000    1.145477   -0.395477 (VIOLATED)
_16099_/B                               0.750000    1.145455   -0.395455 (VIOLATED)
_16189_/B                               0.750000    1.145452   -0.395452 (VIOLATED)
_14914_/B                               0.750000    1.145428   -0.395428 (VIOLATED)
_15001_/A2                              0.750000    1.145428   -0.395428 (VIOLATED)
_15020_/B                               0.750000    1.145428   -0.395428 (VIOLATED)
_15021_/A2                              0.750000    1.145428   -0.395428 (VIOLATED)
fanout1151/X                            0.750000    1.145428   -0.395428 (VIOLATED)
_18045_/A2                              0.750000    1.142496   -0.392496 (VIOLATED)
_18036_/A2                              0.750000    1.142488   -0.392488 (VIOLATED)
_18039_/A2                              0.750000    1.142474   -0.392474 (VIOLATED)
_18033_/A2                              0.750000    1.142461   -0.392461 (VIOLATED)
_18007_/A                               0.750000    1.142446   -0.392446 (VIOLATED)
_18030_/A2                              0.750000    1.142437   -0.392437 (VIOLATED)
_18027_/A2                              0.750000    1.142424   -0.392424 (VIOLATED)
_18024_/A2                              0.750000    1.142387   -0.392387 (VIOLATED)
_18021_/A2                              0.750000    1.142358   -0.392358 (VIOLATED)
_18042_/A2                              0.750000    1.142326   -0.392327 (VIOLATED)
fanout382/X                             0.750000    1.142326   -0.392327 (VIOLATED)
_12954_/C1                              0.750000    1.141877   -0.391877 (VIOLATED)
_13022_/C1                              0.750000    1.141874   -0.391874 (VIOLATED)
_13035_/C1                              0.750000    1.141870   -0.391870 (VIOLATED)
_13008_/C1                              0.750000    1.141861   -0.391861 (VIOLATED)
_13050_/C1                              0.750000    1.141858   -0.391858 (VIOLATED)
_13063_/C1                              0.750000    1.141856   -0.391856 (VIOLATED)
_12982_/C1                              0.750000    1.141840   -0.391840 (VIOLATED)
_12913_/C1                              0.750000    1.141834   -0.391834 (VIOLATED)
_12926_/C1                              0.750000    1.141834   -0.391834 (VIOLATED)
_12940_/C1                              0.750000    1.141834   -0.391834 (VIOLATED)
fanout1277/X                            0.750000    1.141834   -0.391834 (VIOLATED)
_13521_/S                               0.750000    1.140020   -0.390020 (VIOLATED)
_13653_/S                               0.750000    1.140020   -0.390020 (VIOLATED)
_13684_/S                               0.750000    1.140020   -0.390020 (VIOLATED)
_13748_/B1                              0.750000    1.140020   -0.390020 (VIOLATED)
_13977_/S                               0.750000    1.140020   -0.390020 (VIOLATED)
_14057_/S                               0.750000    1.140020   -0.390020 (VIOLATED)
_14331_/C                               0.750000    1.140020   -0.390020 (VIOLATED)
fanout1545/X                            0.750000    1.140020   -0.390020 (VIOLATED)
fanout1838/A                            0.750000    1.139950   -0.389950 (VIOLATED)
wire1844/A                              0.750000    1.139917   -0.389917 (VIOLATED)
fanout1841/A                            0.750000    1.139826   -0.389826 (VIOLATED)
_10342_/A2                              0.750000    1.139742   -0.389742 (VIOLATED)
_10394_/A2                              0.750000    1.139741   -0.389741 (VIOLATED)
_10095_/Y                               0.750000    1.139583   -0.389583 (VIOLATED)
fanout1843/X                            0.750000    1.139537   -0.389537 (VIOLATED)
_15988_/C1                              0.750000    1.139516   -0.389516 (VIOLATED)
_16353_/C1                              0.750000    1.139514   -0.389514 (VIOLATED)
_16085_/C1                              0.750000    1.139513   -0.389513 (VIOLATED)
_15902_/C1                              0.750000    1.139511   -0.389511 (VIOLATED)
fanout1470/A                            0.750000    1.139498   -0.389498 (VIOLATED)
_15514_/C1                              0.750000    1.139493   -0.389493 (VIOLATED)
_14992_/C1                              0.750000    1.139489   -0.389489 (VIOLATED)
_14883_/C1                              0.750000    1.139484   -0.389484 (VIOLATED)
_14638_/C1                              0.750000    1.139472   -0.389472 (VIOLATED)
_15415_/C1                              0.750000    1.139472   -0.389472 (VIOLATED)
fanout1471/X                            0.750000    1.139472   -0.389472 (VIOLATED)
_11858_/A2                              0.750000    1.137818   -0.387818 (VIOLATED)
_11795_/A2                              0.750000    1.137817   -0.387817 (VIOLATED)
_11734_/A2                              0.750000    1.137817   -0.387817 (VIOLATED)
_11676_/A2                              0.750000    1.137808   -0.387808 (VIOLATED)
_11620_/A2                              0.750000    1.137807   -0.387807 (VIOLATED)
_11562_/A2                              0.750000    1.137805   -0.387805 (VIOLATED)
_11310_/A2                              0.750000    1.137791   -0.387791 (VIOLATED)
_11493_/A2                              0.750000    1.137777   -0.387777 (VIOLATED)
_10097_/A                               0.750000    1.137774   -0.387774 (VIOLATED)
_19710_/A                               0.750000    1.137754   -0.387754 (VIOLATED)
fanout1532/X                            0.750000    1.137754   -0.387754 (VIOLATED)
_18510_/A1                              0.750000    1.136742   -0.386742 (VIOLATED)
_18827_/A1                              0.750000    1.136505   -0.386505 (VIOLATED)
_11559_/A2                              0.750000    1.135949   -0.385949 (VIOLATED)
_11563_/A2                              0.750000    1.135813   -0.385813 (VIOLATED)
_11556_/X                               0.750000    1.133976   -0.383976 (VIOLATED)
_10770_/A2                              0.750000    1.133613   -0.383613 (VIOLATED)
_10040_/B                               0.750000    1.133613   -0.383613 (VIOLATED)
_10769_/B                               0.750000    1.133613   -0.383613 (VIOLATED)
_10043_/B                               0.750000    1.133612   -0.383612 (VIOLATED)
_10715_/A2                              0.750000    1.133611   -0.383612 (VIOLATED)
_10045_/C                               0.750000    1.133609   -0.383609 (VIOLATED)
_10046_/A2                              0.750000    1.133609   -0.383609 (VIOLATED)
_10130_/A2                              0.750000    1.133609   -0.383609 (VIOLATED)
_10187_/A2                              0.750000    1.133609   -0.383609 (VIOLATED)
_10846_/A2                              0.750000    1.133609   -0.383609 (VIOLATED)
fanout1191/X                            0.750000    1.133609   -0.383609 (VIOLATED)
_10449_/A2                              0.750000    1.132503   -0.382503 (VIOLATED)
_18199_/A0                              0.750000    1.132470   -0.382470 (VIOLATED)
_18368_/A1                              0.750000    1.132468   -0.382469 (VIOLATED)
_12988_/A3                              0.750000    1.132462   -0.382462 (VIOLATED)
_18071_/A1                              0.750000    1.132461   -0.382461 (VIOLATED)
_17452_/A1                              0.750000    1.132459   -0.382459 (VIOLATED)
_13142_/A1                              0.750000    1.132454   -0.382454 (VIOLATED)
_17922_/A0                              0.750000    1.132454   -0.382454 (VIOLATED)
_17955_/A0                              0.750000    1.132454   -0.382454 (VIOLATED)
_18109_/A0                              0.750000    1.132454   -0.382454 (VIOLATED)
_18144_/A0                              0.750000    1.132454   -0.382454 (VIOLATED)
fanout933/X                             0.750000    1.132454   -0.382454 (VIOLATED)
_18465_/A1                              0.750000    1.132398   -0.382398 (VIOLATED)
ANTENNA_65/DIODE                        0.750000    1.132025   -0.382025 (VIOLATED)
_18698_/A1                              0.750000    1.132007   -0.382007 (VIOLATED)
_10445_/A2                              0.750000    1.131901   -0.381901 (VIOLATED)
_10443_/X                               0.750000    1.131764   -0.381764 (VIOLATED)
_18317_/A2                              0.750000    1.129885   -0.379885 (VIOLATED)
_18311_/A2                              0.750000    1.129882   -0.379882 (VIOLATED)
_18304_/A2                              0.750000    1.129881   -0.379881 (VIOLATED)
_18289_/A2                              0.750000    1.129875   -0.379875 (VIOLATED)
_18297_/A2                              0.750000    1.129873   -0.379873 (VIOLATED)
_18273_/A2                              0.750000    1.129867   -0.379867 (VIOLATED)
_18281_/A2                              0.750000    1.129867   -0.379867 (VIOLATED)
_18267_/A2                              0.750000    1.129864   -0.379864 (VIOLATED)
_12375_/A2                              0.750000    1.129812   -0.379812 (VIOLATED)
_12411_/A2                              0.750000    1.129812   -0.379812 (VIOLATED)
fanout1176/X                            0.750000    1.129812   -0.379812 (VIOLATED)
_11423_/A1                              0.750000    1.128760   -0.378760 (VIOLATED)
fanout1626/A                            0.750000    1.128760   -0.378760 (VIOLATED)
_11416_/A1                              0.750000    1.128753   -0.378753 (VIOLATED)
_10871_/A1                              0.750000    1.128752   -0.378751 (VIOLATED)
_11966_/B1                              0.750000    1.128742   -0.378742 (VIOLATED)
fanout1624/A                            0.750000    1.128714   -0.378714 (VIOLATED)
fanout1628/X                            0.750000    1.128714   -0.378714 (VIOLATED)
_11991_/D                               0.750000    1.127786   -0.377786 (VIOLATED)
_11990_/A                               0.750000    1.127781   -0.377781 (VIOLATED)
_11989_/A                               0.750000    1.127780   -0.377780 (VIOLATED)
_12093_/A                               0.750000    1.127778   -0.377778 (VIOLATED)
_09874_/A                               0.750000    1.127773   -0.377773 (VIOLATED)
_09875_/A1                              0.750000    1.127773   -0.377773 (VIOLATED)
_12041_/A                               0.750000    1.127773   -0.377773 (VIOLATED)
_12310_/A1                              0.750000    1.127773   -0.377773 (VIOLATED)
_12322_/A1                              0.750000    1.127773   -0.377773 (VIOLATED)
_12325_/A1                              0.750000    1.127773   -0.377773 (VIOLATED)
fanout1870/X                            0.750000    1.127773   -0.377773 (VIOLATED)
_16261_/B1                              0.750000    1.126287   -0.376287 (VIOLATED)
_14879_/A1                              0.750000    1.126286   -0.376286 (VIOLATED)
_14213_/A1                              0.750000    1.126285   -0.376285 (VIOLATED)
_15313_/B1                              0.750000    1.126283   -0.376283 (VIOLATED)
_15607_/B1                              0.750000    1.126283   -0.376283 (VIOLATED)
fanout1049/A                            0.750000    1.126283   -0.376283 (VIOLATED)
fanout1050/A                            0.750000    1.126283   -0.376283 (VIOLATED)
fanout1051/X                            0.750000    1.126283   -0.376283 (VIOLATED)
_10994_/A1                              0.750000    1.124998   -0.374998 (VIOLATED)
_11054_/A1                              0.750000    1.124995   -0.374995 (VIOLATED)
_11114_/A1                              0.750000    1.124995   -0.374995 (VIOLATED)
_10219_/A1                              0.750000    1.124990   -0.374990 (VIOLATED)
_11308_/A1                              0.750000    1.124982   -0.374982 (VIOLATED)
_10445_/A1                              0.750000    1.124979   -0.374979 (VIOLATED)
_10504_/A1                              0.750000    1.124980   -0.374980 (VIOLATED)
_10559_/A1                              0.750000    1.124974   -0.374975 (VIOLATED)
_11617_/A1                              0.750000    1.124974   -0.374975 (VIOLATED)
_11673_/A1                              0.750000    1.124974   -0.374975 (VIOLATED)
fanout1806/X                            0.750000    1.124974   -0.374975 (VIOLATED)
_12746_/B                               0.750000    1.124392   -0.374392 (VIOLATED)
_12803_/B                               0.750000    1.124392   -0.374392 (VIOLATED)
_12823_/A2                              0.750000    1.124392   -0.374392 (VIOLATED)
_12687_/B                               0.750000    1.124386   -0.374386 (VIOLATED)
_12732_/B                               0.750000    1.124386   -0.374386 (VIOLATED)
_12761_/B                               0.750000    1.124386   -0.374386 (VIOLATED)
_12774_/B                               0.750000    1.124386   -0.374386 (VIOLATED)
_12795_/B                               0.750000    1.124386   -0.374386 (VIOLATED)
_12835_/A2                              0.750000    1.124386   -0.374386 (VIOLATED)
_12909_/B                               0.750000    1.124386   -0.374386 (VIOLATED)
fanout1332/X                            0.750000    1.124386   -0.374386 (VIOLATED)
_17448_/A1                              0.750000    1.119387   -0.369387 (VIOLATED)
_17707_/A1                              0.750000    1.119385   -0.369385 (VIOLATED)
_17838_/A1                              0.750000    1.119378   -0.369378 (VIOLATED)
_17574_/A1                              0.750000    1.119375   -0.369375 (VIOLATED)
_17921_/A0                              0.750000    1.119364   -0.369364 (VIOLATED)
_17954_/A0                              0.750000    1.119362   -0.369362 (VIOLATED)
_12974_/A3                              0.750000    1.119339   -0.369339 (VIOLATED)
_13141_/A1                              0.750000    1.119339   -0.369339 (VIOLATED)
_18068_/A1                              0.750000    1.119339   -0.369339 (VIOLATED)
_18362_/A1                              0.750000    1.119339   -0.369339 (VIOLATED)
fanout872/X                             0.750000    1.119339   -0.369339 (VIOLATED)
fanout2086/A                            0.750000    1.116757   -0.366757 (VIOLATED)
fanout2081/A                            0.750000    1.116743   -0.366743 (VIOLATED)
fanout2078/A                            0.750000    1.116710   -0.366710 (VIOLATED)
fanout2083/A                            0.750000    1.116704   -0.366704 (VIOLATED)
fanout2075/A                            0.750000    1.116664   -0.366664 (VIOLATED)
fanout2088/X                            0.750000    1.116664   -0.366664 (VIOLATED)
fanout656/A                             0.750000    1.116244   -0.366244 (VIOLATED)
fanout650/A                             0.750000    1.116220   -0.366221 (VIOLATED)
fanout659/X                             0.750000    1.116220   -0.366221 (VIOLATED)
wire660/A                               0.750000    1.116220   -0.366221 (VIOLATED)
_13657_/A2                              0.750000    1.114566   -0.364566 (VIOLATED)
_13756_/A2                              0.750000    1.114566   -0.364566 (VIOLATED)
_13689_/A2                              0.750000    1.114563   -0.364563 (VIOLATED)
_13980_/A2                              0.750000    1.114557   -0.364557 (VIOLATED)
_14440_/A2                              0.750000    1.114546   -0.364546 (VIOLATED)
_13457_/A2                              0.750000    1.114533   -0.364533 (VIOLATED)
_12350_/A0                              0.750000    1.114496   -0.364496 (VIOLATED)
_19404_/A1                              0.750000    1.114422   -0.364422 (VIOLATED)
_19658_/S                               0.750000    1.114421   -0.364421 (VIOLATED)
_19405_/A1                              0.750000    1.114421   -0.364421 (VIOLATED)
_19619_/S                               0.750000    1.114421   -0.364421 (VIOLATED)
_19624_/S                               0.750000    1.114409   -0.364409 (VIOLATED)
_19642_/A1                              0.750000    1.114406   -0.364406 (VIOLATED)
_19630_/S                               0.750000    1.114393   -0.364393 (VIOLATED)
_19679_/S                               0.750000    1.114377   -0.364377 (VIOLATED)
_19648_/S                               0.750000    1.114365   -0.364365 (VIOLATED)
_19669_/S                               0.750000    1.114365   -0.364365 (VIOLATED)
fanout1859/X                            0.750000    1.114365   -0.364365 (VIOLATED)
_19699_/A1                              0.750000    1.114324   -0.364324 (VIOLATED)
_19628_/B1                              0.750000    1.114314   -0.364314 (VIOLATED)
_19676_/B1                              0.750000    1.114299   -0.364299 (VIOLATED)
_19656_/B1                              0.750000    1.114294   -0.364294 (VIOLATED)
_19621_/B1                              0.750000    1.114278   -0.364278 (VIOLATED)
_19569_/B1                              0.750000    1.114264   -0.364264 (VIOLATED)
_19582_/B1                              0.750000    1.114256   -0.364256 (VIOLATED)
_19600_/B1                              0.750000    1.114218   -0.364218 (VIOLATED)
_19516_/B1                              0.750000    1.114209   -0.364209 (VIOLATED)
_16221_/A2                              0.750000    1.114159   -0.364159 (VIOLATED)
_18898_/A2                              0.750000    1.114159   -0.364159 (VIOLATED)
_18954_/A2                              0.750000    1.114159   -0.364159 (VIOLATED)
fanout1333/X                            0.750000    1.114159   -0.364159 (VIOLATED)
fanout226/A                             0.750000    1.113910   -0.363910 (VIOLATED)
fanout227/X                             0.750000    1.113910   -0.363910 (VIOLATED)
_12635_/B2                              0.750000    1.110762   -0.360762 (VIOLATED)
_12651_/A1                              0.750000    1.110761   -0.360761 (VIOLATED)
_12670_/A1                              0.750000    1.110760   -0.360760 (VIOLATED)
_12612_/A1                              0.750000    1.110735   -0.360735 (VIOLATED)
_14719_/A1                              0.750000    1.110673   -0.360673 (VIOLATED)
_19034_/B2                              0.750000    1.110649   -0.360649 (VIOLATED)
_11974_/B                               0.750000    1.110648   -0.360648 (VIOLATED)
_11946_/A2                              0.750000    1.110631   -0.360631 (VIOLATED)
_14791_/C                               0.750000    1.110614   -0.360614 (VIOLATED)
_11944_/Y                               0.750000    1.110608   -0.360608 (VIOLATED)
_15836_/B                               0.750000    1.109601   -0.359601 (VIOLATED)
_15837_/B                               0.750000    1.109599   -0.359599 (VIOLATED)
_15646_/A2                              0.750000    1.109589   -0.359589 (VIOLATED)
_16190_/B2                              0.750000    1.109581   -0.359581 (VIOLATED)
_16100_/A1                              0.750000    1.109580   -0.359580 (VIOLATED)
_15553_/B                               0.750000    1.109578   -0.359578 (VIOLATED)
_14805_/B                               0.750000    1.109251   -0.359251 (VIOLATED)
_14916_/A2                              0.750000    1.109251   -0.359251 (VIOLATED)
_14917_/B                               0.750000    1.109251   -0.359251 (VIOLATED)
_15130_/B                               0.750000    1.109251   -0.359251 (VIOLATED)
fanout1156/X                            0.750000    1.109251   -0.359251 (VIOLATED)
_10280_/A2                              0.750000    1.108690   -0.358690 (VIOLATED)
_18480_/A                               0.750000    1.108655   -0.358655 (VIOLATED)
_18741_/B2                              0.750000    1.108625   -0.358625 (VIOLATED)
_10274_/B                               0.750000    1.108552   -0.358552 (VIOLATED)
_10273_/X                               0.750000    1.108489   -0.358489 (VIOLATED)
_17255_/S                               0.750000    1.106252   -0.356252 (VIOLATED)
load_slew776/A                          0.750000    1.106250   -0.356250 (VIOLATED)
fanout771/A                             0.750000    1.106239   -0.356239 (VIOLATED)
fanout768/A                             0.750000    1.106235   -0.356235 (VIOLATED)
fanout775/X                             0.750000    1.106235   -0.356235 (VIOLATED)
_12647_/A1                              0.750000    1.103456   -0.353456 (VIOLATED)
_12664_/A3                              0.750000    1.103440   -0.353440 (VIOLATED)
_12630_/B2                              0.750000    1.103430   -0.353430 (VIOLATED)
_12608_/A3                              0.750000    1.103361   -0.353361 (VIOLATED)
_13772_/A1                              0.750000    1.103167   -0.353167 (VIOLATED)
_19012_/A0                              0.750000    1.103033   -0.353033 (VIOLATED)
ANTENNA_69/DIODE                        0.750000    1.102441   -0.352441 (VIOLATED)
_11339_/B1                              0.750000    1.102389   -0.352389 (VIOLATED)
_11338_/X                               0.750000    1.101691   -0.351691 (VIOLATED)
_10417_/A1                              0.750000    1.101660   -0.351660 (VIOLATED)
_11647_/A1                              0.750000    1.101617   -0.351617 (VIOLATED)
_18395_/B2                              0.750000    1.100936   -0.350936 (VIOLATED)
fanout1926/A                            0.750000    1.099809   -0.349809 (VIOLATED)
_21629_/Q                               0.750000    1.099804   -0.349804 (VIOLATED)
_17975_/B1                              0.750000    1.095941   -0.345941 (VIOLATED)
_17985_/B1                              0.750000    1.095941   -0.345941 (VIOLATED)
_17989_/B                               0.750000    1.095941   -0.345941 (VIOLATED)
_17996_/B1                              0.750000    1.095941   -0.345941 (VIOLATED)
fanout736/A                             0.750000    1.095941   -0.345941 (VIOLATED)
fanout738/A                             0.750000    1.095941   -0.345941 (VIOLATED)
fanout739/X                             0.750000    1.095941   -0.345941 (VIOLATED)
_12553_/B1                              0.750000    1.094784   -0.344784 (VIOLATED)
fanout1029/A                            0.750000    1.094764   -0.344764 (VIOLATED)
_12473_/B1                              0.750000    1.094738   -0.344738 (VIOLATED)
_12467_/B1                              0.750000    1.094729   -0.344729 (VIOLATED)
_12462_/B1                              0.750000    1.094711   -0.344711 (VIOLATED)
_12436_/B1                              0.750000    1.094417   -0.344417 (VIOLATED)
_12440_/B1                              0.750000    1.094417   -0.344417 (VIOLATED)
_12445_/B1                              0.750000    1.094417   -0.344417 (VIOLATED)
_12457_/B1                              0.750000    1.094417   -0.344417 (VIOLATED)
fanout1030/X                            0.750000    1.094417   -0.344417 (VIOLATED)
_18261_/A1                              0.750000    1.093592   -0.343592 (VIOLATED)
_17906_/A0                              0.750000    1.093573   -0.343573 (VIOLATED)
_17939_/A0                              0.750000    1.093560   -0.343560 (VIOLATED)
_12770_/A3                              0.750000    1.093554   -0.343554 (VIOLATED)
_18023_/A1                              0.750000    1.093535   -0.343535 (VIOLATED)
_18128_/A0                              0.750000    1.093147   -0.343147 (VIOLATED)
_17641_/A1                              0.750000    1.093046   -0.343046 (VIOLATED)
_17389_/A1                              0.750000    1.093045   -0.343045 (VIOLATED)
_17781_/A1                              0.750000    1.093041   -0.343041 (VIOLATED)
_17518_/A1                              0.750000    1.093036   -0.343036 (VIOLATED)
_12768_/X                               0.750000    1.093017   -0.343018 (VIOLATED)
wire1852/A                              0.750000    1.091265   -0.341265 (VIOLATED)
_11410_/B1                              0.750000    1.091226   -0.341226 (VIOLATED)
_18389_/A2                              0.750000    1.090974   -0.340974 (VIOLATED)
_18395_/A2                              0.750000    1.090973   -0.340973 (VIOLATED)
_18401_/A2                              0.750000    1.090972   -0.340972 (VIOLATED)
_18406_/A2                              0.750000    1.090972   -0.340972 (VIOLATED)
_18412_/A2                              0.750000    1.090971   -0.340971 (VIOLATED)
_18331_/B2                              0.750000    1.090962   -0.340962 (VIOLATED)
_18423_/A2                              0.750000    1.090960   -0.340960 (VIOLATED)
_18344_/A2                              0.750000    1.090959   -0.340959 (VIOLATED)
_18350_/A2                              0.750000    1.090959   -0.340959 (VIOLATED)
_18355_/A2                              0.750000    1.090959   -0.340959 (VIOLATED)
fanout1178/X                            0.750000    1.090959   -0.340959 (VIOLATED)
_11767_/C1                              0.750000    1.090719   -0.340719 (VIOLATED)
fanout1849/A                            0.750000    1.090692   -0.340692 (VIOLATED)
fanout1851/X                            0.750000    1.090692   -0.340692 (VIOLATED)
_18043_/A2                              0.750000    1.090268   -0.340268 (VIOLATED)
_18034_/A2                              0.750000    1.090265   -0.340265 (VIOLATED)
_18037_/A2                              0.750000    1.090264   -0.340264 (VIOLATED)
_18031_/A2                              0.750000    1.090259   -0.340259 (VIOLATED)
_18028_/A2                              0.750000    1.090251   -0.340252 (VIOLATED)
_18016_/A2                              0.750000    1.090248   -0.340248 (VIOLATED)
_18019_/A2                              0.750000    1.090248   -0.340248 (VIOLATED)
_18022_/A2                              0.750000    1.090248   -0.340248 (VIOLATED)
_18025_/A2                              0.750000    1.090248   -0.340248 (VIOLATED)
_18040_/A2                              0.750000    1.090248   -0.340248 (VIOLATED)
fanout989/X                             0.750000    1.090248   -0.340248 (VIOLATED)
_12133_/A                               0.750000    1.089798   -0.339798 (VIOLATED)
_12127_/C                               0.750000    1.089780   -0.339780 (VIOLATED)
_12105_/C                               0.750000    1.089749   -0.339749 (VIOLATED)
_12104_/A_N                             0.750000    1.089741   -0.339741 (VIOLATED)
_19694_/A1                              0.750000    1.089268   -0.339268 (VIOLATED)
fanout1916/X                            0.750000    1.089268   -0.339268 (VIOLATED)
_15904_/B1                              0.750000    1.088976   -0.338976 (VIOLATED)
_15614_/B1                              0.750000    1.088974   -0.338974 (VIOLATED)
_16087_/B1                              0.750000    1.088974   -0.338974 (VIOLATED)
fanout1149/A                            0.750000    1.088974   -0.338974 (VIOLATED)
_14997_/B1                              0.750000    1.088971   -0.338971 (VIOLATED)
_15907_/B1                              0.750000    1.088971   -0.338971 (VIOLATED)
_16090_/B1                              0.750000    1.088971   -0.338971 (VIOLATED)
fanout1150/X                            0.750000    1.088971   -0.338971 (VIOLATED)
_11276_/A1                              0.750000    1.086210   -0.336210 (VIOLATED)
_11175_/A1                              0.750000    1.086208   -0.336208 (VIOLATED)
_11057_/A1                              0.750000    1.086206   -0.336206 (VIOLATED)
_11116_/A1                              0.750000    1.086205   -0.336205 (VIOLATED)
_11340_/A1                              0.750000    1.086203   -0.336203 (VIOLATED)
_10996_/A1                              0.750000    1.086201   -0.336201 (VIOLATED)
_10163_/A1                              0.750000    1.086195   -0.336195 (VIOLATED)
_10221_/A1                              0.750000    1.086195   -0.336195 (VIOLATED)
_10506_/A0                              0.750000    1.086195   -0.336195 (VIOLATED)
_10877_/A1                              0.750000    1.086195   -0.336195 (VIOLATED)
fanout1126/X                            0.750000    1.086195   -0.336195 (VIOLATED)
_10040_/A                               0.750000    1.085257   -0.335257 (VIOLATED)
_10043_/A                               0.750000    1.085255   -0.335255 (VIOLATED)
_10770_/A1                              0.750000    1.085248   -0.335248 (VIOLATED)
_10769_/A                               0.750000    1.085246   -0.335246 (VIOLATED)
_10306_/A1                              0.750000    1.085240   -0.335240 (VIOLATED)
_10367_/A1                              0.750000    1.085240   -0.335240 (VIOLATED)
_13322_/B1                              0.750000    1.085240   -0.335240 (VIOLATED)
_13419_/B1                              0.750000    1.085240   -0.335240 (VIOLATED)
_13431_/A                               0.750000    1.085240   -0.335240 (VIOLATED)
_13432_/A                               0.750000    1.085240   -0.335240 (VIOLATED)
fanout1192/X                            0.750000    1.085240   -0.335240 (VIOLATED)
fanout636/A                             0.750000    1.083683   -0.333683 (VIOLATED)
_13555_/C1                              0.750000    1.083504   -0.333504 (VIOLATED)
_13722_/C1                              0.750000    1.083502   -0.333502 (VIOLATED)
_13439_/A2                              0.750000    1.083496   -0.333496 (VIOLATED)
_13480_/C1                              0.750000    1.083491   -0.333491 (VIOLATED)
_13966_/B1                              0.750000    1.083484   -0.333484 (VIOLATED)
_14032_/C1                              0.750000    1.083481   -0.333481 (VIOLATED)
_14122_/C1                              0.750000    1.083481   -0.333481 (VIOLATED)
_14212_/B1                              0.750000    1.083481   -0.333481 (VIOLATED)
_14307_/D1                              0.750000    1.083481   -0.333481 (VIOLATED)
_14415_/D1                              0.750000    1.083481   -0.333481 (VIOLATED)
fanout994/X                             0.750000    1.083481   -0.333481 (VIOLATED)
wire639/A                               0.750000    1.083253   -0.333253 (VIOLATED)
fanout630/A                             0.750000    1.083227   -0.333227 (VIOLATED)
fanout638/X                             0.750000    1.083227   -0.333227 (VIOLATED)
_12669_/A1                              0.750000    1.081474   -0.331474 (VIOLATED)
_12613_/B2                              0.750000    1.081474   -0.331474 (VIOLATED)
_12652_/A1                              0.750000    1.081471   -0.331472 (VIOLATED)
_12635_/A1                              0.750000    1.081465   -0.331465 (VIOLATED)
_11456_/B1                              0.750000    1.081443   -0.331443 (VIOLATED)
_19016_/A0                              0.750000    1.081438   -0.331438 (VIOLATED)
_11491_/A2                              0.750000    1.081437   -0.331437 (VIOLATED)
_11271_/A1                              0.750000    1.081135   -0.331135 (VIOLATED)
fanout1722/A                            0.750000    1.081124   -0.331124 (VIOLATED)
_10588_/A1                              0.750000    1.081103   -0.331103 (VIOLATED)
fanout1724/A                            0.750000    1.081062   -0.331062 (VIOLATED)
fanout1726/A                            0.750000    1.081062   -0.331062 (VIOLATED)
fanout1728/X                            0.750000    1.081062   -0.331062 (VIOLATED)
_11455_/X                               0.750000    1.080938   -0.330938 (VIOLATED)
_16266_/C1                              0.750000    1.080549   -0.330549 (VIOLATED)
_14759_/C1                              0.750000    1.080548   -0.330548 (VIOLATED)
_14760_/A1                              0.750000    1.080545   -0.330545 (VIOLATED)
_14527_/A1                              0.750000    1.080535   -0.330535 (VIOLATED)
_14315_/A1                              0.750000    1.080526   -0.330527 (VIOLATED)
_13301_/A3                              0.750000    1.080511   -0.330511 (VIOLATED)
_16354_/A                               0.750000    1.080511   -0.330511 (VIOLATED)
fanout1467/A                            0.750000    1.080511   -0.330511 (VIOLATED)
fanout1468/X                            0.750000    1.080511   -0.330511 (VIOLATED)
_18390_/C1                              0.750000    1.076778   -0.326778 (VIOLATED)
_18413_/C1                              0.750000    1.076774   -0.326774 (VIOLATED)
_18356_/C1                              0.750000    1.076769   -0.326769 (VIOLATED)
_18424_/C1                              0.750000    1.076762   -0.326762 (VIOLATED)
_18373_/C1                              0.750000    1.076747   -0.326747 (VIOLATED)
_18419_/C1                              0.750000    1.076746   -0.326746 (VIOLATED)
fanout369/A                             0.750000    1.076746   -0.326746 (VIOLATED)
fanout371/X                             0.750000    1.076746   -0.326746 (VIOLATED)
_11885_/B1                              0.750000    1.074877   -0.324877 (VIOLATED)
_11587_/B1                              0.750000    1.074875   -0.324875 (VIOLATED)
_11762_/B1                              0.750000    1.074875   -0.324875 (VIOLATED)
_11647_/B1                              0.750000    1.074874   -0.324874 (VIOLATED)
_11702_/B1                              0.750000    1.074874   -0.324874 (VIOLATED)
_11819_/B1                              0.750000    1.074870   -0.324870 (VIOLATED)
_11525_/B2                              0.750000    1.074868   -0.324868 (VIOLATED)
_11275_/A2                              0.750000    1.074848   -0.324848 (VIOLATED)
_11339_/A1                              0.750000    1.074848   -0.324848 (VIOLATED)
_11398_/A1                              0.750000    1.074848   -0.324848 (VIOLATED)
fanout1181/X                            0.750000    1.074848   -0.324848 (VIOLATED)
_15919_/B                               0.750000    1.074173   -0.324173 (VIOLATED)
_16020_/B1                              0.750000    1.074172   -0.324172 (VIOLATED)
_15826_/B1                              0.750000    1.074171   -0.324171 (VIOLATED)
_15647_/B                               0.750000    1.074169   -0.324169 (VIOLATED)
_15728_/B                               0.750000    1.074167   -0.324167 (VIOLATED)
_16187_/B                               0.750000    1.074161   -0.324161 (VIOLATED)
_16276_/B                               0.750000    1.074146   -0.324146 (VIOLATED)
_18883_/A                               0.750000    1.074145   -0.324145 (VIOLATED)
_15022_/B                               0.750000    1.074122   -0.324122 (VIOLATED)
_15444_/C                               0.750000    1.074122   -0.324122 (VIOLATED)
fanout1210/X                            0.750000    1.074122   -0.324122 (VIOLATED)
_13034_/B1                              0.750000    1.073698   -0.323698 (VIOLATED)
_13021_/B1                              0.750000    1.073696   -0.323696 (VIOLATED)
_13007_/B1                              0.750000    1.073692   -0.323692 (VIOLATED)
_13087_/B1                              0.750000    1.073685   -0.323685 (VIOLATED)
_13076_/B1                              0.750000    1.073683   -0.323683 (VIOLATED)
_13059_/B1                              0.750000    1.073681   -0.323681 (VIOLATED)
fanout1279/A                            0.750000    1.073681   -0.323681 (VIOLATED)
fanout1280/X                            0.750000    1.073681   -0.323681 (VIOLATED)
_16849_/S                               0.750000    1.072948   -0.322948 (VIOLATED)
_16843_/S                               0.750000    1.072945   -0.322945 (VIOLATED)
_16851_/S                               0.750000    1.072939   -0.322939 (VIOLATED)
_16859_/S                               0.750000    1.072939   -0.322939 (VIOLATED)
fanout591/X                             0.750000    1.072939   -0.322939 (VIOLATED)
wire592/A                               0.750000    1.072939   -0.322939 (VIOLATED)
_13735_/C1                              0.750000    1.072735   -0.322735 (VIOLATED)
_14430_/A1                              0.750000    1.072734   -0.322734 (VIOLATED)
_13550_/C1                              0.750000    1.072731   -0.322731 (VIOLATED)
_13743_/C1                              0.750000    1.072731   -0.322731 (VIOLATED)
_13475_/C1                              0.750000    1.072730   -0.322730 (VIOLATED)
_13614_/C1                              0.750000    1.072730   -0.322730 (VIOLATED)
_13817_/C1                              0.750000    1.072728   -0.322728 (VIOLATED)
_13321_/C1                              0.750000    1.072725   -0.322725 (VIOLATED)
_13971_/A1                              0.750000    1.072725   -0.322725 (VIOLATED)
_14228_/A1                              0.750000    1.072724   -0.322724 (VIOLATED)
fanout1422/X                            0.750000    1.072724   -0.322724 (VIOLATED)
_10404_/B1                              0.750000    1.072716   -0.322716 (VIOLATED)
_10514_/B1                              0.750000    1.072716   -0.322716 (VIOLATED)
_10577_/B1                              0.750000    1.072716   -0.322716 (VIOLATED)
_11263_/A2                              0.750000    1.072716   -0.322716 (VIOLATED)
fanout1765/X                            0.750000    1.072716   -0.322716 (VIOLATED)
wire1766/A                              0.750000    1.072716   -0.322716 (VIOLATED)
_19233_/S                               0.750000    1.071984   -0.321984 (VIOLATED)
_19225_/S                               0.750000    1.071983   -0.321983 (VIOLATED)
fanout1882/A                            0.750000    1.071979   -0.321979 (VIOLATED)
_19201_/S                               0.750000    1.071976   -0.321976 (VIOLATED)
_19187_/S                               0.750000    1.071976   -0.321976 (VIOLATED)
_19185_/S                               0.750000    1.071975   -0.321975 (VIOLATED)
_19183_/S                               0.750000    1.071975   -0.321975 (VIOLATED)
_19197_/S                               0.750000    1.071975   -0.321975 (VIOLATED)
_19213_/S                               0.750000    1.071975   -0.321975 (VIOLATED)
_19215_/S                               0.750000    1.071975   -0.321975 (VIOLATED)
fanout1883/X                            0.750000    1.071975   -0.321975 (VIOLATED)
_19694_/A2                              0.750000    1.071665   -0.321665 (VIOLATED)
_19628_/A2                              0.750000    1.071659   -0.321659 (VIOLATED)
_19703_/C1                              0.750000    1.071659   -0.321659 (VIOLATED)
_19676_/A2                              0.750000    1.071651   -0.321651 (VIOLATED)
_19657_/A2                              0.750000    1.071649   -0.321649 (VIOLATED)
_19622_/A2                              0.750000    1.071630   -0.321630 (VIOLATED)
_19571_/A2                              0.750000    1.071619   -0.321619 (VIOLATED)
_19583_/A2                              0.750000    1.071610   -0.321610 (VIOLATED)
fanout278/A                             0.750000    1.071561   -0.321561 (VIOLATED)
fanout277/A                             0.750000    1.071560   -0.321560 (VIOLATED)
fanout279/X                             0.750000    1.071560   -0.321560 (VIOLATED)
fanout2604/A                            0.750000    1.071335   -0.321335 (VIOLATED)
fanout2594/A                            0.750000    1.071335   -0.321335 (VIOLATED)
fanout2599/A                            0.750000    1.071329   -0.321329 (VIOLATED)
fanout2571/A                            0.750000    1.071320   -0.321320 (VIOLATED)
fanout2577/A                            0.750000    1.071320   -0.321320 (VIOLATED)
fanout2582/A                            0.750000    1.071320   -0.321320 (VIOLATED)
fanout2605/X                            0.750000    1.071320   -0.321320 (VIOLATED)
_11277_/B                               0.750000    1.071305   -0.321305 (VIOLATED)
_11279_/B                               0.750000    1.071305   -0.321305 (VIOLATED)
wire2177/A                              0.750000    1.071295   -0.321295 (VIOLATED)
_11967_/S1                              0.750000    1.071284   -0.321284 (VIOLATED)
fanout2174/A                            0.750000    1.071277   -0.321277 (VIOLATED)
fanout2176/X                            0.750000    1.071277   -0.321277 (VIOLATED)
_15099_/B1                              0.750000    1.071190   -0.321190 (VIOLATED)
_14991_/B1                              0.750000    1.071175   -0.321176 (VIOLATED)
fanout1054/A                            0.750000    1.071136   -0.321136 (VIOLATED)
_15512_/C1                              0.750000    1.070849   -0.320849 (VIOLATED)
fanout1055/A                            0.750000    1.070849   -0.320849 (VIOLATED)
fanout1056/X                            0.750000    1.070849   -0.320849 (VIOLATED)
_18273_/B1                              0.750000    1.070578   -0.320578 (VIOLATED)
_18267_/B1                              0.750000    1.070576   -0.320576 (VIOLATED)
_18281_/B1                              0.750000    1.070575   -0.320575 (VIOLATED)
_18297_/B1                              0.750000    1.070565   -0.320565 (VIOLATED)
_18289_/B1                              0.750000    1.070564   -0.320564 (VIOLATED)
_18304_/B1                              0.750000    1.070556   -0.320556 (VIOLATED)
_18311_/B1                              0.750000    1.070549   -0.320549 (VIOLATED)
_18317_/B1                              0.750000    1.070537   -0.320538 (VIOLATED)
_18332_/A1                              0.750000    1.070199   -0.320199 (VIOLATED)
_12399_/C1                              0.750000    1.070182   -0.320182 (VIOLATED)
fanout1527/X                            0.750000    1.070182   -0.320182 (VIOLATED)
_12974_/A2                              0.750000    1.069677   -0.319678 (VIOLATED)
_13014_/A2                              0.750000    1.069677   -0.319677 (VIOLATED)
_13068_/A2                              0.750000    1.069674   -0.319675 (VIOLATED)
_12918_/A2                              0.750000    1.069673   -0.319673 (VIOLATED)
_12932_/A2                              0.750000    1.069673   -0.319673 (VIOLATED)
_12946_/A2                              0.750000    1.069673   -0.319673 (VIOLATED)
_12988_/A2                              0.750000    1.069673   -0.319673 (VIOLATED)
_13001_/A2                              0.750000    1.069673   -0.319673 (VIOLATED)
_13055_/A2                              0.750000    1.069673   -0.319673 (VIOLATED)
_13081_/A2                              0.750000    1.069673   -0.319673 (VIOLATED)
fanout430/X                             0.750000    1.069673   -0.319673 (VIOLATED)
_16965_/S                               0.750000    1.068786   -0.318786 (VIOLATED)
ANTENNA_3/DIODE                         0.750000    1.068774   -0.318774 (VIOLATED)
_16950_/S                               0.750000    1.068654   -0.318654 (VIOLATED)
_16959_/S                               0.750000    1.068153   -0.318153 (VIOLATED)
ANTENNA_2/DIODE                         0.750000    1.068085   -0.318085 (VIOLATED)
_16968_/S                               0.750000    1.067513   -0.317513 (VIOLATED)
fanout822/A                             0.750000    1.067457   -0.317457 (VIOLATED)
_18040_/B1                              0.750000    1.067380   -0.317380 (VIOLATED)
_18047_/A2                              0.750000    1.067380   -0.317380 (VIOLATED)
_18044_/A2                              0.750000    1.067376   -0.317376 (VIOLATED)
_18035_/A2                              0.750000    1.067374   -0.317374 (VIOLATED)
_18037_/B1                              0.750000    1.067371   -0.317371 (VIOLATED)
_16935_/X                               0.750000    1.067363   -0.317363 (VIOLATED)
_18032_/A2                              0.750000    1.067354   -0.317354 (VIOLATED)
_18029_/A2                              0.750000    1.067342   -0.317342 (VIOLATED)
_18026_/A2                              0.750000    1.067337   -0.317337 (VIOLATED)
_18023_/A2                              0.750000    1.067332   -0.317332 (VIOLATED)
_18020_/A2                              0.750000    1.067330   -0.317330 (VIOLATED)
fanout736/X                             0.750000    1.067330   -0.317330 (VIOLATED)
_18276_/A2                              0.750000    1.066754   -0.316754 (VIOLATED)
_18284_/A2                              0.750000    1.066753   -0.316753 (VIOLATED)
_18299_/A2                              0.750000    1.066751   -0.316752 (VIOLATED)
_18292_/A2                              0.750000    1.066746   -0.316747 (VIOLATED)
_18313_/A2                              0.750000    1.066743   -0.316743 (VIOLATED)
_18319_/A2                              0.750000    1.066737   -0.316737 (VIOLATED)
_18327_/A2                              0.750000    1.066736   -0.316736 (VIOLATED)
_18334_/A2                              0.750000    1.066734   -0.316734 (VIOLATED)
_18255_/A2                              0.750000    1.066731   -0.316731 (VIOLATED)
_18306_/A2                              0.750000    1.066731   -0.316731 (VIOLATED)
fanout362/X                             0.750000    1.066731   -0.316731 (VIOLATED)
_09836_/A                               0.750000    1.066151   -0.316151 (VIOLATED)
_19399_/S1                              0.750000    1.066151   -0.316151 (VIOLATED)
_19408_/S1                              0.750000    1.066150   -0.316150 (VIOLATED)
_19419_/S1                              0.750000    1.066146   -0.316146 (VIOLATED)
_19411_/S1                              0.750000    1.066145   -0.316145 (VIOLATED)
_19393_/S1                              0.750000    1.066138   -0.316138 (VIOLATED)
_19387_/S1                              0.750000    1.066138   -0.316138 (VIOLATED)
_19390_/S1                              0.750000    1.066138   -0.316138 (VIOLATED)
_19396_/S1                              0.750000    1.066138   -0.316138 (VIOLATED)
_19415_/S1                              0.750000    1.066138   -0.316138 (VIOLATED)
fanout2313/X                            0.750000    1.066138   -0.316138 (VIOLATED)
_11195_/A1                              0.750000    1.064412   -0.314412 (VIOLATED)
_11069_/A1                              0.750000    1.064410   -0.314410 (VIOLATED)
_11077_/A1                              0.750000    1.064401   -0.314401 (VIOLATED)
_11203_/A1                              0.750000    1.064400   -0.314400 (VIOLATED)
_11388_/A1                              0.750000    1.064397   -0.314397 (VIOLATED)
_11393_/B2                              0.750000    1.064397   -0.314397 (VIOLATED)
fanout1731/X                            0.750000    1.064397   -0.314397 (VIOLATED)
_18418_/A2                              0.750000    1.064110   -0.314110 (VIOLATED)
_18361_/A2                              0.750000    1.064103   -0.314103 (VIOLATED)
_18378_/A2                              0.750000    1.064102   -0.314102 (VIOLATED)
_18338_/A2                              0.750000    1.064100   -0.314100 (VIOLATED)
fanout1178/A                            0.750000    1.064100   -0.314100 (VIOLATED)
_18367_/A2                              0.750000    1.064099   -0.314099 (VIOLATED)
_18372_/A2                              0.750000    1.064099   -0.314099 (VIOLATED)
_18384_/A2                              0.750000    1.064099   -0.314099 (VIOLATED)
fanout1179/X                            0.750000    1.064099   -0.314099 (VIOLATED)
_13010_/A1                              0.750000    1.062027   -0.312027 (VIOLATED)
_13074_/B1                              0.750000    1.062026   -0.312026 (VIOLATED)
_13037_/A1                              0.750000    1.062025   -0.312025 (VIOLATED)
_13091_/A1                              0.750000    1.062023   -0.312023 (VIOLATED)
_13024_/A1                              0.750000    1.062022   -0.312023 (VIOLATED)
_12996_/A1                              0.750000    1.062018   -0.312018 (VIOLATED)
_12970_/A1                              0.750000    1.062016   -0.312016 (VIOLATED)
_12956_/A1                              0.750000    1.062015   -0.312015 (VIOLATED)
_12915_/A1                              0.750000    1.062012   -0.312012 (VIOLATED)
_12942_/A1                              0.750000    1.062012   -0.312012 (VIOLATED)
fanout1285/X                            0.750000    1.062012   -0.312012 (VIOLATED)
_10885_/A3                              0.750000    1.060273   -0.310273 (VIOLATED)
_10898_/B2                              0.750000    1.060273   -0.310273 (VIOLATED)
_11330_/C1                              0.750000    1.060273   -0.310273 (VIOLATED)
_11867_/C1                              0.750000    1.060273   -0.310273 (VIOLATED)
fanout1740/A                            0.750000    1.060273   -0.310273 (VIOLATED)
fanout1752/A                            0.750000    1.060273   -0.310273 (VIOLATED)
fanout1754/X                            0.750000    1.060273   -0.310273 (VIOLATED)
fanout572/A                             0.750000    1.059866   -0.309866 (VIOLATED)
fanout567/A                             0.750000    1.059857   -0.309857 (VIOLATED)
ANTENNA_4/DIODE                         0.750000    1.059856   -0.309856 (VIOLATED)
fanout569/A                             0.750000    1.059844   -0.309844 (VIOLATED)
ANTENNA_60/DIODE                        0.750000    1.059832   -0.309833 (VIOLATED)
fanout564/A                             0.750000    1.059832   -0.309832 (VIOLATED)
_16969_/X                               0.750000    1.059823   -0.309823 (VIOLATED)
_11816_/A1                              0.750000    1.059665   -0.309665 (VIOLATED)
fanout1712/A                            0.750000    1.059664   -0.309664 (VIOLATED)
fanout1714/A                            0.750000    1.059664   -0.309664 (VIOLATED)
fanout1718/X                            0.750000    1.059664   -0.309664 (VIOLATED)
wire1719/A                              0.750000    1.059664   -0.309664 (VIOLATED)
_15714_/S                               0.750000    1.058519   -0.308519 (VIOLATED)
_13889_/S                               0.750000    1.058505   -0.308505 (VIOLATED)
_13737_/S                               0.750000    1.058496   -0.308496 (VIOLATED)
_13811_/S                               0.750000    1.058492   -0.308492 (VIOLATED)
_13673_/S                               0.750000    1.058471   -0.308471 (VIOLATED)
fanout864/X                             0.750000    1.058442   -0.308442 (VIOLATED)
load_slew865/A                          0.750000    1.058442   -0.308442 (VIOLATED)
_16355_/B1                              0.750000    1.058068   -0.308068 (VIOLATED)
_15213_/B1                              0.750000    1.058068   -0.308068 (VIOLATED)
_14994_/B1                              0.750000    1.058066   -0.308066 (VIOLATED)
_15322_/B1                              0.750000    1.058060   -0.308060 (VIOLATED)
_16268_/B1                              0.750000    1.058057   -0.308057 (VIOLATED)
_15417_/B1                              0.750000    1.058057   -0.308057 (VIOLATED)
_15713_/B1                              0.750000    1.058057   -0.308057 (VIOLATED)
_14885_/B1                              0.750000    1.058055   -0.308055 (VIOLATED)
_15516_/B1                              0.750000    1.058052   -0.308052 (VIOLATED)
_15809_/B1                              0.750000    1.058052   -0.308052 (VIOLATED)
fanout1149/X                            0.750000    1.058052   -0.308052 (VIOLATED)
_13877_/A1                              0.750000    1.056964   -0.306964 (VIOLATED)
_13878_/A1                              0.750000    1.056965   -0.306965 (VIOLATED)
_13876_/S                               0.750000    1.056963   -0.306963 (VIOLATED)
_13708_/S                               0.750000    1.056962   -0.306962 (VIOLATED)
_13615_/A1                              0.750000    1.056957   -0.306957 (VIOLATED)
_13483_/A1                              0.750000    1.056956   -0.306956 (VIOLATED)
_13557_/A1                              0.750000    1.056950   -0.306950 (VIOLATED)
_13517_/S0                              0.750000    1.056948   -0.306948 (VIOLATED)
_13626_/A1                              0.750000    1.056948   -0.306948 (VIOLATED)
_13796_/S                               0.750000    1.056948   -0.306948 (VIOLATED)
fanout1069/X                            0.750000    1.056948   -0.306948 (VIOLATED)
_12039_/B                               0.750000    1.055722   -0.305722 (VIOLATED)
_21716_/Q                               0.750000    1.055462   -0.305462 (VIOLATED)
_10186_/A1                              0.750000    1.051063   -0.301063 (VIOLATED)
_10244_/A1                              0.750000    1.051063   -0.301063 (VIOLATED)
_10286_/B1                              0.750000    1.051063   -0.301063 (VIOLATED)
_10364_/B2                              0.750000    1.051063   -0.301063 (VIOLATED)
_10528_/A1                              0.750000    1.051063   -0.301063 (VIOLATED)
_10590_/A1                              0.750000    1.051063   -0.301063 (VIOLATED)
_10652_/A1                              0.750000    1.051063   -0.301063 (VIOLATED)
_10713_/B2                              0.750000    1.051063   -0.301063 (VIOLATED)
_10767_/A1                              0.750000    1.051063   -0.301063 (VIOLATED)
_10768_/A1                              0.750000    1.051063   -0.301063 (VIOLATED)
fanout1403/X                            0.750000    1.051063   -0.301063 (VIOLATED)
_19385_/A1                              0.750000    1.049487   -0.299487 (VIOLATED)
_19625_/B2                              0.750000    1.049486   -0.299486 (VIOLATED)
_19623_/B1                              0.750000    1.049485   -0.299485 (VIOLATED)
_19525_/A1                              0.750000    1.049484   -0.299484 (VIOLATED)
_19559_/B2                              0.750000    1.049484   -0.299484 (VIOLATED)
_19489_/A                               0.750000    1.049470   -0.299470 (VIOLATED)
_19463_/C                               0.750000    1.049467   -0.299467 (VIOLATED)
_19484_/A3                              0.750000    1.049466   -0.299467 (VIOLATED)
_19487_/A1                              0.750000    1.049466   -0.299467 (VIOLATED)
_19493_/A                               0.750000    1.049466   -0.299467 (VIOLATED)
fanout1542/X                            0.750000    1.049466   -0.299467 (VIOLATED)
_11646_/A                               0.750000    1.049122   -0.299122 (VIOLATED)
_11761_/A                               0.750000    1.049122   -0.299122 (VIOLATED)
_11818_/A                               0.750000    1.049118   -0.299118 (VIOLATED)
_11022_/A1                              0.750000    1.049113   -0.299113 (VIOLATED)
_10474_/B2                              0.750000    1.049111   -0.299111 (VIOLATED)
_11208_/A1                              0.750000    1.049111   -0.299111 (VIOLATED)
_11946_/A1                              0.750000    1.049102   -0.299102 (VIOLATED)
_09966_/A2                              0.750000    1.049100   -0.299100 (VIOLATED)
_10129_/A1                              0.750000    1.049100   -0.299100 (VIOLATED)
_10969_/A1                              0.750000    1.049100   -0.299100 (VIOLATED)
fanout1404/X                            0.750000    1.049100   -0.299100 (VIOLATED)
_12730_/A2                              0.750000    1.049084   -0.299084 (VIOLATED)
_12744_/A2                              0.750000    1.049083   -0.299083 (VIOLATED)
fanout429/A                             0.750000    1.049081   -0.299081 (VIOLATED)
_12851_/A2                              0.750000    1.049078   -0.299078 (VIOLATED)
_12715_/A1                              0.750000    1.049074   -0.299074 (VIOLATED)
fanout431/A                             0.750000    1.049074   -0.299074 (VIOLATED)
fanout432/X                             0.750000    1.049074   -0.299074 (VIOLATED)
_12827_/A2                              0.750000    1.047896   -0.297896 (VIOLATED)
_12816_/A2                              0.750000    1.047895   -0.297895 (VIOLATED)
_12993_/B1                              0.750000    1.047891   -0.297891 (VIOLATED)
_12853_/A2                              0.750000    1.047871   -0.297871 (VIOLATED)
_12676_/Y                               0.750000    1.047844   -0.297844 (VIOLATED)
_11753_/D1                              0.750000    1.043668   -0.293668 (VIOLATED)
_11810_/C1                              0.750000    1.043664   -0.293664 (VIOLATED)
_11873_/C1                              0.750000    1.043664   -0.293664 (VIOLATED)
fanout1809/A                            0.750000    1.043664   -0.293664 (VIOLATED)
fanout1815/A                            0.750000    1.043664   -0.293664 (VIOLATED)
fanout1818/X                            0.750000    1.043664   -0.293664 (VIOLATED)
_13109_/A                               0.750000    1.042381   -0.292381 (VIOLATED)
_18003_/A                               0.750000    1.042379   -0.292379 (VIOLATED)
_13111_/A3                              0.750000    1.042374   -0.292374 (VIOLATED)
_18419_/A1                              0.750000    1.042374   -0.292374 (VIOLATED)
_18097_/B2                              0.750000    1.042373   -0.292373 (VIOLATED)
_13151_/A1                              0.750000    1.042367   -0.292367 (VIOLATED)
_17931_/A0                              0.750000    1.042367   -0.292367 (VIOLATED)
_17964_/A0                              0.750000    1.042367   -0.292367 (VIOLATED)
_18118_/A0                              0.750000    1.042367   -0.292367 (VIOLATED)
_18153_/A0                              0.750000    1.042367   -0.292367 (VIOLATED)
fanout925/X                             0.750000    1.042367   -0.292367 (VIOLATED)
_18085_/A2                              0.750000    1.041578   -0.291578 (VIOLATED)
_18088_/A2                              0.750000    1.041579   -0.291579 (VIOLATED)
_18070_/A2                              0.750000    1.041576   -0.291576 (VIOLATED)
_18061_/A2                              0.750000    1.041571   -0.291571 (VIOLATED)
_17970_/B1                              0.750000    1.041569   -0.291569 (VIOLATED)
_18006_/B1                              0.750000    1.041569   -0.291569 (VIOLATED)
_18055_/A2                              0.750000    1.041569   -0.291569 (VIOLATED)
_18058_/A2                              0.750000    1.041569   -0.291569 (VIOLATED)
_18221_/B1                              0.750000    1.041569   -0.291569 (VIOLATED)
_18222_/B1                              0.750000    1.041569   -0.291569 (VIOLATED)
fanout991/X                             0.750000    1.041569   -0.291569 (VIOLATED)
_12378_/A2                              0.750000    1.041041   -0.291041 (VIOLATED)
_12029_/B2                              0.750000    1.041019   -0.291019 (VIOLATED)
_13089_/B2                              0.750000    1.040988   -0.290988 (VIOLATED)
_18326_/B1                              0.750000    1.039077   -0.289077 (VIOLATED)
_18333_/B1                              0.750000    1.039074   -0.289074 (VIOLATED)
_18225_/B1                              0.750000    1.039058   -0.289058 (VIOLATED)
_17993_/B                               0.750000    1.039056   -0.289056 (VIOLATED)
_18232_/B1                              0.750000    1.039056   -0.289056 (VIOLATED)
_18240_/B1                              0.750000    1.039056   -0.289056 (VIOLATED)
_18247_/B1                              0.750000    1.039056   -0.289056 (VIOLATED)
fanout911/A                             0.750000    1.039056   -0.289056 (VIOLATED)
fanout913/X                             0.750000    1.039056   -0.289056 (VIOLATED)
wire1340/A                              0.750000    1.038241   -0.288241 (VIOLATED)
_12953_/B1                              0.750000    1.038234   -0.288234 (VIOLATED)
_13006_/B1                              0.750000    1.038194   -0.288194 (VIOLATED)
fanout1338/A                            0.750000    1.038124   -0.288124 (VIOLATED)
fanout1339/X                            0.750000    1.038124   -0.288124 (VIOLATED)
input76/X                               0.750000    1.037666   -0.287666 (VIOLATED)
_11759_/C1                              0.750000    1.037250   -0.287250 (VIOLATED)
_11693_/B1                              0.750000    1.037248   -0.287249 (VIOLATED)
_10295_/B1                              0.750000    1.037246   -0.287246 (VIOLATED)
_10837_/B1                              0.750000    1.037246   -0.287246 (VIOLATED)
_10959_/A                               0.750000    1.037246   -0.287246 (VIOLATED)
fanout1945/X                            0.750000    1.037246   -0.287246 (VIOLATED)
_19206_/S                               0.750000    1.035736   -0.285736 (VIOLATED)
_19204_/S                               0.750000    1.035734   -0.285734 (VIOLATED)
_19208_/S                               0.750000    1.035728   -0.285728 (VIOLATED)
_19180_/S                               0.750000    1.035727   -0.285727 (VIOLATED)
_19176_/S                               0.750000    1.035722   -0.285722 (VIOLATED)
_19178_/S                               0.750000    1.035718   -0.285718 (VIOLATED)
_19210_/S                               0.750000    1.035717   -0.285717 (VIOLATED)
_19172_/S                               0.750000    1.035712   -0.285712 (VIOLATED)
_19038_/S                               0.750000    1.035707   -0.285707 (VIOLATED)
_19174_/S                               0.750000    1.035707   -0.285707 (VIOLATED)
fanout228/X                             0.750000    1.035707   -0.285707 (VIOLATED)
_19316_/S                               0.750000    1.033505   -0.283505 (VIOLATED)
_19315_/S                               0.750000    1.033504   -0.283504 (VIOLATED)
_19317_/S                               0.750000    1.033502   -0.283502 (VIOLATED)
_19043_/S                               0.750000    1.033499   -0.283499 (VIOLATED)
_19299_/S                               0.750000    1.033499   -0.283499 (VIOLATED)
_19300_/S                               0.750000    1.033499   -0.283499 (VIOLATED)
_19301_/S                               0.750000    1.033499   -0.283499 (VIOLATED)
_19302_/S                               0.750000    1.033499   -0.283499 (VIOLATED)
_19303_/S                               0.750000    1.033499   -0.283499 (VIOLATED)
_19318_/S                               0.750000    1.033499   -0.283499 (VIOLATED)
fanout1521/X                            0.750000    1.033499   -0.283499 (VIOLATED)
_11245_/A2                              0.750000    1.033113   -0.283113 (VIOLATED)
ANTENNA_67/DIODE                        0.750000    1.032944   -0.282944 (VIOLATED)
_18497_/A1                              0.750000    1.032939   -0.282939 (VIOLATED)
_10469_/B2                              0.750000    1.032858   -0.282858 (VIOLATED)
_11264_/A1                              0.750000    1.032854   -0.282854 (VIOLATED)
_10524_/B2                              0.750000    1.032853   -0.282853 (VIOLATED)
_10518_/A1                              0.750000    1.032842   -0.282842 (VIOLATED)
load_slew1723/A                         0.750000    1.032819   -0.282819 (VIOLATED)
_10409_/A1                              0.750000    1.032816   -0.282816 (VIOLATED)
_10463_/A1                              0.750000    1.032816   -0.282816 (VIOLATED)
fanout1722/X                            0.750000    1.032816   -0.282816 (VIOLATED)
ANTENNA_7/DIODE                         0.750000    1.032390   -0.282390 (VIOLATED)
_18791_/A1                              0.750000    1.032368   -0.282368 (VIOLATED)
ANTENNA_6/DIODE                         0.750000    1.031935   -0.281935 (VIOLATED)
_13652_/A1                              0.750000    1.031866   -0.281866 (VIOLATED)
_13555_/A1                              0.750000    1.031814   -0.281814 (VIOLATED)
_15983_/A1                              0.750000    1.031814   -0.281814 (VIOLATED)
_13722_/A1                              0.750000    1.031813   -0.281813 (VIOLATED)
_13430_/B1                              0.750000    1.031813   -0.281813 (VIOLATED)
_13434_/A                               0.750000    1.031813   -0.281813 (VIOLATED)
_13480_/A1                              0.750000    1.031813   -0.281813 (VIOLATED)
_13640_/B2                              0.750000    1.031813   -0.281813 (VIOLATED)
_13965_/B1                              0.750000    1.031813   -0.281813 (VIOLATED)
_14032_/A1                              0.750000    1.031813   -0.281813 (VIOLATED)
_14415_/A1                              0.750000    1.031813   -0.281813 (VIOLATED)
fanout1168/X                            0.750000    1.031813   -0.281813 (VIOLATED)
_11237_/X                               0.750000    1.030892   -0.280892 (VIOLATED)
_14916_/A1                              0.750000    1.030768   -0.280768 (VIOLATED)
_14806_/A                               0.750000    1.030767   -0.280767 (VIOLATED)
_14917_/A                               0.750000    1.030767   -0.280767 (VIOLATED)
_13647_/B                               0.750000    1.030763   -0.280763 (VIOLATED)
_13770_/A2                              0.750000    1.030762   -0.280762 (VIOLATED)
_14357_/A                               0.750000    1.030762   -0.280762 (VIOLATED)
_13648_/C                               0.750000    1.030761   -0.280761 (VIOLATED)
_13993_/A1                              0.750000    1.030759   -0.280759 (VIOLATED)
_14079_/A                               0.750000    1.030759   -0.280759 (VIOLATED)
_14081_/A1                              0.750000    1.030759   -0.280759 (VIOLATED)
fanout1253/X                            0.750000    1.030759   -0.280759 (VIOLATED)
_11791_/B2                              0.750000    1.030004   -0.280004 (VIOLATED)
_11914_/B2                              0.750000    1.030000   -0.280000 (VIOLATED)
fanout1614/A                            0.750000    1.029971   -0.279971 (VIOLATED)
fanout1610/A                            0.750000    1.029968   -0.279968 (VIOLATED)
_10083_/Y                               0.750000    1.029705   -0.279705 (VIOLATED)
fanout2345/A                            0.750000    1.027600   -0.277600 (VIOLATED)
fanout2339/A                            0.750000    1.027596   -0.277596 (VIOLATED)
fanout2327/A                            0.750000    1.027586   -0.277586 (VIOLATED)
fanout2334/A                            0.750000    1.027580   -0.277580 (VIOLATED)
fanout2348/A                            0.750000    1.027580   -0.277580 (VIOLATED)
fanout2351/A                            0.750000    1.027580   -0.277580 (VIOLATED)
fanout2353/X                            0.750000    1.027580   -0.277580 (VIOLATED)
_13089_/B1                              0.750000    1.027560   -0.277560 (VIOLATED)
_12922_/B1                              0.750000    1.027553   -0.277553 (VIOLATED)
fanout1341/A                            0.750000    1.027548   -0.277548 (VIOLATED)
_13103_/A2                              0.750000    1.027547   -0.277547 (VIOLATED)
_12910_/A2                              0.750000    1.027525   -0.277525 (VIOLATED)
_12843_/B1                              0.750000    1.027504   -0.277504 (VIOLATED)
fanout1342/X                            0.750000    1.027504   -0.277504 (VIOLATED)
_16536_/S                               0.750000    1.027498   -0.277498 (VIOLATED)
_16545_/S                               0.750000    1.027488   -0.277488 (VIOLATED)
_16552_/S                               0.750000    1.027488   -0.277488 (VIOLATED)
_16561_/S                               0.750000    1.027486   -0.277486 (VIOLATED)
fanout664/X                             0.750000    1.027486   -0.277486 (VIOLATED)
load_slew665/A                          0.750000    1.027486   -0.277486 (VIOLATED)
_13103_/A1                              0.750000    1.026847   -0.276848 (VIOLATED)
_12030_/A                               0.750000    1.026844   -0.276844 (VIOLATED)
input77/X                               0.750000    1.026629   -0.276629 (VIOLATED)
_17466_/A2                              0.750000    1.026040   -0.276040 (VIOLATED)
_17470_/A2                              0.750000    1.026039   -0.276039 (VIOLATED)
_17371_/A                               0.750000    1.026027   -0.276027 (VIOLATED)
_17375_/A2                              0.750000    1.026007   -0.276007 (VIOLATED)
_17379_/A2                              0.750000    1.026006   -0.276006 (VIOLATED)
_17370_/S                               0.750000    1.026005   -0.276005 (VIOLATED)
_17383_/A2                              0.750000    1.026005   -0.276005 (VIOLATED)
_17387_/A2                              0.750000    1.026005   -0.276005 (VIOLATED)
_17389_/A2                              0.750000    1.026005   -0.276005 (VIOLATED)
_17394_/A2                              0.750000    1.026005   -0.276005 (VIOLATED)
fanout416/X                             0.750000    1.026005   -0.276005 (VIOLATED)
_14830_/A                               0.750000    1.025785   -0.275785 (VIOLATED)
_14570_/B                               0.750000    1.025759   -0.275759 (VIOLATED)
fanout1233/A                            0.750000    1.025661   -0.275661 (VIOLATED)
_11941_/B2                              0.750000    1.025621   -0.275621 (VIOLATED)
_10835_/A1                              0.750000    1.025620   -0.275620 (VIOLATED)
_11446_/A1                              0.750000    1.025620   -0.275620 (VIOLATED)
_11637_/A1                              0.750000    1.025620   -0.275620 (VIOLATED)
_11935_/A1                              0.750000    1.025620   -0.275620 (VIOLATED)
fanout1729/X                            0.750000    1.025620   -0.275620 (VIOLATED)
wire1730/A                              0.750000    1.025620   -0.275620 (VIOLATED)
_13977_/X                               0.750000    1.025575   -0.275575 (VIOLATED)
_16309_/B1                              0.750000    1.024231   -0.274231 (VIOLATED)
_16134_/B1                              0.750000    1.024230   -0.274231 (VIOLATED)
_16042_/B1                              0.750000    1.024228   -0.274228 (VIOLATED)
_15949_/B1                              0.750000    1.024227   -0.274227 (VIOLATED)
_18901_/B1                              0.750000    1.024224   -0.274224 (VIOLATED)
_15860_/B1                              0.750000    1.024223   -0.274223 (VIOLATED)
_15770_/B1                              0.750000    1.024221   -0.274221 (VIOLATED)
_15622_/B1                              0.750000    1.024220   -0.274220 (VIOLATED)
_15525_/B1                              0.750000    1.024213   -0.274213 (VIOLATED)
_14782_/B1                              0.750000    1.024204   -0.274204 (VIOLATED)
fanout1103/X                            0.750000    1.024204   -0.274204 (VIOLATED)
_19421_/S                               0.750000    1.022252   -0.272252 (VIOLATED)
_19422_/S0                              0.750000    1.022252   -0.272252 (VIOLATED)
_19398_/S                               0.750000    1.022249   -0.272249 (VIOLATED)
_19399_/S0                              0.750000    1.022249   -0.272249 (VIOLATED)
_19407_/S                               0.750000    1.022245   -0.272245 (VIOLATED)
_19419_/S0                              0.750000    1.022245   -0.272245 (VIOLATED)
_19408_/S0                              0.750000    1.022244   -0.272244 (VIOLATED)
_19395_/S                               0.750000    1.022237   -0.272237 (VIOLATED)
_19396_/S0                              0.750000    1.022237   -0.272237 (VIOLATED)
fanout1886/A                            0.750000    1.022237   -0.272237 (VIOLATED)
fanout1887/X                            0.750000    1.022237   -0.272237 (VIOLATED)
_16559_/S                               0.750000    1.022219   -0.272219 (VIOLATED)
_16560_/S                               0.750000    1.021851   -0.271851 (VIOLATED)
load_slew670/A                          0.750000    1.021815   -0.271815 (VIOLATED)
fanout661/A                             0.750000    1.021765   -0.271765 (VIOLATED)
fanout669/X                             0.750000    1.021765   -0.271765 (VIOLATED)
_11059_/A2                              0.750000    1.019064   -0.269064 (VIOLATED)
_18495_/A1                              0.750000    1.018937   -0.268937 (VIOLATED)
_18784_/A1                              0.750000    1.018845   -0.268845 (VIOLATED)
_11054_/A2                              0.750000    1.018421   -0.268421 (VIOLATED)
_11052_/Y                               0.750000    1.018348   -0.268348 (VIOLATED)
_14409_/C1                              0.750000    1.017612   -0.267612 (VIOLATED)
_18756_/A1                              0.750000    1.017610   -0.267610 (VIOLATED)
_18684_/A1                              0.750000    1.017609   -0.267610 (VIOLATED)
_18749_/A1                              0.750000    1.017610   -0.267610 (VIOLATED)
_18763_/A                               0.750000    1.017609   -0.267609 (VIOLATED)
_18692_/A                               0.750000    1.017608   -0.267608 (VIOLATED)
_18806_/A1                              0.750000    1.017608   -0.267608 (VIOLATED)
_18699_/A1                              0.750000    1.017607   -0.267607 (VIOLATED)
_18735_/A1                              0.750000    1.017595   -0.267595 (VIOLATED)
fanout1321/A                            0.750000    1.017595   -0.267595 (VIOLATED)
fanout1322/X                            0.750000    1.017595   -0.267595 (VIOLATED)
_12742_/A1                              0.750000    1.016233   -0.266233 (VIOLATED)
_12732_/A                               0.750000    1.016232   -0.266232 (VIOLATED)
_10629_/B1                              0.750000    1.016221   -0.266221 (VIOLATED)
_13637_/B                               0.750000    1.016208   -0.266208 (VIOLATED)
_13639_/B                               0.750000    1.016206   -0.266206 (VIOLATED)
_13638_/B                               0.750000    1.016204   -0.266204 (VIOLATED)
_13369_/A                               0.750000    1.016173   -0.266173 (VIOLATED)
_13379_/A1                              0.750000    1.016173   -0.266173 (VIOLATED)
_10628_/X                               0.750000    1.016113   -0.266113 (VIOLATED)
wire1243/A                              0.750000    1.015735   -0.265735 (VIOLATED)
_13820_/Y                               0.750000    1.015713   -0.265713 (VIOLATED)
_19378_/S1                              0.750000    1.014715   -0.264715 (VIOLATED)
_19384_/S1                              0.750000    1.014714   -0.264714 (VIOLATED)
_19381_/S1                              0.750000    1.014710   -0.264710 (VIOLATED)
_12297_/B1                              0.750000    1.014707   -0.264707 (VIOLATED)
_19367_/D                               0.750000    1.014701   -0.264701 (VIOLATED)
_19364_/A1                              0.750000    1.014699   -0.264699 (VIOLATED)
_12285_/A                               0.750000    1.014696   -0.264696 (VIOLATED)
_12683_/A1                              0.750000    1.014693   -0.264693 (VIOLATED)
_13257_/A0                              0.750000    1.014693   -0.264693 (VIOLATED)
_19049_/A0                              0.750000    1.014693   -0.264693 (VIOLATED)
fanout2312/X                            0.750000    1.014693   -0.264693 (VIOLATED)
_15039_/B                               0.750000    1.014344   -0.264344 (VIOLATED)
_15663_/A                               0.750000    1.014341   -0.264341 (VIOLATED)
_15750_/A                               0.750000    1.014341   -0.264341 (VIOLATED)
_15467_/A                               0.750000    1.014341   -0.264341 (VIOLATED)
_15158_/B                               0.750000    1.014341   -0.264341 (VIOLATED)
_15748_/A1                              0.750000    1.014340   -0.264340 (VIOLATED)
_15466_/A                               0.750000    1.014323   -0.264323 (VIOLATED)
_15373_/A                               0.750000    1.014321   -0.264321 (VIOLATED)
_14815_/B                               0.750000    1.014318   -0.264318 (VIOLATED)
_15157_/A                               0.750000    1.014318   -0.264318 (VIOLATED)
fanout1223/X                            0.750000    1.014318   -0.264318 (VIOLATED)
_12909_/A                               0.750000    1.013560   -0.263560 (VIOLATED)
_12916_/A1                              0.750000    1.013559   -0.263559 (VIOLATED)
_18520_/A0                              0.750000    1.013485   -0.263485 (VIOLATED)
ANTENNA_82/DIODE                        0.750000    1.013484   -0.263484 (VIOLATED)
_11180_/B                               0.750000    1.013425   -0.263425 (VIOLATED)
ANTENNA_83/DIODE                        0.750000    1.013419   -0.263419 (VIOLATED)
_18861_/A2                              0.750000    1.013419   -0.263419 (VIOLATED)
ANTENNA_84/DIODE                        0.750000    1.013418   -0.263418 (VIOLATED)
_18858_/A1                              0.750000    1.013418   -0.263418 (VIOLATED)
_21776_/A                               0.750000    1.013374   -0.263374 (VIOLATED)
max_cap486/A                            0.750000    1.013370   -0.263370 (VIOLATED)
_11865_/X                               0.750000    1.013367   -0.263367 (VIOLATED)
_14876_/B                               0.750000    1.013250   -0.263251 (VIOLATED)
_11179_/A                               0.750000    1.013196   -0.263196 (VIOLATED)
_11178_/X                               0.750000    1.012865   -0.262865 (VIOLATED)
_17574_/B1                              0.750000    1.012285   -0.262285 (VIOLATED)
_17571_/B1                              0.750000    1.012283   -0.262283 (VIOLATED)
_17578_/B1                              0.750000    1.012282   -0.262282 (VIOLATED)
_17567_/B1                              0.750000    1.012274   -0.262274 (VIOLATED)
_17498_/B1                              0.750000    1.012247   -0.262247 (VIOLATED)
_17502_/B1                              0.750000    1.012247   -0.262247 (VIOLATED)
_17506_/B1                              0.750000    1.012247   -0.262247 (VIOLATED)
_17510_/B1                              0.750000    1.012247   -0.262247 (VIOLATED)
_17514_/B1                              0.750000    1.012247   -0.262247 (VIOLATED)
fanout302/A                             0.750000    1.012247   -0.262247 (VIOLATED)
fanout303/X                             0.750000    1.012247   -0.262247 (VIOLATED)
_12982_/B1                              0.750000    1.011940   -0.261940 (VIOLATED)
_13050_/A2                              0.750000    1.011938   -0.261938 (VIOLATED)
_13063_/A2                              0.750000    1.011935   -0.261935 (VIOLATED)
_13008_/A2                              0.750000    1.011935   -0.261935 (VIOLATED)
_13022_/A2                              0.750000    1.011929   -0.261929 (VIOLATED)
_13035_/A2                              0.750000    1.011928   -0.261928 (VIOLATED)
_12954_/A2                              0.750000    1.011919   -0.261919 (VIOLATED)
_12940_/A2                              0.750000    1.011917   -0.261917 (VIOLATED)
_12965_/A2                              0.750000    1.011917   -0.261917 (VIOLATED)
_13101_/B1                              0.750000    1.011917   -0.261917 (VIOLATED)
fanout1345/X                            0.750000    1.011917   -0.261917 (VIOLATED)
_19418_/S                               0.750000    1.011786   -0.261786 (VIOLATED)
_19401_/S                               0.750000    1.011785   -0.261785 (VIOLATED)
_19410_/S                               0.750000    1.011784   -0.261784 (VIOLATED)
_19411_/S0                              0.750000    1.011784   -0.261784 (VIOLATED)
_19389_/S                               0.750000    1.011784   -0.261784 (VIOLATED)
_19390_/S0                              0.750000    1.011784   -0.261784 (VIOLATED)
_19392_/S                               0.750000    1.011784   -0.261784 (VIOLATED)
_19393_/S0                              0.750000    1.011784   -0.261784 (VIOLATED)
_19414_/S                               0.750000    1.011784   -0.261784 (VIOLATED)
_19415_/S0                              0.750000    1.011784   -0.261784 (VIOLATED)
fanout1886/X                            0.750000    1.011784   -0.261784 (VIOLATED)
_18594_/A4                              0.750000    1.010486   -0.260486 (VIOLATED)
_18679_/S                               0.750000    1.010486   -0.260486 (VIOLATED)
_18672_/S                               0.750000    1.010484   -0.260484 (VIOLATED)
fanout471/A                             0.750000    1.010484   -0.260484 (VIOLATED)
_18701_/S                               0.750000    1.010482   -0.260482 (VIOLATED)
_18624_/S                               0.750000    1.010481   -0.260481 (VIOLATED)
_18657_/S                               0.750000    1.010481   -0.260481 (VIOLATED)
_18665_/S                               0.750000    1.010481   -0.260481 (VIOLATED)
_18723_/S                               0.750000    1.010481   -0.260481 (VIOLATED)
_18730_/S                               0.750000    1.010481   -0.260481 (VIOLATED)
fanout472/X                             0.750000    1.010481   -0.260481 (VIOLATED)
_10628_/B2                              0.750000    1.009707   -0.259707 (VIOLATED)
max_cap1384/A                           0.750000    1.009701   -0.259701 (VIOLATED)
_10620_/Y                               0.750000    1.009690   -0.259690 (VIOLATED)
_11068_/B2                              0.750000    1.009663   -0.259663 (VIOLATED)
_11193_/A                               0.750000    1.009663   -0.259663 (VIOLATED)
_10238_/B2                              0.750000    1.009655   -0.259655 (VIOLATED)
_11203_/B2                              0.750000    1.009650   -0.259650 (VIOLATED)
_10233_/A1                              0.750000    1.009639   -0.259639 (VIOLATED)
load_slew1711/A                         0.750000    1.009635   -0.259635 (VIOLATED)
_10834_/A1                              0.750000    1.009631   -0.259631 (VIOLATED)
fanout1710/X                            0.750000    1.009631   -0.259631 (VIOLATED)
_18068_/A2                              0.750000    1.009603   -0.259603 (VIOLATED)
_18077_/A2                              0.750000    1.009603   -0.259603 (VIOLATED)
_18088_/B1                              0.750000    1.009600   -0.259600 (VIOLATED)
_18086_/A2                              0.750000    1.009597   -0.259597 (VIOLATED)
_18092_/A2                              0.750000    1.009597   -0.259597 (VIOLATED)
_18003_/C                               0.750000    1.009596   -0.259596 (VIOLATED)
_18056_/A2                              0.750000    1.009596   -0.259596 (VIOLATED)
_18058_/B1                              0.750000    1.009596   -0.259596 (VIOLATED)
_18061_/B1                              0.750000    1.009596   -0.259596 (VIOLATED)
_18071_/A2                              0.750000    1.009596   -0.259596 (VIOLATED)
fanout737/X                             0.750000    1.009596   -0.259596 (VIOLATED)
_15742_/B                               0.750000    1.009221   -0.259221 (VIOLATED)
_15645_/C                               0.750000    1.009216   -0.259216 (VIOLATED)
_15554_/B1                              0.750000    1.009213   -0.259213 (VIOLATED)
_15455_/B                               0.750000    1.009206   -0.259206 (VIOLATED)
_16008_/A                               0.750000    1.009205   -0.259205 (VIOLATED)
_16101_/B                               0.750000    1.009203   -0.259203 (VIOLATED)
_16189_/A                               0.750000    1.009203   -0.259203 (VIOLATED)
_14665_/A2                              0.750000    1.009183   -0.259183 (VIOLATED)
_14915_/B                               0.750000    1.009183   -0.259183 (VIOLATED)
_15019_/A2                              0.750000    1.009183   -0.259183 (VIOLATED)
fanout1155/X                            0.750000    1.009183   -0.259183 (VIOLATED)
wire821/A                               0.750000    1.008426   -0.258426 (VIOLATED)
_16941_/S                               0.750000    1.008423   -0.258423 (VIOLATED)
_16957_/S                               0.750000    1.008103   -0.258103 (VIOLATED)
_16946_/S                               0.750000    1.008068   -0.258068 (VIOLATED)
fanout819/X                             0.750000    1.008068   -0.258068 (VIOLATED)
wire820/A                               0.750000    1.008068   -0.258068 (VIOLATED)
_19707_/B1                              0.750000    1.007964   -0.257964 (VIOLATED)
_19752_/A2                              0.750000    1.007961   -0.257961 (VIOLATED)
_12184_/A                               0.750000    1.007960   -0.257960 (VIOLATED)
input1/X                                0.750000    1.007728   -0.257728 (VIOLATED)
_19432_/A_N                             0.750000    1.007596   -0.257596 (VIOLATED)
_19452_/B                               0.750000    1.007597   -0.257597 (VIOLATED)
_19374_/B                               0.750000    1.007589   -0.257589 (VIOLATED)
_19445_/B                               0.750000    1.007589   -0.257589 (VIOLATED)
_19430_/A                               0.750000    1.007586   -0.257586 (VIOLATED)
_19371_/B                               0.750000    1.007585   -0.257585 (VIOLATED)
_19431_/A_N                             0.750000    1.007585   -0.257585 (VIOLATED)
_19446_/B                               0.750000    1.007585   -0.257585 (VIOLATED)
_19484_/A2                              0.750000    1.007585   -0.257585 (VIOLATED)
_19544_/A1                              0.750000    1.007585   -0.257585 (VIOLATED)
fanout1519/X                            0.750000    1.007585   -0.257585 (VIOLATED)
_11587_/A1                              0.750000    1.006809   -0.256809 (VIOLATED)
ANTENNA_27/DIODE                        0.750000    1.006806   -0.256806 (VIOLATED)
ANTENNA_26/DIODE                        0.750000    1.006752   -0.256752 (VIOLATED)
_10474_/A1_N                            0.750000    1.006711   -0.256711 (VIOLATED)
_15139_/A1                              0.750000    1.005414   -0.255414 (VIOLATED)
_15140_/A                               0.750000    1.005413   -0.255413 (VIOLATED)
_15143_/B2                              0.750000    1.005413   -0.255413 (VIOLATED)
_15019_/B2                              0.750000    1.005410   -0.255410 (VIOLATED)
_14915_/A                               0.750000    1.005403   -0.255403 (VIOLATED)
_09991_/C_N                             0.750000    1.005159   -0.255159 (VIOLATED)
_09987_/A                               0.750000    1.005153   -0.255153 (VIOLATED)
_09982_/A_N                             0.750000    1.005153   -0.255153 (VIOLATED)
_09978_/B                               0.750000    1.005150   -0.255150 (VIOLATED)
_09968_/B                               0.750000    1.005144   -0.255144 (VIOLATED)
_09975_/B                               0.750000    1.005141   -0.255141 (VIOLATED)
_12070_/A2                              0.750000    1.005141   -0.255141 (VIOLATED)
_09941_/A                               0.750000    1.005140   -0.255140 (VIOLATED)
_09974_/B                               0.750000    1.005140   -0.255140 (VIOLATED)
_09980_/A_N                             0.750000    1.005140   -0.255140 (VIOLATED)
_12167_/A1                              0.750000    1.005140   -0.255140 (VIOLATED)
fanout2289/X                            0.750000    1.005140   -0.255140 (VIOLATED)
_14562_/B1                              0.750000    1.005087   -0.255087 (VIOLATED)
_14684_/B2                              0.750000    1.005084   -0.255084 (VIOLATED)
_14257_/A                               0.750000    1.005054   -0.255054 (VIOLATED)
fanout1251/A                            0.750000    1.005054   -0.255054 (VIOLATED)
fanout1252/X                            0.750000    1.005054   -0.255054 (VIOLATED)
fanout1927/A                            0.750000    1.003237   -0.253237 (VIOLATED)
_21628_/Q                               0.750000    1.003232   -0.253232 (VIOLATED)
_13073_/A1                              0.750000    1.002816   -0.252816 (VIOLATED)
_12029_/A2                              0.750000    1.002808   -0.252808 (VIOLATED)
_12028_/B                               0.750000    1.002798   -0.252798 (VIOLATED)
input75/X                               0.750000    1.002518   -0.252518 (VIOLATED)
_19534_/C                               0.750000    1.002429   -0.252430 (VIOLATED)
_19573_/A2                              0.750000    1.002429   -0.252429 (VIOLATED)
_19455_/A                               0.750000    1.002425   -0.252425 (VIOLATED)
_19493_/B                               0.750000    1.002425   -0.252425 (VIOLATED)
_19607_/A1                              0.750000    1.002423   -0.252423 (VIOLATED)
_19496_/A                               0.750000    1.002422   -0.252422 (VIOLATED)
_19454_/A                               0.750000    1.002416   -0.252417 (VIOLATED)
_19613_/B                               0.750000    1.002411   -0.252411 (VIOLATED)
_19625_/A2                              0.750000    1.002411   -0.252411 (VIOLATED)
_19639_/A1                              0.750000    1.002411   -0.252411 (VIOLATED)
fanout1517/X                            0.750000    1.002411   -0.252411 (VIOLATED)
ANTENNA_70/DIODE                        0.750000    1.002318   -0.252318 (VIOLATED)
_18805_/A1_N                            0.750000    1.002318   -0.252318 (VIOLATED)
_18502_/A                               0.750000    1.002295   -0.252296 (VIOLATED)
_11372_/A2                              0.750000    1.002271   -0.252271 (VIOLATED)
max_cap1365/A                           0.750000    1.002266   -0.252266 (VIOLATED)
_11367_/X                               0.750000    1.001940   -0.251940 (VIOLATED)
_18830_/S                               0.750000    1.001192   -0.251192 (VIOLATED)
_18844_/S                               0.750000    1.001192   -0.251192 (VIOLATED)
_18837_/S                               0.750000    1.001191   -0.251191 (VIOLATED)
_18851_/S                               0.750000    1.001190   -0.251190 (VIOLATED)
_18858_/S                               0.750000    1.001187   -0.251187 (VIOLATED)
_18808_/S                               0.750000    1.001186   -0.251186 (VIOLATED)
_18865_/S                               0.750000    1.001185   -0.251185 (VIOLATED)
_18816_/S                               0.750000    1.001180   -0.251180 (VIOLATED)
_18823_/S                               0.750000    1.001177   -0.251177 (VIOLATED)
fanout473/A                             0.750000    1.001174   -0.251174 (VIOLATED)
fanout474/X                             0.750000    1.001174   -0.251174 (VIOLATED)
_11082_/A2                              0.750000    1.001127   -0.251127 (VIOLATED)
_11115_/A2                              0.750000    1.001125   -0.251125 (VIOLATED)
_12657_/A                               0.750000    1.001119   -0.251119 (VIOLATED)
_11079_/Y                               0.750000    1.001117   -0.251117 (VIOLATED)
_19448_/A                               0.750000    1.000565   -0.250565 (VIOLATED)
_19420_/A1                              0.750000    1.000565   -0.250565 (VIOLATED)
_19534_/B                               0.750000    1.000564   -0.250564 (VIOLATED)
_19447_/A                               0.750000    1.000556   -0.250556 (VIOLATED)
_19574_/A1                              0.750000    1.000550   -0.250550 (VIOLATED)
_19440_/B                               0.750000    1.000546   -0.250546 (VIOLATED)
_19511_/B                               0.750000    1.000523   -0.250523 (VIOLATED)
_19661_/A2                              0.750000    1.000520   -0.250520 (VIOLATED)
_19613_/A                               0.750000    1.000518   -0.250518 (VIOLATED)
fanout1535/A                            0.750000    1.000518   -0.250518 (VIOLATED)
fanout1536/X                            0.750000    1.000518   -0.250518 (VIOLATED)
_13354_/B1                              0.750000    0.998771   -0.248771 (VIOLATED)
_13328_/A1                              0.750000    0.998770   -0.248770 (VIOLATED)
_13327_/B1                              0.750000    0.998769   -0.248769 (VIOLATED)
_13326_/A                               0.750000    0.998765   -0.248765 (VIOLATED)
_09931_/B                               0.750000    0.998755   -0.248755 (VIOLATED)
_09933_/A1                              0.750000    0.998755   -0.248755 (VIOLATED)
_09934_/A1                              0.750000    0.998755   -0.248755 (VIOLATED)
_09937_/A_N                             0.750000    0.998755   -0.248755 (VIOLATED)
_09951_/A                               0.750000    0.998755   -0.248755 (VIOLATED)
_09964_/A                               0.750000    0.998755   -0.248755 (VIOLATED)
fanout1704/X                            0.750000    0.998755   -0.248755 (VIOLATED)
_13739_/A1                              0.750000    0.998282   -0.248282 (VIOLATED)
_13610_/A1                              0.750000    0.998279   -0.248279 (VIOLATED)
_13308_/A                               0.750000    0.998275   -0.248275 (VIOLATED)
_13314_/B                               0.750000    0.998272   -0.248272 (VIOLATED)
_13315_/A1                              0.750000    0.998264   -0.248264 (VIOLATED)
_13546_/A1                              0.750000    0.998237   -0.248237 (VIOLATED)
_13471_/A1                              0.750000    0.998221   -0.248221 (VIOLATED)
_13309_/A                               0.750000    0.998210   -0.248210 (VIOLATED)
_13731_/A1                              0.750000    0.998201   -0.248201 (VIOLATED)
_12321_/A0                              0.750000    0.998198   -0.248198 (VIOLATED)
fanout1908/X                            0.750000    0.998198   -0.248198 (VIOLATED)
_11545_/A1                              0.750000    0.996794   -0.246794 (VIOLATED)
fanout1687/A                            0.750000    0.996778   -0.246778 (VIOLATED)
_11890_/A1                              0.750000    0.996774   -0.246774 (VIOLATED)
_11850_/A1                              0.750000    0.996771   -0.246771 (VIOLATED)
fanout1689/A                            0.750000    0.996769   -0.246770 (VIOLATED)
fanout1691/X                            0.750000    0.996769   -0.246770 (VIOLATED)
_14122_/A1                              0.750000    0.996608   -0.246609 (VIOLATED)
_13437_/A                               0.750000    0.996607   -0.246607 (VIOLATED)
_13435_/C                               0.750000    0.996606   -0.246606 (VIOLATED)
_13480_/B2                              0.750000    0.996606   -0.246606 (VIOLATED)
_13554_/B1                              0.750000    0.996606   -0.246606 (VIOLATED)
_13641_/B1                              0.750000    0.996606   -0.246606 (VIOLATED)
_13722_/B2                              0.750000    0.996606   -0.246606 (VIOLATED)
_13967_/A1                              0.750000    0.996606   -0.246606 (VIOLATED)
_14032_/B2                              0.750000    0.996606   -0.246606 (VIOLATED)
_15982_/B1                              0.750000    0.996606   -0.246606 (VIOLATED)
fanout1049/X                            0.750000    0.996606   -0.246606 (VIOLATED)
_16983_/S                               0.750000    0.995145   -0.245145 (VIOLATED)
_16985_/S                               0.750000    0.995140   -0.245140 (VIOLATED)
_16993_/S                               0.750000    0.995140   -0.245140 (VIOLATED)
fanout572/X                             0.750000    0.995140   -0.245140 (VIOLATED)
load_slew573/A                          0.750000    0.995140   -0.245140 (VIOLATED)
wire1846/A                              0.750000    0.994027   -0.244027 (VIOLATED)
_10664_/C1                              0.750000    0.994020   -0.244020 (VIOLATED)
_10727_/A1                              0.750000    0.994020   -0.244020 (VIOLATED)
_10777_/C1                              0.750000    0.994020   -0.244020 (VIOLATED)
_10904_/A                               0.750000    0.994020   -0.244020 (VIOLATED)
fanout1845/X                            0.750000    0.994020   -0.244020 (VIOLATED)
_10206_/B1                              0.750000    0.993600   -0.243600 (VIOLATED)
_11788_/B1                              0.750000    0.993569   -0.243569 (VIOLATED)
_11718_/B1                              0.750000    0.993565   -0.243566 (VIOLATED)
_10982_/B1                              0.750000    0.993546   -0.243546 (VIOLATED)
_10336_/B1                              0.750000    0.993542   -0.243542 (VIOLATED)
fanout1609/X                            0.750000    0.993542   -0.243542 (VIOLATED)
_12666_/A1_N                            0.750000    0.992562   -0.242562 (VIOLATED)
_12611_/A0                              0.750000    0.992550   -0.242550 (VIOLATED)
_12633_/B2                              0.750000    0.992543   -0.242543 (VIOLATED)
_12648_/B2                              0.750000    0.992529   -0.242529 (VIOLATED)
_13846_/A1                              0.750000    0.992240   -0.242240 (VIOLATED)
_13845_/A1                              0.750000    0.992238   -0.242238 (VIOLATED)
_18982_/A0                              0.750000    0.992120   -0.242120 (VIOLATED)
_12282_/S                               0.750000    0.992106   -0.242106 (VIOLATED)
_19380_/S                               0.750000    0.992102   -0.242102 (VIOLATED)
_19381_/S0                              0.750000    0.992101   -0.242101 (VIOLATED)
_12296_/S                               0.750000    0.992097   -0.242097 (VIOLATED)
_12295_/S                               0.750000    0.992091   -0.242091 (VIOLATED)
_12193_/D_N                             0.750000    0.992086   -0.242086 (VIOLATED)
_12283_/S                               0.750000    0.992086   -0.242086 (VIOLATED)
_12286_/A                               0.750000    0.992086   -0.242086 (VIOLATED)
_19036_/B2                              0.750000    0.992086   -0.242086 (VIOLATED)
_19366_/B1                              0.750000    0.992086   -0.242086 (VIOLATED)
fanout1885/X                            0.750000    0.992086   -0.242086 (VIOLATED)
_10417_/B1                              0.750000    0.991891   -0.241891 (VIOLATED)
_10446_/A2                              0.750000    0.991887   -0.241887 (VIOLATED)
wire862/A                               0.750000    0.991865   -0.241865 (VIOLATED)
load_slew863/A                          0.750000    0.991859   -0.241860 (VIOLATED)
_16364_/S                               0.750000    0.991857   -0.241857 (VIOLATED)
_16366_/S                               0.750000    0.991857   -0.241857 (VIOLATED)
_16367_/S                               0.750000    0.991857   -0.241857 (VIOLATED)
fanout861/X                             0.750000    0.991857   -0.241857 (VIOLATED)
_16343_/A2                              0.750000    0.991700   -0.241700 (VIOLATED)
_14745_/A2                              0.750000    0.991693   -0.241693 (VIOLATED)
_14743_/Y                               0.750000    0.991644   -0.241644 (VIOLATED)
_10416_/X                               0.750000    0.991026   -0.241026 (VIOLATED)
_19207_/S                               0.750000    0.990843   -0.240843 (VIOLATED)
_19037_/S                               0.750000    0.990842   -0.240842 (VIOLATED)
_19171_/S                               0.750000    0.990842   -0.240842 (VIOLATED)
_19173_/S                               0.750000    0.990842   -0.240842 (VIOLATED)
_19175_/S                               0.750000    0.990842   -0.240842 (VIOLATED)
_19177_/S                               0.750000    0.990842   -0.240842 (VIOLATED)
_19179_/S                               0.750000    0.990842   -0.240842 (VIOLATED)
_19209_/S                               0.750000    0.990842   -0.240842 (VIOLATED)
_19362_/B1                              0.750000    0.990842   -0.240842 (VIOLATED)
_19366_/A1                              0.750000    0.990842   -0.240842 (VIOLATED)
fanout1880/X                            0.750000    0.990842   -0.240842 (VIOLATED)
_18389_/B1                              0.750000    0.990700   -0.240700 (VIOLATED)
_18395_/B1                              0.750000    0.990700   -0.240700 (VIOLATED)
_18401_/B1                              0.750000    0.990698   -0.240698 (VIOLATED)
_18412_/B1                              0.750000    0.990698   -0.240698 (VIOLATED)
_18406_/B1                              0.750000    0.990698   -0.240698 (VIOLATED)
_18423_/B1                              0.750000    0.990695   -0.240695 (VIOLATED)
_18338_/B1                              0.750000    0.990693   -0.240693 (VIOLATED)
_18344_/B1                              0.750000    0.990693   -0.240693 (VIOLATED)
_18355_/B1                              0.750000    0.990693   -0.240693 (VIOLATED)
_18418_/B1                              0.750000    0.990693   -0.240693 (VIOLATED)
fanout1525/X                            0.750000    0.990693   -0.240693 (VIOLATED)
_14531_/A1                              0.750000    0.989987   -0.239987 (VIOLATED)
_14319_/A1                              0.750000    0.989986   -0.239986 (VIOLATED)
_13308_/B                               0.750000    0.989977   -0.239977 (VIOLATED)
_13314_/A_N                             0.750000    0.989974   -0.239974 (VIOLATED)
_14048_/A1                              0.750000    0.989965   -0.239965 (VIOLATED)
_14225_/A1                              0.750000    0.989950   -0.239950 (VIOLATED)
_14133_/A1                              0.750000    0.989922   -0.239922 (VIOLATED)
_13309_/B                               0.750000    0.989916   -0.239916 (VIOLATED)
_14427_/A1                              0.750000    0.989913   -0.239913 (VIOLATED)
_12319_/A0                              0.750000    0.989912   -0.239912 (VIOLATED)
fanout1907/X                            0.750000    0.989912   -0.239912 (VIOLATED)
_18006_/A1                              0.750000    0.989855   -0.239855 (VIOLATED)
_18221_/A2                              0.750000    0.989855   -0.239855 (VIOLATED)
_18222_/A2                              0.750000    0.989852   -0.239852 (VIOLATED)
_17970_/A2                              0.750000    0.989848   -0.239848 (VIOLATED)
_13240_/A                               0.750000    0.989825   -0.239825 (VIOLATED)
_13253_/A                               0.750000    0.989821   -0.239821 (VIOLATED)
_12680_/A                               0.750000    0.989814   -0.239814 (VIOLATED)
_13126_/B                               0.750000    0.989805   -0.239805 (VIOLATED)
_18197_/B                               0.750000    0.989805   -0.239805 (VIOLATED)
_18201_/A1                              0.750000    0.989805   -0.239805 (VIOLATED)
fanout450/X                             0.750000    0.989805   -0.239805 (VIOLATED)
_17175_/S                               0.750000    0.986888   -0.236888 (VIOLATED)
_17191_/S                               0.750000    0.986862   -0.236862 (VIOLATED)
_17174_/S                               0.750000    0.986852   -0.236852 (VIOLATED)
wire791/A                               0.750000    0.986825   -0.236825 (VIOLATED)
_17172_/S                               0.750000    0.986824   -0.236824 (VIOLATED)
fanout790/X                             0.750000    0.986824   -0.236824 (VIOLATED)
_11762_/A2                              0.750000    0.984506   -0.234507 (VIOLATED)
_11587_/A2                              0.750000    0.984506   -0.234506 (VIOLATED)
_11647_/A2                              0.750000    0.984504   -0.234504 (VIOLATED)
_11702_/A2                              0.750000    0.984503   -0.234503 (VIOLATED)
_11819_/A2                              0.750000    0.984492   -0.234492 (VIOLATED)
_11885_/A2                              0.750000    0.984459   -0.234459 (VIOLATED)
_09956_/Y                               0.750000    0.984412   -0.234412 (VIOLATED)
_17672_/B2                              0.750000    0.983243   -0.233243 (VIOLATED)
_17809_/A1                              0.750000    0.983241   -0.233241 (VIOLATED)
_18210_/B                               0.750000    0.983205   -0.233205 (VIOLATED)
fanout716/A                             0.750000    0.982829   -0.232829 (VIOLATED)
_12862_/X                               0.750000    0.982788   -0.232788 (VIOLATED)
fanout1132/A                            0.750000    0.981940   -0.231940 (VIOLATED)
_16174_/A1                              0.750000    0.981936   -0.231936 (VIOLATED)
_16084_/A1                              0.750000    0.981931   -0.231931 (VIOLATED)
_15611_/A1                              0.750000    0.981918   -0.231918 (VIOLATED)
_14991_/A1                              0.750000    0.981908   -0.231908 (VIOLATED)
_15414_/A1                              0.750000    0.981908   -0.231908 (VIOLATED)
_14637_/A1                              0.750000    0.981907   -0.231907 (VIOLATED)
_14757_/A1                              0.750000    0.981907   -0.231907 (VIOLATED)
_15513_/A1                              0.750000    0.981907   -0.231907 (VIOLATED)
fanout1133/X                            0.750000    0.981907   -0.231907 (VIOLATED)
_13056_/S                               0.750000    0.981602   -0.231602 (VIOLATED)
_13069_/S                               0.750000    0.981599   -0.231599 (VIOLATED)
fanout1091/A                            0.750000    0.981592   -0.231592 (VIOLATED)
_13112_/S                               0.750000    0.981585   -0.231585 (VIOLATED)
_12989_/S                               0.750000    0.981584   -0.231584 (VIOLATED)
_12919_/S                               0.750000    0.981583   -0.231583 (VIOLATED)
_12905_/S                               0.750000    0.981580   -0.231580 (VIOLATED)
_12865_/S                               0.750000    0.981579   -0.231580 (VIOLATED)
_12879_/S                               0.750000    0.981579   -0.231580 (VIOLATED)
_12892_/S                               0.750000    0.981579   -0.231580 (VIOLATED)
fanout1092/X                            0.750000    0.981579   -0.231580 (VIOLATED)
_14519_/A1                              0.750000    0.979222   -0.229222 (VIOLATED)
_14750_/A1                              0.750000    0.979220   -0.229220 (VIOLATED)
_15510_/A1                              0.750000    0.979219   -0.229219 (VIOLATED)
_15206_/A1                              0.750000    0.979216   -0.229216 (VIOLATED)
_13872_/A1                              0.750000    0.979211   -0.229211 (VIOLATED)
_13795_/A1                              0.750000    0.979210   -0.229210 (VIOLATED)
_15801_/B1                              0.750000    0.979210   -0.229210 (VIOLATED)
_15898_/A1                              0.750000    0.979210   -0.229210 (VIOLATED)
_16080_/B2                              0.750000    0.979210   -0.229210 (VIOLATED)
_16170_/B2                              0.750000    0.979210   -0.229210 (VIOLATED)
fanout1050/X                            0.750000    0.979210   -0.229210 (VIOLATED)
_17925_/S                               0.750000    0.978582   -0.228582 (VIOLATED)
_17932_/S                               0.750000    0.978582   -0.228582 (VIOLATED)
fanout396/A                             0.750000    0.978582   -0.228582 (VIOLATED)
fanout398/X                             0.750000    0.978582   -0.228582 (VIOLATED)
wire399/A                               0.750000    0.978582   -0.228582 (VIOLATED)
_10223_/A1                              0.750000    0.977283   -0.227283 (VIOLATED)
_10449_/A1                              0.750000    0.977283   -0.227283 (VIOLATED)
_10165_/A1                              0.750000    0.977283   -0.227283 (VIOLATED)
_11919_/A1                              0.750000    0.977283   -0.227283 (VIOLATED)
_11978_/A1                              0.750000    0.977283   -0.227283 (VIOLATED)
_10343_/S                               0.750000    0.977282   -0.227282 (VIOLATED)
_10395_/S                               0.750000    0.977282   -0.227282 (VIOLATED)
_10508_/A1                              0.750000    0.977282   -0.227282 (VIOLATED)
_11677_/A1                              0.750000    0.977282   -0.227282 (VIOLATED)
_11735_/A1                              0.750000    0.977282   -0.227282 (VIOLATED)
fanout1297/X                            0.750000    0.977282   -0.227282 (VIOLATED)
_19189_/S                               0.750000    0.977256   -0.227256 (VIOLATED)
_19193_/S                               0.750000    0.977256   -0.227256 (VIOLATED)
_19195_/S                               0.750000    0.977256   -0.227256 (VIOLATED)
_19199_/S                               0.750000    0.977256   -0.227256 (VIOLATED)
_19217_/S                               0.750000    0.977256   -0.227256 (VIOLATED)
_19219_/S                               0.750000    0.977256   -0.227256 (VIOLATED)
_19223_/S                               0.750000    0.977256   -0.227256 (VIOLATED)
_19227_/S                               0.750000    0.977256   -0.227256 (VIOLATED)
_19229_/S                               0.750000    0.977256   -0.227256 (VIOLATED)
_19231_/S                               0.750000    0.977256   -0.227256 (VIOLATED)
fanout1882/X                            0.750000    0.977256   -0.227256 (VIOLATED)
_11025_/B1                              0.750000    0.976050   -0.226050 (VIOLATED)
_10483_/B1                              0.750000    0.976044   -0.226044 (VIOLATED)
_11949_/B1                              0.750000    0.976032   -0.226033 (VIOLATED)
_11962_/A1                              0.750000    0.976010   -0.226010 (VIOLATED)
load_slew1625/A                         0.750000    0.975984   -0.225984 (VIOLATED)
_11477_/B2                              0.750000    0.975963   -0.225963 (VIOLATED)
_11480_/B1                              0.750000    0.975963   -0.225963 (VIOLATED)
fanout1624/X                            0.750000    0.975963   -0.225963 (VIOLATED)
output159/A                             0.750000    0.975910   -0.225910 (VIOLATED)
_11007_/A2                              0.750000    0.974940   -0.224940 (VIOLATED)
load_slew1775/A                         0.750000    0.974938   -0.224938 (VIOLATED)
_10404_/A2                              0.750000    0.974930   -0.224930 (VIOLATED)
_10514_/A2                              0.750000    0.974930   -0.224930 (VIOLATED)
_11442_/A2                              0.750000    0.974930   -0.224930 (VIOLATED)
fanout1774/X                            0.750000    0.974930   -0.224930 (VIOLATED)
_13790_/B1                              0.750000    0.974396   -0.224396 (VIOLATED)
_13886_/A1                              0.750000    0.974396   -0.224396 (VIOLATED)
_14875_/B1                              0.750000    0.974396   -0.224396 (VIOLATED)
_14984_/B1                              0.750000    0.974396   -0.224396 (VIOLATED)
_15091_/B1                              0.750000    0.974396   -0.224396 (VIOLATED)
_15211_/A1                              0.750000    0.974396   -0.224396 (VIOLATED)
_15310_/B1                              0.750000    0.974396   -0.224396 (VIOLATED)
_15406_/B1                              0.750000    0.974396   -0.224396 (VIOLATED)
_15506_/B1                              0.750000    0.974396   -0.224396 (VIOLATED)
_16166_/B1                              0.750000    0.974396   -0.224396 (VIOLATED)
fanout1507/X                            0.750000    0.974396   -0.224396 (VIOLATED)
_15917_/A1                              0.750000    0.974218   -0.224218 (VIOLATED)
_16003_/A1                              0.750000    0.974217   -0.224217 (VIOLATED)
_16024_/A1                              0.750000    0.974216   -0.224216 (VIOLATED)
_16017_/A                               0.750000    0.974215   -0.224215 (VIOLATED)
_16020_/A1                              0.750000    0.974212   -0.224212 (VIOLATED)
_15744_/B                               0.750000    0.974210   -0.224210 (VIOLATED)
_15564_/B                               0.750000    0.974194   -0.224194 (VIOLATED)
_14947_/B                               0.750000    0.974187   -0.224187 (VIOLATED)
_15052_/A2                              0.750000    0.974187   -0.224187 (VIOLATED)
_15168_/B1                              0.750000    0.974187   -0.224187 (VIOLATED)
fanout1218/X                            0.750000    0.974187   -0.224187 (VIOLATED)
_11557_/Y                               0.750000    0.973676   -0.223676 (VIOLATED)
wire1362/A                              0.750000    0.973676   -0.223676 (VIOLATED)
ANTENNA_23/DIODE                        0.750000    0.973488   -0.223488 (VIOLATED)
ANTENNA_21/DIODE                        0.750000    0.973471   -0.223471 (VIOLATED)
ANTENNA_19/DIODE                        0.750000    0.973469   -0.223469 (VIOLATED)
ANTENNA_17/DIODE                        0.750000    0.973467   -0.223467 (VIOLATED)
ANTENNA_15/DIODE                        0.750000    0.973465   -0.223465 (VIOLATED)
ANTENNA_14/DIODE                        0.750000    0.973464   -0.223464 (VIOLATED)
ANTENNA_16/DIODE                        0.750000    0.973464   -0.223464 (VIOLATED)
ANTENNA_18/DIODE                        0.750000    0.973464   -0.223464 (VIOLATED)
ANTENNA_20/DIODE                        0.750000    0.973464   -0.223464 (VIOLATED)
ANTENNA_22/DIODE                        0.750000    0.973464   -0.223464 (VIOLATED)
_19745_/A1                              0.750000    0.973464   -0.223464 (VIOLATED)
ANTENNA_13/DIODE                        0.750000    0.973461   -0.223461 (VIOLATED)
_12574_/X                               0.750000    0.973458   -0.223458 (VIOLATED)
_10998_/A2                              0.750000    0.973085   -0.223085 (VIOLATED)
_11977_/A2                              0.750000    0.973084   -0.223084 (VIOLATED)
_11918_/A2                              0.750000    0.973081   -0.223081 (VIOLATED)
_11058_/A2                              0.750000    0.973076   -0.223076 (VIOLATED)
_11117_/A2                              0.750000    0.973076   -0.223076 (VIOLATED)
_11177_/A2                              0.750000    0.973076   -0.223076 (VIOLATED)
_11244_/A2                              0.750000    0.973076   -0.223076 (VIOLATED)
_11371_/A2                              0.750000    0.973076   -0.223076 (VIOLATED)
_11431_/A2                              0.750000    0.973076   -0.223076 (VIOLATED)
fanout1531/X                            0.750000    0.973076   -0.223076 (VIOLATED)
_19285_/S                               0.750000    0.973062   -0.223062 (VIOLATED)
_19253_/S                               0.750000    0.973061   -0.223061 (VIOLATED)
_19283_/S                               0.750000    0.973059   -0.223059 (VIOLATED)
_19263_/S                               0.750000    0.973059   -0.223059 (VIOLATED)
_19257_/S                               0.750000    0.973051   -0.223051 (VIOLATED)
_19295_/S                               0.750000    0.973039   -0.223039 (VIOLATED)
_19259_/S                               0.750000    0.973036   -0.223036 (VIOLATED)
_19287_/S                               0.750000    0.973036   -0.223036 (VIOLATED)
_19291_/S                               0.750000    0.973036   -0.223036 (VIOLATED)
_19293_/S                               0.750000    0.973036   -0.223036 (VIOLATED)
fanout1877/X                            0.750000    0.973036   -0.223036 (VIOLATED)
_13794_/B2                              0.750000    0.972743   -0.222743 (VIOLATED)
_16171_/A3                              0.750000    0.972741   -0.222741 (VIOLATED)
_16081_/A1                              0.750000    0.972737   -0.222737 (VIOLATED)
_15802_/A                               0.750000    0.972735   -0.222735 (VIOLATED)
_15896_/B                               0.750000    0.972725   -0.222725 (VIOLATED)
_15608_/A1                              0.750000    0.972706   -0.222707 (VIOLATED)
_13433_/B                               0.750000    0.972705   -0.222705 (VIOLATED)
_15205_/A3                              0.750000    0.972695   -0.222695 (VIOLATED)
_14518_/A3                              0.750000    0.972688   -0.222688 (VIOLATED)
_14749_/A3                              0.750000    0.972688   -0.222688 (VIOLATED)
fanout1105/X                            0.750000    0.972688   -0.222688 (VIOLATED)
_13446_/C                               0.750000    0.972176   -0.222176 (VIOLATED)
_13928_/B1                              0.750000    0.972172   -0.222172 (VIOLATED)
_14717_/B1                              0.750000    0.972171   -0.222171 (VIOLATED)
_13844_/C1                              0.750000    0.972137   -0.222137 (VIOLATED)
_14181_/B1                              0.750000    0.972114   -0.222114 (VIOLATED)
fanout1562/X                            0.750000    0.972114   -0.222114 (VIOLATED)
_13049_/B2                              0.750000    0.971544   -0.221544 (VIOLATED)
_12025_/A2                              0.750000    0.971522   -0.221522 (VIOLATED)
_12024_/B                               0.750000    0.971474   -0.221474 (VIOLATED)
_16910_/S                               0.750000    0.970710   -0.220710 (VIOLATED)
_16927_/S                               0.750000    0.970697   -0.220697 (VIOLATED)
fanout831/X                             0.750000    0.970697   -0.220697 (VIOLATED)
load_slew833/A                          0.750000    0.970697   -0.220697 (VIOLATED)
_12834_/B1                              0.750000    0.970559   -0.220559 (VIOLATED)
_12835_/A1                              0.750000    0.970558   -0.220558 (VIOLATED)
max_cap1190/A                           0.750000    0.970539   -0.220539 (VIOLATED)
input73/X                               0.750000    0.970422   -0.220422 (VIOLATED)
_10343_/X                               0.750000    0.970307   -0.220307 (VIOLATED)
_10991_/B1                              0.750000    0.969140   -0.219140 (VIOLATED)
_11905_/B1                              0.750000    0.969140   -0.219140 (VIOLATED)
fanout1593/A                            0.750000    0.969140   -0.219140 (VIOLATED)
fanout1596/A                            0.750000    0.969140   -0.219140 (VIOLATED)
fanout1599/X                            0.750000    0.969140   -0.219140 (VIOLATED)
load_slew1600/A                         0.750000    0.969140   -0.219140 (VIOLATED)
_18152_/S                               0.750000    0.968459   -0.218459 (VIOLATED)
_18151_/S                               0.750000    0.968455   -0.218455 (VIOLATED)
_18145_/S                               0.750000    0.968453   -0.218453 (VIOLATED)
fanout376/A                             0.750000    0.968453   -0.218453 (VIOLATED)
fanout378/X                             0.750000    0.968453   -0.218453 (VIOLATED)
load_slew379/A                          0.750000    0.968453   -0.218453 (VIOLATED)
_17635_/A2                              0.750000    0.968167   -0.218167 (VIOLATED)
_17630_/B1                              0.750000    0.968165   -0.218165 (VIOLATED)
_17622_/B1                              0.750000    0.968164   -0.218164 (VIOLATED)
_17626_/B1                              0.750000    0.968163   -0.218163 (VIOLATED)
_17655_/A2                              0.750000    0.968139   -0.218139 (VIOLATED)
_17660_/A2                              0.750000    0.968134   -0.218134 (VIOLATED)
_17667_/A2                              0.750000    0.968128   -0.218128 (VIOLATED)
_17664_/B2                              0.750000    0.968127   -0.218127 (VIOLATED)
_17672_/B1                              0.750000    0.968125   -0.218125 (VIOLATED)
_17676_/B1                              0.750000    0.968120   -0.218120 (VIOLATED)
fanout405/X                             0.750000    0.968120   -0.218120 (VIOLATED)
_12877_/B2                              0.750000    0.967538   -0.217538 (VIOLATED)
_12863_/B2                              0.750000    0.967537   -0.217537 (VIOLATED)
_12850_/B2                              0.750000    0.967519   -0.217519 (VIOLATED)
_13256_/A2                              0.750000    0.967500   -0.217500 (VIOLATED)
fanout1442/A                            0.750000    0.967487   -0.217487 (VIOLATED)
fanout1443/A                            0.750000    0.967485   -0.217485 (VIOLATED)
fanout1445/X                            0.750000    0.967485   -0.217485 (VIOLATED)
_19426_/B                               0.750000    0.965977   -0.215977 (VIOLATED)
_19486_/A1                              0.750000    0.965975   -0.215975 (VIOLATED)
_19450_/A                               0.750000    0.965970   -0.215970 (VIOLATED)
_19425_/B                               0.750000    0.965962   -0.215962 (VIOLATED)
_19559_/A1                              0.750000    0.965955   -0.215955 (VIOLATED)
_19471_/A                               0.750000    0.965942   -0.215942 (VIOLATED)
_19472_/A                               0.750000    0.965930   -0.215930 (VIOLATED)
_19439_/B                               0.750000    0.965916   -0.215916 (VIOLATED)
_19468_/B                               0.750000    0.965913   -0.215913 (VIOLATED)
_19490_/A                               0.750000    0.965913   -0.215913 (VIOLATED)
fanout1535/X                            0.750000    0.965913   -0.215913 (VIOLATED)
_17343_/S                               0.750000    0.965639   -0.215639 (VIOLATED)
_17356_/S                               0.750000    0.965631   -0.215631 (VIOLATED)
_17351_/S                               0.750000    0.965627   -0.215628 (VIOLATED)
_17359_/S                               0.750000    0.965627   -0.215628 (VIOLATED)
_17364_/S                               0.750000    0.965627   -0.215628 (VIOLATED)
fanout745/X                             0.750000    0.965627   -0.215628 (VIOLATED)
load_slew746/A                          0.750000    0.965627   -0.215628 (VIOLATED)
fanout1976/A                            0.750000    0.963036   -0.213036 (VIOLATED)
fanout1982/A                            0.750000    0.963031   -0.213031 (VIOLATED)
_13115_/S                               0.750000    0.963004   -0.213005 (VIOLATED)
_13246_/S                               0.750000    0.962990   -0.212990 (VIOLATED)
_16620_/S                               0.750000    0.962989   -0.212989 (VIOLATED)
_16613_/S                               0.750000    0.962984   -0.212984 (VIOLATED)
fanout643/A                             0.750000    0.962967   -0.212967 (VIOLATED)
fanout1971/A                            0.750000    0.962947   -0.212947 (VIOLATED)
fanout1970/A                            0.750000    0.962939   -0.212939 (VIOLATED)
fanout1984/X                            0.750000    0.962939   -0.212939 (VIOLATED)
_16629_/S                               0.750000    0.962938   -0.212938 (VIOLATED)
fanout646/X                             0.750000    0.962938   -0.212938 (VIOLATED)
load_slew647/A                          0.750000    0.962938   -0.212938 (VIOLATED)
_10507_/A2                              0.750000    0.962459   -0.212459 (VIOLATED)
_10878_/A2                              0.750000    0.962457   -0.212458 (VIOLATED)
_10928_/A2                              0.750000    0.962457   -0.212457 (VIOLATED)
_10448_/A2                              0.750000    0.962455   -0.212455 (VIOLATED)
_10394_/B2                              0.750000    0.962444   -0.212444 (VIOLATED)
_10342_/B2                              0.750000    0.962443   -0.212444 (VIOLATED)
_10222_/A2                              0.750000    0.962435   -0.212435 (VIOLATED)
_10279_/A2                              0.750000    0.962425   -0.212425 (VIOLATED)
_10164_/A2                              0.750000    0.962417   -0.212417 (VIOLATED)
_10091_/B                               0.750000    0.962381   -0.212381 (VIOLATED)
fanout1530/X                            0.750000    0.962381   -0.212381 (VIOLATED)
_12451_/A2                              0.750000    0.961365   -0.211365 (VIOLATED)
_12463_/B1                              0.750000    0.961364   -0.211364 (VIOLATED)
_12458_/B1                              0.750000    0.961363   -0.211363 (VIOLATED)
_12440_/A2                              0.750000    0.961358   -0.211358 (VIOLATED)
_12446_/B1                              0.750000    0.961355   -0.211355 (VIOLATED)
_12437_/B1                              0.750000    0.961348   -0.211348 (VIOLATED)
_12426_/A2                              0.750000    0.961337   -0.211337 (VIOLATED)
_12417_/A2                              0.750000    0.961337   -0.211337 (VIOLATED)
_12365_/A2                              0.750000    0.961328   -0.211328 (VIOLATED)
_12406_/A2                              0.750000    0.961328   -0.211328 (VIOLATED)
fanout1107/X                            0.750000    0.961328   -0.211328 (VIOLATED)
_19376_/A1                              0.750000    0.960753   -0.210753 (VIOLATED)
_19534_/A                               0.750000    0.960749   -0.210749 (VIOLATED)
_19445_/A_N                             0.750000    0.960748   -0.210748 (VIOLATED)
_19478_/A                               0.750000    0.960745   -0.210745 (VIOLATED)
_19371_/A                               0.750000    0.960745   -0.210745 (VIOLATED)
_19431_/B                               0.750000    0.960745   -0.210745 (VIOLATED)
_19432_/B                               0.750000    0.960745   -0.210745 (VIOLATED)
_19446_/A_N                             0.750000    0.960745   -0.210745 (VIOLATED)
_19484_/A1                              0.750000    0.960745   -0.210745 (VIOLATED)
_19527_/A                               0.750000    0.960745   -0.210745 (VIOLATED)
fanout1520/X                            0.750000    0.960745   -0.210745 (VIOLATED)
_11916_/A2                              0.750000    0.960470   -0.210470 (VIOLATED)
max_cap1290/A                           0.750000    0.960470   -0.210470 (VIOLATED)
_11884_/B                               0.750000    0.960451   -0.210451 (VIOLATED)
_10470_/C1                              0.750000    0.960414   -0.210414 (VIOLATED)
_11882_/Y                               0.750000    0.960398   -0.210398 (VIOLATED)
_10525_/C1                              0.750000    0.960393   -0.210393 (VIOLATED)
_11266_/B1                              0.750000    0.960367   -0.210367 (VIOLATED)
_14624_/B                               0.750000    0.960359   -0.210359 (VIOLATED)
_16256_/A2                              0.750000    0.960356   -0.210356 (VIOLATED)
_10587_/C1                              0.750000    0.960331   -0.210331 (VIOLATED)
fanout1940/X                            0.750000    0.960331   -0.210331 (VIOLATED)
load_slew1941/A                         0.750000    0.960331   -0.210331 (VIOLATED)
_14623_/Y                               0.750000    0.960315   -0.210315 (VIOLATED)
fanout2095/A                            0.750000    0.960220   -0.210220 (VIOLATED)
_10955_/S0                              0.750000    0.960216   -0.210217 (VIOLATED)
_10953_/C                               0.750000    0.960214   -0.210214 (VIOLATED)
fanout2089/A                            0.750000    0.960212   -0.210213 (VIOLATED)
fanout2092/A                            0.750000    0.960212   -0.210213 (VIOLATED)
fanout2096/X                            0.750000    0.960212   -0.210213 (VIOLATED)
_09936_/A2                              0.750000    0.959697   -0.209697 (VIOLATED)
_09938_/B                               0.750000    0.959695   -0.209695 (VIOLATED)
_09935_/A2                              0.750000    0.959693   -0.209693 (VIOLATED)
_09914_/B                               0.750000    0.959685   -0.209685 (VIOLATED)
_09947_/B                               0.750000    0.959626   -0.209626 (VIOLATED)
_09929_/A_N                             0.750000    0.959603   -0.209603 (VIOLATED)
_09928_/A_N                             0.750000    0.959583   -0.209583 (VIOLATED)
_10092_/B                               0.750000    0.959512   -0.209512 (VIOLATED)
ANTENNA_85/DIODE                        0.750000    0.959487   -0.209487 (VIOLATED)
_18251_/A0                              0.750000    0.958880   -0.208880 (VIOLATED)
_19495_/B2                              0.750000    0.958720   -0.208720 (VIOLATED)
_21607_/Q                               0.750000    0.958720   -0.208720 (VIOLATED)
_12795_/A                               0.750000    0.958559   -0.208559 (VIOLATED)
_12796_/A1                              0.750000    0.958559   -0.208559 (VIOLATED)
_10881_/B1                              0.750000    0.958106   -0.208106 (VIOLATED)
_13964_/B                               0.750000    0.958093   -0.208093 (VIOLATED)
_10880_/A                               0.750000    0.958069   -0.208069 (VIOLATED)
_10879_/X                               0.750000    0.958058   -0.208058 (VIOLATED)
_17856_/A2                              0.750000    0.957907   -0.207907 (VIOLATED)
_17861_/A2                              0.750000    0.957907   -0.207907 (VIOLATED)
_17865_/A2                              0.750000    0.957903   -0.207903 (VIOLATED)
_17869_/A2                              0.750000    0.957902   -0.207902 (VIOLATED)
_17873_/A2                              0.750000    0.957894   -0.207894 (VIOLATED)
_17757_/B                               0.750000    0.957884   -0.207884 (VIOLATED)
_17877_/A2                              0.750000    0.957867   -0.207867 (VIOLATED)
_17878_/B1                              0.750000    0.957862   -0.207863 (VIOLATED)
fanout403/A                             0.750000    0.957844   -0.207844 (VIOLATED)
fanout404/X                             0.750000    0.957844   -0.207844 (VIOLATED)
_10342_/A3                              0.750000    0.957334   -0.207334 (VIOLATED)
_10394_/A3                              0.750000    0.957334   -0.207334 (VIOLATED)
_10097_/Y                               0.750000    0.957311   -0.207311 (VIOLATED)
_19573_/A1                              0.750000    0.955780   -0.205780 (VIOLATED)
_19412_/A                               0.750000    0.955780   -0.205780 (VIOLATED)
_19451_/A                               0.750000    0.955780   -0.205780 (VIOLATED)
_19511_/A                               0.750000    0.955780   -0.205780 (VIOLATED)
_19556_/A                               0.750000    0.955780   -0.205780 (VIOLATED)
_19562_/A1                              0.750000    0.955780   -0.205780 (VIOLATED)
_19587_/A                               0.750000    0.955780   -0.205780 (VIOLATED)
_19649_/B                               0.750000    0.955780   -0.205780 (VIOLATED)
_19695_/A1                              0.750000    0.955780   -0.205780 (VIOLATED)
_19780_/A1                              0.750000    0.955780   -0.205780 (VIOLATED)
fanout1538/X                            0.750000    0.955780   -0.205780 (VIOLATED)
_13555_/B2                              0.750000    0.954182   -0.204182 (VIOLATED)
_15983_/B2                              0.750000    0.954182   -0.204182 (VIOLATED)
_13723_/A1                              0.750000    0.954181   -0.204181 (VIOLATED)
_13434_/B                               0.750000    0.954179   -0.204179 (VIOLATED)
_13640_/A1                              0.750000    0.954177   -0.204177 (VIOLATED)
_13966_/A3                              0.750000    0.954163   -0.204163 (VIOLATED)
_13479_/B                               0.750000    0.954160   -0.204160 (VIOLATED)
_14033_/A1                              0.750000    0.954148   -0.204148 (VIOLATED)
_14121_/A3                              0.750000    0.954141   -0.204141 (VIOLATED)
_14212_/A3                              0.750000    0.954141   -0.204141 (VIOLATED)
fanout1104/X                            0.750000    0.954141   -0.204141 (VIOLATED)
_11539_/B2                              0.750000    0.954031   -0.204031 (VIOLATED)
_11548_/A                               0.750000    0.954028   -0.204028 (VIOLATED)
_11462_/C                               0.750000    0.954027   -0.204027 (VIOLATED)
_11552_/C                               0.750000    0.954027   -0.204027 (VIOLATED)
_11547_/A1                              0.750000    0.954025   -0.204025 (VIOLATED)
_11553_/A                               0.750000    0.954022   -0.204022 (VIOLATED)
fanout2149/A                            0.750000    0.954018   -0.204018 (VIOLATED)
fanout2151/X                            0.750000    0.954018   -0.204018 (VIOLATED)
load_slew2129/A                         0.750000    0.953820   -0.203820 (VIOLATED)
load_slew2130/A                         0.750000    0.953819   -0.203819 (VIOLATED)
_11349_/B1                              0.750000    0.953817   -0.203817 (VIOLATED)
_18715_/B                               0.750000    0.953756   -0.203756 (VIOLATED)
_18714_/A2                              0.750000    0.953755   -0.203755 (VIOLATED)
_18807_/A2                              0.750000    0.953753   -0.203753 (VIOLATED)
_18678_/A2                              0.750000    0.953751   -0.203751 (VIOLATED)
fanout959/A                             0.750000    0.953751   -0.203751 (VIOLATED)
_18656_/A2                              0.750000    0.953751   -0.203751 (VIOLATED)
_18663_/A2                              0.750000    0.953751   -0.203751 (VIOLATED)
_18664_/B                               0.750000    0.953751   -0.203751 (VIOLATED)
_18742_/B1                              0.750000    0.953751   -0.203751 (VIOLATED)
fanout960/X                             0.750000    0.953751   -0.203751 (VIOLATED)
_19601_/A1                              0.750000    0.953737   -0.203737 (VIOLATED)
fanout2128/X                            0.750000    0.953737   -0.203737 (VIOLATED)
_17908_/S                               0.750000    0.953318   -0.203318 (VIOLATED)
_17909_/S                               0.750000    0.953318   -0.203318 (VIOLATED)
_17912_/S                               0.750000    0.953318   -0.203318 (VIOLATED)
_17913_/S                               0.750000    0.953318   -0.203318 (VIOLATED)
fanout394/A                             0.750000    0.953318   -0.203318 (VIOLATED)
fanout398/A                             0.750000    0.953318   -0.203318 (VIOLATED)
fanout400/X                             0.750000    0.953318   -0.203318 (VIOLATED)
_19306_/S                               0.750000    0.952386   -0.202386 (VIOLATED)
_19307_/S                               0.750000    0.952386   -0.202386 (VIOLATED)
_19311_/S                               0.750000    0.952386   -0.202386 (VIOLATED)
_19313_/S                               0.750000    0.952386   -0.202386 (VIOLATED)
_19321_/S                               0.750000    0.952386   -0.202386 (VIOLATED)
_19322_/S                               0.750000    0.952386   -0.202386 (VIOLATED)
_19325_/S                               0.750000    0.952386   -0.202386 (VIOLATED)
_19327_/S                               0.750000    0.952386   -0.202386 (VIOLATED)
_19328_/S                               0.750000    0.952386   -0.202386 (VIOLATED)
_19329_/S                               0.750000    0.952386   -0.202386 (VIOLATED)
fanout1522/X                            0.750000    0.952386   -0.202386 (VIOLATED)
_21764_/A                               0.750000    0.952374   -0.202374 (VIOLATED)
ANTENNA_24/DIODE                        0.750000    0.952028   -0.202028 (VIOLATED)
_12251_/B                               0.750000    0.952002   -0.202002 (VIOLATED)
_19004_/A1                              0.750000    0.951918   -0.201918 (VIOLATED)
ANTENNA_25/DIODE                        0.750000    0.951917   -0.201917 (VIOLATED)
max_cap514/A                            0.750000    0.951856   -0.201856 (VIOLATED)
_12223_/X                               0.750000    0.951850   -0.201850 (VIOLATED)
fanout1435/A                            0.750000    0.951394   -0.201394 (VIOLATED)
_12888_/A                               0.750000    0.951386   -0.201386 (VIOLATED)
_13252_/A2                              0.750000    0.951386   -0.201386 (VIOLATED)
_12916_/A2                              0.750000    0.951385   -0.201385 (VIOLATED)
_12685_/B                               0.750000    0.951346   -0.201346 (VIOLATED)
_13092_/A                               0.750000    0.951346   -0.201346 (VIOLATED)
_13025_/A                               0.750000    0.951345   -0.201345 (VIOLATED)
_13038_/A                               0.750000    0.951338   -0.201338 (VIOLATED)
_13053_/A2                              0.750000    0.951334   -0.201335 (VIOLATED)
fanout1436/X                            0.750000    0.951334   -0.201335 (VIOLATED)
_11586_/B                               0.750000    0.950553   -0.200553 (VIOLATED)
_11618_/A2                              0.750000    0.950546   -0.200546 (VIOLATED)
max_cap1361/A                           0.750000    0.950541   -0.200541 (VIOLATED)
_11584_/Y                               0.750000    0.950496   -0.200496 (VIOLATED)
_12878_/A2                              0.750000    0.950401   -0.200401 (VIOLATED)
_12864_/A2                              0.750000    0.950399   -0.200399 (VIOLATED)
_12825_/A2                              0.750000    0.950397   -0.200397 (VIOLATED)
_12837_/A2                              0.750000    0.950390   -0.200390 (VIOLATED)
_12813_/A2                              0.750000    0.950380   -0.200380 (VIOLATED)
_12681_/B                               0.750000    0.950373   -0.200373 (VIOLATED)
_12798_/A2                              0.750000    0.950372   -0.200372 (VIOLATED)
_12783_/A2                              0.750000    0.950361   -0.200362 (VIOLATED)
_12756_/A2                              0.750000    0.950358   -0.200358 (VIOLATED)
_12770_/A2                              0.750000    0.950358   -0.200358 (VIOLATED)
fanout429/X                             0.750000    0.950358   -0.200358 (VIOLATED)
fanout743/A                             0.750000    0.949729   -0.199729 (VIOLATED)
wire749/A                               0.750000    0.949684   -0.199684 (VIOLATED)
fanout740/A                             0.750000    0.949680   -0.199680 (VIOLATED)
_17332_/Y                               0.750000    0.949668   -0.199669 (VIOLATED)
_12452_/A2                              0.750000    0.949068   -0.199068 (VIOLATED)
_12463_/A2                              0.750000    0.949068   -0.199068 (VIOLATED)
_12458_/A2                              0.750000    0.949066   -0.199066 (VIOLATED)
_12441_/A2                              0.750000    0.949061   -0.199061 (VIOLATED)
_12446_/A2                              0.750000    0.949052   -0.199052 (VIOLATED)
_12432_/A2                              0.750000    0.949043   -0.199043 (VIOLATED)
_12437_/A2                              0.750000    0.949043   -0.199043 (VIOLATED)
_12413_/A2                              0.750000    0.949041   -0.199041 (VIOLATED)
_12421_/A2                              0.750000    0.949041   -0.199041 (VIOLATED)
_12427_/A2                              0.750000    0.949041   -0.199041 (VIOLATED)
fanout1111/X                            0.750000    0.949041   -0.199041 (VIOLATED)
_14059_/A                               0.750000    0.949013   -0.199013 (VIOLATED)
_13978_/A                               0.750000    0.949012   -0.199012 (VIOLATED)
_13905_/A                               0.750000    0.949010   -0.199010 (VIOLATED)
_13904_/B1                              0.750000    0.949005   -0.199005 (VIOLATED)
_14146_/A                               0.750000    0.948996   -0.198996 (VIOLATED)
_14238_/B1                              0.750000    0.948980   -0.198980 (VIOLATED)
_13825_/B1                              0.750000    0.948966   -0.198966 (VIOLATED)
_13687_/B2                              0.750000    0.948960   -0.198961 (VIOLATED)
fanout1265/X                            0.750000    0.948960   -0.198961 (VIOLATED)
_11976_/A1                              0.750000    0.948770   -0.198770 (VIOLATED)
_13728_/A1                              0.750000    0.948768   -0.198768 (VIOLATED)
_14515_/B1                              0.750000    0.948767   -0.198767 (VIOLATED)
_13604_/B1                              0.750000    0.948765   -0.198765 (VIOLATED)
_13540_/B1                              0.750000    0.948764   -0.198764 (VIOLATED)
_13669_/B1                              0.750000    0.948763   -0.198763 (VIOLATED)
_13463_/B                               0.750000    0.948761   -0.198761 (VIOLATED)
_14209_/B1                              0.750000    0.948761   -0.198761 (VIOLATED)
_14302_/B1                              0.750000    0.948761   -0.198761 (VIOLATED)
_14776_/C                               0.750000    0.948761   -0.198761 (VIOLATED)
fanout1503/X                            0.750000    0.948761   -0.198761 (VIOLATED)
fanout834/A                             0.750000    0.948196   -0.198196 (VIOLATED)
fanout831/A                             0.750000    0.948018   -0.198018 (VIOLATED)
fanout829/A                             0.750000    0.947772   -0.197772 (VIOLATED)
fanout826/A                             0.750000    0.947617   -0.197617 (VIOLATED)
_14376_/A                               0.750000    0.947595   -0.197595 (VIOLATED)
_16902_/X                               0.750000    0.947593   -0.197593 (VIOLATED)
_14264_/B2                              0.750000    0.947579   -0.197579 (VIOLATED)
_13993_/B2                              0.750000    0.947546   -0.197546 (VIOLATED)
max_cap1246/A                           0.750000    0.947504   -0.197504 (VIOLATED)
_13754_/B2                              0.750000    0.947471   -0.197471 (VIOLATED)
_13683_/X                               0.750000    0.947443   -0.197443 (VIOLATED)
_14229_/S                               0.750000    0.946627   -0.196627 (VIOLATED)
_15615_/S                               0.750000    0.946612   -0.196613 (VIOLATED)
_15905_/S                               0.750000    0.946605   -0.196605 (VIOLATED)
_15103_/S                               0.750000    0.946603   -0.196603 (VIOLATED)
_16356_/S                               0.750000    0.946603   -0.196603 (VIOLATED)
fanout868/X                             0.750000    0.946603   -0.196603 (VIOLATED)
load_slew869/A                          0.750000    0.946603   -0.196603 (VIOLATED)
fanout1245/A                            0.750000    0.945994   -0.195994 (VIOLATED)
fanout1244/A                            0.750000    0.945976   -0.195976 (VIOLATED)
_13684_/X                               0.750000    0.945905   -0.195905 (VIOLATED)
_18619_/S                               0.750000    0.944972   -0.194972 (VIOLATED)
_18970_/S                               0.750000    0.944959   -0.194959 (VIOLATED)
_18976_/S                               0.750000    0.944950   -0.194950 (VIOLATED)
_18986_/S                               0.750000    0.944941   -0.194941 (VIOLATED)
wire1317/A                              0.750000    0.944937   -0.194937 (VIOLATED)
_18988_/S                               0.750000    0.944919   -0.194919 (VIOLATED)
_18994_/S                               0.750000    0.944919   -0.194919 (VIOLATED)
fanout1316/X                            0.750000    0.944919   -0.194919 (VIOLATED)
fanout646/A                             0.750000    0.944859   -0.194859 (VIOLATED)
load_slew649/A                          0.750000    0.944792   -0.194792 (VIOLATED)
fanout640/A                             0.750000    0.944766   -0.194766 (VIOLATED)
fanout648/X                             0.750000    0.944766   -0.194766 (VIOLATED)
_10276_/A2                              0.750000    0.942628   -0.192628 (VIOLATED)
_18994_/A0                              0.750000    0.942625   -0.192625 (VIOLATED)
_10244_/A2                              0.750000    0.942610   -0.192610 (VIOLATED)
_19758_/S                               0.750000    0.942481   -0.192481 (VIOLATED)
_19766_/S                               0.750000    0.942482   -0.192482 (VIOLATED)
_19774_/S                               0.750000    0.942480   -0.192480 (VIOLATED)
_19779_/S                               0.750000    0.942478   -0.192478 (VIOLATED)
_19757_/S                               0.750000    0.942474   -0.192474 (VIOLATED)
_19760_/S                               0.750000    0.942474   -0.192474 (VIOLATED)
_19765_/S                               0.750000    0.942474   -0.192474 (VIOLATED)
_19768_/S                               0.750000    0.942474   -0.192474 (VIOLATED)
_19773_/S                               0.750000    0.942474   -0.192474 (VIOLATED)
_19776_/S                               0.750000    0.942474   -0.192474 (VIOLATED)
fanout1312/X                            0.750000    0.942474   -0.192474 (VIOLATED)
_12606_/B2                              0.750000    0.942442   -0.192442 (VIOLATED)
_12628_/A1                              0.750000    0.942416   -0.192416 (VIOLATED)
_12663_/B2                              0.750000    0.942414   -0.192414 (VIOLATED)
_10242_/X                               0.750000    0.942403   -0.192403 (VIOLATED)
_19761_/S                               0.750000    0.939688   -0.189688 (VIOLATED)
_19769_/S                               0.750000    0.939688   -0.189688 (VIOLATED)
_19759_/S                               0.750000    0.939687   -0.189687 (VIOLATED)
_19767_/S                               0.750000    0.939686   -0.189686 (VIOLATED)
_19756_/S                               0.750000    0.939686   -0.189686 (VIOLATED)
_19762_/S                               0.750000    0.939686   -0.189686 (VIOLATED)
_19763_/S                               0.750000    0.939686   -0.189686 (VIOLATED)
_19764_/S                               0.750000    0.939686   -0.189686 (VIOLATED)
_19771_/S                               0.750000    0.939686   -0.189686 (VIOLATED)
_19772_/S                               0.750000    0.939686   -0.189686 (VIOLATED)
fanout1311/X                            0.750000    0.939686   -0.189686 (VIOLATED)
_11398_/B1                              0.750000    0.939007   -0.189007 (VIOLATED)
_19014_/A0                              0.750000    0.938805   -0.188805 (VIOLATED)
ANTENNA_10/DIODE                        0.750000    0.938799   -0.188799 (VIOLATED)
_12521_/A1                              0.750000    0.938321   -0.188321 (VIOLATED)
_19735_/A1                              0.750000    0.938314   -0.188314 (VIOLATED)
ANTENNA_9/DIODE                         0.750000    0.938281   -0.188281 (VIOLATED)
_12610_/B2                              0.750000    0.938233   -0.188233 (VIOLATED)
max_cap497/A                            0.750000    0.938225   -0.188225 (VIOLATED)
fanout321/A                             0.750000    0.938222   -0.188222 (VIOLATED)
fanout322/A                             0.750000    0.938216   -0.188216 (VIOLATED)
_17861_/B1                              0.750000    0.938210   -0.188210 (VIOLATED)
_17865_/B1                              0.750000    0.938210   -0.188210 (VIOLATED)
_17869_/B1                              0.750000    0.938210   -0.188210 (VIOLATED)
_17873_/B1                              0.750000    0.938210   -0.188210 (VIOLATED)
fanout323/A                             0.750000    0.938210   -0.188210 (VIOLATED)
fanout325/X                             0.750000    0.938210   -0.188210 (VIOLATED)
_21771_/A                               0.750000    0.938202   -0.188202 (VIOLATED)
_19019_/A1                              0.750000    0.938201   -0.188201 (VIOLATED)
_12250_/B                               0.750000    0.938200   -0.188200 (VIOLATED)
_11569_/Y                               0.750000    0.938196   -0.188196 (VIOLATED)
_12649_/A1                              0.750000    0.938140   -0.188140 (VIOLATED)
_11397_/X                               0.750000    0.937399   -0.187399 (VIOLATED)
_12601_/A1                              0.750000    0.936929   -0.186929 (VIOLATED)
_12622_/A0                              0.750000    0.936927   -0.186927 (VIOLATED)
max_cap1371/A                           0.750000    0.936921   -0.186921 (VIOLATED)
_11020_/Y                               0.750000    0.936919   -0.186919 (VIOLATED)
_13606_/A                               0.750000    0.936698   -0.186698 (VIOLATED)
_10804_/B                               0.750000    0.936692   -0.186692 (VIOLATED)
_12174_/A1                              0.750000    0.936692   -0.186692 (VIOLATED)
_15515_/A                               0.750000    0.936692   -0.186692 (VIOLATED)
fanout1472/A                            0.750000    0.936692   -0.186692 (VIOLATED)
fanout1473/X                            0.750000    0.936692   -0.186692 (VIOLATED)
_12599_/A1                              0.750000    0.936551   -0.186551 (VIOLATED)
_12656_/B2                              0.750000    0.936550   -0.186550 (VIOLATED)
_10393_/A2                              0.750000    0.936330   -0.186330 (VIOLATED)
_18988_/A0                              0.750000    0.936304   -0.186304 (VIOLATED)
_10365_/B1                              0.750000    0.936176   -0.186177 (VIOLATED)
wire594/A                               0.750000    0.936104   -0.186104 (VIOLATED)
fanout588/A                             0.750000    0.936076   -0.186076 (VIOLATED)
fanout585/A                             0.750000    0.936041   -0.186041 (VIOLATED)
fanout593/X                             0.750000    0.936041   -0.186041 (VIOLATED)
_10363_/X                               0.750000    0.935874   -0.185874 (VIOLATED)
_17677_/A2                              0.750000    0.934570   -0.184570 (VIOLATED)
_17668_/A2                              0.750000    0.934563   -0.184563 (VIOLATED)
_17665_/A2                              0.750000    0.934563   -0.184563 (VIOLATED)
_17673_/A2                              0.750000    0.934562   -0.184562 (VIOLATED)
_17661_/A2                              0.750000    0.934557   -0.184557 (VIOLATED)
_17656_/A2                              0.750000    0.934554   -0.184554 (VIOLATED)
_17623_/A2                              0.750000    0.934544   -0.184544 (VIOLATED)
_17627_/A2                              0.750000    0.934544   -0.184544 (VIOLATED)
_17631_/A2                              0.750000    0.934544   -0.184544 (VIOLATED)
_17635_/B1                              0.750000    0.934544   -0.184544 (VIOLATED)
fanout326/X                             0.750000    0.934544   -0.184544 (VIOLATED)
_12360_/B                               0.750000    0.934396   -0.184396 (VIOLATED)
_17882_/A                               0.750000    0.934395   -0.184395 (VIOLATED)
_17883_/A                               0.750000    0.934395   -0.184395 (VIOLATED)
_17969_/B                               0.750000    0.934391   -0.184391 (VIOLATED)
_17897_/A1                              0.750000    0.934387   -0.184387 (VIOLATED)
_18604_/B1                              0.750000    0.934386   -0.184386 (VIOLATED)
_18010_/C                               0.750000    0.934385   -0.184385 (VIOLATED)
_17971_/A1                              0.750000    0.934379   -0.184379 (VIOLATED)
_18200_/A                               0.750000    0.934368   -0.184368 (VIOLATED)
_18216_/B2                              0.750000    0.934368   -0.184368 (VIOLATED)
fanout1288/X                            0.750000    0.934368   -0.184368 (VIOLATED)
_11723_/A1                              0.750000    0.934146   -0.184146 (VIOLATED)
_11459_/B                               0.750000    0.934145   -0.184145 (VIOLATED)
_11462_/A_N                             0.750000    0.934144   -0.184144 (VIOLATED)
_11145_/S1                              0.750000    0.934136   -0.184136 (VIOLATED)
_11157_/S1                              0.750000    0.934118   -0.184118 (VIOLATED)
fanout2186/A                            0.750000    0.934107   -0.184107 (VIOLATED)
fanout2190/A                            0.750000    0.934107   -0.184107 (VIOLATED)
fanout2192/X                            0.750000    0.934107   -0.184107 (VIOLATED)
fanout1530/A                            0.750000    0.933830   -0.183830 (VIOLATED)
fanout1531/A                            0.750000    0.933815   -0.183815 (VIOLATED)
fanout1532/A                            0.750000    0.933762   -0.183762 (VIOLATED)
_18728_/B1                              0.750000    0.933488   -0.183488 (VIOLATED)
_18722_/A2                              0.750000    0.933485   -0.183485 (VIOLATED)
_18713_/B1                              0.750000    0.933482   -0.183482 (VIOLATED)
_18684_/B1                              0.750000    0.933480   -0.183480 (VIOLATED)
_18706_/B1                              0.750000    0.933475   -0.183475 (VIOLATED)
_18677_/B1                              0.750000    0.933470   -0.183470 (VIOLATED)
_18735_/B1                              0.750000    0.933468   -0.183468 (VIOLATED)
_18655_/B1                              0.750000    0.933461   -0.183461 (VIOLATED)
_18662_/B1                              0.750000    0.933461   -0.183461 (VIOLATED)
_18671_/A2                              0.750000    0.933461   -0.183461 (VIOLATED)
fanout906/X                             0.750000    0.933461   -0.183461 (VIOLATED)
_09946_/A                               0.750000    0.933456   -0.183456 (VIOLATED)
_10649_/C1                              0.750000    0.933455   -0.183455 (VIOLATED)
fanout1533/X                            0.750000    0.933455   -0.183455 (VIOLATED)
_11234_/B1                              0.750000    0.933455   -0.183455 (VIOLATED)
fanout1682/A                            0.750000    0.933450   -0.183450 (VIOLATED)
_11666_/B1                              0.750000    0.933444   -0.183444 (VIOLATED)
_11049_/A1                              0.750000    0.933443   -0.183443 (VIOLATED)
_11477_/A1                              0.750000    0.933443   -0.183443 (VIOLATED)
fanout1684/X                            0.750000    0.933443   -0.183443 (VIOLATED)
load_slew1685/A                         0.750000    0.933443   -0.183443 (VIOLATED)
_17440_/A1                              0.750000    0.933246   -0.183246 (VIOLATED)
_18193_/S                               0.750000    0.933244   -0.183244 (VIOLATED)
_18351_/A2                              0.750000    0.933244   -0.183244 (VIOLATED)
_18396_/A2                              0.750000    0.933244   -0.183244 (VIOLATED)
fanout981/A                             0.750000    0.933244   -0.183244 (VIOLATED)
fanout983/A                             0.750000    0.933244   -0.183244 (VIOLATED)
fanout986/A                             0.750000    0.933244   -0.183244 (VIOLATED)
fanout988/X                             0.750000    0.933244   -0.183244 (VIOLATED)
_17567_/A1                              0.750000    0.933240   -0.183240 (VIOLATED)
_17919_/A0                              0.750000    0.933230   -0.183230 (VIOLATED)
_17952_/A0                              0.750000    0.933229   -0.183229 (VIOLATED)
_18141_/A0                              0.750000    0.933227   -0.183227 (VIOLATED)
_18106_/A0                              0.750000    0.933223   -0.183223 (VIOLATED)
_12946_/A3                              0.750000    0.933221   -0.183221 (VIOLATED)
_13139_/A1                              0.750000    0.933221   -0.183221 (VIOLATED)
_18061_/B2                              0.750000    0.933221   -0.183221 (VIOLATED)
_18351_/A1                              0.750000    0.933221   -0.183221 (VIOLATED)
fanout935/X                             0.750000    0.933221   -0.183221 (VIOLATED)
_18857_/S                               0.750000    0.931041   -0.181041 (VIOLATED)
_18946_/B                               0.750000    0.931041   -0.181041 (VIOLATED)
_18941_/A                               0.750000    0.931040   -0.181040 (VIOLATED)
_18945_/A2                              0.750000    0.931037   -0.181037 (VIOLATED)
_18815_/B                               0.750000    0.931033   -0.181033 (VIOLATED)
_18814_/A2                              0.750000    0.931031   -0.181031 (VIOLATED)
_18793_/A2                              0.750000    0.931027   -0.181027 (VIOLATED)
_18800_/A2                              0.750000    0.931024   -0.181024 (VIOLATED)
_18686_/B                               0.750000    0.931014   -0.181014 (VIOLATED)
_18757_/A2                              0.750000    0.931014   -0.181014 (VIOLATED)
fanout959/X                             0.750000    0.931014   -0.181014 (VIOLATED)
_17009_/S                               0.750000    0.929300   -0.179300 (VIOLATED)
_17006_/S                               0.750000    0.929294   -0.179294 (VIOLATED)
_17012_/S                               0.750000    0.929292   -0.179292 (VIOLATED)
fanout554/X                             0.750000    0.929292   -0.179292 (VIOLATED)
load_slew555/A                          0.750000    0.929292   -0.179292 (VIOLATED)
wire556/A                               0.750000    0.929292   -0.179292 (VIOLATED)
_10329_/B1                              0.750000    0.929081   -0.179081 (VIOLATED)
_10847_/B1                              0.750000    0.929071   -0.179071 (VIOLATED)
_10857_/B1                              0.750000    0.929067   -0.179067 (VIOLATED)
_10072_/A                               0.750000    0.929024   -0.179024 (VIOLATED)
fanout1831/X                            0.750000    0.929022   -0.179022 (VIOLATED)
load_slew1832/A                         0.750000    0.929022   -0.179022 (VIOLATED)
_12548_/A2                              0.750000    0.924824   -0.174824 (VIOLATED)
_12520_/A2                              0.750000    0.924810   -0.174810 (VIOLATED)
_12515_/A2                              0.750000    0.924803   -0.174803 (VIOLATED)
_12505_/A2                              0.750000    0.924796   -0.174796 (VIOLATED)
_12531_/A2                              0.750000    0.924796   -0.174796 (VIOLATED)
_12554_/B1                              0.750000    0.924796   -0.174796 (VIOLATED)
fanout1032/X                            0.750000    0.924796   -0.174796 (VIOLATED)
_19425_/A                               0.750000    0.923593   -0.173593 (VIOLATED)
_19426_/A                               0.750000    0.923593   -0.173593 (VIOLATED)
_19434_/A                               0.750000    0.923593   -0.173593 (VIOLATED)
_19437_/A                               0.750000    0.923593   -0.173593 (VIOLATED)
_19468_/A                               0.750000    0.923593   -0.173593 (VIOLATED)
_19469_/A                               0.750000    0.923593   -0.173593 (VIOLATED)
_19487_/A2                              0.750000    0.923593   -0.173593 (VIOLATED)
_19543_/A2                              0.750000    0.923593   -0.173593 (VIOLATED)
_19549_/A                               0.750000    0.923593   -0.173593 (VIOLATED)
_19663_/A1                              0.750000    0.923593   -0.173593 (VIOLATED)
fanout1518/X                            0.750000    0.923593   -0.173593 (VIOLATED)
_10381_/A1                              0.750000    0.923310   -0.173310 (VIOLATED)
_10596_/B2                              0.750000    0.923310   -0.173310 (VIOLATED)
_10617_/B2                              0.750000    0.923310   -0.173310 (VIOLATED)
_11297_/A1                              0.750000    0.923310   -0.173310 (VIOLATED)
_11347_/B1                              0.750000    0.923310   -0.173310 (VIOLATED)
fanout1616/X                            0.750000    0.923310   -0.173310 (VIOLATED)
load_slew1617/A                         0.750000    0.923310   -0.173310 (VIOLATED)
_18687_/S                               0.750000    0.923139   -0.173139 (VIOLATED)
_18694_/S                               0.750000    0.923139   -0.173139 (VIOLATED)
_18744_/S                               0.750000    0.923139   -0.173139 (VIOLATED)
_18751_/S                               0.750000    0.923139   -0.173139 (VIOLATED)
_18758_/S                               0.750000    0.923139   -0.173139 (VIOLATED)
_18766_/S                               0.750000    0.923139   -0.173139 (VIOLATED)
_18773_/S                               0.750000    0.923139   -0.173139 (VIOLATED)
_18780_/S                               0.750000    0.923139   -0.173139 (VIOLATED)
_18787_/S                               0.750000    0.923139   -0.173139 (VIOLATED)
_18794_/S                               0.750000    0.923139   -0.173139 (VIOLATED)
fanout473/X                             0.750000    0.923139   -0.173139 (VIOLATED)
_19674_/A2                              0.750000    0.922452   -0.172452 (VIOLATED)
_19671_/C1                              0.750000    0.922452   -0.172452 (VIOLATED)
_19690_/A2                              0.750000    0.922452   -0.172452 (VIOLATED)
_19449_/B                               0.750000    0.922452   -0.172452 (VIOLATED)
_19668_/A2                              0.750000    0.922452   -0.172452 (VIOLATED)
_19683_/B                               0.750000    0.922451   -0.172451 (VIOLATED)
_19661_/B1                              0.750000    0.922451   -0.172451 (VIOLATED)
_19530_/B                               0.750000    0.922450   -0.172450 (VIOLATED)
_19576_/A                               0.750000    0.922450   -0.172450 (VIOLATED)
_19584_/A2                              0.750000    0.922450   -0.172450 (VIOLATED)
fanout1413/X                            0.750000    0.922450   -0.172450 (VIOLATED)
_12044_/B                               0.750000    0.922148   -0.172149 (VIOLATED)
_12157_/B                               0.750000    0.922148   -0.172148 (VIOLATED)
_10455_/Y                               0.750000    0.922120   -0.172120 (VIOLATED)
max_cap1592/A                           0.750000    0.922120   -0.172120 (VIOLATED)
fanout2034/A                            0.750000    0.921954   -0.171954 (VIOLATED)
fanout2039/A                            0.750000    0.921914   -0.171914 (VIOLATED)
_09882_/A_N                             0.750000    0.921903   -0.171903 (VIOLATED)
_09884_/B                               0.750000    0.921903   -0.171903 (VIOLATED)
_09886_/A                               0.750000    0.921903   -0.171903 (VIOLATED)
fanout2041/X                            0.750000    0.921903   -0.171903 (VIOLATED)
_19007_/S                               0.750000    0.920029   -0.170029 (VIOLATED)
_19005_/S                               0.750000    0.920028   -0.170028 (VIOLATED)
_18999_/S                               0.750000    0.920028   -0.170028 (VIOLATED)
_18993_/S                               0.750000    0.920026   -0.170026 (VIOLATED)
_18981_/S                               0.750000    0.920026   -0.170026 (VIOLATED)
_18983_/S                               0.750000    0.920026   -0.170026 (VIOLATED)
_19009_/S                               0.750000    0.920026   -0.170026 (VIOLATED)
_19011_/S                               0.750000    0.920026   -0.170026 (VIOLATED)
_19013_/S                               0.750000    0.920026   -0.170026 (VIOLATED)
_19026_/S                               0.750000    0.920026   -0.170026 (VIOLATED)
fanout1033/X                            0.750000    0.920026   -0.170026 (VIOLATED)
_19629_/A1                              0.750000    0.919595   -0.169595 (VIOLATED)
_19693_/A                               0.750000    0.919589   -0.169589 (VIOLATED)
fanout293/A                             0.750000    0.919555   -0.169555 (VIOLATED)
_19495_/B1                              0.750000    0.919547   -0.169547 (VIOLATED)
fanout291/A                             0.750000    0.919518   -0.169518 (VIOLATED)
fanout294/X                             0.750000    0.919518   -0.169518 (VIOLATED)
_18225_/A2                              0.750000    0.919389   -0.169390 (VIOLATED)
_18155_/S                               0.750000    0.919388   -0.169388 (VIOLATED)
_17974_/B                               0.750000    0.919387   -0.169387 (VIOLATED)
_18232_/A2                              0.750000    0.919382   -0.169382 (VIOLATED)
_18162_/S                               0.750000    0.919382   -0.169382 (VIOLATED)
_18163_/S                               0.750000    0.919382   -0.169382 (VIOLATED)
fanout977/A                             0.750000    0.919382   -0.169382 (VIOLATED)
fanout979/X                             0.750000    0.919382   -0.169382 (VIOLATED)
_13676_/A0                              0.750000    0.919304   -0.169304 (VIOLATED)
_10560_/A2                              0.750000    0.919299   -0.169299 (VIOLATED)
_10526_/Y                               0.750000    0.919294   -0.169294 (VIOLATED)
fanout562/A                             0.750000    0.917872   -0.167872 (VIOLATED)
load_slew2297/A                         0.750000    0.917833   -0.167833 (VIOLATED)
_12685_/A                               0.750000    0.917832   -0.167832 (VIOLATED)
fanout557/A                             0.750000    0.917817   -0.167817 (VIOLATED)
ANTENNA_5/DIODE                         0.750000    0.917816   -0.167816 (VIOLATED)
fanout554/A                             0.750000    0.917625   -0.167625 (VIOLATED)
fanout559/A                             0.750000    0.917624   -0.167624 (VIOLATED)
_17002_/X                               0.750000    0.917583   -0.167583 (VIOLATED)
fanout2294/A                            0.750000    0.917474   -0.167474 (VIOLATED)
fanout2295/X                            0.750000    0.917474   -0.167474 (VIOLATED)
_21101_/RESET_B                         0.750000    0.916561   -0.166561 (VIOLATED)
_21074_/RESET_B                         0.750000    0.916560   -0.166560 (VIOLATED)
_21084_/RESET_B                         0.750000    0.916555   -0.166555 (VIOLATED)
_19920_/RESET_B                         0.750000    0.916553   -0.166553 (VIOLATED)
_19921_/RESET_B                         0.750000    0.916553   -0.166553 (VIOLATED)
fanout2391/A                            0.750000    0.916552   -0.166552 (VIOLATED)
fanout2393/A                            0.750000    0.916552   -0.166552 (VIOLATED)
fanout2394/X                            0.750000    0.916552   -0.166552 (VIOLATED)
_18796_/C1                              0.750000    0.916420   -0.166420 (VIOLATED)
fanout1904/A                            0.750000    0.916419   -0.166419 (VIOLATED)
_18803_/C1                              0.750000    0.916418   -0.166418 (VIOLATED)
_18739_/C1                              0.750000    0.916397   -0.166397 (VIOLATED)
_18667_/C1                              0.750000    0.916394   -0.166394 (VIOLATED)
_18732_/C1                              0.750000    0.916383   -0.166383 (VIOLATED)
_18725_/C1                              0.750000    0.916379   -0.166379 (VIOLATED)
fanout1902/A                            0.750000    0.916379   -0.166379 (VIOLATED)
fanout1905/X                            0.750000    0.916379   -0.166379 (VIOLATED)
_17310_/S                               0.750000    0.915859   -0.165859 (VIOLATED)
_17323_/S                               0.750000    0.915848   -0.165848 (VIOLATED)
_17318_/S                               0.750000    0.915844   -0.165844 (VIOLATED)
_17326_/S                               0.750000    0.915844   -0.165844 (VIOLATED)
_17331_/S                               0.750000    0.915844   -0.165844 (VIOLATED)
fanout755/X                             0.750000    0.915844   -0.165844 (VIOLATED)
load_slew756/A                          0.750000    0.915844   -0.165844 (VIOLATED)
_12645_/A0                              0.750000    0.913768   -0.163768 (VIOLATED)
_12662_/B2                              0.750000    0.913764   -0.163764 (VIOLATED)
_12627_/A1                              0.750000    0.913747   -0.163747 (VIOLATED)
_13649_/B1                              0.750000    0.913537   -0.163537 (VIOLATED)
_13769_/A2                              0.750000    0.913537   -0.163537 (VIOLATED)
_13841_/A                               0.750000    0.913537   -0.163537 (VIOLATED)
_13922_/A                               0.750000    0.913537   -0.163537 (VIOLATED)
_13923_/B2                              0.750000    0.913537   -0.163537 (VIOLATED)
_14078_/A                               0.750000    0.913537   -0.163537 (VIOLATED)
_14080_/A                               0.750000    0.913537   -0.163537 (VIOLATED)
_14358_/B2                              0.750000    0.913537   -0.163537 (VIOLATED)
_14360_/A                               0.750000    0.913537   -0.163537 (VIOLATED)
_14457_/A1                              0.750000    0.913537   -0.163537 (VIOLATED)
fanout1251/X                            0.750000    0.913537   -0.163537 (VIOLATED)
ANTENNA_8/DIODE                         0.750000    0.913533   -0.163533 (VIOLATED)
_13675_/A1                              0.750000    0.913532   -0.163532 (VIOLATED)
_19010_/A0                              0.750000    0.913455   -0.163456 (VIOLATED)
_11275_/B1                              0.750000    0.913158   -0.163158 (VIOLATED)
fanout1249/A                            0.750000    0.913142   -0.163142 (VIOLATED)
_14711_/A                               0.750000    0.913134   -0.163134 (VIOLATED)
_14713_/A                               0.750000    0.913134   -0.163134 (VIOLATED)
_13655_/B                               0.750000    0.913099   -0.163099 (VIOLATED)
_13766_/B                               0.750000    0.913099   -0.163099 (VIOLATED)
fanout1250/X                            0.750000    0.913099   -0.163099 (VIOLATED)
_11274_/X                               0.750000    0.912948   -0.162948 (VIOLATED)
_15803_/A1                              0.750000    0.912139   -0.162139 (VIOLATED)
_15897_/A1                              0.750000    0.912138   -0.162138 (VIOLATED)
_16080_/A1                              0.750000    0.912137   -0.162137 (VIOLATED)
_16170_/A1                              0.750000    0.912133   -0.162133 (VIOLATED)
_13794_/A1                              0.750000    0.912130   -0.162130 (VIOLATED)
_15707_/A1                              0.750000    0.912111   -0.162111 (VIOLATED)
_13433_/A                               0.750000    0.912107   -0.162107 (VIOLATED)
_13870_/B1_N                            0.750000    0.912104   -0.162104 (VIOLATED)
_14517_/B1                              0.750000    0.912086   -0.162086 (VIOLATED)
_14631_/A1                              0.750000    0.912086   -0.162086 (VIOLATED)
fanout1170/X                            0.750000    0.912086   -0.162086 (VIOLATED)
_11311_/A2                              0.750000    0.912062   -0.162062 (VIOLATED)
max_cap1367/A                           0.750000    0.912020   -0.162020 (VIOLATED)
_11305_/Y                               0.750000    0.911970   -0.161970 (VIOLATED)
_09855_/A                               0.750000    0.911926   -0.161926 (VIOLATED)
_09875_/B2                              0.750000    0.911926   -0.161926 (VIOLATED)
_12002_/A1                              0.750000    0.911926   -0.161926 (VIOLATED)
_12329_/A2                              0.750000    0.911926   -0.161926 (VIOLATED)
_12366_/A1                              0.750000    0.911926   -0.161926 (VIOLATED)
_12369_/A1                              0.750000    0.911926   -0.161926 (VIOLATED)
_17892_/A                               0.750000    0.911926   -0.161926 (VIOLATED)
_17979_/A1                              0.750000    0.911926   -0.161926 (VIOLATED)
_18009_/A1                              0.750000    0.911926   -0.161926 (VIOLATED)
_18602_/B2                              0.750000    0.911926   -0.161926 (VIOLATED)
fanout2316/X                            0.750000    0.911926   -0.161926 (VIOLATED)
_17805_/A1                              0.750000    0.911816   -0.161816 (VIOLATED)
_17912_/A0                              0.750000    0.911758   -0.161758 (VIOLATED)
_18119_/A0                              0.750000    0.911720   -0.161720 (VIOLATED)
fanout940/A                             0.750000    0.911608   -0.161608 (VIOLATED)
_10545_/A1                              0.750000    0.911570   -0.161570 (VIOLATED)
_10553_/A                               0.750000    0.911561   -0.161562 (VIOLATED)
_10546_/C_N                             0.750000    0.911560   -0.161560 (VIOLATED)
_10547_/C_N                             0.750000    0.911560   -0.161560 (VIOLATED)
_10549_/A                               0.750000    0.911559   -0.161559 (VIOLATED)
_11952_/S1                              0.750000    0.911545   -0.161545 (VIOLATED)
_11953_/S1                              0.750000    0.911544   -0.161544 (VIOLATED)
_11483_/A1                              0.750000    0.911511   -0.161512 (VIOLATED)
fanout2140/X                            0.750000    0.911511   -0.161512 (VIOLATED)
_12849_/X                               0.750000    0.911291   -0.161291 (VIOLATED)
_17208_/S                               0.750000    0.911047   -0.161047 (VIOLATED)
_17224_/S                               0.750000    0.911031   -0.161031 (VIOLATED)
_17207_/S                               0.750000    0.911026   -0.161026 (VIOLATED)
_17205_/S                               0.750000    0.911013   -0.161013 (VIOLATED)
_17232_/S                               0.750000    0.911013   -0.161013 (VIOLATED)
fanout780/X                             0.750000    0.911013   -0.161013 (VIOLATED)
load_slew781/A                          0.750000    0.911013   -0.161013 (VIOLATED)
_13774_/A                               0.750000    0.909974   -0.159974 (VIOLATED)
_13455_/B                               0.750000    0.909974   -0.159974 (VIOLATED)
_13529_/A1                              0.750000    0.909974   -0.159974 (VIOLATED)
_13598_/A                               0.750000    0.909974   -0.159974 (VIOLATED)
_13599_/A                               0.750000    0.909974   -0.159974 (VIOLATED)
_13600_/A1                              0.750000    0.909974   -0.159974 (VIOLATED)
_13649_/B2                              0.750000    0.909974   -0.159974 (VIOLATED)
_13677_/A                               0.750000    0.909974   -0.159974 (VIOLATED)
_13678_/A                               0.750000    0.909974   -0.159974 (VIOLATED)
_13679_/A1                              0.750000    0.909974   -0.159974 (VIOLATED)
fanout1165/X                            0.750000    0.909974   -0.159974 (VIOLATED)
_11147_/A1                              0.750000    0.909746   -0.159746 (VIOLATED)
_11788_/A1                              0.750000    0.909721   -0.159721 (VIOLATED)
_11766_/B2                              0.750000    0.909714   -0.159714 (VIOLATED)
_10192_/B2                              0.750000    0.909709   -0.159709 (VIOLATED)
fanout1841/X                            0.750000    0.909709   -0.159709 (VIOLATED)
load_slew1842/A                         0.750000    0.909709   -0.159709 (VIOLATED)
_11959_/B2                              0.750000    0.909537   -0.159537 (VIOLATED)
_11964_/B1                              0.750000    0.909535   -0.159535 (VIOLATED)
fanout1678/A                            0.750000    0.909533   -0.159533 (VIOLATED)
fanout1681/A                            0.750000    0.909533   -0.159533 (VIOLATED)
fanout1684/A                            0.750000    0.909533   -0.159533 (VIOLATED)
fanout1686/X                            0.750000    0.909533   -0.159533 (VIOLATED)
_09982_/B                               0.750000    0.908937   -0.158937 (VIOLATED)
_10006_/A                               0.750000    0.908937   -0.158937 (VIOLATED)
_10026_/A1                              0.750000    0.908937   -0.158937 (VIOLATED)
_09987_/B                               0.750000    0.908934   -0.158934 (VIOLATED)
_10093_/A                               0.750000    0.908929   -0.158929 (VIOLATED)
_12070_/B1                              0.750000    0.908928   -0.158928 (VIOLATED)
_09918_/A                               0.750000    0.908924   -0.158924 (VIOLATED)
_09968_/A_N                             0.750000    0.908924   -0.158924 (VIOLATED)
_09941_/B                               0.750000    0.908919   -0.158919 (VIOLATED)
_12066_/A                               0.750000    0.908919   -0.158919 (VIOLATED)
fanout2286/X                            0.750000    0.908919   -0.158919 (VIOLATED)
_10378_/A1                              0.750000    0.908364   -0.158364 (VIOLATED)
_11294_/B2                              0.750000    0.908361   -0.158361 (VIOLATED)
_10617_/A1                              0.750000    0.908349   -0.158349 (VIOLATED)
_10591_/B1                              0.750000    0.908340   -0.158340 (VIOLATED)
load_slew1638/A                         0.750000    0.908333   -0.158333 (VIOLATED)
_11351_/A                               0.750000    0.908328   -0.158328 (VIOLATED)
fanout1637/X                            0.750000    0.908328   -0.158328 (VIOLATED)
_15201_/A                               0.750000    0.907063   -0.157063 (VIOLATED)
_14982_/B1                              0.750000    0.907063   -0.157063 (VIOLATED)
_18813_/A1                              0.750000    0.907063   -0.157063 (VIOLATED)
_18835_/A1                              0.750000    0.907063   -0.157063 (VIOLATED)
_18842_/A1                              0.750000    0.907063   -0.157063 (VIOLATED)
_18849_/A1                              0.750000    0.907063   -0.157063 (VIOLATED)
_18856_/A1                              0.750000    0.907063   -0.157063 (VIOLATED)
_18870_/A1                              0.750000    0.907063   -0.157063 (VIOLATED)
_18877_/A1                              0.750000    0.907063   -0.157063 (VIOLATED)
_18968_/B1                              0.750000    0.907063   -0.157063 (VIOLATED)
fanout1323/X                            0.750000    0.907063   -0.157063 (VIOLATED)
_18868_/C1                              0.750000    0.906137   -0.156137 (VIOLATED)
_18875_/C1                              0.750000    0.906136   -0.156136 (VIOLATED)
_18797_/C1                              0.750000    0.906135   -0.156135 (VIOLATED)
_18790_/C1                              0.750000    0.906134   -0.156134 (VIOLATED)
_18783_/C1                              0.750000    0.906132   -0.156133 (VIOLATED)
_18776_/C1                              0.750000    0.906130   -0.156130 (VIOLATED)
_18769_/C1                              0.750000    0.906123   -0.156123 (VIOLATED)
_18761_/C1                              0.750000    0.906120   -0.156120 (VIOLATED)
_18754_/C1                              0.750000    0.906117   -0.156117 (VIOLATED)
fanout1419/A                            0.750000    0.906117   -0.156117 (VIOLATED)
fanout1420/X                            0.750000    0.906117   -0.156117 (VIOLATED)
_12178_/A                               0.750000    0.905794   -0.155794 (VIOLATED)
_12183_/A1                              0.750000    0.905794   -0.155794 (VIOLATED)
_12102_/Y                               0.750000    0.905792   -0.155792 (VIOLATED)
_10185_/B2                              0.750000    0.904751   -0.154751 (VIOLATED)
_10766_/A1                              0.750000    0.904750   -0.154750 (VIOLATED)
_12065_/B                               0.750000    0.904747   -0.154747 (VIOLATED)
_13298_/A_N                             0.750000    0.904747   -0.154747 (VIOLATED)
_13299_/A_N                             0.750000    0.904747   -0.154747 (VIOLATED)
_16357_/B                               0.750000    0.904747   -0.154747 (VIOLATED)
_16358_/B                               0.750000    0.904747   -0.154747 (VIOLATED)
_16395_/B                               0.750000    0.904747   -0.154747 (VIOLATED)
_16428_/B                               0.750000    0.904747   -0.154747 (VIOLATED)
_16834_/B                               0.750000    0.904747   -0.154747 (VIOLATED)
fanout2305/X                            0.750000    0.904747   -0.154747 (VIOLATED)
_13927_/B                               0.750000    0.904706   -0.154706 (VIOLATED)
_14000_/B                               0.750000    0.904706   -0.154706 (VIOLATED)
_14085_/B                               0.750000    0.904706   -0.154706 (VIOLATED)
_14170_/B                               0.750000    0.904706   -0.154706 (VIOLATED)
_14261_/A                               0.750000    0.904706   -0.154706 (VIOLATED)
_14364_/A                               0.750000    0.904706   -0.154706 (VIOLATED)
_14462_/A                               0.750000    0.904706   -0.154706 (VIOLATED)
fanout1163/X                            0.750000    0.904706   -0.154706 (VIOLATED)
_10667_/S                               0.750000    0.904621   -0.154621 (VIOLATED)
_10669_/S                               0.750000    0.904618   -0.154618 (VIOLATED)
fanout2214/A                            0.750000    0.904606   -0.154606 (VIOLATED)
fanout2216/A                            0.750000    0.904598   -0.154598 (VIOLATED)
fanout2218/A                            0.750000    0.904578   -0.154578 (VIOLATED)
fanout2212/A                            0.750000    0.904574   -0.154574 (VIOLATED)
fanout2220/X                            0.750000    0.904574   -0.154574 (VIOLATED)
_09859_/A                               0.750000    0.904442   -0.154442 (VIOLATED)
_19708_/A1                              0.750000    0.904441   -0.154441 (VIOLATED)
_13300_/D                               0.750000    0.904439   -0.154439 (VIOLATED)
_19752_/A1                              0.750000    0.904435   -0.154435 (VIOLATED)
_13228_/A1                              0.750000    0.904418   -0.154418 (VIOLATED)
input35/X                               0.750000    0.904174   -0.154174 (VIOLATED)
_18512_/S                               0.750000    0.903805   -0.153805 (VIOLATED)
_18522_/S                               0.750000    0.903804   -0.153804 (VIOLATED)
fanout1147/A                            0.750000    0.903802   -0.153802 (VIOLATED)
fanout1146/A                            0.750000    0.903802   -0.153802 (VIOLATED)
_18454_/S                               0.750000    0.903799   -0.153799 (VIOLATED)
_18459_/S                               0.750000    0.903799   -0.153799 (VIOLATED)
_18488_/S                               0.750000    0.903799   -0.153799 (VIOLATED)
_18616_/A3                              0.750000    0.903799   -0.153799 (VIOLATED)
_18619_/A0                              0.750000    0.903799   -0.153799 (VIOLATED)
fanout1148/X                            0.750000    0.903799   -0.153799 (VIOLATED)
fanout326/A                             0.750000    0.902948   -0.152948 (VIOLATED)
_17639_/A2                              0.750000    0.902944   -0.152944 (VIOLATED)
_17642_/A2                              0.750000    0.902942   -0.152942 (VIOLATED)
_17647_/A2                              0.750000    0.902938   -0.152938 (VIOLATED)
_17651_/A2                              0.750000    0.902930   -0.152930 (VIOLATED)
fanout327/A                             0.750000    0.902882   -0.152882 (VIOLATED)
fanout328/A                             0.750000    0.902882   -0.152882 (VIOLATED)
fanout329/X                             0.750000    0.902882   -0.152882 (VIOLATED)
fanout687/A                             0.750000    0.902710   -0.152710 (VIOLATED)
fanout682/A                             0.750000    0.902379   -0.152379 (VIOLATED)
fanout690/X                             0.750000    0.902379   -0.152379 (VIOLATED)
load_slew692/A                          0.750000    0.902379   -0.152379 (VIOLATED)
fanout676/A                             0.750000    0.901545   -0.151545 (VIOLATED)
_17950_/S                               0.750000    0.901313   -0.151313 (VIOLATED)
_17962_/S                               0.750000    0.901312   -0.151312 (VIOLATED)
wire392/A                               0.750000    0.901311   -0.151311 (VIOLATED)
fanout389/A                             0.750000    0.901309   -0.151309 (VIOLATED)
fanout391/X                             0.750000    0.901309   -0.151309 (VIOLATED)
fanout671/A                             0.750000    0.901195   -0.151195 (VIOLATED)
fanout679/X                             0.750000    0.901195   -0.151195 (VIOLATED)
load_slew681/A                          0.750000    0.901195   -0.151195 (VIOLATED)
_21778_/A                               0.750000    0.900148   -0.150148 (VIOLATED)
_18879_/C                               0.750000    0.899935   -0.149935 (VIOLATED)
_18875_/A2                              0.750000    0.899898   -0.149898 (VIOLATED)
_18873_/A2                              0.750000    0.899882   -0.149882 (VIOLATED)
_12922_/B2                              0.750000    0.899843   -0.149843 (VIOLATED)
_12019_/B2                              0.750000    0.899841   -0.149841 (VIOLATED)
_12383_/A2                              0.750000    0.899842   -0.149842 (VIOLATED)
input78/X                               0.750000    0.899837   -0.149837 (VIOLATED)
_12559_/A1                              0.750000    0.899814   -0.149814 (VIOLATED)
_19742_/A1                              0.750000    0.899806   -0.149806 (VIOLATED)
_16351_/A2                              0.750000    0.899776   -0.149776 (VIOLATED)
_11982_/Y                               0.750000    0.899720   -0.149720 (VIOLATED)
_18468_/A1                              0.750000    0.899572   -0.149572 (VIOLATED)
_18704_/A2                              0.750000    0.899547   -0.149547 (VIOLATED)
_18701_/A1                              0.750000    0.899540   -0.149540 (VIOLATED)
load_slew532/A                          0.750000    0.899286   -0.149286 (VIOLATED)
_18984_/A1                              0.750000    0.899257   -0.149257 (VIOLATED)
load_slew533/A                          0.750000    0.899255   -0.149255 (VIOLATED)
_12230_/Y                               0.750000    0.899249   -0.149249 (VIOLATED)
_18590_/A3                              0.750000    0.897555   -0.147555 (VIOLATED)
_18568_/A3                              0.750000    0.897550   -0.147550 (VIOLATED)
_18566_/A3                              0.750000    0.897550   -0.147550 (VIOLATED)
_18586_/A3                              0.750000    0.897549   -0.147549 (VIOLATED)
_18564_/A3                              0.750000    0.897547   -0.147547 (VIOLATED)
_18558_/A3                              0.750000    0.897543   -0.147543 (VIOLATED)
_18554_/A3                              0.750000    0.897543   -0.147543 (VIOLATED)
_18556_/A3                              0.750000    0.897543   -0.147543 (VIOLATED)
_18560_/A3                              0.750000    0.897543   -0.147543 (VIOLATED)
_18588_/A3                              0.750000    0.897543   -0.147543 (VIOLATED)
fanout461/X                             0.750000    0.897543   -0.147543 (VIOLATED)
fanout1213/A                            0.750000    0.896387   -0.146387 (VIOLATED)
_15844_/A2                              0.750000    0.896362   -0.146362 (VIOLATED)
_14955_/B1                              0.750000    0.896345   -0.146346 (VIOLATED)
_15176_/A2                              0.750000    0.896345   -0.146346 (VIOLATED)
_15380_/B1                              0.750000    0.896345   -0.146346 (VIOLATED)
fanout1214/X                            0.750000    0.896345   -0.146346 (VIOLATED)
_18326_/C1                              0.750000    0.896205   -0.146205 (VIOLATED)
_18225_/C1                              0.750000    0.896205   -0.146205 (VIOLATED)
_18232_/C1                              0.750000    0.896205   -0.146205 (VIOLATED)
_18240_/C1                              0.750000    0.896205   -0.146205 (VIOLATED)
_18247_/C1                              0.750000    0.896205   -0.146205 (VIOLATED)
_18333_/C1                              0.750000    0.896205   -0.146205 (VIOLATED)
fanout366/A                             0.750000    0.896205   -0.146205 (VIOLATED)
fanout368/X                             0.750000    0.896205   -0.146205 (VIOLATED)
_10121_/A1                              0.750000    0.895289   -0.145289 (VIOLATED)
_10113_/A                               0.750000    0.895287   -0.145287 (VIOLATED)
_10837_/A1                              0.750000    0.895287   -0.145287 (VIOLATED)
_10292_/A1                              0.750000    0.895287   -0.145287 (VIOLATED)
_11751_/A                               0.750000    0.895287   -0.145287 (VIOLATED)
fanout1716/X                            0.750000    0.895287   -0.145287 (VIOLATED)
load_slew1717/A                         0.750000    0.895287   -0.145287 (VIOLATED)
_12824_/B2                              0.750000    0.894791   -0.144791 (VIOLATED)
_12836_/B2                              0.750000    0.894789   -0.144789 (VIOLATED)
_12812_/B2                              0.750000    0.894782   -0.144782 (VIOLATED)
_12681_/A                               0.750000    0.894777   -0.144777 (VIOLATED)
_12797_/B2                              0.750000    0.894775   -0.144775 (VIOLATED)
_12782_/B2                              0.750000    0.894767   -0.144767 (VIOLATED)
_12769_/B2                              0.750000    0.894757   -0.144757 (VIOLATED)
_12729_/B2                              0.750000    0.894748   -0.144748 (VIOLATED)
_12743_/B2                              0.750000    0.894748   -0.144748 (VIOLATED)
_12755_/B2                              0.750000    0.894748   -0.144748 (VIOLATED)
fanout1442/X                            0.750000    0.894748   -0.144748 (VIOLATED)
fanout2133/A                            0.750000    0.894711   -0.144711 (VIOLATED)
_10920_/C1                              0.750000    0.894704   -0.144704 (VIOLATED)
_11363_/C1                              0.750000    0.894699   -0.144699 (VIOLATED)
_11342_/S1                              0.750000    0.894698   -0.144698 (VIOLATED)
_11341_/S1                              0.750000    0.894696   -0.144696 (VIOLATED)
_11345_/A                               0.750000    0.894696   -0.144696 (VIOLATED)
_11346_/C                               0.750000    0.894696   -0.144696 (VIOLATED)
fanout2134/X                            0.750000    0.894696   -0.144696 (VIOLATED)
_11328_/C1                              0.750000    0.893711   -0.143711 (VIOLATED)
wire1934/A                              0.750000    0.893709   -0.143709 (VIOLATED)
fanout1930/A                            0.750000    0.893708   -0.143708 (VIOLATED)
fanout1932/A                            0.750000    0.893708   -0.143708 (VIOLATED)
fanout1933/X                            0.750000    0.893708   -0.143708 (VIOLATED)
_12644_/B2                              0.750000    0.893288   -0.143288 (VIOLATED)
_12662_/A1                              0.750000    0.893283   -0.143283 (VIOLATED)
_12628_/B2                              0.750000    0.893255   -0.143255 (VIOLATED)
_15175_/A                               0.750000    0.893203   -0.143203 (VIOLATED)
_12607_/A0                              0.750000    0.893153   -0.143153 (VIOLATED)
_14480_/B2                              0.750000    0.893037   -0.143037 (VIOLATED)
_14379_/A1                              0.750000    0.893014   -0.143014 (VIOLATED)
_14377_/A                               0.750000    0.893013   -0.143013 (VIOLATED)
_13675_/A0                              0.750000    0.892798   -0.142798 (VIOLATED)
_14086_/A                               0.750000    0.892791   -0.142791 (VIOLATED)
_14000_/A                               0.750000    0.892736   -0.142736 (VIOLATED)
_13923_/A1                              0.750000    0.892516   -0.142516 (VIOLATED)
_13841_/B                               0.750000    0.892498   -0.142498 (VIOLATED)
_13654_/B                               0.750000    0.892311   -0.142311 (VIOLATED)
_13687_/A2                              0.750000    0.892312   -0.142312 (VIOLATED)
_18978_/A0                              0.750000    0.892279   -0.142279 (VIOLATED)
_13653_/X                               0.750000    0.892248   -0.142248 (VIOLATED)
_16130_/A3                              0.750000    0.892042   -0.142042 (VIOLATED)
_16306_/A3                              0.750000    0.892041   -0.142041 (VIOLATED)
_16041_/A3                              0.750000    0.892039   -0.142039 (VIOLATED)
_18902_/A3                              0.750000    0.892037   -0.142037 (VIOLATED)
_10528_/A2                              0.750000    0.892029   -0.142029 (VIOLATED)
_14895_/A3                              0.750000    0.892010   -0.142010 (VIOLATED)
_14150_/A2                              0.750000    0.891984   -0.141984 (VIOLATED)
_14241_/A2                              0.750000    0.891984   -0.141984 (VIOLATED)
fanout1334/A                            0.750000    0.891984   -0.141984 (VIOLATED)
fanout1335/X                            0.750000    0.891984   -0.141984 (VIOLATED)
_10527_/X                               0.750000    0.891983   -0.141983 (VIOLATED)
_18836_/A2                              0.750000    0.891873   -0.141873 (VIOLATED)
_18843_/A2                              0.750000    0.891872   -0.141873 (VIOLATED)
_18850_/A2                              0.750000    0.891872   -0.141872 (VIOLATED)
_18878_/A2                              0.750000    0.891871   -0.141871 (VIOLATED)
_18881_/A                               0.750000    0.891870   -0.141870 (VIOLATED)
_18821_/B1                              0.750000    0.891869   -0.141869 (VIOLATED)
_18872_/A2                              0.750000    0.891861   -0.141861 (VIOLATED)
_18700_/A2                              0.750000    0.891861   -0.141861 (VIOLATED)
_18829_/A2                              0.750000    0.891861   -0.141861 (VIOLATED)
_18864_/A2                              0.750000    0.891861   -0.141861 (VIOLATED)
fanout903/X                             0.750000    0.891861   -0.141861 (VIOLATED)
_19587_/B                               0.750000    0.890336   -0.140336 (VIOLATED)
_19653_/A2                              0.750000    0.890330   -0.140330 (VIOLATED)
_19618_/C                               0.750000    0.890319   -0.140319 (VIOLATED)
_19564_/A2                              0.750000    0.890308   -0.140308 (VIOLATED)
_19476_/B                               0.750000    0.890293   -0.140293 (VIOLATED)
_19542_/A2                              0.750000    0.890256   -0.140256 (VIOLATED)
_19475_/Y                               0.750000    0.890249   -0.140249 (VIOLATED)
_19787_/A                               0.750000    0.888401   -0.138401 (VIOLATED)
fanout279/A                             0.750000    0.888398   -0.138398 (VIOLATED)
_19605_/A2                              0.750000    0.888396   -0.138396 (VIOLATED)
_19481_/A2                              0.750000    0.888395   -0.138395 (VIOLATED)
_19483_/A2                              0.750000    0.888394   -0.138394 (VIOLATED)
_19504_/B                               0.750000    0.888394   -0.138394 (VIOLATED)
_13257_/S                               0.750000    0.888391   -0.138392 (VIOLATED)
_19365_/A2                              0.750000    0.888391   -0.138392 (VIOLATED)
fanout280/X                             0.750000    0.888391   -0.138392 (VIOLATED)
fanout757/A                             0.750000    0.888015   -0.138015 (VIOLATED)
fanout755/A                             0.750000    0.887999   -0.137999 (VIOLATED)
fanout753/A                             0.750000    0.887986   -0.137986 (VIOLATED)
_17299_/X                               0.750000    0.887981   -0.137981 (VIOLATED)
fanout750/A                             0.750000    0.887981   -0.137981 (VIOLATED)
_15803_/D1                              0.750000    0.887034   -0.137034 (VIOLATED)
_15897_/C1                              0.750000    0.887034   -0.137034 (VIOLATED)
_16080_/C1                              0.750000    0.887034   -0.137034 (VIOLATED)
_13794_/C1                              0.750000    0.887031   -0.137031 (VIOLATED)
_16170_/C1                              0.750000    0.887031   -0.137031 (VIOLATED)
_13872_/C1                              0.750000    0.887022   -0.137022 (VIOLATED)
_15707_/D1                              0.750000    0.887020   -0.137020 (VIOLATED)
_14519_/C1                              0.750000    0.887015   -0.137015 (VIOLATED)
_14631_/D1                              0.750000    0.887015   -0.137015 (VIOLATED)
_14750_/C1                              0.750000    0.887015   -0.137015 (VIOLATED)
fanout995/X                             0.750000    0.887015   -0.137015 (VIOLATED)
_19433_/Y                               0.750000    0.886328   -0.136328 (VIOLATED)
_19435_/A3                              0.750000    0.886328   -0.136328 (VIOLATED)
_19497_/B1                              0.750000    0.886328   -0.136328 (VIOLATED)
_19509_/B2                              0.750000    0.886328   -0.136328 (VIOLATED)
_19567_/C1                              0.750000    0.886328   -0.136328 (VIOLATED)
_19574_/B1                              0.750000    0.886328   -0.136328 (VIOLATED)
_19640_/A1                              0.750000    0.886328   -0.136328 (VIOLATED)
_19674_/B2                              0.750000    0.886328   -0.136328 (VIOLATED)
_15139_/A2                              0.750000    0.886318   -0.136318 (VIOLATED)
_15140_/B                               0.750000    0.886317   -0.136317 (VIOLATED)
_15143_/A1                              0.750000    0.886317   -0.136317 (VIOLATED)
_15019_/A1                              0.750000    0.886315   -0.136315 (VIOLATED)
_14808_/A                               0.750000    0.886311   -0.136311 (VIOLATED)
_14684_/A1                              0.750000    0.886309   -0.136309 (VIOLATED)
_14685_/A                               0.750000    0.886309   -0.136309 (VIOLATED)
_13677_/C                               0.750000    0.886303   -0.136303 (VIOLATED)
_13678_/C                               0.750000    0.886303   -0.136303 (VIOLATED)
_14458_/A                               0.750000    0.886303   -0.136303 (VIOLATED)
fanout1247/X                            0.750000    0.886303   -0.136303 (VIOLATED)
_18080_/A2                              0.750000    0.886175   -0.136175 (VIOLATED)
_18074_/A2                              0.750000    0.886172   -0.136172 (VIOLATED)
_18089_/A2                              0.750000    0.886156   -0.136156 (VIOLATED)
_18062_/A2                              0.750000    0.886154   -0.136154 (VIOLATED)
_18098_/A2                              0.750000    0.886154   -0.136154 (VIOLATED)
fanout1141/X                            0.750000    0.886154   -0.136154 (VIOLATED)
fanout1455/A                            0.750000    0.884600   -0.134600 (VIOLATED)
fanout1450/A                            0.750000    0.884589   -0.134589 (VIOLATED)
fanout1452/A                            0.750000    0.884583   -0.134583 (VIOLATED)
_12672_/Y                               0.750000    0.884581   -0.134581 (VIOLATED)
_18747_/A1                              0.750000    0.882797   -0.132797 (VIOLATED)
_18754_/A1                              0.750000    0.882795   -0.132795 (VIOLATED)
_18761_/A1                              0.750000    0.882794   -0.132794 (VIOLATED)
_18783_/A1                              0.750000    0.882792   -0.132792 (VIOLATED)
_18776_/A1                              0.750000    0.882792   -0.132792 (VIOLATED)
_18769_/A1                              0.750000    0.882790   -0.132790 (VIOLATED)
_18861_/A1                              0.750000    0.882786   -0.132787 (VIOLATED)
_18868_/A1                              0.750000    0.882786   -0.132787 (VIOLATED)
_18875_/A1                              0.750000    0.882786   -0.132787 (VIOLATED)
fanout1863/A                            0.750000    0.882786   -0.132787 (VIOLATED)
fanout1864/X                            0.750000    0.882786   -0.132787 (VIOLATED)
fanout1112/A                            0.750000    0.882287   -0.132287 (VIOLATED)
fanout1113/A                            0.750000    0.882285   -0.132285 (VIOLATED)
_12387_/A2                              0.750000    0.882284   -0.132284 (VIOLATED)
_12402_/A2                              0.750000    0.882284   -0.132284 (VIOLATED)
_19046_/A2                              0.750000    0.882284   -0.132284 (VIOLATED)
fanout1111/A                            0.750000    0.882284   -0.132284 (VIOLATED)
fanout1114/X                            0.750000    0.882284   -0.132284 (VIOLATED)
_10097_/B                               0.750000    0.881509   -0.131509 (VIOLATED)
_10005_/B                               0.750000    0.881505   -0.131505 (VIOLATED)
_10002_/Y                               0.750000    0.881497   -0.131497 (VIOLATED)
_12073_/B                               0.750000    0.881497   -0.131497 (VIOLATED)
_12020_/B                               0.750000    0.881069   -0.131069 (VIOLATED)
_12954_/B2                              0.750000    0.881066   -0.131066 (VIOLATED)
_17054_/S                               0.750000    0.880859   -0.130859 (VIOLATED)
wire813/A                               0.750000    0.880859   -0.130859 (VIOLATED)
_17059_/S                               0.750000    0.880857   -0.130857 (VIOLATED)
_17067_/S                               0.750000    0.880855   -0.130855 (VIOLATED)
_17040_/S                               0.750000    0.880835   -0.130835 (VIOLATED)
fanout812/X                             0.750000    0.880835   -0.130835 (VIOLATED)
_18901_/A1                              0.750000    0.880700   -0.130700 (VIOLATED)
_14899_/B                               0.750000    0.880700   -0.130700 (VIOLATED)
_16309_/A1                              0.750000    0.880699   -0.130699 (VIOLATED)
_16134_/A1                              0.750000    0.880699   -0.130699 (VIOLATED)
_16042_/A1                              0.750000    0.880697   -0.130697 (VIOLATED)
_13443_/C                               0.750000    0.880694   -0.130694 (VIOLATED)
_13442_/C                               0.750000    0.880693   -0.130693 (VIOLATED)
_15949_/A1                              0.750000    0.880693   -0.130693 (VIOLATED)
_14668_/A2                              0.750000    0.880691   -0.130691 (VIOLATED)
_13532_/A2                              0.750000    0.880689   -0.130689 (VIOLATED)
_14339_/B                               0.750000    0.880689   -0.130689 (VIOLATED)
_15860_/A1                              0.750000    0.880688   -0.130688 (VIOLATED)
_14340_/A2                              0.750000    0.880687   -0.130687 (VIOLATED)
_14900_/B                               0.750000    0.880687   -0.130687 (VIOLATED)
_15329_/A1                              0.750000    0.880687   -0.130687 (VIOLATED)
_15426_/A1                              0.750000    0.880687   -0.130687 (VIOLATED)
fanout1145/X                            0.750000    0.880687   -0.130687 (VIOLATED)
_13586_/A2                              0.750000    0.880683   -0.130683 (VIOLATED)
_13828_/A2                              0.750000    0.880678   -0.130678 (VIOLATED)
_13909_/A2                              0.750000    0.880678   -0.130678 (VIOLATED)
_14061_/A2                              0.750000    0.880678   -0.130678 (VIOLATED)
fanout1334/X                            0.750000    0.880678   -0.130678 (VIOLATED)
input80/X                               0.750000    0.880640   -0.130640 (VIOLATED)
fanout1108/A                            0.750000    0.880327   -0.130327 (VIOLATED)
fanout1109/A                            0.750000    0.880325   -0.130325 (VIOLATED)
_12392_/A2                              0.750000    0.880320   -0.130320 (VIOLATED)
_12431_/B1                              0.750000    0.880320   -0.130320 (VIOLATED)
_19045_/A2                              0.750000    0.880320   -0.130320 (VIOLATED)
fanout1107/A                            0.750000    0.880320   -0.130320 (VIOLATED)
fanout1110/X                            0.750000    0.880320   -0.130320 (VIOLATED)
_10162_/A2                              0.750000    0.880205   -0.130205 (VIOLATED)
_18996_/A0                              0.750000    0.880196   -0.130196 (VIOLATED)
_10129_/A2                              0.750000    0.880178   -0.130178 (VIOLATED)
_12608_/A2                              0.750000    0.879886   -0.129886 (VIOLATED)
_12631_/A0                              0.750000    0.879876   -0.129876 (VIOLATED)
_12664_/A0                              0.750000    0.879873   -0.129873 (VIOLATED)
_12647_/B2                              0.750000    0.879861   -0.129861 (VIOLATED)
_10127_/X                               0.750000    0.879825   -0.129825 (VIOLATED)
_10634_/C1                              0.750000    0.879099   -0.129099 (VIOLATED)
_10643_/A                               0.750000    0.879098   -0.129098 (VIOLATED)
_10764_/A1                              0.750000    0.879096   -0.129096 (VIOLATED)
_10756_/C1                              0.750000    0.879089   -0.129089 (VIOLATED)
_10710_/A1                              0.750000    0.879084   -0.129084 (VIOLATED)
fanout1740/X                            0.750000    0.879084   -0.129084 (VIOLATED)
load_slew1741/A                         0.750000    0.879084   -0.129084 (VIOLATED)
_17463_/A2                              0.750000    0.877984   -0.127984 (VIOLATED)
_17459_/A2                              0.750000    0.877983   -0.127983 (VIOLATED)
_17398_/A2                              0.750000    0.877983   -0.127983 (VIOLATED)
_17402_/A2                              0.750000    0.877983   -0.127983 (VIOLATED)
_17406_/A2                              0.750000    0.877983   -0.127983 (VIOLATED)
_17410_/A2                              0.750000    0.877983   -0.127983 (VIOLATED)
_17413_/A2                              0.750000    0.877983   -0.127983 (VIOLATED)
_17417_/A2                              0.750000    0.877983   -0.127983 (VIOLATED)
fanout414/A                             0.750000    0.877983   -0.127983 (VIOLATED)
fanout415/X                             0.750000    0.877983   -0.127983 (VIOLATED)
_17797_/A2                              0.750000    0.877728   -0.127728 (VIOLATED)
_17801_/A2                              0.750000    0.877728   -0.127728 (VIOLATED)
_17805_/A2                              0.750000    0.877728   -0.127728 (VIOLATED)
_17809_/A2                              0.750000    0.877728   -0.127728 (VIOLATED)
_17813_/A2                              0.750000    0.877728   -0.127728 (VIOLATED)
_17816_/A2                              0.750000    0.877728   -0.127728 (VIOLATED)
_17820_/A2                              0.750000    0.877728   -0.127728 (VIOLATED)
_17824_/A2                              0.750000    0.877728   -0.127728 (VIOLATED)
_17827_/A2                              0.750000    0.877728   -0.127728 (VIOLATED)
_17831_/A2                              0.750000    0.877728   -0.127728 (VIOLATED)
fanout401/X                             0.750000    0.877728   -0.127728 (VIOLATED)
fanout870/A                             0.750000    0.877507   -0.127507 (VIOLATED)
fanout868/A                             0.750000    0.877277   -0.127277 (VIOLATED)
fanout866/A                             0.750000    0.877069   -0.127069 (VIOLATED)
fanout864/A                             0.750000    0.877050   -0.127050 (VIOLATED)
_13307_/X                               0.750000    0.877022   -0.127022 (VIOLATED)
_18446_/A                               0.750000    0.876822   -0.126822 (VIOLATED)
_18530_/A1                              0.750000    0.876818   -0.126818 (VIOLATED)
_18532_/A1                              0.750000    0.876815   -0.126815 (VIOLATED)
_18554_/A1                              0.750000    0.876814   -0.126814 (VIOLATED)
_18536_/A1                              0.750000    0.876811   -0.126811 (VIOLATED)
_18529_/A                               0.750000    0.876811   -0.126811 (VIOLATED)
_18540_/A1                              0.750000    0.876810   -0.126810 (VIOLATED)
_18556_/A1                              0.750000    0.876807   -0.126807 (VIOLATED)
_18558_/A1                              0.750000    0.876807   -0.126807 (VIOLATED)
_18560_/A1                              0.750000    0.876807   -0.126807 (VIOLATED)
fanout1800/X                            0.750000    0.876807   -0.126807 (VIOLATED)
_12823_/A1                              0.750000    0.876732   -0.126732 (VIOLATED)
_12822_/B1                              0.750000    0.876731   -0.126731 (VIOLATED)
_10395_/X                               0.750000    0.876687   -0.126687 (VIOLATED)
max_cap1189/A                           0.750000    0.876687   -0.126687 (VIOLATED)
_10525_/A1                              0.750000    0.875016   -0.125016 (VIOLATED)
_10514_/C1                              0.750000    0.875014   -0.125014 (VIOLATED)
_11266_/A1                              0.750000    0.875010   -0.125010 (VIOLATED)
_10460_/A3                              0.750000    0.874993   -0.124993 (VIOLATED)
_10404_/C1                              0.750000    0.874986   -0.124986 (VIOLATED)
fanout1744/X                            0.750000    0.874986   -0.124986 (VIOLATED)
load_slew1745/A                         0.750000    0.874986   -0.124986 (VIOLATED)
fanout1562/A                            0.750000    0.874961   -0.124961 (VIOLATED)
fanout1560/A                            0.750000    0.874946   -0.124946 (VIOLATED)
_13444_/Y                               0.750000    0.874911   -0.124911 (VIOLATED)
_12775_/B1                              0.750000    0.874180   -0.124180 (VIOLATED)
_12766_/A2                              0.750000    0.874179   -0.124179 (VIOLATED)
_12978_/B1                              0.750000    0.874175   -0.124175 (VIOLATED)
_13104_/A2                              0.750000    0.874173   -0.124173 (VIOLATED)
fanout1336/A                            0.750000    0.874173   -0.124173 (VIOLATED)
fanout1338/X                            0.750000    0.874173   -0.124173 (VIOLATED)
fanout1945/A                            0.750000    0.873597   -0.123597 (VIOLATED)
fanout1940/A                            0.750000    0.873469   -0.123469 (VIOLATED)
_13638_/A                               0.750000    0.873430   -0.123430 (VIOLATED)
_13637_/A                               0.750000    0.873430   -0.123430 (VIOLATED)
_13639_/A                               0.750000    0.873428   -0.123428 (VIOLATED)
max_cap1120/A                           0.750000    0.873422   -0.123422 (VIOLATED)
_10624_/S                               0.750000    0.873419   -0.123419 (VIOLATED)
fanout1942/A                            0.750000    0.873269   -0.123270 (VIOLATED)
_17616_/C                               0.750000    0.873220   -0.123220 (VIOLATED)
_12191_/B                               0.750000    0.873217   -0.123217 (VIOLATED)
_12188_/Y                               0.750000    0.873207   -0.123207 (VIOLATED)
_10590_/Y                               0.750000    0.873126   -0.123126 (VIOLATED)
_15901_/A1                              0.750000    0.873103   -0.123103 (VIOLATED)
_13556_/A1                              0.750000    0.873103   -0.123103 (VIOLATED)
_13807_/A1                              0.750000    0.873103   -0.123103 (VIOLATED)
_13884_/A1                              0.750000    0.873103   -0.123103 (VIOLATED)
_14525_/A1                              0.750000    0.873103   -0.123103 (VIOLATED)
_15099_/A1                              0.750000    0.873103   -0.123103 (VIOLATED)
_15209_/A1                              0.750000    0.873103   -0.123103 (VIOLATED)
_15710_/A1                              0.750000    0.873103   -0.123103 (VIOLATED)
_15806_/A1                              0.750000    0.873103   -0.123103 (VIOLATED)
_15987_/A1                              0.750000    0.873103   -0.123103 (VIOLATED)
fanout1132/X                            0.750000    0.873103   -0.123103 (VIOLATED)
fanout1935/A                            0.750000    0.872125   -0.122125 (VIOLATED)
_21627_/Q                               0.750000    0.871799   -0.121799 (VIOLATED)
_10182_/A1                              0.750000    0.871458   -0.121458 (VIOLATED)
_11759_/A1                              0.750000    0.871448   -0.121448 (VIOLATED)
_11690_/A1                              0.750000    0.871444   -0.121444 (VIOLATED)
_11696_/A1                              0.750000    0.871444   -0.121444 (VIOLATED)
_11752_/B2                              0.750000    0.871444   -0.121444 (VIOLATED)
fanout1796/X                            0.750000    0.871444   -0.121444 (VIOLATED)
_16343_/A1                              0.750000    0.870554   -0.120554 (VIOLATED)
_15795_/A                               0.750000    0.870553   -0.120553 (VIOLATED)
fanout1266/A                            0.750000    0.870553   -0.120553 (VIOLATED)
_15602_/A1                              0.750000    0.870553   -0.120553 (VIOLATED)
_14982_/A1                              0.750000    0.870552   -0.120552 (VIOLATED)
_15200_/S                               0.750000    0.870552   -0.120552 (VIOLATED)
_16256_/A1                              0.750000    0.870552   -0.120552 (VIOLATED)
fanout1267/A                            0.750000    0.870552   -0.120552 (VIOLATED)
fanout1268/X                            0.750000    0.870552   -0.120552 (VIOLATED)
_13390_/A2                              0.750000    0.870436   -0.120436 (VIOLATED)
fanout1070/A                            0.750000    0.870434   -0.120434 (VIOLATED)
_13376_/S                               0.750000    0.870429   -0.120429 (VIOLATED)
fanout1077/A                            0.750000    0.870411   -0.120411 (VIOLATED)
_15609_/A                               0.750000    0.870405   -0.120405 (VIOLATED)
_15610_/A1                              0.750000    0.870404   -0.120404 (VIOLATED)
fanout1074/A                            0.750000    0.870399   -0.120399 (VIOLATED)
fanout1078/X                            0.750000    0.870399   -0.120399 (VIOLATED)
_11977_/C1                              0.750000    0.869564   -0.119564 (VIOLATED)
_11918_/C1                              0.750000    0.869564   -0.119564 (VIOLATED)
_10280_/A1                              0.750000    0.869563   -0.119563 (VIOLATED)
_10879_/A1                              0.750000    0.869562   -0.119562 (VIOLATED)
_10929_/A1                              0.750000    0.869561   -0.119561 (VIOLATED)
_11178_/A1                              0.750000    0.869552   -0.119552 (VIOLATED)
_11058_/C1                              0.750000    0.869551   -0.119551 (VIOLATED)
_11244_/C1                              0.750000    0.869550   -0.119550 (VIOLATED)
_11310_/C1                              0.750000    0.869550   -0.119550 (VIOLATED)
_11371_/C1                              0.750000    0.869550   -0.119550 (VIOLATED)
fanout1300/X                            0.750000    0.869550   -0.119550 (VIOLATED)
_13365_/S                               0.750000    0.869319   -0.119319 (VIOLATED)
_13371_/S                               0.750000    0.869319   -0.119319 (VIOLATED)
_13377_/S                               0.750000    0.869318   -0.119318 (VIOLATED)
_13360_/S                               0.750000    0.869317   -0.119317 (VIOLATED)
_13382_/S                               0.750000    0.869317   -0.119317 (VIOLATED)
_13387_/S                               0.750000    0.869317   -0.119317 (VIOLATED)
_13391_/S                               0.750000    0.869316   -0.119316 (VIOLATED)
_13407_/S                               0.750000    0.869315   -0.119315 (VIOLATED)
fanout1187/A                            0.750000    0.869315   -0.119315 (VIOLATED)
fanout1188/X                            0.750000    0.869315   -0.119315 (VIOLATED)
_13062_/B2                              0.750000    0.868423   -0.118423 (VIOLATED)
_12025_/B2                              0.750000    0.868396   -0.118396 (VIOLATED)
_12378_/B1                              0.750000    0.868317   -0.118317 (VIOLATED)
_15542_/B                               0.750000    0.867869   -0.117869 (VIOLATED)
_15541_/A3                              0.750000    0.867869   -0.117869 (VIOLATED)
_15540_/A3                              0.750000    0.867868   -0.117868 (VIOLATED)
_15444_/B                               0.750000    0.867867   -0.117867 (VIOLATED)
_15348_/A1                              0.750000    0.867866   -0.117866 (VIOLATED)
_14569_/A                               0.750000    0.867865   -0.117865 (VIOLATED)
_14817_/A1                              0.750000    0.867865   -0.117865 (VIOLATED)
_14814_/A                               0.750000    0.867865   -0.117865 (VIOLATED)
_14922_/B1                              0.750000    0.867862   -0.117862 (VIOLATED)
_13932_/B                               0.750000    0.867847   -0.117847 (VIOLATED)
fanout1235/X                            0.750000    0.867847   -0.117847 (VIOLATED)
_13465_/A2                              0.750000    0.867688   -0.117688 (VIOLATED)
_18611_/B                               0.750000    0.867688   -0.117688 (VIOLATED)
_18612_/B                               0.750000    0.867688   -0.117688 (VIOLATED)
_18655_/A1                              0.750000    0.867688   -0.117688 (VIOLATED)
_18662_/A1                              0.750000    0.867688   -0.117688 (VIOLATED)
_18677_/A1                              0.750000    0.867688   -0.117688 (VIOLATED)
_18706_/A1                              0.750000    0.867688   -0.117688 (VIOLATED)
_18713_/A1                              0.750000    0.867688   -0.117688 (VIOLATED)
_18721_/A                               0.750000    0.867688   -0.117688 (VIOLATED)
_18728_/A1                              0.750000    0.867688   -0.117688 (VIOLATED)
fanout1321/X                            0.750000    0.867688   -0.117688 (VIOLATED)
_17682_/A2                              0.750000    0.867118   -0.117118 (VIOLATED)
_17687_/A2                              0.750000    0.867116   -0.117116 (VIOLATED)
_17691_/A2                              0.750000    0.867115   -0.117116 (VIOLATED)
_17699_/A2                              0.750000    0.867112   -0.117112 (VIOLATED)
_17703_/A2                              0.750000    0.867110   -0.117110 (VIOLATED)
_17708_/A2                              0.750000    0.867109   -0.117109 (VIOLATED)
_17713_/A2                              0.750000    0.867108   -0.117108 (VIOLATED)
_17717_/A2                              0.750000    0.867105   -0.117105 (VIOLATED)
_17720_/A2                              0.750000    0.867105   -0.117105 (VIOLATED)
_17725_/A2                              0.750000    0.867105   -0.117105 (VIOLATED)
fanout327/X                             0.750000    0.867105   -0.117105 (VIOLATED)
_15466_/B                               0.750000    0.866682   -0.116682 (VIOLATED)
_15374_/A2                              0.750000    0.866682   -0.116682 (VIOLATED)
_15269_/B                               0.750000    0.866681   -0.116681 (VIOLATED)
fanout1218/A                            0.750000    0.866667   -0.116667 (VIOLATED)
_14389_/B1                              0.750000    0.866644   -0.116644 (VIOLATED)
_14593_/B1                              0.750000    0.866644   -0.116644 (VIOLATED)
_14595_/A2                              0.750000    0.866644   -0.116644 (VIOLATED)
fanout1219/X                            0.750000    0.866644   -0.116644 (VIOLATED)
input74/X                               0.750000    0.866315   -0.116315 (VIOLATED)
_12242_/B                               0.750000    0.865615   -0.115615 (VIOLATED)
_12579_/A1                              0.750000    0.865615   -0.115615 (VIOLATED)
_12581_/B                               0.750000    0.865615   -0.115615 (VIOLATED)
_12593_/S                               0.750000    0.865615   -0.115615 (VIOLATED)
_12597_/B                               0.750000    0.865615   -0.115615 (VIOLATED)
_12603_/S                               0.750000    0.865615   -0.115615 (VIOLATED)
_12606_/A2                              0.750000    0.865615   -0.115615 (VIOLATED)
_12612_/B1                              0.750000    0.865615   -0.115615 (VIOLATED)
_12616_/A2                              0.750000    0.865615   -0.115615 (VIOLATED)
_12625_/A2                              0.750000    0.865615   -0.115615 (VIOLATED)
fanout875/X                             0.750000    0.865615   -0.115615 (VIOLATED)
_17797_/B1                              0.750000    0.865462   -0.115462 (VIOLATED)
_17801_/B1                              0.750000    0.865461   -0.115461 (VIOLATED)
_17805_/B1                              0.750000    0.865451   -0.115451 (VIOLATED)
_17809_/B1                              0.750000    0.865446   -0.115446 (VIOLATED)
_17813_/B1                              0.750000    0.865441   -0.115441 (VIOLATED)
_17820_/B1                              0.750000    0.865436   -0.115436 (VIOLATED)
_17816_/B1                              0.750000    0.865433   -0.115433 (VIOLATED)
_17824_/B1                              0.750000    0.865427   -0.115427 (VIOLATED)
_17827_/B1                              0.750000    0.865426   -0.115426 (VIOLATED)
_17831_/B1                              0.750000    0.865426   -0.115426 (VIOLATED)
fanout321/X                             0.750000    0.865426   -0.115426 (VIOLATED)
fanout1136/A                            0.750000    0.864885   -0.114885 (VIOLATED)
_18683_/A2                              0.750000    0.864883   -0.114883 (VIOLATED)
_18748_/A2                              0.750000    0.864880   -0.114880 (VIOLATED)
_18676_/A2                              0.750000    0.864877   -0.114877 (VIOLATED)
_18654_/B1                              0.750000    0.864875   -0.114875 (VIOLATED)
_18661_/A2                              0.750000    0.864875   -0.114875 (VIOLATED)
_18720_/A2                              0.750000    0.864875   -0.114875 (VIOLATED)
_18727_/A2                              0.750000    0.864875   -0.114875 (VIOLATED)
_18734_/A2                              0.750000    0.864875   -0.114875 (VIOLATED)
fanout1137/X                            0.750000    0.864875   -0.114875 (VIOLATED)
wire584/A                               0.750000    0.864833   -0.114833 (VIOLATED)
fanout577/A                             0.750000    0.864827   -0.114827 (VIOLATED)
fanout574/A                             0.750000    0.864803   -0.114803 (VIOLATED)
fanout583/X                             0.750000    0.864803   -0.114803 (VIOLATED)
_13888_/A1                              0.750000    0.864495   -0.114495 (VIOLATED)
_15417_/A1                              0.750000    0.864494   -0.114494 (VIOLATED)
_16177_/A1                              0.750000    0.864494   -0.114494 (VIOLATED)
_15713_/A1                              0.750000    0.864494   -0.114494 (VIOLATED)
_13810_/A1                              0.750000    0.864493   -0.114493 (VIOLATED)
_14639_/B1                              0.750000    0.864492   -0.114492 (VIOLATED)
_13607_/A1                              0.750000    0.864484   -0.114484 (VIOLATED)
_13736_/A1                              0.750000    0.864484   -0.114484 (VIOLATED)
_14423_/B1                              0.750000    0.864484   -0.114484 (VIOLATED)
_15322_/A1                              0.750000    0.864484   -0.114484 (VIOLATED)
fanout1013/X                            0.750000    0.864484   -0.114484 (VIOLATED)
_11208_/A2                              0.750000    0.864324   -0.114324 (VIOLATED)
_11241_/A2                              0.750000    0.864317   -0.114317 (VIOLATED)
_19008_/A0                              0.750000    0.864314   -0.114314 (VIOLATED)
_11206_/Y                               0.750000    0.864254   -0.114254 (VIOLATED)
max_cap1369/A                           0.750000    0.864254   -0.114254 (VIOLATED)
_12654_/A1                              0.750000    0.863766   -0.113766 (VIOLATED)
_12590_/A1                              0.750000    0.863757   -0.113757 (VIOLATED)
_12616_/B2                              0.750000    0.863746   -0.113746 (VIOLATED)
_11140_/A2                              0.750000    0.863693   -0.113693 (VIOLATED)
_11174_/A2                              0.750000    0.863668   -0.113668 (VIOLATED)
_19002_/A0                              0.750000    0.863638   -0.113638 (VIOLATED)
_11138_/X                               0.750000    0.863217   -0.113217 (VIOLATED)
_19394_/A1                              0.750000    0.863113   -0.113113 (VIOLATED)
_19518_/A2                              0.750000    0.863112   -0.113112 (VIOLATED)
_19568_/B2                              0.750000    0.863106   -0.113106 (VIOLATED)
_19562_/B1                              0.750000    0.863106   -0.113106 (VIOLATED)
_19566_/A1                              0.750000    0.863106   -0.113106 (VIOLATED)
_19565_/A1                              0.750000    0.863105   -0.113105 (VIOLATED)
_19510_/B1                              0.750000    0.863100   -0.113100 (VIOLATED)
_19661_/B2                              0.750000    0.863097   -0.113097 (VIOLATED)
_19459_/A                               0.750000    0.863096   -0.113096 (VIOLATED)
_19660_/A1                              0.750000    0.863096   -0.113096 (VIOLATED)
fanout1541/X                            0.750000    0.863096   -0.113096 (VIOLATED)
_18087_/A2                              0.750000    0.862542   -0.112542 (VIOLATED)
_18093_/A2                              0.750000    0.862542   -0.112542 (VIOLATED)
_18063_/A2                              0.750000    0.862541   -0.112541 (VIOLATED)
_18069_/A2                              0.750000    0.862541   -0.112541 (VIOLATED)
_18072_/A2                              0.750000    0.862541   -0.112541 (VIOLATED)
_18078_/A2                              0.750000    0.862541   -0.112541 (VIOLATED)
_18090_/A2                              0.750000    0.862541   -0.112541 (VIOLATED)
_18099_/A2                              0.750000    0.862541   -0.112541 (VIOLATED)
fanout385/X                             0.750000    0.862541   -0.112541 (VIOLATED)
_11920_/B1                              0.750000    0.862098   -0.112098 (VIOLATED)
_16259_/B                               0.750000    0.862091   -0.112091 (VIOLATED)
_16262_/A2                              0.750000    0.862091   -0.112091 (VIOLATED)
_13374_/A                               0.750000    0.862046   -0.112046 (VIOLATED)
_13373_/A1                              0.750000    0.862011   -0.112011 (VIOLATED)
_13108_/S                               0.750000    0.862009   -0.112009 (VIOLATED)
_11919_/X                               0.750000    0.862004   -0.112004 (VIOLATED)
_14528_/A2                              0.750000    0.861943   -0.111943 (VIOLATED)
_14640_/A2                              0.750000    0.861942   -0.111942 (VIOLATED)
fanout1569/A                            0.750000    0.861934   -0.111934 (VIOLATED)
_13548_/A1                              0.750000    0.861930   -0.111930 (VIOLATED)
_14222_/A2                              0.750000    0.861929   -0.111929 (VIOLATED)
_13473_/A1                              0.750000    0.861920   -0.111920 (VIOLATED)
_13733_/A1                              0.750000    0.861920   -0.111920 (VIOLATED)
_14130_/A2                              0.750000    0.861920   -0.111920 (VIOLATED)
_14424_/A2                              0.750000    0.861920   -0.111920 (VIOLATED)
fanout1570/X                            0.750000    0.861920   -0.111920 (VIOLATED)
_18847_/C1                              0.750000    0.860643   -0.110643 (VIOLATED)
_18840_/C1                              0.750000    0.860642   -0.110643 (VIOLATED)
_18854_/C1                              0.750000    0.860642   -0.110642 (VIOLATED)
_18819_/C1                              0.750000    0.860641   -0.110641 (VIOLATED)
_18861_/C1                              0.750000    0.860641   -0.110641 (VIOLATED)
_18690_/C1                              0.750000    0.860639   -0.110639 (VIOLATED)
_18697_/C1                              0.750000    0.860639   -0.110639 (VIOLATED)
_18704_/C1                              0.750000    0.860639   -0.110639 (VIOLATED)
_18826_/C1                              0.750000    0.860639   -0.110639 (VIOLATED)
_18833_/C1                              0.750000    0.860639   -0.110639 (VIOLATED)
fanout1419/X                            0.750000    0.860639   -0.110639 (VIOLATED)
_19228_/S                               0.750000    0.860609   -0.110609 (VIOLATED)
_19196_/S                               0.750000    0.860609   -0.110609 (VIOLATED)
_19224_/S                               0.750000    0.860608   -0.110608 (VIOLATED)
_19230_/S                               0.750000    0.860608   -0.110608 (VIOLATED)
_19232_/S                               0.750000    0.860607   -0.110607 (VIOLATED)
_19200_/S                               0.750000    0.860605   -0.110605 (VIOLATED)
_19184_/S                               0.750000    0.860605   -0.110605 (VIOLATED)
_19186_/S                               0.750000    0.860605   -0.110605 (VIOLATED)
_19216_/S                               0.750000    0.860605   -0.110605 (VIOLATED)
_19218_/S                               0.750000    0.860605   -0.110605 (VIOLATED)
fanout229/X                             0.750000    0.860605   -0.110605 (VIOLATED)
_14301_/A1                              0.750000    0.860516   -0.110516 (VIOLATED)
_14873_/A1                              0.750000    0.860516   -0.110516 (VIOLATED)
_14874_/A1                              0.750000    0.860516   -0.110516 (VIOLATED)
_15089_/A                               0.750000    0.860516   -0.110516 (VIOLATED)
_15090_/A1                              0.750000    0.860516   -0.110516 (VIOLATED)
_15307_/B1                              0.750000    0.860516   -0.110516 (VIOLATED)
_15308_/A                               0.750000    0.860516   -0.110516 (VIOLATED)
_15404_/A                               0.750000    0.860516   -0.110516 (VIOLATED)
_15405_/A1                              0.750000    0.860516   -0.110516 (VIOLATED)
_15505_/A1                              0.750000    0.860516   -0.110516 (VIOLATED)
fanout1267/X                            0.750000    0.860516   -0.110516 (VIOLATED)
_17876_/B1                              0.750000    0.860174   -0.110174 (VIOLATED)
_17761_/A2                              0.750000    0.860173   -0.110173 (VIOLATED)
_17765_/A2                              0.750000    0.860171   -0.110171 (VIOLATED)
_17769_/A2                              0.750000    0.860171   -0.110171 (VIOLATED)
_17773_/A2                              0.750000    0.860170   -0.110170 (VIOLATED)
_17777_/A2                              0.750000    0.860169   -0.110169 (VIOLATED)
_17781_/A2                              0.750000    0.860166   -0.110166 (VIOLATED)
_17785_/A2                              0.750000    0.860165   -0.110165 (VIOLATED)
_17789_/A2                              0.750000    0.860165   -0.110165 (VIOLATED)
_17793_/A2                              0.750000    0.860165   -0.110165 (VIOLATED)
fanout403/X                             0.750000    0.860165   -0.110165 (VIOLATED)
fanout413/A                             0.750000    0.859267   -0.109267 (VIOLATED)
fanout412/A                             0.750000    0.859257   -0.109257 (VIOLATED)
fanout409/A                             0.750000    0.859236   -0.109236 (VIOLATED)
fanout410/A                             0.750000    0.859223   -0.109223 (VIOLATED)
_17492_/Y                               0.750000    0.859208   -0.109208 (VIOLATED)
_12850_/A2                              0.750000    0.858657   -0.108657 (VIOLATED)
_12729_/A2                              0.750000    0.858655   -0.108655 (VIOLATED)
_12743_/A2                              0.750000    0.858655   -0.108655 (VIOLATED)
fanout355/A                             0.750000    0.858655   -0.108655 (VIOLATED)
fanout359/A                             0.750000    0.858655   -0.108655 (VIOLATED)
fanout361/X                             0.750000    0.858655   -0.108655 (VIOLATED)
_16644_/S                               0.750000    0.858279   -0.108279 (VIOLATED)
_16649_/S                               0.750000    0.858274   -0.108274 (VIOLATED)
_16651_/S                               0.750000    0.858270   -0.108270 (VIOLATED)
_16658_/S                               0.750000    0.858263   -0.108263 (VIOLATED)
_16650_/S                               0.750000    0.858254   -0.108254 (VIOLATED)
_16637_/S                               0.750000    0.858254   -0.108254 (VIOLATED)
fanout636/X                             0.750000    0.858254   -0.108254 (VIOLATED)
load_slew637/A                          0.750000    0.858254   -0.108254 (VIOLATED)
fanout709/A                             0.750000    0.858022   -0.108022 (VIOLATED)
fanout704/A                             0.750000    0.857680   -0.107680 (VIOLATED)
fanout712/X                             0.750000    0.857680   -0.107680 (VIOLATED)
load_slew714/A                          0.750000    0.857680   -0.107680 (VIOLATED)
fanout698/A                             0.750000    0.857505   -0.107505 (VIOLATED)
fanout693/A                             0.750000    0.857190   -0.107190 (VIOLATED)
fanout701/X                             0.750000    0.857190   -0.107190 (VIOLATED)
load_slew703/A                          0.750000    0.857190   -0.107190 (VIOLATED)
_19221_/S                               0.750000    0.855547   -0.105547 (VIOLATED)
fanout1883/A                            0.750000    0.855532   -0.105532 (VIOLATED)
_19181_/S                               0.750000    0.855529   -0.105529 (VIOLATED)
_19191_/S                               0.750000    0.855528   -0.105528 (VIOLATED)
_19203_/S                               0.750000    0.855528   -0.105528 (VIOLATED)
_19205_/S                               0.750000    0.855528   -0.105528 (VIOLATED)
fanout1884/X                            0.750000    0.855528   -0.105528 (VIOLATED)
_09904_/A                               0.750000    0.855289   -0.105289 (VIOLATED)
_10170_/C1                              0.750000    0.855282   -0.105282 (VIOLATED)
_09892_/C1                              0.750000    0.855275   -0.105275 (VIOLATED)
_10300_/B2                              0.750000    0.855254   -0.105254 (VIOLATED)
_10954_/B1                              0.750000    0.855244   -0.105244 (VIOLATED)
fanout1748/X                            0.750000    0.855244   -0.105244 (VIOLATED)
load_slew1749/A                         0.750000    0.855244   -0.105244 (VIOLATED)
_17278_/S                               0.750000    0.855029   -0.105029 (VIOLATED)
_17281_/S                               0.750000    0.855027   -0.105027 (VIOLATED)
load_slew765/A                          0.750000    0.855006   -0.105006 (VIOLATED)
ANTENNA_93/DIODE                        0.750000    0.855004   -0.105004 (VIOLATED)
_17292_/S                               0.750000    0.855000   -0.105000 (VIOLATED)
_17294_/S                               0.750000    0.855000   -0.105000 (VIOLATED)
fanout764/X                             0.750000    0.855000   -0.105000 (VIOLATED)
_12021_/B                               0.750000    0.854357   -0.104357 (VIOLATED)
_12939_/A1                              0.750000    0.854356   -0.104356 (VIOLATED)
input79/X                               0.750000    0.854340   -0.104340 (VIOLATED)
_14421_/A1                              0.750000    0.853490   -0.103490 (VIOLATED)
_14313_/A1                              0.750000    0.853490   -0.103490 (VIOLATED)
_13725_/A1                              0.750000    0.853488   -0.103488 (VIOLATED)
_15319_/A1                              0.750000    0.853487   -0.103487 (VIOLATED)
_13642_/A1                              0.750000    0.853479   -0.103479 (VIOLATED)
_13439_/B2                              0.750000    0.853479   -0.103479 (VIOLATED)
_16351_/A1                              0.750000    0.853479   -0.103479 (VIOLATED)
_13481_/A1                              0.750000    0.853477   -0.103477 (VIOLATED)
_13968_/A1                              0.750000    0.853477   -0.103477 (VIOLATED)
_14040_/A1                              0.750000    0.853477   -0.103477 (VIOLATED)
fanout1131/X                            0.750000    0.853477   -0.103477 (VIOLATED)
_11199_/A                               0.750000    0.850519   -0.100519 (VIOLATED)
_11198_/A_N                             0.750000    0.850519   -0.100519 (VIOLATED)
_11202_/S0                              0.750000    0.850518   -0.100518 (VIOLATED)
_11635_/S0                              0.750000    0.850514   -0.100514 (VIOLATED)
_11929_/A_N                             0.750000    0.850511   -0.100511 (VIOLATED)
_11930_/C                               0.750000    0.850511   -0.100511 (VIOLATED)
_11933_/S0                              0.750000    0.850511   -0.100511 (VIOLATED)
fanout2061/X                            0.750000    0.850511   -0.100511 (VIOLATED)
load_slew2062/A                         0.750000    0.850511   -0.100511 (VIOLATED)
_13127_/Y                               0.750000    0.850093   -0.100093 (VIOLATED)
fanout350/A                             0.750000    0.850093   -0.100093 (VIOLATED)
fanout353/A                             0.750000    0.850093   -0.100093 (VIOLATED)
_18681_/A2                              0.750000    0.849994   -0.099994 (VIOLATED)
_18703_/A2                              0.750000    0.849994   -0.099994 (VIOLATED)
_18674_/A2                              0.750000    0.849993   -0.099993 (VIOLATED)
_18710_/A2                              0.750000    0.849990   -0.099990 (VIOLATED)
_18623_/A                               0.750000    0.849989   -0.099989 (VIOLATED)
_18718_/A2                              0.750000    0.849987   -0.099987 (VIOLATED)
_18626_/A2                              0.750000    0.849985   -0.099985 (VIOLATED)
_18659_/A2                              0.750000    0.849985   -0.099985 (VIOLATED)
_18667_/A2                              0.750000    0.849985   -0.099985 (VIOLATED)
_18725_/A2                              0.750000    0.849985   -0.099985 (VIOLATED)
fanout1194/X                            0.750000    0.849985   -0.099985 (VIOLATED)
_13015_/S                               0.750000    0.849616   -0.099616 (VIOLATED)
_13029_/S                               0.750000    0.849615   -0.099615 (VIOLATED)
_13002_/S                               0.750000    0.849615   -0.099615 (VIOLATED)
_13042_/S                               0.750000    0.849613   -0.099613 (VIOLATED)
_12933_/S                               0.750000    0.849613   -0.099613 (VIOLATED)
_12947_/S                               0.750000    0.849613   -0.099613 (VIOLATED)
_12961_/S                               0.750000    0.849613   -0.099613 (VIOLATED)
_12975_/S                               0.750000    0.849613   -0.099613 (VIOLATED)
_13082_/S                               0.750000    0.849613   -0.099613 (VIOLATED)
_13096_/S                               0.750000    0.849613   -0.099613 (VIOLATED)
fanout1091/X                            0.750000    0.849613   -0.099613 (VIOLATED)
_09852_/A                               0.750000    0.849178   -0.099178 (VIOLATED)
_18620_/C1                              0.750000    0.849176   -0.099176 (VIOLATED)
_18613_/A                               0.750000    0.849176   -0.099176 (VIOLATED)
_12345_/A0                              0.750000    0.849176   -0.099176 (VIOLATED)
_18616_/A2                              0.750000    0.849176   -0.099176 (VIOLATED)
_18682_/A1                              0.750000    0.849176   -0.099176 (VIOLATED)
_18711_/A1                              0.750000    0.849176   -0.099176 (VIOLATED)
_18719_/A1                              0.750000    0.849176   -0.099176 (VIOLATED)
_18726_/A1                              0.750000    0.849176   -0.099176 (VIOLATED)
_19791_/A1                              0.750000    0.849176   -0.099176 (VIOLATED)
fanout1861/X                            0.750000    0.849176   -0.099176 (VIOLATED)
_12174_/A2                              0.750000    0.848685   -0.098685 (VIOLATED)
_12677_/A                               0.750000    0.848632   -0.098632 (VIOLATED)
_17491_/B                               0.750000    0.848627   -0.098627 (VIOLATED)
_12173_/Y                               0.750000    0.848617   -0.098617 (VIOLATED)
_12848_/A                               0.750000    0.847577   -0.097577 (VIOLATED)
_12901_/A                               0.750000    0.847577   -0.097577 (VIOLATED)
_12875_/A                               0.750000    0.847577   -0.097577 (VIOLATED)
_12686_/B                               0.750000    0.847575   -0.097575 (VIOLATED)
_12727_/B                               0.750000    0.847575   -0.097575 (VIOLATED)
_12929_/A                               0.750000    0.847575   -0.097575 (VIOLATED)
_12943_/A                               0.750000    0.847575   -0.097575 (VIOLATED)
_12957_/A                               0.750000    0.847575   -0.097575 (VIOLATED)
_13107_/A                               0.750000    0.847575   -0.097575 (VIOLATED)
_13122_/A                               0.750000    0.847575   -0.097575 (VIOLATED)
fanout1433/X                            0.750000    0.847575   -0.097575 (VIOLATED)
_15428_/A                               0.750000    0.847007   -0.097007 (VIOLATED)
_15527_/A                               0.750000    0.847007   -0.097007 (VIOLATED)
_15624_/A                               0.750000    0.847007   -0.097007 (VIOLATED)
_15772_/A                               0.750000    0.847007   -0.097007 (VIOLATED)
_15951_/A                               0.750000    0.847007   -0.097007 (VIOLATED)
_16044_/A                               0.750000    0.847007   -0.097007 (VIOLATED)
_16136_/A                               0.750000    0.847007   -0.097007 (VIOLATED)
_16225_/A                               0.750000    0.847007   -0.097007 (VIOLATED)
_16311_/A                               0.750000    0.847007   -0.097007 (VIOLATED)
_18902_/B1                              0.750000    0.847007   -0.097007 (VIOLATED)
fanout1202/X                            0.750000    0.847007   -0.097007 (VIOLATED)
_18454_/A0                              0.750000    0.846481   -0.096481 (VIOLATED)
_18660_/A2                              0.750000    0.846471   -0.096471 (VIOLATED)
_18657_/A1                              0.750000    0.846466   -0.096466 (VIOLATED)
wire951/A                               0.750000    0.846434   -0.096434 (VIOLATED)
_18972_/A1                              0.750000    0.846426   -0.096426 (VIOLATED)
fanout950/X                             0.750000    0.846426   -0.096426 (VIOLATED)
load_slew952/A                          0.750000    0.846426   -0.096426 (VIOLATED)
_18600_/A1                              0.750000    0.846358   -0.096358 (VIOLATED)
fanout2318/A                            0.750000    0.846354   -0.096354 (VIOLATED)
_18578_/A1                              0.750000    0.846353   -0.096353 (VIOLATED)
_18594_/A1                              0.750000    0.846350   -0.096350 (VIOLATED)
_18570_/A1                              0.750000    0.846347   -0.096347 (VIOLATED)
_18572_/A1                              0.750000    0.846344   -0.096344 (VIOLATED)
_18588_/A1                              0.750000    0.846338   -0.096338 (VIOLATED)
_09870_/A                               0.750000    0.846337   -0.096337 (VIOLATED)
_12338_/B                               0.750000    0.846337   -0.096337 (VIOLATED)
_18447_/A1                              0.750000    0.846337   -0.096337 (VIOLATED)
fanout2319/X                            0.750000    0.846337   -0.096337 (VIOLATED)
_17413_/B1                              0.750000    0.844720   -0.094720 (VIOLATED)
_17417_/B1                              0.750000    0.844719   -0.094719 (VIOLATED)
_17410_/B1                              0.750000    0.844717   -0.094717 (VIOLATED)
_17406_/B1                              0.750000    0.844715   -0.094715 (VIOLATED)
_17398_/B1                              0.750000    0.844711   -0.094711 (VIOLATED)
_17402_/B1                              0.750000    0.844711   -0.094711 (VIOLATED)
_17459_/B1                              0.750000    0.844697   -0.094697 (VIOLATED)
_17463_/B1                              0.750000    0.844697   -0.094697 (VIOLATED)
fanout305/A                             0.750000    0.844697   -0.094697 (VIOLATED)
fanout306/X                             0.750000    0.844697   -0.094697 (VIOLATED)
_16139_/A                               0.750000    0.843801   -0.093801 (VIOLATED)
_16138_/A                               0.750000    0.843800   -0.093800 (VIOLATED)
_18896_/A1                              0.750000    0.843799   -0.093799 (VIOLATED)
_16305_/A1                              0.750000    0.843799   -0.093799 (VIOLATED)
_16132_/A                               0.750000    0.843796   -0.093796 (VIOLATED)
_16133_/A                               0.750000    0.843796   -0.093796 (VIOLATED)
_18904_/A                               0.750000    0.843794   -0.093794 (VIOLATED)
_18905_/A                               0.750000    0.843793   -0.093793 (VIOLATED)
_15529_/A                               0.750000    0.843791   -0.093791 (VIOLATED)
_15530_/A                               0.750000    0.843791   -0.093791 (VIOLATED)
fanout1039/X                            0.750000    0.843791   -0.093791 (VIOLATED)
_10570_/B                               0.750000    0.843011   -0.093011 (VIOLATED)
_13719_/B                               0.750000    0.842986   -0.092986 (VIOLATED)
_13720_/B                               0.750000    0.842976   -0.092976 (VIOLATED)
_13718_/B                               0.750000    0.842975   -0.092975 (VIOLATED)
_12746_/A                               0.750000    0.842887   -0.092887 (VIOLATED)
_12754_/A1                              0.750000    0.842886   -0.092886 (VIOLATED)
_10569_/A                               0.750000    0.842878   -0.092878 (VIOLATED)
_13933_/B1                              0.750000    0.842698   -0.092698 (VIOLATED)
_14463_/B1                              0.750000    0.842693   -0.092693 (VIOLATED)
_14365_/B1                              0.750000    0.842685   -0.092685 (VIOLATED)
_14263_/B1                              0.750000    0.842682   -0.092682 (VIOLATED)
_14001_/B1                              0.750000    0.842679   -0.092679 (VIOLATED)
_14086_/B                               0.750000    0.842679   -0.092679 (VIOLATED)
_14262_/B                               0.750000    0.842679   -0.092679 (VIOLATED)
fanout1236/X                            0.750000    0.842679   -0.092679 (VIOLATED)
_10568_/X                               0.750000    0.842590   -0.092590 (VIOLATED)
_15100_/C1                              0.750000    0.841101   -0.091101 (VIOLATED)
_15210_/B1                              0.750000    0.841100   -0.091100 (VIOLATED)
_15807_/C1                              0.750000    0.841100   -0.091100 (VIOLATED)
_14422_/C1                              0.750000    0.841099   -0.091099 (VIOLATED)
_14526_/C1                              0.750000    0.841099   -0.091099 (VIOLATED)
_15320_/C1                              0.750000    0.841097   -0.091097 (VIOLATED)
_16175_/C1                              0.750000    0.841097   -0.091097 (VIOLATED)
_13885_/B1                              0.750000    0.841096   -0.091096 (VIOLATED)
_13808_/C1                              0.750000    0.841093   -0.091093 (VIOLATED)
_15711_/C1                              0.750000    0.841093   -0.091093 (VIOLATED)
fanout1470/X                            0.750000    0.841093   -0.091093 (VIOLATED)
_18012_/S                               0.750000    0.841019   -0.091019 (VIOLATED)
_18014_/B                               0.750000    0.841016   -0.091016 (VIOLATED)
_18017_/B                               0.750000    0.841014   -0.091014 (VIOLATED)
_18048_/A2                              0.750000    0.841014   -0.091014 (VIOLATED)
fanout382/A                             0.750000    0.841014   -0.091014 (VIOLATED)
fanout383/X                             0.750000    0.841014   -0.091014 (VIOLATED)
_12093_/D                               0.750000    0.840664   -0.090664 (VIOLATED)
_12063_/Y                               0.750000    0.840663   -0.090663 (VIOLATED)
_12706_/A2                              0.750000    0.840663   -0.090663 (VIOLATED)
_12735_/A2                              0.750000    0.840663   -0.090663 (VIOLATED)
_12752_/A2                              0.750000    0.840663   -0.090663 (VIOLATED)
_12790_/A2                              0.750000    0.840663   -0.090663 (VIOLATED)
_17900_/A                               0.750000    0.840663   -0.090663 (VIOLATED)
_18769_/A2                              0.750000    0.840207   -0.090207 (VIOLATED)
_18766_/A1                              0.750000    0.840202   -0.090202 (VIOLATED)
_21763_/A                               0.750000    0.840183   -0.090183 (VIOLATED)
_12251_/A                               0.750000    0.840031   -0.090031 (VIOLATED)
_19002_/A1                              0.750000    0.839881   -0.089881 (VIOLATED)
max_cap515/A                            0.750000    0.839853   -0.089853 (VIOLATED)
_12222_/X                               0.750000    0.839851   -0.089852 (VIOLATED)
_18847_/A1                              0.750000    0.839570   -0.089570 (VIOLATED)
_18840_/A1                              0.750000    0.839570   -0.089570 (VIOLATED)
_18854_/A1                              0.750000    0.839570   -0.089570 (VIOLATED)
_18819_/A1                              0.750000    0.839568   -0.089568 (VIOLATED)
_18811_/A1                              0.750000    0.839566   -0.089567 (VIOLATED)
_18690_/A1                              0.750000    0.839565   -0.089565 (VIOLATED)
_18697_/A1                              0.750000    0.839565   -0.089565 (VIOLATED)
_18704_/A1                              0.750000    0.839565   -0.089565 (VIOLATED)
_18826_/A1                              0.750000    0.839565   -0.089565 (VIOLATED)
_18833_/A1                              0.750000    0.839565   -0.089565 (VIOLATED)
fanout1863/X                            0.750000    0.839565   -0.089565 (VIOLATED)
_21766_/A                               0.750000    0.839337   -0.089337 (VIOLATED)
_12254_/A                               0.750000    0.839324   -0.089324 (VIOLATED)
_19008_/A1                              0.750000    0.839305   -0.089305 (VIOLATED)
wire518/A                               0.750000    0.839299   -0.089299 (VIOLATED)
_11255_/X                               0.750000    0.839297   -0.089297 (VIOLATED)
_17702_/B1                              0.750000    0.838739   -0.088739 (VIOLATED)
_17707_/A2                              0.750000    0.838739   -0.088739 (VIOLATED)
_17712_/A2                              0.750000    0.838737   -0.088737 (VIOLATED)
_17719_/A2                              0.750000    0.838735   -0.088735 (VIOLATED)
_17724_/B2                              0.750000    0.838735   -0.088735 (VIOLATED)
_17716_/B1                              0.750000    0.838732   -0.088732 (VIOLATED)
_17698_/B2                              0.750000    0.838711   -0.088711 (VIOLATED)
_17690_/B2                              0.750000    0.838703   -0.088703 (VIOLATED)
_17681_/A2                              0.750000    0.838702   -0.088702 (VIOLATED)
_17686_/A2                              0.750000    0.838702   -0.088702 (VIOLATED)
fanout406/X                             0.750000    0.838702   -0.088702 (VIOLATED)
_18223_/S                               0.750000    0.838078   -0.088078 (VIOLATED)
_18234_/S                               0.750000    0.838078   -0.088078 (VIOLATED)
_18251_/S                               0.750000    0.838078   -0.088078 (VIOLATED)
_18259_/S                               0.750000    0.838078   -0.088078 (VIOLATED)
_18266_/S                               0.750000    0.838078   -0.088078 (VIOLATED)
_18272_/S                               0.750000    0.838078   -0.088078 (VIOLATED)
_18288_/S                               0.750000    0.838078   -0.088078 (VIOLATED)
_18296_/S                               0.750000    0.838078   -0.088078 (VIOLATED)
_18310_/S                               0.750000    0.838078   -0.088078 (VIOLATED)
_19373_/A1                              0.750000    0.838078   -0.088078 (VIOLATED)
fanout2310/X                            0.750000    0.838078   -0.088078 (VIOLATED)
fanout2381/A                            0.750000    0.836869   -0.086870 (VIOLATED)
load_slew2384/A                         0.750000    0.836859   -0.086859 (VIOLATED)
fanout2378/A                            0.750000    0.836849   -0.086849 (VIOLATED)
fanout2353/A                            0.750000    0.836827   -0.086827 (VIOLATED)
fanout2383/X                            0.750000    0.836827   -0.086827 (VIOLATED)
_12662_/A2                              0.750000    0.836295   -0.086295 (VIOLATED)
_12583_/B                               0.750000    0.836294   -0.086294 (VIOLATED)
_12586_/C1                              0.750000    0.836294   -0.086294 (VIOLATED)
_12606_/B1                              0.750000    0.836294   -0.086294 (VIOLATED)
_12610_/A2                              0.750000    0.836294   -0.086294 (VIOLATED)
_12613_/A2                              0.750000    0.836294   -0.086294 (VIOLATED)
_12616_/B1                              0.750000    0.836294   -0.086294 (VIOLATED)
_12648_/A2                              0.750000    0.836294   -0.086294 (VIOLATED)
_12656_/A2                              0.750000    0.836294   -0.086294 (VIOLATED)
fanout718/A                             0.750000    0.836294   -0.086294 (VIOLATED)
fanout719/X                             0.750000    0.836294   -0.086294 (VIOLATED)
_14207_/B                               0.750000    0.835931   -0.085931 (VIOLATED)
_15890_/A2                              0.750000    0.835926   -0.085926 (VIOLATED)
_14206_/Y                               0.750000    0.835876   -0.085876 (VIOLATED)
fanout2262/A                            0.750000    0.834653   -0.084653 (VIOLATED)
_11712_/C1                              0.750000    0.834653   -0.084653 (VIOLATED)
_11725_/S                               0.750000    0.834641   -0.084641 (VIOLATED)
fanout2260/A                            0.750000    0.834623   -0.084623 (VIOLATED)
fanout2258/A                            0.750000    0.834615   -0.084615 (VIOLATED)
fanout2264/X                            0.750000    0.834615   -0.084615 (VIOLATED)
ANTENNA_61/DIODE                        0.750000    0.833732   -0.083732 (VIOLATED)
fanout814/A                             0.750000    0.833732   -0.083732 (VIOLATED)
fanout812/A                             0.750000    0.833332   -0.083332 (VIOLATED)
fanout810/A                             0.750000    0.833072   -0.083072 (VIOLATED)
fanout807/A                             0.750000    0.833055   -0.083055 (VIOLATED)
_17035_/X                               0.750000    0.833003   -0.083003 (VIOLATED)
_12283_/A0                              0.750000    0.832666   -0.082666 (VIOLATED)
_19037_/A0                              0.750000    0.832666   -0.082666 (VIOLATED)
_19040_/A0                              0.750000    0.832665   -0.082665 (VIOLATED)
_19043_/A0                              0.750000    0.832665   -0.082665 (VIOLATED)
input36/X                               0.750000    0.832659   -0.082659 (VIOLATED)
_17493_/B                               0.750000    0.831892   -0.081892 (VIOLATED)
_17502_/A2                              0.750000    0.831891   -0.081891 (VIOLATED)
_17498_/A2                              0.750000    0.831891   -0.081891 (VIOLATED)
_17506_/A2                              0.750000    0.831891   -0.081891 (VIOLATED)
_17510_/A2                              0.750000    0.831888   -0.081888 (VIOLATED)
_17514_/A2                              0.750000    0.831888   -0.081888 (VIOLATED)
_17518_/A2                              0.750000    0.831888   -0.081888 (VIOLATED)
_17522_/A2                              0.750000    0.831888   -0.081888 (VIOLATED)
_17526_/A2                              0.750000    0.831888   -0.081888 (VIOLATED)
_17614_/A2                              0.750000    0.831888   -0.081888 (VIOLATED)
fanout412/X                             0.750000    0.831888   -0.081888 (VIOLATED)
_11446_/B2                              0.750000    0.831009   -0.081009 (VIOLATED)
_10408_/B2                              0.750000    0.831007   -0.081007 (VIOLATED)
load_slew1791/A                         0.750000    0.831002   -0.081002 (VIOLATED)
_10580_/B2                              0.750000    0.831001   -0.081001 (VIOLATED)
_11268_/A                               0.750000    0.831001   -0.081001 (VIOLATED)
fanout1790/X                            0.750000    0.831001   -0.081001 (VIOLATED)
_12127_/D                               0.750000    0.830810   -0.080810 (VIOLATED)
_12052_/A_N                             0.750000    0.830809   -0.080809 (VIOLATED)
_12105_/D_N                             0.750000    0.830803   -0.080803 (VIOLATED)
_12104_/B                               0.750000    0.830797   -0.080797 (VIOLATED)
_19704_/A1                              0.750000    0.830747   -0.080747 (VIOLATED)
fanout1914/X                            0.750000    0.830747   -0.080747 (VIOLATED)
_12679_/Y                               0.750000    0.829632   -0.079632 (VIOLATED)
_12680_/B                               0.750000    0.829632   -0.079632 (VIOLATED)
_12709_/B1                              0.750000    0.829632   -0.079632 (VIOLATED)
_12735_/B1                              0.750000    0.829632   -0.079632 (VIOLATED)
_12749_/A2                              0.750000    0.829632   -0.079632 (VIOLATED)
_12788_/B1                              0.750000    0.829632   -0.079632 (VIOLATED)
_18474_/A1                              0.750000    0.829064   -0.079064 (VIOLATED)
_18716_/A1                              0.750000    0.829036   -0.079036 (VIOLATED)
_18719_/A2                              0.750000    0.829033   -0.079033 (VIOLATED)
_18988_/A1                              0.750000    0.828946   -0.078946 (VIOLATED)
load_slew522/A                          0.750000    0.828945   -0.078945 (VIOLATED)
_12245_/X                               0.750000    0.828942   -0.078942 (VIOLATED)
load_slew523/A                          0.750000    0.828942   -0.078942 (VIOLATED)
_10405_/A2                              0.750000    0.828389   -0.078389 (VIOLATED)
_11514_/A2                              0.750000    0.828374   -0.078374 (VIOLATED)
load_slew1760/A                         0.750000    0.828342   -0.078343 (VIOLATED)
_11806_/A2                              0.750000    0.828340   -0.078341 (VIOLATED)
_10635_/A2                              0.750000    0.828340   -0.078340 (VIOLATED)
fanout1758/X                            0.750000    0.828340   -0.078340 (VIOLATED)
_13652_/A0                              0.750000    0.827965   -0.077965 (VIOLATED)
_18459_/A1                              0.750000    0.827943   -0.077943 (VIOLATED)
_18676_/A1                              0.750000    0.827941   -0.077941 (VIOLATED)
_10619_/X                               0.750000    0.827891   -0.077891 (VIOLATED)
_13316_/A1                              0.750000    0.827779   -0.077779 (VIOLATED)
_13613_/A1                              0.750000    0.827779   -0.077779 (VIOLATED)
_13742_/A1                              0.750000    0.827779   -0.077779 (VIOLATED)
_13816_/A1                              0.750000    0.827779   -0.077779 (VIOLATED)
_13893_/S                               0.750000    0.827779   -0.077779 (VIOLATED)
_14050_/B1                              0.750000    0.827779   -0.077779 (VIOLATED)
_14321_/B1                              0.750000    0.827779   -0.077779 (VIOLATED)
_14533_/B1                              0.750000    0.827779   -0.077779 (VIOLATED)
_14766_/C1                              0.750000    0.827779   -0.077779 (VIOLATED)
_15618_/C1                              0.750000    0.827779   -0.077779 (VIOLATED)
fanout1585/X                            0.750000    0.827779   -0.077779 (VIOLATED)
_17563_/B1                              0.750000    0.826711   -0.076711 (VIOLATED)
_17560_/B1                              0.750000    0.826711   -0.076711 (VIOLATED)
_17556_/B1                              0.750000    0.826708   -0.076708 (VIOLATED)
_17552_/B1                              0.750000    0.826707   -0.076707 (VIOLATED)
_17549_/B1                              0.750000    0.826704   -0.076704 (VIOLATED)
_17541_/B1                              0.750000    0.826699   -0.076699 (VIOLATED)
_17545_/B1                              0.750000    0.826699   -0.076699 (VIOLATED)
_17538_/B1                              0.750000    0.826696   -0.076696 (VIOLATED)
_17530_/B1                              0.750000    0.826690   -0.076690 (VIOLATED)
_17534_/B1                              0.750000    0.826690   -0.076690 (VIOLATED)
fanout302/X                             0.750000    0.826690   -0.076690 (VIOLATED)
_18636_/A2                              0.750000    0.826551   -0.076551 (VIOLATED)
_18648_/A2                              0.750000    0.826548   -0.076548 (VIOLATED)
_18635_/A2                              0.750000    0.826543   -0.076543 (VIOLATED)
_18642_/A2                              0.750000    0.826538   -0.076538 (VIOLATED)
_18646_/A2                              0.750000    0.826531   -0.076531 (VIOLATED)
_18629_/A2                              0.750000    0.826525   -0.076525 (VIOLATED)
_18631_/A2                              0.750000    0.826518   -0.076518 (VIOLATED)
_12333_/B                               0.750000    0.826516   -0.076516 (VIOLATED)
_12334_/C                               0.750000    0.826516   -0.076516 (VIOLATED)
_18544_/B                               0.750000    0.826516   -0.076516 (VIOLATED)
fanout1529/X                            0.750000    0.826516   -0.076516 (VIOLATED)
_12243_/D                               0.750000    0.826054   -0.076054 (VIOLATED)
_12586_/A1                              0.750000    0.826054   -0.076054 (VIOLATED)
_12600_/A2                              0.750000    0.826054   -0.076054 (VIOLATED)
_12607_/S                               0.750000    0.826054   -0.076054 (VIOLATED)
_12611_/S                               0.750000    0.826054   -0.076054 (VIOLATED)
_12614_/A2                              0.750000    0.826054   -0.076054 (VIOLATED)
_12617_/A2                              0.750000    0.826054   -0.076054 (VIOLATED)
_12626_/A2                              0.750000    0.826054   -0.076054 (VIOLATED)
_12631_/S                               0.750000    0.826054   -0.076054 (VIOLATED)
_12634_/A2                              0.750000    0.826054   -0.076054 (VIOLATED)
fanout727/X                             0.750000    0.826054   -0.076054 (VIOLATED)
_19373_/A2                              0.750000    0.825312   -0.075312 (VIOLATED)
_19374_/A                               0.750000    0.825312   -0.075312 (VIOLATED)
_19480_/B1                              0.750000    0.825312   -0.075312 (VIOLATED)
_19484_/B1                              0.750000    0.825312   -0.075312 (VIOLATED)
_19502_/C1                              0.750000    0.825312   -0.075312 (VIOLATED)
_19522_/C1                              0.750000    0.825312   -0.075312 (VIOLATED)
_19526_/A2                              0.750000    0.825312   -0.075312 (VIOLATED)
_19546_/A2                              0.750000    0.825312   -0.075312 (VIOLATED)
_19612_/A2                              0.750000    0.825312   -0.075312 (VIOLATED)
_19666_/A2                              0.750000    0.825312   -0.075312 (VIOLATED)
fanout277/X                             0.750000    0.825312   -0.075312 (VIOLATED)
_18789_/C1                              0.750000    0.824192   -0.074192 (VIOLATED)
_18782_/C1                              0.750000    0.824191   -0.074191 (VIOLATED)
_18746_/C1                              0.750000    0.824190   -0.074190 (VIOLATED)
_18775_/C1                              0.750000    0.824189   -0.074189 (VIOLATED)
_18753_/C1                              0.750000    0.824189   -0.074189 (VIOLATED)
_18760_/C1                              0.750000    0.824188   -0.074188 (VIOLATED)
_18768_/C1                              0.750000    0.824187   -0.074187 (VIOLATED)
_18867_/C1                              0.750000    0.824183   -0.074183 (VIOLATED)
_18874_/C1                              0.750000    0.824183   -0.074183 (VIOLATED)
fanout1903/A                            0.750000    0.824183   -0.074183 (VIOLATED)
fanout1904/X                            0.750000    0.824183   -0.074183 (VIOLATED)
_18879_/D                               0.750000    0.823936   -0.073936 (VIOLATED)
_18799_/B1                              0.750000    0.823934   -0.073934 (VIOLATED)
_18756_/B1                              0.750000    0.823934   -0.073934 (VIOLATED)
_18778_/B1                              0.750000    0.823934   -0.073934 (VIOLATED)
_18785_/B1                              0.750000    0.823934   -0.073934 (VIOLATED)
_18792_/B1                              0.750000    0.823934   -0.073934 (VIOLATED)
_18806_/B1                              0.750000    0.823934   -0.073934 (VIOLATED)
fanout907/A                             0.750000    0.823934   -0.073934 (VIOLATED)
fanout909/X                             0.750000    0.823934   -0.073934 (VIOLATED)
_18467_/B                               0.750000    0.823931   -0.073931 (VIOLATED)
_18468_/A2                              0.750000    0.823931   -0.073931 (VIOLATED)
_18470_/B                               0.750000    0.823930   -0.073930 (VIOLATED)
_18485_/B                               0.750000    0.823929   -0.073929 (VIOLATED)
_18490_/B                               0.750000    0.823928   -0.073928 (VIOLATED)
_18456_/B                               0.750000    0.823928   -0.073928 (VIOLATED)
_18457_/A2                              0.750000    0.823928   -0.073928 (VIOLATED)
_18473_/B                               0.750000    0.823928   -0.073928 (VIOLATED)
_18474_/A2                              0.750000    0.823928   -0.073928 (VIOLATED)
_18486_/A2                              0.750000    0.823928   -0.073928 (VIOLATED)
fanout1138/X                            0.750000    0.823928   -0.073928 (VIOLATED)
fanout801/A                             0.750000    0.821774   -0.071774 (VIOLATED)
fanout797/A                             0.750000    0.821772   -0.071772 (VIOLATED)
max_cap806/A                            0.750000    0.821772   -0.071772 (VIOLATED)
_09917_/A                               0.750000    0.821676   -0.071676 (VIOLATED)
_09918_/D_N                             0.750000    0.821676   -0.071676 (VIOLATED)
_09913_/A                               0.750000    0.821675   -0.071675 (VIOLATED)
_09928_/B                               0.750000    0.821675   -0.071675 (VIOLATED)
_09929_/B                               0.750000    0.821675   -0.071675 (VIOLATED)
_09989_/A                               0.750000    0.821675   -0.071675 (VIOLATED)
_09990_/A                               0.750000    0.821675   -0.071675 (VIOLATED)
_09998_/A1                              0.750000    0.821675   -0.071675 (VIOLATED)
_10101_/A1                              0.750000    0.821675   -0.071675 (VIOLATED)
_12070_/A1                              0.750000    0.821675   -0.071675 (VIOLATED)
fanout2308/X                            0.750000    0.821675   -0.071675 (VIOLATED)
_17134_/Y                               0.750000    0.821523   -0.071523 (VIOLATED)
_13242_/A                               0.750000    0.820774   -0.070774 (VIOLATED)
_13252_/A1                              0.750000    0.820773   -0.070773 (VIOLATED)
_10808_/A2_N                            0.750000    0.820690   -0.070690 (VIOLATED)
_13435_/B                               0.750000    0.820685   -0.070685 (VIOLATED)
_13438_/A2                              0.750000    0.820682   -0.070682 (VIOLATED)
_10807_/A                               0.750000    0.820680   -0.070680 (VIOLATED)
_10806_/X                               0.750000    0.820657   -0.070657 (VIOLATED)
_11349_/A1                              0.750000    0.820372   -0.070372 (VIOLATED)
_10596_/A1                              0.750000    0.820370   -0.070370 (VIOLATED)
_10600_/A                               0.750000    0.820370   -0.070370 (VIOLATED)
_10610_/A1                              0.750000    0.820370   -0.070370 (VIOLATED)
_10613_/B1                              0.750000    0.820370   -0.070370 (VIOLATED)
fanout1681/X                            0.750000    0.820370   -0.070370 (VIOLATED)
fanout965/A                             0.750000    0.818394   -0.068394 (VIOLATED)
fanout964/A                             0.750000    0.818391   -0.068391 (VIOLATED)
fanout963/A                             0.750000    0.818387   -0.068387 (VIOLATED)
_18524_/B                               0.750000    0.818382   -0.068382 (VIOLATED)
_18557_/B1                              0.750000    0.818382   -0.068382 (VIOLATED)
fanout961/A                             0.750000    0.818382   -0.068382 (VIOLATED)
fanout962/A                             0.750000    0.818382   -0.068382 (VIOLATED)
fanout966/X                             0.750000    0.818382   -0.068382 (VIOLATED)
_12019_/A2                              0.750000    0.817955   -0.067955 (VIOLATED)
_12018_/B                               0.750000    0.817952   -0.067952 (VIOLATED)
_12910_/A1                              0.750000    0.817952   -0.067952 (VIOLATED)
_12464_/A                               0.750000    0.817813   -0.067813 (VIOLATED)
_12475_/A                               0.750000    0.817812   -0.067812 (VIOLATED)
_12486_/A                               0.750000    0.817810   -0.067810 (VIOLATED)
_12491_/A                               0.750000    0.817808   -0.067808 (VIOLATED)
_12469_/B1                              0.750000    0.817806   -0.067806 (VIOLATED)
_12496_/A                               0.750000    0.817806   -0.067806 (VIOLATED)
_12507_/A                               0.750000    0.817806   -0.067806 (VIOLATED)
_12512_/A                               0.750000    0.817806   -0.067806 (VIOLATED)
_12517_/A                               0.750000    0.817806   -0.067806 (VIOLATED)
_12550_/A                               0.750000    0.817806   -0.067806 (VIOLATED)
fanout724/X                             0.750000    0.817806   -0.067806 (VIOLATED)
input72/X                               0.750000    0.817513   -0.067513 (VIOLATED)
_10447_/A0                              0.750000    0.816665   -0.066665 (VIOLATED)
_10561_/A0                              0.750000    0.816665   -0.066665 (VIOLATED)
_10686_/A0                              0.750000    0.816665   -0.066665 (VIOLATED)
_10743_/A1                              0.750000    0.816665   -0.066665 (VIOLATED)
_11457_/A                               0.750000    0.816665   -0.066665 (VIOLATED)
_11561_/A1                              0.750000    0.816665   -0.066665 (VIOLATED)
_11619_/A1                              0.750000    0.816665   -0.066665 (VIOLATED)
_11675_/A1                              0.750000    0.816665   -0.066665 (VIOLATED)
_11733_/A1                              0.750000    0.816665   -0.066665 (VIOLATED)
_11975_/A1                              0.750000    0.816665   -0.066665 (VIOLATED)
fanout1125/X                            0.750000    0.816665   -0.066665 (VIOLATED)
_10087_/A1                              0.750000    0.816292   -0.066292 (VIOLATED)
_10218_/A1                              0.750000    0.816292   -0.066292 (VIOLATED)
_10444_/A1                              0.750000    0.816292   -0.066292 (VIOLATED)
_10503_/A1                              0.750000    0.816292   -0.066292 (VIOLATED)
_10558_/A1                              0.750000    0.816292   -0.066292 (VIOLATED)
_10993_/A1                              0.750000    0.816292   -0.066292 (VIOLATED)
_11240_/A1                              0.750000    0.816292   -0.066292 (VIOLATED)
_11307_/A1                              0.750000    0.816292   -0.066292 (VIOLATED)
_11490_/A1                              0.750000    0.816292   -0.066292 (VIOLATED)
_11616_/A1                              0.750000    0.816292   -0.066292 (VIOLATED)
fanout1803/X                            0.750000    0.816292   -0.066292 (VIOLATED)
ANTENNA_81/DIODE                        0.750000    0.815500   -0.065500 (VIOLATED)
_21761_/A                               0.750000    0.815500   -0.065500 (VIOLATED)
ANTENNA_80/DIODE                        0.750000    0.815410   -0.065410 (VIOLATED)
_12252_/A                               0.750000    0.815401   -0.065401 (VIOLATED)
_18998_/A1                              0.750000    0.815301   -0.065301 (VIOLATED)
_10943_/Y                               0.750000    0.815158   -0.065158 (VIOLATED)
max_cap505/A                            0.750000    0.815158   -0.065158 (VIOLATED)
_10733_/A                               0.750000    0.814622   -0.064622 (VIOLATED)
_10725_/A2                              0.750000    0.814620   -0.064620 (VIOLATED)
_10790_/A                               0.750000    0.814613   -0.064613 (VIOLATED)
_10777_/B2                              0.750000    0.814603   -0.064603 (VIOLATED)
_10659_/A1                              0.750000    0.814600   -0.064600 (VIOLATED)
_10670_/B2                              0.750000    0.814596   -0.064596 (VIOLATED)
fanout1661/X                            0.750000    0.814596   -0.064596 (VIOLATED)
load_slew1662/A                         0.750000    0.814596   -0.064596 (VIOLATED)
_17486_/A1                              0.750000    0.813584   -0.063584 (VIOLATED)
_17750_/B1                              0.750000    0.813576   -0.063576 (VIOLATED)
_17877_/A1                              0.750000    0.813569   -0.063569 (VIOLATED)
_17611_/A1                              0.750000    0.813558   -0.063558 (VIOLATED)
_17676_/B2                              0.750000    0.813501   -0.063501 (VIOLATED)
_17813_/A1                              0.750000    0.813489   -0.063489 (VIOLATED)
_13108_/X                               0.750000    0.813443   -0.063443 (VIOLATED)
fanout925/A                             0.750000    0.813443   -0.063443 (VIOLATED)
fanout939/A                             0.750000    0.813415   -0.063415 (VIOLATED)
_12876_/X                               0.750000    0.813411   -0.063411 (VIOLATED)
_15472_/B1                              0.750000    0.813235   -0.063235 (VIOLATED)
_15570_/B                               0.750000    0.813234   -0.063234 (VIOLATED)
_15664_/B1                              0.750000    0.813234   -0.063234 (VIOLATED)
_15665_/B                               0.750000    0.813232   -0.063232 (VIOLATED)
_15750_/B                               0.750000    0.813228   -0.063228 (VIOLATED)
_15925_/C                               0.750000    0.813211   -0.063211 (VIOLATED)
_16190_/A2                              0.750000    0.813205   -0.063205 (VIOLATED)
_16101_/C                               0.750000    0.813205   -0.063205 (VIOLATED)
_16276_/A                               0.750000    0.813205   -0.063205 (VIOLATED)
_16277_/A                               0.750000    0.813205   -0.063205 (VIOLATED)
fanout1213/X                            0.750000    0.813205   -0.063205 (VIOLATED)
_17160_/S                               0.750000    0.813049   -0.063049 (VIOLATED)
_17164_/S                               0.750000    0.813049   -0.063049 (VIOLATED)
_12143_/Y                               0.750000    0.813047   -0.063047 (VIOLATED)
_12751_/A2                              0.750000    0.813047   -0.063047 (VIOLATED)
_12791_/A2                              0.750000    0.813047   -0.063047 (VIOLATED)
fanout1344/A                            0.750000    0.813047   -0.063047 (VIOLATED)
_17151_/S                               0.750000    0.813032   -0.063032 (VIOLATED)
_17159_/S                               0.750000    0.813029   -0.063029 (VIOLATED)
_17165_/S                               0.750000    0.813016   -0.063016 (VIOLATED)
fanout800/X                             0.750000    0.813016   -0.063016 (VIOLATED)
_16775_/S                               0.750000    0.811623   -0.061623 (VIOLATED)
_16781_/S                               0.750000    0.811623   -0.061623 (VIOLATED)
_16783_/S                               0.750000    0.811623   -0.061623 (VIOLATED)
fanout598/X                             0.750000    0.811623   -0.061623 (VIOLATED)
load_slew599/A                          0.750000    0.811623   -0.061623 (VIOLATED)
load_slew600/A                          0.750000    0.811623   -0.061623 (VIOLATED)
_12658_/A2                              0.750000    0.809370   -0.059370 (VIOLATED)
_12616_/C1                              0.750000    0.809369   -0.059369 (VIOLATED)
_12633_/C1                              0.750000    0.809369   -0.059369 (VIOLATED)
_12649_/A2                              0.750000    0.809368   -0.059369 (VIOLATED)
_12577_/S                               0.750000    0.809368   -0.059368 (VIOLATED)
_12625_/C1                              0.750000    0.809363   -0.059363 (VIOLATED)
_12628_/A2                              0.750000    0.809361   -0.059361 (VIOLATED)
_12636_/A2                              0.750000    0.809361   -0.059361 (VIOLATED)
_12642_/A2                              0.750000    0.809361   -0.059361 (VIOLATED)
_12647_/A2                              0.750000    0.809361   -0.059361 (VIOLATED)
fanout729/X                             0.750000    0.809361   -0.059361 (VIOLATED)
_13808_/A1                              0.750000    0.809240   -0.059240 (VIOLATED)
fanout1484/A                            0.750000    0.809237   -0.059237 (VIOLATED)
_11979_/B2                              0.750000    0.809235   -0.059235 (VIOLATED)
_12265_/B                               0.750000    0.809233   -0.059233 (VIOLATED)
_13465_/B2                              0.750000    0.809233   -0.059233 (VIOLATED)
_13643_/B1                              0.750000    0.809233   -0.059233 (VIOLATED)
_14314_/A1                              0.750000    0.809233   -0.059233 (VIOLATED)
fanout1486/X                            0.750000    0.809233   -0.059233 (VIOLATED)
fanout2364/A                            0.750000    0.809227   -0.059227 (VIOLATED)
fanout2366/A                            0.750000    0.809226   -0.059226 (VIOLATED)
fanout2369/A                            0.750000    0.809222   -0.059222 (VIOLATED)
fanout2374/A                            0.750000    0.809212   -0.059212 (VIOLATED)
fanout2376/A                            0.750000    0.809200   -0.059200 (VIOLATED)
fanout2371/A                            0.750000    0.809197   -0.059197 (VIOLATED)
fanout2373/A                            0.750000    0.809197   -0.059197 (VIOLATED)
fanout2378/X                            0.750000    0.809197   -0.059197 (VIOLATED)
_12610_/B1                              0.750000    0.807620   -0.057620 (VIOLATED)
_12613_/B1                              0.750000    0.807620   -0.057620 (VIOLATED)
_12627_/B1                              0.750000    0.807620   -0.057620 (VIOLATED)
_12635_/B1                              0.750000    0.807620   -0.057620 (VIOLATED)
_12641_/B1                              0.750000    0.807620   -0.057620 (VIOLATED)
_12644_/B1                              0.750000    0.807620   -0.057620 (VIOLATED)
_12646_/B1                              0.750000    0.807620   -0.057620 (VIOLATED)
_12648_/B1                              0.750000    0.807620   -0.057620 (VIOLATED)
_12654_/B1                              0.750000    0.807620   -0.057620 (VIOLATED)
_12656_/B1                              0.750000    0.807620   -0.057620 (VIOLATED)
fanout717/X                             0.750000    0.807620   -0.057620 (VIOLATED)
output91/A                              0.750000    0.807558   -0.057558 (VIOLATED)
_18205_/A1                              0.750000    0.807183   -0.057183 (VIOLATED)
_12088_/B                               0.750000    0.807182   -0.057182 (VIOLATED)
_12092_/A                               0.750000    0.807182   -0.057182 (VIOLATED)
_12363_/B                               0.750000    0.807181   -0.057181 (VIOLATED)
_12091_/A                               0.750000    0.807175   -0.057175 (VIOLATED)
_12093_/C                               0.750000    0.807170   -0.057170 (VIOLATED)
_17968_/B                               0.750000    0.807168   -0.057168 (VIOLATED)
_17972_/B                               0.750000    0.807165   -0.057165 (VIOLATED)
_12010_/Y                               0.750000    0.807159   -0.057159 (VIOLATED)
_12012_/C                               0.750000    0.807159   -0.057159 (VIOLATED)
_12200_/A                               0.750000    0.807159   -0.057159 (VIOLATED)
_10801_/B2                              0.750000    0.806852   -0.056852 (VIOLATED)
_11558_/B2                              0.750000    0.806846   -0.056846 (VIOLATED)
_10740_/B2                              0.750000    0.806843   -0.056843 (VIOLATED)
_10684_/B2                              0.750000    0.806839   -0.056839 (VIOLATED)
load_slew1611/A                         0.750000    0.806835   -0.056835 (VIOLATED)
_10084_/B                               0.750000    0.806833   -0.056833 (VIOLATED)
_11972_/B2                              0.750000    0.806833   -0.056833 (VIOLATED)
fanout1610/X                            0.750000    0.806833   -0.056833 (VIOLATED)
wire874/A                               0.750000    0.806771   -0.056771 (VIOLATED)
_19743_/B1                              0.750000    0.806765   -0.056765 (VIOLATED)
_19745_/S                               0.750000    0.806765   -0.056765 (VIOLATED)
_12316_/Y                               0.750000    0.806762   -0.056762 (VIOLATED)
_18463_/A0                              0.750000    0.806252   -0.056252 (VIOLATED)
_18690_/A2                              0.750000    0.806171   -0.056171 (VIOLATED)
_14322_/B1                              0.750000    0.806149   -0.056149 (VIOLATED)
_18687_/A1                              0.750000    0.806146   -0.056146 (VIOLATED)
_14315_/X                               0.750000    0.806106   -0.056106 (VIOLATED)
_21227_/RESET_B                         0.750000    0.806095   -0.056095 (VIOLATED)
_21135_/RESET_B                         0.750000    0.806095   -0.056095 (VIOLATED)
_21262_/RESET_B                         0.750000    0.806094   -0.056094 (VIOLATED)
fanout2335/A                            0.750000    0.806093   -0.056093 (VIOLATED)
_21182_/RESET_B                         0.750000    0.806089   -0.056089 (VIOLATED)
_21264_/RESET_B                         0.750000    0.806089   -0.056089 (VIOLATED)
fanout2337/A                            0.750000    0.806089   -0.056089 (VIOLATED)
fanout2339/X                            0.750000    0.806089   -0.056089 (VIOLATED)
_18659_/C1                              0.750000    0.806073   -0.056074 (VIOLATED)
_10083_/A                               0.750000    0.806073   -0.056073 (VIOLATED)
_18626_/C1                              0.750000    0.806073   -0.056073 (VIOLATED)
_18681_/C1                              0.750000    0.806073   -0.056073 (VIOLATED)
_18703_/C1                              0.750000    0.806073   -0.056073 (VIOLATED)
_18674_/C1                              0.750000    0.806072   -0.056072 (VIOLATED)
_18710_/C1                              0.750000    0.806071   -0.056071 (VIOLATED)
_12347_/B2                              0.750000    0.806069   -0.056069 (VIOLATED)
_18718_/C1                              0.750000    0.806069   -0.056069 (VIOLATED)
_19791_/A0                              0.750000    0.806069   -0.056069 (VIOLATED)
fanout1902/X                            0.750000    0.806069   -0.056069 (VIOLATED)
load_slew734/A                          0.750000    0.806053   -0.056053 (VIOLATED)
_13807_/A2                              0.750000    0.806040   -0.056040 (VIOLATED)
_12232_/X                               0.750000    0.806017   -0.056017 (VIOLATED)
load_slew735/A                          0.750000    0.806017   -0.056017 (VIOLATED)
_16945_/S                               0.750000    0.805979   -0.055979 (VIOLATED)
_16958_/S                               0.750000    0.805951   -0.055951 (VIOLATED)
fanout816/X                             0.750000    0.805951   -0.055951 (VIOLATED)
wire818/A                               0.750000    0.805951   -0.055951 (VIOLATED)
_18471_/A2                              0.750000    0.805841   -0.055841 (VIOLATED)
_18465_/S                               0.750000    0.805841   -0.055841 (VIOLATED)
_18463_/S                               0.750000    0.805840   -0.055840 (VIOLATED)
_18461_/S                               0.750000    0.805838   -0.055838 (VIOLATED)
_18520_/S                               0.750000    0.805835   -0.055835 (VIOLATED)
_18518_/S                               0.750000    0.805835   -0.055835 (VIOLATED)
_18514_/S                               0.750000    0.805833   -0.055834 (VIOLATED)
_18510_/S                               0.750000    0.805831   -0.055831 (VIOLATED)
_18505_/S                               0.750000    0.805828   -0.055828 (VIOLATED)
_18516_/S                               0.750000    0.805828   -0.055828 (VIOLATED)
fanout1146/X                            0.750000    0.805828   -0.055828 (VIOLATED)
_13735_/A2                              0.750000    0.805762   -0.055762 (VIOLATED)
_14426_/B                               0.750000    0.805761   -0.055761 (VIOLATED)
_14132_/B                               0.750000    0.805760   -0.055760 (VIOLATED)
_13550_/A2                              0.750000    0.805760   -0.055760 (VIOLATED)
_13475_/A2                              0.750000    0.805759   -0.055759 (VIOLATED)
_14224_/B                               0.750000    0.805758   -0.055758 (VIOLATED)
_13321_/A2                              0.750000    0.805757   -0.055757 (VIOLATED)
_13614_/A2                              0.750000    0.805757   -0.055757 (VIOLATED)
_14650_/A2                              0.750000    0.805757   -0.055757 (VIOLATED)
_14653_/A2                              0.750000    0.805757   -0.055757 (VIOLATED)
fanout1563/X                            0.750000    0.805757   -0.055757 (VIOLATED)
_13953_/A1                              0.750000    0.804977   -0.054977 (VIOLATED)
_15702_/A1                              0.750000    0.804975   -0.054975 (VIOLATED)
_13790_/A1                              0.750000    0.804973   -0.054973 (VIOLATED)
_13462_/A                               0.750000    0.804971   -0.054971 (VIOLATED)
_13604_/A1                              0.750000    0.804971   -0.054971 (VIOLATED)
_13726_/A                               0.750000    0.804971   -0.054971 (VIOLATED)
_13868_/A                               0.750000    0.804971   -0.054971 (VIOLATED)
_14515_/A1                              0.750000    0.804971   -0.054971 (VIOLATED)
_14626_/A1                              0.750000    0.804971   -0.054971 (VIOLATED)
_16166_/A1                              0.750000    0.804971   -0.054971 (VIOLATED)
fanout1819/X                            0.750000    0.804971   -0.054971 (VIOLATED)
_10930_/B1                              0.750000    0.804777   -0.054777 (VIOLATED)
_14029_/B                               0.750000    0.804770   -0.054770 (VIOLATED)
_14030_/B                               0.750000    0.804769   -0.054769 (VIOLATED)
_13396_/A1                              0.750000    0.804703   -0.054703 (VIOLATED)
_13347_/A                               0.750000    0.804684   -0.054684 (VIOLATED)
_12803_/A                               0.750000    0.804669   -0.054669 (VIOLATED)
_12811_/A1                              0.750000    0.804668   -0.054668 (VIOLATED)
_10929_/X                               0.750000    0.804604   -0.054604 (VIOLATED)
_13751_/A                               0.750000    0.804320   -0.054320 (VIOLATED)
_15381_/A                               0.750000    0.804320   -0.054320 (VIOLATED)
_14583_/A1                              0.750000    0.804316   -0.054316 (VIOLATED)
_14584_/A1                              0.750000    0.804307   -0.054307 (VIOLATED)
_14263_/A1                              0.750000    0.804291   -0.054291 (VIOLATED)
_13749_/Y                               0.750000    0.804285   -0.054285 (VIOLATED)
_18481_/A1                              0.750000    0.803639   -0.053639 (VIOLATED)
_18740_/A2                              0.750000    0.803603   -0.053604 (VIOLATED)
_18737_/A1                              0.750000    0.803591   -0.053591 (VIOLATED)
_14421_/A2                              0.750000    0.803548   -0.053548 (VIOLATED)
max_cap509/A                            0.750000    0.803528   -0.053528 (VIOLATED)
_18994_/A1                              0.750000    0.803418   -0.053418 (VIOLATED)
_12248_/X                               0.750000    0.803414   -0.053414 (VIOLATED)
max_cap510/A                            0.750000    0.803414   -0.053414 (VIOLATED)
_13320_/B1                              0.750000    0.803271   -0.053271 (VIOLATED)
_13613_/C1                              0.750000    0.803271   -0.053271 (VIOLATED)
_13742_/C1                              0.750000    0.803271   -0.053271 (VIOLATED)
_13816_/C1                              0.750000    0.803271   -0.053271 (VIOLATED)
_13890_/B1                              0.750000    0.803271   -0.053271 (VIOLATED)
_14043_/B1                              0.750000    0.803271   -0.053271 (VIOLATED)
_14045_/B1                              0.750000    0.803271   -0.053271 (VIOLATED)
_14648_/B1                              0.750000    0.803271   -0.053271 (VIOLATED)
_14766_/A2                              0.750000    0.803271   -0.053271 (VIOLATED)
_15618_/A2                              0.750000    0.803271   -0.053271 (VIOLATED)
fanout1566/X                            0.750000    0.803271   -0.053271 (VIOLATED)
_12038_/Y                               0.750000    0.802529   -0.052529 (VIOLATED)
_14062_/A                               0.750000    0.802298   -0.052298 (VIOLATED)
_10392_/A2                              0.750000    0.802293   -0.052293 (VIOLATED)
_10396_/A1                              0.750000    0.802292   -0.052292 (VIOLATED)
_14117_/A1                              0.750000    0.802287   -0.052287 (VIOLATED)
_18716_/A0                              0.750000    0.802269   -0.052269 (VIOLATED)
_14118_/A2                              0.750000    0.802266   -0.052266 (VIOLATED)
_18715_/A                               0.750000    0.802266   -0.052266 (VIOLATED)
_21367_/Q                               0.750000    0.802266   -0.052266 (VIOLATED)
_17856_/A1                              0.750000    0.801723   -0.051723 (VIOLATED)
_18113_/A0                              0.750000    0.801700   -0.051700 (VIOLATED)
_13039_/X                               0.750000    0.801698   -0.051698 (VIOLATED)
fanout929/A                             0.750000    0.801698   -0.051698 (VIOLATED)
_10021_/Y                               0.750000    0.801241   -0.051241 (VIOLATED)
_10022_/B                               0.750000    0.801241   -0.051241 (VIOLATED)
_14776_/B                               0.750000    0.801241   -0.051241 (VIOLATED)
fanout725/A                             0.750000    0.800636   -0.050636 (VIOLATED)
_18413_/A2                              0.750000    0.800631   -0.050631 (VIOLATED)
_18190_/S                               0.750000    0.800630   -0.050630 (VIOLATED)
_18356_/A2                              0.750000    0.800628   -0.050628 (VIOLATED)
_18691_/A2                              0.750000    0.800628   -0.050628 (VIOLATED)
_18698_/A2                              0.750000    0.800628   -0.050628 (VIOLATED)
_18812_/A2                              0.750000    0.800628   -0.050628 (VIOLATED)
_18827_/A2                              0.750000    0.800628   -0.050628 (VIOLATED)
_18834_/A2                              0.750000    0.800628   -0.050628 (VIOLATED)
_18841_/A2                              0.750000    0.800628   -0.050628 (VIOLATED)
_18848_/A2                              0.750000    0.800628   -0.050628 (VIOLATED)
_18855_/A2                              0.750000    0.800628   -0.050628 (VIOLATED)
_18862_/A2                              0.750000    0.800628   -0.050628 (VIOLATED)
_18869_/A2                              0.750000    0.800628   -0.050628 (VIOLATED)
fanout1135/X                            0.750000    0.800628   -0.050628 (VIOLATED)
_18189_/S                               0.750000    0.800622   -0.050622 (VIOLATED)
_18390_/A2                              0.750000    0.800618   -0.050619 (VIOLATED)
_12359_/Y                               0.750000    0.800618   -0.050618 (VIOLATED)
fanout722/A                             0.750000    0.800618   -0.050618 (VIOLATED)
_18188_/S                               0.750000    0.800617   -0.050617 (VIOLATED)
_18185_/S                               0.750000    0.800616   -0.050616 (VIOLATED)
fanout983/X                             0.750000    0.800616   -0.050616 (VIOLATED)
_18689_/A2                              0.750000    0.800473   -0.050473 (VIOLATED)
_18696_/A2                              0.750000    0.800473   -0.050473 (VIOLATED)
_18810_/A2                              0.750000    0.800473   -0.050473 (VIOLATED)
_18818_/A2                              0.750000    0.800473   -0.050473 (VIOLATED)
_18825_/A2                              0.750000    0.800473   -0.050473 (VIOLATED)
_18832_/A2                              0.750000    0.800473   -0.050473 (VIOLATED)
_18839_/A2                              0.750000    0.800473   -0.050473 (VIOLATED)
_18846_/A2                              0.750000    0.800473   -0.050473 (VIOLATED)
_18853_/A2                              0.750000    0.800473   -0.050473 (VIOLATED)
_18860_/A2                              0.750000    0.800473   -0.050473 (VIOLATED)
fanout1195/X                            0.750000    0.800473   -0.050473 (VIOLATED)
_12931_/B1                              0.750000    0.800162   -0.050162 (VIOLATED)
_18058_/A1                              0.750000    0.800162   -0.050162 (VIOLATED)
_18471_/A1                              0.750000    0.800073   -0.050074 (VIOLATED)
_18708_/A1                              0.750000    0.799999   -0.049999 (VIOLATED)
_18711_/A2                              0.750000    0.799973   -0.049973 (VIOLATED)
_12919_/X                               0.750000    0.799953   -0.049953 (VIOLATED)
load_slew524/A                          0.750000    0.799813   -0.049813 (VIOLATED)
load_slew525/A                          0.750000    0.799806   -0.049806 (VIOLATED)
_12229_/Y                               0.750000    0.799803   -0.049803 (VIOLATED)
fanout2252/A                            0.750000    0.799118   -0.049118 (VIOLATED)
fanout2254/A                            0.750000    0.799116   -0.049116 (VIOLATED)
_11550_/S                               0.750000    0.799107   -0.049107 (VIOLATED)
fanout2250/A                            0.750000    0.799106   -0.049106 (VIOLATED)
fanout2264/A                            0.750000    0.799106   -0.049106 (VIOLATED)
fanout2265/X                            0.750000    0.799106   -0.049106 (VIOLATED)
_10202_/B2                              0.750000    0.797948   -0.047948 (VIOLATED)
_10190_/A                               0.750000    0.797946   -0.047946 (VIOLATED)
_10078_/A1                              0.750000    0.797940   -0.047940 (VIOLATED)
_10056_/B1                              0.750000    0.797935   -0.047935 (VIOLATED)
_10059_/B1                              0.750000    0.797933   -0.047933 (VIOLATED)
_10062_/B1                              0.750000    0.797933   -0.047933 (VIOLATED)
_10066_/B1                              0.750000    0.797933   -0.047933 (VIOLATED)
fanout1631/X                            0.750000    0.797933   -0.047933 (VIOLATED)
_15541_/A2                              0.750000    0.797887   -0.047887 (VIOLATED)
_15540_/A2                              0.750000    0.797886   -0.047886 (VIOLATED)
_15444_/A                               0.750000    0.797885   -0.047885 (VIOLATED)
_15443_/A                               0.750000    0.797884   -0.047884 (VIOLATED)
_15348_/B2                              0.750000    0.797883   -0.047883 (VIOLATED)
_14815_/A                               0.750000    0.797877   -0.047877 (VIOLATED)
_14817_/B2                              0.750000    0.797877   -0.047877 (VIOLATED)
_14923_/B1                              0.750000    0.797877   -0.047877 (VIOLATED)
_15026_/B1                              0.750000    0.797877   -0.047877 (VIOLATED)
_15129_/A1                              0.750000    0.797877   -0.047877 (VIOLATED)
fanout1239/X                            0.750000    0.797877   -0.047877 (VIOLATED)
_11797_/B1                              0.750000    0.797656   -0.047656 (VIOLATED)
_16078_/B                               0.750000    0.797652   -0.047652 (VIOLATED)
_16077_/B                               0.750000    0.797652   -0.047652 (VIOLATED)
_10469_/A1                              0.750000    0.797571   -0.047571 (VIOLATED)
_10525_/B2                              0.750000    0.797569   -0.047569 (VIOLATED)
_10518_/B2                              0.750000    0.797558   -0.047558 (VIOLATED)
_10408_/A1                              0.750000    0.797548   -0.047548 (VIOLATED)
_10459_/A1                              0.750000    0.797548   -0.047548 (VIOLATED)
fanout1712/X                            0.750000    0.797548   -0.047548 (VIOLATED)
wire1713/A                              0.750000    0.797548   -0.047548 (VIOLATED)
_13079_/S                               0.750000    0.797382   -0.047382 (VIOLATED)
_11796_/X                               0.750000    0.797379   -0.047379 (VIOLATED)
_13370_/A1                              0.750000    0.797379   -0.047379 (VIOLATED)
_13378_/A                               0.750000    0.797379   -0.047379 (VIOLATED)
_17741_/B1                              0.750000    0.796570   -0.046570 (VIOLATED)
_17869_/A1                              0.750000    0.796564   -0.046564 (VIOLATED)
_12336_/A                               0.750000    0.796548   -0.046548 (VIOLATED)
_12337_/A                               0.750000    0.796548   -0.046548 (VIOLATED)
_13540_/A1                              0.750000    0.796548   -0.046548 (VIOLATED)
_13669_/A1                              0.750000    0.796548   -0.046548 (VIOLATED)
_14028_/A1                              0.750000    0.796548   -0.046548 (VIOLATED)
_14118_/A1                              0.750000    0.796548   -0.046548 (VIOLATED)
_14209_/A1                              0.750000    0.796548   -0.046548 (VIOLATED)
_14302_/A1                              0.750000    0.796548   -0.046548 (VIOLATED)
fanout1821/A                            0.750000    0.796548   -0.046548 (VIOLATED)
fanout1822/X                            0.750000    0.796548   -0.046548 (VIOLATED)
_13079_/X                               0.750000    0.796481   -0.046481 (VIOLATED)
fanout927/A                             0.750000    0.796481   -0.046481 (VIOLATED)
_12261_/Y                               0.750000    0.796163   -0.046163 (VIOLATED)
_18608_/A                               0.750000    0.796163   -0.046163 (VIOLATED)
_21733_/D                               0.750000    0.796163   -0.046163 (VIOLATED)
wire470/A                               0.750000    0.796163   -0.046163 (VIOLATED)
_17274_/S                               0.750000    0.796163   -0.046163 (VIOLATED)
_17290_/S                               0.750000    0.796160   -0.046160 (VIOLATED)
_17273_/S                               0.750000    0.796160   -0.046160 (VIOLATED)
_17298_/S                               0.750000    0.796160   -0.046160 (VIOLATED)
fanout762/X                             0.750000    0.796160   -0.046160 (VIOLATED)
wire763/A                               0.750000    0.796160   -0.046160 (VIOLATED)
_19728_/S                               0.750000    0.794728   -0.044728 (VIOLATED)
_19730_/S                               0.750000    0.794727   -0.044727 (VIOLATED)
_19729_/S                               0.750000    0.794727   -0.044727 (VIOLATED)
_19731_/S                               0.750000    0.794726   -0.044726 (VIOLATED)
_19732_/S                               0.750000    0.794721   -0.044721 (VIOLATED)
_19733_/S                               0.750000    0.794721   -0.044721 (VIOLATED)
_19734_/S                               0.750000    0.794716   -0.044716 (VIOLATED)
fanout900/X                             0.750000    0.794716   -0.044716 (VIOLATED)
_12516_/A2                              0.750000    0.794697   -0.044697 (VIOLATED)
_12538_/A2                              0.750000    0.794695   -0.044695 (VIOLATED)
_12532_/A2                              0.750000    0.794693   -0.044693 (VIOLATED)
_12544_/A2                              0.750000    0.794693   -0.044693 (VIOLATED)
_12506_/A2                              0.750000    0.794690   -0.044690 (VIOLATED)
_12485_/A2                              0.750000    0.794689   -0.044689 (VIOLATED)
_12490_/A2                              0.750000    0.794689   -0.044689 (VIOLATED)
_12554_/A2                              0.750000    0.794689   -0.044689 (VIOLATED)
fanout1113/X                            0.750000    0.794689   -0.044689 (VIOLATED)
fanout2272/A                            0.750000    0.794660   -0.044660 (VIOLATED)
_10981_/S0                              0.750000    0.794657   -0.044657 (VIOLATED)
_10985_/S                               0.750000    0.794656   -0.044656 (VIOLATED)
_10987_/S                               0.750000    0.794656   -0.044656 (VIOLATED)
_10989_/S                               0.750000    0.794656   -0.044656 (VIOLATED)
fanout2268/A                            0.750000    0.794656   -0.044656 (VIOLATED)
fanout2273/X                            0.750000    0.794656   -0.044656 (VIOLATED)
_12390_/A                               0.750000    0.794591   -0.044591 (VIOLATED)
_12391_/A1                              0.750000    0.794591   -0.044591 (VIOLATED)
_12404_/A                               0.750000    0.794591   -0.044591 (VIOLATED)
_12405_/A1                              0.750000    0.794591   -0.044591 (VIOLATED)
_12430_/S                               0.750000    0.794591   -0.044591 (VIOLATED)
_12477_/S                               0.750000    0.794591   -0.044591 (VIOLATED)
_12483_/S                               0.750000    0.794591   -0.044591 (VIOLATED)
_12488_/S                               0.750000    0.794591   -0.044591 (VIOLATED)
_12493_/S                               0.750000    0.794591   -0.044591 (VIOLATED)
fanout1872/A                            0.750000    0.794591   -0.044591 (VIOLATED)
fanout1873/X                            0.750000    0.794591   -0.044591 (VIOLATED)
_18944_/B2                              0.750000    0.794015   -0.044015 (VIOLATED)
_18821_/A1                              0.750000    0.794015   -0.044015 (VIOLATED)
_14117_/B1                              0.750000    0.794012   -0.044012 (VIOLATED)
_14027_/B1                              0.750000    0.794012   -0.044012 (VIOLATED)
_13952_/B1                              0.750000    0.794009   -0.044009 (VIOLATED)
_13867_/B1                              0.750000    0.794009   -0.044009 (VIOLATED)
_14208_/B1                              0.750000    0.794009   -0.044009 (VIOLATED)
_13668_/B1                              0.750000    0.793998   -0.043998 (VIOLATED)
_13464_/C1                              0.750000    0.793997   -0.043997 (VIOLATED)
_13603_/B1                              0.750000    0.793997   -0.043997 (VIOLATED)
fanout1326/X                            0.750000    0.793997   -0.043997 (VIOLATED)
_18478_/A0                              0.750000    0.793927   -0.043927 (VIOLATED)
_18733_/A2                              0.750000    0.793885   -0.043885 (VIOLATED)
_18730_/A1                              0.750000    0.793875   -0.043875 (VIOLATED)
_14313_/A2                              0.750000    0.793828   -0.043828 (VIOLATED)
max_cap526/A                            0.750000    0.793742   -0.043742 (VIOLATED)
_12227_/X                               0.750000    0.793740   -0.043740 (VIOLATED)
max_cap527/A                            0.750000    0.793740   -0.043740 (VIOLATED)
_10508_/A2                              0.750000    0.793330   -0.043330 (VIOLATED)
_18463_/A1                              0.750000    0.793269   -0.043269 (VIOLATED)
_18691_/A1                              0.750000    0.793244   -0.043244 (VIOLATED)
_17686_/A1                              0.750000    0.793066   -0.043066 (VIOLATED)
_17820_/A1                              0.750000    0.793063   -0.043063 (VIOLATED)
_12902_/X                               0.750000    0.793062   -0.043062 (VIOLATED)
fanout937/A                             0.750000    0.793062   -0.043062 (VIOLATED)
_10502_/X                               0.750000    0.792964   -0.042964 (VIOLATED)
_10504_/A2                              0.750000    0.792964   -0.042964 (VIOLATED)
_11490_/C1                              0.750000    0.791984   -0.041984 (VIOLATED)
_10560_/A1                              0.750000    0.791983   -0.041983 (VIOLATED)
_11616_/C1                              0.750000    0.791983   -0.041983 (VIOLATED)
_10558_/C1                              0.750000    0.791983   -0.041983 (VIOLATED)
_11618_/A1                              0.750000    0.791981   -0.041981 (VIOLATED)
_11672_/C1                              0.750000    0.791977   -0.041977 (VIOLATED)
_11730_/C1                              0.750000    0.791976   -0.041976 (VIOLATED)
_11732_/A1                              0.750000    0.791974   -0.041974 (VIOLATED)
_11791_/C1                              0.750000    0.791970   -0.041970 (VIOLATED)
_11916_/A1                              0.750000    0.791970   -0.041970 (VIOLATED)
fanout1475/X                            0.750000    0.791970   -0.041970 (VIOLATED)
_12647_/B1                              0.750000    0.791538   -0.041538 (VIOLATED)
_12642_/B1                              0.750000    0.791538   -0.041538 (VIOLATED)
_12654_/A2                              0.750000    0.791538   -0.041538 (VIOLATED)
_12661_/B1                              0.750000    0.791538   -0.041538 (VIOLATED)
_12636_/B1                              0.750000    0.791537   -0.041537 (VIOLATED)
_12650_/B1                              0.750000    0.791535   -0.041535 (VIOLATED)
_12628_/B1                              0.750000    0.791529   -0.041529 (VIOLATED)
_12596_/B                               0.750000    0.791525   -0.041525 (VIOLATED)
_12633_/B1                              0.750000    0.791525   -0.041525 (VIOLATED)
_12649_/B1                              0.750000    0.791525   -0.041525 (VIOLATED)
fanout873/X                             0.750000    0.791525   -0.041525 (VIOLATED)
_18260_/A2                              0.750000    0.790857   -0.040857 (VIOLATED)
_18252_/A2                              0.750000    0.790857   -0.040857 (VIOLATED)
_18246_/A2                              0.750000    0.790856   -0.040856 (VIOLATED)
_18224_/A2                              0.750000    0.790856   -0.040856 (VIOLATED)
_18230_/A2                              0.750000    0.790856   -0.040856 (VIOLATED)
_18238_/A2                              0.750000    0.790856   -0.040856 (VIOLATED)
_18324_/A2                              0.750000    0.790856   -0.040856 (VIOLATED)
fanout1177/X                            0.750000    0.790856   -0.040856 (VIOLATED)
_12810_/A1                              0.750000    0.789451   -0.039451 (VIOLATED)
_12887_/A1                              0.750000    0.789451   -0.039451 (VIOLATED)
_13100_/A1                              0.750000    0.789451   -0.039451 (VIOLATED)
_13250_/B2                              0.750000    0.789451   -0.039451 (VIOLATED)
fanout1284/A                            0.750000    0.789451   -0.039451 (VIOLATED)
fanout1285/A                            0.750000    0.789451   -0.039451 (VIOLATED)
fanout1286/X                            0.750000    0.789451   -0.039451 (VIOLATED)
_12742_/A2                              0.750000    0.789374   -0.039375 (VIOLATED)
_12834_/A1                              0.750000    0.789374   -0.039374 (VIOLATED)
_12796_/A2                              0.750000    0.789374   -0.039374 (VIOLATED)
_12781_/A2                              0.750000    0.789374   -0.039374 (VIOLATED)
_12768_/A2                              0.750000    0.789373   -0.039373 (VIOLATED)
_12712_/A2                              0.750000    0.789372   -0.039372 (VIOLATED)
_12754_/A2                              0.750000    0.789370   -0.039370 (VIOLATED)
_12811_/A2                              0.750000    0.789370   -0.039370 (VIOLATED)
_12822_/A1                              0.750000    0.789370   -0.039370 (VIOLATED)
_12861_/A                               0.750000    0.789370   -0.039370 (VIOLATED)
fanout1435/X                            0.750000    0.789370   -0.039370 (VIOLATED)
fanout443/A                             0.750000    0.789169   -0.039169 (VIOLATED)
_17847_/B1                              0.750000    0.789159   -0.039159 (VIOLATED)
_17852_/C                               0.750000    0.789158   -0.039158 (VIOLATED)
_17844_/B1                              0.750000    0.789154   -0.039154 (VIOLATED)
_17841_/C                               0.750000    0.789148   -0.039148 (VIOLATED)
fanout439/A                             0.750000    0.789143   -0.039143 (VIOLATED)
fanout444/X                             0.750000    0.789143   -0.039143 (VIOLATED)
fanout1888/A                            0.750000    0.788544   -0.038544 (VIOLATED)
_19377_/S                               0.750000    0.788538   -0.038538 (VIOLATED)
_19378_/S0                              0.750000    0.788537   -0.038537 (VIOLATED)
_19383_/S                               0.750000    0.788536   -0.038536 (VIOLATED)
fanout2413/A                            0.750000    0.788536   -0.038536 (VIOLATED)
fanout2416/A                            0.750000    0.788536   -0.038536 (VIOLATED)
fanout2418/A                            0.750000    0.788536   -0.038536 (VIOLATED)
fanout2420/A                            0.750000    0.788536   -0.038536 (VIOLATED)
fanout2438/A                            0.750000    0.788536   -0.038536 (VIOLATED)
fanout2439/X                            0.750000    0.788536   -0.038536 (VIOLATED)
_19384_/S0                              0.750000    0.788534   -0.038534 (VIOLATED)
fanout1885/A                            0.750000    0.788523   -0.038523 (VIOLATED)
fanout1889/X                            0.750000    0.788523   -0.038523 (VIOLATED)
output125/A                             0.750000    0.787965   -0.037965 (VIOLATED)
_12589_/Y                               0.750000    0.787807   -0.037807 (VIOLATED)
_12339_/B                               0.750000    0.787001   -0.037001 (VIOLATED)
_18428_/B1                              0.750000    0.787001   -0.037001 (VIOLATED)
_18439_/A2                              0.750000    0.787001   -0.037001 (VIOLATED)
_18445_/A2                              0.750000    0.787001   -0.037001 (VIOLATED)
_18447_/A2                              0.750000    0.787001   -0.037001 (VIOLATED)
_18531_/A2                              0.750000    0.787001   -0.037001 (VIOLATED)
_18533_/A2                              0.750000    0.787001   -0.037001 (VIOLATED)
_18537_/A2                              0.750000    0.787001   -0.037001 (VIOLATED)
_18555_/A2                              0.750000    0.787001   -0.037001 (VIOLATED)
_18557_/A2                              0.750000    0.787001   -0.037001 (VIOLATED)
fanout1095/X                            0.750000    0.787001   -0.037001 (VIOLATED)
_12774_/A                               0.750000    0.786623   -0.036623 (VIOLATED)
_12781_/A1                              0.750000    0.786622   -0.036622 (VIOLATED)
_19453_/B                               0.750000    0.786280   -0.036280 (VIOLATED)
_19496_/B                               0.750000    0.786279   -0.036279 (VIOLATED)
_19524_/C                               0.750000    0.786277   -0.036277 (VIOLATED)
_19585_/A2                              0.750000    0.786277   -0.036277 (VIOLATED)
_19598_/B1                              0.750000    0.786277   -0.036277 (VIOLATED)
_19535_/A2                              0.750000    0.786273   -0.036273 (VIOLATED)
_19497_/A2                              0.750000    0.786273   -0.036273 (VIOLATED)
_19575_/C1                              0.750000    0.786270   -0.036270 (VIOLATED)
_19566_/C1                              0.750000    0.786269   -0.036269 (VIOLATED)
_19652_/B2                              0.750000    0.786269   -0.036269 (VIOLATED)
fanout1411/X                            0.750000    0.786269   -0.036269 (VIOLATED)
max_cap1123/A                           0.750000    0.786182   -0.036182 (VIOLATED)
_10449_/Y                               0.750000    0.786178   -0.036178 (VIOLATED)
_11599_/B1                              0.750000    0.785723   -0.035723 (VIOLATED)
_11714_/B1                              0.750000    0.785720   -0.035720 (VIOLATED)
_10073_/A                               0.750000    0.785719   -0.035719 (VIOLATED)
_10198_/B1                              0.750000    0.785719   -0.035719 (VIOLATED)
fanout1849/X                            0.750000    0.785719   -0.035719 (VIOLATED)
load_slew1850/A                         0.750000    0.785719   -0.035719 (VIOLATED)
_19440_/Y                               0.750000    0.785597   -0.035597 (VIOLATED)
_19441_/A                               0.750000    0.785597   -0.035597 (VIOLATED)
_19443_/B                               0.750000    0.785597   -0.035597 (VIOLATED)
_19491_/A                               0.750000    0.785597   -0.035597 (VIOLATED)
_19531_/A1                              0.750000    0.785597   -0.035597 (VIOLATED)
_19548_/A2_N                            0.750000    0.785597   -0.035597 (VIOLATED)
_19563_/A                               0.750000    0.785597   -0.035597 (VIOLATED)
_19567_/B1                              0.750000    0.785597   -0.035597 (VIOLATED)
_20701_/RESET_B                         0.750000    0.784080   -0.034080 (VIOLATED)
_20891_/RESET_B                         0.750000    0.784078   -0.034078 (VIOLATED)
_20859_/RESET_B                         0.750000    0.784078   -0.034078 (VIOLATED)
fanout2527/A                            0.750000    0.784074   -0.034074 (VIOLATED)
_20620_/RESET_B                         0.750000    0.784073   -0.034073 (VIOLATED)
_20716_/RESET_B                         0.750000    0.784073   -0.034073 (VIOLATED)
_20699_/RESET_B                         0.750000    0.784073   -0.034073 (VIOLATED)
fanout2523/A                            0.750000    0.784073   -0.034073 (VIOLATED)
fanout2529/X                            0.750000    0.784073   -0.034073 (VIOLATED)
_11858_/C1                              0.750000    0.783995   -0.033995 (VIOLATED)
_11795_/C1                              0.750000    0.783994   -0.033995 (VIOLATED)
_11734_/C1                              0.750000    0.783994   -0.033994 (VIOLATED)
_11676_/C1                              0.750000    0.783989   -0.033990 (VIOLATED)
_11620_/C1                              0.750000    0.783988   -0.033988 (VIOLATED)
_11562_/C1                              0.750000    0.783988   -0.033988 (VIOLATED)
_10106_/A2_N                            0.750000    0.783978   -0.033978 (VIOLATED)
_10568_/B1                              0.750000    0.783978   -0.033978 (VIOLATED)
_10628_/B1                              0.750000    0.783978   -0.033978 (VIOLATED)
_10690_/B1                              0.750000    0.783978   -0.033978 (VIOLATED)
fanout1301/X                            0.750000    0.783978   -0.033978 (VIOLATED)
_19645_/S                               0.750000    0.783361   -0.033361 (VIOLATED)
_19704_/A2                              0.750000    0.783360   -0.033360 (VIOLATED)
_19685_/S                               0.750000    0.783358   -0.033358 (VIOLATED)
_19638_/S                               0.750000    0.783356   -0.033356 (VIOLATED)
_19691_/S                               0.750000    0.783354   -0.033354 (VIOLATED)
_19537_/A1                              0.750000    0.783346   -0.033346 (VIOLATED)
_19554_/A2                              0.750000    0.783346   -0.033346 (VIOLATED)
fanout292/A                             0.750000    0.783346   -0.033346 (VIOLATED)
fanout293/X                             0.750000    0.783346   -0.033346 (VIOLATED)
_14061_/B1                              0.750000    0.783124   -0.033124 (VIOLATED)
_13909_/C1                              0.750000    0.783124   -0.033124 (VIOLATED)
_14150_/C1                              0.750000    0.783124   -0.033124 (VIOLATED)
_13828_/C1                              0.750000    0.783120   -0.033120 (VIOLATED)
_13586_/B1                              0.750000    0.783116   -0.033116 (VIOLATED)
_12264_/A1                              0.750000    0.783115   -0.033115 (VIOLATED)
_13532_/C1                              0.750000    0.783115   -0.033115 (VIOLATED)
_14340_/C1                              0.750000    0.783115   -0.033115 (VIOLATED)
_14668_/C1                              0.750000    0.783115   -0.033115 (VIOLATED)
_19790_/A1                              0.750000    0.783115   -0.033115 (VIOLATED)
fanout1869/X                            0.750000    0.783115   -0.033115 (VIOLATED)
_09949_/A                               0.750000    0.782541   -0.032541 (VIOLATED)
_14792_/C1                              0.750000    0.782540   -0.032540 (VIOLATED)
_14795_/C1                              0.750000    0.782540   -0.032540 (VIOLATED)
_09937_/C                               0.750000    0.782540   -0.032540 (VIOLATED)
_09950_/A                               0.750000    0.782537   -0.032537 (VIOLATED)
_11241_/C1                              0.750000    0.782526   -0.032526 (VIOLATED)
_15514_/A1                              0.750000    0.782514   -0.032514 (VIOLATED)
_12072_/A1                              0.750000    0.782511   -0.032511 (VIOLATED)
_11174_/C1                              0.750000    0.782501   -0.032502 (VIOLATED)
fanout1498/A                            0.750000    0.782500   -0.032500 (VIOLATED)
fanout1500/X                            0.750000    0.782500   -0.032500 (VIOLATED)
_09940_/C                               0.750000    0.782482   -0.032482 (VIOLATED)
_09939_/C                               0.750000    0.782482   -0.032482 (VIOLATED)
_09912_/A                               0.750000    0.782479   -0.032479 (VIOLATED)
_09911_/A_N                             0.750000    0.782138   -0.032138 (VIOLATED)
_19375_/A2                              0.750000    0.782129   -0.032129 (VIOLATED)
_19409_/S                               0.750000    0.782129   -0.032129 (VIOLATED)
_19417_/S                               0.750000    0.782129   -0.032129 (VIOLATED)
_19420_/S                               0.750000    0.782129   -0.032129 (VIOLATED)
_19424_/S                               0.750000    0.782129   -0.032129 (VIOLATED)
_19435_/B1                              0.750000    0.782129   -0.032129 (VIOLATED)
_19503_/A2                              0.750000    0.782129   -0.032129 (VIOLATED)
_19518_/A1                              0.750000    0.782129   -0.032129 (VIOLATED)
_19536_/S                               0.750000    0.782129   -0.032129 (VIOLATED)
_19560_/A                               0.750000    0.782129   -0.032129 (VIOLATED)
fanout292/X                             0.750000    0.782129   -0.032129 (VIOLATED)
_17938_/S                               0.750000    0.782040   -0.032040 (VIOLATED)
_17940_/S                               0.750000    0.782040   -0.032040 (VIOLATED)
_17941_/S                               0.750000    0.782040   -0.032040 (VIOLATED)
_17942_/S                               0.750000    0.782040   -0.032040 (VIOLATED)
fanout386/A                             0.750000    0.782040   -0.032040 (VIOLATED)
fanout391/A                             0.750000    0.782040   -0.032040 (VIOLATED)
fanout393/X                             0.750000    0.782040   -0.032040 (VIOLATED)
_09867_/A                               0.750000    0.782014   -0.032014 (VIOLATED)
_12096_/A2                              0.750000    0.782014   -0.032014 (VIOLATED)
_12193_/A                               0.750000    0.782014   -0.032014 (VIOLATED)
_12301_/A1                              0.750000    0.782014   -0.032014 (VIOLATED)
_19211_/S                               0.750000    0.782014   -0.032014 (VIOLATED)
fanout1880/A                            0.750000    0.782014   -0.032014 (VIOLATED)
fanout1881/X                            0.750000    0.782014   -0.032014 (VIOLATED)
_18234_/A0                              0.750000    0.781844   -0.031845 (VIOLATED)
_19481_/A1                              0.750000    0.781839   -0.031839 (VIOLATED)
_21605_/Q                               0.750000    0.781839   -0.031839 (VIOLATED)
_13336_/S                               0.750000    0.781485   -0.031485 (VIOLATED)
_13339_/S                               0.750000    0.781485   -0.031485 (VIOLATED)
_13344_/A                               0.750000    0.781485   -0.031485 (VIOLATED)
_13351_/S                               0.750000    0.781485   -0.031485 (VIOLATED)
_13397_/S                               0.750000    0.781485   -0.031485 (VIOLATED)
_13400_/S                               0.750000    0.781485   -0.031485 (VIOLATED)
_13404_/S                               0.750000    0.781485   -0.031485 (VIOLATED)
_13495_/S                               0.750000    0.781485   -0.031485 (VIOLATED)
_13499_/A                               0.750000    0.781485   -0.031485 (VIOLATED)
_13500_/A1                              0.750000    0.781485   -0.031485 (VIOLATED)
fanout1187/X                            0.750000    0.781485   -0.031485 (VIOLATED)
_18260_/B1                              0.750000    0.781435   -0.031436 (VIOLATED)
_18252_/B1                              0.750000    0.781435   -0.031435 (VIOLATED)
_18245_/B2                              0.750000    0.781434   -0.031434 (VIOLATED)
_18238_/B1                              0.750000    0.781433   -0.031433 (VIOLATED)
_18224_/B1                              0.750000    0.781433   -0.031433 (VIOLATED)
_18230_/B1                              0.750000    0.781433   -0.031433 (VIOLATED)
_18324_/B1                              0.750000    0.781433   -0.031433 (VIOLATED)
fanout1528/X                            0.750000    0.781433   -0.031433 (VIOLATED)
_15021_/A1                              0.750000    0.780519   -0.030519 (VIOLATED)
_15020_/A                               0.750000    0.780519   -0.030519 (VIOLATED)
_14807_/A                               0.750000    0.780514   -0.030514 (VIOLATED)
_14671_/A1                              0.750000    0.780503   -0.030503 (VIOLATED)
_14359_/A                               0.750000    0.780476   -0.030476 (VIOLATED)
_14361_/A1                              0.750000    0.780465   -0.030465 (VIOLATED)
_14166_/A1                              0.750000    0.780451   -0.030451 (VIOLATED)
_13675_/X                               0.750000    0.780449   -0.030449 (VIOLATED)
_13993_/B1                              0.750000    0.780449   -0.030449 (VIOLATED)
_13994_/A                               0.750000    0.780449   -0.030449 (VIOLATED)
_13930_/A2                              0.750000    0.779357   -0.029357 (VIOLATED)
_13676_/S                               0.750000    0.779354   -0.029354 (VIOLATED)
_13597_/A2                              0.750000    0.779351   -0.029351 (VIOLATED)
_13910_/A2                              0.750000    0.779342   -0.029342 (VIOLATED)
_14063_/A2                              0.750000    0.779342   -0.029342 (VIOLATED)
_14151_/A2                              0.750000    0.779342   -0.029342 (VIOLATED)
fanout1551/X                            0.750000    0.779342   -0.029342 (VIOLATED)
_10146_/S                               0.750000    0.778836   -0.028836 (VIOLATED)
_10143_/S                               0.750000    0.778835   -0.028835 (VIOLATED)
_10145_/S                               0.750000    0.778834   -0.028834 (VIOLATED)
_10142_/S                               0.750000    0.778833   -0.028833 (VIOLATED)
_10854_/B1                              0.750000    0.778833   -0.028833 (VIOLATED)
_10869_/S                               0.750000    0.778833   -0.028833 (VIOLATED)
fanout2270/A                            0.750000    0.778833   -0.028833 (VIOLATED)
fanout2272/X                            0.750000    0.778833   -0.028833 (VIOLATED)
_09849_/A                               0.750000    0.778701   -0.028701 (VIOLATED)
_12341_/A1                              0.750000    0.778701   -0.028701 (VIOLATED)
_18543_/A1                              0.750000    0.778701   -0.028701 (VIOLATED)
_18555_/A1                              0.750000    0.778701   -0.028701 (VIOLATED)
_18557_/A1                              0.750000    0.778701   -0.028701 (VIOLATED)
_18563_/A1                              0.750000    0.778701   -0.028701 (VIOLATED)
_18571_/A1                              0.750000    0.778701   -0.028701 (VIOLATED)
_18652_/C1                              0.750000    0.778701   -0.028701 (VIOLATED)
fanout1891/A                            0.750000    0.778701   -0.028701 (VIOLATED)
fanout1892/X                            0.750000    0.778701   -0.028701 (VIOLATED)
_11755_/S0                              0.750000    0.778602   -0.028602 (VIOLATED)
_11756_/S0                              0.750000    0.778600   -0.028600 (VIOLATED)
_11757_/S0                              0.750000    0.778591   -0.028591 (VIOLATED)
fanout2103/A                            0.750000    0.778578   -0.028578 (VIOLATED)
fanout2097/A                            0.750000    0.778575   -0.028575 (VIOLATED)
fanout2105/X                            0.750000    0.778575   -0.028575 (VIOLATED)
_11512_/A                               0.750000    0.778330   -0.028330 (VIOLATED)
_11520_/B2                              0.750000    0.778323   -0.028323 (VIOLATED)
_11334_/A                               0.750000    0.778319   -0.028319 (VIOLATED)
_10890_/A                               0.750000    0.778308   -0.028308 (VIOLATED)
fanout1705/X                            0.750000    0.778308   -0.028308 (VIOLATED)
load_slew1706/A                         0.750000    0.778308   -0.028308 (VIOLATED)
_18461_/A0                              0.750000    0.778288   -0.028288 (VIOLATED)
_18679_/A1                              0.750000    0.778273   -0.028273 (VIOLATED)
_18682_/A2                              0.750000    0.778269   -0.028269 (VIOLATED)
_21757_/A                               0.750000    0.778262   -0.028262 (VIOLATED)
_17754_/A1                              0.750000    0.778240   -0.028240 (VIOLATED)
_17760_/C                               0.750000    0.778239   -0.028239 (VIOLATED)
_17749_/B1                              0.750000    0.778238   -0.028238 (VIOLATED)
_17746_/B2                              0.750000    0.778236   -0.028236 (VIOLATED)
_12251_/C                               0.750000    0.778234   -0.028234 (VIOLATED)
_17757_/A                               0.750000    0.778234   -0.028234 (VIOLATED)
_17868_/B                               0.750000    0.778229   -0.028229 (VIOLATED)
_17872_/B                               0.750000    0.778229   -0.028229 (VIOLATED)
_17874_/A1                              0.750000    0.778229   -0.028229 (VIOLATED)
fanout441/A                             0.750000    0.778229   -0.028229 (VIOLATED)
fanout443/X                             0.750000    0.778229   -0.028229 (VIOLATED)
_13725_/A2                              0.750000    0.778180   -0.028180 (VIOLATED)
load_slew732/A                          0.750000    0.778144   -0.028144 (VIOLATED)
_12233_/X                               0.750000    0.778125   -0.028125 (VIOLATED)
load_slew733/A                          0.750000    0.778125   -0.028125 (VIOLATED)
_12226_/Y                               0.750000    0.778096   -0.028096 (VIOLATED)
max_cap512/A                            0.750000    0.778096   -0.028096 (VIOLATED)
_16506_/S                               0.750000    0.778072   -0.028072 (VIOLATED)
_16522_/S                               0.750000    0.778051   -0.028051 (VIOLATED)
_16514_/S                               0.750000    0.778050   -0.028050 (VIOLATED)
fanout676/X                             0.750000    0.778050   -0.028050 (VIOLATED)
load_slew678/A                          0.750000    0.778050   -0.028050 (VIOLATED)
_12001_/A                               0.750000    0.777834   -0.027834 (VIOLATED)
_12369_/B2                              0.750000    0.777833   -0.027833 (VIOLATED)
_12366_/A2                              0.750000    0.777833   -0.027833 (VIOLATED)
_12355_/A1                              0.750000    0.777832   -0.027832 (VIOLATED)
_09858_/A                               0.750000    0.777832   -0.027832 (VIOLATED)
_12000_/A                               0.750000    0.777832   -0.027832 (VIOLATED)
_12083_/A                               0.750000    0.777832   -0.027832 (VIOLATED)
_12099_/B2                              0.750000    0.777832   -0.027832 (VIOLATED)
_12199_/A1                              0.750000    0.777832   -0.027832 (VIOLATED)
_12288_/C1                              0.750000    0.777832   -0.027832 (VIOLATED)
fanout1906/X                            0.750000    0.777832   -0.027832 (VIOLATED)
fanout1195/A                            0.750000    0.777707   -0.027707 (VIOLATED)
_18867_/A2                              0.750000    0.777707   -0.027707 (VIOLATED)
_18874_/A2                              0.750000    0.777706   -0.027706 (VIOLATED)
_18753_/A2                              0.750000    0.777702   -0.027702 (VIOLATED)
_18760_/A2                              0.750000    0.777702   -0.027702 (VIOLATED)
_18768_/A2                              0.750000    0.777702   -0.027702 (VIOLATED)
_18775_/A2                              0.750000    0.777702   -0.027702 (VIOLATED)
_18782_/A2                              0.750000    0.777702   -0.027702 (VIOLATED)
_18789_/A2                              0.750000    0.777702   -0.027702 (VIOLATED)
_18796_/A2                              0.750000    0.777702   -0.027702 (VIOLATED)
fanout1196/X                            0.750000    0.777702   -0.027702 (VIOLATED)
wire1364/A                              0.750000    0.777518   -0.027518 (VIOLATED)
_12665_/A1                              0.750000    0.777518   -0.027518 (VIOLATED)
_11396_/Y                               0.750000    0.777473   -0.027473 (VIOLATED)
_14301_/A2                              0.750000    0.777045   -0.027045 (VIOLATED)
_15976_/A2                              0.750000    0.777042   -0.027042 (VIOLATED)
_14299_/Y                               0.750000    0.776999   -0.027000 (VIOLATED)
_13327_/A1                              0.750000    0.776797   -0.026797 (VIOLATED)
_13476_/A                               0.750000    0.776797   -0.026797 (VIOLATED)
_13477_/A                               0.750000    0.776797   -0.026797 (VIOLATED)
_10714_/Y                               0.750000    0.776791   -0.026791 (VIOLATED)
_11060_/B1                              0.750000    0.776718   -0.026718 (VIOLATED)
_15092_/B                               0.750000    0.776690   -0.026690 (VIOLATED)
_15093_/B                               0.750000    0.776690   -0.026690 (VIOLATED)
_16886_/S                               0.750000    0.776617   -0.026617 (VIOLATED)
_16876_/S                               0.750000    0.776615   -0.026615 (VIOLATED)
_16894_/S                               0.750000    0.776606   -0.026606 (VIOLATED)
fanout577/X                             0.750000    0.776606   -0.026606 (VIOLATED)
load_slew579/A                          0.750000    0.776606   -0.026606 (VIOLATED)
_15892_/A1                              0.750000    0.776516   -0.026516 (VIOLATED)
_15603_/A1                              0.750000    0.776516   -0.026516 (VIOLATED)
_15506_/A1                              0.750000    0.776515   -0.026515 (VIOLATED)
_15797_/A1                              0.750000    0.776514   -0.026514 (VIOLATED)
_14875_/A1                              0.750000    0.776514   -0.026514 (VIOLATED)
_14984_/A1                              0.750000    0.776514   -0.026514 (VIOLATED)
_15310_/A1                              0.750000    0.776514   -0.026514 (VIOLATED)
_15406_/A1                              0.750000    0.776514   -0.026514 (VIOLATED)
fanout1820/X                            0.750000    0.776514   -0.026514 (VIOLATED)
_12849_/A1                              0.750000    0.776432   -0.026432 (VIOLATED)
_12876_/A1                              0.750000    0.776432   -0.026432 (VIOLATED)
_12902_/A1                              0.750000    0.776431   -0.026431 (VIOLATED)
_12889_/A1                              0.750000    0.776431   -0.026431 (VIOLATED)
_12862_/A1                              0.750000    0.776430   -0.026430 (VIOLATED)
_13123_/A1                              0.750000    0.776424   -0.026424 (VIOLATED)
_12930_/A1                              0.750000    0.776420   -0.026420 (VIOLATED)
_12944_/A1                              0.750000    0.776420   -0.026420 (VIOLATED)
_13108_/A1                              0.750000    0.776419   -0.026419 (VIOLATED)
fanout1330/A                            0.750000    0.776414   -0.026414 (VIOLATED)
fanout1331/X                            0.750000    0.776414   -0.026414 (VIOLATED)
_13402_/A1                              0.750000    0.776290   -0.026290 (VIOLATED)
_13338_/A1                              0.750000    0.776283   -0.026283 (VIOLATED)
_11059_/X                               0.750000    0.776279   -0.026279 (VIOLATED)
_12944_/S                               0.750000    0.776279   -0.026279 (VIOLATED)
wire2692/A                              0.750000    0.776277   -0.026277 (VIOLATED)
input83/X                               0.750000    0.776251   -0.026251 (VIOLATED)
_18330_/A0                              0.750000    0.776134   -0.026134 (VIOLATED)
_11431_/C1                              0.750000    0.776027   -0.026027 (VIOLATED)
fanout1300/A                            0.750000    0.776026   -0.026026 (VIOLATED)
_10806_/A1                              0.750000    0.776023   -0.026023 (VIOLATED)
_11372_/A1                              0.750000    0.776023   -0.026023 (VIOLATED)
_11493_/C1                              0.750000    0.776023   -0.026023 (VIOLATED)
_11494_/A1                              0.750000    0.776023   -0.026023 (VIOLATED)
fanout1301/A                            0.750000    0.776023   -0.026023 (VIOLATED)
fanout1302/X                            0.750000    0.776023   -0.026023 (VIOLATED)
_19571_/A1                              0.750000    0.775804   -0.025804 (VIOLATED)
fanout2283/X                            0.750000    0.775804   -0.025804 (VIOLATED)
load_slew2285/A                         0.750000    0.775804   -0.025804 (VIOLATED)
_10124_/B                               0.750000    0.775414   -0.025415 (VIOLATED)
_10952_/B                               0.750000    0.775414   -0.025415 (VIOLATED)
_10953_/A_N                             0.750000    0.775414   -0.025415 (VIOLATED)
_10955_/S1                              0.750000    0.775414   -0.025415 (VIOLATED)
_10956_/S1                              0.750000    0.775414   -0.025415 (VIOLATED)
fanout2015/A                            0.750000    0.775414   -0.025415 (VIOLATED)
fanout2017/A                            0.750000    0.775414   -0.025415 (VIOLATED)
fanout2019/X                            0.750000    0.775414   -0.025415 (VIOLATED)
_10166_/B1                              0.750000    0.775268   -0.025269 (VIOLATED)
_14517_/A2                              0.750000    0.775264   -0.025264 (VIOLATED)
_14516_/B                               0.750000    0.775257   -0.025258 (VIOLATED)
_14518_/A2                              0.750000    0.775255   -0.025255 (VIOLATED)
_12876_/S                               0.750000    0.775084   -0.025084 (VIOLATED)
_13402_/A0                              0.750000    0.775005   -0.025005 (VIOLATED)
_13338_/A0                              0.750000    0.774919   -0.024919 (VIOLATED)
_10165_/X                               0.750000    0.774744   -0.024744 (VIOLATED)
_15052_/B1                              0.750000    0.774581   -0.024581 (VIOLATED)
_15053_/B1                              0.750000    0.774577   -0.024577 (VIOLATED)
_14949_/A2                              0.750000    0.774577   -0.024577 (VIOLATED)
fanout1215/A                            0.750000    0.774563   -0.024563 (VIOLATED)
_14594_/C                               0.750000    0.774562   -0.024562 (VIOLATED)
_14489_/Y                               0.750000    0.774560   -0.024560 (VIOLATED)
_19262_/S                               0.750000    0.774315   -0.024315 (VIOLATED)
fanout263/A                             0.750000    0.774312   -0.024313 (VIOLATED)
fanout261/A                             0.750000    0.774304   -0.024304 (VIOLATED)
_19248_/S                               0.750000    0.774298   -0.024298 (VIOLATED)
_19246_/S                               0.750000    0.774294   -0.024294 (VIOLATED)
_19256_/S                               0.750000    0.774294   -0.024294 (VIOLATED)
_19278_/S                               0.750000    0.774294   -0.024294 (VIOLATED)
fanout264/X                             0.750000    0.774294   -0.024294 (VIOLATED)
_19886_/RESET_B                         0.750000    0.773965   -0.023965 (VIOLATED)
_20652_/RESET_B                         0.750000    0.773965   -0.023965 (VIOLATED)
_20684_/RESET_B                         0.750000    0.773965   -0.023965 (VIOLATED)
_21401_/RESET_B                         0.750000    0.773965   -0.023965 (VIOLATED)
_21404_/RESET_B                         0.750000    0.773965   -0.023965 (VIOLATED)
_21668_/RESET_B                         0.750000    0.773965   -0.023965 (VIOLATED)
_21670_/RESET_B                         0.750000    0.773965   -0.023965 (VIOLATED)
fanout2487/A                            0.750000    0.773965   -0.023965 (VIOLATED)
fanout2488/X                            0.750000    0.773965   -0.023965 (VIOLATED)
_18685_/A2                              0.750000    0.773901   -0.023901 (VIOLATED)
_18707_/A2                              0.750000    0.773900   -0.023900 (VIOLATED)
fanout904/A                             0.750000    0.773898   -0.023898 (VIOLATED)
_18750_/A2                              0.750000    0.773898   -0.023898 (VIOLATED)
fanout903/A                             0.750000    0.773897   -0.023897 (VIOLATED)
_18729_/A2                              0.750000    0.773892   -0.023892 (VIOLATED)
_18736_/A2                              0.750000    0.773892   -0.023892 (VIOLATED)
fanout905/X                             0.750000    0.773892   -0.023892 (VIOLATED)
_14456_/A                               0.750000    0.773621   -0.023621 (VIOLATED)
_14164_/A                               0.750000    0.773616   -0.023616 (VIOLATED)
_14356_/A                               0.750000    0.773615   -0.023615 (VIOLATED)
_14256_/A                               0.750000    0.773615   -0.023615 (VIOLATED)
fanout1254/A                            0.750000    0.773591   -0.023591 (VIOLATED)
_13597_/Y                               0.750000    0.773587   -0.023587 (VIOLATED)
fanout1034/A                            0.750000    0.773586   -0.023586 (VIOLATED)
_19022_/S                               0.750000    0.773585   -0.023585 (VIOLATED)
_19017_/S                               0.750000    0.773585   -0.023585 (VIOLATED)
_18979_/S                               0.750000    0.773584   -0.023584 (VIOLATED)
_19024_/S                               0.750000    0.773579   -0.023579 (VIOLATED)
_19019_/C1                              0.750000    0.773578   -0.023578 (VIOLATED)
_19028_/S                               0.750000    0.773578   -0.023578 (VIOLATED)
fanout1035/X                            0.750000    0.773578   -0.023578 (VIOLATED)
_12466_/S                               0.750000    0.773564   -0.023564 (VIOLATED)
_12435_/S                               0.750000    0.773564   -0.023564 (VIOLATED)
_12424_/S                               0.750000    0.773563   -0.023563 (VIOLATED)
_12439_/S                               0.750000    0.773563   -0.023563 (VIOLATED)
_12461_/S                               0.750000    0.773560   -0.023560 (VIOLATED)
_12456_/S                               0.750000    0.773560   -0.023560 (VIOLATED)
_12416_/S                               0.750000    0.773557   -0.023557 (VIOLATED)
_12444_/S                               0.750000    0.773557   -0.023557 (VIOLATED)
_12449_/S                               0.750000    0.773557   -0.023557 (VIOLATED)
_12472_/S                               0.750000    0.773557   -0.023557 (VIOLATED)
fanout1872/X                            0.750000    0.773557   -0.023557 (VIOLATED)
fanout1096/A                            0.750000    0.772625   -0.022625 (VIOLATED)
fanout1095/A                            0.750000    0.772623   -0.022623 (VIOLATED)
_12342_/B                               0.750000    0.772623   -0.022623 (VIOLATED)
_18451_/B                               0.750000    0.772623   -0.022623 (VIOLATED)
fanout1099/A                            0.750000    0.772623   -0.022623 (VIOLATED)
fanout1100/X                            0.750000    0.772623   -0.022623 (VIOLATED)
fanout996/A                             0.750000    0.771682   -0.021682 (VIOLATED)
fanout995/A                             0.750000    0.771680   -0.021680 (VIOLATED)
_14877_/B1                              0.750000    0.771679   -0.021679 (VIOLATED)
_16262_/B1                              0.750000    0.771679   -0.021679 (VIOLATED)
_16347_/A                               0.750000    0.771679   -0.021679 (VIOLATED)
fanout994/A                             0.750000    0.771679   -0.021679 (VIOLATED)
fanout997/X                             0.750000    0.771679   -0.021679 (VIOLATED)
_13549_/A1                              0.750000    0.771257   -0.021257 (VIOLATED)
_13474_/A1                              0.750000    0.771256   -0.021256 (VIOLATED)
_13734_/A1                              0.750000    0.771256   -0.021256 (VIOLATED)
_14135_/B1                              0.750000    0.771256   -0.021256 (VIOLATED)
_14429_/B1                              0.750000    0.771256   -0.021256 (VIOLATED)
_14889_/C1                              0.750000    0.771256   -0.021256 (VIOLATED)
_14997_/A1                              0.750000    0.771256   -0.021256 (VIOLATED)
_15217_/C1                              0.750000    0.771256   -0.021256 (VIOLATED)
_15717_/C1                              0.750000    0.771256   -0.021256 (VIOLATED)
_15994_/C1                              0.750000    0.771256   -0.021256 (VIOLATED)
fanout1583/X                            0.750000    0.771256   -0.021256 (VIOLATED)
_10218_/A2                              0.750000    0.770385   -0.020385 (VIOLATED)
_14240_/A                               0.750000    0.770374   -0.020374 (VIOLATED)
_14300_/A1                              0.750000    0.770370   -0.020370 (VIOLATED)
_11983_/A                               0.750000    0.770369   -0.020369 (VIOLATED)
_10100_/C                               0.750000    0.770369   -0.020369 (VIOLATED)
_10224_/A1                              0.750000    0.770368   -0.020368 (VIOLATED)
_14302_/A2                              0.750000    0.770367   -0.020367 (VIOLATED)
_18730_/A0                              0.750000    0.770367   -0.020367 (VIOLATED)
_18736_/A1                              0.750000    0.770367   -0.020367 (VIOLATED)
_21369_/Q                               0.750000    0.770367   -0.020367 (VIOLATED)
_09983_/Y                               0.750000    0.770128   -0.020128 (VIOLATED)
max_cap1702/A                           0.750000    0.770128   -0.020128 (VIOLATED)
_17481_/C                               0.750000    0.769963   -0.019963 (VIOLATED)
_17489_/C                               0.750000    0.769963   -0.019963 (VIOLATED)
_17485_/A                               0.750000    0.769962   -0.019962 (VIOLATED)
_17493_/A                               0.750000    0.769959   -0.019959 (VIOLATED)
fanout335/A                             0.750000    0.769950   -0.019950 (VIOLATED)
fanout336/A                             0.750000    0.769943   -0.019943 (VIOLATED)
fanout334/A                             0.750000    0.769940   -0.019940 (VIOLATED)
fanout338/X                             0.750000    0.769940   -0.019940 (VIOLATED)
_10993_/B2                              0.750000    0.769637   -0.019637 (VIOLATED)
_10087_/B2                              0.750000    0.769636   -0.019636 (VIOLATED)
_10218_/B2                              0.750000    0.769634   -0.019634 (VIOLATED)
_10444_/B2                              0.750000    0.769634   -0.019634 (VIOLATED)
_10503_/B2                              0.750000    0.769634   -0.019634 (VIOLATED)
_10558_/B2                              0.750000    0.769634   -0.019634 (VIOLATED)
_11240_/B2                              0.750000    0.769634   -0.019634 (VIOLATED)
_11307_/B2                              0.750000    0.769634   -0.019634 (VIOLATED)
_11490_/B2                              0.750000    0.769634   -0.019634 (VIOLATED)
_11616_/B2                              0.750000    0.769634   -0.019634 (VIOLATED)
fanout1612/X                            0.750000    0.769634   -0.019634 (VIOLATED)
_19677_/A1                              0.750000    0.769600   -0.019600 (VIOLATED)
_19657_/B1                              0.750000    0.769600   -0.019600 (VIOLATED)
_19622_/B1                              0.750000    0.769595   -0.019595 (VIOLATED)
_19571_/B2                              0.750000    0.769592   -0.019592 (VIOLATED)
_19583_/B1                              0.750000    0.769590   -0.019590 (VIOLATED)
_19601_/B1                              0.750000    0.769572   -0.019572 (VIOLATED)
_19570_/Y                               0.750000    0.769513   -0.019513 (VIOLATED)
_19594_/B1                              0.750000    0.769513   -0.019513 (VIOLATED)
_18622_/Y                               0.750000    0.769230   -0.019230 (VIOLATED)
_18669_/B1                              0.750000    0.769230   -0.019230 (VIOLATED)
_18705_/A2_N                            0.750000    0.769230   -0.019230 (VIOLATED)
_18712_/A2_N                            0.750000    0.769230   -0.019230 (VIOLATED)
_18741_/B1                              0.750000    0.769230   -0.019230 (VIOLATED)
_18755_/A2_N                            0.750000    0.769230   -0.019230 (VIOLATED)
_18770_/B1                              0.750000    0.769230   -0.019230 (VIOLATED)
_18805_/A2_N                            0.750000    0.769230   -0.019230 (VIOLATED)
_18820_/B1                              0.750000    0.769230   -0.019230 (VIOLATED)
_09983_/B                               0.750000    0.769028   -0.019028 (VIOLATED)
_09942_/A                               0.750000    0.769026   -0.019026 (VIOLATED)
_10128_/B1_N                            0.750000    0.769025   -0.019025 (VIOLATED)
_09984_/B                               0.750000    0.769025   -0.019025 (VIOLATED)
_12317_/A                               0.750000    0.769010   -0.019010 (VIOLATED)
_12684_/A                               0.750000    0.768990   -0.018990 (VIOLATED)
fanout2289/A                            0.750000    0.768990   -0.018990 (VIOLATED)
fanout2290/X                            0.750000    0.768990   -0.018990 (VIOLATED)
_15601_/A1                              0.750000    0.767503   -0.017503 (VIOLATED)
_15700_/A1                              0.750000    0.767502   -0.017502 (VIOLATED)
_15977_/A1                              0.750000    0.767502   -0.017502 (VIOLATED)
_15701_/A1                              0.750000    0.767502   -0.017502 (VIOLATED)
_15890_/A1                              0.750000    0.767502   -0.017502 (VIOLATED)
_15796_/A1                              0.750000    0.767501   -0.017501 (VIOLATED)
_16074_/A                               0.750000    0.767501   -0.017501 (VIOLATED)
_16164_/A1                              0.750000    0.767501   -0.017501 (VIOLATED)
_16165_/A1                              0.750000    0.767501   -0.017501 (VIOLATED)
_16344_/A1                              0.750000    0.767501   -0.017501 (VIOLATED)
fanout1266/X                            0.750000    0.767501   -0.017501 (VIOLATED)
_18149_/S                               0.750000    0.766423   -0.016423 (VIOLATED)
_18140_/S                               0.750000    0.766421   -0.016421 (VIOLATED)
_18144_/S                               0.750000    0.766421   -0.016421 (VIOLATED)
_18154_/S                               0.750000    0.766421   -0.016421 (VIOLATED)
fanout376/X                             0.750000    0.766421   -0.016421 (VIOLATED)
load_slew377/A                          0.750000    0.766421   -0.016421 (VIOLATED)
_13679_/A2                              0.750000    0.765070   -0.015070 (VIOLATED)
_13767_/B1                              0.750000    0.765070   -0.015070 (VIOLATED)
_13768_/C                               0.750000    0.765070   -0.015070 (VIOLATED)
_13769_/B1                              0.750000    0.765070   -0.015070 (VIOLATED)
_13923_/A2                              0.750000    0.765070   -0.015070 (VIOLATED)
_13924_/A                               0.750000    0.765070   -0.015070 (VIOLATED)
_14165_/A                               0.750000    0.765070   -0.015070 (VIOLATED)
_14358_/A1                              0.750000    0.765070   -0.015070 (VIOLATED)
fanout1248/X                            0.750000    0.765070   -0.015070 (VIOLATED)
wire1088/A                              0.750000    0.765035   -0.015035 (VIOLATED)
_12997_/Y                               0.750000    0.765034   -0.015034 (VIOLATED)
_12998_/B                               0.750000    0.765034   -0.015034 (VIOLATED)
_12438_/A2                              0.750000    0.764785   -0.014785 (VIOLATED)
_12434_/A2                              0.750000    0.764785   -0.014785 (VIOLATED)
_12422_/A2                              0.750000    0.764784   -0.014784 (VIOLATED)
_12429_/A2                              0.750000    0.764784   -0.014784 (VIOLATED)
_12476_/A2                              0.750000    0.764782   -0.014782 (VIOLATED)
_12403_/A2                              0.750000    0.764781   -0.014781 (VIOLATED)
_12414_/A2                              0.750000    0.764781   -0.014781 (VIOLATED)
_12482_/A2                              0.750000    0.764781   -0.014781 (VIOLATED)
_12487_/A2                              0.750000    0.764781   -0.014781 (VIOLATED)
_12492_/A2                              0.750000    0.764781   -0.014781 (VIOLATED)
fanout885/X                             0.750000    0.764781   -0.014781 (VIOLATED)
_17736_/A1                              0.750000    0.763999   -0.013999 (VIOLATED)
_17865_/A1                              0.750000    0.763993   -0.013993 (VIOLATED)
_13066_/X                               0.750000    0.763982   -0.013982 (VIOLATED)
fanout928/A                             0.750000    0.763982   -0.013982 (VIOLATED)
_11018_/A1                              0.750000    0.763943   -0.013943 (VIOLATED)
_11007_/C1                              0.750000    0.763926   -0.013926 (VIOLATED)
wire1743/A                              0.750000    0.763923   -0.013923 (VIOLATED)
_10966_/A1                              0.750000    0.763922   -0.013922 (VIOLATED)
fanout1742/X                            0.750000    0.763922   -0.013922 (VIOLATED)
_18546_/A1                              0.750000    0.763892   -0.013892 (VIOLATED)
_18549_/A1                              0.750000    0.763892   -0.013892 (VIOLATED)
_18565_/A1                              0.750000    0.763892   -0.013892 (VIOLATED)
_18567_/A1                              0.750000    0.763892   -0.013892 (VIOLATED)
_18569_/A1                              0.750000    0.763892   -0.013892 (VIOLATED)
_18579_/A1                              0.750000    0.763892   -0.013892 (VIOLATED)
_18587_/A1                              0.750000    0.763892   -0.013892 (VIOLATED)
_18597_/A1                              0.750000    0.763892   -0.013892 (VIOLATED)
_18690_/B2                              0.750000    0.763892   -0.013892 (VIOLATED)
_18826_/B2                              0.750000    0.763892   -0.013892 (VIOLATED)
fanout1895/X                            0.750000    0.763892   -0.013892 (VIOLATED)
_12710_/A1                              0.750000    0.763018   -0.013018 (VIOLATED)
_12726_/A1                              0.750000    0.763018   -0.013018 (VIOLATED)
_12741_/B2                              0.750000    0.763018   -0.013018 (VIOLATED)
_12753_/B2                              0.750000    0.763018   -0.013018 (VIOLATED)
_12767_/A1                              0.750000    0.763018   -0.013018 (VIOLATED)
_12776_/B2                              0.750000    0.763018   -0.013018 (VIOLATED)
_12787_/A                               0.750000    0.763018   -0.013018 (VIOLATED)
_12821_/B2                              0.750000    0.763018   -0.013018 (VIOLATED)
_12833_/B2                              0.750000    0.763018   -0.013018 (VIOLATED)
_12860_/B2                              0.750000    0.763018   -0.013018 (VIOLATED)
fanout1284/X                            0.750000    0.763018   -0.013018 (VIOLATED)
_13312_/B1                              0.750000    0.762722   -0.012722 (VIOLATED)
_13319_/B1                              0.750000    0.762722   -0.012722 (VIOLATED)
_13609_/B1                              0.750000    0.762722   -0.012722 (VIOLATED)
_13891_/B1                              0.750000    0.762722   -0.012722 (VIOLATED)
_13892_/B1                              0.750000    0.762722   -0.012722 (VIOLATED)
_14046_/B1                              0.750000    0.762722   -0.012722 (VIOLATED)
_14049_/B1                              0.750000    0.762722   -0.012722 (VIOLATED)
_14652_/B1                              0.750000    0.762722   -0.012722 (VIOLATED)
_14765_/B1                              0.750000    0.762722   -0.012722 (VIOLATED)
_15617_/B1                              0.750000    0.762722   -0.012722 (VIOLATED)
fanout1575/X                            0.750000    0.762722   -0.012722 (VIOLATED)
_13035_/B2                              0.750000    0.762397   -0.012397 (VIOLATED)
_12394_/B2                              0.750000    0.762395   -0.012395 (VIOLATED)
_12027_/B2                              0.750000    0.762394   -0.012394 (VIOLATED)
_12379_/A2                              0.750000    0.762382   -0.012382 (VIOLATED)
_17712_/A1                              0.750000    0.762277   -0.012277 (VIOLATED)
_17578_/A1                              0.750000    0.762268   -0.012268 (VIOLATED)
_17842_/A1                              0.750000    0.762251   -0.012251 (VIOLATED)
fanout933/A                             0.750000    0.762213   -0.012213 (VIOLATED)
_12986_/X                               0.750000    0.762209   -0.012209 (VIOLATED)
_17530_/A2                              0.750000    0.761343   -0.011343 (VIOLATED)
_17534_/A2                              0.750000    0.761343   -0.011343 (VIOLATED)
_17538_/A2                              0.750000    0.761343   -0.011343 (VIOLATED)
_17541_/A2                              0.750000    0.761343   -0.011343 (VIOLATED)
_17545_/A2                              0.750000    0.761343   -0.011343 (VIOLATED)
_17549_/A2                              0.750000    0.761343   -0.011343 (VIOLATED)
_17552_/A2                              0.750000    0.761343   -0.011343 (VIOLATED)
_17556_/A2                              0.750000    0.761343   -0.011343 (VIOLATED)
_17560_/A2                              0.750000    0.761343   -0.011343 (VIOLATED)
_17563_/A2                              0.750000    0.761343   -0.011343 (VIOLATED)
fanout409/X                             0.750000    0.761343   -0.011343 (VIOLATED)
_10313_/A                               0.750000    0.761331   -0.011331 (VIOLATED)
fanout2631/A                            0.750000    0.761330   -0.011330 (VIOLATED)
_20036_/RESET_B                         0.750000    0.761329   -0.011329 (VIOLATED)
_20004_/RESET_B                         0.750000    0.761329   -0.011329 (VIOLATED)
_11781_/B2                              0.750000    0.761328   -0.011328 (VIOLATED)
_11766_/A1                              0.750000    0.761327   -0.011327 (VIOLATED)
_11773_/A1                              0.750000    0.761327   -0.011327 (VIOLATED)
fanout1631/A                            0.750000    0.761327   -0.011327 (VIOLATED)
fanout1632/X                            0.750000    0.761327   -0.011327 (VIOLATED)
load_slew1633/A                         0.750000    0.761327   -0.011327 (VIOLATED)
fanout2633/A                            0.750000    0.761326   -0.011326 (VIOLATED)
_21674_/RESET_B                         0.750000    0.761321   -0.011321 (VIOLATED)
_21682_/RESET_B                         0.750000    0.761321   -0.011321 (VIOLATED)
_21690_/RESET_B                         0.750000    0.761321   -0.011321 (VIOLATED)
_21691_/RESET_B                         0.750000    0.761321   -0.011321 (VIOLATED)
fanout2634/X                            0.750000    0.761321   -0.011321 (VIOLATED)
_11304_/B1                              0.750000    0.761301   -0.011301 (VIOLATED)
_10501_/B2                              0.750000    0.761275   -0.011275 (VIOLATED)
fanout1593/X                            0.750000    0.761257   -0.011257 (VIOLATED)
load_slew1595/A                         0.750000    0.761257   -0.011257 (VIOLATED)
_11622_/B1                              0.750000    0.761096   -0.011096 (VIOLATED)
_15799_/B                               0.750000    0.761087   -0.011087 (VIOLATED)
_19727_/S                               0.750000    0.761083   -0.011083 (VIOLATED)
_19735_/S                               0.750000    0.761078   -0.011078 (VIOLATED)
load_slew899/A                          0.750000    0.761077   -0.011077 (VIOLATED)
_19709_/A                               0.750000    0.761064   -0.011064 (VIOLATED)
fanout898/X                             0.750000    0.761064   -0.011064 (VIOLATED)
_15798_/B                               0.750000    0.760860   -0.010860 (VIOLATED)
_12352_/C                               0.750000    0.760843   -0.010843 (VIOLATED)
_13039_/S                               0.750000    0.760839   -0.010839 (VIOLATED)
_13389_/A                               0.750000    0.760838   -0.010838 (VIOLATED)
_13358_/A1                              0.750000    0.760829   -0.010829 (VIOLATED)
_11621_/X                               0.750000    0.760829   -0.010829 (VIOLATED)
input86/X                               0.750000    0.760795   -0.010795 (VIOLATED)
fanout1718/A                            0.750000    0.760784   -0.010784 (VIOLATED)
_11872_/A1                              0.750000    0.760768   -0.010768 (VIOLATED)
fanout1720/X                            0.750000    0.760744   -0.010744 (VIOLATED)
load_slew1721/A                         0.750000    0.760744   -0.010744 (VIOLATED)
_12187_/B                               0.750000    0.760589   -0.010589 (VIOLATED)
_12315_/A1                              0.750000    0.760556   -0.010556 (VIOLATED)
_13234_/A2                              0.750000    0.760543   -0.010543 (VIOLATED)
_13230_/A2                              0.750000    0.760543   -0.010543 (VIOLATED)
_13233_/B                               0.750000    0.760543   -0.010543 (VIOLATED)
_12186_/X                               0.750000    0.760539   -0.010539 (VIOLATED)
_11145_/S0                              0.750000    0.760005   -0.010005 (VIOLATED)
_11148_/S                               0.750000    0.760005   -0.010005 (VIOLATED)
_11149_/S                               0.750000    0.760005   -0.010005 (VIOLATED)
_11155_/S                               0.750000    0.760005   -0.010005 (VIOLATED)
_11156_/S                               0.750000    0.760005   -0.010005 (VIOLATED)
_11157_/S0                              0.750000    0.760005   -0.010005 (VIOLATED)
_11458_/B1                              0.750000    0.760005   -0.010005 (VIOLATED)
fanout2254/X                            0.750000    0.760005   -0.010005 (VIOLATED)
_11119_/B1                              0.750000    0.759141   -0.009141 (VIOLATED)
_14985_/B                               0.750000    0.759138   -0.009138 (VIOLATED)
_14986_/B                               0.750000    0.759138   -0.009138 (VIOLATED)
_12930_/S                               0.750000    0.759058   -0.009058 (VIOLATED)
_13406_/A1                              0.750000    0.759058   -0.009058 (VIOLATED)
_11118_/X                               0.750000    0.759057   -0.009057 (VIOLATED)
_13334_/A1                              0.750000    0.759057   -0.009057 (VIOLATED)
_17878_/B2                              0.750000    0.759013   -0.009013 (VIOLATED)
_17754_/B2                              0.750000    0.759013   -0.009013 (VIOLATED)
_17614_/A1                              0.750000    0.759011   -0.009011 (VIOLATED)
fanout924/A                             0.750000    0.758996   -0.008996 (VIOLATED)
_13123_/X                               0.750000    0.758994   -0.008994 (VIOLATED)
_14131_/A1                              0.750000    0.758854   -0.008854 (VIOLATED)
_15717_/A1                              0.750000    0.758854   -0.008854 (VIOLATED)
_19773_/A0                              0.750000    0.758853   -0.008853 (VIOLATED)
_13471_/A2                              0.750000    0.758853   -0.008853 (VIOLATED)
input20/X                               0.750000    0.758852   -0.008852 (VIOLATED)
_19776_/A0                              0.750000    0.758176   -0.008176 (VIOLATED)
_15994_/A1                              0.750000    0.758176   -0.008176 (VIOLATED)
_14425_/A1                              0.750000    0.758174   -0.008174 (VIOLATED)
_13731_/A2                              0.750000    0.758172   -0.008172 (VIOLATED)
input23/X                               0.750000    0.758080   -0.008080 (VIOLATED)
_13006_/A1                              0.750000    0.757233   -0.007233 (VIOLATED)
_12015_/B                               0.750000    0.757214   -0.007214 (VIOLATED)
wire1739/A                              0.750000    0.757127   -0.007127 (VIOLATED)
_10352_/C1                              0.750000    0.757127   -0.007127 (VIOLATED)
_10361_/A1                              0.750000    0.757127   -0.007127 (VIOLATED)
_10577_/C1                              0.750000    0.757127   -0.007127 (VIOLATED)
fanout1738/X                            0.750000    0.757127   -0.007127 (VIOLATED)
input84/X                               0.750000    0.757115   -0.007115 (VIOLATED)
_18769_/B2                              0.750000    0.756849   -0.006849 (VIOLATED)
_18776_/B2                              0.750000    0.756848   -0.006848 (VIOLATED)
_18783_/B2                              0.750000    0.756848   -0.006848 (VIOLATED)
_18790_/B2                              0.750000    0.756847   -0.006847 (VIOLATED)
_18797_/B2                              0.750000    0.756846   -0.006846 (VIOLATED)
_18811_/B2                              0.750000    0.756846   -0.006846 (VIOLATED)
_18819_/B2                              0.750000    0.756846   -0.006846 (VIOLATED)
_18868_/B2                              0.750000    0.756846   -0.006846 (VIOLATED)
_18875_/B2                              0.750000    0.756846   -0.006846 (VIOLATED)
_18879_/A                               0.750000    0.756846   -0.006846 (VIOLATED)
fanout1898/X                            0.750000    0.756846   -0.006846 (VIOLATED)
fanout1661/A                            0.750000    0.756658   -0.006658 (VIOLATED)
_11826_/A1                              0.750000    0.756645   -0.006645 (VIOLATED)
_11592_/A1                              0.750000    0.756629   -0.006629 (VIOLATED)
_11602_/B2                              0.750000    0.756613   -0.006613 (VIOLATED)
_11612_/B2                              0.750000    0.756608   -0.006608 (VIOLATED)
fanout1663/X                            0.750000    0.756608   -0.006608 (VIOLATED)
load_slew1664/A                         0.750000    0.756608   -0.006608 (VIOLATED)
fanout1523/A                            0.750000    0.755258   -0.005258 (VIOLATED)
fanout1522/A                            0.750000    0.755254   -0.005254 (VIOLATED)
_19312_/S                               0.750000    0.755248   -0.005249 (VIOLATED)
_19304_/S                               0.750000    0.755248   -0.005248 (VIOLATED)
_19305_/S                               0.750000    0.755248   -0.005248 (VIOLATED)
_19309_/S                               0.750000    0.755248   -0.005248 (VIOLATED)
_19320_/S                               0.750000    0.755248   -0.005248 (VIOLATED)
fanout1524/X                            0.750000    0.755248   -0.005248 (VIOLATED)
_11403_/C1                              0.750000    0.754115   -0.004115 (VIOLATED)
fanout2117/X                            0.750000    0.754109   -0.004109 (VIOLATED)
load_slew2119/A                         0.750000    0.754109   -0.004109 (VIOLATED)
_19226_/S                               0.750000    0.753916   -0.003916 (VIOLATED)
_19194_/S                               0.750000    0.753915   -0.003915 (VIOLATED)
_19234_/S                               0.750000    0.753914   -0.003914 (VIOLATED)
_19222_/S                               0.750000    0.753913   -0.003913 (VIOLATED)
_19188_/S                               0.750000    0.753912   -0.003912 (VIOLATED)
_19190_/S                               0.750000    0.753912   -0.003912 (VIOLATED)
_19202_/S                               0.750000    0.753912   -0.003912 (VIOLATED)
_19220_/S                               0.750000    0.753912   -0.003912 (VIOLATED)
fanout230/X                             0.750000    0.753912   -0.003912 (VIOLATED)
_14013_/Y                               0.750000    0.753355   -0.003355 (VIOLATED)
_14015_/B                               0.750000    0.753355   -0.003355 (VIOLATED)
_14100_/A1                              0.750000    0.753355   -0.003355 (VIOLATED)
_14188_/A                               0.750000    0.753355   -0.003355 (VIOLATED)
_14189_/A1                              0.750000    0.753355   -0.003355 (VIOLATED)
_13312_/A2                              0.750000    0.752913   -0.002913 (VIOLATED)
_13319_/A2                              0.750000    0.752913   -0.002913 (VIOLATED)
_13609_/A2                              0.750000    0.752913   -0.002913 (VIOLATED)
_13891_/A2                              0.750000    0.752913   -0.002913 (VIOLATED)
_13892_/A2                              0.750000    0.752913   -0.002913 (VIOLATED)
_14046_/A2                              0.750000    0.752913   -0.002913 (VIOLATED)
_14049_/A2                              0.750000    0.752913   -0.002913 (VIOLATED)
_14652_/A2                              0.750000    0.752913   -0.002913 (VIOLATED)
_14765_/A2                              0.750000    0.752913   -0.002913 (VIOLATED)
_15617_/A2                              0.750000    0.752913   -0.002913 (VIOLATED)
fanout1581/X                            0.750000    0.752913   -0.002913 (VIOLATED)
_11409_/B2                              0.750000    0.752827   -0.002827 (VIOLATED)
_10979_/B2                              0.750000    0.752798   -0.002798 (VIOLATED)
_11461_/A2                              0.750000    0.752729   -0.002729 (VIOLATED)
_11896_/B2                              0.750000    0.752573   -0.002573 (VIOLATED)
_11708_/B2                              0.750000    0.752459   -0.002459 (VIOLATED)
_11832_/B2                              0.750000    0.752458   -0.002458 (VIOLATED)
_11595_/B2                              0.750000    0.752456   -0.002456 (VIOLATED)
_10049_/X                               0.750000    0.752450   -0.002450 (VIOLATED)
wire843/A                               0.750000    0.751295   -0.001295 (VIOLATED)
_16810_/S                               0.750000    0.751292   -0.001292 (VIOLATED)
_16803_/S                               0.750000    0.751284   -0.001284 (VIOLATED)
_16823_/S                               0.750000    0.751251   -0.001251 (VIOLATED)
fanout842/X                             0.750000    0.751251   -0.001251 (VIOLATED)
load_slew844/A                          0.750000    0.751251   -0.001251 (VIOLATED)
_14877_/A3                              0.750000    0.750959   -0.000959 (VIOLATED)
_15314_/A                               0.750000    0.750959   -0.000959 (VIOLATED)
_15508_/A3                              0.750000    0.750959   -0.000959 (VIOLATED)
fanout1104/A                            0.750000    0.750959   -0.000959 (VIOLATED)
fanout1105/A                            0.750000    0.750959   -0.000959 (VIOLATED)
fanout1106/X                            0.750000    0.750959   -0.000959 (VIOLATED)
_16485_/A0                              0.750000    0.750958   -0.000958 (VIOLATED)
_16518_/A0                              0.750000    0.750958   -0.000958 (VIOLATED)
_17322_/A0                              0.750000    0.750952   -0.000952 (VIOLATED)
_17355_/A1                              0.750000    0.750950   -0.000950 (VIOLATED)
fanout217/A                             0.750000    0.750940   -0.000940 (VIOLATED)
fanout216/A                             0.750000    0.750922   -0.000922 (VIOLATED)
fanout215/A                             0.750000    0.750918   -0.000918 (VIOLATED)
fanout218/X                             0.750000    0.750918   -0.000918 (VIOLATED)
_15978_/B1                              0.750000    0.750794   -0.000794 (VIOLATED)
fanout1506/A                            0.750000    0.750785   -0.000785 (VIOLATED)
_15797_/B1                              0.750000    0.750780   -0.000780 (VIOLATED)
_15702_/B1                              0.750000    0.750770   -0.000770 (VIOLATED)
fanout1507/A                            0.750000    0.750768   -0.000768 (VIOLATED)
fanout1508/X                            0.750000    0.750768   -0.000768 (VIOLATED)
_12035_/A2                              0.750000    0.750664   -0.000664 (VIOLATED)
_12788_/A1                              0.750000    0.750661   -0.000661 (VIOLATED)
_18680_/A                               0.750000    0.750425   -0.000425 (VIOLATED)
_18673_/A                               0.750000    0.750425   -0.000425 (VIOLATED)
_18702_/A                               0.750000    0.750425   -0.000425 (VIOLATED)
_18613_/C                               0.750000    0.750424   -0.000424 (VIOLATED)
_18620_/B1                              0.750000    0.750424   -0.000424 (VIOLATED)
_18625_/A                               0.750000    0.750424   -0.000424 (VIOLATED)
_18658_/A                               0.750000    0.750424   -0.000424 (VIOLATED)
_18666_/A                               0.750000    0.750424   -0.000424 (VIOLATED)
_18709_/A                               0.750000    0.750424   -0.000424 (VIOLATED)
_18717_/A                               0.750000    0.750424   -0.000424 (VIOLATED)
fanout1198/X                            0.750000    0.750424   -0.000424 (VIOLATED)
_14129_/A1                              0.750000    0.750400   -0.000400 (VIOLATED)
_13671_/A                               0.750000    0.750399   -0.000399 (VIOLATED)
_13970_/A1                              0.750000    0.750399   -0.000399 (VIOLATED)
_13467_/A                               0.750000    0.750399   -0.000399 (VIOLATED)
_19335_/S                               0.750000    0.750396   -0.000396 (VIOLATED)
_19338_/S                               0.750000    0.750396   -0.000396 (VIOLATED)
_19337_/S                               0.750000    0.750396   -0.000396 (VIOLATED)
_19339_/S                               0.750000    0.750395   -0.000395 (VIOLATED)
_19343_/S                               0.750000    0.750395   -0.000395 (VIOLATED)
_19334_/S                               0.750000    0.750394   -0.000394 (VIOLATED)
_19336_/S                               0.750000    0.750394   -0.000394 (VIOLATED)
_19340_/S                               0.750000    0.750394   -0.000394 (VIOLATED)
_19341_/S                               0.750000    0.750394   -0.000394 (VIOLATED)
_19342_/S                               0.750000    0.750394   -0.000394 (VIOLATED)
fanout519/X                             0.750000    0.750394   -0.000394 (VIOLATED)
_13542_/A                               0.750000    0.750391   -0.000391 (VIOLATED)
_15416_/A                               0.750000    0.750390   -0.000390 (VIOLATED)
_15712_/A                               0.750000    0.750390   -0.000390 (VIOLATED)
_15808_/A                               0.750000    0.750390   -0.000390 (VIOLATED)
_16176_/A                               0.750000    0.750390   -0.000390 (VIOLATED)
_16267_/A                               0.750000    0.750390   -0.000390 (VIOLATED)
fanout1465/X                            0.750000    0.750390   -0.000390 (VIOLATED)
_10191_/S1                              0.750000    0.750381   -0.000381 (VIOLATED)
_10064_/B                               0.750000    0.750374   -0.000374 (VIOLATED)
_11713_/S0                              0.750000    0.750368   -0.000368 (VIOLATED)
_11765_/S1                              0.750000    0.750368   -0.000368 (VIOLATED)
_11786_/A                               0.750000    0.750368   -0.000368 (VIOLATED)
fanout2196/X                            0.750000    0.750368   -0.000368 (VIOLATED)
load_slew2197/A                         0.750000    0.750368   -0.000368 (VIOLATED)
input89/X                               0.750000    0.750273   -0.000273 (VIOLATED)

max fanout

Pin                                   Limit Fanout  Slack
---------------------------------------------------------
_12574_/X                                10     13     -3 (VIOLATED)
wire1353/X                               10     13     -3 (VIOLATED)
_21607_/Q                                10     11        (VIOLATED)
clkbuf_leaf_101_u_ibex_top.clk/X         10     11        (VIOLATED)
clkbuf_leaf_107_u_ibex_top.clk/X         10     11        (VIOLATED)
clkbuf_leaf_11_u_ibex_top.clk/X          10     11        (VIOLATED)
clkbuf_leaf_125_u_ibex_top.clk/X         10     11        (VIOLATED)
clkbuf_leaf_130_u_ibex_top.clk/X         10     11        (VIOLATED)
clkbuf_leaf_143_u_ibex_top.clk/X         10     11        (VIOLATED)
clkbuf_leaf_151_u_ibex_top.clk/X         10     11        (VIOLATED)
clkbuf_leaf_192_u_ibex_top.clk/X         10     11        (VIOLATED)
clkbuf_leaf_20_u_ibex_top.clk/X          10     11        (VIOLATED)
clkbuf_leaf_64_u_ibex_top.clk/X          10     11        (VIOLATED)
clkbuf_leaf_91_u_ibex_top.clk/X          10     11        (VIOLATED)
clkbuf_leaf_93_u_ibex_top.clk/X          10     11        (VIOLATED)
clkbuf_leaf_97_u_ibex_top.clk/X          10     11        (VIOLATED)
fanout1026/X                             10     11        (VIOLATED)
fanout1915/X                             10     11        (VIOLATED)

max capacitance

Pin                                        Limit         Cap       Slack
------------------------------------------------------------------------
fanout1913/X                            0.094309    0.158726   -0.064417 (VIOLATED)
fanout1915/X                            0.094309    0.136966   -0.042658 (VIOLATED)
fanout1949/X                            0.094309    0.133134   -0.038825 (VIOLATED)
fanout2294/X                            0.094309    0.132744   -0.038435 (VIOLATED)
fanout1781/X                            0.094309    0.126912   -0.032603 (VIOLATED)
fanout1764/X                            0.094309    0.125873   -0.031564 (VIOLATED)
fanout1024/X                            0.094309    0.124647   -0.030338 (VIOLATED)
fanout1283/X                            0.094309    0.124162   -0.029853 (VIOLATED)
fanout1546/X                            0.094309    0.123637   -0.029328 (VIOLATED)
fanout860/X                             0.094309    0.121014   -0.026705 (VIOLATED)
fanout1701/X                            0.094309    0.119193   -0.024884 (VIOLATED)
fanout1757/X                            0.094309    0.117363   -0.023054 (VIOLATED)
fanout1278/X                            0.094309    0.117168   -0.022859 (VIOLATED)
fanout1237/X                            0.094309    0.115933   -0.021624 (VIOLATED)
fanout1588/X                            0.094309    0.114472   -0.020163 (VIOLATED)
fanout2307/X                            0.094309    0.113547   -0.019238 (VIOLATED)
fanout1853/X                            0.094309    0.113003   -0.018694 (VIOLATED)
fanout2301/X                            0.094309    0.112503   -0.018194 (VIOLATED)
fanout2026/X                            0.094309    0.111494   -0.017185 (VIOLATED)
fanout1900/X                            0.094309    0.111423   -0.017114 (VIOLATED)
fanout1025/X                            0.094309    0.111195   -0.016886 (VIOLATED)
fanout1140/X                            0.094309    0.111147   -0.016838 (VIOLATED)
fanout2288/X                            0.094309    0.110523   -0.016214 (VIOLATED)
fanout1773/X                            0.094309    0.110312   -0.016003 (VIOLATED)
fanout1281/X                            0.094309    0.110032   -0.015723 (VIOLATED)
fanout1160/X                            0.094309    0.109452   -0.015143 (VIOLATED)
fanout1255/X                            0.094309    0.109405   -0.015096 (VIOLATED)
fanout2302/X                            0.094309    0.108553   -0.014244 (VIOLATED)
fanout926/X                             0.094309    0.108378   -0.014069 (VIOLATED)
fanout1953/X                            0.094309    0.107638   -0.013329 (VIOLATED)
fanout1031/X                            0.094309    0.107563   -0.013254 (VIOLATED)
fanout1020/X                            0.094309    0.107539   -0.013230 (VIOLATED)
fanout1823/X                            0.094309    0.106014   -0.011705 (VIOLATED)
fanout1026/X                            0.094309    0.105744   -0.011435 (VIOLATED)
fanout1756/X                            0.094309    0.104812   -0.010503 (VIOLATED)
fanout1207/X                            0.094309    0.104523   -0.010214 (VIOLATED)
fanout1256/X                            0.094309    0.102702   -0.008393 (VIOLATED)
fanout1591/X                            0.094309    0.102076   -0.007767 (VIOLATED)
fanout1158/X                            0.094309    0.101658   -0.007349 (VIOLATED)
fanout928/X                             0.094309    0.101421   -0.007112 (VIOLATED)
fanout2160/X                            0.094309    0.101172   -0.006863 (VIOLATED)
fanout1854/X                            0.094309    0.101135   -0.006826 (VIOLATED)
fanout1238/X                            0.094309    0.100259   -0.005950 (VIOLATED)
fanout1424/X                            0.094309    0.100172   -0.005863 (VIOLATED)
fanout1027/X                            0.094309    0.100097   -0.005788 (VIOLATED)
fanout1023/X                            0.094309    0.100044   -0.005735 (VIOLATED)
fanout1349/X                            0.094309    0.099885   -0.005576 (VIOLATED)
fanout1175/X                            0.094309    0.099326   -0.005017 (VIOLATED)
fanout1901/X                            0.094309    0.098948   -0.004639 (VIOLATED)
fanout1230/X                            0.094309    0.098146   -0.003837 (VIOLATED)
fanout1926/X                            0.094309    0.097160   -0.002851 (VIOLATED)
fanout428/X                             0.094309    0.094851   -0.000542 (VIOLATED)
fanout1871/X                            0.094309    0.094734   -0.000425 (VIOLATED)



===========================================================================
report_parasitic_annotation -report_unannotated
============================================================================
Found 163 unannotated drivers.
 _21699__2698/HI
 chipus_ibex_wrapper/HI
 chipus_ibex_wrapper_2699/HI
 chipus_ibex_wrapper_2700/HI
 chipus_ibex_wrapper_2701/HI
 chipus_ibex_wrapper_2702/HI
 chipus_ibex_wrapper_2703/HI
 chipus_ibex_wrapper_2704/HI
 clkload0/X
 clkload1/X
 clkload10/X
 clkload100/X
 clkload101/X
 clkload102/X
 clkload103/X
 clkload104/Y
 clkload105/Y
 clkload106/Y
 clkload107/X
 clkload108/Y
 clkload109/X
 clkload11/X
 clkload110/X
 clkload111/X
 clkload112/Y
 clkload113/X
 clkload114/X
 clkload115/X
 clkload116/X
 clkload117/X
 clkload118/X
 clkload119/X
 clkload12/X
 clkload120/X
 clkload121/X
 clkload122/X
 clkload123/X
 clkload124/X
 clkload125/Y
 clkload126/X
 clkload127/X
 clkload128/X
 clkload129/X
 clkload13/Y
 clkload130/X
 clkload131/X
 clkload132/X
 clkload133/X
 clkload134/X
 clkload135/X
 clkload136/X
 clkload137/X
 clkload138/X
 clkload139/Y
 clkload14/X
 clkload140/X
 clkload141/Y
 clkload142/X
 clkload143/Y
 clkload144/X
 clkload145/Y
 clkload146/Y
 clkload147/X
 clkload148/X
 clkload149/X
 clkload15/X
 clkload150/X
 clkload151/X
 clkload152/X
 clkload153/X
 clkload154/X
 clkload16/X
 clkload17/X
 clkload18/X
 clkload19/X
 clkload2/X
 clkload20/X
 clkload21/X
 clkload22/X
 clkload23/X
 clkload24/X
 clkload25/X
 clkload26/X
 clkload27/X
 clkload28/Y
 clkload29/X
 clkload3/X
 clkload30/X
 clkload31/X
 clkload32/X
 clkload33/X
 clkload34/Y
 clkload35/X
 clkload36/X
 clkload37/X
 clkload38/Y
 clkload39/X
 clkload4/X
 clkload40/Y
 clkload41/X
 clkload42/Y
 clkload43/Y
 clkload44/X
 clkload45/X
 clkload46/X
 clkload47/X
 clkload48/Y
 clkload49/X
 clkload5/X
 clkload50/Y
 clkload51/X
 clkload52/X
 clkload53/Y
 clkload54/X
 clkload55/X
 clkload56/X
 clkload57/X
 clkload58/Y
 clkload59/Y
 clkload6/X
 clkload60/X
 clkload61/X
 clkload62/Y
 clkload63/X
 clkload64/X
 clkload65/X
 clkload66/X
 clkload67/X
 clkload68/X
 clkload69/X
 clkload7/X
 clkload70/X
 clkload71/X
 clkload72/X
 clkload73/X
 clkload74/Y
 clkload75/Y
 clkload76/X
 clkload77/X
 clkload78/X
 clkload79/Y
 clkload8/Y
 clkload80/X
 clkload81/X
 clkload82/X
 clkload83/Y
 clkload84/X
 clkload85/X
 clkload86/Y
 clkload87/X
 clkload88/X
 clkload89/X
 clkload9/X
 clkload90/X
 clkload91/X
 clkload92/X
 clkload93/X
 clkload94/X
 clkload95/Y
 clkload96/X
 clkload97/X
 clkload98/X
 clkload99/X
Found 0 partially unannotated drivers.

===========================================================================
max slew violation count 6204
max fanout violation count 18
max cap violation count 53
============================================================================

===========================================================================
check_setup -verbose -unconstrained_endpoints -multiple_clock -no_clock -no_input_delay -loops -generated_clocks
===========================================================================
