
===========================================================================
report_checks -unconstrained
===========================================================================
======================= nom_tt_025C_1v80 Corner ===================================

Startpoint: _21716_ (negative level-sensitive latch clocked by clk_i)
Endpoint: _12039_ (rising clock gating-check end-point clocked by clk_i)
Path Group: gated clock
Path Type: max

Fanout         Cap        Slew       Delay        Time   Description
---------------------------------------------------------------------------------------------
                                 25.000000   25.000000   clock clk_i (fall edge)
                                  0.000000   25.000000   clock source latency
     2    0.114735    0.000000    0.000000   25.000000 v clk_i (in)
                                                         clk_i (net)
                      0.012307    0.006153   25.006153 v delaybuf_0_clk_i/A (sky130_fd_sc_hd__clkbuf_16)
     1    0.017807    0.033942    0.130500   25.136652 v delaybuf_0_clk_i/X (sky130_fd_sc_hd__clkbuf_16)
                                                         delaynet_0_clk_i (net)
                      0.033965    0.001414   25.138067 v delaybuf_1_clk_i/A (sky130_fd_sc_hd__clkbuf_16)
     1    0.017097    0.033563    0.139384   25.277451 v delaybuf_1_clk_i/X (sky130_fd_sc_hd__clkbuf_16)
                                                         delaynet_1_clk_i (net)
                      0.033584    0.001361   25.278811 v delaybuf_2_clk_i/A (sky130_fd_sc_hd__clkbuf_16)
     1    0.020205    0.035235    0.141567   25.420378 v delaybuf_2_clk_i/X (sky130_fd_sc_hd__clkbuf_16)
                                                         delaynet_2_clk_i (net)
                      0.035335    0.001641   25.422018 v delaybuf_3_clk_i/A (sky130_fd_sc_hd__clkbuf_16)
     1    0.018611    0.034387    0.141116   25.563135 v delaybuf_3_clk_i/X (sky130_fd_sc_hd__clkbuf_16)
                                                         delaynet_3_clk_i (net)
                      0.034414    0.001529   25.564665 v clkbuf_regs_0_clk_i/A (sky130_fd_sc_hd__clkbuf_16)
     1    0.009091    0.029159    0.133429   25.698093 v clkbuf_regs_0_clk_i/X (sky130_fd_sc_hd__clkbuf_16)
                                                         clk_i_regs (net)
                      0.029160    0.000346   25.698441 v clkbuf_0_clk_i_regs/A (sky130_fd_sc_hd__clkbuf_16)
     2    0.017192    0.033555    0.137495   25.835936 v clkbuf_0_clk_i_regs/X (sky130_fd_sc_hd__clkbuf_16)
                                                         clknet_0_clk_i_regs (net)
                      0.033555    0.000377   25.836311 v clkbuf_1_1__f_clk_i_regs/A (sky130_fd_sc_hd__clkbuf_16)
     2    0.006626    0.027601    0.130896   25.967207 v clkbuf_1_1__f_clk_i_regs/X (sky130_fd_sc_hd__clkbuf_16)
                                                         clknet_1_1__leaf_clk_i_regs (net)
                      0.027601    0.000131   25.967339 v _21716_/GATE_N (sky130_fd_sc_hd__dlxtn_1)
     1    0.072149    0.665104    0.817014   26.784353 ^ _21716_/Q (sky130_fd_sc_hd__dlxtn_1)
                                                         u_ibex_top.core_clock_gate_i.en_latch (net)
                      0.665651    0.015890   26.800243 ^ _12039_/B (sky130_fd_sc_hd__and2_2)
                                             26.800243   data arrival time

                                 50.000000   50.000000   clock clk_i (rise edge)
                                  0.000000   50.000000   clock source latency
     2    0.116723    0.000000    0.000000   50.000000 ^ clk_i (in)
                                                         clk_i (net)
                      0.057194    0.028596   50.028595 ^ clkbuf_0_clk_i/A (sky130_fd_sc_hd__clkbuf_16)
     1    0.011430    0.034567    0.121606   50.150200 ^ clkbuf_0_clk_i/X (sky130_fd_sc_hd__clkbuf_16)
                                                         clknet_0_clk_i (net)
                      0.034568    0.000508   50.150707 ^ clkbuf_1_0__f_clk_i/A (sky130_fd_sc_hd__clkbuf_16)
     1    0.001783    0.025714    0.102872   50.253582 ^ clkbuf_1_0__f_clk_i/X (sky130_fd_sc_hd__clkbuf_16)
                                                         clknet_1_0__leaf_clk_i (net)
                      0.025714    0.000050   50.253632 ^ _12039_/A (sky130_fd_sc_hd__and2_2)
                                 -0.250000   50.003628   clock uncertainty
                                  0.000000   50.003628   clock reconvergence pessimism
                                  0.000000   50.003628   clock gating setup time
                                             50.003628   data required time
---------------------------------------------------------------------------------------------
                                             50.003628   data required time
                                            -26.800243   data arrival time
---------------------------------------------------------------------------------------------
                                             23.203386   slack (MET)


Startpoint: irq_fast_i[1] (input port clocked by clk_i)
Endpoint: _21716_ (negative level-sensitive latch clocked by clk_i)
Path Group: clk_i
Path Type: max

Fanout         Cap        Slew       Delay        Time   Description
---------------------------------------------------------------------------------------------
                                  0.000000    0.000000   clock clk_i (rise edge)
                                  0.000000    0.000000   clock network delay (propagated)
                                  5.000000    5.000000 v input external delay
     1    0.003453    0.150000    0.000000    5.000000 v irq_fast_i[1] (in)
                                                         irq_fast_i[1] (net)
                      0.150104    0.000052    5.000052 v input78/A (sky130_fd_sc_hd__clkdlybuf4s25_1)
     3    0.055510    0.405460    0.567606    5.567659 v input78/X (sky130_fd_sc_hd__clkdlybuf4s25_1)
                                                         net78 (net)
                      0.405490    0.003599    5.571258 v _12019_/B2 (sky130_fd_sc_hd__a22o_2)
     2    0.006917    0.051979    0.375199    5.946456 v _12019_/X (sky130_fd_sc_hd__a22o_2)
                                                         _06377_ (net)
                      0.051979    0.000179    5.946635 v _12022_/A_N (sky130_fd_sc_hd__and3b_2)
     2    0.009295    0.071601    0.252182    6.198817 ^ _12022_/X (sky130_fd_sc_hd__and3b_2)
                                                         _06380_ (net)
                      0.071601    0.000133    6.198950 ^ _12023_/B (sky130_fd_sc_hd__nand2_2)
     3    0.024763    0.106511    0.112180    6.311131 v _12023_/Y (sky130_fd_sc_hd__nand2_2)
                                                         _06381_ (net)
                      0.106517    0.000634    6.311764 v _12032_/A (sky130_fd_sc_hd__or3b_2)
     4    0.038987    0.173899    0.621245    6.933010 v _12032_/X (sky130_fd_sc_hd__or3b_2)
                                                         _06390_ (net)
                      0.174006    0.003845    6.936854 v _12035_/B1 (sky130_fd_sc_hd__a2111o_2)
     4    0.035990    0.153010    0.595079    7.531933 v _12035_/X (sky130_fd_sc_hd__a2111o_2)
                                                         _06393_ (net)
                      0.153135    0.003933    7.535866 v _12037_/B (sky130_fd_sc_hd__or2_2)
     2    0.008968    0.071726    0.337633    7.873499 v _12037_/X (sky130_fd_sc_hd__or2_2)
                                                         u_ibex_top.clock_en (net)
                      0.071726    0.000115    7.873614 v _21716_/D (sky130_fd_sc_hd__dlxtn_1)
                                              7.873614   data arrival time

                                 25.000000   25.000000   clock clk_i (fall edge)
                                  0.000000   25.000000   clock source latency
     2    0.114735    0.000000    0.000000   25.000000 v clk_i (in)
                                                         clk_i (net)
                      0.012307    0.006153   25.006153 v delaybuf_0_clk_i/A (sky130_fd_sc_hd__clkbuf_16)
     1    0.017807    0.033942    0.130500   25.136652 v delaybuf_0_clk_i/X (sky130_fd_sc_hd__clkbuf_16)
                                                         delaynet_0_clk_i (net)
                      0.033965    0.001414   25.138067 v delaybuf_1_clk_i/A (sky130_fd_sc_hd__clkbuf_16)
     1    0.017097    0.033563    0.139384   25.277451 v delaybuf_1_clk_i/X (sky130_fd_sc_hd__clkbuf_16)
                                                         delaynet_1_clk_i (net)
                      0.033584    0.001361   25.278811 v delaybuf_2_clk_i/A (sky130_fd_sc_hd__clkbuf_16)
     1    0.020205    0.035235    0.141567   25.420378 v delaybuf_2_clk_i/X (sky130_fd_sc_hd__clkbuf_16)
                                                         delaynet_2_clk_i (net)
                      0.035335    0.001641   25.422018 v delaybuf_3_clk_i/A (sky130_fd_sc_hd__clkbuf_16)
     1    0.018611    0.034387    0.141116   25.563135 v delaybuf_3_clk_i/X (sky130_fd_sc_hd__clkbuf_16)
                                                         delaynet_3_clk_i (net)
                      0.034414    0.001529   25.564665 v clkbuf_regs_0_clk_i/A (sky130_fd_sc_hd__clkbuf_16)
     1    0.009091    0.029159    0.133429   25.698093 v clkbuf_regs_0_clk_i/X (sky130_fd_sc_hd__clkbuf_16)
                                                         clk_i_regs (net)
                      0.029160    0.000346   25.698441 v clkbuf_0_clk_i_regs/A (sky130_fd_sc_hd__clkbuf_16)
     2    0.017192    0.033555    0.137495   25.835936 v clkbuf_0_clk_i_regs/X (sky130_fd_sc_hd__clkbuf_16)
                                                         clknet_0_clk_i_regs (net)
                      0.033555    0.000377   25.836311 v clkbuf_1_1__f_clk_i_regs/A (sky130_fd_sc_hd__clkbuf_16)
     2    0.006626    0.027601    0.130896   25.967207 v clkbuf_1_1__f_clk_i_regs/X (sky130_fd_sc_hd__clkbuf_16)
                                                         clknet_1_1__leaf_clk_i_regs (net)
                      0.027601    0.000131   25.967339 v _21716_/GATE_N (sky130_fd_sc_hd__dlxtn_1)
                                 -0.250000   25.717340   clock uncertainty
                                  0.000000   25.717340   clock reconvergence pessimism
                                  0.000000   25.717340   time borrowed from endpoint
                                             25.717340   data required time
---------------------------------------------------------------------------------------------
                                             25.717340   data required time
                                             -7.873614   data arrival time
---------------------------------------------------------------------------------------------
                                             17.843725   slack (MET)

Time Borrowing Information
------------------------------------------------
clk_i nominal pulse width              25.000000
clock latency difference               -0.124994
library setup time                     -0.128158
------------------------------------------------
max time borrow                        24.746845
actual time borrow                      0.000000
------------------------------------------------




===========================================================================
report_checks --slack_max -0.01
============================================================================
======================= nom_tt_025C_1v80 Corner ===================================

No paths found.


===========================================================================
 report_check_types -max_slew -max_cap -max_fanout -violators
============================================================================
======================= nom_tt_025C_1v80 Corner ===================================

max slew

Pin                                        Limit        Slew       Slack
------------------------------------------------------------------------
_11945_/A1                              0.750000    1.572592   -0.822592 (VIOLATED)
_11257_/A1                              0.750000    1.572564   -0.822564 (VIOLATED)
_09965_/A1                              0.750000    1.572561   -0.822561 (VIOLATED)
_09962_/B1                              0.750000    1.572555   -0.822555 (VIOLATED)
_18423_/B2                              0.750000    1.572534   -0.822534 (VIOLATED)
_09971_/C                               0.750000    1.572497   -0.822497 (VIOLATED)
_09972_/D                               0.750000    1.572466   -0.822466 (VIOLATED)
_12133_/B                               0.750000    1.572384   -0.822385 (VIOLATED)
_12006_/B                               0.750000    1.572367   -0.822367 (VIOLATED)
_12045_/B                               0.750000    1.572332   -0.822332 (VIOLATED)
fanout1913/X                            0.750000    1.572328   -0.822328 (VIOLATED)
_18418_/B2                              0.750000    1.356526   -0.606526 (VIOLATED)
_11885_/A1                              0.750000    1.356482   -0.606482 (VIOLATED)
_10303_/A1                              0.750000    1.356443   -0.606443 (VIOLATED)
_10304_/A1                              0.750000    1.356437   -0.606437 (VIOLATED)
_09985_/S                               0.750000    1.356071   -0.606071 (VIOLATED)
_09987_/C                               0.750000    1.355924   -0.605925 (VIOLATED)
_09972_/C                               0.750000    1.355543   -0.605543 (VIOLATED)
ANTENNA_112/DIODE                       0.750000    1.355539   -0.605539 (VIOLATED)
_12006_/A                               0.750000    1.354829   -0.604829 (VIOLATED)
_12045_/A                               0.750000    1.354640   -0.604640 (VIOLATED)
_12052_/B                               0.750000    1.354499   -0.604499 (VIOLATED)
fanout1915/X                            0.750000    1.354493   -0.604493 (VIOLATED)
_11439_/A                               0.750000    1.318778   -0.568778 (VIOLATED)
_10574_/A1                              0.750000    1.318770   -0.568770 (VIOLATED)
_11124_/D1                              0.750000    1.318751   -0.568752 (VIOLATED)
_10455_/C                               0.750000    1.318727   -0.568728 (VIOLATED)
_10699_/D1                              0.750000    1.318728   -0.568728 (VIOLATED)
_10458_/C                               0.750000    1.318719   -0.568719 (VIOLATED)
fanout1949/X                            0.750000    1.318716   -0.568716 (VIOLATED)
_10021_/B1                              0.750000    1.315899   -0.565899 (VIOLATED)
_10017_/A1                              0.750000    1.315891   -0.565891 (VIOLATED)
_09978_/A_N                             0.750000    1.315880   -0.565880 (VIOLATED)
_09982_/C                               0.750000    1.315861   -0.565861 (VIOLATED)
_09987_/D_N                             0.750000    1.315853   -0.565853 (VIOLATED)
_09975_/A                               0.750000    1.315778   -0.565778 (VIOLATED)
_09974_/A                               0.750000    1.315683   -0.565683 (VIOLATED)
_09980_/B                               0.750000    1.315632   -0.565632 (VIOLATED)
_18310_/A0                              0.750000    1.315255   -0.565255 (VIOLATED)
_19546_/A1                              0.750000    1.315236   -0.565236 (VIOLATED)
fanout2294/X                            0.750000    1.315236   -0.565236 (VIOLATED)
_12164_/B                               0.750000    1.259570   -0.509570 (VIOLATED)
_12703_/A                               0.750000    1.259562   -0.509562 (VIOLATED)
_12688_/A                               0.750000    1.259561   -0.509561 (VIOLATED)
_12698_/A                               0.750000    1.259558   -0.509558 (VIOLATED)
_11516_/A2                              0.750000    1.259138   -0.509138 (VIOLATED)
_11510_/A2                              0.750000    1.259135   -0.509135 (VIOLATED)
_11323_/A2                              0.750000    1.259081   -0.509081 (VIOLATED)
_11321_/A2                              0.750000    1.259068   -0.509068 (VIOLATED)
_11325_/A2                              0.750000    1.259013   -0.509013 (VIOLATED)
_11319_/A2                              0.750000    1.259007   -0.509007 (VIOLATED)
fanout1781/X                            0.750000    1.259007   -0.509007 (VIOLATED)
_12676_/A                               0.750000    1.248019   -0.498019 (VIOLATED)
_12679_/A                               0.750000    1.248015   -0.498015 (VIOLATED)
_12678_/A                               0.750000    1.248008   -0.498008 (VIOLATED)
_11511_/A2                              0.750000    1.247773   -0.497773 (VIOLATED)
_11871_/A2                              0.750000    1.247769   -0.497769 (VIOLATED)
_11517_/A2                              0.750000    1.247768   -0.497768 (VIOLATED)
_11322_/A2                              0.750000    1.247748   -0.497748 (VIOLATED)
_11324_/A2                              0.750000    1.247739   -0.497739 (VIOLATED)
_11326_/A2                              0.750000    1.247735   -0.497735 (VIOLATED)
_11320_/A2                              0.750000    1.247733   -0.497733 (VIOLATED)
fanout1764/X                            0.750000    1.247731   -0.497731 (VIOLATED)
_18275_/A1                              0.750000    1.230826   -0.480826 (VIOLATED)
_12798_/A3                              0.750000    1.230819   -0.480819 (VIOLATED)
_18029_/A1                              0.750000    1.230803   -0.480803 (VIOLATED)
_17898_/B2                              0.750000    1.230691   -0.480691 (VIOLATED)
_18217_/A1                              0.750000    1.230662   -0.480663 (VIOLATED)
_17908_/A0                              0.750000    1.230425   -0.480424 (VIOLATED)
_17650_/B2                              0.750000    1.229659   -0.479659 (VIOLATED)
_17398_/A1                              0.750000    1.229540   -0.479540 (VIOLATED)
_17789_/A1                              0.750000    1.229446   -0.479446 (VIOLATED)
_17526_/A1                              0.750000    1.229418   -0.479418 (VIOLATED)
fanout1024/X                            0.750000    1.229412   -0.479412 (VIOLATED)
_13021_/A2                              0.750000    1.229112   -0.479112 (VIOLATED)
_13033_/B1                              0.750000    1.229104   -0.479104 (VIOLATED)
_13088_/B1                              0.750000    1.229074   -0.479074 (VIOLATED)
fanout1282/A                            0.750000    1.229006   -0.479006 (VIOLATED)
_13120_/A2                              0.750000    1.228992   -0.478992 (VIOLATED)
_12776_/A2                              0.750000    1.228975   -0.478975 (VIOLATED)
_12951_/A2                              0.750000    1.228946   -0.478946 (VIOLATED)
_12923_/A2                              0.750000    1.228946   -0.478946 (VIOLATED)
_12939_/B1                              0.750000    1.228944   -0.478944 (VIOLATED)
_12979_/A2                              0.750000    1.228944   -0.478944 (VIOLATED)
fanout1283/X                            0.750000    1.228944   -0.478944 (VIOLATED)
_13899_/D                               0.750000    1.220687   -0.470687 (VIOLATED)
_14541_/C1                              0.750000    1.220639   -0.470639 (VIOLATED)
_14142_/D1                              0.750000    1.220554   -0.470554 (VIOLATED)
_13452_/C                               0.750000    1.220523   -0.470523 (VIOLATED)
fanout1545/A                            0.750000    1.219162   -0.469162 (VIOLATED)
fanout1544/A                            0.750000    1.218880   -0.468880 (VIOLATED)
fanout1546/X                            0.750000    1.218878   -0.468878 (VIOLATED)
_16375_/S                               0.750000    1.210369   -0.460369 (VIOLATED)
_16388_/S                               0.750000    1.210358   -0.460358 (VIOLATED)
_16376_/S                               0.750000    1.210349   -0.460349 (VIOLATED)
_16384_/S                               0.750000    1.210322   -0.460322 (VIOLATED)
_16387_/S                               0.750000    1.210304   -0.460304 (VIOLATED)
_16380_/S                               0.750000    1.210296   -0.460296 (VIOLATED)
_16378_/S                               0.750000    1.210295   -0.460295 (VIOLATED)
_16379_/S                               0.750000    1.210293   -0.460293 (VIOLATED)
fanout860/X                             0.750000    1.210287   -0.460287 (VIOLATED)
_12263_/A                               0.750000    1.184407   -0.434407 (VIOLATED)
fanout1700/A                            0.750000    1.184350   -0.434350 (VIOLATED)
ANTENNA_51/DIODE                        0.750000    1.184108   -0.434108 (VIOLATED)
_14776_/A                               0.750000    1.184108   -0.434108 (VIOLATED)
_10565_/A                               0.750000    1.183860   -0.433860 (VIOLATED)
_10564_/A                               0.750000    1.183859   -0.433859 (VIOLATED)
_12072_/B1                              0.750000    1.183858   -0.433858 (VIOLATED)
_09985_/A1                              0.750000    1.183857   -0.433857 (VIOLATED)
_10022_/A                               0.750000    1.183852   -0.433852 (VIOLATED)
fanout1701/X                            0.750000    1.183846   -0.433846 (VIOLATED)
_12701_/A                               0.750000    1.165745   -0.415745 (VIOLATED)
_12702_/A                               0.750000    1.165741   -0.415741 (VIOLATED)
_12690_/A                               0.750000    1.165726   -0.415726 (VIOLATED)
_12143_/A                               0.750000    1.165708   -0.415708 (VIOLATED)
_12162_/A                               0.750000    1.165705   -0.415705 (VIOLATED)
_11875_/B1                              0.750000    1.165175   -0.415175 (VIOLATED)
_11871_/B1                              0.750000    1.165173   -0.415173 (VIOLATED)
fanout1756/A                            0.750000    1.165166   -0.415166 (VIOLATED)
fanout1757/X                            0.750000    1.165156   -0.415156 (VIOLATED)
_13089_/C1                              0.750000    1.162016   -0.412016 (VIOLATED)
_13075_/C1                              0.750000    1.161998   -0.411998 (VIOLATED)
_12765_/C1                              0.750000    1.161929   -0.411929 (VIOLATED)
fanout1277/A                            0.750000    1.161926   -0.411926 (VIOLATED)
_12778_/C1                              0.750000    1.161923   -0.411923 (VIOLATED)
_12806_/B                               0.750000    1.161878   -0.411878 (VIOLATED)
_12845_/C1                              0.750000    1.161877   -0.411877 (VIOLATED)
_12883_/B1                              0.750000    1.161751   -0.411751 (VIOLATED)
_12898_/B1                              0.750000    1.161750   -0.411750 (VIOLATED)
_12872_/B1                              0.750000    1.161748   -0.411748 (VIOLATED)
fanout1278/X                            0.750000    1.161746   -0.411746 (VIOLATED)
_15169_/A2                              0.750000    1.149144   -0.399144 (VIOLATED)
_15168_/A2                              0.750000    1.149135   -0.399135 (VIOLATED)
_15472_/A2                              0.750000    1.149131   -0.399131 (VIOLATED)
_15571_/B                               0.750000    1.149130   -0.399130 (VIOLATED)
_14831_/A2                              0.750000    1.149085   -0.399085 (VIOLATED)
_13902_/B                               0.750000    1.148974   -0.398974 (VIOLATED)
_14463_/A2                              0.750000    1.148947   -0.398947 (VIOLATED)
_13901_/B                               0.750000    1.148944   -0.398944 (VIOLATED)
_13903_/A2                              0.750000    1.148930   -0.398930 (VIOLATED)
_13904_/A2                              0.750000    1.148928   -0.398928 (VIOLATED)
fanout1237/X                            0.750000    1.148922   -0.398922 (VIOLATED)
_18404_/B1                              0.750000    1.137993   -0.387993 (VIOLATED)
_18399_/A                               0.750000    1.137991   -0.387991 (VIOLATED)
_18387_/B1                              0.750000    1.137985   -0.387985 (VIOLATED)
_18353_/B1                              0.750000    1.137913   -0.387913 (VIOLATED)
_18348_/A                               0.750000    1.137906   -0.387906 (VIOLATED)
_18365_/A                               0.750000    1.137867   -0.387867 (VIOLATED)
_18337_/C                               0.750000    1.137793   -0.387793 (VIOLATED)
_18264_/A                               0.750000    1.137772   -0.387772 (VIOLATED)
_12398_/B                               0.750000    1.137703   -0.387703 (VIOLATED)
_11991_/C                               0.750000    1.137681   -0.387681 (VIOLATED)
fanout1588/X                            0.750000    1.137674   -0.387674 (VIOLATED)
_09935_/A1                              0.750000    1.126483   -0.376483 (VIOLATED)
_09914_/A                               0.750000    1.126480   -0.376480 (VIOLATED)
_09936_/A1                              0.750000    1.126471   -0.376471 (VIOLATED)
_09947_/A_N                             0.750000    1.126411   -0.376411 (VIOLATED)
_09938_/A                               0.750000    1.126410   -0.376410 (VIOLATED)
_09928_/C                               0.750000    1.126383   -0.376383 (VIOLATED)
_09929_/C                               0.750000    1.126361   -0.376361 (VIOLATED)
_09997_/A1                              0.750000    1.126291   -0.376291 (VIOLATED)
_18266_/A0                              0.750000    1.124924   -0.374924 (VIOLATED)
_19504_/A                               0.750000    1.124883   -0.374883 (VIOLATED)
fanout2307/X                            0.750000    1.124870   -0.374870 (VIOLATED)
_11615_/A1                              0.750000    1.120005   -0.370005 (VIOLATED)
_11614_/A1                              0.750000    1.120000   -0.370000 (VIOLATED)
_11154_/B1                              0.750000    1.119973   -0.369973 (VIOLATED)
_11556_/A1                              0.750000    1.119955   -0.369955 (VIOLATED)
_11557_/A1                              0.750000    1.119955   -0.369955 (VIOLATED)
_11898_/B1                              0.750000    1.119884   -0.369884 (VIOLATED)
_11834_/B1                              0.750000    1.119833   -0.369833 (VIOLATED)
_10665_/B1                              0.750000    1.119831   -0.369831 (VIOLATED)
_10783_/B1                              0.750000    1.119822   -0.369822 (VIOLATED)
_10727_/B1                              0.750000    1.119815   -0.369815 (VIOLATED)
fanout1853/X                            0.750000    1.119815   -0.369815 (VIOLATED)
_10574_/B2                              0.750000    1.116942   -0.366942 (VIOLATED)
_13306_/B                               0.750000    1.116880   -0.366880 (VIOLATED)
_16394_/B                               0.750000    1.116876   -0.366876 (VIOLATED)
_16562_/B                               0.750000    1.116850   -0.366850 (VIOLATED)
_13305_/B                               0.750000    1.116848   -0.366848 (VIOLATED)
_16393_/B                               0.750000    1.116836   -0.366836 (VIOLATED)
_16596_/B                               0.750000    1.116787   -0.366787 (VIOLATED)
_12065_/D                               0.750000    1.116734   -0.366734 (VIOLATED)
_18296_/A0                              0.750000    1.115851   -0.365851 (VIOLATED)
_19532_/A1                              0.750000    1.115789   -0.365789 (VIOLATED)
fanout2301/X                            0.750000    1.115789   -0.365789 (VIOLATED)
fanout1987/A                            0.750000    1.105614   -0.355614 (VIOLATED)
fanout1985/A                            0.750000    1.105590   -0.355590 (VIOLATED)
fanout1992/A                            0.750000    1.105540   -0.355540 (VIOLATED)
fanout2024/A                            0.750000    1.105522   -0.355522 (VIOLATED)
fanout2003/A                            0.750000    1.105514   -0.355514 (VIOLATED)
fanout2019/A                            0.750000    1.105508   -0.355508 (VIOLATED)
fanout2013/A                            0.750000    1.105485   -0.355485 (VIOLATED)
fanout2026/X                            0.750000    1.105478   -0.355478 (VIOLATED)
_18268_/A1                              0.750000    1.103321   -0.353321 (VIOLATED)
_18026_/A1                              0.750000    1.103316   -0.353316 (VIOLATED)
_12783_/A3                              0.750000    1.103315   -0.353314 (VIOLATED)
_17895_/A1                              0.750000    1.103287   -0.353287 (VIOLATED)
_17940_/A0                              0.750000    1.103281   -0.353281 (VIOLATED)
_17522_/A1                              0.750000    1.103263   -0.353263 (VIOLATED)
_17785_/A1                              0.750000    1.103259   -0.353259 (VIOLATED)
_17394_/A1                              0.750000    1.103253   -0.353253 (VIOLATED)
_17646_/B1                              0.750000    1.103244   -0.353244 (VIOLATED)
_17907_/A0                              0.750000    1.103219   -0.353219 (VIOLATED)
fanout1025/X                            0.750000    1.103216   -0.353216 (VIOLATED)
_18059_/A2                              0.750000    1.102377   -0.352377 (VIOLATED)
_18000_/B1                              0.750000    1.102372   -0.352372 (VIOLATED)
_18050_/A2                              0.750000    1.102369   -0.352369 (VIOLATED)
_17970_/C1                              0.750000    1.102365   -0.352365 (VIOLATED)
_18006_/C1                              0.750000    1.102356   -0.352356 (VIOLATED)
_18038_/A2                              0.750000    1.102341   -0.352341 (VIOLATED)
_18041_/A2                              0.750000    1.102318   -0.352318 (VIOLATED)
_17975_/A2                              0.750000    1.102308   -0.352308 (VIOLATED)
_18013_/B1                              0.750000    1.102248   -0.352248 (VIOLATED)
_17997_/A2                              0.750000    1.102218   -0.352218 (VIOLATED)
fanout1140/X                            0.750000    1.102208   -0.352208 (VIOLATED)
_11239_/A                               0.750000    1.100078   -0.350078 (VIOLATED)
_11369_/A1                              0.750000    1.100073   -0.350074 (VIOLATED)
_10088_/A1                              0.750000    1.100062   -0.350062 (VIOLATED)
_11172_/A                               0.750000    1.100053   -0.350053 (VIOLATED)
_10391_/A                               0.750000    1.099905   -0.349906 (VIOLATED)
_10274_/A                               0.750000    1.099904   -0.349904 (VIOLATED)
_10924_/A                               0.750000    1.099837   -0.349837 (VIOLATED)
_10621_/A                               0.750000    1.099784   -0.349784 (VIOLATED)
_10874_/A                               0.750000    1.099769   -0.349769 (VIOLATED)
_10683_/A                               0.750000    1.099735   -0.349735 (VIOLATED)
fanout1900/X                            0.750000    1.099735   -0.349735 (VIOLATED)
_12063_/A                               0.750000    1.094678   -0.344678 (VIOLATED)
_12061_/A                               0.750000    1.094677   -0.344677 (VIOLATED)
_12057_/A                               0.750000    1.094669   -0.344670 (VIOLATED)
_12139_/A1                              0.750000    1.094626   -0.344626 (VIOLATED)
_11321_/B1                              0.750000    1.094382   -0.344382 (VIOLATED)
_11510_/B1                              0.750000    1.094369   -0.344369 (VIOLATED)
_11323_/B1                              0.750000    1.094368   -0.344369 (VIOLATED)
_11516_/B1                              0.750000    1.094368   -0.344368 (VIOLATED)
_11325_/B1                              0.750000    1.094350   -0.344350 (VIOLATED)
_11319_/B1                              0.750000    1.094349   -0.344349 (VIOLATED)
fanout1773/X                            0.750000    1.094347   -0.344347 (VIOLATED)
_09843_/A                               0.750000    1.093714   -0.343714 (VIOLATED)
_18618_/A1                              0.750000    1.093673   -0.343673 (VIOLATED)
_18621_/A1                              0.750000    1.093670   -0.343670 (VIOLATED)
_18617_/A1                              0.750000    1.093669   -0.343669 (VIOLATED)
_13463_/A                               0.750000    1.093659   -0.343659 (VIOLATED)
_16257_/A1                              0.750000    1.093657   -0.343657 (VIOLATED)
_14410_/A1                              0.750000    1.093624   -0.343624 (VIOLATED)
_12348_/A                               0.750000    1.093622   -0.343622 (VIOLATED)
_10021_/A2                              0.750000    1.092962   -0.342962 (VIOLATED)
fanout2287/A                            0.750000    1.092736   -0.342737 (VIOLATED)
fanout2288/X                            0.750000    1.092731   -0.342731 (VIOLATED)
_12805_/B1                              0.750000    1.091565   -0.341565 (VIOLATED)
_12873_/B1                              0.750000    1.091537   -0.341537 (VIOLATED)
_12899_/B1                              0.750000    1.091537   -0.341537 (VIOLATED)
_12841_/B1                              0.750000    1.091504   -0.341504 (VIOLATED)
_12777_/B1                              0.750000    1.091428   -0.341428 (VIOLATED)
_12765_/A2                              0.750000    1.091422   -0.341422 (VIOLATED)
_12720_/A2                              0.750000    1.091396   -0.341396 (VIOLATED)
fanout1280/A                            0.750000    1.091248   -0.341248 (VIOLATED)
fanout1281/X                            0.750000    1.091238   -0.341238 (VIOLATED)
_15455_/A                               0.750000    1.089309   -0.339309 (VIOLATED)
_15647_/A                               0.750000    1.089292   -0.339292 (VIOLATED)
_15648_/A                               0.750000    1.089291   -0.339291 (VIOLATED)
_15552_/A                               0.750000    1.089260   -0.339260 (VIOLATED)
_15256_/A                               0.750000    1.089227   -0.339227 (VIOLATED)
_15156_/A                               0.750000    1.089096   -0.339096 (VIOLATED)
_15039_/A                               0.750000    1.089049   -0.339049 (VIOLATED)
_14013_/B                               0.750000    1.088774   -0.338774 (VIOLATED)
_14014_/C                               0.750000    1.088774   -0.338774 (VIOLATED)
_14099_/A2                              0.750000    1.088771   -0.338771 (VIOLATED)
fanout1160/X                            0.750000    1.088766   -0.338766 (VIOLATED)
_14955_/A2                              0.750000    1.086317   -0.336317 (VIOLATED)
_14592_/A2                              0.750000    1.086305   -0.336305 (VIOLATED)
_14593_/A2                              0.750000    1.086291   -0.336291 (VIOLATED)
_13581_/B                               0.750000    1.086220   -0.336220 (VIOLATED)
_14002_/A2                              0.750000    1.086100   -0.336100 (VIOLATED)
_14001_/A2                              0.750000    1.086095   -0.336095 (VIOLATED)
_13767_/A2                              0.750000    1.085865   -0.335865 (VIOLATED)
_13583_/A2                              0.750000    1.085819   -0.335819 (VIOLATED)
_13584_/A2                              0.750000    1.085820   -0.335820 (VIOLATED)
_13582_/B                               0.750000    1.085773   -0.335773 (VIOLATED)
fanout1255/X                            0.750000    1.085769   -0.335769 (VIOLATED)
_10651_/B2                              0.750000    1.082613   -0.332613 (VIOLATED)
_16393_/A                               0.750000    1.082584   -0.332584 (VIOLATED)
_13306_/A_N                             0.750000    1.082579   -0.332579 (VIOLATED)
_13305_/A_N                             0.750000    1.082578   -0.332578 (VIOLATED)
_16394_/A                               0.750000    1.082576   -0.332576 (VIOLATED)
_16562_/A                               0.750000    1.082574   -0.332575 (VIOLATED)
_16596_/A                               0.750000    1.082523   -0.332523 (VIOLATED)
_12065_/C                               0.750000    1.082500   -0.332500 (VIOLATED)
_18288_/A0                              0.750000    1.082197   -0.332197 (VIOLATED)
_19526_/A1                              0.750000    1.082112   -0.332112 (VIOLATED)
fanout2302/X                            0.750000    1.082108   -0.332108 (VIOLATED)
_13095_/A3                              0.750000    1.076589   -0.326589 (VIOLATED)
_18095_/A1                              0.750000    1.076588   -0.326588 (VIOLATED)
_13150_/A1                              0.750000    1.076587   -0.326587 (VIOLATED)
_18413_/A1                              0.750000    1.076543   -0.326543 (VIOLATED)
_17482_/A1                              0.750000    1.076375   -0.326375 (VIOLATED)
_17746_/A1                              0.750000    1.076372   -0.326372 (VIOLATED)
_17873_/A1                              0.750000    1.076363   -0.326363 (VIOLATED)
_17608_/A1                              0.750000    1.076353   -0.326353 (VIOLATED)
_17963_/A0                              0.750000    1.076270   -0.326270 (VIOLATED)
_17930_/A0                              0.750000    1.076260   -0.326260 (VIOLATED)
fanout926/X                             0.750000    1.076257   -0.326257 (VIOLATED)
_13253_/D                               0.750000    1.069821   -0.319821 (VIOLATED)
_17498_/A1                              0.750000    1.069821   -0.319821 (VIOLATED)
_17975_/B2                              0.750000    1.069820   -0.319820 (VIOLATED)
_18225_/A1                              0.750000    1.069811   -0.319811 (VIOLATED)
_17370_/A1                              0.750000    1.069810   -0.319810 (VIOLATED)
_18123_/A0                              0.750000    1.069795   -0.319795 (VIOLATED)
_13296_/A0                              0.750000    1.069743   -0.319743 (VIOLATED)
_13289_/A0                              0.750000    1.069725   -0.319725 (VIOLATED)
_17901_/A0                              0.750000    1.069721   -0.319721 (VIOLATED)
_17934_/A0                              0.750000    1.069720   -0.319720 (VIOLATED)
fanout1020/X                            0.750000    1.069714   -0.319714 (VIOLATED)
_10649_/A1                              0.750000    1.068792   -0.318792 (VIOLATED)
_11381_/A                               0.750000    1.068765   -0.318765 (VIOLATED)
_11124_/B1                              0.750000    1.068725   -0.318725 (VIOLATED)
_10699_/B1                              0.750000    1.068675   -0.318675 (VIOLATED)
_10455_/B                               0.750000    1.068658   -0.318658 (VIOLATED)
_10458_/B                               0.750000    1.068650   -0.318650 (VIOLATED)
fanout1953/X                            0.750000    1.068642   -0.318642 (VIOLATED)
_12494_/A2                              0.750000    1.067767   -0.317767 (VIOLATED)
_12473_/A2                              0.750000    1.067743   -0.317744 (VIOLATED)
_12436_/A2                              0.750000    1.067742   -0.317742 (VIOLATED)
_12445_/A2                              0.750000    1.067740   -0.317740 (VIOLATED)
_12441_/B1                              0.750000    1.067730   -0.317730 (VIOLATED)
_12462_/A2                              0.750000    1.067715   -0.317715 (VIOLATED)
_12457_/A2                              0.750000    1.067713   -0.317713 (VIOLATED)
_12452_/B1                              0.750000    1.067603   -0.317603 (VIOLATED)
_12490_/B1                              0.750000    1.067520   -0.317520 (VIOLATED)
_19045_/B1                              0.750000    1.067471   -0.317471 (VIOLATED)
fanout1031/X                            0.750000    1.067471   -0.317471 (VIOLATED)
_14746_/A                               0.750000    1.056259   -0.306259 (VIOLATED)
_14790_/A2                              0.750000    1.056259   -0.306259 (VIOLATED)
_09959_/B1                              0.750000    1.056222   -0.306222 (VIOLATED)
_12090_/A                               0.750000    1.056111   -0.306111 (VIOLATED)
_09976_/A                               0.750000    1.056111   -0.306110 (VIOLATED)
_09917_/B                               0.750000    1.056105   -0.306105 (VIOLATED)
_09994_/A                               0.750000    1.056092   -0.306092 (VIOLATED)
_10017_/A2                              0.750000    1.056067   -0.306067 (VIOLATED)
fanout1822/A                            0.750000    1.055717   -0.305717 (VIOLATED)
fanout1823/X                            0.750000    1.055713   -0.305713 (VIOLATED)
_17514_/A1                              0.750000    1.049240   -0.299240 (VIOLATED)
_17777_/A1                              0.750000    1.049234   -0.299234 (VIOLATED)
_17387_/A1                              0.750000    1.049213   -0.299213 (VIOLATED)
ANTENNA_94/DIODE                        0.750000    1.049195   -0.299195 (VIOLATED)
_17638_/B2                              0.750000    1.049185   -0.299185 (VIOLATED)
_18020_/A1                              0.750000    1.049024   -0.299024 (VIOLATED)
_12756_/A3                              0.750000    1.049021   -0.299021 (VIOLATED)
_18254_/A1                              0.750000    1.049017   -0.299017 (VIOLATED)
_17938_/A0                              0.750000    1.048990   -0.298990 (VIOLATED)
_17996_/B2                              0.750000    1.048978   -0.298978 (VIOLATED)
_18127_/A0                              0.750000    1.048972   -0.298973 (VIOLATED)
fanout1026/X                            0.750000    1.048967   -0.298967 (VIOLATED)
_18610_/A2                              0.750000    1.044615   -0.294615 (VIOLATED)
_18609_/A                               0.750000    1.044613   -0.294613 (VIOLATED)
_18974_/S                               0.750000    1.044531   -0.294531 (VIOLATED)
_18972_/S                               0.750000    1.044501   -0.294501 (VIOLATED)
_18990_/S                               0.750000    1.044441   -0.294441 (VIOLATED)
_18996_/S                               0.750000    1.044338   -0.294338 (VIOLATED)
fanout1206/A                            0.750000    1.044313   -0.294313 (VIOLATED)
_19031_/S                               0.750000    1.044310   -0.294310 (VIOLATED)
fanout1207/X                            0.750000    1.044309   -0.294309 (VIOLATED)
_10460_/A2                              0.750000    1.033679   -0.283679 (VIOLATED)
_11511_/B1                              0.750000    1.033657   -0.283657 (VIOLATED)
_11517_/B1                              0.750000    1.033634   -0.283634 (VIOLATED)
_11129_/A2                              0.750000    1.033629   -0.283629 (VIOLATED)
_11322_/B1                              0.750000    1.033582   -0.283582 (VIOLATED)
_11320_/B1                              0.750000    1.033580   -0.283580 (VIOLATED)
_11324_/B1                              0.750000    1.033578   -0.283578 (VIOLATED)
_11326_/B1                              0.750000    1.033575   -0.283575 (VIOLATED)
_10885_/A2                              0.750000    1.033553   -0.283553 (VIOLATED)
_10704_/A2                              0.750000    1.033531   -0.283531 (VIOLATED)
fanout1756/X                            0.750000    1.033529   -0.283529 (VIOLATED)
_14955_/A1                              0.750000    1.020893   -0.270893 (VIOLATED)
_14592_/A1                              0.750000    1.020883   -0.270883 (VIOLATED)
_14593_/A1                              0.750000    1.020873   -0.270873 (VIOLATED)
_13581_/A                               0.750000    1.020820   -0.270820 (VIOLATED)
_14002_/A1                              0.750000    1.020711   -0.270711 (VIOLATED)
_14001_/A1                              0.750000    1.020703   -0.270703 (VIOLATED)
_13582_/A                               0.750000    1.020575   -0.270575 (VIOLATED)
_13767_/A1                              0.750000    1.020545   -0.270545 (VIOLATED)
_13584_/A1                              0.750000    1.020523   -0.270523 (VIOLATED)
_13583_/A1                              0.750000    1.020523   -0.270523 (VIOLATED)
fanout1256/X                            0.750000    1.020520   -0.270520 (VIOLATED)
_18382_/B1                              0.750000    1.016474   -0.266474 (VIOLATED)
_18394_/B                               0.750000    1.016473   -0.266473 (VIOLATED)
_18377_/B                               0.750000    1.016432   -0.266432 (VIOLATED)
_18370_/B1                              0.750000    1.016424   -0.266424 (VIOLATED)
_18360_/C                               0.750000    1.016421   -0.266421 (VIOLATED)
_18329_/B1                              0.750000    1.016343   -0.266343 (VIOLATED)
_18335_/B1                              0.750000    1.016338   -0.266339 (VIOLATED)
_18343_/B                               0.750000    1.016326   -0.266326 (VIOLATED)
fanout1589/A                            0.750000    1.016028   -0.266028 (VIOLATED)
fanout1590/A                            0.750000    1.016007   -0.266007 (VIOLATED)
fanout1591/X                            0.750000    1.016004   -0.266004 (VIOLATED)
_15920_/A                               0.750000    1.011910   -0.261910 (VIOLATED)
_15919_/A                               0.750000    1.011909   -0.261909 (VIOLATED)
_15839_/A                               0.750000    1.011883   -0.261883 (VIOLATED)
_15742_/A                               0.750000    1.011856   -0.261856 (VIOLATED)
_15657_/A                               0.750000    1.011830   -0.261830 (VIOLATED)
_15563_/A                               0.750000    1.011791   -0.261791 (VIOLATED)
_15373_/B                               0.750000    1.011742   -0.261742 (VIOLATED)
_15268_/B                               0.750000    1.011708   -0.261708 (VIOLATED)
_15167_/B                               0.750000    1.011611   -0.261611 (VIOLATED)
_14283_/B                               0.750000    1.011313   -0.261313 (VIOLATED)
fanout1158/X                            0.750000    1.011308   -0.261308 (VIOLATED)
_17474_/A1                              0.750000    1.006014   -0.256014 (VIOLATED)
_17601_/A                               0.750000    1.005993   -0.255993 (VIOLATED)
_18088_/B2                              0.750000    1.005917   -0.255917 (VIOLATED)
_13068_/A3                              0.750000    1.005916   -0.255916 (VIOLATED)
_18402_/A1                              0.750000    1.005915   -0.255915 (VIOLATED)
_17961_/A0                              0.750000    1.005913   -0.255913 (VIOLATED)
_18115_/A0                              0.750000    1.005909   -0.255909 (VIOLATED)
_13148_/A1                              0.750000    1.005907   -0.255907 (VIOLATED)
_18150_/A0                              0.750000    1.005908   -0.255908 (VIOLATED)
_17928_/A0                              0.750000    1.005905   -0.255905 (VIOLATED)
fanout928/X                             0.750000    1.005905   -0.255905 (VIOLATED)
_11716_/B1                              0.750000    1.005453   -0.255453 (VIOLATED)
_11775_/B1                              0.750000    1.005425   -0.255425 (VIOLATED)
_10199_/B1                              0.750000    1.005383   -0.255383 (VIOLATED)
fanout2158/A                            0.750000    1.005317   -0.255317 (VIOLATED)
fanout2147/A                            0.750000    1.005291   -0.255291 (VIOLATED)
fanout2152/A                            0.750000    1.005280   -0.255280 (VIOLATED)
_10081_/A                               0.750000    1.005265   -0.255265 (VIOLATED)
fanout2154/A                            0.750000    1.005254   -0.255254 (VIOLATED)
_10159_/A1                              0.750000    1.005215   -0.255215 (VIOLATED)
fanout2151/A                            0.750000    1.005174   -0.255174 (VIOLATED)
_10861_/B1                              0.750000    1.005132   -0.255132 (VIOLATED)
_10992_/A1                              0.750000    1.005113   -0.255113 (VIOLATED)
_11472_/B1                              0.750000    1.005098   -0.255098 (VIOLATED)
fanout1854/X                            0.750000    1.005098   -0.255098 (VIOLATED)
fanout2141/A                            0.750000    1.005059   -0.255059 (VIOLATED)
fanout2160/X                            0.750000    1.005055   -0.255055 (VIOLATED)
_13901_/A                               0.750000    0.996100   -0.246100 (VIOLATED)
_15169_/A1                              0.750000    0.996034   -0.246034 (VIOLATED)
_15571_/A                               0.750000    0.996003   -0.246003 (VIOLATED)
_15472_/A1                              0.750000    0.996002   -0.246002 (VIOLATED)
_15168_/A1                              0.750000    0.995986   -0.245986 (VIOLATED)
_14831_/A1                              0.750000    0.995836   -0.245836 (VIOLATED)
_13902_/A                               0.750000    0.995586   -0.245586 (VIOLATED)
_14463_/A1                              0.750000    0.995526   -0.245526 (VIOLATED)
_13903_/A1                              0.750000    0.995456   -0.245456 (VIOLATED)
_13904_/A1                              0.750000    0.995455   -0.245455 (VIOLATED)
fanout1238/X                            0.750000    0.995452   -0.245452 (VIOLATED)
_17510_/A1                              0.750000    0.994848   -0.244848 (VIOLATED)
_17383_/A1                              0.750000    0.994839   -0.244839 (VIOLATED)
_12744_/A3                              0.750000    0.994767   -0.244767 (VIOLATED)
_17989_/A                               0.750000    0.994767   -0.244767 (VIOLATED)
_18247_/A1                              0.750000    0.994765   -0.244765 (VIOLATED)
_17937_/A0                              0.750000    0.994739   -0.244739 (VIOLATED)
_17904_/A0                              0.750000    0.994737   -0.244737 (VIOLATED)
_18126_/A0                              0.750000    0.994733   -0.244733 (VIOLATED)
_18220_/B1                              0.750000    0.994723   -0.244723 (VIOLATED)
_18121_/A0                              0.750000    0.994716   -0.244716 (VIOLATED)
fanout1027/X                            0.750000    0.994711   -0.244711 (VIOLATED)
_18032_/A1                              0.750000    0.993583   -0.243584 (VIOLATED)
_12813_/A3                              0.750000    0.993581   -0.243581 (VIOLATED)
_18283_/A1                              0.750000    0.993578   -0.243578 (VIOLATED)
_18131_/A0                              0.750000    0.993572   -0.243572 (VIOLATED)
ANTENNA_107/DIODE                       0.750000    0.993563   -0.243563 (VIOLATED)
fanout1423/A                            0.750000    0.993563   -0.243563 (VIOLATED)
_13129_/A1                              0.750000    0.993559   -0.243559 (VIOLATED)
_17530_/A1                              0.750000    0.993549   -0.243549 (VIOLATED)
_17793_/A1                              0.750000    0.993546   -0.243546 (VIOLATED)
_17402_/A1                              0.750000    0.993539   -0.243539 (VIOLATED)
_17655_/A1                              0.750000    0.993527   -0.243527 (VIOLATED)
_14051_/A1                              0.750000    0.993476   -0.243476 (VIOLATED)
ANTENNA_106/DIODE                       0.750000    0.993474   -0.243474 (VIOLATED)
_17909_/A0                              0.750000    0.993471   -0.243471 (VIOLATED)
fanout1023/X                            0.750000    0.993467   -0.243467 (VIOLATED)
_14136_/A1                              0.750000    0.993348   -0.243348 (VIOLATED)
_13303_/A                               0.750000    0.993294   -0.243294 (VIOLATED)
_13304_/A                               0.750000    0.993275   -0.243275 (VIOLATED)
fanout1424/X                            0.750000    0.993270   -0.243270 (VIOLATED)
_13016_/B                               0.750000    0.992929   -0.242929 (VIOLATED)
_13034_/A2                              0.750000    0.992923   -0.242923 (VIOLATED)
_13083_/B                               0.750000    0.992881   -0.242881 (VIOLATED)
_13119_/A2                              0.750000    0.992863   -0.242863 (VIOLATED)
fanout1347/A                            0.750000    0.992752   -0.242752 (VIOLATED)
_13060_/A2                              0.750000    0.992663   -0.242663 (VIOLATED)
_13076_/A2                              0.750000    0.992661   -0.242661 (VIOLATED)
_13101_/A2                              0.750000    0.992652   -0.242652 (VIOLATED)
fanout1348/A                            0.750000    0.992644   -0.242644 (VIOLATED)
fanout1349/X                            0.750000    0.992638   -0.242638 (VIOLATED)
_12847_/A1                              0.750000    0.985934   -0.235934 (VIOLATED)
_12874_/A1                              0.750000    0.985923   -0.235923 (VIOLATED)
_12900_/A1                              0.750000    0.985918   -0.235918 (VIOLATED)
_13121_/A1                              0.750000    0.985837   -0.235837 (VIOLATED)
_12928_/A1                              0.750000    0.985780   -0.235780 (VIOLATED)
_13051_/A1                              0.750000    0.985726   -0.235726 (VIOLATED)
_13064_/A1                              0.750000    0.985724   -0.235724 (VIOLATED)
_12984_/A1                              0.750000    0.985704   -0.235704 (VIOLATED)
_13106_/A1                              0.750000    0.985553   -0.235553 (VIOLATED)
fanout1174/A                            0.750000    0.985471   -0.235471 (VIOLATED)
fanout1175/X                            0.750000    0.985467   -0.235467 (VIOLATED)
_11489_/A                               0.750000    0.982958   -0.232959 (VIOLATED)
_09851_/A                               0.750000    0.982949   -0.232949 (VIOLATED)
_10086_/A                               0.750000    0.982895   -0.232895 (VIOLATED)
fanout1900/A                            0.750000    0.982884   -0.232884 (VIOLATED)
_10085_/A                               0.750000    0.982884   -0.232884 (VIOLATED)
_12344_/A1                              0.750000    0.982724   -0.232724 (VIOLATED)
_18428_/A1                              0.750000    0.982724   -0.232724 (VIOLATED)
_18432_/A                               0.750000    0.982724   -0.232724 (VIOLATED)
_18451_/A                               0.750000    0.982724   -0.232724 (VIOLATED)
fanout1901/X                            0.750000    0.982724   -0.232724 (VIOLATED)
_15751_/A                               0.750000    0.972725   -0.222725 (VIOLATED)
_15375_/A                               0.750000    0.972719   -0.222720 (VIOLATED)
_15041_/A                               0.750000    0.972712   -0.222712 (VIOLATED)
_14060_/B1                              0.750000    0.972705   -0.222705 (VIOLATED)
_14361_/A2                              0.750000    0.972701   -0.222701 (VIOLATED)
_14568_/B                               0.750000    0.972696   -0.222696 (VIOLATED)
_14357_/B                               0.750000    0.972695   -0.222695 (VIOLATED)
_14359_/B                               0.750000    0.972695   -0.222695 (VIOLATED)
_14688_/A2                              0.750000    0.972694   -0.222694 (VIOLATED)
_14690_/B                               0.750000    0.972675   -0.222675 (VIOLATED)
fanout1230/X                            0.750000    0.972675   -0.222675 (VIOLATED)
_09991_/A                               0.750000    0.966342   -0.216342 (VIOLATED)
_09970_/B                               0.750000    0.966339   -0.216339 (VIOLATED)
_12136_/B                               0.750000    0.966228   -0.216228 (VIOLATED)
_12054_/A_N                             0.750000    0.966216   -0.216216 (VIOLATED)
_12141_/A                               0.750000    0.966200   -0.216200 (VIOLATED)
_12144_/A                               0.750000    0.966196   -0.216196 (VIOLATED)
_12120_/B                               0.750000    0.966179   -0.216179 (VIOLATED)
_12053_/A_N                             0.750000    0.966177   -0.216177 (VIOLATED)
_12111_/A_N                             0.750000    0.966176   -0.216176 (VIOLATED)
_19666_/A1                              0.750000    0.966154   -0.216154 (VIOLATED)
fanout1926/X                            0.750000    0.966147   -0.216147 (VIOLATED)
_13136_/A2                              0.750000    0.942990   -0.192990 (VIOLATED)
_13135_/A2                              0.750000    0.942990   -0.192990 (VIOLATED)
_13134_/A2                              0.750000    0.942976   -0.192976 (VIOLATED)
_13133_/A2                              0.750000    0.942965   -0.192965 (VIOLATED)
_13131_/A2                              0.750000    0.942954   -0.192954 (VIOLATED)
_13130_/A2                              0.750000    0.942951   -0.192951 (VIOLATED)
_13129_/A2                              0.750000    0.942932   -0.192932 (VIOLATED)
_13132_/A2                              0.750000    0.942901   -0.192901 (VIOLATED)
fanout427/A                             0.750000    0.942884   -0.192884 (VIOLATED)
_13127_/B1                              0.750000    0.942865   -0.192865 (VIOLATED)
fanout428/X                             0.750000    0.942854   -0.192854 (VIOLATED)
_12270_/C1                              0.750000    0.942384   -0.192384 (VIOLATED)
_09927_/B                               0.750000    0.942380   -0.192380 (VIOLATED)
_12090_/B                               0.750000    0.942367   -0.192367 (VIOLATED)
_12178_/C_N                             0.750000    0.942306   -0.192306 (VIOLATED)
_12004_/A                               0.750000    0.942255   -0.192255 (VIOLATED)
_12181_/A                               0.750000    0.942219   -0.192219 (VIOLATED)
fanout1870/A                            0.750000    0.942042   -0.192042 (VIOLATED)
fanout1871/X                            0.750000    0.942036   -0.192036 (VIOLATED)
_17502_/A1                              0.750000    0.936602   -0.186602 (VIOLATED)
_17375_/A1                              0.750000    0.936589   -0.186589 (VIOLATED)
_18124_/A0                              0.750000    0.936546   -0.186546 (VIOLATED)
_17977_/A                               0.750000    0.936541   -0.186541 (VIOLATED)
_17980_/A1                              0.750000    0.936541   -0.186541 (VIOLATED)
_17978_/A                               0.750000    0.936538   -0.186538 (VIOLATED)
_18232_/A1                              0.750000    0.936530   -0.186530 (VIOLATED)
_12713_/B                               0.750000    0.936526   -0.186526 (VIOLATED)
_17935_/A0                              0.750000    0.936502   -0.186502 (VIOLATED)
_17902_/A0                              0.750000    0.936501   -0.186501 (VIOLATED)
fanout1028/X                            0.750000    0.936501   -0.186501 (VIOLATED)
_18101_/A1                              0.750000    0.935006   -0.185006 (VIOLATED)
_13125_/A3                              0.750000    0.935005   -0.185005 (VIOLATED)
_18424_/A1                              0.750000    0.935002   -0.185002 (VIOLATED)
_13152_/A1                              0.750000    0.934996   -0.184996 (VIOLATED)
_17932_/A0                              0.750000    0.934978   -0.184978 (VIOLATED)
_18003_/B                               0.750000    0.934936   -0.184936 (VIOLATED)
_18000_/A2                              0.750000    0.934927   -0.184927 (VIOLATED)
_18154_/A0                              0.750000    0.934909   -0.184909 (VIOLATED)
_17490_/A1                              0.750000    0.934902   -0.184902 (VIOLATED)
_17965_/A0                              0.750000    0.934899   -0.184899 (VIOLATED)
fanout924/X                             0.750000    0.934893   -0.184893 (VIOLATED)
_17466_/A1                              0.750000    0.929331   -0.179331 (VIOLATED)
_17728_/B2                              0.750000    0.929329   -0.179329 (VIOLATED)
_17592_/A1                              0.750000    0.929296   -0.179296 (VIOLATED)
_18083_/A1                              0.750000    0.929118   -0.179118 (VIOLATED)
_13041_/A3                              0.750000    0.929117   -0.179117 (VIOLATED)
_17926_/A0                              0.750000    0.929116   -0.179116 (VIOLATED)
_13146_/A1                              0.750000    0.929115   -0.179115 (VIOLATED)
_17959_/A0                              0.750000    0.929115   -0.179116 (VIOLATED)
_18148_/A0                              0.750000    0.929114   -0.179114 (VIOLATED)
_18390_/A1                              0.750000    0.929107   -0.179107 (VIOLATED)
fanout929/X                             0.750000    0.929106   -0.179106 (VIOLATED)
_16187_/A                               0.750000    0.928915   -0.178915 (VIOLATED)
_16008_/B                               0.750000    0.928910   -0.178910 (VIOLATED)
_15924_/B                               0.750000    0.928885   -0.178885 (VIOLATED)
_15843_/B                               0.750000    0.928829   -0.178829 (VIOLATED)
_15749_/B                               0.750000    0.928822   -0.178822 (VIOLATED)
_15663_/B                               0.750000    0.928771   -0.178771 (VIOLATED)
_15748_/A2                              0.750000    0.928732   -0.178732 (VIOLATED)
_15471_/B                               0.750000    0.928691   -0.178691 (VIOLATED)
_15569_/B                               0.750000    0.928662   -0.178662 (VIOLATED)
_14601_/B                               0.750000    0.928430   -0.178430 (VIOLATED)
fanout1153/X                            0.750000    0.928427   -0.178427 (VIOLATED)
_12828_/B1                              0.750000    0.927162   -0.177163 (VIOLATED)
_12817_/B1                              0.750000    0.927158   -0.177158 (VIOLATED)
_12856_/A2                              0.750000    0.927149   -0.177149 (VIOLATED)
_12993_/A2                              0.750000    0.927142   -0.177142 (VIOLATED)
_13248_/A2                              0.750000    0.927114   -0.177114 (VIOLATED)
_18221_/A1                              0.750000    0.927104   -0.177104 (VIOLATED)
_18222_/A1                              0.750000    0.927101   -0.177101 (VIOLATED)
_12709_/A2                              0.750000    0.927061   -0.177061 (VIOLATED)
_12738_/A2                              0.750000    0.927057   -0.177057 (VIOLATED)
_12148_/A                               0.750000    0.927046   -0.177046 (VIOLATED)
fanout1344/X                            0.750000    0.927044   -0.177044 (VIOLATED)
_15569_/A                               0.750000    0.914939   -0.164939 (VIOLATED)
_15665_/A                               0.750000    0.914932   -0.164932 (VIOLATED)
_15664_/B2                              0.750000    0.914929   -0.164929 (VIOLATED)
_15374_/A1                              0.750000    0.914906   -0.164906 (VIOLATED)
_15268_/A                               0.750000    0.914889   -0.164889 (VIOLATED)
_15043_/A1                              0.750000    0.914881   -0.164881 (VIOLATED)
_15040_/A                               0.750000    0.914875   -0.164875 (VIOLATED)
_14817_/A2                              0.750000    0.914692   -0.164692 (VIOLATED)
_14058_/B                               0.750000    0.914396   -0.164396 (VIOLATED)
_14059_/D                               0.750000    0.914359   -0.164359 (VIOLATED)
fanout1229/X                            0.750000    0.914356   -0.164356 (VIOLATED)
_12829_/A2                              0.750000    0.912641   -0.162641 (VIOLATED)
_12866_/B                               0.750000    0.912641   -0.162641 (VIOLATED)
_12817_/A2                              0.750000    0.912640   -0.162640 (VIOLATED)
_12857_/A2                              0.750000    0.912637   -0.162637 (VIOLATED)
_12841_/A2                              0.750000    0.912621   -0.162621 (VIOLATED)
_12953_/A2                              0.750000    0.912617   -0.162617 (VIOLATED)
_12896_/A2                              0.750000    0.912370   -0.162370 (VIOLATED)
_12906_/B                               0.750000    0.912370   -0.162370 (VIOLATED)
_12967_/A2                              0.750000    0.912370   -0.162370 (VIOLATED)
_12997_/A2                              0.750000    0.912370   -0.162370 (VIOLATED)
fanout1347/X                            0.750000    0.912370   -0.162370 (VIOLATED)
_18035_/A1                              0.750000    0.892998   -0.142998 (VIOLATED)
_12825_/A3                              0.750000    0.892992   -0.142992 (VIOLATED)
_18291_/A1                              0.750000    0.892984   -0.142984 (VIOLATED)
_13130_/A1                              0.750000    0.892969   -0.142969 (VIOLATED)
_17943_/A0                              0.750000    0.892936   -0.142936 (VIOLATED)
_18132_/A0                              0.750000    0.892914   -0.142914 (VIOLATED)
_17910_/A0                              0.750000    0.892883   -0.142883 (VIOLATED)
_17660_/A1                              0.750000    0.892253   -0.142253 (VIOLATED)
_17406_/A1                              0.750000    0.892215   -0.142215 (VIOLATED)
_17534_/A1                              0.750000    0.892201   -0.142201 (VIOLATED)
fanout942/X                             0.750000    0.892198   -0.142198 (VIOLATED)
_18117_/S                               0.750000    0.889878   -0.139878 (VIOLATED)
_18116_/S                               0.750000    0.889869   -0.139869 (VIOLATED)
_18115_/S                               0.750000    0.889857   -0.139857 (VIOLATED)
_18104_/S                               0.750000    0.889779   -0.139779 (VIOLATED)
fanout380/A                             0.750000    0.889758   -0.139758 (VIOLATED)
_18110_/S                               0.750000    0.889708   -0.139708 (VIOLATED)
_18119_/S                               0.750000    0.889637   -0.139637 (VIOLATED)
_18120_/S                               0.750000    0.889636   -0.139636 (VIOLATED)
_18121_/S                               0.750000    0.889636   -0.139636 (VIOLATED)
fanout381/X                             0.750000    0.889632   -0.139632 (VIOLATED)
fanout2198/A                            0.750000    0.886233   -0.136233 (VIOLATED)
fanout2196/A                            0.750000    0.886167   -0.136167 (VIOLATED)
_17429_/A1                              0.750000    0.886110   -0.136110 (VIOLATED)
_17556_/A1                              0.750000    0.886099   -0.136099 (VIOLATED)
fanout2195/A                            0.750000    0.886098   -0.136098 (VIOLATED)
fanout2193/A                            0.750000    0.886058   -0.136058 (VIOLATED)
_18053_/A1                              0.750000    0.886035   -0.136035 (VIOLATED)
_12904_/A3                              0.750000    0.886034   -0.136034 (VIOLATED)
_18333_/A1                              0.750000    0.886028   -0.136028 (VIOLATED)
_13136_/A1                              0.750000    0.886025   -0.136025 (VIOLATED)
_17949_/A0                              0.750000    0.886017   -0.136017 (VIOLATED)
_17916_/A0                              0.750000    0.886013   -0.136013 (VIOLATED)
_13294_/A0                              0.750000    0.886010   -0.136010 (VIOLATED)
_18138_/A0                              0.750000    0.886005   -0.136005 (VIOLATED)
fanout937/X                             0.750000    0.886002   -0.136002 (VIOLATED)
fanout2192/A                            0.750000    0.885775   -0.135775 (VIOLATED)
fanout2199/X                            0.750000    0.885768   -0.135768 (VIOLATED)
_18262_/A2                              0.750000    0.882703   -0.132703 (VIOLATED)
_18269_/A2                              0.750000    0.882701   -0.132701 (VIOLATED)
_18248_/A2                              0.750000    0.882680   -0.132680 (VIOLATED)
_18233_/A2                              0.750000    0.882665   -0.132665 (VIOLATED)
_18414_/A2                              0.750000    0.882652   -0.132652 (VIOLATED)
_18420_/A2                              0.750000    0.882634   -0.132634 (VIOLATED)
fanout364/A                             0.750000    0.882614   -0.132614 (VIOLATED)
fanout365/X                             0.750000    0.882611   -0.132611 (VIOLATED)
_18997_/S                               0.750000    0.881438   -0.131438 (VIOLATED)
_18995_/S                               0.750000    0.881421   -0.131421 (VIOLATED)
_18989_/S                               0.750000    0.881405   -0.131405 (VIOLATED)
_18991_/S                               0.750000    0.881385   -0.131385 (VIOLATED)
_18985_/S                               0.750000    0.881358   -0.131358 (VIOLATED)
_18987_/S                               0.750000    0.881354   -0.131354 (VIOLATED)
_18977_/S                               0.750000    0.881323   -0.131323 (VIOLATED)
_18973_/S                               0.750000    0.881320   -0.131321 (VIOLATED)
_18975_/S                               0.750000    0.881320   -0.131320 (VIOLATED)
_18971_/S                               0.750000    0.881299   -0.131299 (VIOLATED)
fanout1036/X                            0.750000    0.881295   -0.131295 (VIOLATED)
_17582_/A1                              0.750000    0.880641   -0.130641 (VIOLATED)
_17456_/A1                              0.750000    0.880637   -0.130637 (VIOLATED)
_17956_/A0                              0.750000    0.880425   -0.130426 (VIOLATED)
_18110_/A0                              0.750000    0.880423   -0.130423 (VIOLATED)
_17923_/A0                              0.750000    0.880394   -0.130394 (VIOLATED)
_18073_/B2                              0.750000    0.880275   -0.130275 (VIOLATED)
_18145_/A0                              0.750000    0.880274   -0.130274 (VIOLATED)
_13001_/A3                              0.750000    0.880264   -0.130264 (VIOLATED)
_13143_/A1                              0.750000    0.880251   -0.130251 (VIOLATED)
_18373_/A1                              0.750000    0.880242   -0.130242 (VIOLATED)
fanout932/X                             0.750000    0.880239   -0.130239 (VIOLATED)
_12500_/A2                              0.750000    0.879210   -0.129210 (VIOLATED)
_12484_/A2                              0.750000    0.879209   -0.129209 (VIOLATED)
_12479_/A2                              0.750000    0.879201   -0.129201 (VIOLATED)
_12510_/A2                              0.750000    0.879104   -0.129104 (VIOLATED)
_12467_/A2                              0.750000    0.879013   -0.129013 (VIOLATED)
_12426_/B1                              0.750000    0.878831   -0.128831 (VIOLATED)
_12417_/B1                              0.750000    0.878831   -0.128831 (VIOLATED)
_12406_/B1                              0.750000    0.878808   -0.128808 (VIOLATED)
_12392_/B1                              0.750000    0.878796   -0.128796 (VIOLATED)
_12365_/B1                              0.750000    0.878789   -0.128789 (VIOLATED)
fanout1093/X                            0.750000    0.878785   -0.128785 (VIOLATED)
_12837_/A3                              0.750000    0.877954   -0.127954 (VIOLATED)
_18037_/B2                              0.750000    0.877952   -0.127952 (VIOLATED)
_18298_/A1                              0.750000    0.877941   -0.127941 (VIOLATED)
_13131_/A1                              0.750000    0.877936   -0.127936 (VIOLATED)
_18133_/A0                              0.750000    0.877920   -0.127920 (VIOLATED)
_17911_/A0                              0.750000    0.877916   -0.127916 (VIOLATED)
_17944_/A0                              0.750000    0.877915   -0.127915 (VIOLATED)
_17664_/B1                              0.750000    0.877527   -0.127527 (VIOLATED)
_17410_/A1                              0.750000    0.877520   -0.127520 (VIOLATED)
_17538_/A1                              0.750000    0.877514   -0.127514 (VIOLATED)
fanout941/X                             0.750000    0.877512   -0.127512 (VIOLATED)
_11730_/A1                              0.750000    0.876291   -0.126291 (VIOLATED)
_11672_/A1                              0.750000    0.876290   -0.126290 (VIOLATED)
fanout1729/A                            0.750000    0.876245   -0.126245 (VIOLATED)
_11558_/A1                              0.750000    0.876242   -0.126242 (VIOLATED)
_11854_/A1                              0.750000    0.876228   -0.126228 (VIOLATED)
fanout1731/A                            0.750000    0.876227   -0.126227 (VIOLATED)
_10801_/A1                              0.750000    0.876225   -0.126225 (VIOLATED)
_10740_/A2                              0.750000    0.876216   -0.126216 (VIOLATED)
_10684_/A1                              0.750000    0.876209   -0.126209 (VIOLATED)
_13887_/A                               0.750000    0.876200   -0.126200 (VIOLATED)
_14884_/A                               0.750000    0.876198   -0.126198 (VIOLATED)
_13809_/A                               0.750000    0.876196   -0.126196 (VIOLATED)
_14639_/A1                              0.750000    0.876193   -0.126193 (VIOLATED)
_11972_/A1                              0.750000    0.876190   -0.126191 (VIOLATED)
fanout1735/A                            0.750000    0.876167   -0.126167 (VIOLATED)
_10084_/A                               0.750000    0.876154   -0.126154 (VIOLATED)
_13729_/A                               0.750000    0.876151   -0.126151 (VIOLATED)
_14423_/A1                              0.750000    0.876141   -0.126141 (VIOLATED)
_18627_/A                               0.750000    0.876140   -0.126140 (VIOLATED)
fanout1802/X                            0.750000    0.876139   -0.126139 (VIOLATED)
fanout1732/A                            0.750000    0.876117   -0.126117 (VIOLATED)
fanout1728/A                            0.750000    0.876109   -0.126109 (VIOLATED)
fanout1737/X                            0.750000    0.876104   -0.126104 (VIOLATED)
_14221_/A1                              0.750000    0.876097   -0.126097 (VIOLATED)
fanout1465/A                            0.750000    0.876063   -0.126063 (VIOLATED)
fanout1466/A                            0.750000    0.876025   -0.126025 (VIOLATED)
fanout1467/X                            0.750000    0.876021   -0.126021 (VIOLATED)
_14099_/B2                              0.750000    0.869251   -0.119251 (VIOLATED)
_14285_/A1                              0.750000    0.869250   -0.119250 (VIOLATED)
_14284_/A                               0.750000    0.869249   -0.119249 (VIOLATED)
_14389_/B2                              0.750000    0.869228   -0.119228 (VIOLATED)
_14283_/A                               0.750000    0.869213   -0.119213 (VIOLATED)
_14490_/A1                              0.750000    0.869155   -0.119155 (VIOLATED)
_14492_/A                               0.750000    0.869133   -0.119133 (VIOLATED)
_14601_/A                               0.750000    0.869097   -0.119097 (VIOLATED)
_14721_/A                               0.750000    0.869044   -0.119044 (VIOLATED)
fanout1166/A                            0.750000    0.868811   -0.118811 (VIOLATED)
fanout1167/X                            0.750000    0.868810   -0.118810 (VIOLATED)
_10695_/B1                              0.750000    0.867975   -0.117975 (VIOLATED)
_17002_/A_N                             0.750000    0.867893   -0.117893 (VIOLATED)
fanout2303/A                            0.750000    0.867810   -0.117810 (VIOLATED)
_18280_/A0                              0.750000    0.867126   -0.117126 (VIOLATED)
_19523_/A1                              0.750000    0.867087   -0.117087 (VIOLATED)
fanout2304/X                            0.750000    0.867083   -0.117083 (VIOLATED)
_15053_/A2                              0.750000    0.865314   -0.115314 (VIOLATED)
_13822_/B                               0.750000    0.865312   -0.115312 (VIOLATED)
_14703_/A2                              0.750000    0.865295   -0.115295 (VIOLATED)
_14702_/A2                              0.750000    0.865290   -0.115290 (VIOLATED)
_13823_/B                               0.750000    0.865221   -0.115221 (VIOLATED)
_14366_/A2                              0.750000    0.865170   -0.115170 (VIOLATED)
_14365_/A2                              0.750000    0.865155   -0.115155 (VIOLATED)
_13992_/A2                              0.750000    0.865079   -0.115079 (VIOLATED)
_13824_/A2                              0.750000    0.865070   -0.115070 (VIOLATED)
_13825_/A2                              0.750000    0.865049   -0.115049 (VIOLATED)
fanout1241/X                            0.750000    0.865046   -0.115046 (VIOLATED)
_11559_/A1                              0.750000    0.864846   -0.114846 (VIOLATED)
_11853_/A                               0.750000    0.864839   -0.114839 (VIOLATED)
_11915_/A1                              0.750000    0.864821   -0.114821 (VIOLATED)
_10161_/A1                              0.750000    0.864815   -0.114815 (VIOLATED)
_11792_/A1                              0.750000    0.864807   -0.114807 (VIOLATED)
_11427_/A1                              0.750000    0.864803   -0.114803 (VIOLATED)
_11731_/A1                              0.750000    0.864568   -0.114568 (VIOLATED)
fanout1806/A                            0.750000    0.864568   -0.114568 (VIOLATED)
fanout1807/X                            0.750000    0.864568   -0.114568 (VIOLATED)
_18091_/B1                              0.750000    0.862378   -0.112378 (VIOLATED)
_18085_/B1                              0.750000    0.862377   -0.112377 (VIOLATED)
_18070_/B1                              0.750000    0.862371   -0.112371 (VIOLATED)
fanout1143/A                            0.750000    0.862294   -0.112294 (VIOLATED)
_17986_/B1                              0.750000    0.862234   -0.112234 (VIOLATED)
_17991_/B1                              0.750000    0.862232   -0.112232 (VIOLATED)
fanout1142/A                            0.750000    0.862204   -0.112204 (VIOLATED)
_18208_/B1                              0.750000    0.862202   -0.112202 (VIOLATED)
_18213_/B1                              0.750000    0.862201   -0.112201 (VIOLATED)
fanout1144/X                            0.750000    0.862197   -0.112197 (VIOLATED)
_15053_/A1                              0.750000    0.860104   -0.110104 (VIOLATED)
_13822_/A                               0.750000    0.860102   -0.110102 (VIOLATED)
_14703_/A1                              0.750000    0.860092   -0.110092 (VIOLATED)
_14702_/A1                              0.750000    0.860090   -0.110090 (VIOLATED)
_13823_/A                               0.750000    0.860035   -0.110035 (VIOLATED)
_14365_/A1                              0.750000    0.860003   -0.110003 (VIOLATED)
_14366_/A1                              0.750000    0.859994   -0.109994 (VIOLATED)
_13992_/A1                              0.750000    0.859945   -0.109945 (VIOLATED)
_13825_/A1                              0.750000    0.859921   -0.109921 (VIOLATED)
_13824_/A1                              0.750000    0.859918   -0.109918 (VIOLATED)
fanout1242/X                            0.750000    0.859913   -0.109913 (VIOLATED)
_19362_/A1                              0.750000    0.858865   -0.108865 (VIOLATED)
_19589_/A                               0.750000    0.858857   -0.108857 (VIOLATED)
_19369_/S                               0.750000    0.858853   -0.108853 (VIOLATED)
_19370_/S                               0.750000    0.858851   -0.108851 (VIOLATED)
_19603_/A1                              0.750000    0.858842   -0.108842 (VIOLATED)
_19606_/S                               0.750000    0.858807   -0.108807 (VIOLATED)
_19595_/S                               0.750000    0.858798   -0.108798 (VIOLATED)
_19692_/S                               0.750000    0.858521   -0.108521 (VIOLATED)
_19700_/S                               0.750000    0.858490   -0.108490 (VIOLATED)
fanout1859/A                            0.750000    0.858488   -0.108488 (VIOLATED)
fanout1860/X                            0.750000    0.858484   -0.108484 (VIOLATED)
_12842_/B1                              0.750000    0.858145   -0.108145 (VIOLATED)
_12869_/B2                              0.750000    0.858135   -0.108135 (VIOLATED)
_12896_/B1                              0.750000    0.858131   -0.108131 (VIOLATED)
_13052_/A1                              0.750000    0.858118   -0.108118 (VIOLATED)
_13060_/B1                              0.750000    0.858117   -0.108117 (VIOLATED)
_12979_/B2                              0.750000    0.858105   -0.108105 (VIOLATED)
_13117_/B2                              0.750000    0.858084   -0.108084 (VIOLATED)
_12923_/B2                              0.750000    0.858074   -0.108074 (VIOLATED)
fanout1286/A                            0.750000    0.857974   -0.107974 (VIOLATED)
fanout1287/X                            0.750000    0.857973   -0.107973 (VIOLATED)
_18046_/A2                              0.750000    0.854907   -0.104907 (VIOLATED)
fanout989/A                             0.750000    0.854796   -0.104796 (VIOLATED)
_18013_/A2                              0.750000    0.854771   -0.104772 (VIOLATED)
_18200_/B                               0.750000    0.854738   -0.104738 (VIOLATED)
_18208_/A2                              0.750000    0.854737   -0.104737 (VIOLATED)
_18213_/A2                              0.750000    0.854737   -0.104737 (VIOLATED)
_18216_/A2                              0.750000    0.854735   -0.104735 (VIOLATED)
_17971_/B1                              0.750000    0.854728   -0.104728 (VIOLATED)
fanout990/X                             0.750000    0.854724   -0.104725 (VIOLATED)
fanout1804/A                            0.750000    0.853755   -0.103755 (VIOLATED)
fanout1803/A                            0.750000    0.853747   -0.103747 (VIOLATED)
_10160_/A1                              0.750000    0.853738   -0.103738 (VIOLATED)
_10275_/A1                              0.750000    0.853720   -0.103720 (VIOLATED)
_10392_/A1                              0.750000    0.853711   -0.103711 (VIOLATED)
_10340_/A1                              0.750000    0.853695   -0.103695 (VIOLATED)
_10875_/A1                              0.750000    0.853687   -0.103687 (VIOLATED)
_10925_/A1                              0.750000    0.853683   -0.103683 (VIOLATED)
_10622_/A1                              0.750000    0.853661   -0.103661 (VIOLATED)
fanout1805/X                            0.750000    0.853655   -0.103655 (VIOLATED)
_10392_/C1                              0.750000    0.842100   -0.092100 (VIOLATED)
_10340_/C1                              0.750000    0.842092   -0.092092 (VIOLATED)
_10925_/C1                              0.750000    0.842084   -0.092084 (VIOLATED)
_17702_/B2                              0.750000    0.842054   -0.092054 (VIOLATED)
_17444_/A1                              0.750000    0.842052   -0.092052 (VIOLATED)
_17835_/A1                              0.750000    0.842050   -0.092050 (VIOLATED)
_10875_/C1                              0.750000    0.842048   -0.092048 (VIOLATED)
_17571_/A1                              0.750000    0.842042   -0.092042 (VIOLATED)
fanout1477/A                            0.750000    0.842031   -0.092031 (VIOLATED)
_10505_/A1                              0.750000    0.842016   -0.092016 (VIOLATED)
_17920_/A0                              0.750000    0.842010   -0.092011 (VIOLATED)
_17953_/A0                              0.750000    0.842010   -0.092010 (VIOLATED)
_11914_/C1                              0.750000    0.841927   -0.091927 (VIOLATED)
fanout1475/A                            0.750000    0.841926   -0.091926 (VIOLATED)
fanout1474/A                            0.750000    0.841916   -0.091916 (VIOLATED)
fanout1478/X                            0.750000    0.841916   -0.091916 (VIOLATED)
_12960_/A3                              0.750000    0.841797   -0.091797 (VIOLATED)
_18065_/A1                              0.750000    0.841797   -0.091797 (VIOLATED)
_13140_/A1                              0.750000    0.841796   -0.091796 (VIOLATED)
_18356_/A1                              0.750000    0.841795   -0.091795 (VIOLATED)
fanout934/X                             0.750000    0.841794   -0.091794 (VIOLATED)
_17463_/A1                              0.750000    0.838297   -0.088297 (VIOLATED)
_17724_/B1                              0.750000    0.838294   -0.088294 (VIOLATED)
_17588_/A1                              0.750000    0.838277   -0.088277 (VIOLATED)
_17853_/A1                              0.750000    0.838273   -0.088273 (VIOLATED)
_17925_/A0                              0.750000    0.838215   -0.088215 (VIOLATED)
_18079_/B2                              0.750000    0.838172   -0.088172 (VIOLATED)
_13028_/A3                              0.750000    0.838171   -0.088171 (VIOLATED)
_13145_/A1                              0.750000    0.838170   -0.088170 (VIOLATED)
_18147_/A0                              0.750000    0.838170   -0.088170 (VIOLATED)
_18385_/A1                              0.750000    0.838161   -0.088161 (VIOLATED)
fanout930/X                             0.750000    0.838158   -0.088158 (VIOLATED)
_18052_/B1                              0.750000    0.837421   -0.087421 (VIOLATED)
_18100_/B1                              0.750000    0.837412   -0.087413 (VIOLATED)
_18094_/B1                              0.750000    0.837391   -0.087391 (VIOLATED)
_18064_/B1                              0.750000    0.837380   -0.087380 (VIOLATED)
_18082_/B1                              0.750000    0.837310   -0.087310 (VIOLATED)
_18076_/B1                              0.750000    0.837218   -0.087218 (VIOLATED)
_18067_/B1                              0.750000    0.837170   -0.087170 (VIOLATED)
_18055_/B1                              0.750000    0.837088   -0.087088 (VIOLATED)
_18004_/A2                              0.750000    0.837080   -0.087080 (VIOLATED)
_18008_/A2                              0.750000    0.837073   -0.087073 (VIOLATED)
fanout1143/X                            0.750000    0.837073   -0.087073 (VIOLATED)
_17421_/A1                              0.750000    0.835485   -0.085485 (VIOLATED)
_17549_/A1                              0.750000    0.835474   -0.085474 (VIOLATED)
_12878_/A3                              0.750000    0.835327   -0.085327 (VIOLATED)
_18047_/A1                              0.750000    0.835326   -0.085326 (VIOLATED)
_18318_/A1                              0.750000    0.835325   -0.085325 (VIOLATED)
_13134_/A1                              0.750000    0.835324   -0.085324 (VIOLATED)
_17914_/A0                              0.750000    0.835318   -0.085318 (VIOLATED)
_17947_/A0                              0.750000    0.835314   -0.085314 (VIOLATED)
_18136_/A0                              0.750000    0.835308   -0.085308 (VIOLATED)
_13293_/A0                              0.750000    0.835298   -0.085298 (VIOLATED)
fanout939/X                             0.750000    0.835293   -0.085293 (VIOLATED)
_14683_/A                               0.750000    0.834113   -0.084113 (VIOLATED)
_15246_/A1                              0.750000    0.834112   -0.084112 (VIOLATED)
_15022_/A                               0.750000    0.834110   -0.084110 (VIOLATED)
_13600_/A2                              0.750000    0.834098   -0.084098 (VIOLATED)
_13599_/C                               0.750000    0.834097   -0.084097 (VIOLATED)
_13598_/B                               0.750000    0.834048   -0.084048 (VIOLATED)
_13649_/A2                              0.750000    0.834047   -0.084047 (VIOLATED)
_13921_/A                               0.750000    0.834039   -0.084039 (VIOLATED)
_13992_/B1                              0.750000    0.834036   -0.084036 (VIOLATED)
_13840_/A                               0.750000    0.833998   -0.083998 (VIOLATED)
fanout1254/X                            0.750000    0.833993   -0.083993 (VIOLATED)
_11972_/A2                              0.750000    0.832681   -0.082681 (VIOLATED)
_11979_/A1                              0.750000    0.832681   -0.082681 (VIOLATED)
_16345_/B                               0.750000    0.832644   -0.082644 (VIOLATED)
_14668_/A1                              0.750000    0.832619   -0.082619 (VIOLATED)
_14669_/A1                              0.750000    0.832615   -0.082615 (VIOLATED)
_18873_/A1                              0.750000    0.832590   -0.082590 (VIOLATED)
_16310_/B                               0.750000    0.832586   -0.082586 (VIOLATED)
_18879_/B                               0.750000    0.832586   -0.082586 (VIOLATED)
_16306_/A2                              0.750000    0.832585   -0.082585 (VIOLATED)
_18878_/A1                              0.750000    0.832583   -0.082583 (VIOLATED)
fanout2315/X                            0.750000    0.832579   -0.082579 (VIOLATED)
_13145_/A2                              0.750000    0.831485   -0.081485 (VIOLATED)
_13146_/A2                              0.750000    0.831477   -0.081477 (VIOLATED)
_13140_/A2                              0.750000    0.831465   -0.081465 (VIOLATED)
_13150_/A2                              0.750000    0.831437   -0.081437 (VIOLATED)
_13152_/A2                              0.750000    0.831406   -0.081406 (VIOLATED)
_13143_/A2                              0.750000    0.831336   -0.081336 (VIOLATED)
_13137_/A2                              0.750000    0.831303   -0.081303 (VIOLATED)
_13141_/A2                              0.750000    0.831298   -0.081298 (VIOLATED)
_13138_/A2                              0.750000    0.831202   -0.081202 (VIOLATED)
_13139_/A2                              0.750000    0.831192   -0.081192 (VIOLATED)
fanout426/X                             0.750000    0.831192   -0.081192 (VIOLATED)
_18053_/A2                              0.750000    0.830993   -0.080993 (VIOLATED)
_18049_/B1                              0.750000    0.830993   -0.080993 (VIOLATED)
_18101_/A2                              0.750000    0.830979   -0.080979 (VIOLATED)
_18095_/A2                              0.750000    0.830953   -0.080953 (VIOLATED)
_18065_/A2                              0.750000    0.830906   -0.080906 (VIOLATED)
_18083_/A2                              0.750000    0.830852   -0.080852 (VIOLATED)
_18079_/B1                              0.750000    0.830815   -0.080815 (VIOLATED)
_18073_/B1                              0.750000    0.830690   -0.080690 (VIOLATED)
_18097_/B1                              0.750000    0.830603   -0.080603 (VIOLATED)
fanout737/A                             0.750000    0.830565   -0.080565 (VIOLATED)
fanout738/X                             0.750000    0.830563   -0.080563 (VIOLATED)
_19081_/A1                              0.750000    0.830126   -0.080126 (VIOLATED)
_19062_/B1                              0.750000    0.830100   -0.080100 (VIOLATED)
_19068_/A1                              0.750000    0.830100   -0.080100 (VIOLATED)
_12306_/A2                              0.750000    0.829981   -0.079981 (VIOLATED)
_12569_/A2                              0.750000    0.829953   -0.079953 (VIOLATED)
_12099_/A1                              0.750000    0.829947   -0.079947 (VIOLATED)
_12307_/A                               0.750000    0.829912   -0.079912 (VIOLATED)
_12300_/A                               0.750000    0.829907   -0.079907 (VIOLATED)
_12303_/A                               0.750000    0.829907   -0.079907 (VIOLATED)
_12308_/A                               0.750000    0.829903   -0.079903 (VIOLATED)
fanout881/X                             0.750000    0.829902   -0.079902 (VIOLATED)
_12118_/B                               0.750000    0.829391   -0.079391 (VIOLATED)
_12149_/A_N                             0.750000    0.829389   -0.079389 (VIOLATED)
_12135_/A                               0.750000    0.829387   -0.079387 (VIOLATED)
_12128_/B                               0.750000    0.829362   -0.079362 (VIOLATED)
_12138_/B                               0.750000    0.829333   -0.079333 (VIOLATED)
_12047_/A                               0.750000    0.829291   -0.079291 (VIOLATED)
_12008_/A                               0.750000    0.829271   -0.079271 (VIOLATED)
_11985_/B                               0.750000    0.829262   -0.079262 (VIOLATED)
_09973_/A                               0.750000    0.828897   -0.078897 (VIOLATED)
_09979_/A                               0.750000    0.828893   -0.078893 (VIOLATED)
fanout1703/X                            0.750000    0.828891   -0.078891 (VIOLATED)
_12804_/B1                              0.750000    0.828254   -0.078254 (VIOLATED)
_12763_/B1                              0.750000    0.828253   -0.078253 (VIOLATED)
_12724_/A2                              0.750000    0.828248   -0.078248 (VIOLATED)
_12844_/B1                              0.750000    0.828243   -0.078243 (VIOLATED)
_13007_/A2                              0.750000    0.828243   -0.078243 (VIOLATED)
_12869_/A2                              0.750000    0.828243   -0.078243 (VIOLATED)
_12882_/B1                              0.750000    0.828243   -0.078243 (VIOLATED)
_12895_/B1                              0.750000    0.828243   -0.078243 (VIOLATED)
_12912_/A2                              0.750000    0.828243   -0.078243 (VIOLATED)
_12968_/B1                              0.750000    0.828243   -0.078243 (VIOLATED)
fanout1282/X                            0.750000    0.828243   -0.078243 (VIOLATED)
_17478_/A1                              0.750000    0.825819   -0.075820 (VIOLATED)
_17605_/B1                              0.750000    0.825774   -0.075774 (VIOLATED)
_17962_/A0                              0.750000    0.825637   -0.075637 (VIOLATED)
_17929_/A0                              0.750000    0.825626   -0.075626 (VIOLATED)
_18116_/A0                              0.750000    0.825565   -0.075565 (VIOLATED)
_18151_/A0                              0.750000    0.825514   -0.075514 (VIOLATED)
_13149_/A1                              0.750000    0.825475   -0.075475 (VIOLATED)
_13081_/A3                              0.750000    0.825464   -0.075465 (VIOLATED)
_18092_/A1                              0.750000    0.825464   -0.075464 (VIOLATED)
_18407_/A1                              0.750000    0.825456   -0.075456 (VIOLATED)
fanout927/X                             0.750000    0.825455   -0.075455 (VIOLATED)
_17425_/A1                              0.750000    0.822793   -0.072793 (VIOLATED)
_17681_/A1                              0.750000    0.822786   -0.072786 (VIOLATED)
_17552_/A1                              0.750000    0.822775   -0.072775 (VIOLATED)
_17816_/A1                              0.750000    0.822750   -0.072750 (VIOLATED)
_17915_/A0                              0.750000    0.822737   -0.072737 (VIOLATED)
_17948_/A0                              0.750000    0.822718   -0.072718 (VIOLATED)
_18326_/A1                              0.750000    0.822558   -0.072559 (VIOLATED)
_12891_/A3                              0.750000    0.822558   -0.072558 (VIOLATED)
_18049_/B2                              0.750000    0.822558   -0.072558 (VIOLATED)
_13135_/A1                              0.750000    0.822556   -0.072556 (VIOLATED)
fanout938/X                             0.750000    0.822553   -0.072553 (VIOLATED)
_10160_/C1                              0.750000    0.816271   -0.066271 (VIOLATED)
_10275_/C1                              0.750000    0.816260   -0.066260 (VIOLATED)
_10622_/C1                              0.750000    0.816213   -0.066213 (VIOLATED)
_10801_/C1                              0.750000    0.816198   -0.066198 (VIOLATED)
_10740_/C1                              0.750000    0.816169   -0.066169 (VIOLATED)
_11560_/A1                              0.750000    0.816162   -0.066162 (VIOLATED)
_11558_/C1                              0.750000    0.816160   -0.066160 (VIOLATED)
_10684_/C1                              0.750000    0.816158   -0.066158 (VIOLATED)
_11854_/C1                              0.750000    0.816158   -0.066158 (VIOLATED)
_11972_/C1                              0.750000    0.816135   -0.066135 (VIOLATED)
fanout1474/X                            0.750000    0.815908   -0.065908 (VIOLATED)
_15505_/C1                              0.750000    0.814264   -0.064264 (VIOLATED)
_15601_/B1                              0.750000    0.814261   -0.064261 (VIOLATED)
_16075_/C1                              0.750000    0.814259   -0.064259 (VIOLATED)
_16164_/B1                              0.750000    0.814255   -0.064255 (VIOLATED)
_15890_/B1                              0.750000    0.814251   -0.064251 (VIOLATED)
_15700_/B1                              0.750000    0.814245   -0.064245 (VIOLATED)
_16343_/B1                              0.750000    0.814212   -0.064212 (VIOLATED)
fanout1323/A                            0.750000    0.814184   -0.064184 (VIOLATED)
fanout1324/A                            0.750000    0.814144   -0.064144 (VIOLATED)
_14873_/B1                              0.750000    0.814138   -0.064138 (VIOLATED)
fanout1325/X                            0.750000    0.814135   -0.064135 (VIOLATED)
_16969_/B_N                             0.750000    0.813071   -0.063071 (VIOLATED)
_17002_/B                               0.750000    0.813068   -0.063068 (VIOLATED)
fanout2305/A                            0.750000    0.813037   -0.063037 (VIOLATED)
_16698_/B                               0.750000    0.813014   -0.063014 (VIOLATED)
_18272_/A0                              0.750000    0.812468   -0.062468 (VIOLATED)
_19516_/A1                              0.750000    0.812445   -0.062445 (VIOLATED)
fanout2306/X                            0.750000    0.812445   -0.062445 (VIOLATED)
_15843_/A                               0.750000    0.810992   -0.060992 (VIOLATED)
_15744_/A                               0.750000    0.810991   -0.060991 (VIOLATED)
_15658_/A                               0.750000    0.810989   -0.060989 (VIOLATED)
_15563_/B                               0.750000    0.810979   -0.060979 (VIOLATED)
_15925_/B                               0.750000    0.810951   -0.060951 (VIOLATED)
_15362_/B                               0.750000    0.810948   -0.060948 (VIOLATED)
_15256_/B                               0.750000    0.810931   -0.060931 (VIOLATED)
_14336_/B                               0.750000    0.810875   -0.060875 (VIOLATED)
_14685_/B                               0.750000    0.810874   -0.060874 (VIOLATED)
_14684_/B1                              0.750000    0.810873   -0.060873 (VIOLATED)
fanout1157/X                            0.750000    0.810871   -0.060871 (VIOLATED)
_18450_/A                               0.750000    0.809524   -0.059524 (VIOLATED)
_10339_/A                               0.750000    0.809487   -0.059487 (VIOLATED)
_10802_/A1                              0.750000    0.809466   -0.059466 (VIOLATED)
_11973_/A1                              0.750000    0.809449   -0.059449 (VIOLATED)
_10741_/A1                              0.750000    0.809429   -0.059429 (VIOLATED)
fanout1807/A                            0.750000    0.809309   -0.059309 (VIOLATED)
fanout1808/X                            0.750000    0.809298   -0.059298 (VIOLATED)
_18081_/A2                              0.750000    0.808425   -0.058425 (VIOLATED)
_18084_/A2                              0.750000    0.808420   -0.058420 (VIOLATED)
_18066_/A2                              0.750000    0.808418   -0.058418 (VIOLATED)
_18096_/A2                              0.750000    0.808378   -0.058378 (VIOLATED)
_18102_/A2                              0.750000    0.808320   -0.058320 (VIOLATED)
_18054_/A2                              0.750000    0.808297   -0.058297 (VIOLATED)
_18051_/A2                              0.750000    0.808281   -0.058281 (VIOLATED)
_18075_/A2                              0.750000    0.808188   -0.058188 (VIOLATED)
_18060_/A2                              0.750000    0.808160   -0.058160 (VIOLATED)
_18057_/A2                              0.750000    0.808156   -0.058156 (VIOLATED)
fanout384/X                             0.750000    0.808152   -0.058152 (VIOLATED)
_12904_/A2                              0.750000    0.806506   -0.056506 (VIOLATED)
_12891_/A2                              0.750000    0.806499   -0.056499 (VIOLATED)
_13125_/A2                              0.750000    0.806476   -0.056476 (VIOLATED)
_13095_/A2                              0.750000    0.806458   -0.056458 (VIOLATED)
_12960_/A2                              0.750000    0.806438   -0.056438 (VIOLATED)
_13041_/A2                              0.750000    0.806377   -0.056377 (VIOLATED)
_13028_/A2                              0.750000    0.806279   -0.056279 (VIOLATED)
_13111_/A2                              0.750000    0.806127   -0.056127 (VIOLATED)
fanout430/A                             0.750000    0.806071   -0.056071 (VIOLATED)
fanout431/X                             0.750000    0.806067   -0.056067 (VIOLATED)
_18921_/A2                              0.750000    0.803327   -0.053327 (VIOLATED)
_16284_/A2                              0.750000    0.803327   -0.053327 (VIOLATED)
_15926_/B1                              0.750000    0.803311   -0.053311 (VIOLATED)
_15845_/D                               0.750000    0.803252   -0.053252 (VIOLATED)
_15571_/C                               0.750000    0.803202   -0.053202 (VIOLATED)
_15059_/C                               0.750000    0.803096   -0.053096 (VIOLATED)
_15381_/C                               0.750000    0.803095   -0.053095 (VIOLATED)
_14848_/C                               0.750000    0.803087   -0.053087 (VIOLATED)
_14798_/B                               0.750000    0.803062   -0.053062 (VIOLATED)
_14892_/A2                              0.750000    0.803057   -0.053057 (VIOLATED)
fanout1204/X                            0.750000    0.803055   -0.053055 (VIOLATED)
_14087_/A                               0.750000    0.802571   -0.052571 (VIOLATED)
_12852_/S                               0.750000    0.802545   -0.052545 (VIOLATED)
_12838_/S                               0.750000    0.802537   -0.052537 (VIOLATED)
_14274_/A                               0.750000    0.802536   -0.052536 (VIOLATED)
_12814_/S                               0.750000    0.802532   -0.052532 (VIOLATED)
_12826_/S                               0.750000    0.802519   -0.052519 (VIOLATED)
_14481_/A1                              0.750000    0.802518   -0.052518 (VIOLATED)
_14479_/A                               0.750000    0.802518   -0.052518 (VIOLATED)
_14591_/A                               0.750000    0.802490   -0.052490 (VIOLATED)
_12799_/S                               0.750000    0.802485   -0.052485 (VIOLATED)
_12784_/S                               0.750000    0.802444   -0.052444 (VIOLATED)
_14954_/A                               0.750000    0.802427   -0.052427 (VIOLATED)
_12771_/S                               0.750000    0.802425   -0.052425 (VIOLATED)
_14712_/A                               0.750000    0.802417   -0.052417 (VIOLATED)
_15176_/B2                              0.750000    0.802415   -0.052415 (VIOLATED)
_15058_/A                               0.750000    0.802415   -0.052415 (VIOLATED)
_15060_/A                               0.750000    0.802414   -0.052414 (VIOLATED)
fanout1249/X                            0.750000    0.802410   -0.052410 (VIOLATED)
_12757_/S                               0.750000    0.802385   -0.052385 (VIOLATED)
_12716_/S                               0.750000    0.802278   -0.052278 (VIOLATED)
_12683_/S                               0.750000    0.802242   -0.052242 (VIOLATED)
fanout1090/X                            0.750000    0.802240   -0.052240 (VIOLATED)
_18380_/A2                              0.750000    0.799409   -0.049409 (VIOLATED)
_18425_/A2                              0.750000    0.799402   -0.049402 (VIOLATED)
_18357_/A2                              0.750000    0.799401   -0.049401 (VIOLATED)
_18374_/A2                              0.750000    0.799371   -0.049371 (VIOLATED)
_17459_/A1                              0.750000    0.799278   -0.049278 (VIOLATED)
_18077_/A1                              0.750000    0.799267   -0.049267 (VIOLATED)
fanout362/A                             0.750000    0.799267   -0.049267 (VIOLATED)
_13014_/A3                              0.750000    0.799266   -0.049266 (VIOLATED)
_17584_/A1                              0.750000    0.799265   -0.049265 (VIOLATED)
_18379_/A1                              0.750000    0.799264   -0.049264 (VIOLATED)
_17924_/A0                              0.750000    0.799262   -0.049262 (VIOLATED)
_18146_/A0                              0.750000    0.799255   -0.049255 (VIOLATED)
_18241_/A2                              0.750000    0.799246   -0.049246 (VIOLATED)
_18226_/A2                              0.750000    0.799246   -0.049246 (VIOLATED)
_13144_/A1                              0.750000    0.799232   -0.049232 (VIOLATED)
_18111_/A0                              0.750000    0.799225   -0.049225 (VIOLATED)
_17957_/A0                              0.750000    0.799223   -0.049223 (VIOLATED)
fanout363/X                             0.750000    0.799220   -0.049220 (VIOLATED)
fanout931/X                             0.750000    0.799018   -0.049018 (VIOLATED)
_15918_/A1                              0.750000    0.798401   -0.048401 (VIOLATED)
_16024_/A2                              0.750000    0.798400   -0.048400 (VIOLATED)
_16020_/A2                              0.750000    0.798395   -0.048395 (VIOLATED)
_15658_/B                               0.750000    0.798388   -0.048388 (VIOLATED)
_15467_/B                               0.750000    0.798369   -0.048369 (VIOLATED)
_15374_/B1                              0.750000    0.798325   -0.048326 (VIOLATED)
_15169_/B1                              0.750000    0.798265   -0.048265 (VIOLATED)
_14592_/B1                              0.750000    0.798013   -0.048013 (VIOLATED)
_14492_/C                               0.750000    0.797982   -0.047982 (VIOLATED)
_14490_/A2                              0.750000    0.797979   -0.047979 (VIOLATED)
fanout1215/X                            0.750000    0.797977   -0.047977 (VIOLATED)
fanout2468/A                            0.750000    0.794769   -0.044769 (VIOLATED)
fanout2439/A                            0.750000    0.794709   -0.044709 (VIOLATED)
fanout2447/A                            0.750000    0.794690   -0.044690 (VIOLATED)
fanout2401/A                            0.750000    0.794655   -0.044655 (VIOLATED)
fanout2399/A                            0.750000    0.794650   -0.044650 (VIOLATED)
fanout2403/A                            0.750000    0.794622   -0.044622 (VIOLATED)
fanout2398/A                            0.750000    0.794618   -0.044618 (VIOLATED)
fanout2469/X                            0.750000    0.794617   -0.044617 (VIOLATED)
_18274_/A1                              0.750000    0.794494   -0.044494 (VIOLATED)
_18282_/A1                              0.750000    0.794493   -0.044493 (VIOLATED)
_18294_/B1                              0.750000    0.794473   -0.044473 (VIOLATED)
_18290_/A1                              0.750000    0.794470   -0.044470 (VIOLATED)
_18301_/B1                              0.750000    0.794445   -0.044445 (VIOLATED)
_18325_/A1                              0.750000    0.794434   -0.044434 (VIOLATED)
_18314_/B1                              0.750000    0.794433   -0.044433 (VIOLATED)
_18308_/B1                              0.750000    0.794430   -0.044430 (VIOLATED)
_12372_/B                               0.750000    0.794237   -0.044237 (VIOLATED)
_12182_/A                               0.750000    0.794232   -0.044232 (VIOLATED)
fanout1589/X                            0.750000    0.794231   -0.044231 (VIOLATED)
_17470_/A1                              0.750000    0.793049   -0.043049 (VIOLATED)
_17598_/A1                              0.750000    0.793028   -0.043028 (VIOLATED)
_13147_/A1                              0.750000    0.792991   -0.042991 (VIOLATED)
_18086_/A1                              0.750000    0.792990   -0.042990 (VIOLATED)
_13055_/A3                              0.750000    0.792990   -0.042990 (VIOLATED)
_18396_/A1                              0.750000    0.792987   -0.042987 (VIOLATED)
_18149_/A0                              0.750000    0.792985   -0.042985 (VIOLATED)
_17960_/A0                              0.750000    0.792982   -0.042982 (VIOLATED)
_17927_/A0                              0.750000    0.792981   -0.042981 (VIOLATED)
_18114_/A0                              0.750000    0.792960   -0.042960 (VIOLATED)
fanout1021/X                            0.750000    0.792953   -0.042953 (VIOLATED)
_15839_/B                               0.750000    0.787844   -0.037844 (VIOLATED)
_15917_/A2                              0.750000    0.787843   -0.037843 (VIOLATED)
_16003_/A2                              0.750000    0.787842   -0.037842 (VIOLATED)
_15918_/A2                              0.750000    0.787840   -0.037840 (VIOLATED)
_15552_/B                               0.750000    0.787809   -0.037809 (VIOLATED)
_15645_/D                               0.750000    0.787804   -0.037804 (VIOLATED)
_18516_/A1                              0.750000    0.787790   -0.037790 (VIOLATED)
ANTENNA_57/DIODE                        0.750000    0.787788   -0.037788 (VIOLATED)
_18848_/A1                              0.750000    0.787753   -0.037753 (VIOLATED)
ANTENNA_58/DIODE                        0.750000    0.787746   -0.037746 (VIOLATED)
_16190_/A1                              0.750000    0.787687   -0.037687 (VIOLATED)
_16284_/A1                              0.750000    0.787631   -0.037631 (VIOLATED)
_16278_/A1                              0.750000    0.787614   -0.037614 (VIOLATED)
_14664_/B                               0.750000    0.787411   -0.037411 (VIOLATED)
fanout1152/X                            0.750000    0.787407   -0.037407 (VIOLATED)
_11735_/A2                              0.750000    0.787235   -0.037235 (VIOLATED)
_11731_/A2                              0.750000    0.786910   -0.036910 (VIOLATED)
_11729_/Y                               0.750000    0.786417   -0.036418 (VIOLATED)
_19417_/A1                              0.750000    0.782732   -0.032732 (VIOLATED)
_19430_/B                               0.750000    0.782724   -0.032724 (VIOLATED)
_19427_/A                               0.750000    0.782719   -0.032719 (VIOLATED)
_19473_/A                               0.750000    0.782694   -0.032694 (VIOLATED)
_19433_/A                               0.750000    0.782679   -0.032679 (VIOLATED)
_19416_/A                               0.750000    0.782671   -0.032671 (VIOLATED)
_19541_/A1                              0.750000    0.782669   -0.032670 (VIOLATED)
_19474_/A                               0.750000    0.782666   -0.032666 (VIOLATED)
_19578_/A                               0.750000    0.782665   -0.032665 (VIOLATED)
_19662_/C1                              0.750000    0.782663   -0.032663 (VIOLATED)
fanout1537/X                            0.750000    0.782660   -0.032660 (VIOLATED)
_16018_/A1                              0.750000    0.781858   -0.031858 (VIOLATED)
_16019_/A                               0.750000    0.781855   -0.031856 (VIOLATED)
_15836_/A                               0.750000    0.781855   -0.031855 (VIOLATED)
_15743_/B                               0.750000    0.781849   -0.031849 (VIOLATED)
_15659_/B1                              0.750000    0.781828   -0.031828 (VIOLATED)
_15565_/B                               0.750000    0.781795   -0.031795 (VIOLATED)
_15375_/B                               0.750000    0.781768   -0.031768 (VIOLATED)
_15270_/B                               0.750000    0.781730   -0.031730 (VIOLATED)
_14712_/B                               0.750000    0.781603   -0.031603 (VIOLATED)
_14491_/B                               0.750000    0.781547   -0.031547 (VIOLATED)
fanout1216/X                            0.750000    0.781544   -0.031544 (VIOLATED)
_12172_/A1                              0.750000    0.781493   -0.031493 (VIOLATED)
_12080_/B                               0.750000    0.781475   -0.031475 (VIOLATED)
_12373_/A1                              0.750000    0.781472   -0.031472 (VIOLATED)
_17893_/A                               0.750000    0.781469   -0.031469 (VIOLATED)
_09877_/A                               0.750000    0.781466   -0.031466 (VIOLATED)
_18603_/A2                              0.750000    0.781463   -0.031463 (VIOLATED)
fanout2316/A                            0.750000    0.781454   -0.031454 (VIOLATED)
fanout2317/X                            0.750000    0.781454   -0.031454 (VIOLATED)
_17541_/A1                              0.750000    0.780732   -0.030732 (VIOLATED)
_17413_/A1                              0.750000    0.780727   -0.030727 (VIOLATED)
_17667_/A1                              0.750000    0.780721   -0.030721 (VIOLATED)
_18210_/A                               0.750000    0.780603   -0.030603 (VIOLATED)
_18305_/A1                              0.750000    0.780533   -0.030533 (VIOLATED)
_12851_/A3                              0.750000    0.780532   -0.030532 (VIOLATED)
_18040_/B2                              0.750000    0.780530   -0.030530 (VIOLATED)
_18134_/A0                              0.750000    0.780526   -0.030526 (VIOLATED)
_13132_/A1                              0.750000    0.780521   -0.030521 (VIOLATED)
_17945_/A0                              0.750000    0.780506   -0.030506 (VIOLATED)
fanout940/X                             0.750000    0.780505   -0.030505 (VIOLATED)
_15612_/C1                              0.750000    0.778504   -0.028504 (VIOLATED)
fanout1471/A                            0.750000    0.778441   -0.028441 (VIOLATED)
_13541_/A                               0.750000    0.778375   -0.028375 (VIOLATED)
_14041_/C1                              0.750000    0.778373   -0.028373 (VIOLATED)
_14220_/C1                              0.750000    0.778367   -0.028367 (VIOLATED)
_14128_/C1                              0.750000    0.778348   -0.028348 (VIOLATED)
fanout1469/A                            0.750000    0.778290   -0.028290 (VIOLATED)
fanout1472/X                            0.750000    0.778289   -0.028289 (VIOLATED)
_18062_/B1                              0.750000    0.776316   -0.026316 (VIOLATED)
_18071_/B1                              0.750000    0.776315   -0.026315 (VIOLATED)
_18092_/B1                              0.750000    0.776301   -0.026301 (VIOLATED)
_18086_/B1                              0.750000    0.776296   -0.026296 (VIOLATED)
_18089_/B1                              0.750000    0.776254   -0.026254 (VIOLATED)
_18077_/B1                              0.750000    0.776232   -0.026233 (VIOLATED)
_18068_/B1                              0.750000    0.776224   -0.026224 (VIOLATED)
_18056_/B1                              0.750000    0.776149   -0.026149 (VIOLATED)
_18059_/B1                              0.750000    0.776128   -0.026128 (VIOLATED)
_18008_/B1                              0.750000    0.776108   -0.026108 (VIOLATED)
fanout319/X                             0.750000    0.776100   -0.026100 (VIOLATED)
_19413_/A1                              0.750000    0.772851   -0.022851 (VIOLATED)
_19547_/A2                              0.750000    0.772837   -0.022837 (VIOLATED)
_19467_/A1                              0.750000    0.772826   -0.022826 (VIOLATED)
_19610_/B                               0.750000    0.772818   -0.022818 (VIOLATED)
ANTENNA_108/DIODE                       0.750000    0.772816   -0.022816 (VIOLATED)
_19540_/B1                              0.750000    0.772784   -0.022784 (VIOLATED)
_19543_/A1                              0.750000    0.772784   -0.022784 (VIOLATED)
_19567_/A1                              0.750000    0.772773   -0.022773 (VIOLATED)
fanout1538/A                            0.750000    0.772720   -0.022720 (VIOLATED)
fanout1539/A                            0.750000    0.772717   -0.022717 (VIOLATED)
fanout1540/X                            0.750000    0.772716   -0.022716 (VIOLATED)
_18114_/S                               0.750000    0.770490   -0.020490 (VIOLATED)
_18111_/S                               0.750000    0.770484   -0.020484 (VIOLATED)
_18113_/S                               0.750000    0.770483   -0.020483 (VIOLATED)
_18112_/S                               0.750000    0.770482   -0.020482 (VIOLATED)
_18107_/S                               0.750000    0.770458   -0.020458 (VIOLATED)
_18108_/S                               0.750000    0.770434   -0.020435 (VIOLATED)
_18118_/S                               0.750000    0.770420   -0.020420 (VIOLATED)
_18106_/S                               0.750000    0.770403   -0.020403 (VIOLATED)
_18109_/S                               0.750000    0.770396   -0.020396 (VIOLATED)
_18105_/S                               0.750000    0.770177   -0.020177 (VIOLATED)
fanout380/X                             0.750000    0.770177   -0.020177 (VIOLATED)
_11687_/A2                              0.750000    0.768909   -0.018909 (VIOLATED)
fanout1758/A                            0.750000    0.768835   -0.018835 (VIOLATED)
_11868_/A2                              0.750000    0.768828   -0.018828 (VIOLATED)
wire1763/A                              0.750000    0.768818   -0.018819 (VIOLATED)
_10756_/B1                              0.750000    0.768809   -0.018809 (VIOLATED)
fanout1761/X                            0.750000    0.768807   -0.018807 (VIOLATED)
_13089_/A2                              0.750000    0.768733   -0.018733 (VIOLATED)
_13075_/A2                              0.750000    0.768708   -0.018708 (VIOLATED)
fanout1345/A                            0.750000    0.768693   -0.018693 (VIOLATED)
_12913_/A2                              0.750000    0.768690   -0.018690 (VIOLATED)
_12926_/A2                              0.750000    0.768632   -0.018632 (VIOLATED)
_12990_/B1                              0.750000    0.768598   -0.018598 (VIOLATED)
_12131_/B                               0.750000    0.768579   -0.018579 (VIOLATED)
_12845_/A2                              0.750000    0.768574   -0.018574 (VIOLATED)
fanout1346/X                            0.750000    0.768574   -0.018574 (VIOLATED)
_14387_/A                               0.750000    0.768251   -0.018251 (VIOLATED)
_14388_/A                               0.750000    0.768243   -0.018243 (VIOLATED)
fanout1261/A                            0.750000    0.768229   -0.018229 (VIOLATED)
_13770_/A1                              0.750000    0.768134   -0.018134 (VIOLATED)
_13648_/A                               0.750000    0.768125   -0.018126 (VIOLATED)
_13647_/A                               0.750000    0.768111   -0.018111 (VIOLATED)
_13526_/A                               0.750000    0.768047   -0.018047 (VIOLATED)
_13651_/A2                              0.750000    0.768041   -0.018041 (VIOLATED)
_13527_/B                               0.750000    0.768037   -0.018037 (VIOLATED)
fanout1262/X                            0.750000    0.768037   -0.018037 (VIOLATED)
_12484_/B1                              0.750000    0.767925   -0.017925 (VIOLATED)
_12489_/B1                              0.750000    0.767922   -0.017922 (VIOLATED)
_12505_/B1                              0.750000    0.767907   -0.017907 (VIOLATED)
_12531_/B1                              0.750000    0.767885   -0.017885 (VIOLATED)
_12515_/B1                              0.750000    0.767816   -0.017816 (VIOLATED)
_12520_/B1                              0.750000    0.767782   -0.017782 (VIOLATED)
_12494_/B1                              0.750000    0.767670   -0.017670 (VIOLATED)
_12548_/B1                              0.750000    0.767634   -0.017634 (VIOLATED)
_12558_/B1                              0.750000    0.767589   -0.017589 (VIOLATED)
_12510_/B1                              0.750000    0.767567   -0.017567 (VIOLATED)
fanout1029/X                            0.750000    0.767562   -0.017562 (VIOLATED)
_13047_/B1                              0.750000    0.767301   -0.017301 (VIOLATED)
_12981_/B1                              0.750000    0.767277   -0.017278 (VIOLATED)
_12951_/B1                              0.750000    0.767253   -0.017253 (VIOLATED)
_12965_/B1                              0.750000    0.767252   -0.017252 (VIOLATED)
_12938_/B1                              0.750000    0.767214   -0.017215 (VIOLATED)
_12885_/B1                              0.750000    0.767213   -0.017213 (VIOLATED)
_13099_/B1                              0.750000    0.767209   -0.017209 (VIOLATED)
_12913_/B1                              0.750000    0.767204   -0.017204 (VIOLATED)
_12926_/B1                              0.750000    0.767148   -0.017148 (VIOLATED)
_13116_/B1                              0.750000    0.767148   -0.017148 (VIOLATED)
fanout1279/X                            0.750000    0.767144   -0.017144 (VIOLATED)
_13049_/A2                              0.750000    0.766355   -0.016355 (VIOLATED)
_13009_/A2                              0.750000    0.766353   -0.016353 (VIOLATED)
_12982_/A2                              0.750000    0.766347   -0.016347 (VIOLATED)
_12934_/B                               0.750000    0.766337   -0.016337 (VIOLATED)
_13126_/A                               0.750000    0.766335   -0.016335 (VIOLATED)
_12808_/A2                              0.750000    0.766335   -0.016335 (VIOLATED)
_12922_/A2                              0.750000    0.766332   -0.016332 (VIOLATED)
_12123_/A                               0.750000    0.766330   -0.016330 (VIOLATED)
_12884_/A2                              0.750000    0.766330   -0.016330 (VIOLATED)
_13245_/A2                              0.750000    0.766330   -0.016330 (VIOLATED)
fanout1348/X                            0.750000    0.766330   -0.016330 (VIOLATED)
_14665_/B2                              0.750000    0.766102   -0.016102 (VIOLATED)
_14545_/B1                              0.750000    0.766099   -0.016099 (VIOLATED)
_14336_/A                               0.750000    0.766097   -0.016097 (VIOLATED)
_13686_/A                               0.750000    0.766088   -0.016088 (VIOLATED)
_14896_/A1                              0.750000    0.766076   -0.016076 (VIOLATED)
_14898_/A1                              0.750000    0.766076   -0.016076 (VIOLATED)
_14779_/A                               0.750000    0.766076   -0.016076 (VIOLATED)
_13455_/A                               0.750000    0.766067   -0.016067 (VIOLATED)
_13584_/B1                              0.750000    0.766059   -0.016059 (VIOLATED)
_13654_/A                               0.750000    0.766047   -0.016047 (VIOLATED)
fanout1264/X                            0.750000    0.766043   -0.016043 (VIOLATED)
_14171_/A                               0.750000    0.763574   -0.013575 (VIOLATED)
_14265_/A1                              0.750000    0.763574   -0.013574 (VIOLATED)
_14085_/A                               0.750000    0.763569   -0.013569 (VIOLATED)
_13922_/B                               0.750000    0.763545   -0.013545 (VIOLATED)
_13923_/B1                              0.750000    0.763517   -0.013517 (VIOLATED)
_13924_/B                               0.750000    0.763513   -0.013513 (VIOLATED)
_13840_/B                               0.750000    0.763480   -0.013480 (VIOLATED)
_13686_/B                               0.750000    0.763467   -0.013467 (VIOLATED)
_13685_/B                               0.750000    0.763451   -0.013451 (VIOLATED)
_13687_/B1                              0.750000    0.763451   -0.013451 (VIOLATED)
fanout1244/X                            0.750000    0.763450   -0.013450 (VIOLATED)
_15743_/A                               0.750000    0.762186   -0.012186 (VIOLATED)
_15745_/A2                              0.750000    0.762182   -0.012182 (VIOLATED)
_16101_/A                               0.750000    0.762172   -0.012172 (VIOLATED)
_16009_/A                               0.750000    0.762168   -0.012168 (VIOLATED)
_14436_/A                               0.750000    0.762168   -0.012168 (VIOLATED)
_15456_/B                               0.750000    0.762135   -0.012135 (VIOLATED)
_15365_/B                               0.750000    0.762091   -0.012091 (VIOLATED)
_15361_/B                               0.750000    0.762069   -0.012069 (VIOLATED)
_14438_/B                               0.750000    0.761917   -0.011917 (VIOLATED)
_14437_/B                               0.750000    0.761916   -0.011916 (VIOLATED)
fanout1217/X                            0.750000    0.761910   -0.011910 (VIOLATED)
_14689_/A                               0.750000    0.761026   -0.011026 (VIOLATED)
_14921_/A                               0.750000    0.761018   -0.011018 (VIOLATED)
_15025_/A                               0.750000    0.761006   -0.011006 (VIOLATED)
_19271_/S                               0.750000    0.760988   -0.010988 (VIOLATED)
_15542_/A                               0.750000    0.760982   -0.010982 (VIOLATED)
_15541_/A1                              0.750000    0.760982   -0.010982 (VIOLATED)
_19243_/S                               0.750000    0.760982   -0.010982 (VIOLATED)
_15540_/A1                              0.750000    0.760981   -0.010981 (VIOLATED)
_15638_/A1                              0.750000    0.760979   -0.010979 (VIOLATED)
_15350_/A                               0.750000    0.760978   -0.010978 (VIOLATED)
_19239_/S                               0.750000    0.760977   -0.010977 (VIOLATED)
_19241_/S                               0.750000    0.760974   -0.010974 (VIOLATED)
_19235_/S                               0.750000    0.760971   -0.010971 (VIOLATED)
_19040_/S                               0.750000    0.760967   -0.010967 (VIOLATED)
_12941_/A1                              0.750000    0.760963   -0.010963 (VIOLATED)
_19237_/S                               0.750000    0.760951   -0.010951 (VIOLATED)
_12096_/B2                              0.750000    0.760948   -0.010948 (VIOLATED)
_13009_/B1                              0.750000    0.760948   -0.010948 (VIOLATED)
_19042_/B                               0.750000    0.760946   -0.010946 (VIOLATED)
_12301_/B1                              0.750000    0.760944   -0.010944 (VIOLATED)
fanout1876/X                            0.750000    0.760942   -0.010942 (VIOLATED)
_13036_/B1                              0.750000    0.760938   -0.010938 (VIOLATED)
_13077_/A1                              0.750000    0.760934   -0.010934 (VIOLATED)
_13090_/A1                              0.750000    0.760902   -0.010902 (VIOLATED)
_13023_/A1                              0.750000    0.760902   -0.010902 (VIOLATED)
_12955_/A1                              0.750000    0.760883   -0.010883 (VIOLATED)
_12969_/A1                              0.750000    0.760850   -0.010850 (VIOLATED)
_13849_/A2                              0.750000    0.760846   -0.010846 (VIOLATED)
_13774_/B                               0.750000    0.760842   -0.010842 (VIOLATED)
fanout1162/X                            0.750000    0.760840   -0.010840 (VIOLATED)
_12996_/B2                              0.750000    0.760803   -0.010803 (VIOLATED)
fanout1173/A                            0.750000    0.760735   -0.010735 (VIOLATED)
_17545_/A1                              0.750000    0.760706   -0.010706 (VIOLATED)
_17417_/A1                              0.750000    0.760704   -0.010704 (VIOLATED)
_18044_/A1                              0.750000    0.760666   -0.010666 (VIOLATED)
_12864_/A3                              0.750000    0.760665   -0.010665 (VIOLATED)
_18312_/A1                              0.750000    0.760663   -0.010663 (VIOLATED)
_13133_/A1                              0.750000    0.760660   -0.010660 (VIOLATED)
_17946_/A0                              0.750000    0.760655   -0.010655 (VIOLATED)
_18135_/A0                              0.750000    0.760652   -0.010652 (VIOLATED)
fanout1174/X                            0.750000    0.760515   -0.010515 (VIOLATED)
_13292_/A0                              0.750000    0.760434   -0.010434 (VIOLATED)
_17913_/A0                              0.750000    0.760434   -0.010434 (VIOLATED)
fanout716/X                             0.750000    0.760434   -0.010434 (VIOLATED)
_15239_/B1                              0.750000    0.759764   -0.009764 (VIOLATED)
fanout1239/A                            0.750000    0.759750   -0.009750 (VIOLATED)
_14570_/A                               0.750000    0.759717   -0.009717 (VIOLATED)
_13849_/B1                              0.750000    0.759711   -0.009711 (VIOLATED)
_14464_/B1                              0.750000    0.759694   -0.009694 (VIOLATED)
_14366_/B1                              0.750000    0.759678   -0.009678 (VIOLATED)
_14265_/A2                              0.750000    0.759672   -0.009672 (VIOLATED)
_14171_/B                               0.750000    0.759663   -0.009663 (VIOLATED)
_14002_/B1                              0.750000    0.759655   -0.009655 (VIOLATED)
fanout1240/X                            0.750000    0.759652   -0.009652 (VIOLATED)
fanout2280/A                            0.750000    0.759597   -0.009597 (VIOLATED)
fanout2276/A                            0.750000    0.759587   -0.009587 (VIOLATED)
fanout2274/A                            0.750000    0.759583   -0.009583 (VIOLATED)
fanout2273/A                            0.750000    0.759493   -0.009493 (VIOLATED)
_10555_/B1                              0.750000    0.759490   -0.009490 (VIOLATED)
max_cap1601/A                           0.750000    0.759482   -0.009482 (VIOLATED)
_10923_/B2                              0.750000    0.759467   -0.009467 (VIOLATED)
_10149_/Y                               0.750000    0.759463   -0.009463 (VIOLATED)
fanout2265/A                            0.750000    0.759285   -0.009285 (VIOLATED)
fanout2282/X                            0.750000    0.759284   -0.009284 (VIOLATED)
_18076_/A2                              0.750000    0.758781   -0.008781 (VIOLATED)
_18067_/A2                              0.750000    0.758779   -0.008779 (VIOLATED)
_18079_/A2                              0.750000    0.758760   -0.008760 (VIOLATED)
_18082_/A2                              0.750000    0.758731   -0.008731 (VIOLATED)
_18064_/A2                              0.750000    0.758688   -0.008688 (VIOLATED)
_18094_/A2                              0.750000    0.758665   -0.008665 (VIOLATED)
_18100_/A2                              0.750000    0.758590   -0.008590 (VIOLATED)
_18052_/A2                              0.750000    0.758539   -0.008539 (VIOLATED)
_18049_/A2                              0.750000    0.758511   -0.008511 (VIOLATED)
_18073_/A2                              0.750000    0.758444   -0.008444 (VIOLATED)
fanout992/X                             0.750000    0.758439   -0.008439 (VIOLATED)
_12618_/A0                              0.750000    0.758006   -0.008006 (VIOLATED)
_14095_/A0                              0.750000    0.758000   -0.008000 (VIOLATED)
_10364_/B1                              0.750000    0.757724   -0.007724 (VIOLATED)
_10362_/Y                               0.750000    0.757363   -0.007363 (VIOLATED)
_18056_/A1                              0.750000    0.757150   -0.007150 (VIOLATED)
_13137_/A1                              0.750000    0.757147   -0.007148 (VIOLATED)
_12918_/A3                              0.750000    0.757146   -0.007146 (VIOLATED)
_17950_/A0                              0.750000    0.757140   -0.007140 (VIOLATED)
_18339_/A1                              0.750000    0.757136   -0.007136 (VIOLATED)
_17690_/B1                              0.750000    0.757104   -0.007104 (VIOLATED)
_17433_/A1                              0.750000    0.757104   -0.007104 (VIOLATED)
_17560_/A1                              0.750000    0.757097   -0.007097 (VIOLATED)
_17917_/A0                              0.750000    0.757094   -0.007094 (VIOLATED)
_18104_/A0                              0.750000    0.757092   -0.007092 (VIOLATED)
fanout1022/X                            0.750000    0.757088   -0.007088 (VIOLATED)
_18507_/A                               0.750000    0.756490   -0.006490 (VIOLATED)
_18820_/B2                              0.750000    0.756430   -0.006430 (VIOLATED)
_11489_/B                               0.750000    0.755762   -0.005762 (VIOLATED)
_11494_/A2                              0.750000    0.755707   -0.005707 (VIOLATED)
_11488_/X                               0.750000    0.755349   -0.005349 (VIOLATED)
_13747_/B                               0.750000    0.753308   -0.003309 (VIOLATED)
_14435_/S                               0.750000    0.753306   -0.003306 (VIOLATED)
_14332_/B                               0.750000    0.753303   -0.003303 (VIOLATED)
_13821_/B                               0.750000    0.753302   -0.003302 (VIOLATED)
_14542_/B                               0.750000    0.753293   -0.003293 (VIOLATED)
_13579_/B                               0.750000    0.753279   -0.003279 (VIOLATED)
_13652_/S                               0.750000    0.753273   -0.003273 (VIOLATED)
_14663_/A2                              0.750000    0.753272   -0.003272 (VIOLATED)
_13683_/S                               0.750000    0.753269   -0.003269 (VIOLATED)
_14056_/S                               0.750000    0.753269   -0.003269 (VIOLATED)
fanout1544/X                            0.750000    0.753269   -0.003269 (VIOLATED)
_12521_/A2                              0.750000    0.751687   -0.001687 (VIOLATED)
_12527_/A2                              0.750000    0.751684   -0.001684 (VIOLATED)
_12495_/A2                              0.750000    0.751667   -0.001667 (VIOLATED)
_12549_/A2                              0.750000    0.751643   -0.001643 (VIOLATED)
_12474_/A2                              0.750000    0.751637   -0.001637 (VIOLATED)
_12468_/A2                              0.750000    0.751633   -0.001633 (VIOLATED)
_12559_/A2                              0.750000    0.751627   -0.001627 (VIOLATED)
_12501_/A2                              0.750000    0.751595   -0.001595 (VIOLATED)
_12511_/A2                              0.750000    0.751587   -0.001587 (VIOLATED)
_12480_/A2                              0.750000    0.751573   -0.001573 (VIOLATED)
fanout1112/X                            0.750000    0.751367   -0.001367 (VIOLATED)

max fanout

Pin                                   Limit Fanout  Slack
---------------------------------------------------------
_12574_/X                                10     13     -3 (VIOLATED)
wire1353/X                               10     13     -3 (VIOLATED)
_21607_/Q                                10     11        (VIOLATED)
clkbuf_leaf_101_u_ibex_top.clk/X         10     11        (VIOLATED)
clkbuf_leaf_107_u_ibex_top.clk/X         10     11        (VIOLATED)
clkbuf_leaf_11_u_ibex_top.clk/X          10     11        (VIOLATED)
clkbuf_leaf_125_u_ibex_top.clk/X         10     11        (VIOLATED)
clkbuf_leaf_130_u_ibex_top.clk/X         10     11        (VIOLATED)
clkbuf_leaf_143_u_ibex_top.clk/X         10     11        (VIOLATED)
clkbuf_leaf_151_u_ibex_top.clk/X         10     11        (VIOLATED)
clkbuf_leaf_192_u_ibex_top.clk/X         10     11        (VIOLATED)
clkbuf_leaf_20_u_ibex_top.clk/X          10     11        (VIOLATED)
clkbuf_leaf_64_u_ibex_top.clk/X          10     11        (VIOLATED)
clkbuf_leaf_91_u_ibex_top.clk/X          10     11        (VIOLATED)
clkbuf_leaf_93_u_ibex_top.clk/X          10     11        (VIOLATED)
clkbuf_leaf_97_u_ibex_top.clk/X          10     11        (VIOLATED)
fanout1026/X                             10     11        (VIOLATED)
fanout1915/X                             10     11        (VIOLATED)

max capacitance

Pin                                        Limit         Cap       Slack
------------------------------------------------------------------------
fanout1913/X                            0.151987    0.159005   -0.007018 (VIOLATED)



===========================================================================
report_parasitic_annotation -report_unannotated
============================================================================
Found 163 unannotated drivers.
 _21699__2698/HI
 chipus_ibex_wrapper/HI
 chipus_ibex_wrapper_2699/HI
 chipus_ibex_wrapper_2700/HI
 chipus_ibex_wrapper_2701/HI
 chipus_ibex_wrapper_2702/HI
 chipus_ibex_wrapper_2703/HI
 chipus_ibex_wrapper_2704/HI
 clkload0/X
 clkload1/X
 clkload10/X
 clkload100/X
 clkload101/X
 clkload102/X
 clkload103/X
 clkload104/Y
 clkload105/Y
 clkload106/Y
 clkload107/X
 clkload108/Y
 clkload109/X
 clkload11/X
 clkload110/X
 clkload111/X
 clkload112/Y
 clkload113/X
 clkload114/X
 clkload115/X
 clkload116/X
 clkload117/X
 clkload118/X
 clkload119/X
 clkload12/X
 clkload120/X
 clkload121/X
 clkload122/X
 clkload123/X
 clkload124/X
 clkload125/Y
 clkload126/X
 clkload127/X
 clkload128/X
 clkload129/X
 clkload13/Y
 clkload130/X
 clkload131/X
 clkload132/X
 clkload133/X
 clkload134/X
 clkload135/X
 clkload136/X
 clkload137/X
 clkload138/X
 clkload139/Y
 clkload14/X
 clkload140/X
 clkload141/Y
 clkload142/X
 clkload143/Y
 clkload144/X
 clkload145/Y
 clkload146/Y
 clkload147/X
 clkload148/X
 clkload149/X
 clkload15/X
 clkload150/X
 clkload151/X
 clkload152/X
 clkload153/X
 clkload154/X
 clkload16/X
 clkload17/X
 clkload18/X
 clkload19/X
 clkload2/X
 clkload20/X
 clkload21/X
 clkload22/X
 clkload23/X
 clkload24/X
 clkload25/X
 clkload26/X
 clkload27/X
 clkload28/Y
 clkload29/X
 clkload3/X
 clkload30/X
 clkload31/X
 clkload32/X
 clkload33/X
 clkload34/Y
 clkload35/X
 clkload36/X
 clkload37/X
 clkload38/Y
 clkload39/X
 clkload4/X
 clkload40/Y
 clkload41/X
 clkload42/Y
 clkload43/Y
 clkload44/X
 clkload45/X
 clkload46/X
 clkload47/X
 clkload48/Y
 clkload49/X
 clkload5/X
 clkload50/Y
 clkload51/X
 clkload52/X
 clkload53/Y
 clkload54/X
 clkload55/X
 clkload56/X
 clkload57/X
 clkload58/Y
 clkload59/Y
 clkload6/X
 clkload60/X
 clkload61/X
 clkload62/Y
 clkload63/X
 clkload64/X
 clkload65/X
 clkload66/X
 clkload67/X
 clkload68/X
 clkload69/X
 clkload7/X
 clkload70/X
 clkload71/X
 clkload72/X
 clkload73/X
 clkload74/Y
 clkload75/Y
 clkload76/X
 clkload77/X
 clkload78/X
 clkload79/Y
 clkload8/Y
 clkload80/X
 clkload81/X
 clkload82/X
 clkload83/Y
 clkload84/X
 clkload85/X
 clkload86/Y
 clkload87/X
 clkload88/X
 clkload89/X
 clkload9/X
 clkload90/X
 clkload91/X
 clkload92/X
 clkload93/X
 clkload94/X
 clkload95/Y
 clkload96/X
 clkload97/X
 clkload98/X
 clkload99/X
Found 0 partially unannotated drivers.

===========================================================================
max slew violation count 1460
max fanout violation count 18
max cap violation count 1
============================================================================

===========================================================================
check_setup -verbose -unconstrained_endpoints -multiple_clock -no_clock -no_input_delay -loops -generated_clocks
===========================================================================
