
===========================================================================
report_checks -unconstrained
===========================================================================
======================= nom_tt_025C_1v80 Corner ===================================

Startpoint: _21716_ (negative level-sensitive latch clocked by clk_i)
Endpoint: _12039_ (rising clock gating-check end-point clocked by clk_i)
Path Group: gated clock
Path Type: max

Fanout         Cap        Slew       Delay        Time   Description
---------------------------------------------------------------------------------------------
                                 25.000000   25.000000   clock clk_i (fall edge)
                                  0.000000   25.000000   clock source latency
     3    0.036863    0.000000    0.000000   25.000000 v clk_i (in)
                                                         clk_i (net)
                      0.006249    0.003125   25.003124 v _21716_/GATE_N (sky130_fd_sc_hd__dlxtn_1)
     1    0.001859    0.034509    0.365324   25.368448 ^ _21716_/Q (sky130_fd_sc_hd__dlxtn_1)
                                                         u_ibex_top.core_clock_gate_i.en_latch (net)
                      0.034509    0.000002   25.368450 ^ _12039_/B (sky130_fd_sc_hd__and2_2)
                                             25.368450   data arrival time

                                 50.000000   50.000000   clock clk_i (rise edge)
                                  0.000000   50.000000   clock source latency
     3    0.037236    0.000000    0.000000   50.000000 ^ clk_i (in)
                                                         clk_i (net)
                      0.006360    0.003180   50.003178 ^ _12039_/A (sky130_fd_sc_hd__and2_2)
                                 -0.250000   49.753178   clock uncertainty
                                  0.000000   49.753178   clock reconvergence pessimism
                                  0.000000   49.753178   clock gating setup time
                                             49.753178   data required time
---------------------------------------------------------------------------------------------
                                             49.753178   data required time
                                            -25.368450   data arrival time
---------------------------------------------------------------------------------------------
                                             24.384727   slack (MET)


Startpoint: _21165_ (rising edge-triggered flip-flop clocked by clk_i)
Endpoint: _21716_ (negative level-sensitive latch clocked by clk_i)
Path Group: clk_i
Path Type: max

Fanout         Cap        Slew       Delay        Time   Description
---------------------------------------------------------------------------------------------
                                  0.000000    0.000000   clock clk_i (rise edge)
                                  0.000000    0.000000   clock source latency
     3    0.037236    0.000000    0.000000    0.000000 ^ clk_i (in)
                                                         clk_i (net)
                      0.006360    0.003180    0.003180 ^ _12039_/A (sky130_fd_sc_hd__and2_2)
  1945    5.202622   25.469433   17.578497   17.581676 ^ _12039_/X (sky130_fd_sc_hd__and2_2)
                                                         u_ibex_top.clk (net)
                     25.473087    0.256765   17.838442 ^ _21165_/CLK (sky130_fd_sc_hd__dfrtp_2)
     4    0.016763    0.074396    3.015554   20.853996 v _21165_/Q (sky130_fd_sc_hd__dfrtp_2)
                                                         u_ibex_top.u_ibex_core.cs_registers_i.mie_q[10] (net)
                      0.074396    0.000112   20.854109 v _12025_/A1 (sky130_fd_sc_hd__a22o_2)
     2    0.004092    0.043359    0.245231   21.099340 v _12025_/X (sky130_fd_sc_hd__a22o_2)
                                                         _06383_ (net)
                      0.043359    0.000011   21.099350 v _12027_/C1 (sky130_fd_sc_hd__a221o_2)
     2    0.013207    0.081314    0.337847   21.437197 v _12027_/X (sky130_fd_sc_hd__a221o_2)
                                                         _06385_ (net)
                      0.081314    0.000300   21.437498 v _12032_/B (sky130_fd_sc_hd__or3b_2)
     4    0.022568    0.135449    0.537629   21.975126 v _12032_/X (sky130_fd_sc_hd__or3b_2)
                                                         _06390_ (net)
                      0.135449    0.000576   21.975702 v _12035_/B1 (sky130_fd_sc_hd__a2111o_2)
     4    0.022997    0.115533    0.543372   22.519073 v _12035_/X (sky130_fd_sc_hd__a2111o_2)
                                                         _06393_ (net)
                      0.115539    0.001005   22.520079 v _12037_/B (sky130_fd_sc_hd__or2_2)
     2    0.007294    0.067114    0.315143   22.835222 v _12037_/X (sky130_fd_sc_hd__or2_2)
                                                         u_ibex_top.clock_en (net)
                      0.067114    0.000012   22.835236 v _21716_/D (sky130_fd_sc_hd__dlxtn_1)
                                             22.835236   data arrival time

                                 25.000000   25.000000   clock clk_i (fall edge)
                                  0.000000   25.000000   clock source latency
     3    0.036863    0.000000    0.000000   25.000000 v clk_i (in)
                                                         clk_i (net)
                      0.006249    0.003125   25.003124 v _21716_/GATE_N (sky130_fd_sc_hd__dlxtn_1)
                                 -0.250000   24.753124   clock uncertainty
                                  0.000000   24.753124   clock reconvergence pessimism
                                  0.000000   24.753124   time borrowed from endpoint
                                             24.753124   data required time
---------------------------------------------------------------------------------------------
                                             24.753124   data required time
                                            -22.835236   data arrival time
---------------------------------------------------------------------------------------------
                                              1.917890   slack (MET)

Time Borrowing Information
------------------------------------------------
clk_i nominal pulse width              25.000000
clock latency difference                0.000055
library setup time                     -0.128392
------------------------------------------------
max time borrow                        24.871662
actual time borrow                      0.000000
------------------------------------------------




===========================================================================
report_checks --slack_max -0.01
============================================================================
======================= nom_tt_025C_1v80 Corner ===================================

No paths found.


===========================================================================
 report_check_types -max_slew -max_cap -max_fanout -violators
============================================================================
======================= nom_tt_025C_1v80 Corner ===================================

max slew

Pin                                        Limit        Slew       Slack
------------------------------------------------------------------------
_19939_/CLK                             0.750000   25.476795  -24.726795 (VIOLATED)
_19971_/CLK                             0.750000   25.476795  -24.726795 (VIOLATED)
_20003_/CLK                             0.750000   25.476801  -24.726801 (VIOLATED)
_20035_/CLK                             0.750000   25.476801  -24.726801 (VIOLATED)
_20067_/CLK                             0.750000   25.476799  -24.726799 (VIOLATED)
_20099_/CLK                             0.750000   25.476801  -24.726801 (VIOLATED)
_20131_/CLK                             0.750000   25.476807  -24.726809 (VIOLATED)
_20163_/CLK                             0.750000   25.476805  -24.726807 (VIOLATED)
_20166_/CLK                             0.750000   25.476801  -24.726801 (VIOLATED)
_20195_/CLK                             0.750000   25.476803  -24.726805 (VIOLATED)
_20227_/CLK                             0.750000   25.476805  -24.726807 (VIOLATED)
_20294_/CLK                             0.750000   25.476801  -24.726801 (VIOLATED)
_20326_/CLK                             0.750000   25.476801  -24.726801 (VIOLATED)
_20419_/CLK                             0.750000   25.476810  -24.726812 (VIOLATED)
_20451_/CLK                             0.750000   25.476810  -24.726812 (VIOLATED)
_20483_/CLK                             0.750000   25.476809  -24.726810 (VIOLATED)
_20515_/CLK                             0.750000   25.476809  -24.726810 (VIOLATED)
_20259_/CLK                             0.750000   25.476772  -24.726772 (VIOLATED)
_20550_/CLK                             0.750000   25.476791  -24.726791 (VIOLATED)
_20611_/CLK                             0.750000   25.476768  -24.726768 (VIOLATED)
_20646_/CLK                             0.750000   25.476788  -24.726788 (VIOLATED)
_20707_/CLK                             0.750000   25.476782  -24.726784 (VIOLATED)
_20739_/CLK                             0.750000   25.476791  -24.726791 (VIOLATED)
_20771_/CLK                             0.750000   25.476791  -24.726791 (VIOLATED)
_20835_/CLK                             0.750000   25.476789  -24.726789 (VIOLATED)
_19942_/CLK                             0.750000   25.476736  -24.726736 (VIOLATED)
_19974_/CLK                             0.750000   25.476736  -24.726736 (VIOLATED)
_20006_/CLK                             0.750000   25.476732  -24.726734 (VIOLATED)
_20038_/CLK                             0.750000   25.476734  -24.726736 (VIOLATED)
_20070_/CLK                             0.750000   25.476732  -24.726734 (VIOLATED)
_20102_/CLK                             0.750000   25.476734  -24.726736 (VIOLATED)
_20614_/CLK                             0.750000   25.476742  -24.726742 (VIOLATED)
_20133_/CLK                             0.750000   25.476717  -24.726717 (VIOLATED)
_20262_/CLK                             0.750000   25.476738  -24.726738 (VIOLATED)
_20148_/CLK                             0.750000   25.476707  -24.726709 (VIOLATED)
_20165_/CLK                             0.750000   25.476709  -24.726709 (VIOLATED)
_20180_/CLK                             0.750000   25.476707  -24.726709 (VIOLATED)
_20197_/CLK                             0.750000   25.476709  -24.726709 (VIOLATED)
_20212_/CLK                             0.750000   25.476707  -24.726709 (VIOLATED)
_20229_/CLK                             0.750000   25.476711  -24.726711 (VIOLATED)
_20244_/CLK                             0.750000   25.476707  -24.726709 (VIOLATED)
_20276_/CLK                             0.750000   25.476702  -24.726704 (VIOLATED)
_20803_/CLK                             0.750000   25.476717  -24.726717 (VIOLATED)
_20867_/CLK                             0.750000   25.476740  -24.726740 (VIOLATED)
_20899_/CLK                             0.750000   25.476740  -24.726740 (VIOLATED)
_20806_/CLK                             0.750000   25.476715  -24.726715 (VIOLATED)
_20838_/CLK                             0.750000   25.476717  -24.726717 (VIOLATED)
_20870_/CLK                             0.750000   25.476738  -24.726738 (VIOLATED)
_20902_/CLK                             0.750000   25.476738  -24.726738 (VIOLATED)
_20290_/CLK                             0.750000   25.476690  -24.726690 (VIOLATED)
_20293_/CLK                             0.750000   25.476694  -24.726694 (VIOLATED)
_20322_/CLK                             0.750000   25.476688  -24.726688 (VIOLATED)
_20325_/CLK                             0.750000   25.476692  -24.726692 (VIOLATED)
_20422_/CLK                             0.750000   25.476709  -24.726709 (VIOLATED)
_20454_/CLK                             0.750000   25.476706  -24.726707 (VIOLATED)
_20486_/CLK                             0.750000   25.476709  -24.726709 (VIOLATED)
_20518_/CLK                             0.750000   25.476709  -24.726709 (VIOLATED)
_20546_/CLK                             0.750000   25.476715  -24.726715 (VIOLATED)
_20549_/CLK                             0.750000   25.476732  -24.726734 (VIOLATED)
_20578_/CLK                             0.750000   25.476715  -24.726715 (VIOLATED)
_20581_/CLK                             0.750000   25.476730  -24.726732 (VIOLATED)
_20582_/CLK                             0.750000   25.476707  -24.726709 (VIOLATED)
_20677_/CLK                             0.750000   25.476728  -24.726730 (VIOLATED)
_20710_/CLK                             0.750000   25.476746  -24.726746 (VIOLATED)
_20628_/CLK                             0.750000   25.476702  -24.726704 (VIOLATED)
_20642_/CLK                             0.750000   25.476707  -24.726709 (VIOLATED)
_20645_/CLK                             0.750000   25.476728  -24.726730 (VIOLATED)
_20674_/CLK                             0.750000   25.476711  -24.726711 (VIOLATED)
_20678_/CLK                             0.750000   25.476707  -24.726709 (VIOLATED)
_20724_/CLK                             0.750000   25.476702  -24.726704 (VIOLATED)
_20742_/CLK                             0.750000   25.476715  -24.726715 (VIOLATED)
_20774_/CLK                             0.750000   25.476715  -24.726715 (VIOLATED)
_20354_/CLK                             0.750000   25.476667  -24.726667 (VIOLATED)
_20357_/CLK                             0.750000   25.476686  -24.726686 (VIOLATED)
_20386_/CLK                             0.750000   25.476671  -24.726671 (VIOLATED)
_20389_/CLK                             0.750000   25.476688  -24.726688 (VIOLATED)
_20418_/CLK                             0.750000   25.476665  -24.726665 (VIOLATED)
_20450_/CLK                             0.750000   25.476665  -24.726665 (VIOLATED)
_20130_/CLK                             0.750000   25.476637  -24.726637 (VIOLATED)
_20162_/CLK                             0.750000   25.476635  -24.726635 (VIOLATED)
_20482_/CLK                             0.750000   25.476656  -24.726658 (VIOLATED)
_20514_/CLK                             0.750000   25.476658  -24.726658 (VIOLATED)
_20194_/CLK                             0.750000   25.476593  -24.726593 (VIOLATED)
_20226_/CLK                             0.750000   25.476604  -24.726606 (VIOLATED)
_20871_/CLK                             0.750000   25.476595  -24.726597 (VIOLATED)
_20903_/CLK                             0.750000   25.476595  -24.726597 (VIOLATED)
_20002_/CLK                             0.750000   25.476509  -24.726509 (VIOLATED)
_20034_/CLK                             0.750000   25.476509  -24.726509 (VIOLATED)
_20261_/CLK                             0.750000   25.476522  -24.726524 (VIOLATED)
_20066_/CLK                             0.750000   25.476498  -24.726500 (VIOLATED)
_20098_/CLK                             0.750000   25.476500  -24.726501 (VIOLATED)
_20738_/CLK                             0.750000   25.476521  -24.726522 (VIOLATED)
_20741_/CLK                             0.750000   25.476526  -24.726528 (VIOLATED)
_20770_/CLK                             0.750000   25.476521  -24.726522 (VIOLATED)
_20773_/CLK                             0.750000   25.476526  -24.726528 (VIOLATED)
_20802_/CLK                             0.750000   25.476515  -24.726515 (VIOLATED)
_20805_/CLK                             0.750000   25.476524  -24.726526 (VIOLATED)
_20834_/CLK                             0.750000   25.476517  -24.726519 (VIOLATED)
_20837_/CLK                             0.750000   25.476524  -24.726526 (VIOLATED)
_20743_/CLK                             0.750000   25.476450  -24.726450 (VIOLATED)
_20775_/CLK                             0.750000   25.476440  -24.726442 (VIOLATED)
_20807_/CLK                             0.750000   25.476389  -24.726391 (VIOLATED)
_20839_/CLK                             0.750000   25.476391  -24.726393 (VIOLATED)
_19943_/CLK                             0.750000   25.476313  -24.726315 (VIOLATED)
_19956_/CLK                             0.750000   25.476336  -24.726337 (VIOLATED)
_19975_/CLK                             0.750000   25.476313  -24.726315 (VIOLATED)
_19988_/CLK                             0.750000   25.476336  -24.726337 (VIOLATED)
_20007_/CLK                             0.750000   25.476318  -24.726320 (VIOLATED)
_20039_/CLK                             0.750000   25.476318  -24.726320 (VIOLATED)
_20788_/CLK                             0.750000   25.476336  -24.726336 (VIOLATED)
_20820_/CLK                             0.750000   25.476336  -24.726336 (VIOLATED)
_20852_/CLK                             0.750000   25.476336  -24.726336 (VIOLATED)
_20884_/CLK                             0.750000   25.476336  -24.726337 (VIOLATED)
_20916_/CLK                             0.750000   25.476336  -24.726337 (VIOLATED)
_20071_/CLK                             0.750000   25.476311  -24.726311 (VIOLATED)
_20103_/CLK                             0.750000   25.476315  -24.726316 (VIOLATED)
_20275_/CLK                             0.750000   25.476324  -24.726324 (VIOLATED)
_20431_/CLK                             0.750000   25.476311  -24.726313 (VIOLATED)
_20627_/CLK                             0.750000   25.476334  -24.726334 (VIOLATED)
_20723_/CLK                             0.750000   25.476332  -24.726332 (VIOLATED)
_20756_/CLK                             0.750000   25.476336  -24.726336 (VIOLATED)
_20463_/CLK                             0.750000   25.476294  -24.726295 (VIOLATED)
_20495_/CLK                             0.750000   25.476292  -24.726294 (VIOLATED)
_20527_/CLK                             0.750000   25.476294  -24.726295 (VIOLATED)
_20559_/CLK                             0.750000   25.476208  -24.726210 (VIOLATED)
_20591_/CLK                             0.750000   25.476093  -24.726093 (VIOLATED)
_20655_/CLK                             0.750000   25.476089  -24.726089 (VIOLATED)
_20687_/CLK                             0.750000   25.476103  -24.726103 (VIOLATED)
_20872_/CLK                             0.750000   25.476011  -24.726011 (VIOLATED)
_20904_/CLK                             0.750000   25.476013  -24.726013 (VIOLATED)
_19944_/CLK                             0.750000   25.475937  -24.725937 (VIOLATED)
_19976_/CLK                             0.750000   25.475945  -24.725945 (VIOLATED)
_20264_/CLK                             0.750000   25.475883  -24.725883 (VIOLATED)
_20008_/CLK                             0.750000   25.475748  -24.725750 (VIOLATED)
_20040_/CLK                             0.750000   25.475748  -24.725750 (VIOLATED)
_20072_/CLK                             0.750000   25.475744  -24.725746 (VIOLATED)
_20104_/CLK                             0.750000   25.475746  -24.725748 (VIOLATED)
_20296_/CLK                             0.750000   25.475752  -24.725752 (VIOLATED)
_20328_/CLK                             0.750000   25.475752  -24.725752 (VIOLATED)
_20360_/CLK                             0.750000   25.475752  -24.725752 (VIOLATED)
_20392_/CLK                             0.750000   25.475752  -24.725752 (VIOLATED)
_20744_/CLK                             0.750000   25.475775  -24.725777 (VIOLATED)
_20616_/CLK                             0.750000   25.475742  -24.725744 (VIOLATED)
_20712_/CLK                             0.750000   25.475740  -24.725740 (VIOLATED)
_20776_/CLK                             0.750000   25.475733  -24.725733 (VIOLATED)
_20808_/CLK                             0.750000   25.475725  -24.725727 (VIOLATED)
_20840_/CLK                             0.750000   25.475723  -24.725725 (VIOLATED)
_19938_/CLK                             0.750000   25.475615  -24.725616 (VIOLATED)
_19970_/CLK                             0.750000   25.475616  -24.725618 (VIOLATED)
_20258_/CLK                             0.750000   25.475618  -24.725620 (VIOLATED)
_20143_/CLK                             0.750000   25.475594  -24.725595 (VIOLATED)
_20175_/CLK                             0.750000   25.475594  -24.725595 (VIOLATED)
_20866_/CLK                             0.750000   25.475616  -24.725618 (VIOLATED)
_20898_/CLK                             0.750000   25.475616  -24.725618 (VIOLATED)
_20207_/CLK                             0.750000   25.475592  -24.725594 (VIOLATED)
_20239_/CLK                             0.750000   25.475592  -24.725594 (VIOLATED)
_20263_/CLK                             0.750000   25.475611  -24.725613 (VIOLATED)
_20303_/CLK                             0.750000   25.475597  -24.725597 (VIOLATED)
_20335_/CLK                             0.750000   25.475597  -24.725597 (VIOLATED)
_20158_/CLK                             0.750000   25.475567  -24.725569 (VIOLATED)
_20367_/CLK                             0.750000   25.475588  -24.725590 (VIOLATED)
_20551_/CLK                             0.750000   25.475607  -24.725607 (VIOLATED)
_20574_/CLK                             0.750000   25.475599  -24.725599 (VIOLATED)
_20583_/CLK                             0.750000   25.475607  -24.725607 (VIOLATED)
_20610_/CLK                             0.750000   25.475620  -24.725622 (VIOLATED)
_20615_/CLK                             0.750000   25.475611  -24.725611 (VIOLATED)
_20647_/CLK                             0.750000   25.475607  -24.725607 (VIOLATED)
_20670_/CLK                             0.750000   25.475599  -24.725599 (VIOLATED)
_20679_/CLK                             0.750000   25.475607  -24.725607 (VIOLATED)
_20706_/CLK                             0.750000   25.475618  -24.725620 (VIOLATED)
_20711_/CLK                             0.750000   25.475611  -24.725611 (VIOLATED)
_20222_/CLK                             0.750000   25.475561  -24.725563 (VIOLATED)
_20318_/CLK                             0.750000   25.475569  -24.725571 (VIOLATED)
_20382_/CLK                             0.750000   25.475569  -24.725571 (VIOLATED)
_20399_/CLK                             0.750000   25.475588  -24.725590 (VIOLATED)
_20126_/CLK                             0.750000   25.475525  -24.725525 (VIOLATED)
_20190_/CLK                             0.750000   25.475523  -24.725523 (VIOLATED)
_20286_/CLK                             0.750000   25.475525  -24.725525 (VIOLATED)
_20350_/CLK                             0.750000   25.475525  -24.725525 (VIOLATED)
_20414_/CLK                             0.750000   25.475523  -24.725523 (VIOLATED)
_20446_/CLK                             0.750000   25.475546  -24.725546 (VIOLATED)
_20510_/CLK                             0.750000   25.475546  -24.725546 (VIOLATED)
_20638_/CLK                             0.750000   25.475508  -24.725510 (VIOLATED)
_20478_/CLK                             0.750000   25.475471  -24.725471 (VIOLATED)
_20542_/CLK                             0.750000   25.475487  -24.725489 (VIOLATED)
_20016_/CLK                             0.750000   25.475353  -24.725353 (VIOLATED)
_20048_/CLK                             0.750000   25.475340  -24.725340 (VIOLATED)
_20080_/CLK                             0.750000   25.475279  -24.725281 (VIOLATED)
_20112_/CLK                             0.750000   25.475290  -24.725290 (VIOLATED)
_19952_/CLK                             0.750000   25.475168  -24.725168 (VIOLATED)
_19984_/CLK                             0.750000   25.475168  -24.725168 (VIOLATED)
_20880_/CLK                             0.750000   25.475166  -24.725166 (VIOLATED)
_20912_/CLK                             0.750000   25.475168  -24.725168 (VIOLATED)
_19941_/CLK                             0.750000   25.475044  -24.725046 (VIOLATED)
_19973_/CLK                             0.750000   25.475044  -24.725046 (VIOLATED)
_20005_/CLK                             0.750000   25.475046  -24.725048 (VIOLATED)
_20037_/CLK                             0.750000   25.475046  -24.725048 (VIOLATED)
_20069_/CLK                             0.750000   25.475044  -24.725046 (VIOLATED)
_20101_/CLK                             0.750000   25.475044  -24.725046 (VIOLATED)
_20421_/CLK                             0.750000   25.475040  -24.725040 (VIOLATED)
_20453_/CLK                             0.750000   25.475039  -24.725039 (VIOLATED)
_20485_/CLK                             0.750000   25.475035  -24.725035 (VIOLATED)
_20517_/CLK                             0.750000   25.475035  -24.725035 (VIOLATED)
_20543_/CLK                             0.750000   25.475029  -24.725029 (VIOLATED)
_20869_/CLK                             0.750000   25.475048  -24.725050 (VIOLATED)
_20901_/CLK                             0.750000   25.475048  -24.725050 (VIOLATED)
_20575_/CLK                             0.750000   25.475021  -24.725023 (VIOLATED)
_20639_/CLK                             0.750000   25.475029  -24.725029 (VIOLATED)
_20671_/CLK                             0.750000   25.475021  -24.725023 (VIOLATED)
_21676_/CLK                             0.750000   25.475042  -24.725042 (VIOLATED)
_21678_/CLK                             0.750000   25.475042  -24.725044 (VIOLATED)
_21679_/CLK                             0.750000   25.475037  -24.725037 (VIOLATED)
_21684_/CLK                             0.750000   25.475042  -24.725042 (VIOLATED)
_21686_/CLK                             0.750000   25.475042  -24.725044 (VIOLATED)
_21687_/CLK                             0.750000   25.475035  -24.725035 (VIOLATED)
_21692_/CLK                             0.750000   25.475042  -24.725042 (VIOLATED)
_21694_/CLK                             0.750000   25.475042  -24.725044 (VIOLATED)
_21695_/CLK                             0.750000   25.475037  -24.725037 (VIOLATED)
_19934_/CLK                             0.750000   25.474983  -24.724983 (VIOLATED)
_19966_/CLK                             0.750000   25.474983  -24.724983 (VIOLATED)
_19998_/CLK                             0.750000   25.474991  -24.724991 (VIOLATED)
_20030_/CLK                             0.750000   25.474991  -24.724991 (VIOLATED)
_20062_/CLK                             0.750000   25.474989  -24.724989 (VIOLATED)
_20094_/CLK                             0.750000   25.474991  -24.724991 (VIOLATED)
_20254_/CLK                             0.750000   25.474991  -24.724993 (VIOLATED)
_20287_/CLK                             0.750000   25.474989  -24.724989 (VIOLATED)
_20319_/CLK                             0.750000   25.474989  -24.724989 (VIOLATED)
_20127_/CLK                             0.750000   25.474964  -24.724964 (VIOLATED)
_20159_/CLK                             0.750000   25.474966  -24.724968 (VIOLATED)
_20351_/CLK                             0.750000   25.474987  -24.724987 (VIOLATED)
_20383_/CLK                             0.750000   25.474987  -24.724987 (VIOLATED)
_20447_/CLK                             0.750000   25.475002  -24.725002 (VIOLATED)
_20479_/CLK                             0.750000   25.475002  -24.725002 (VIOLATED)
_20511_/CLK                             0.750000   25.475002  -24.725002 (VIOLATED)
_20539_/CLK                             0.750000   25.474977  -24.724977 (VIOLATED)
_20571_/CLK                             0.750000   25.474977  -24.724977 (VIOLATED)
_20606_/CLK                             0.750000   25.474991  -24.724993 (VIOLATED)
_20613_/CLK                             0.750000   25.474989  -24.724989 (VIOLATED)
_20702_/CLK                             0.750000   25.474991  -24.724993 (VIOLATED)
_20709_/CLK                             0.750000   25.474989  -24.724989 (VIOLATED)
_20862_/CLK                             0.750000   25.474985  -24.724985 (VIOLATED)
_20894_/CLK                             0.750000   25.474985  -24.724985 (VIOLATED)
_20191_/CLK                             0.750000   25.474947  -24.724949 (VIOLATED)
_20223_/CLK                             0.750000   25.474951  -24.724951 (VIOLATED)
_20295_/CLK                             0.750000   25.474922  -24.724924 (VIOLATED)
_20327_/CLK                             0.750000   25.474920  -24.724922 (VIOLATED)
_20635_/CLK                             0.750000   25.474939  -24.724939 (VIOLATED)
_20667_/CLK                             0.750000   25.474947  -24.724949 (VIOLATED)
_20255_/CLK                             0.750000   25.474892  -24.724894 (VIOLATED)
_20359_/CLK                             0.750000   25.474911  -24.724911 (VIOLATED)
_20391_/CLK                             0.750000   25.474913  -24.724913 (VIOLATED)
_20607_/CLK                             0.750000   25.474892  -24.724894 (VIOLATED)
_20703_/CLK                             0.750000   25.474892  -24.724894 (VIOLATED)
_20735_/CLK                             0.750000   25.474890  -24.724892 (VIOLATED)
_20799_/CLK                             0.750000   25.474888  -24.724890 (VIOLATED)
_20831_/CLK                             0.750000   25.474888  -24.724890 (VIOLATED)
_20135_/CLK                             0.750000   25.474863  -24.724865 (VIOLATED)
_20767_/CLK                             0.750000   25.474888  -24.724888 (VIOLATED)
_20167_/CLK                             0.750000   25.474859  -24.724859 (VIOLATED)
_20199_/CLK                             0.750000   25.474842  -24.724844 (VIOLATED)
_20231_/CLK                             0.750000   25.474852  -24.724852 (VIOLATED)
_19995_/CLK                             0.750000   25.474802  -24.724802 (VIOLATED)
_20027_/CLK                             0.750000   25.474802  -24.724802 (VIOLATED)
_20059_/CLK                             0.750000   25.474802  -24.724802 (VIOLATED)
_20091_/CLK                             0.750000   25.474802  -24.724802 (VIOLATED)
_20423_/CLK                             0.750000   25.474810  -24.724810 (VIOLATED)
_20455_/CLK                             0.750000   25.474810  -24.724810 (VIOLATED)
_20487_/CLK                             0.750000   25.474804  -24.724804 (VIOLATED)
_20519_/CLK                             0.750000   25.474806  -24.724806 (VIOLATED)
_20719_/CLK                             0.750000   25.474758  -24.724760 (VIOLATED)
_20751_/CLK                             0.750000   25.474766  -24.724768 (VIOLATED)
_20783_/CLK                             0.750000   25.474766  -24.724768 (VIOLATED)
_20847_/CLK                             0.750000   25.474766  -24.724768 (VIOLATED)
_20283_/CLK                             0.750000   25.474709  -24.724710 (VIOLATED)
_20815_/CLK                             0.750000   25.474710  -24.724712 (VIOLATED)
_20315_/CLK                             0.750000   25.474674  -24.724674 (VIOLATED)
_20734_/CLK                             0.750000   25.474688  -24.724689 (VIOLATED)
_20766_/CLK                             0.750000   25.474688  -24.724689 (VIOLATED)
_20798_/CLK                             0.750000   25.474638  -24.724640 (VIOLATED)
_20830_/CLK                             0.750000   25.474630  -24.724632 (VIOLATED)
_20347_/CLK                             0.750000   25.474598  -24.724598 (VIOLATED)
_20379_/CLK                             0.750000   25.474606  -24.724607 (VIOLATED)
_20733_/CLK                             0.750000   25.474577  -24.724579 (VIOLATED)
_20765_/CLK                             0.750000   25.474567  -24.724567 (VIOLATED)
_20797_/CLK                             0.750000   25.474550  -24.724550 (VIOLATED)
_20829_/CLK                             0.750000   25.474562  -24.724564 (VIOLATED)
_20253_/CLK                             0.750000   25.474495  -24.724495 (VIOLATED)
_20605_/CLK                             0.750000   25.474483  -24.724485 (VIOLATED)
_20701_/CLK                             0.750000   25.474483  -24.724485 (VIOLATED)
_19933_/CLK                             0.750000   25.474424  -24.724426 (VIOLATED)
_19951_/CLK                             0.750000   25.474415  -24.724415 (VIOLATED)
_19954_/CLK                             0.750000   25.474407  -24.724407 (VIOLATED)
_19965_/CLK                             0.750000   25.474428  -24.724430 (VIOLATED)
_19983_/CLK                             0.750000   25.474417  -24.724417 (VIOLATED)
_19986_/CLK                             0.750000   25.474407  -24.724407 (VIOLATED)
_20018_/CLK                             0.750000   25.474411  -24.724411 (VIOLATED)
_20050_/CLK                             0.750000   25.474411  -24.724411 (VIOLATED)
_20082_/CLK                             0.750000   25.474411  -24.724411 (VIOLATED)
_20114_/CLK                             0.750000   25.474411  -24.724411 (VIOLATED)
_20302_/CLK                             0.750000   25.474419  -24.724419 (VIOLATED)
_20334_/CLK                             0.750000   25.474419  -24.724419 (VIOLATED)
_20366_/CLK                             0.750000   25.474419  -24.724419 (VIOLATED)
_20398_/CLK                             0.750000   25.474419  -24.724419 (VIOLATED)
_20861_/CLK                             0.750000   25.474428  -24.724430 (VIOLATED)
_20279_/CLK                             0.750000   25.474394  -24.724394 (VIOLATED)
_20631_/CLK                             0.750000   25.474396  -24.724398 (VIOLATED)
_20727_/CLK                             0.750000   25.474396  -24.724398 (VIOLATED)
_20879_/CLK                             0.750000   25.474417  -24.724417 (VIOLATED)
_20893_/CLK                             0.750000   25.474428  -24.724430 (VIOLATED)
_20911_/CLK                             0.750000   25.474417  -24.724417 (VIOLATED)
_20914_/CLK                             0.750000   25.474409  -24.724409 (VIOLATED)
_20791_/CLK                             0.750000   25.474382  -24.724382 (VIOLATED)
_19931_/CLK                             0.750000   25.474340  -24.724340 (VIOLATED)
_19963_/CLK                             0.750000   25.474344  -24.724346 (VIOLATED)
_19997_/CLK                             0.750000   25.474354  -24.724356 (VIOLATED)
_20015_/CLK                             0.750000   25.474361  -24.724361 (VIOLATED)
_20023_/CLK                             0.750000   25.474356  -24.724356 (VIOLATED)
_20029_/CLK                             0.750000   25.474354  -24.724356 (VIOLATED)
_20047_/CLK                             0.750000   25.474361  -24.724361 (VIOLATED)
_20055_/CLK                             0.750000   25.474356  -24.724356 (VIOLATED)
_20061_/CLK                             0.750000   25.474348  -24.724350 (VIOLATED)
_20079_/CLK                             0.750000   25.474360  -24.724360 (VIOLATED)
_20087_/CLK                             0.750000   25.474356  -24.724356 (VIOLATED)
_20093_/CLK                             0.750000   25.474350  -24.724352 (VIOLATED)
_20111_/CLK                             0.750000   25.474360  -24.724360 (VIOLATED)
_20119_/CLK                             0.750000   25.474356  -24.724356 (VIOLATED)
_20271_/CLK                             0.750000   25.474361  -24.724361 (VIOLATED)
_20623_/CLK                             0.750000   25.474361  -24.724361 (VIOLATED)
_20731_/CLK                             0.750000   25.474384  -24.724384 (VIOLATED)
_20759_/CLK                             0.750000   25.474384  -24.724384 (VIOLATED)
_20732_/CLK                             0.750000   25.474342  -24.724342 (VIOLATED)
_20763_/CLK                             0.750000   25.474360  -24.724360 (VIOLATED)
_20764_/CLK                             0.750000   25.474342  -24.724342 (VIOLATED)
_20795_/CLK                             0.750000   25.474363  -24.724363 (VIOLATED)
_20823_/CLK                             0.750000   25.474375  -24.724377 (VIOLATED)
_20827_/CLK                             0.750000   25.474363  -24.724363 (VIOLATED)
_20855_/CLK                             0.750000   25.474379  -24.724380 (VIOLATED)
_20882_/CLK                             0.750000   25.474396  -24.724398 (VIOLATED)
_20859_/CLK                             0.750000   25.474365  -24.724365 (VIOLATED)
_20891_/CLK                             0.750000   25.474363  -24.724363 (VIOLATED)
_20796_/CLK                             0.750000   25.474327  -24.724329 (VIOLATED)
_20828_/CLK                             0.750000   25.474331  -24.724331 (VIOLATED)
_19932_/CLK                             0.750000   25.474287  -24.724287 (VIOLATED)
_19964_/CLK                             0.750000   25.474291  -24.724291 (VIOLATED)
_20860_/CLK                             0.750000   25.474297  -24.724298 (VIOLATED)
_20892_/CLK                             0.750000   25.474295  -24.724297 (VIOLATED)
_20140_/CLK                             0.750000   25.474268  -24.724270 (VIOLATED)
_20172_/CLK                             0.750000   25.474268  -24.724270 (VIOLATED)
_20204_/CLK                             0.750000   25.474264  -24.724264 (VIOLATED)
_20236_/CLK                             0.750000   25.474268  -24.724270 (VIOLATED)
_20251_/CLK                             0.750000   25.474266  -24.724266 (VIOLATED)
_20603_/CLK                             0.750000   25.474279  -24.724279 (VIOLATED)
_20699_/CLK                             0.750000   25.474285  -24.724285 (VIOLATED)
_20300_/CLK                             0.750000   25.474232  -24.724232 (VIOLATED)
_20332_/CLK                             0.750000   25.474232  -24.724232 (VIOLATED)
_20364_/CLK                             0.750000   25.474226  -24.724226 (VIOLATED)
_20396_/CLK                             0.750000   25.474232  -24.724232 (VIOLATED)
_20609_/CLK                             0.750000   25.474228  -24.724228 (VIOLATED)
_20705_/CLK                             0.750000   25.474226  -24.724226 (VIOLATED)
_20620_/CLK                             0.750000   25.474180  -24.724180 (VIOLATED)
_20716_/CLK                             0.750000   25.474176  -24.724176 (VIOLATED)
_20257_/CLK                             0.750000   25.474140  -24.724142 (VIOLATED)
_20748_/CLK                             0.750000   25.474087  -24.724089 (VIOLATED)
_20780_/CLK                             0.750000   25.474079  -24.724079 (VIOLATED)
_20812_/CLK                             0.750000   25.474052  -24.724052 (VIOLATED)
_20844_/CLK                             0.750000   25.474060  -24.724062 (VIOLATED)
_20001_/CLK                             0.750000   25.473974  -24.723974 (VIOLATED)
_20033_/CLK                             0.750000   25.473953  -24.723953 (VIOLATED)
_20065_/CLK                             0.750000   25.473875  -24.723875 (VIOLATED)
_20097_/CLK                             0.750000   25.473879  -24.723881 (VIOLATED)
_20417_/CLK                             0.750000   25.473680  -24.723682 (VIOLATED)
_20449_/CLK                             0.750000   25.473680  -24.723682 (VIOLATED)
_20481_/CLK                             0.750000   25.473616  -24.723616 (VIOLATED)
_20513_/CLK                             0.750000   25.473619  -24.723621 (VIOLATED)
_19935_/CLK                             0.750000   25.473480  -24.723480 (VIOLATED)
_19940_/CLK                             0.750000   25.473461  -24.723461 (VIOLATED)
_19950_/CLK                             0.750000   25.473465  -24.723465 (VIOLATED)
_19967_/CLK                             0.750000   25.473482  -24.723482 (VIOLATED)
_19972_/CLK                             0.750000   25.473461  -24.723461 (VIOLATED)
_19982_/CLK                             0.750000   25.473465  -24.723467 (VIOLATED)
_20004_/CLK                             0.750000   25.473459  -24.723459 (VIOLATED)
_20014_/CLK                             0.750000   25.473478  -24.723478 (VIOLATED)
_20036_/CLK                             0.750000   25.473459  -24.723459 (VIOLATED)
_20046_/CLK                             0.750000   25.473478  -24.723478 (VIOLATED)
_20415_/CLK                             0.750000   25.473482  -24.723482 (VIOLATED)
_20863_/CLK                             0.750000   25.473482  -24.723482 (VIOLATED)
_21673_/CLK                             0.750000   25.473480  -24.723480 (VIOLATED)
_21674_/CLK                             0.750000   25.473473  -24.723475 (VIOLATED)
_19945_/CLK                             0.750000   25.473433  -24.723433 (VIOLATED)
_19977_/CLK                             0.750000   25.473436  -24.723436 (VIOLATED)
_20068_/CLK                             0.750000   25.473454  -24.723454 (VIOLATED)
_20078_/CLK                             0.750000   25.473476  -24.723476 (VIOLATED)
_20100_/CLK                             0.750000   25.473454  -24.723454 (VIOLATED)
_20110_/CLK                             0.750000   25.473476  -24.723476 (VIOLATED)
_20260_/CLK                             0.750000   25.473438  -24.723440 (VIOLATED)
_20612_/CLK                             0.750000   25.473433  -24.723433 (VIOLATED)
_20708_/CLK                             0.750000   25.473431  -24.723431 (VIOLATED)
_20740_/CLK                             0.750000   25.473454  -24.723454 (VIOLATED)
_20772_/CLK                             0.750000   25.473454  -24.723454 (VIOLATED)
_20804_/CLK                             0.750000   25.473448  -24.723450 (VIOLATED)
_20836_/CLK                             0.750000   25.473454  -24.723454 (VIOLATED)
_20868_/CLK                             0.750000   25.473461  -24.723461 (VIOLATED)
_20878_/CLK                             0.750000   25.473465  -24.723467 (VIOLATED)
_20895_/CLK                             0.750000   25.473482  -24.723482 (VIOLATED)
_20745_/CLK                             0.750000   25.473423  -24.723425 (VIOLATED)
_20777_/CLK                             0.750000   25.473419  -24.723421 (VIOLATED)
_20873_/CLK                             0.750000   25.473440  -24.723442 (VIOLATED)
_20900_/CLK                             0.750000   25.473461  -24.723461 (VIOLATED)
_20910_/CLK                             0.750000   25.473465  -24.723467 (VIOLATED)
_21675_/CLK                             0.750000   25.473465  -24.723465 (VIOLATED)
_21680_/CLK                             0.750000   25.473476  -24.723476 (VIOLATED)
_21681_/CLK                             0.750000   25.473480  -24.723480 (VIOLATED)
_21682_/CLK                             0.750000   25.473469  -24.723471 (VIOLATED)
_21683_/CLK                             0.750000   25.473465  -24.723465 (VIOLATED)
_21688_/CLK                             0.750000   25.473476  -24.723476 (VIOLATED)
_21689_/CLK                             0.750000   25.473482  -24.723482 (VIOLATED)
_21690_/CLK                             0.750000   25.473467  -24.723469 (VIOLATED)
_21691_/CLK                             0.750000   25.473465  -24.723465 (VIOLATED)
_21696_/CLK                             0.750000   25.473475  -24.723476 (VIOLATED)
_20905_/CLK                             0.750000   25.473438  -24.723440 (VIOLATED)
_21164_/CLK                             0.750000   25.473442  -24.723444 (VIOLATED)
_20809_/CLK                             0.750000   25.473408  -24.723408 (VIOLATED)
_20841_/CLK                             0.750000   25.473408  -24.723408 (VIOLATED)
_20747_/CLK                             0.750000   25.473375  -24.723375 (VIOLATED)
_20779_/CLK                             0.750000   25.473362  -24.723364 (VIOLATED)
_20811_/CLK                             0.750000   25.473360  -24.723360 (VIOLATED)
_20843_/CLK                             0.750000   25.473356  -24.723356 (VIOLATED)
_19946_/CLK                             0.750000   25.473295  -24.723295 (VIOLATED)
_19978_/CLK                             0.750000   25.473301  -24.723301 (VIOLATED)
_20818_/CLK                             0.750000   25.473312  -24.723314 (VIOLATED)
_20850_/CLK                             0.750000   25.473312  -24.723314 (VIOLATED)
_20874_/CLK                             0.750000   25.473316  -24.723318 (VIOLATED)
_20906_/CLK                             0.750000   25.473312  -24.723314 (VIOLATED)
_21167_/CLK                             0.750000   25.473314  -24.723316 (VIOLATED)
_20355_/CLK                             0.750000   25.473288  -24.723289 (VIOLATED)
_20387_/CLK                             0.750000   25.473288  -24.723289 (VIOLATED)
_20547_/CLK                             0.750000   25.473289  -24.723291 (VIOLATED)
_20579_/CLK                             0.750000   25.473289  -24.723291 (VIOLATED)
_20643_/CLK                             0.750000   25.473289  -24.723291 (VIOLATED)
_20675_/CLK                             0.750000   25.473289  -24.723291 (VIOLATED)
_20714_/CLK                             0.750000   25.473309  -24.723310 (VIOLATED)
_20754_/CLK                             0.750000   25.473312  -24.723314 (VIOLATED)
_20786_/CLK                             0.750000   25.473312  -24.723314 (VIOLATED)
_19947_/CLK                             0.750000   25.473257  -24.723257 (VIOLATED)
_19979_/CLK                             0.750000   25.473257  -24.723257 (VIOLATED)
_19999_/CLK                             0.750000   25.473257  -24.723259 (VIOLATED)
_20009_/CLK                             0.750000   25.473255  -24.723255 (VIOLATED)
_20134_/CLK                             0.750000   25.473274  -24.723274 (VIOLATED)
_20198_/CLK                             0.750000   25.473274  -24.723274 (VIOLATED)
_20230_/CLK                             0.750000   25.473276  -24.723276 (VIOLATED)
_20291_/CLK                             0.750000   25.473288  -24.723289 (VIOLATED)
_20323_/CLK                             0.750000   25.473288  -24.723289 (VIOLATED)
_20010_/CLK                             0.750000   25.473242  -24.723244 (VIOLATED)
_20011_/CLK                             0.750000   25.473265  -24.723267 (VIOLATED)
_20031_/CLK                             0.750000   25.473257  -24.723259 (VIOLATED)
_20041_/CLK                             0.750000   25.473257  -24.723257 (VIOLATED)
_20042_/CLK                             0.750000   25.473244  -24.723244 (VIOLATED)
_20043_/CLK                             0.750000   25.473265  -24.723267 (VIOLATED)
_20063_/CLK                             0.750000   25.473257  -24.723259 (VIOLATED)
_20073_/CLK                             0.750000   25.473251  -24.723251 (VIOLATED)
_20074_/CLK                             0.750000   25.473244  -24.723244 (VIOLATED)
_20075_/CLK                             0.750000   25.473259  -24.723261 (VIOLATED)
_20095_/CLK                             0.750000   25.473257  -24.723259 (VIOLATED)
_20105_/CLK                             0.750000   25.473251  -24.723251 (VIOLATED)
_20106_/CLK                             0.750000   25.473244  -24.723244 (VIOLATED)
_20107_/CLK                             0.750000   25.473259  -24.723261 (VIOLATED)
_20132_/CLK                             0.750000   25.473244  -24.723244 (VIOLATED)
_20142_/CLK                             0.750000   25.473246  -24.723246 (VIOLATED)
_20174_/CLK                             0.750000   25.473246  -24.723246 (VIOLATED)
_20238_/CLK                             0.750000   25.473246  -24.723246 (VIOLATED)
_20270_/CLK                             0.750000   25.473251  -24.723251 (VIOLATED)
_20308_/CLK                             0.750000   25.473261  -24.723263 (VIOLATED)
_20340_/CLK                             0.750000   25.473261  -24.723263 (VIOLATED)
_20358_/CLK                             0.750000   25.473284  -24.723284 (VIOLATED)
_20372_/CLK                             0.750000   25.473261  -24.723263 (VIOLATED)
_20390_/CLK                             0.750000   25.473284  -24.723284 (VIOLATED)
_20404_/CLK                             0.750000   25.473261  -24.723263 (VIOLATED)
_20430_/CLK                             0.750000   25.473246  -24.723246 (VIOLATED)
_20435_/CLK                             0.750000   25.473255  -24.723255 (VIOLATED)
_20436_/CLK                             0.750000   25.473261  -24.723263 (VIOLATED)
_20467_/CLK                             0.750000   25.473253  -24.723253 (VIOLATED)
_20468_/CLK                             0.750000   25.473261  -24.723263 (VIOLATED)
_20500_/CLK                             0.750000   25.473267  -24.723269 (VIOLATED)
_20516_/CLK                             0.750000   25.473251  -24.723251 (VIOLATED)
_20532_/CLK                             0.750000   25.473269  -24.723270 (VIOLATED)
_20563_/CLK                             0.750000   25.473257  -24.723259 (VIOLATED)
_20564_/CLK                             0.750000   25.473265  -24.723267 (VIOLATED)
_20590_/CLK                             0.750000   25.473257  -24.723257 (VIOLATED)
_20595_/CLK                             0.750000   25.473259  -24.723261 (VIOLATED)
_20596_/CLK                             0.750000   25.473265  -24.723267 (VIOLATED)
_20686_/CLK                             0.750000   25.473257  -24.723257 (VIOLATED)
_20691_/CLK                             0.750000   25.473259  -24.723261 (VIOLATED)
_20692_/CLK                             0.750000   25.473263  -24.723265 (VIOLATED)
_20875_/CLK                             0.750000   25.473257  -24.723259 (VIOLATED)
_20907_/CLK                             0.750000   25.473257  -24.723259 (VIOLATED)
_21667_/CLK                             0.750000   25.473267  -24.723269 (VIOLATED)
_21671_/CLK                             0.750000   25.473269  -24.723270 (VIOLATED)
_21672_/CLK                             0.750000   25.473269  -24.723270 (VIOLATED)
_21677_/CLK                             0.750000   25.473270  -24.723270 (VIOLATED)
_21685_/CLK                             0.750000   25.473270  -24.723270 (VIOLATED)
_21693_/CLK                             0.750000   25.473270  -24.723270 (VIOLATED)
_21697_/CLK                             0.750000   25.473269  -24.723270 (VIOLATED)
_21698_/CLK                             0.750000   25.473269  -24.723270 (VIOLATED)
_20147_/CLK                             0.750000   25.473219  -24.723219 (VIOLATED)
_20164_/CLK                             0.750000   25.473221  -24.723221 (VIOLATED)
_20196_/CLK                             0.750000   25.473240  -24.723242 (VIOLATED)
_20206_/CLK                             0.750000   25.473246  -24.723246 (VIOLATED)
_20228_/CLK                             0.750000   25.473221  -24.723221 (VIOLATED)
_20292_/CLK                             0.750000   25.473230  -24.723230 (VIOLATED)
_20307_/CLK                             0.750000   25.473217  -24.723217 (VIOLATED)
_20339_/CLK                             0.750000   25.473217  -24.723217 (VIOLATED)
_20356_/CLK                             0.750000   25.473228  -24.723228 (VIOLATED)
_20371_/CLK                             0.750000   25.473217  -24.723217 (VIOLATED)
_20388_/CLK                             0.750000   25.473217  -24.723217 (VIOLATED)
_20403_/CLK                             0.750000   25.473217  -24.723217 (VIOLATED)
_20420_/CLK                             0.750000   25.473227  -24.723227 (VIOLATED)
_20452_/CLK                             0.750000   25.473227  -24.723227 (VIOLATED)
_20462_/CLK                             0.750000   25.473244  -24.723244 (VIOLATED)
_20484_/CLK                             0.750000   25.473225  -24.723225 (VIOLATED)
_20494_/CLK                             0.750000   25.473242  -24.723244 (VIOLATED)
_20499_/CLK                             0.750000   25.473255  -24.723255 (VIOLATED)
_20526_/CLK                             0.750000   25.473242  -24.723244 (VIOLATED)
_20531_/CLK                             0.750000   25.473238  -24.723240 (VIOLATED)
_20558_/CLK                             0.750000   25.473257  -24.723257 (VIOLATED)
_20548_/CLK                             0.750000   25.473228  -24.723228 (VIOLATED)
_20580_/CLK                             0.750000   25.473228  -24.723228 (VIOLATED)
_20622_/CLK                             0.750000   25.473251  -24.723251 (VIOLATED)
_20654_/CLK                             0.750000   25.473255  -24.723255 (VIOLATED)
_20659_/CLK                             0.750000   25.473259  -24.723261 (VIOLATED)
_20660_/CLK                             0.750000   25.473263  -24.723265 (VIOLATED)
_20626_/CLK                             0.750000   25.473228  -24.723228 (VIOLATED)
_20644_/CLK                             0.750000   25.473228  -24.723228 (VIOLATED)
_20676_/CLK                             0.750000   25.473228  -24.723228 (VIOLATED)
_20718_/CLK                             0.750000   25.473251  -24.723251 (VIOLATED)
_20722_/CLK                             0.750000   25.473230  -24.723230 (VIOLATED)
_20750_/CLK                             0.750000   25.473232  -24.723232 (VIOLATED)
_20782_/CLK                             0.750000   25.473232  -24.723232 (VIOLATED)
_20814_/CLK                             0.750000   25.473232  -24.723232 (VIOLATED)
_20846_/CLK                             0.750000   25.473232  -24.723232 (VIOLATED)
_20137_/CLK                             0.750000   25.473192  -24.723192 (VIOLATED)
_20179_/CLK                             0.750000   25.473213  -24.723215 (VIOLATED)
_20233_/CLK                             0.750000   25.473192  -24.723192 (VIOLATED)
_20243_/CLK                             0.750000   25.473207  -24.723209 (VIOLATED)
_20324_/CLK                             0.750000   25.473215  -24.723217 (VIOLATED)
_20139_/CLK                             0.750000   25.473167  -24.723167 (VIOLATED)
_20145_/CLK                             0.750000   25.473188  -24.723190 (VIOLATED)
_20169_/CLK                             0.750000   25.473192  -24.723192 (VIOLATED)
_20171_/CLK                             0.750000   25.473169  -24.723169 (VIOLATED)
_20177_/CLK                             0.750000   25.473188  -24.723190 (VIOLATED)
_20201_/CLK                             0.750000   25.473190  -24.723192 (VIOLATED)
_20211_/CLK                             0.750000   25.473207  -24.723209 (VIOLATED)
_20209_/CLK                             0.750000   25.473181  -24.723183 (VIOLATED)
_20241_/CLK                             0.750000   25.473181  -24.723183 (VIOLATED)
_20266_/CLK                             0.750000   25.473202  -24.723202 (VIOLATED)
_20274_/CLK                             0.750000   25.473219  -24.723219 (VIOLATED)
_20306_/CLK                             0.750000   25.473183  -24.723185 (VIOLATED)
_20338_/CLK                             0.750000   25.473177  -24.723177 (VIOLATED)
_20370_/CLK                             0.750000   25.473181  -24.723181 (VIOLATED)
_20402_/CLK                             0.750000   25.473192  -24.723192 (VIOLATED)
_20618_/CLK                             0.750000   25.473200  -24.723200 (VIOLATED)
_20746_/CLK                             0.750000   25.473188  -24.723190 (VIOLATED)
_20810_/CLK                             0.750000   25.473164  -24.723166 (VIOLATED)
_20842_/CLK                             0.750000   25.473166  -24.723166 (VIOLATED)
_19959_/CLK                             0.750000   25.473133  -24.723135 (VIOLATED)
_19991_/CLK                             0.750000   25.473141  -24.723141 (VIOLATED)
_20017_/CLK                             0.750000   25.473148  -24.723148 (VIOLATED)
_20049_/CLK                             0.750000   25.473148  -24.723148 (VIOLATED)
_20081_/CLK                             0.750000   25.473146  -24.723146 (VIOLATED)
_20113_/CLK                             0.750000   25.473148  -24.723148 (VIOLATED)
_20151_/CLK                             0.750000   25.473139  -24.723141 (VIOLATED)
_20183_/CLK                             0.750000   25.473139  -24.723141 (VIOLATED)
_20203_/CLK                             0.750000   25.473150  -24.723150 (VIOLATED)
_20235_/CLK                             0.750000   25.473150  -24.723150 (VIOLATED)
_20247_/CLK                             0.750000   25.473139  -24.723141 (VIOLATED)
_20265_/CLK                             0.750000   25.473139  -24.723141 (VIOLATED)
_20267_/CLK                             0.750000   25.473137  -24.723139 (VIOLATED)
_20297_/CLK                             0.750000   25.473129  -24.723131 (VIOLATED)
_20311_/CLK                             0.750000   25.473139  -24.723141 (VIOLATED)
_20425_/CLK                             0.750000   25.473148  -24.723148 (VIOLATED)
_20585_/CLK                             0.750000   25.473150  -24.723150 (VIOLATED)
_20887_/CLK                             0.750000   25.473152  -24.723152 (VIOLATED)
_20919_/CLK                             0.750000   25.473148  -24.723148 (VIOLATED)
_19953_/CLK                             0.750000   25.473104  -24.723106 (VIOLATED)
_20361_/CLK                             0.750000   25.473124  -24.723124 (VIOLATED)
_20427_/CLK                             0.750000   25.473141  -24.723141 (VIOLATED)
_20434_/CLK                             0.750000   25.473135  -24.723137 (VIOLATED)
_20457_/CLK                             0.750000   25.473146  -24.723146 (VIOLATED)
_20459_/CLK                             0.750000   25.473143  -24.723143 (VIOLATED)
_20466_/CLK                             0.750000   25.473135  -24.723137 (VIOLATED)
_20489_/CLK                             0.750000   25.473145  -24.723145 (VIOLATED)
_20491_/CLK                             0.750000   25.473141  -24.723141 (VIOLATED)
_20498_/CLK                             0.750000   25.473135  -24.723137 (VIOLATED)
_20521_/CLK                             0.750000   25.473146  -24.723146 (VIOLATED)
_20523_/CLK                             0.750000   25.473139  -24.723141 (VIOLATED)
_20530_/CLK                             0.750000   25.473135  -24.723137 (VIOLATED)
_20553_/CLK                             0.750000   25.473150  -24.723150 (VIOLATED)
_20555_/CLK                             0.750000   25.473145  -24.723145 (VIOLATED)
_20587_/CLK                             0.750000   25.473145  -24.723145 (VIOLATED)
_20881_/CLK                             0.750000   25.473116  -24.723116 (VIOLATED)
_20913_/CLK                             0.750000   25.473116  -24.723116 (VIOLATED)
_19955_/CLK                             0.750000   25.473085  -24.723087 (VIOLATED)
_19985_/CLK                             0.750000   25.473103  -24.723103 (VIOLATED)
_19987_/CLK                             0.750000   25.473085  -24.723087 (VIOLATED)
_20019_/CLK                             0.750000   25.473095  -24.723095 (VIOLATED)
_20020_/CLK                             0.750000   25.473097  -24.723097 (VIOLATED)
_20051_/CLK                             0.750000   25.473095  -24.723095 (VIOLATED)
_20052_/CLK                             0.750000   25.473097  -24.723097 (VIOLATED)
_20083_/CLK                             0.750000   25.473089  -24.723089 (VIOLATED)
_20084_/CLK                             0.750000   25.473097  -24.723097 (VIOLATED)
_20115_/CLK                             0.750000   25.473089  -24.723089 (VIOLATED)
_20116_/CLK                             0.750000   25.473097  -24.723097 (VIOLATED)
_20138_/CLK                             0.750000   25.473097  -24.723097 (VIOLATED)
_20146_/CLK                             0.750000   25.473112  -24.723114 (VIOLATED)
_20170_/CLK                             0.750000   25.473095  -24.723095 (VIOLATED)
_20178_/CLK                             0.750000   25.473110  -24.723112 (VIOLATED)
_20363_/CLK                             0.750000   25.473108  -24.723110 (VIOLATED)
_20393_/CLK                             0.750000   25.473125  -24.723125 (VIOLATED)
_20395_/CLK                             0.750000   25.473110  -24.723112 (VIOLATED)
_20439_/CLK                             0.750000   25.473110  -24.723112 (VIOLATED)
_20471_/CLK                             0.750000   25.473110  -24.723112 (VIOLATED)
_20562_/CLK                             0.750000   25.473133  -24.723135 (VIOLATED)
_20594_/CLK                             0.750000   25.473129  -24.723129 (VIOLATED)
_20617_/CLK                             0.750000   25.473139  -24.723141 (VIOLATED)
_20619_/CLK                             0.750000   25.473135  -24.723137 (VIOLATED)
_20649_/CLK                             0.750000   25.473148  -24.723148 (VIOLATED)
_20651_/CLK                             0.750000   25.473145  -24.723145 (VIOLATED)
_20202_/CLK                             0.750000   25.473083  -24.723085 (VIOLATED)
_20210_/CLK                             0.750000   25.473104  -24.723106 (VIOLATED)
_20234_/CLK                             0.750000   25.473087  -24.723089 (VIOLATED)
_20242_/CLK                             0.750000   25.473108  -24.723110 (VIOLATED)
_20299_/CLK                             0.750000   25.473110  -24.723112 (VIOLATED)
_20329_/CLK                             0.750000   25.473131  -24.723133 (VIOLATED)
_20331_/CLK                             0.750000   25.473118  -24.723118 (VIOLATED)
_20330_/CLK                             0.750000   25.473080  -24.723082 (VIOLATED)
_20535_/CLK                             0.750000   25.473103  -24.723104 (VIOLATED)
_20658_/CLK                             0.750000   25.473127  -24.723127 (VIOLATED)
_20681_/CLK                             0.750000   25.473150  -24.723150 (VIOLATED)
_20778_/CLK                             0.750000   25.473169  -24.723169 (VIOLATED)
_20683_/CLK                             0.750000   25.473145  -24.723145 (VIOLATED)
_20690_/CLK                             0.750000   25.473129  -24.723129 (VIOLATED)
_20713_/CLK                             0.750000   25.473139  -24.723141 (VIOLATED)
_20715_/CLK                             0.750000   25.473135  -24.723137 (VIOLATED)
_20567_/CLK                             0.750000   25.473101  -24.723101 (VIOLATED)
_20599_/CLK                             0.750000   25.473101  -24.723101 (VIOLATED)
_20663_/CLK                             0.750000   25.473101  -24.723101 (VIOLATED)
_20695_/CLK                             0.750000   25.473101  -24.723101 (VIOLATED)
_20787_/CLK                             0.750000   25.473076  -24.723078 (VIOLATED)
_20883_/CLK                             0.750000   25.473093  -24.723093 (VIOLATED)
_20915_/CLK                             0.750000   25.473093  -24.723093 (VIOLATED)
_20125_/CLK                             0.750000   25.473042  -24.723042 (VIOLATED)
_20817_/CLK                             0.750000   25.473064  -24.723064 (VIOLATED)
_20819_/CLK                             0.750000   25.473076  -24.723078 (VIOLATED)
_20849_/CLK                             0.750000   25.473064  -24.723064 (VIOLATED)
_20851_/CLK                             0.750000   25.473076  -24.723078 (VIOLATED)
_21165_/CLK                             0.750000   25.473087  -24.723089 (VIOLATED)
_21166_/CLK                             0.750000   25.473087  -24.723089 (VIOLATED)
_20157_/CLK                             0.750000   25.473040  -24.723040 (VIOLATED)
_20215_/CLK                             0.750000   25.473063  -24.723063 (VIOLATED)
_20343_/CLK                             0.750000   25.473063  -24.723063 (VIOLATED)
_20375_/CLK                             0.750000   25.473066  -24.723066 (VIOLATED)
_20407_/CLK                             0.750000   25.473064  -24.723064 (VIOLATED)
_20458_/CLK                             0.750000   25.473072  -24.723072 (VIOLATED)
_20503_/CLK                             0.750000   25.473095  -24.723095 (VIOLATED)
_20522_/CLK                             0.750000   25.473068  -24.723068 (VIOLATED)
_20753_/CLK                             0.750000   25.473070  -24.723070 (VIOLATED)
_20755_/CLK                             0.750000   25.473076  -24.723078 (VIOLATED)
_20785_/CLK                             0.750000   25.473068  -24.723068 (VIOLATED)
_20189_/CLK                             0.750000   25.473028  -24.723030 (VIOLATED)
_20221_/CLK                             0.750000   25.473030  -24.723032 (VIOLATED)
_20273_/CLK                             0.750000   25.473051  -24.723053 (VIOLATED)
_20277_/CLK                             0.750000   25.473042  -24.723042 (VIOLATED)
_20426_/CLK                             0.750000   25.473019  -24.723019 (VIOLATED)
_20490_/CLK                             0.750000   25.473019  -24.723019 (VIOLATED)
_20554_/CLK                             0.750000   25.473017  -24.723017 (VIOLATED)
_20586_/CLK                             0.750000   25.473028  -24.723030 (VIOLATED)
_20625_/CLK                             0.750000   25.473051  -24.723053 (VIOLATED)
_20629_/CLK                             0.750000   25.473042  -24.723042 (VIOLATED)
_20682_/CLK                             0.750000   25.473036  -24.723036 (VIOLATED)
_20721_/CLK                             0.750000   25.473051  -24.723053 (VIOLATED)
_20725_/CLK                             0.750000   25.473064  -24.723064 (VIOLATED)
_20650_/CLK                             0.750000   25.473005  -24.723007 (VIOLATED)
_20757_/CLK                             0.750000   25.473001  -24.723003 (VIOLATED)
_20789_/CLK                             0.750000   25.472998  -24.722998 (VIOLATED)
_19957_/CLK                             0.750000   25.472960  -24.722960 (VIOLATED)
_19989_/CLK                             0.750000   25.472960  -24.722960 (VIOLATED)
_20021_/CLK                             0.750000   25.472963  -24.722963 (VIOLATED)
_20053_/CLK                             0.750000   25.472963  -24.722963 (VIOLATED)
_20085_/CLK                             0.750000   25.472963  -24.722963 (VIOLATED)
_20117_/CLK                             0.750000   25.472963  -24.722963 (VIOLATED)
_20821_/CLK                             0.750000   25.472982  -24.722984 (VIOLATED)
_20853_/CLK                             0.750000   25.472984  -24.722984 (VIOLATED)
_20250_/CLK                             0.750000   25.472954  -24.722956 (VIOLATED)
_20285_/CLK                             0.750000   25.472958  -24.722960 (VIOLATED)
_20298_/CLK                             0.750000   25.472971  -24.722971 (VIOLATED)
_20317_/CLK                             0.750000   25.472960  -24.722960 (VIOLATED)
_20362_/CLK                             0.750000   25.472971  -24.722971 (VIOLATED)
_20381_/CLK                             0.750000   25.472960  -24.722960 (VIOLATED)
_20394_/CLK                             0.750000   25.472971  -24.722971 (VIOLATED)
_20602_/CLK                             0.750000   25.472950  -24.722952 (VIOLATED)
_20698_/CLK                             0.750000   25.472956  -24.722958 (VIOLATED)
_20885_/CLK                             0.750000   25.472961  -24.722961 (VIOLATED)
_20917_/CLK                             0.750000   25.472960  -24.722960 (VIOLATED)
_20349_/CLK                             0.750000   25.472925  -24.722927 (VIOLATED)
_20438_/CLK                             0.750000   25.472923  -24.722925 (VIOLATED)
_20470_/CLK                             0.750000   25.472927  -24.722929 (VIOLATED)
_21107_/CLK                             0.750000   25.472935  -24.722935 (VIOLATED)
_21162_/CLK                             0.750000   25.472925  -24.722927 (VIOLATED)
_21396_/CLK                             0.750000   25.472923  -24.722925 (VIOLATED)
_21397_/CLK                             0.750000   25.472923  -24.722925 (VIOLATED)
_21398_/CLK                             0.750000   25.472923  -24.722925 (VIOLATED)
_21403_/CLK                             0.750000   25.472918  -24.722918 (VIOLATED)
_21406_/CLK                             0.750000   25.472906  -24.722908 (VIOLATED)
_21409_/CLK                             0.750000   25.472919  -24.722919 (VIOLATED)
_21411_/CLK                             0.750000   25.472921  -24.722923 (VIOLATED)
_21412_/CLK                             0.750000   25.472923  -24.722925 (VIOLATED)
_21413_/CLK                             0.750000   25.472919  -24.722919 (VIOLATED)
_21414_/CLK                             0.750000   25.472919  -24.722919 (VIOLATED)
_21415_/CLK                             0.750000   25.472925  -24.722927 (VIOLATED)
_21417_/CLK                             0.750000   25.472925  -24.722927 (VIOLATED)
_21418_/CLK                             0.750000   25.472925  -24.722927 (VIOLATED)
_21419_/CLK                             0.750000   25.472919  -24.722919 (VIOLATED)
_21422_/CLK                             0.750000   25.472919  -24.722919 (VIOLATED)
_20758_/CLK                             0.750000   25.472868  -24.722868 (VIOLATED)
_20790_/CLK                             0.750000   25.472872  -24.722874 (VIOLATED)
_21410_/CLK                             0.750000   25.472876  -24.722878 (VIOLATED)
_20822_/CLK                             0.750000   25.472851  -24.722853 (VIOLATED)
_20854_/CLK                             0.750000   25.472853  -24.722855 (VIOLATED)
_19958_/CLK                             0.750000   25.472784  -24.722784 (VIOLATED)
_19990_/CLK                             0.750000   25.472792  -24.722792 (VIOLATED)
_20886_/CLK                             0.750000   25.472805  -24.722805 (VIOLATED)
_20918_/CLK                             0.750000   25.472811  -24.722811 (VIOLATED)
_21407_/CLK                             0.750000   25.472822  -24.722824 (VIOLATED)
_21408_/CLK                             0.750000   25.472797  -24.722799 (VIOLATED)
_21278_/CLK                             0.750000   25.472740  -24.722742 (VIOLATED)
_19993_/CLK                             0.750000   25.472715  -24.722717 (VIOLATED)
_20025_/CLK                             0.750000   25.472712  -24.722712 (VIOLATED)
_20057_/CLK                             0.750000   25.472689  -24.722691 (VIOLATED)
_20089_/CLK                             0.750000   25.472696  -24.722698 (VIOLATED)
_20136_/CLK                             0.750000   25.472662  -24.722664 (VIOLATED)
_20168_/CLK                             0.750000   25.472662  -24.722664 (VIOLATED)
_20200_/CLK                             0.750000   25.472662  -24.722662 (VIOLATED)
_20232_/CLK                             0.750000   25.472662  -24.722662 (VIOLATED)
_21079_/CLK                             0.750000   25.472679  -24.722679 (VIOLATED)
_19843_/CLK                             0.750000   25.472635  -24.722635 (VIOLATED)
_20424_/CLK                             0.750000   25.472654  -24.722654 (VIOLATED)
_20456_/CLK                             0.750000   25.472654  -24.722654 (VIOLATED)
_20488_/CLK                             0.750000   25.472654  -24.722654 (VIOLATED)
_20150_/CLK                             0.750000   25.472628  -24.722628 (VIOLATED)
_20182_/CLK                             0.750000   25.472628  -24.722628 (VIOLATED)
_20214_/CLK                             0.750000   25.472628  -24.722628 (VIOLATED)
_20246_/CLK                             0.750000   25.472628  -24.722628 (VIOLATED)
_20249_/CLK                             0.750000   25.472641  -24.722643 (VIOLATED)
_20374_/CLK                             0.750000   25.472626  -24.722626 (VIOLATED)
_20502_/CLK                             0.750000   25.472637  -24.722639 (VIOLATED)
_20520_/CLK                             0.750000   25.472654  -24.722654 (VIOLATED)
_20534_/CLK                             0.750000   25.472637  -24.722639 (VIOLATED)
_20552_/CLK                             0.750000   25.472660  -24.722660 (VIOLATED)
_20566_/CLK                             0.750000   25.472649  -24.722649 (VIOLATED)
_20584_/CLK                             0.750000   25.472660  -24.722660 (VIOLATED)
_20598_/CLK                             0.750000   25.472649  -24.722649 (VIOLATED)
_20648_/CLK                             0.750000   25.472660  -24.722660 (VIOLATED)
_20662_/CLK                             0.750000   25.472645  -24.722647 (VIOLATED)
_20680_/CLK                             0.750000   25.472660  -24.722660 (VIOLATED)
_20694_/CLK                             0.750000   25.472647  -24.722649 (VIOLATED)
_20341_/CLK                             0.750000   25.472601  -24.722601 (VIOLATED)
_20342_/CLK                             0.750000   25.472624  -24.722624 (VIOLATED)
_19848_/CLK                             0.750000   25.472563  -24.722565 (VIOLATED)
_19936_/CLK                             0.750000   25.472570  -24.722570 (VIOLATED)
_19968_/CLK                             0.750000   25.472572  -24.722572 (VIOLATED)
_20118_/CLK                             0.750000   25.472591  -24.722593 (VIOLATED)
_20278_/CLK                             0.750000   25.472605  -24.722605 (VIOLATED)
_20310_/CLK                             0.750000   25.472626  -24.722626 (VIOLATED)
_20305_/CLK                             0.750000   25.472601  -24.722601 (VIOLATED)
_20309_/CLK                             0.750000   25.472601  -24.722601 (VIOLATED)
_19994_/CLK                             0.750000   25.472559  -24.722561 (VIOLATED)
_20022_/CLK                             0.750000   25.472569  -24.722570 (VIOLATED)
_20086_/CLK                             0.750000   25.472586  -24.722588 (VIOLATED)
_20026_/CLK                             0.750000   25.472559  -24.722561 (VIOLATED)
_20054_/CLK                             0.750000   25.472582  -24.722582 (VIOLATED)
_20346_/CLK                             0.750000   25.472582  -24.722582 (VIOLATED)
_20369_/CLK                             0.750000   25.472601  -24.722601 (VIOLATED)
_20373_/CLK                             0.750000   25.472601  -24.722601 (VIOLATED)
_20378_/CLK                             0.750000   25.472582  -24.722582 (VIOLATED)
_20401_/CLK                             0.750000   25.472599  -24.722599 (VIOLATED)
_20405_/CLK                             0.750000   25.472601  -24.722601 (VIOLATED)
_20406_/CLK                             0.750000   25.472624  -24.722624 (VIOLATED)
_20433_/CLK                             0.750000   25.472591  -24.722593 (VIOLATED)
_20465_/CLK                             0.750000   25.472591  -24.722593 (VIOLATED)
_20565_/CLK                             0.750000   25.472599  -24.722599 (VIOLATED)
_20570_/CLK                             0.750000   25.472589  -24.722591 (VIOLATED)
_20593_/CLK                             0.750000   25.472597  -24.722597 (VIOLATED)
_20597_/CLK                             0.750000   25.472599  -24.722599 (VIOLATED)
_20601_/CLK                             0.750000   25.472589  -24.722591 (VIOLATED)
_20630_/CLK                             0.750000   25.472610  -24.722610 (VIOLATED)
_20634_/CLK                             0.750000   25.472588  -24.722589 (VIOLATED)
_20657_/CLK                             0.750000   25.472595  -24.722597 (VIOLATED)
_20661_/CLK                             0.750000   25.472597  -24.722597 (VIOLATED)
_20666_/CLK                             0.750000   25.472588  -24.722589 (VIOLATED)
_20689_/CLK                             0.750000   25.472595  -24.722597 (VIOLATED)
_20693_/CLK                             0.750000   25.472597  -24.722597 (VIOLATED)
_20697_/CLK                             0.750000   25.472589  -24.722591 (VIOLATED)
_20726_/CLK                             0.750000   25.472612  -24.722614 (VIOLATED)
_20120_/CLK                             0.750000   25.472557  -24.722557 (VIOLATED)
_20122_/CLK                             0.750000   25.472565  -24.722567 (VIOLATED)
_20144_/CLK                             0.750000   25.472572  -24.722572 (VIOLATED)
_20149_/CLK                             0.750000   25.472586  -24.722588 (VIOLATED)
_20152_/CLK                             0.750000   25.472557  -24.722557 (VIOLATED)
_20154_/CLK                             0.750000   25.472565  -24.722567 (VIOLATED)
_20176_/CLK                             0.750000   25.472572  -24.722572 (VIOLATED)
_20181_/CLK                             0.750000   25.472586  -24.722588 (VIOLATED)
_20410_/CLK                             0.750000   25.472557  -24.722557 (VIOLATED)
_20437_/CLK                             0.750000   25.472570  -24.722570 (VIOLATED)
_20442_/CLK                             0.750000   25.472557  -24.722557 (VIOLATED)
_20469_/CLK                             0.750000   25.472572  -24.722572 (VIOLATED)
_20474_/CLK                             0.750000   25.472593  -24.722595 (VIOLATED)
_20497_/CLK                             0.750000   25.472591  -24.722593 (VIOLATED)
_20501_/CLK                             0.750000   25.472597  -24.722597 (VIOLATED)
_20506_/CLK                             0.750000   25.472593  -24.722595 (VIOLATED)
_20529_/CLK                             0.750000   25.472591  -24.722593 (VIOLATED)
_20533_/CLK                             0.750000   25.472597  -24.722597 (VIOLATED)
_20538_/CLK                             0.750000   25.472589  -24.722591 (VIOLATED)
_20561_/CLK                             0.750000   25.472597  -24.722597 (VIOLATED)
_20752_/CLK                             0.750000   25.472574  -24.722574 (VIOLATED)
_20784_/CLK                             0.750000   25.472574  -24.722574 (VIOLATED)
_20816_/CLK                             0.750000   25.472572  -24.722572 (VIOLATED)
_20848_/CLK                             0.750000   25.472574  -24.722574 (VIOLATED)
_20864_/CLK                             0.750000   25.472572  -24.722572 (VIOLATED)
_20896_/CLK                             0.750000   25.472572  -24.722572 (VIOLATED)
_21201_/CLK                             0.750000   25.472565  -24.722567 (VIOLATED)
_21281_/CLK                             0.750000   25.472565  -24.722567 (VIOLATED)
_19930_/CLK                             0.750000   25.472532  -24.722532 (VIOLATED)
_19962_/CLK                             0.750000   25.472532  -24.722532 (VIOLATED)
_20000_/CLK                             0.750000   25.472548  -24.722548 (VIOLATED)
_20032_/CLK                             0.750000   25.472546  -24.722546 (VIOLATED)
_20058_/CLK                             0.750000   25.472557  -24.722557 (VIOLATED)
_20090_/CLK                             0.750000   25.472559  -24.722559 (VIOLATED)
_20064_/CLK                             0.750000   25.472528  -24.722528 (VIOLATED)
_20096_/CLK                             0.750000   25.472530  -24.722530 (VIOLATED)
_20184_/CLK                             0.750000   25.472548  -24.722548 (VIOLATED)
_20186_/CLK                             0.750000   25.472565  -24.722567 (VIOLATED)
_20208_/CLK                             0.750000   25.472570  -24.722570 (VIOLATED)
_20213_/CLK                             0.750000   25.472578  -24.722578 (VIOLATED)
_20216_/CLK                             0.750000   25.472548  -24.722548 (VIOLATED)
_20218_/CLK                             0.750000   25.472565  -24.722567 (VIOLATED)
_20240_/CLK                             0.750000   25.472570  -24.722570 (VIOLATED)
_20245_/CLK                             0.750000   25.472582  -24.722582 (VIOLATED)
_20282_/CLK                             0.750000   25.472582  -24.722582 (VIOLATED)
_20256_/CLK                             0.750000   25.472542  -24.722544 (VIOLATED)
_20304_/CLK                             0.750000   25.472565  -24.722567 (VIOLATED)
_20314_/CLK                             0.750000   25.472582  -24.722582 (VIOLATED)
_20337_/CLK                             0.750000   25.472601  -24.722601 (VIOLATED)
_20336_/CLK                             0.750000   25.472565  -24.722567 (VIOLATED)
_20280_/CLK                             0.750000   25.472530  -24.722530 (VIOLATED)
_20312_/CLK                             0.750000   25.472530  -24.722530 (VIOLATED)
_20344_/CLK                             0.750000   25.472521  -24.722521 (VIOLATED)
_20376_/CLK                             0.750000   25.472521  -24.722521 (VIOLATED)
_20408_/CLK                             0.750000   25.472528  -24.722528 (VIOLATED)
_20416_/CLK                             0.750000   25.472523  -24.722523 (VIOLATED)
_20440_/CLK                             0.750000   25.472528  -24.722528 (VIOLATED)
_20448_/CLK                             0.750000   25.472523  -24.722523 (VIOLATED)
_20472_/CLK                             0.750000   25.472528  -24.722528 (VIOLATED)
_20480_/CLK                             0.750000   25.472523  -24.722523 (VIOLATED)
_20504_/CLK                             0.750000   25.472528  -24.722528 (VIOLATED)
_20512_/CLK                             0.750000   25.472523  -24.722523 (VIOLATED)
_20536_/CLK                             0.750000   25.472527  -24.722527 (VIOLATED)
_20544_/CLK                             0.750000   25.472519  -24.722519 (VIOLATED)
_20568_/CLK                             0.750000   25.472527  -24.722527 (VIOLATED)
_20858_/CLK                             0.750000   25.472540  -24.722542 (VIOLATED)
_20890_/CLK                             0.750000   25.472540  -24.722542 (VIOLATED)
_20576_/CLK                             0.750000   25.472513  -24.722515 (VIOLATED)
_20632_/CLK                             0.750000   25.472525  -24.722525 (VIOLATED)
_20794_/CLK                             0.750000   25.472509  -24.722511 (VIOLATED)
_20826_/CLK                             0.750000   25.472507  -24.722509 (VIOLATED)
_19928_/CLK                             0.750000   25.472483  -24.722483 (VIOLATED)
_20128_/CLK                             0.750000   25.472506  -24.722506 (VIOLATED)
_20192_/CLK                             0.750000   25.472498  -24.722498 (VIOLATED)
_19929_/CLK                             0.750000   25.472473  -24.722473 (VIOLATED)
_19960_/CLK                             0.750000   25.472483  -24.722483 (VIOLATED)
_19961_/CLK                             0.750000   25.472477  -24.722477 (VIOLATED)
_19992_/CLK                             0.750000   25.472483  -24.722485 (VIOLATED)
_20024_/CLK                             0.750000   25.472483  -24.722485 (VIOLATED)
_20288_/CLK                             0.750000   25.472496  -24.722496 (VIOLATED)
_20352_/CLK                             0.750000   25.472486  -24.722488 (VIOLATED)
_20608_/CLK                             0.750000   25.472500  -24.722500 (VIOLATED)
_20640_/CLK                             0.750000   25.472515  -24.722517 (VIOLATED)
_20664_/CLK                             0.750000   25.472527  -24.722527 (VIOLATED)
_20672_/CLK                             0.750000   25.472513  -24.722515 (VIOLATED)
_20704_/CLK                             0.750000   25.472513  -24.722515 (VIOLATED)
_20730_/CLK                             0.750000   25.472509  -24.722511 (VIOLATED)
_20762_/CLK                             0.750000   25.472509  -24.722511 (VIOLATED)
_20856_/CLK                             0.750000   25.472483  -24.722485 (VIOLATED)
_20857_/CLK                             0.750000   25.472485  -24.722486 (VIOLATED)
_20888_/CLK                             0.750000   25.472483  -24.722485 (VIOLATED)
_20056_/CLK                             0.750000   25.472458  -24.722460 (VIOLATED)
_20088_/CLK                             0.750000   25.472458  -24.722460 (VIOLATED)
_20889_/CLK                             0.750000   25.472483  -24.722483 (VIOLATED)
_20160_/CLK                             0.750000   25.472448  -24.722448 (VIOLATED)
_20224_/CLK                             0.750000   25.472441  -24.722443 (VIOLATED)
_20248_/CLK                             0.750000   25.472456  -24.722458 (VIOLATED)
_20320_/CLK                             0.750000   25.472454  -24.722454 (VIOLATED)
_20384_/CLK                             0.750000   25.472458  -24.722460 (VIOLATED)
_20441_/CLK                             0.750000   25.472456  -24.722458 (VIOLATED)
_20505_/CLK                             0.750000   25.472458  -24.722460 (VIOLATED)
_20600_/CLK                             0.750000   25.472456  -24.722458 (VIOLATED)
_20696_/CLK                             0.750000   25.472456  -24.722458 (VIOLATED)
_20728_/CLK                             0.750000   25.472450  -24.722450 (VIOLATED)
_20760_/CLK                             0.750000   25.472450  -24.722450 (VIOLATED)
_20792_/CLK                             0.750000   25.472450  -24.722450 (VIOLATED)
_20824_/CLK                             0.750000   25.472450  -24.722450 (VIOLATED)
_21405_/CLK                             0.750000   25.472450  -24.722450 (VIOLATED)
_20281_/CLK                             0.750000   25.472408  -24.722410 (VIOLATED)
_20313_/CLK                             0.750000   25.472406  -24.722408 (VIOLATED)
_20409_/CLK                             0.750000   25.472424  -24.722424 (VIOLATED)
_20569_/CLK                             0.750000   25.472416  -24.722416 (VIOLATED)
_20633_/CLK                             0.750000   25.472416  -24.722416 (VIOLATED)
_20665_/CLK                             0.750000   25.472416  -24.722416 (VIOLATED)
_20736_/CLK                             0.750000   25.472422  -24.722422 (VIOLATED)
_19847_/CLK                             0.750000   25.472380  -24.722382 (VIOLATED)
_20345_/CLK                             0.750000   25.472389  -24.722389 (VIOLATED)
_20377_/CLK                             0.750000   25.472401  -24.722401 (VIOLATED)
_20473_/CLK                             0.750000   25.472404  -24.722406 (VIOLATED)
_20537_/CLK                             0.750000   25.472416  -24.722416 (VIOLATED)
_20768_/CLK                             0.750000   25.472412  -24.722414 (VIOLATED)
_20729_/CLK                             0.750000   25.472355  -24.722357 (VIOLATED)
_20761_/CLK                             0.750000   25.472357  -24.722359 (VIOLATED)
_20793_/CLK                             0.750000   25.472378  -24.722380 (VIOLATED)
_20800_/CLK                             0.750000   25.472393  -24.722393 (VIOLATED)
_20825_/CLK                             0.750000   25.472378  -24.722380 (VIOLATED)
_20832_/CLK                             0.750000   25.472403  -24.722403 (VIOLATED)
_20121_/CLK                             0.750000   25.472328  -24.722330 (VIOLATED)
_20153_/CLK                             0.750000   25.472328  -24.722330 (VIOLATED)
_20185_/CLK                             0.750000   25.472328  -24.722330 (VIOLATED)
_20217_/CLK                             0.750000   25.472328  -24.722330 (VIOLATED)
_21011_/CLK                             0.750000   25.472342  -24.722342 (VIOLATED)
_21012_/CLK                             0.750000   25.472334  -24.722336 (VIOLATED)
_20979_/CLK                             0.750000   25.472300  -24.722300 (VIOLATED)
_21041_/CLK                             0.750000   25.472305  -24.722307 (VIOLATED)
_21042_/CLK                             0.750000   25.472319  -24.722319 (VIOLATED)
_21043_/CLK                             0.750000   25.472328  -24.722330 (VIOLATED)
_21044_/CLK                             0.750000   25.472326  -24.722328 (VIOLATED)
_21105_/CLK                             0.750000   25.472324  -24.722324 (VIOLATED)
_21045_/CLK                             0.750000   25.472296  -24.722296 (VIOLATED)
_21200_/CLK                             0.750000   25.472319  -24.722319 (VIOLATED)
_20946_/CLK                             0.750000   25.472265  -24.722265 (VIOLATED)
_20980_/CLK                             0.750000   25.472279  -24.722281 (VIOLATED)
_21010_/CLK                             0.750000   25.472288  -24.722288 (VIOLATED)
_20981_/CLK                             0.750000   25.472260  -24.722261 (VIOLATED)
_20945_/CLK                             0.750000   25.472223  -24.722223 (VIOLATED)
_21009_/CLK                             0.750000   25.472239  -24.722239 (VIOLATED)
_21007_/CLK                             0.750000   25.472208  -24.722210 (VIOLATED)
_21008_/CLK                             0.750000   25.472197  -24.722198 (VIOLATED)
_19846_/CLK                             0.750000   25.472166  -24.722166 (VIOLATED)
_19949_/CLK                             0.750000   25.472143  -24.722143 (VIOLATED)
_19981_/CLK                             0.750000   25.472143  -24.722143 (VIOLATED)
_20272_/CLK                             0.750000   25.472162  -24.722162 (VIOLATED)
_20368_/CLK                             0.750000   25.472155  -24.722157 (VIOLATED)
_20400_/CLK                             0.750000   25.472155  -24.722157 (VIOLATED)
_20432_/CLK                             0.750000   25.472153  -24.722155 (VIOLATED)
_20464_/CLK                             0.750000   25.472153  -24.722155 (VIOLATED)
_20496_/CLK                             0.750000   25.472155  -24.722157 (VIOLATED)
_20528_/CLK                             0.750000   25.472155  -24.722157 (VIOLATED)
_20560_/CLK                             0.750000   25.472160  -24.722160 (VIOLATED)
_20592_/CLK                             0.750000   25.472160  -24.722160 (VIOLATED)
_20624_/CLK                             0.750000   25.472162  -24.722162 (VIOLATED)
_20656_/CLK                             0.750000   25.472157  -24.722157 (VIOLATED)
_20688_/CLK                             0.750000   25.472158  -24.722158 (VIOLATED)
_20720_/CLK                             0.750000   25.472162  -24.722162 (VIOLATED)
_20013_/CLK                             0.750000   25.472124  -24.722126 (VIOLATED)
_20045_/CLK                             0.750000   25.472124  -24.722126 (VIOLATED)
_20077_/CLK                             0.750000   25.472124  -24.722126 (VIOLATED)
_20109_/CLK                             0.750000   25.472124  -24.722126 (VIOLATED)
_20877_/CLK                             0.750000   25.472147  -24.722149 (VIOLATED)
_20909_/CLK                             0.750000   25.472147  -24.722149 (VIOLATED)
_21149_/CLK                             0.750000   25.472164  -24.722164 (VIOLATED)
_21280_/CLK                             0.750000   25.472166  -24.722166 (VIOLATED)
_21372_/CLK                             0.750000   25.472170  -24.722170 (VIOLATED)
_21373_/CLK                             0.750000   25.472174  -24.722176 (VIOLATED)
_21374_/CLK                             0.750000   25.472176  -24.722178 (VIOLATED)
_21375_/CLK                             0.750000   25.472179  -24.722181 (VIOLATED)
_21376_/CLK                             0.750000   25.472183  -24.722183 (VIOLATED)
_21377_/CLK                             0.750000   25.472189  -24.722189 (VIOLATED)
_21378_/CLK                             0.750000   25.472191  -24.722191 (VIOLATED)
_21380_/CLK                             0.750000   25.472191  -24.722191 (VIOLATED)
_21381_/CLK                             0.750000   25.472191  -24.722191 (VIOLATED)
_21713_/CLK                             0.750000   25.472185  -24.722185 (VIOLATED)
_21714_/CLK                             0.750000   25.472187  -24.722187 (VIOLATED)
_21736_/CLK                             0.750000   25.472187  -24.722187 (VIOLATED)
_21737_/CLK                             0.750000   25.472187  -24.722187 (VIOLATED)
_20141_/CLK                             0.750000   25.472118  -24.722118 (VIOLATED)
_20173_/CLK                             0.750000   25.472120  -24.722120 (VIOLATED)
_20205_/CLK                             0.750000   25.472118  -24.722118 (VIOLATED)
_20237_/CLK                             0.750000   25.472120  -24.722120 (VIOLATED)
_20269_/CLK                             0.750000   25.472130  -24.722132 (VIOLATED)
_20301_/CLK                             0.750000   25.472115  -24.722115 (VIOLATED)
_20333_/CLK                             0.750000   25.472107  -24.722107 (VIOLATED)
_20365_/CLK                             0.750000   25.472116  -24.722116 (VIOLATED)
_20621_/CLK                             0.750000   25.472132  -24.722132 (VIOLATED)
_20717_/CLK                             0.750000   25.472132  -24.722132 (VIOLATED)
_20397_/CLK                             0.750000   25.472107  -24.722107 (VIOLATED)
_20525_/CLK                             0.750000   25.472120  -24.722122 (VIOLATED)
_20749_/CLK                             0.750000   25.472122  -24.722124 (VIOLATED)
_20781_/CLK                             0.750000   25.472122  -24.722124 (VIOLATED)
_20813_/CLK                             0.750000   25.472120  -24.722122 (VIOLATED)
_20845_/CLK                             0.750000   25.472120  -24.722122 (VIOLATED)
_20944_/CLK                             0.750000   25.472141  -24.722141 (VIOLATED)
_21151_/CLK                             0.750000   25.472143  -24.722143 (VIOLATED)
_21393_/CLK                             0.750000   25.472132  -24.722132 (VIOLATED)
_21394_/CLK                             0.750000   25.472136  -24.722136 (VIOLATED)
_21416_/CLK                             0.750000   25.472143  -24.722143 (VIOLATED)
_21420_/CLK                             0.750000   25.472151  -24.722153 (VIOLATED)
_21421_/CLK                             0.750000   25.472157  -24.722157 (VIOLATED)
_21423_/CLK                             0.750000   25.472136  -24.722136 (VIOLATED)
_20943_/CLK                             0.750000   25.472088  -24.722088 (VIOLATED)
_20975_/CLK                             0.750000   25.472076  -24.722078 (VIOLATED)
_20976_/CLK                             0.750000   25.472078  -24.722080 (VIOLATED)
_20977_/CLK                             0.750000   25.472078  -24.722080 (VIOLATED)
_20978_/CLK                             0.750000   25.472078  -24.722080 (VIOLATED)
_21038_/CLK                             0.750000   25.472071  -24.722073 (VIOLATED)
_21039_/CLK                             0.750000   25.472082  -24.722082 (VIOLATED)
_21040_/CLK                             0.750000   25.472088  -24.722088 (VIOLATED)
_21243_/CLK                             0.750000   25.472073  -24.722075 (VIOLATED)
_21392_/CLK                             0.750000   25.472076  -24.722078 (VIOLATED)
_21395_/CLK                             0.750000   25.472075  -24.722076 (VIOLATED)
_21399_/CLK                             0.750000   25.472095  -24.722097 (VIOLATED)
_21404_/CLK                             0.750000   25.472094  -24.722095 (VIOLATED)
_19937_/CLK                             0.750000   25.472034  -24.722034 (VIOLATED)
_19969_/CLK                             0.750000   25.472034  -24.722034 (VIOLATED)
_20123_/CLK                             0.750000   25.472052  -24.722054 (VIOLATED)
_20129_/CLK                             0.750000   25.472034  -24.722034 (VIOLATED)
_20155_/CLK                             0.750000   25.472052  -24.722054 (VIOLATED)
_20161_/CLK                             0.750000   25.472034  -24.722034 (VIOLATED)
_20187_/CLK                             0.750000   25.472052  -24.722054 (VIOLATED)
_20193_/CLK                             0.750000   25.472036  -24.722036 (VIOLATED)
_20219_/CLK                             0.750000   25.472052  -24.722054 (VIOLATED)
_20225_/CLK                             0.750000   25.472033  -24.722033 (VIOLATED)
_20411_/CLK                             0.750000   25.472054  -24.722054 (VIOLATED)
_20289_/CLK                             0.750000   25.472023  -24.722025 (VIOLATED)
_20321_/CLK                             0.750000   25.472023  -24.722025 (VIOLATED)
_20353_/CLK                             0.750000   25.472023  -24.722025 (VIOLATED)
_20385_/CLK                             0.750000   25.472023  -24.722025 (VIOLATED)
_20429_/CLK                             0.750000   25.472042  -24.722044 (VIOLATED)
_20443_/CLK                             0.750000   25.472054  -24.722054 (VIOLATED)
_20461_/CLK                             0.750000   25.472042  -24.722044 (VIOLATED)
_20475_/CLK                             0.750000   25.472054  -24.722054 (VIOLATED)
_20493_/CLK                             0.750000   25.472042  -24.722044 (VIOLATED)
_20507_/CLK                             0.750000   25.472054  -24.722054 (VIOLATED)
_20557_/CLK                             0.750000   25.472042  -24.722044 (VIOLATED)
_20589_/CLK                             0.750000   25.472042  -24.722044 (VIOLATED)
_20653_/CLK                             0.750000   25.472042  -24.722044 (VIOLATED)
_20685_/CLK                             0.750000   25.472042  -24.722044 (VIOLATED)
_20737_/CLK                             0.750000   25.472048  -24.722050 (VIOLATED)
_20769_/CLK                             0.750000   25.472048  -24.722050 (VIOLATED)
_20801_/CLK                             0.750000   25.472046  -24.722048 (VIOLATED)
_20833_/CLK                             0.750000   25.472046  -24.722048 (VIOLATED)
_21400_/CLK                             0.750000   25.472065  -24.722065 (VIOLATED)
_20865_/CLK                             0.750000   25.472036  -24.722036 (VIOLATED)
_20897_/CLK                             0.750000   25.472036  -24.722036 (VIOLATED)
_21035_/CLK                             0.750000   25.472040  -24.722040 (VIOLATED)
_21036_/CLK                             0.750000   25.472042  -24.722042 (VIOLATED)
_21037_/CLK                             0.750000   25.472042  -24.722042 (VIOLATED)
_21402_/CLK                             0.750000   25.472042  -24.722044 (VIOLATED)
_20545_/CLK                             0.750000   25.471991  -24.721991 (VIOLATED)
_20577_/CLK                             0.750000   25.471991  -24.721991 (VIOLATED)
_20641_/CLK                             0.750000   25.471991  -24.721991 (VIOLATED)
_20673_/CLK                             0.750000   25.471991  -24.721991 (VIOLATED)
_21080_/CLK                             0.750000   25.472010  -24.722010 (VIOLATED)
_21081_/CLK                             0.750000   25.472012  -24.722012 (VIOLATED)
_21108_/CLK                             0.750000   25.471991  -24.721992 (VIOLATED)
_21112_/CLK                             0.750000   25.472006  -24.722006 (VIOLATED)
_21113_/CLK                             0.750000   25.472012  -24.722012 (VIOLATED)
_21163_/CLK                             0.750000   25.471989  -24.721989 (VIOLATED)
_21168_/CLK                             0.750000   25.471989  -24.721989 (VIOLATED)
_21202_/CLK                             0.750000   25.472000  -24.722002 (VIOLATED)
_21282_/CLK                             0.750000   25.471991  -24.721992 (VIOLATED)
_21401_/CLK                             0.750000   25.472013  -24.722013 (VIOLATED)
_20942_/CLK                             0.750000   25.471945  -24.721947 (VIOLATED)
_21076_/CLK                             0.750000   25.471964  -24.721964 (VIOLATED)
_21277_/CLK                             0.750000   25.471958  -24.721958 (VIOLATED)
_21006_/CLK                             0.750000   25.471930  -24.721930 (VIOLATED)
_21071_/CLK                             0.750000   25.471912  -24.721914 (VIOLATED)
_21072_/CLK                             0.750000   25.471912  -24.721914 (VIOLATED)
_21103_/CLK                             0.750000   25.471912  -24.721914 (VIOLATED)
_21104_/CLK                             0.750000   25.471912  -24.721914 (VIOLATED)
_21158_/CLK                             0.750000   25.471924  -24.721924 (VIOLATED)
_21192_/CLK                             0.750000   25.471912  -24.721912 (VIOLATED)
_21273_/CLK                             0.750000   25.471912  -24.721912 (VIOLATED)
_19838_/CLK                             0.750000   25.471880  -24.721880 (VIOLATED)
_19841_/CLK                             0.750000   25.471882  -24.721882 (VIOLATED)
_19850_/CLK                             0.750000   25.471880  -24.721880 (VIOLATED)
_21073_/CLK                             0.750000   25.471882  -24.721882 (VIOLATED)
_21193_/CLK                             0.750000   25.471888  -24.721888 (VIOLATED)
_21194_/CLK                             0.750000   25.471882  -24.721882 (VIOLATED)
_20938_/CLK                             0.750000   25.471830  -24.721830 (VIOLATED)
_21070_/CLK                             0.750000   25.471846  -24.721848 (VIOLATED)
_21082_/CLK                             0.750000   25.471848  -24.721848 (VIOLATED)
_21102_/CLK                             0.750000   25.471846  -24.721848 (VIOLATED)
_21114_/CLK                             0.750000   25.471848  -24.721848 (VIOLATED)
_21141_/CLK                             0.750000   25.471848  -24.721848 (VIOLATED)
_21159_/CLK                             0.750000   25.471867  -24.721869 (VIOLATED)
_21169_/CLK                             0.750000   25.471842  -24.721844 (VIOLATED)
_21191_/CLK                             0.750000   25.471844  -24.721846 (VIOLATED)
_21203_/CLK                             0.750000   25.471848  -24.721848 (VIOLATED)
_21233_/CLK                             0.750000   25.471840  -24.721842 (VIOLATED)
_21271_/CLK                             0.750000   25.471844  -24.721846 (VIOLATED)
_21002_/CLK                             0.750000   25.471779  -24.721779 (VIOLATED)
_21160_/CLK                             0.750000   25.471777  -24.721777 (VIOLATED)
_21283_/CLK                             0.750000   25.471790  -24.721792 (VIOLATED)
_21115_/CLK                             0.750000   25.471752  -24.721752 (VIOLATED)
_21157_/CLK                             0.750000   25.471750  -24.721750 (VIOLATED)
_20936_/CLK                             0.750000   25.471682  -24.721684 (VIOLATED)
_20937_/CLK                             0.750000   25.471682  -24.721684 (VIOLATED)
_20947_/CLK                             0.750000   25.471703  -24.721703 (VIOLATED)
_20948_/CLK                             0.750000   25.471703  -24.721703 (VIOLATED)
_20949_/CLK                             0.750000   25.471703  -24.721703 (VIOLATED)
_20950_/CLK                             0.750000   25.471701  -24.721701 (VIOLATED)
_20951_/CLK                             0.750000   25.471701  -24.721701 (VIOLATED)
_20982_/CLK                             0.750000   25.471691  -24.721691 (VIOLATED)
_20983_/CLK                             0.750000   25.471689  -24.721691 (VIOLATED)
_21013_/CLK                             0.750000   25.471697  -24.721697 (VIOLATED)
_21014_/CLK                             0.750000   25.471697  -24.721697 (VIOLATED)
_21015_/CLK                             0.750000   25.471695  -24.721695 (VIOLATED)
_21016_/CLK                             0.750000   25.471699  -24.721699 (VIOLATED)
_21000_/CLK                             0.750000   25.471670  -24.721670 (VIOLATED)
_21001_/CLK                             0.750000   25.471680  -24.721680 (VIOLATED)
_21046_/CLK                             0.750000   25.471691  -24.721691 (VIOLATED)
_21047_/CLK                             0.750000   25.471691  -24.721691 (VIOLATED)
_21156_/CLK                             0.750000   25.471689  -24.721691 (VIOLATED)
_19837_/CLK                             0.750000   25.471628  -24.721630 (VIOLATED)
_21190_/CLK                             0.750000   25.471640  -24.721640 (VIOLATED)
_20999_/CLK                             0.750000   25.471584  -24.721586 (VIOLATED)
_21069_/CLK                             0.750000   25.471600  -24.721600 (VIOLATED)
_21204_/CLK                             0.750000   25.471603  -24.721605 (VIOLATED)
_21270_/CLK                             0.750000   25.471561  -24.721563 (VIOLATED)
_20939_/CLK                             0.750000   25.471537  -24.721537 (VIOLATED)
_20940_/CLK                             0.750000   25.471537  -24.721537 (VIOLATED)
_20941_/CLK                             0.750000   25.471539  -24.721539 (VIOLATED)
_20970_/CLK                             0.750000   25.471531  -24.721533 (VIOLATED)
_20971_/CLK                             0.750000   25.471533  -24.721535 (VIOLATED)
_20972_/CLK                             0.750000   25.471533  -24.721535 (VIOLATED)
_20973_/CLK                             0.750000   25.471533  -24.721535 (VIOLATED)
_20974_/CLK                             0.750000   25.471540  -24.721540 (VIOLATED)
_21003_/CLK                             0.750000   25.471537  -24.721537 (VIOLATED)
_21004_/CLK                             0.750000   25.471537  -24.721537 (VIOLATED)
_21005_/CLK                             0.750000   25.471539  -24.721539 (VIOLATED)
_21030_/CLK                             0.750000   25.471516  -24.721516 (VIOLATED)
_21031_/CLK                             0.750000   25.471514  -24.721514 (VIOLATED)
_21032_/CLK                             0.750000   25.471521  -24.721521 (VIOLATED)
_21033_/CLK                             0.750000   25.471525  -24.721525 (VIOLATED)
_21034_/CLK                             0.750000   25.471527  -24.721529 (VIOLATED)
_19920_/CLK                             0.750000   25.471483  -24.721485 (VIOLATED)
_19921_/CLK                             0.750000   25.471485  -24.721485 (VIOLATED)
_21066_/CLK                             0.750000   25.471504  -24.721506 (VIOLATED)
_19827_/CLK                             0.750000   25.471457  -24.721458 (VIOLATED)
_21052_/CLK                             0.750000   25.471479  -24.721481 (VIOLATED)
_21068_/CLK                             0.750000   25.471479  -24.721481 (VIOLATED)
_21084_/CLK                             0.750000   25.471491  -24.721491 (VIOLATED)
_21098_/CLK                             0.750000   25.471493  -24.721493 (VIOLATED)
_21155_/CLK                             0.750000   25.471479  -24.721481 (VIOLATED)
_21187_/CLK                             0.750000   25.471502  -24.721504 (VIOLATED)
_21269_/CLK                             0.750000   25.471479  -24.721481 (VIOLATED)
_21635_/CLK                             0.750000   25.471474  -24.721476 (VIOLATED)
_20997_/CLK                             0.750000   25.471426  -24.721428 (VIOLATED)
_20998_/CLK                             0.750000   25.471443  -24.721443 (VIOLATED)
_21074_/CLK                             0.750000   25.471447  -24.721449 (VIOLATED)
_21106_/CLK                             0.750000   25.471468  -24.721468 (VIOLATED)
_21161_/CLK                             0.750000   25.471462  -24.721462 (VIOLATED)
_21189_/CLK                             0.750000   25.471479  -24.721481 (VIOLATED)
_21101_/CLK                             0.750000   25.471437  -24.721437 (VIOLATED)
_21636_/CLK                             0.750000   25.471432  -24.721434 (VIOLATED)
_19822_/CLK                             0.750000   25.471333  -24.721333 (VIOLATED)
_19884_/CLK                             0.750000   25.471344  -24.721346 (VIOLATED)
_19885_/CLK                             0.750000   25.471344  -24.721346 (VIOLATED)
_19886_/CLK                             0.750000   25.471340  -24.721340 (VIOLATED)
_19948_/CLK                             0.750000   25.471344  -24.721344 (VIOLATED)
_19980_/CLK                             0.750000   25.471344  -24.721344 (VIOLATED)
_19996_/CLK                             0.750000   25.471363  -24.721363 (VIOLATED)
_20012_/CLK                             0.750000   25.471340  -24.721340 (VIOLATED)
_20028_/CLK                             0.750000   25.471363  -24.721363 (VIOLATED)
_20044_/CLK                             0.750000   25.471340  -24.721340 (VIOLATED)
_20060_/CLK                             0.750000   25.471361  -24.721361 (VIOLATED)
_20092_/CLK                             0.750000   25.471363  -24.721363 (VIOLATED)
_20348_/CLK                             0.750000   25.471361  -24.721361 (VIOLATED)
_20380_/CLK                             0.750000   25.471361  -24.721361 (VIOLATED)
_20076_/CLK                             0.750000   25.471334  -24.721334 (VIOLATED)
_20108_/CLK                             0.750000   25.471334  -24.721334 (VIOLATED)
_20124_/CLK                             0.750000   25.471357  -24.721357 (VIOLATED)
_20156_/CLK                             0.750000   25.471357  -24.721357 (VIOLATED)
_20188_/CLK                             0.750000   25.471355  -24.721355 (VIOLATED)
_20220_/CLK                             0.750000   25.471355  -24.721355 (VIOLATED)
_20252_/CLK                             0.750000   25.471365  -24.721365 (VIOLATED)
_20268_/CLK                             0.750000   25.471350  -24.721352 (VIOLATED)
_20284_/CLK                             0.750000   25.471361  -24.721361 (VIOLATED)
_20316_/CLK                             0.750000   25.471361  -24.721361 (VIOLATED)
_20412_/CLK                             0.750000   25.471354  -24.721355 (VIOLATED)
_20413_/CLK                             0.750000   25.471361  -24.721361 (VIOLATED)
_20428_/CLK                             0.750000   25.471359  -24.721359 (VIOLATED)
_20444_/CLK                             0.750000   25.471354  -24.721355 (VIOLATED)
_20445_/CLK                             0.750000   25.471361  -24.721361 (VIOLATED)
_20460_/CLK                             0.750000   25.471359  -24.721359 (VIOLATED)
_20476_/CLK                             0.750000   25.471350  -24.721352 (VIOLATED)
_20477_/CLK                             0.750000   25.471361  -24.721361 (VIOLATED)
_20492_/CLK                             0.750000   25.471355  -24.721355 (VIOLATED)
_20508_/CLK                             0.750000   25.471350  -24.721352 (VIOLATED)
_20509_/CLK                             0.750000   25.471363  -24.721363 (VIOLATED)
_20524_/CLK                             0.750000   25.471357  -24.721357 (VIOLATED)
_20540_/CLK                             0.750000   25.471359  -24.721359 (VIOLATED)
_20541_/CLK                             0.750000   25.471363  -24.721363 (VIOLATED)
_20556_/CLK                             0.750000   25.471352  -24.721354 (VIOLATED)
_20572_/CLK                             0.750000   25.471359  -24.721359 (VIOLATED)
_20573_/CLK                             0.750000   25.471363  -24.721363 (VIOLATED)
_20588_/CLK                             0.750000   25.471352  -24.721354 (VIOLATED)
_20604_/CLK                             0.750000   25.471365  -24.721365 (VIOLATED)
_20636_/CLK                             0.750000   25.471357  -24.721357 (VIOLATED)
_20637_/CLK                             0.750000   25.471361  -24.721361 (VIOLATED)
_20652_/CLK                             0.750000   25.471346  -24.721348 (VIOLATED)
_20668_/CLK                             0.750000   25.471357  -24.721357 (VIOLATED)
_20669_/CLK                             0.750000   25.471361  -24.721361 (VIOLATED)
_20684_/CLK                             0.750000   25.471346  -24.721348 (VIOLATED)
_20700_/CLK                             0.750000   25.471365  -24.721365 (VIOLATED)
_20876_/CLK                             0.750000   25.471346  -24.721348 (VIOLATED)
_20908_/CLK                             0.750000   25.471344  -24.721346 (VIOLATED)
_20952_/CLK                             0.750000   25.471331  -24.721331 (VIOLATED)
_20953_/CLK                             0.750000   25.471331  -24.721331 (VIOLATED)
_20954_/CLK                             0.750000   25.471331  -24.721331 (VIOLATED)
_20955_/CLK                             0.750000   25.471329  -24.721329 (VIOLATED)
_21247_/CLK                             0.750000   25.471352  -24.721354 (VIOLATED)
_20956_/CLK                             0.750000   25.471327  -24.721329 (VIOLATED)
_20957_/CLK                             0.750000   25.471327  -24.721329 (VIOLATED)
_20958_/CLK                             0.750000   25.471325  -24.721327 (VIOLATED)
_20959_/CLK                             0.750000   25.471323  -24.721325 (VIOLATED)
_20960_/CLK                             0.750000   25.471317  -24.721319 (VIOLATED)
_20961_/CLK                             0.750000   25.471317  -24.721317 (VIOLATED)
_21017_/CLK                             0.750000   25.471323  -24.721325 (VIOLATED)
_21018_/CLK                             0.750000   25.471323  -24.721325 (VIOLATED)
_21019_/CLK                             0.750000   25.471323  -24.721325 (VIOLATED)
_21020_/CLK                             0.750000   25.471323  -24.721325 (VIOLATED)
_21021_/CLK                             0.750000   25.471321  -24.721323 (VIOLATED)
_21022_/CLK                             0.750000   25.471319  -24.721321 (VIOLATED)
_21023_/CLK                             0.750000   25.471317  -24.721319 (VIOLATED)
_21024_/CLK                             0.750000   25.471317  -24.721317 (VIOLATED)
_21025_/CLK                             0.750000   25.471312  -24.721312 (VIOLATED)
_21196_/CLK                             0.750000   25.471331  -24.721331 (VIOLATED)
_21026_/CLK                             0.750000   25.471306  -24.721306 (VIOLATED)
_21075_/CLK                             0.750000   25.471329  -24.721329 (VIOLATED)
_21111_/CLK                             0.750000   25.471333  -24.721333 (VIOLATED)
_21276_/CLK                             0.750000   25.471329  -24.721329 (VIOLATED)
_21274_/CLK                             0.750000   25.471300  -24.721302 (VIOLATED)
_21357_/CLK                             0.750000   25.471306  -24.721306 (VIOLATED)
_21668_/CLK                             0.750000   25.471323  -24.721325 (VIOLATED)
_21669_/CLK                             0.750000   25.471344  -24.721346 (VIOLATED)
_21670_/CLK                             0.750000   25.471329  -24.721329 (VIOLATED)
_20962_/CLK                             0.750000   25.471272  -24.721273 (VIOLATED)
_21733_/CLK                             0.750000   25.471285  -24.721285 (VIOLATED)
_21078_/CLK                             0.750000   25.471212  -24.721212 (VIOLATED)
_21110_/CLK                             0.750000   25.471212  -24.721212 (VIOLATED)
_19821_/CLK                             0.750000   25.471172  -24.721174 (VIOLATED)
_20933_/CLK                             0.750000   25.471180  -24.721180 (VIOLATED)
_20934_/CLK                             0.750000   25.471182  -24.721182 (VIOLATED)
_20935_/CLK                             0.750000   25.471182  -24.721182 (VIOLATED)
_21150_/CLK                             0.750000   25.471203  -24.721203 (VIOLATED)
_21199_/CLK                             0.750000   25.471199  -24.721201 (VIOLATED)
_20963_/CLK                             0.750000   25.471170  -24.721172 (VIOLATED)
_20964_/CLK                             0.750000   25.471172  -24.721174 (VIOLATED)
_20965_/CLK                             0.750000   25.471176  -24.721176 (VIOLATED)
_20966_/CLK                             0.750000   25.471178  -24.721178 (VIOLATED)
_20967_/CLK                             0.750000   25.471178  -24.721178 (VIOLATED)
_20968_/CLK                             0.750000   25.471180  -24.721180 (VIOLATED)
_20969_/CLK                             0.750000   25.471180  -24.721180 (VIOLATED)
_21241_/CLK                             0.750000   25.471182  -24.721182 (VIOLATED)
_21242_/CLK                             0.750000   25.471197  -24.721199 (VIOLATED)
_21279_/CLK                             0.750000   25.471197  -24.721199 (VIOLATED)
_19816_/CLK                             0.750000   25.471136  -24.721138 (VIOLATED)
_19823_/CLK                             0.750000   25.471157  -24.721157 (VIOLATED)
_21144_/CLK                             0.750000   25.471136  -24.721138 (VIOLATED)
_19815_/CLK                             0.750000   25.471102  -24.721102 (VIOLATED)
_19818_/CLK                             0.750000   25.471104  -24.721104 (VIOLATED)
_19840_/CLK                             0.750000   25.471104  -24.721104 (VIOLATED)
_21143_/CLK                             0.750000   25.471104  -24.721104 (VIOLATED)
_21146_/CLK                             0.750000   25.471104  -24.721104 (VIOLATED)
_21235_/CLK                             0.750000   25.471104  -24.721104 (VIOLATED)
_21236_/CLK                             0.750000   25.471117  -24.721119 (VIOLATED)
_21238_/CLK                             0.750000   25.471104  -24.721104 (VIOLATED)
_20920_/CLK                             0.750000   25.471041  -24.721043 (VIOLATED)
_20921_/CLK                             0.750000   25.471041  -24.721043 (VIOLATED)
_20922_/CLK                             0.750000   25.471041  -24.721043 (VIOLATED)
_20923_/CLK                             0.750000   25.471039  -24.721041 (VIOLATED)
_20924_/CLK                             0.750000   25.471037  -24.721039 (VIOLATED)
_20925_/CLK                             0.750000   25.471037  -24.721039 (VIOLATED)
_20926_/CLK                             0.750000   25.471035  -24.721037 (VIOLATED)
_20927_/CLK                             0.750000   25.471033  -24.721035 (VIOLATED)
_20928_/CLK                             0.750000   25.471031  -24.721031 (VIOLATED)
_20929_/CLK                             0.750000   25.471029  -24.721029 (VIOLATED)
_19825_/CLK                             0.750000   25.471001  -24.721001 (VIOLATED)
_20930_/CLK                             0.750000   25.471024  -24.721024 (VIOLATED)
_20932_/CLK                             0.750000   25.471024  -24.721024 (VIOLATED)
_20987_/CLK                             0.750000   25.471041  -24.721043 (VIOLATED)
_21728_/CLK                             0.750000   25.471039  -24.721041 (VIOLATED)
_20931_/CLK                             0.750000   25.470995  -24.720995 (VIOLATED)
_21727_/CLK                             0.750000   25.470995  -24.720995 (VIOLATED)
_19813_/CLK                             0.750000   25.470963  -24.720964 (VIOLATED)
_21153_/CLK                             0.750000   25.470963  -24.720964 (VIOLATED)
_21245_/CLK                             0.750000   25.470961  -24.720963 (VIOLATED)
_21616_/CLK                             0.750000   25.470873  -24.720873 (VIOLATED)
_19836_/CLK                             0.750000   25.470827  -24.720827 (VIOLATED)
_21027_/CLK                             0.750000   25.470835  -24.720837 (VIOLATED)
_21028_/CLK                             0.750000   25.470835  -24.720837 (VIOLATED)
_21029_/CLK                             0.750000   25.470835  -24.720837 (VIOLATED)
_21600_/CLK                             0.750000   25.470833  -24.720835 (VIOLATED)
_21729_/CLK                             0.750000   25.470848  -24.720848 (VIOLATED)
_19812_/CLK                             0.750000   25.470800  -24.720800 (VIOLATED)
_20984_/CLK                             0.750000   25.470789  -24.720789 (VIOLATED)
_20985_/CLK                             0.750000   25.470789  -24.720789 (VIOLATED)
_20986_/CLK                             0.750000   25.470789  -24.720789 (VIOLATED)
_20988_/CLK                             0.750000   25.470787  -24.720787 (VIOLATED)
_20989_/CLK                             0.750000   25.470787  -24.720787 (VIOLATED)
_20990_/CLK                             0.750000   25.470783  -24.720785 (VIOLATED)
_20991_/CLK                             0.750000   25.470781  -24.720783 (VIOLATED)
_20992_/CLK                             0.750000   25.470776  -24.720778 (VIOLATED)
_20993_/CLK                             0.750000   25.470776  -24.720778 (VIOLATED)
_21100_/CLK                             0.750000   25.470798  -24.720798 (VIOLATED)
_21140_/CLK                             0.750000   25.470800  -24.720800 (VIOLATED)
_21232_/CLK                             0.750000   25.470800  -24.720800 (VIOLATED)
_19811_/CLK                             0.750000   25.470747  -24.720747 (VIOLATED)
_20994_/CLK                             0.750000   25.470766  -24.720766 (VIOLATED)
_20995_/CLK                             0.750000   25.470762  -24.720762 (VIOLATED)
_20996_/CLK                             0.750000   25.470768  -24.720768 (VIOLATED)
_21602_/CLK                             0.750000   25.470772  -24.720772 (VIOLATED)
_21618_/CLK                             0.750000   25.470776  -24.720776 (VIOLATED)
_21619_/CLK                             0.750000   25.470776  -24.720776 (VIOLATED)
_21624_/CLK                             0.750000   25.470776  -24.720778 (VIOLATED)
_21626_/CLK                             0.750000   25.470776  -24.720778 (VIOLATED)
_21627_/CLK                             0.750000   25.470787  -24.720787 (VIOLATED)
_21628_/CLK                             0.750000   25.470787  -24.720787 (VIOLATED)
_21630_/CLK                             0.750000   25.470789  -24.720789 (VIOLATED)
_21631_/CLK                             0.750000   25.470776  -24.720778 (VIOLATED)
_21632_/CLK                             0.750000   25.470776  -24.720778 (VIOLATED)
_21634_/CLK                             0.750000   25.470787  -24.720787 (VIOLATED)
_21139_/CLK                             0.750000   25.470695  -24.720695 (VIOLATED)
_21730_/CLK                             0.750000   25.470686  -24.720686 (VIOLATED)
_21121_/CLK                             0.750000   25.470657  -24.720657 (VIOLATED)
_21122_/CLK                             0.750000   25.470657  -24.720657 (VIOLATED)
_21210_/CLK                             0.750000   25.470657  -24.720657 (VIOLATED)
_21211_/CLK                             0.750000   25.470657  -24.720657 (VIOLATED)
_21231_/CLK                             0.750000   25.470646  -24.720648 (VIOLATED)
_21587_/CLK                             0.750000   25.470627  -24.720629 (VIOLATED)
_21598_/CLK                             0.750000   25.470648  -24.720650 (VIOLATED)
_21601_/CLK                             0.750000   25.470661  -24.720661 (VIOLATED)
_21603_/CLK                             0.750000   25.470608  -24.720608 (VIOLATED)
_21614_/CLK                             0.750000   25.470608  -24.720608 (VIOLATED)
_21188_/CLK                             0.750000   25.470545  -24.720547 (VIOLATED)
_21123_/CLK                             0.750000   25.470520  -24.720522 (VIOLATED)
_21173_/CLK                             0.750000   25.470522  -24.720524 (VIOLATED)
_21215_/CLK                             0.750000   25.470509  -24.720509 (VIOLATED)
_21608_/CLK                             0.750000   25.470505  -24.720505 (VIOLATED)
_19923_/CLK                             0.750000   25.470453  -24.720453 (VIOLATED)
_21617_/CLK                             0.750000   25.470446  -24.720448 (VIOLATED)
_19925_/CLK                             0.750000   25.470421  -24.720423 (VIOLATED)
_21095_/CLK                             0.750000   25.470356  -24.720356 (VIOLATED)
_21253_/CLK                             0.750000   25.470373  -24.720373 (VIOLATED)
_21594_/CLK                             0.750000   25.470346  -24.720346 (VIOLATED)
_19926_/CLK                             0.750000   25.470316  -24.720318 (VIOLATED)
_19927_/CLK                             0.750000   25.470316  -24.720318 (VIOLATED)
_21586_/CLK                             0.750000   25.470312  -24.720314 (VIOLATED)
_21592_/CLK                             0.750000   25.470314  -24.720316 (VIOLATED)
_21596_/CLK                             0.750000   25.470316  -24.720318 (VIOLATED)
_21597_/CLK                             0.750000   25.470316  -24.720318 (VIOLATED)
_21599_/CLK                             0.750000   25.470316  -24.720318 (VIOLATED)
_21604_/CLK                             0.750000   25.470314  -24.720316 (VIOLATED)
_19831_/CLK                             0.750000   25.470272  -24.720272 (VIOLATED)
_21184_/CLK                             0.750000   25.470272  -24.720272 (VIOLATED)
_21610_/CLK                             0.750000   25.470264  -24.720266 (VIOLATED)
_21620_/CLK                             0.750000   25.470257  -24.720257 (VIOLATED)
_21621_/CLK                             0.750000   25.470266  -24.720268 (VIOLATED)
_21116_/CLK                             0.750000   25.470177  -24.720177 (VIOLATED)
_19887_/CLK                             0.750000   25.470129  -24.720131 (VIOLATED)
_19888_/CLK                             0.750000   25.470129  -24.720129 (VIOLATED)
_19922_/CLK                             0.750000   25.470129  -24.720129 (VIOLATED)
_21048_/CLK                             0.750000   25.470129  -24.720131 (VIOLATED)
_21064_/CLK                             0.750000   25.470129  -24.720131 (VIOLATED)
_21591_/CLK                             0.750000   25.470135  -24.720137 (VIOLATED)
_21290_/CLK                             0.750000   25.470106  -24.720108 (VIOLATED)
_21323_/CLK                             0.750000   25.470114  -24.720114 (VIOLATED)
_21324_/CLK                             0.750000   25.470119  -24.720119 (VIOLATED)
_21325_/CLK                             0.750000   25.470121  -24.720121 (VIOLATED)
_21326_/CLK                             0.750000   25.470121  -24.720121 (VIOLATED)
_21327_/CLK                             0.750000   25.470123  -24.720123 (VIOLATED)
_21328_/CLK                             0.750000   25.470131  -24.720133 (VIOLATED)
_21329_/CLK                             0.750000   25.470129  -24.720131 (VIOLATED)
_21330_/CLK                             0.750000   25.470121  -24.720121 (VIOLATED)
_21331_/CLK                             0.750000   25.470118  -24.720118 (VIOLATED)
_21347_/CLK                             0.750000   25.470129  -24.720131 (VIOLATED)
_21349_/CLK                             0.750000   25.470137  -24.720139 (VIOLATED)
_21350_/CLK                             0.750000   25.470137  -24.720139 (VIOLATED)
_21354_/CLK                             0.750000   25.470135  -24.720137 (VIOLATED)
_21348_/CLK                             0.750000   25.470110  -24.720112 (VIOLATED)
_21351_/CLK                             0.750000   25.470127  -24.720127 (VIOLATED)
_21352_/CLK                             0.750000   25.470137  -24.720139 (VIOLATED)
_21353_/CLK                             0.750000   25.470135  -24.720137 (VIOLATED)
_21382_/CLK                             0.750000   25.470133  -24.720135 (VIOLATED)
_21383_/CLK                             0.750000   25.470137  -24.720139 (VIOLATED)
_21709_/CLK                             0.750000   25.470108  -24.720110 (VIOLATED)
_21712_/CLK                             0.750000   25.470108  -24.720110 (VIOLATED)
_21285_/CLK                             0.750000   25.470078  -24.720079 (VIOLATED)
_21321_/CLK                             0.750000   25.470087  -24.720089 (VIOLATED)
_21332_/CLK                             0.750000   25.470110  -24.720112 (VIOLATED)
_21333_/CLK                             0.750000   25.470110  -24.720112 (VIOLATED)
_21334_/CLK                             0.750000   25.470119  -24.720119 (VIOLATED)
_21335_/CLK                             0.750000   25.470123  -24.720123 (VIOLATED)
_21336_/CLK                             0.750000   25.470131  -24.720133 (VIOLATED)
_21337_/CLK                             0.750000   25.470129  -24.720131 (VIOLATED)
_21338_/CLK                             0.750000   25.470131  -24.720133 (VIOLATED)
_21339_/CLK                             0.750000   25.470116  -24.720116 (VIOLATED)
_21340_/CLK                             0.750000   25.470119  -24.720119 (VIOLATED)
_21341_/CLK                             0.750000   25.470137  -24.720139 (VIOLATED)
_21342_/CLK                             0.750000   25.470137  -24.720139 (VIOLATED)
_21343_/CLK                             0.750000   25.470127  -24.720127 (VIOLATED)
_21344_/CLK                             0.750000   25.470137  -24.720139 (VIOLATED)
_21345_/CLK                             0.750000   25.470137  -24.720139 (VIOLATED)
_21346_/CLK                             0.750000   25.470137  -24.720139 (VIOLATED)
_21358_/CLK                             0.750000   25.470089  -24.720089 (VIOLATED)
_21359_/CLK                             0.750000   25.470091  -24.720091 (VIOLATED)
_21360_/CLK                             0.750000   25.470091  -24.720091 (VIOLATED)
_21361_/CLK                             0.750000   25.470097  -24.720097 (VIOLATED)
_21362_/CLK                             0.750000   25.470100  -24.720100 (VIOLATED)
_21363_/CLK                             0.750000   25.470102  -24.720102 (VIOLATED)
_21364_/CLK                             0.750000   25.470102  -24.720102 (VIOLATED)
_21365_/CLK                             0.750000   25.470098  -24.720098 (VIOLATED)
_21366_/CLK                             0.750000   25.470093  -24.720093 (VIOLATED)
_21367_/CLK                             0.750000   25.470097  -24.720097 (VIOLATED)
_21178_/CLK                             0.750000   25.470051  -24.720053 (VIOLATED)
_21205_/CLK                             0.750000   25.470068  -24.720068 (VIOLATED)
_21294_/CLK                             0.750000   25.470062  -24.720062 (VIOLATED)
_21311_/CLK                             0.750000   25.470060  -24.720062 (VIOLATED)
_21322_/CLK                             0.750000   25.470083  -24.720085 (VIOLATED)
_21368_/CLK                             0.750000   25.470083  -24.720085 (VIOLATED)
_21369_/CLK                             0.750000   25.470089  -24.720089 (VIOLATED)
_21370_/CLK                             0.750000   25.470091  -24.720091 (VIOLATED)
_21371_/CLK                             0.750000   25.470091  -24.720091 (VIOLATED)
_21379_/CLK                             0.750000   25.470102  -24.720104 (VIOLATED)
_21384_/CLK                             0.750000   25.470110  -24.720112 (VIOLATED)
_21385_/CLK                             0.750000   25.470110  -24.720112 (VIOLATED)
_21386_/CLK                             0.750000   25.470110  -24.720112 (VIOLATED)
_21387_/CLK                             0.750000   25.470133  -24.720135 (VIOLATED)
_21388_/CLK                             0.750000   25.470106  -24.720108 (VIOLATED)
_21389_/CLK                             0.750000   25.470110  -24.720112 (VIOLATED)
_21390_/CLK                             0.750000   25.470108  -24.720110 (VIOLATED)
_21391_/CLK                             0.750000   25.470110  -24.720112 (VIOLATED)
_21710_/CLK                             0.750000   25.470076  -24.720078 (VIOLATED)
_21711_/CLK                             0.750000   25.470079  -24.720081 (VIOLATED)
_21738_/CLK                             0.750000   25.470098  -24.720098 (VIOLATED)
_21739_/CLK                             0.750000   25.470093  -24.720093 (VIOLATED)
_21740_/CLK                             0.750000   25.470076  -24.720078 (VIOLATED)
_21056_/CLK                             0.750000   25.469999  -24.719999 (VIOLATED)
_21286_/CLK                             0.750000   25.470015  -24.720015 (VIOLATED)
_21287_/CLK                             0.750000   25.470015  -24.720015 (VIOLATED)
_21288_/CLK                             0.750000   25.470015  -24.720015 (VIOLATED)
_21289_/CLK                             0.750000   25.470013  -24.720013 (VIOLATED)
_21291_/CLK                             0.750000   25.470028  -24.720030 (VIOLATED)
_21292_/CLK                             0.750000   25.470028  -24.720030 (VIOLATED)
_21293_/CLK                             0.750000   25.470028  -24.720030 (VIOLATED)
_21295_/CLK                             0.750000   25.470007  -24.720009 (VIOLATED)
_21306_/CLK                             0.750000   25.470030  -24.720032 (VIOLATED)
_21312_/CLK                             0.750000   25.470051  -24.720051 (VIOLATED)
_21296_/CLK                             0.750000   25.470005  -24.720007 (VIOLATED)
_21297_/CLK                             0.750000   25.470005  -24.720007 (VIOLATED)
_21298_/CLK                             0.750000   25.470007  -24.720009 (VIOLATED)
_21299_/CLK                             0.750000   25.470001  -24.720003 (VIOLATED)
_21300_/CLK                             0.750000   25.470003  -24.720005 (VIOLATED)
_21301_/CLK                             0.750000   25.469999  -24.720001 (VIOLATED)
_21302_/CLK                             0.750000   25.470003  -24.720005 (VIOLATED)
_21303_/CLK                             0.750000   25.470003  -24.720005 (VIOLATED)
_21304_/CLK                             0.750000   25.469997  -24.719997 (VIOLATED)
_21305_/CLK                             0.750000   25.469999  -24.720001 (VIOLATED)
_21307_/CLK                             0.750000   25.470015  -24.720015 (VIOLATED)
_21310_/CLK                             0.750000   25.470018  -24.720018 (VIOLATED)
_21313_/CLK                             0.750000   25.470003  -24.720005 (VIOLATED)
_21314_/CLK                             0.750000   25.470003  -24.720005 (VIOLATED)
_21315_/CLK                             0.750000   25.470011  -24.720011 (VIOLATED)
_21316_/CLK                             0.750000   25.470013  -24.720013 (VIOLATED)
_21317_/CLK                             0.750000   25.470011  -24.720011 (VIOLATED)
_21318_/CLK                             0.750000   25.470013  -24.720013 (VIOLATED)
_21319_/CLK                             0.750000   25.470009  -24.720011 (VIOLATED)
_21320_/CLK                             0.750000   25.470009  -24.720011 (VIOLATED)
_21308_/CLK                             0.750000   25.469973  -24.719973 (VIOLATED)
_21309_/CLK                             0.750000   25.469973  -24.719973 (VIOLATED)
_19911_/CLK                             0.750000   25.469933  -24.719933 (VIOLATED)
_19912_/CLK                             0.750000   25.469929  -24.719931 (VIOLATED)
_19913_/CLK                             0.750000   25.469925  -24.719927 (VIOLATED)
_19914_/CLK                             0.750000   25.469910  -24.719910 (VIOLATED)
_21058_/CLK                             0.750000   25.469921  -24.719921 (VIOLATED)
_19915_/CLK                             0.750000   25.469894  -24.719894 (VIOLATED)
_21060_/CLK                             0.750000   25.469915  -24.719915 (VIOLATED)
_21063_/CLK                             0.750000   25.469921  -24.719921 (VIOLATED)
_21092_/CLK                             0.750000   25.469917  -24.719917 (VIOLATED)
_21175_/CLK                             0.750000   25.469921  -24.719921 (VIOLATED)
_21179_/CLK                             0.750000   25.469900  -24.719902 (VIOLATED)
_21258_/CLK                             0.750000   25.469921  -24.719921 (VIOLATED)
_21259_/CLK                             0.750000   25.469921  -24.719921 (VIOLATED)
_21588_/CLK                             0.750000   25.469919  -24.719919 (VIOLATED)
_21589_/CLK                             0.750000   25.469919  -24.719919 (VIOLATED)
_21590_/CLK                             0.750000   25.469919  -24.719919 (VIOLATED)
_21593_/CLK                             0.750000   25.469919  -24.719919 (VIOLATED)
_21595_/CLK                             0.750000   25.469919  -24.719919 (VIOLATED)
_21255_/CLK                             0.750000   25.469891  -24.719891 (VIOLATED)
_19916_/CLK                             0.750000   25.469843  -24.719845 (VIOLATED)
_21059_/CLK                             0.750000   25.469866  -24.719866 (VIOLATED)
_21086_/CLK                             0.750000   25.469873  -24.719875 (VIOLATED)
_21088_/CLK                             0.750000   25.469866  -24.719866 (VIOLATED)
_21091_/CLK                             0.750000   25.469866  -24.719866 (VIOLATED)
_21452_/CLK                             0.750000   25.469873  -24.719875 (VIOLATED)
_21453_/CLK                             0.750000   25.469875  -24.719877 (VIOLATED)
_21662_/CLK                             0.750000   25.469896  -24.719898 (VIOLATED)
_21663_/CLK                             0.750000   25.469894  -24.719896 (VIOLATED)
_21664_/CLK                             0.750000   25.469894  -24.719896 (VIOLATED)
_21454_/CLK                             0.750000   25.469852  -24.719854 (VIOLATED)
_19906_/CLK                             0.750000   25.469818  -24.719820 (VIOLATED)
_19907_/CLK                             0.750000   25.469818  -24.719820 (VIOLATED)
_19908_/CLK                             0.750000   25.469820  -24.719822 (VIOLATED)
_19909_/CLK                             0.750000   25.469818  -24.719820 (VIOLATED)
_19917_/CLK                             0.750000   25.469812  -24.719812 (VIOLATED)
_19918_/CLK                             0.750000   25.469826  -24.719828 (VIOLATED)
_21054_/CLK                             0.750000   25.469818  -24.719820 (VIOLATED)
_21087_/CLK                             0.750000   25.469818  -24.719818 (VIOLATED)
_21445_/CLK                             0.750000   25.469818  -24.719820 (VIOLATED)
_21446_/CLK                             0.750000   25.469820  -24.719822 (VIOLATED)
_21447_/CLK                             0.750000   25.469820  -24.719822 (VIOLATED)
_21449_/CLK                             0.750000   25.469822  -24.719824 (VIOLATED)
_21450_/CLK                             0.750000   25.469822  -24.719824 (VIOLATED)
_21451_/CLK                             0.750000   25.469822  -24.719824 (VIOLATED)
_21456_/CLK                             0.750000   25.469818  -24.719818 (VIOLATED)
_21665_/CLK                             0.750000   25.469833  -24.719833 (VIOLATED)
_19796_/CLK                             0.750000   25.469784  -24.719784 (VIOLATED)
_21049_/CLK                             0.750000   25.469786  -24.719786 (VIOLATED)
_21055_/CLK                             0.750000   25.469807  -24.719807 (VIOLATED)
_21090_/CLK                             0.750000   25.469791  -24.719793 (VIOLATED)
_21250_/CLK                             0.750000   25.469786  -24.719786 (VIOLATED)
_19794_/CLK                             0.750000   25.469759  -24.719759 (VIOLATED)
_19795_/CLK                             0.750000   25.469761  -24.719761 (VIOLATED)
_19826_/CLK                             0.750000   25.469767  -24.719769 (VIOLATED)
_21154_/CLK                             0.750000   25.469761  -24.719761 (VIOLATED)
_21213_/CLK                             0.750000   25.469784  -24.719784 (VIOLATED)
_21254_/CLK                             0.750000   25.469784  -24.719784 (VIOLATED)
_21666_/CLK                             0.750000   25.469790  -24.719790 (VIOLATED)
_19810_/CLK                             0.750000   25.469736  -24.719736 (VIOLATED)
_19852_/CLK                             0.750000   25.469759  -24.719759 (VIOLATED)
_19853_/CLK                             0.750000   25.469759  -24.719759 (VIOLATED)
_21246_/CLK                             0.750000   25.469759  -24.719759 (VIOLATED)
_21461_/CLK                             0.750000   25.469765  -24.719765 (VIOLATED)
_21477_/CLK                             0.750000   25.469765  -24.719765 (VIOLATED)
_21493_/CLK                             0.750000   25.469765  -24.719765 (VIOLATED)
_21509_/CLK                             0.750000   25.469765  -24.719765 (VIOLATED)
_21525_/CLK                             0.750000   25.469763  -24.719763 (VIOLATED)
_21541_/CLK                             0.750000   25.469765  -24.719765 (VIOLATED)
_21605_/CLK                             0.750000   25.469765  -24.719765 (VIOLATED)
_21606_/CLK                             0.750000   25.469765  -24.719765 (VIOLATED)
_21609_/CLK                             0.750000   25.469765  -24.719765 (VIOLATED)
_21611_/CLK                             0.750000   25.469765  -24.719765 (VIOLATED)
_21612_/CLK                             0.750000   25.469767  -24.719767 (VIOLATED)
_21613_/CLK                             0.750000   25.469767  -24.719767 (VIOLATED)
_21615_/CLK                             0.750000   25.469765  -24.719765 (VIOLATED)
_21622_/CLK                             0.750000   25.469765  -24.719765 (VIOLATED)
_21623_/CLK                             0.750000   25.469767  -24.719767 (VIOLATED)
_21629_/CLK                             0.750000   25.469767  -24.719767 (VIOLATED)
_21735_/CLK                             0.750000   25.469763  -24.719763 (VIOLATED)
_19902_/CLK                             0.750000   25.469727  -24.719727 (VIOLATED)
_19903_/CLK                             0.750000   25.469728  -24.719728 (VIOLATED)
_19904_/CLK                             0.750000   25.469728  -24.719728 (VIOLATED)
_19905_/CLK                             0.750000   25.469730  -24.719730 (VIOLATED)
_19910_/CLK                             0.750000   25.469730  -24.719730 (VIOLATED)
_19919_/CLK                             0.750000   25.469728  -24.719728 (VIOLATED)
_21051_/CLK                             0.750000   25.469723  -24.719725 (VIOLATED)
_21136_/CLK                             0.750000   25.469715  -24.719717 (VIOLATED)
_21138_/CLK                             0.750000   25.469738  -24.719738 (VIOLATED)
_21228_/CLK                             0.750000   25.469715  -24.719715 (VIOLATED)
_21230_/CLK                             0.750000   25.469738  -24.719738 (VIOLATED)
_21444_/CLK                             0.750000   25.469730  -24.719730 (VIOLATED)
_21448_/CLK                             0.750000   25.469730  -24.719730 (VIOLATED)
_21455_/CLK                             0.750000   25.469730  -24.719730 (VIOLATED)
_21457_/CLK                             0.750000   25.469728  -24.719728 (VIOLATED)
_21648_/CLK                             0.750000   25.469725  -24.719727 (VIOLATED)
_21650_/CLK                             0.750000   25.469728  -24.719728 (VIOLATED)
_19804_/CLK                             0.750000   25.469669  -24.719671 (VIOLATED)
_19807_/CLK                             0.750000   25.469688  -24.719688 (VIOLATED)
_19808_/CLK                             0.750000   25.469707  -24.719707 (VIOLATED)
_21050_/CLK                             0.750000   25.469688  -24.719688 (VIOLATED)
_19805_/CLK                             0.750000   25.469654  -24.719654 (VIOLATED)
_19897_/CLK                             0.750000   25.469673  -24.719675 (VIOLATED)
_19898_/CLK                             0.750000   25.469673  -24.719675 (VIOLATED)
_19899_/CLK                             0.750000   25.469675  -24.719675 (VIOLATED)
_19900_/CLK                             0.750000   25.469677  -24.719677 (VIOLATED)
_19901_/CLK                             0.750000   25.469675  -24.719675 (VIOLATED)
_21132_/CLK                             0.750000   25.469667  -24.719669 (VIOLATED)
_21135_/CLK                             0.750000   25.469688  -24.719690 (VIOLATED)
_21437_/CLK                             0.750000   25.469677  -24.719677 (VIOLATED)
_21438_/CLK                             0.750000   25.469677  -24.719677 (VIOLATED)
_21439_/CLK                             0.750000   25.469677  -24.719677 (VIOLATED)
_21440_/CLK                             0.750000   25.469679  -24.719679 (VIOLATED)
_21441_/CLK                             0.750000   25.469679  -24.719679 (VIOLATED)
_21442_/CLK                             0.750000   25.469679  -24.719679 (VIOLATED)
_21443_/CLK                             0.750000   25.469679  -24.719679 (VIOLATED)
_21644_/CLK                             0.750000   25.469675  -24.719675 (VIOLATED)
_21645_/CLK                             0.750000   25.469671  -24.719673 (VIOLATED)
_21646_/CLK                             0.750000   25.469675  -24.719675 (VIOLATED)
_21647_/CLK                             0.750000   25.469675  -24.719675 (VIOLATED)
_21053_/CLK                             0.750000   25.469637  -24.719639 (VIOLATED)
_21085_/CLK                             0.750000   25.469637  -24.719639 (VIOLATED)
_21119_/CLK                             0.750000   25.469650  -24.719650 (VIOLATED)
_21120_/CLK                             0.750000   25.469637  -24.719637 (VIOLATED)
_21133_/CLK                             0.750000   25.469643  -24.719645 (VIOLATED)
_21170_/CLK                             0.750000   25.469637  -24.719639 (VIOLATED)
_21171_/CLK                             0.750000   25.469637  -24.719639 (VIOLATED)
_21172_/CLK                             0.750000   25.469637  -24.719639 (VIOLATED)
_21174_/CLK                             0.750000   25.469637  -24.719637 (VIOLATED)
_21176_/CLK                             0.750000   25.469637  -24.719637 (VIOLATED)
_21177_/CLK                             0.750000   25.469637  -24.719637 (VIOLATED)
_21180_/CLK                             0.750000   25.469637  -24.719639 (VIOLATED)
_21208_/CLK                             0.750000   25.469658  -24.719658 (VIOLATED)
_21224_/CLK                             0.750000   25.469669  -24.719671 (VIOLATED)
_21227_/CLK                             0.750000   25.469688  -24.719690 (VIOLATED)
_21209_/CLK                             0.750000   25.469637  -24.719637 (VIOLATED)
_21212_/CLK                             0.750000   25.469637  -24.719639 (VIOLATED)
_21214_/CLK                             0.750000   25.469637  -24.719637 (VIOLATED)
_21225_/CLK                             0.750000   25.469643  -24.719645 (VIOLATED)
_21248_/CLK                             0.750000   25.469637  -24.719639 (VIOLATED)
_21249_/CLK                             0.750000   25.469637  -24.719639 (VIOLATED)
_21251_/CLK                             0.750000   25.469637  -24.719637 (VIOLATED)
_21252_/CLK                             0.750000   25.469637  -24.719637 (VIOLATED)
_21256_/CLK                             0.750000   25.469637  -24.719637 (VIOLATED)
_21206_/CLK                             0.750000   25.469610  -24.719610 (VIOLATED)
_21263_/CLK                             0.750000   25.469616  -24.719618 (VIOLATED)
_19809_/CLK                             0.750000   25.469585  -24.719585 (VIOLATED)
_19814_/CLK                             0.750000   25.469585  -24.719585 (VIOLATED)
_19819_/CLK                             0.750000   25.469589  -24.719591 (VIOLATED)
_19820_/CLK                             0.750000   25.469589  -24.719591 (VIOLATED)
_19830_/CLK                             0.750000   25.469610  -24.719612 (VIOLATED)
_19824_/CLK                             0.750000   25.469585  -24.719585 (VIOLATED)
_21061_/CLK                             0.750000   25.469582  -24.719582 (VIOLATED)
_21062_/CLK                             0.750000   25.469595  -24.719597 (VIOLATED)
_19797_/CLK                             0.750000   25.469545  -24.719545 (VIOLATED)
_19806_/CLK                             0.750000   25.469559  -24.719561 (VIOLATED)
_19817_/CLK                             0.750000   25.469578  -24.719578 (VIOLATED)
_19828_/CLK                             0.750000   25.469568  -24.719570 (VIOLATED)
_19829_/CLK                             0.750000   25.469584  -24.719584 (VIOLATED)
_19832_/CLK                             0.750000   25.469584  -24.719584 (VIOLATED)
_19833_/CLK                             0.750000   25.469584  -24.719584 (VIOLATED)
_19834_/CLK                             0.750000   25.469574  -24.719574 (VIOLATED)
_19835_/CLK                             0.750000   25.469574  -24.719574 (VIOLATED)
_19839_/CLK                             0.750000   25.469589  -24.719591 (VIOLATED)
_19842_/CLK                             0.750000   25.469582  -24.719582 (VIOLATED)
_19844_/CLK                             0.750000   25.469589  -24.719591 (VIOLATED)
_19845_/CLK                             0.750000   25.469591  -24.719593 (VIOLATED)
_19849_/CLK                             0.750000   25.469584  -24.719584 (VIOLATED)
_19851_/CLK                             0.750000   25.469584  -24.719584 (VIOLATED)
_19924_/CLK                             0.750000   25.469564  -24.719566 (VIOLATED)
_21065_/CLK                             0.750000   25.469568  -24.719570 (VIOLATED)
_21077_/CLK                             0.750000   25.469591  -24.719593 (VIOLATED)
_21067_/CLK                             0.750000   25.469564  -24.719566 (VIOLATED)
_21083_/CLK                             0.750000   25.469574  -24.719574 (VIOLATED)
_21093_/CLK                             0.750000   25.469582  -24.719582 (VIOLATED)
_21094_/CLK                             0.750000   25.469591  -24.719593 (VIOLATED)
_21096_/CLK                             0.750000   25.469582  -24.719582 (VIOLATED)
_21097_/CLK                             0.750000   25.469568  -24.719570 (VIOLATED)
_21109_/CLK                             0.750000   25.469591  -24.719593 (VIOLATED)
_21117_/CLK                             0.750000   25.469599  -24.719599 (VIOLATED)
_21099_/CLK                             0.750000   25.469564  -24.719566 (VIOLATED)
_21137_/CLK                             0.750000   25.469585  -24.719585 (VIOLATED)
_21142_/CLK                             0.750000   25.469585  -24.719585 (VIOLATED)
_21145_/CLK                             0.750000   25.469574  -24.719574 (VIOLATED)
_21147_/CLK                             0.750000   25.469589  -24.719591 (VIOLATED)
_21148_/CLK                             0.750000   25.469589  -24.719591 (VIOLATED)
_21152_/CLK                             0.750000   25.469585  -24.719585 (VIOLATED)
_21182_/CLK                             0.750000   25.469582  -24.719582 (VIOLATED)
_21183_/CLK                             0.750000   25.469580  -24.719580 (VIOLATED)
_21185_/CLK                             0.750000   25.469582  -24.719582 (VIOLATED)
_21237_/CLK                             0.750000   25.469574  -24.719574 (VIOLATED)
_21239_/CLK                             0.750000   25.469589  -24.719591 (VIOLATED)
_21240_/CLK                             0.750000   25.469589  -24.719591 (VIOLATED)
_21244_/CLK                             0.750000   25.469585  -24.719585 (VIOLATED)
_21262_/CLK                             0.750000   25.469584  -24.719584 (VIOLATED)
_21272_/CLK                             0.750000   25.469589  -24.719591 (VIOLATED)
_21124_/CLK                             0.750000   25.469547  -24.719547 (VIOLATED)
_21134_/CLK                             0.750000   25.469555  -24.719555 (VIOLATED)
_21186_/CLK                             0.750000   25.469568  -24.719570 (VIOLATED)
_21195_/CLK                             0.750000   25.469574  -24.719574 (VIOLATED)
_21197_/CLK                             0.750000   25.469589  -24.719591 (VIOLATED)
_21198_/CLK                             0.750000   25.469591  -24.719593 (VIOLATED)
_21229_/CLK                             0.750000   25.469585  -24.719585 (VIOLATED)
_21234_/CLK                             0.750000   25.469585  -24.719585 (VIOLATED)
_21216_/CLK                             0.750000   25.469549  -24.719549 (VIOLATED)
_21226_/CLK                             0.750000   25.469555  -24.719555 (VIOLATED)
_21264_/CLK                             0.750000   25.469561  -24.719563 (VIOLATED)
_21265_/CLK                             0.750000   25.469584  -24.719584 (VIOLATED)
_21266_/CLK                             0.750000   25.469584  -24.719584 (VIOLATED)
_21267_/CLK                             0.750000   25.469585  -24.719585 (VIOLATED)
_21268_/CLK                             0.750000   25.469568  -24.719570 (VIOLATED)
_21275_/CLK                             0.750000   25.469582  -24.719582 (VIOLATED)
_21284_/CLK                             0.750000   25.469584  -24.719584 (VIOLATED)
_21649_/CLK                             0.750000   25.469574  -24.719574 (VIOLATED)
_21651_/CLK                             0.750000   25.469582  -24.719582 (VIOLATED)
_21652_/CLK                             0.750000   25.469582  -24.719582 (VIOLATED)
_21653_/CLK                             0.750000   25.469582  -24.719582 (VIOLATED)
_21654_/CLK                             0.750000   25.469587  -24.719589 (VIOLATED)
_21655_/CLK                             0.750000   25.469587  -24.719589 (VIOLATED)
_21656_/CLK                             0.750000   25.469585  -24.719587 (VIOLATED)
_21657_/CLK                             0.750000   25.469584  -24.719584 (VIOLATED)
_21658_/CLK                             0.750000   25.469589  -24.719591 (VIOLATED)
_21659_/CLK                             0.750000   25.469591  -24.719593 (VIOLATED)
_21660_/CLK                             0.750000   25.469591  -24.719593 (VIOLATED)
_21661_/CLK                             0.750000   25.469591  -24.719593 (VIOLATED)
_21356_/CLK                             0.750000   25.469547  -24.719547 (VIOLATED)
_21425_/CLK                             0.750000   25.469549  -24.719549 (VIOLATED)
_21426_/CLK                             0.750000   25.469549  -24.719549 (VIOLATED)
_21584_/CLK                             0.750000   25.469549  -24.719549 (VIOLATED)
_21585_/CLK                             0.750000   25.469549  -24.719549 (VIOLATED)
_21637_/CLK                             0.750000   25.469549  -24.719549 (VIOLATED)
_21708_/CLK                             0.750000   25.469547  -24.719547 (VIOLATED)
_21731_/CLK                             0.750000   25.469549  -24.719549 (VIOLATED)
_21732_/CLK                             0.750000   25.469547  -24.719547 (VIOLATED)
_19798_/CLK                             0.750000   25.469496  -24.719496 (VIOLATED)
_21257_/CLK                             0.750000   25.469517  -24.719519 (VIOLATED)
_21463_/CLK                             0.750000   25.469507  -24.719507 (VIOLATED)
_21464_/CLK                             0.750000   25.469509  -24.719511 (VIOLATED)
_21465_/CLK                             0.750000   25.469517  -24.719519 (VIOLATED)
_21466_/CLK                             0.750000   25.469519  -24.719519 (VIOLATED)
_21467_/CLK                             0.750000   25.469521  -24.719521 (VIOLATED)
_21473_/CLK                             0.750000   25.469521  -24.719521 (VIOLATED)
_19799_/CLK                             0.750000   25.469475  -24.719475 (VIOLATED)
_19890_/CLK                             0.750000   25.469467  -24.719467 (VIOLATED)
_19891_/CLK                             0.750000   25.469475  -24.719475 (VIOLATED)
_19892_/CLK                             0.750000   25.469475  -24.719475 (VIOLATED)
_21057_/CLK                             0.750000   25.469475  -24.719475 (VIOLATED)
_21089_/CLK                             0.750000   25.469475  -24.719475 (VIOLATED)
_21118_/CLK                             0.750000   25.469481  -24.719481 (VIOLATED)
_21126_/CLK                             0.750000   25.469494  -24.719494 (VIOLATED)
_21127_/CLK                             0.750000   25.469475  -24.719475 (VIOLATED)
_21181_/CLK                             0.750000   25.469475  -24.719475 (VIOLATED)
_21207_/CLK                             0.750000   25.469481  -24.719481 (VIOLATED)
_21218_/CLK                             0.750000   25.469482  -24.719484 (VIOLATED)
_21219_/CLK                             0.750000   25.469475  -24.719475 (VIOLATED)
_21355_/CLK                             0.750000   25.469481  -24.719481 (VIOLATED)
_21495_/CLK                             0.750000   25.469501  -24.719501 (VIOLATED)
_21496_/CLK                             0.750000   25.469509  -24.719511 (VIOLATED)
_21497_/CLK                             0.750000   25.469517  -24.719519 (VIOLATED)
_21498_/CLK                             0.750000   25.469519  -24.719519 (VIOLATED)
_21499_/CLK                             0.750000   25.469521  -24.719521 (VIOLATED)
_21501_/CLK                             0.750000   25.469521  -24.719521 (VIOLATED)
_21625_/CLK                             0.750000   25.469521  -24.719521 (VIOLATED)
_21638_/CLK                             0.750000   25.469543  -24.719545 (VIOLATED)
_21429_/CLK                             0.750000   25.469475  -24.719475 (VIOLATED)
_21430_/CLK                             0.750000   25.469475  -24.719475 (VIOLATED)
_21468_/CLK                             0.750000   25.469496  -24.719496 (VIOLATED)
_21469_/CLK                             0.750000   25.469519  -24.719519 (VIOLATED)
_21470_/CLK                             0.750000   25.469513  -24.719515 (VIOLATED)
_21471_/CLK                             0.750000   25.469513  -24.719515 (VIOLATED)
_21472_/CLK                             0.750000   25.469519  -24.719519 (VIOLATED)
_21480_/CLK                             0.750000   25.469511  -24.719513 (VIOLATED)
_21481_/CLK                             0.750000   25.469511  -24.719513 (VIOLATED)
_21482_/CLK                             0.750000   25.469519  -24.719519 (VIOLATED)
_21483_/CLK                             0.750000   25.469521  -24.719521 (VIOLATED)
_21484_/CLK                             0.750000   25.469513  -24.719515 (VIOLATED)
_21485_/CLK                             0.750000   25.469521  -24.719521 (VIOLATED)
_21486_/CLK                             0.750000   25.469513  -24.719515 (VIOLATED)
_21487_/CLK                             0.750000   25.469513  -24.719515 (VIOLATED)
_21488_/CLK                             0.750000   25.469521  -24.719521 (VIOLATED)
_21489_/CLK                             0.750000   25.469522  -24.719522 (VIOLATED)
_21500_/CLK                             0.750000   25.469496  -24.719496 (VIOLATED)
_21502_/CLK                             0.750000   25.469513  -24.719515 (VIOLATED)
_21503_/CLK                             0.750000   25.469513  -24.719515 (VIOLATED)
_21504_/CLK                             0.750000   25.469519  -24.719519 (VIOLATED)
_21505_/CLK                             0.750000   25.469521  -24.719521 (VIOLATED)
_21511_/CLK                             0.750000   25.469507  -24.719509 (VIOLATED)
_21512_/CLK                             0.750000   25.469511  -24.719513 (VIOLATED)
_21513_/CLK                             0.750000   25.469511  -24.719513 (VIOLATED)
_21514_/CLK                             0.750000   25.469519  -24.719519 (VIOLATED)
_21515_/CLK                             0.750000   25.469522  -24.719522 (VIOLATED)
_21516_/CLK                             0.750000   25.469513  -24.719515 (VIOLATED)
_21517_/CLK                             0.750000   25.469521  -24.719521 (VIOLATED)
_21518_/CLK                             0.750000   25.469513  -24.719515 (VIOLATED)
_21519_/CLK                             0.750000   25.469521  -24.719521 (VIOLATED)
_21520_/CLK                             0.750000   25.469521  -24.719521 (VIOLATED)
_21521_/CLK                             0.750000   25.469522  -24.719522 (VIOLATED)
_21527_/CLK                             0.750000   25.469500  -24.719500 (VIOLATED)
_21528_/CLK                             0.750000   25.469509  -24.719511 (VIOLATED)
_21529_/CLK                             0.750000   25.469517  -24.719519 (VIOLATED)
_21530_/CLK                             0.750000   25.469519  -24.719519 (VIOLATED)
_21531_/CLK                             0.750000   25.469521  -24.719521 (VIOLATED)
_21533_/CLK                             0.750000   25.469521  -24.719521 (VIOLATED)
_21532_/CLK                             0.750000   25.469496  -24.719496 (VIOLATED)
_21534_/CLK                             0.750000   25.469513  -24.719515 (VIOLATED)
_21535_/CLK                             0.750000   25.469511  -24.719513 (VIOLATED)
_21536_/CLK                             0.750000   25.469519  -24.719519 (VIOLATED)
_21537_/CLK                             0.750000   25.469521  -24.719521 (VIOLATED)
_21550_/CLK                             0.750000   25.469513  -24.719515 (VIOLATED)
_21551_/CLK                             0.750000   25.469521  -24.719521 (VIOLATED)
_21552_/CLK                             0.750000   25.469521  -24.719521 (VIOLATED)
_21553_/CLK                             0.750000   25.469522  -24.719522 (VIOLATED)
_21633_/CLK                             0.750000   25.469511  -24.719513 (VIOLATED)
_21639_/CLK                             0.750000   25.469534  -24.719534 (VIOLATED)
_21460_/CLK                             0.750000   25.469471  -24.719471 (VIOLATED)
_21462_/CLK                             0.750000   25.469467  -24.719467 (VIOLATED)
_21474_/CLK                             0.750000   25.469484  -24.719486 (VIOLATED)
_21475_/CLK                             0.750000   25.469490  -24.719492 (VIOLATED)
_21479_/CLK                             0.750000   25.469507  -24.719509 (VIOLATED)
_21476_/CLK                             0.750000   25.469475  -24.719475 (VIOLATED)
_21478_/CLK                             0.750000   25.469475  -24.719475 (VIOLATED)
_21492_/CLK                             0.750000   25.469469  -24.719469 (VIOLATED)
_21494_/CLK                             0.750000   25.469467  -24.719467 (VIOLATED)
_21506_/CLK                             0.750000   25.469484  -24.719486 (VIOLATED)
_21507_/CLK                             0.750000   25.469490  -24.719492 (VIOLATED)
_21508_/CLK                             0.750000   25.469479  -24.719479 (VIOLATED)
_21510_/CLK                             0.750000   25.469479  -24.719479 (VIOLATED)
_21524_/CLK                             0.750000   25.469467  -24.719467 (VIOLATED)
_21526_/CLK                             0.750000   25.469467  -24.719467 (VIOLATED)
_21538_/CLK                             0.750000   25.469484  -24.719486 (VIOLATED)
_21539_/CLK                             0.750000   25.469490  -24.719492 (VIOLATED)
_21543_/CLK                             0.750000   25.469507  -24.719509 (VIOLATED)
_21544_/CLK                             0.750000   25.469511  -24.719513 (VIOLATED)
_21545_/CLK                             0.750000   25.469511  -24.719513 (VIOLATED)
_21546_/CLK                             0.750000   25.469519  -24.719519 (VIOLATED)
_21547_/CLK                             0.750000   25.469522  -24.719522 (VIOLATED)
_21548_/CLK                             0.750000   25.469513  -24.719515 (VIOLATED)
_21549_/CLK                             0.750000   25.469521  -24.719521 (VIOLATED)
_21540_/CLK                             0.750000   25.469479  -24.719479 (VIOLATED)
_21542_/CLK                             0.750000   25.469479  -24.719479 (VIOLATED)
_21607_/CLK                             0.750000   25.469475  -24.719475 (VIOLATED)
_12039_/X                               0.750000   25.469433  -24.719435 (VIOLATED)
_19800_/CLK                             0.750000   25.469433  -24.719435 (VIOLATED)
_19801_/CLK                             0.750000   25.469433  -24.719435 (VIOLATED)
_19802_/CLK                             0.750000   25.469433  -24.719435 (VIOLATED)
_19803_/CLK                             0.750000   25.469433  -24.719435 (VIOLATED)
_19854_/CLK                             0.750000   25.469433  -24.719435 (VIOLATED)
_19855_/CLK                             0.750000   25.469433  -24.719435 (VIOLATED)
_19856_/CLK                             0.750000   25.469433  -24.719435 (VIOLATED)
_19857_/CLK                             0.750000   25.469433  -24.719435 (VIOLATED)
_19858_/CLK                             0.750000   25.469433  -24.719435 (VIOLATED)
_19859_/CLK                             0.750000   25.469433  -24.719435 (VIOLATED)
_19860_/CLK                             0.750000   25.469433  -24.719435 (VIOLATED)
_19861_/CLK                             0.750000   25.469433  -24.719435 (VIOLATED)
_19862_/CLK                             0.750000   25.469433  -24.719435 (VIOLATED)
_19863_/CLK                             0.750000   25.469433  -24.719435 (VIOLATED)
_19864_/CLK                             0.750000   25.469433  -24.719435 (VIOLATED)
_19865_/CLK                             0.750000   25.469433  -24.719435 (VIOLATED)
_19866_/CLK                             0.750000   25.469433  -24.719435 (VIOLATED)
_19867_/CLK                             0.750000   25.469433  -24.719435 (VIOLATED)
_19868_/CLK                             0.750000   25.469433  -24.719435 (VIOLATED)
_19869_/CLK                             0.750000   25.469433  -24.719435 (VIOLATED)
_19870_/CLK                             0.750000   25.469433  -24.719435 (VIOLATED)
_19871_/CLK                             0.750000   25.469433  -24.719435 (VIOLATED)
_19872_/CLK                             0.750000   25.469433  -24.719435 (VIOLATED)
_19873_/CLK                             0.750000   25.469433  -24.719435 (VIOLATED)
_19874_/CLK                             0.750000   25.469433  -24.719435 (VIOLATED)
_19875_/CLK                             0.750000   25.469433  -24.719435 (VIOLATED)
_19876_/CLK                             0.750000   25.469433  -24.719435 (VIOLATED)
_19877_/CLK                             0.750000   25.469433  -24.719435 (VIOLATED)
_19878_/CLK                             0.750000   25.469433  -24.719435 (VIOLATED)
_19879_/CLK                             0.750000   25.469433  -24.719435 (VIOLATED)
_19880_/CLK                             0.750000   25.469433  -24.719435 (VIOLATED)
_19881_/CLK                             0.750000   25.469433  -24.719435 (VIOLATED)
_19882_/CLK                             0.750000   25.469433  -24.719435 (VIOLATED)
_19883_/CLK                             0.750000   25.469433  -24.719435 (VIOLATED)
_19889_/CLK                             0.750000   25.469433  -24.719435 (VIOLATED)
_19893_/CLK                             0.750000   25.469433  -24.719435 (VIOLATED)
_19894_/CLK                             0.750000   25.469433  -24.719435 (VIOLATED)
_19895_/CLK                             0.750000   25.469433  -24.719435 (VIOLATED)
_19896_/CLK                             0.750000   25.469433  -24.719435 (VIOLATED)
_21125_/CLK                             0.750000   25.469433  -24.719435 (VIOLATED)
_21128_/CLK                             0.750000   25.469433  -24.719435 (VIOLATED)
_21129_/CLK                             0.750000   25.469433  -24.719435 (VIOLATED)
_21130_/CLK                             0.750000   25.469433  -24.719435 (VIOLATED)
_21131_/CLK                             0.750000   25.469433  -24.719435 (VIOLATED)
_21217_/CLK                             0.750000   25.469433  -24.719435 (VIOLATED)
_21220_/CLK                             0.750000   25.469433  -24.719435 (VIOLATED)
_21221_/CLK                             0.750000   25.469433  -24.719435 (VIOLATED)
_21222_/CLK                             0.750000   25.469433  -24.719435 (VIOLATED)
_21223_/CLK                             0.750000   25.469433  -24.719435 (VIOLATED)
_21260_/CLK                             0.750000   25.469433  -24.719435 (VIOLATED)
_21261_/CLK                             0.750000   25.469433  -24.719435 (VIOLATED)
_21424_/CLK                             0.750000   25.469433  -24.719435 (VIOLATED)
_21427_/CLK                             0.750000   25.469433  -24.719435 (VIOLATED)
_21428_/CLK                             0.750000   25.469433  -24.719435 (VIOLATED)
_21431_/CLK                             0.750000   25.469433  -24.719435 (VIOLATED)
_21432_/CLK                             0.750000   25.469433  -24.719435 (VIOLATED)
_21433_/CLK                             0.750000   25.469433  -24.719435 (VIOLATED)
_21434_/CLK                             0.750000   25.469433  -24.719435 (VIOLATED)
_21435_/CLK                             0.750000   25.469433  -24.719435 (VIOLATED)
_21436_/CLK                             0.750000   25.469433  -24.719435 (VIOLATED)
_21458_/CLK                             0.750000   25.469433  -24.719435 (VIOLATED)
_21459_/CLK                             0.750000   25.469433  -24.719435 (VIOLATED)
_21490_/CLK                             0.750000   25.469433  -24.719435 (VIOLATED)
_21491_/CLK                             0.750000   25.469433  -24.719435 (VIOLATED)
_21522_/CLK                             0.750000   25.469433  -24.719435 (VIOLATED)
_21523_/CLK                             0.750000   25.469433  -24.719435 (VIOLATED)
_21554_/CLK                             0.750000   25.469433  -24.719435 (VIOLATED)
_21555_/CLK                             0.750000   25.469433  -24.719435 (VIOLATED)
_21556_/CLK                             0.750000   25.469433  -24.719435 (VIOLATED)
_21557_/CLK                             0.750000   25.469433  -24.719435 (VIOLATED)
_21558_/CLK                             0.750000   25.469433  -24.719435 (VIOLATED)
_21559_/CLK                             0.750000   25.469433  -24.719435 (VIOLATED)
_21560_/CLK                             0.750000   25.469433  -24.719435 (VIOLATED)
_21561_/CLK                             0.750000   25.469433  -24.719435 (VIOLATED)
_21562_/CLK                             0.750000   25.469433  -24.719435 (VIOLATED)
_21563_/CLK                             0.750000   25.469433  -24.719435 (VIOLATED)
_21564_/CLK                             0.750000   25.469433  -24.719435 (VIOLATED)
_21565_/CLK                             0.750000   25.469433  -24.719435 (VIOLATED)
_21566_/CLK                             0.750000   25.469433  -24.719435 (VIOLATED)
_21567_/CLK                             0.750000   25.469433  -24.719435 (VIOLATED)
_21568_/CLK                             0.750000   25.469433  -24.719435 (VIOLATED)
_21569_/CLK                             0.750000   25.469433  -24.719435 (VIOLATED)
_21570_/CLK                             0.750000   25.469433  -24.719435 (VIOLATED)
_21571_/CLK                             0.750000   25.469433  -24.719435 (VIOLATED)
_21572_/CLK                             0.750000   25.469433  -24.719435 (VIOLATED)
_21573_/CLK                             0.750000   25.469433  -24.719435 (VIOLATED)
_21574_/CLK                             0.750000   25.469433  -24.719435 (VIOLATED)
_21575_/CLK                             0.750000   25.469433  -24.719435 (VIOLATED)
_21576_/CLK                             0.750000   25.469433  -24.719435 (VIOLATED)
_21577_/CLK                             0.750000   25.469433  -24.719435 (VIOLATED)
_21578_/CLK                             0.750000   25.469433  -24.719435 (VIOLATED)
_21579_/CLK                             0.750000   25.469433  -24.719435 (VIOLATED)
_21580_/CLK                             0.750000   25.469433  -24.719435 (VIOLATED)
_21581_/CLK                             0.750000   25.469433  -24.719435 (VIOLATED)
_21582_/CLK                             0.750000   25.469433  -24.719435 (VIOLATED)
_21583_/CLK                             0.750000   25.469433  -24.719435 (VIOLATED)
_21640_/CLK                             0.750000   25.469433  -24.719435 (VIOLATED)
_21641_/CLK                             0.750000   25.469433  -24.719435 (VIOLATED)
_21642_/CLK                             0.750000   25.469433  -24.719435 (VIOLATED)
_21643_/CLK                             0.750000   25.469433  -24.719435 (VIOLATED)
_21699_/CLK                             0.750000   25.469433  -24.719435 (VIOLATED)
_21700_/CLK                             0.750000   25.469433  -24.719435 (VIOLATED)
_21701_/CLK                             0.750000   25.469433  -24.719435 (VIOLATED)
_21702_/CLK                             0.750000   25.469433  -24.719435 (VIOLATED)
_21703_/CLK                             0.750000   25.469433  -24.719435 (VIOLATED)
_21704_/CLK                             0.750000   25.469433  -24.719435 (VIOLATED)
_21705_/CLK                             0.750000   25.469433  -24.719435 (VIOLATED)
_21706_/CLK                             0.750000   25.469433  -24.719435 (VIOLATED)
_21707_/CLK                             0.750000   25.469433  -24.719435 (VIOLATED)
_21717_/CLK                             0.750000   25.469433  -24.719435 (VIOLATED)
_21718_/CLK                             0.750000   25.469433  -24.719435 (VIOLATED)
_21719_/CLK                             0.750000   25.469433  -24.719435 (VIOLATED)
_21720_/CLK                             0.750000   25.469433  -24.719435 (VIOLATED)
_21721_/CLK                             0.750000   25.469433  -24.719435 (VIOLATED)
_21722_/CLK                             0.750000   25.469433  -24.719435 (VIOLATED)
_21723_/CLK                             0.750000   25.469433  -24.719435 (VIOLATED)
_21724_/CLK                             0.750000   25.469433  -24.719435 (VIOLATED)
_21725_/CLK                             0.750000   25.469433  -24.719435 (VIOLATED)
_21726_/CLK                             0.750000   25.469433  -24.719435 (VIOLATED)
_21734_/CLK                             0.750000   25.469433  -24.719435 (VIOLATED)
_11217_/B1                              0.750000    8.282196   -7.532197 (VIOLATED)
_11094_/S                               0.750000    8.282188   -7.532188 (VIOLATED)
_11219_/S                               0.750000    8.282196   -7.532196 (VIOLATED)
_11095_/S                               0.750000    8.282186   -7.532186 (VIOLATED)
_10252_/S                               0.750000    8.282169   -7.532169 (VIOLATED)
_10253_/S                               0.750000    8.282171   -7.532172 (VIOLATED)
_11087_/S                               0.750000    8.282151   -7.532151 (VIOLATED)
_11089_/S                               0.750000    8.282151   -7.532151 (VIOLATED)
_10249_/B1                              0.750000    8.282141   -7.532140 (VIOLATED)
_11093_/S0                              0.750000    8.282107   -7.532108 (VIOLATED)
_11218_/S                               0.750000    8.282113   -7.532113 (VIOLATED)
_10254_/S0                              0.750000    8.282096   -7.532096 (VIOLATED)
_11107_/S                               0.750000    8.282065   -7.532065 (VIOLATED)
_11108_/A1                              0.750000    8.282070   -7.532070 (VIOLATED)
_11224_/S                               0.750000    8.282072   -7.532072 (VIOLATED)
_11223_/S                               0.750000    8.282057   -7.532057 (VIOLATED)
_11099_/S                               0.750000    8.282048   -7.532048 (VIOLATED)
_11100_/S                               0.750000    8.282048   -7.532048 (VIOLATED)
_11226_/S                               0.750000    8.282053   -7.532053 (VIOLATED)
_11227_/S                               0.750000    8.282060   -7.532060 (VIOLATED)
_11102_/S0                              0.750000    8.282041   -7.532041 (VIOLATED)
_11105_/S                               0.750000    8.282019   -7.532019 (VIOLATED)
_11109_/S                               0.750000    8.282024   -7.532024 (VIOLATED)
_10259_/S                               0.750000    8.282009   -7.532009 (VIOLATED)
_10262_/S                               0.750000    8.282001   -7.532001 (VIOLATED)
_10258_/S                               0.750000    8.281964   -7.531965 (VIOLATED)
_10261_/S                               0.750000    8.281968   -7.531968 (VIOLATED)
_10268_/S                               0.750000    8.281945   -7.531945 (VIOLATED)
_10265_/B1                              0.750000    8.281903   -7.531903 (VIOLATED)
_11418_/S                               0.750000    8.281873   -7.531873 (VIOLATED)
_11419_/S                               0.750000    8.281871   -7.531870 (VIOLATED)
_11422_/S                               0.750000    8.281874   -7.531874 (VIOLATED)
_11421_/S                               0.750000    8.281864   -7.531864 (VIOLATED)
_11413_/S                               0.750000    8.281775   -7.531775 (VIOLATED)
_11414_/A1                              0.750000    8.281723   -7.531723 (VIOLATED)
_11411_/S                               0.750000    8.281707   -7.531707 (VIOLATED)
_11415_/S                               0.750000    8.281707   -7.531707 (VIOLATED)
_11230_/S0                              0.750000    8.281614   -7.531615 (VIOLATED)
_11232_/S                               0.750000    8.281622   -7.531622 (VIOLATED)
_11234_/A1                              0.750000    8.281623   -7.531623 (VIOLATED)
_11664_/S                               0.750000    8.281600   -7.531600 (VIOLATED)
_11667_/S                               0.750000    8.281593   -7.531593 (VIOLATED)
_11666_/A1                              0.750000    8.281586   -7.531585 (VIOLATED)
_11665_/S                               0.750000    8.281575   -7.531576 (VIOLATED)
_11401_/S0                              0.750000    8.281556   -7.531556 (VIOLATED)
_11399_/S                               0.750000    8.281387   -7.531387 (VIOLATED)
_11400_/S                               0.750000    8.281387   -7.531387 (VIOLATED)
_11404_/S                               0.750000    8.281380   -7.531379 (VIOLATED)
_11407_/S                               0.750000    8.281379   -7.531378 (VIOLATED)
_11405_/S                               0.750000    8.281293   -7.531293 (VIOLATED)
_11408_/S                               0.750000    8.281256   -7.531256 (VIOLATED)
_11046_/B1                              0.750000    8.281064   -7.531064 (VIOLATED)
_11660_/S0                              0.750000    8.281059   -7.531060 (VIOLATED)
_11473_/S                               0.750000    8.281052   -7.531052 (VIOLATED)
_11662_/S0                              0.750000    8.281054   -7.531054 (VIOLATED)
_11475_/S                               0.750000    8.281006   -7.531005 (VIOLATED)
_11964_/A1                              0.750000    8.280877   -7.530877 (VIOLATED)
_11965_/A                               0.750000    8.280877   -7.530877 (VIOLATED)
_11967_/S0                              0.750000    8.280873   -7.530873 (VIOLATED)
_11474_/S                               0.750000    8.280857   -7.530857 (VIOLATED)
_11476_/S                               0.750000    8.280860   -7.530859 (VIOLATED)
_11483_/B1                              0.750000    8.280780   -7.530780 (VIOLATED)
_10188_/S                               0.750000    8.280712   -7.530712 (VIOLATED)
_09841_/A                               0.750000    8.280704   -7.530704 (VIOLATED)
_10189_/S                               0.750000    8.280709   -7.530710 (VIOLATED)
_10195_/S                               0.750000    8.280704   -7.530704 (VIOLATED)
_10196_/S                               0.750000    8.280704   -7.530704 (VIOLATED)
_10200_/S                               0.750000    8.280705   -7.530705 (VIOLATED)
_10201_/S                               0.750000    8.280698   -7.530698 (VIOLATED)
_10203_/S                               0.750000    8.280702   -7.530702 (VIOLATED)
_10204_/S                               0.750000    8.280704   -7.530704 (VIOLATED)
_10210_/S                               0.750000    8.280679   -7.530679 (VIOLATED)
_10212_/B1                              0.750000    8.280654   -7.530653 (VIOLATED)
_10070_/A                               0.750000    8.280583   -7.530583 (VIOLATED)
_10074_/S                               0.750000    8.280578   -7.530577 (VIOLATED)
_10076_/S                               0.750000    8.280581   -7.530581 (VIOLATED)
_10077_/S                               0.750000    8.280580   -7.530579 (VIOLATED)
_10079_/A1                              0.750000    8.280566   -7.530567 (VIOLATED)
_10142_/S                               0.750000    8.280501   -7.530501 (VIOLATED)
_10143_/S                               0.750000    8.280501   -7.530501 (VIOLATED)
_10145_/S                               0.750000    8.280502   -7.530502 (VIOLATED)
_10146_/S                               0.750000    8.280498   -7.530498 (VIOLATED)
_10318_/S0                              0.750000    8.280502   -7.530503 (VIOLATED)
_10131_/S                               0.750000    8.280477   -7.530477 (VIOLATED)
_10132_/S                               0.750000    8.280479   -7.530479 (VIOLATED)
_10138_/S0                              0.750000    8.280483   -7.530483 (VIOLATED)
_10136_/S                               0.750000    8.280476   -7.530475 (VIOLATED)
_10137_/S                               0.750000    8.280476   -7.530475 (VIOLATED)
_10151_/S                               0.750000    8.280461   -7.530461 (VIOLATED)
_10153_/S                               0.750000    8.280466   -7.530466 (VIOLATED)
_10155_/A                               0.750000    8.280463   -7.530464 (VIOLATED)
_10156_/S                               0.750000    8.280466   -7.530466 (VIOLATED)
_10133_/S0                              0.750000    8.280451   -7.530451 (VIOLATED)
_10307_/S                               0.750000    8.280453   -7.530453 (VIOLATED)
_11481_/S                               0.750000    8.280457   -7.530457 (VIOLATED)
_11486_/A1                              0.750000    8.280459   -7.530459 (VIOLATED)
_10308_/S                               0.750000    8.280447   -7.530447 (VIOLATED)
_10315_/S                               0.750000    8.280437   -7.530436 (VIOLATED)
_10317_/S                               0.750000    8.280424   -7.530424 (VIOLATED)
_10310_/S                               0.750000    8.280366   -7.530366 (VIOLATED)
_10312_/S                               0.750000    8.280343   -7.530343 (VIOLATED)
_10862_/S0                              0.750000    8.280348   -7.530348 (VIOLATED)
_10854_/B1                              0.750000    8.280340   -7.530340 (VIOLATED)
_10864_/S0                              0.750000    8.280347   -7.530347 (VIOLATED)
_10866_/A1                              0.750000    8.280337   -7.530337 (VIOLATED)
_10869_/S                               0.750000    8.280342   -7.530342 (VIOLATED)
_10871_/B2                              0.750000    8.280335   -7.530336 (VIOLATED)
_10850_/B1                              0.750000    8.280323   -7.530323 (VIOLATED)
_10977_/S                               0.750000    8.280278   -7.530278 (VIOLATED)
_10978_/S                               0.750000    8.280272   -7.530272 (VIOLATED)
_10970_/S                               0.750000    8.280243   -7.530242 (VIOLATED)
_10971_/S                               0.750000    8.280240   -7.530240 (VIOLATED)
_10975_/S0                              0.750000    8.280246   -7.530246 (VIOLATED)
_10972_/S0                              0.750000    8.280235   -7.530235 (VIOLATED)
_11465_/S                               0.750000    8.280191   -7.530192 (VIOLATED)
_10333_/S                               0.750000    8.280177   -7.530177 (VIOLATED)
_10331_/S                               0.750000    8.280110   -7.530110 (VIOLATED)
_11470_/S                               0.750000    8.280101   -7.530100 (VIOLATED)
_10987_/S                               0.750000    8.279987   -7.529987 (VIOLATED)
_10981_/S0                              0.750000    8.279958   -7.529957 (VIOLATED)
_10983_/S0                              0.750000    8.279957   -7.529956 (VIOLATED)
_10322_/B1                              0.750000    8.279938   -7.529938 (VIOLATED)
_10327_/S                               0.750000    8.279939   -7.529939 (VIOLATED)
_10989_/S                               0.750000    8.279943   -7.529942 (VIOLATED)
_10335_/S0                              0.750000    8.279932   -7.529932 (VIOLATED)
_10985_/S                               0.750000    8.279921   -7.529921 (VIOLATED)
_10988_/A1                              0.750000    8.279922   -7.529922 (VIOLATED)
_11469_/S                               0.750000    8.279893   -7.529892 (VIOLATED)
_11467_/S                               0.750000    8.279879   -7.529878 (VIOLATED)
_11458_/B1                              0.750000    8.279739   -7.529739 (VIOLATED)
_11145_/S0                              0.750000    8.279210   -7.529211 (VIOLATED)
_11155_/S                               0.750000    8.279112   -7.529112 (VIOLATED)
_11156_/S                               0.750000    8.278904   -7.528904 (VIOLATED)
_11157_/S0                              0.750000    8.278676   -7.528676 (VIOLATED)
_11162_/A1                              0.750000    8.278535   -7.528534 (VIOLATED)
_11168_/B1                              0.750000    8.278328   -7.528327 (VIOLATED)
_11165_/S                               0.750000    8.278299   -7.528299 (VIOLATED)
_11550_/S                               0.750000    8.277904   -7.527904 (VIOLATED)
_11547_/B1                              0.750000    8.277890   -7.527891 (VIOLATED)
_10191_/S0                              0.750000    8.277846   -7.527846 (VIOLATED)
_10193_/S0                              0.750000    8.277842   -7.527842 (VIOLATED)
_10062_/C1                              0.750000    8.277822   -7.527822 (VIOLATED)
_11765_/S0                              0.750000    8.277823   -7.527823 (VIOLATED)
_11771_/S                               0.750000    8.277820   -7.527820 (VIOLATED)
_11772_/S                               0.750000    8.277820   -7.527820 (VIOLATED)
_11768_/S                               0.750000    8.277810   -7.527810 (VIOLATED)
_11769_/S                               0.750000    8.277808   -7.527808 (VIOLATED)
_11035_/S                               0.750000    8.277795   -7.527795 (VIOLATED)
_11037_/S                               0.750000    8.277795   -7.527795 (VIOLATED)
_11652_/B1                              0.750000    8.277795   -7.527795 (VIOLATED)
_11036_/S                               0.750000    8.277786   -7.527787 (VIOLATED)
_11038_/S                               0.750000    8.277784   -7.527784 (VIOLATED)
_11763_/S                               0.750000    8.277775   -7.527775 (VIOLATED)
_11045_/S                               0.750000    8.277764   -7.527764 (VIOLATED)
_11764_/S                               0.750000    8.277762   -7.527762 (VIOLATED)
_10056_/C1                              0.750000    8.277751   -7.527751 (VIOLATED)
_11948_/A                               0.750000    8.277748   -7.527749 (VIOLATED)
_11954_/A1                              0.750000    8.277746   -7.527746 (VIOLATED)
_11958_/S                               0.750000    8.277746   -7.527746 (VIOLATED)
_11960_/S                               0.750000    8.277740   -7.527740 (VIOLATED)
_11961_/S                               0.750000    8.277716   -7.527716 (VIOLATED)
_11779_/A1                              0.750000    8.277708   -7.527708 (VIOLATED)
_11780_/S                               0.750000    8.277713   -7.527713 (VIOLATED)
_11957_/S                               0.750000    8.277706   -7.527706 (VIOLATED)
_10548_/A1                              0.750000    8.277682   -7.527682 (VIOLATED)
_10554_/B1                              0.750000    8.277680   -7.527680 (VIOLATED)
_10551_/S                               0.750000    8.277666   -7.527666 (VIOLATED)
_11776_/S                               0.750000    8.277666   -7.527666 (VIOLATED)
_11778_/S                               0.750000    8.277660   -7.527660 (VIOLATED)
_11783_/S                               0.750000    8.277661   -7.527661 (VIOLATED)
_11785_/S                               0.750000    8.277661   -7.527661 (VIOLATED)
_11787_/S0                              0.750000    8.277657   -7.527656 (VIOLATED)
_10542_/S0                              0.750000    8.277598   -7.527598 (VIOLATED)
_10544_/S0                              0.750000    8.277604   -7.527604 (VIOLATED)
_11725_/S                               0.750000    8.277604   -7.527604 (VIOLATED)
_10493_/S                               0.750000    8.277589   -7.527588 (VIOLATED)
_10492_/S                               0.750000    8.277579   -7.527579 (VIOLATED)
_11721_/B1                              0.750000    8.277544   -7.527544 (VIOLATED)
_10489_/S                               0.750000    8.277529   -7.527529 (VIOLATED)
_10490_/S                               0.750000    8.277529   -7.527529 (VIOLATED)
_10499_/S0                              0.750000    8.277525   -7.527524 (VIOLATED)
_11704_/S                               0.750000    8.277531   -7.527531 (VIOLATED)
_11705_/S                               0.750000    8.277538   -7.527538 (VIOLATED)
_11706_/S                               0.750000    8.277537   -7.527537 (VIOLATED)
_11707_/S                               0.750000    8.277532   -7.527532 (VIOLATED)
_11712_/C1                              0.750000    8.277534   -7.527534 (VIOLATED)
_10497_/B                               0.750000    8.277515   -7.527516 (VIOLATED)
_11593_/S                               0.750000    8.277518   -7.527518 (VIOLATED)
_11597_/S                               0.750000    8.277514   -7.527515 (VIOLATED)
_10496_/S                               0.750000    8.277505   -7.527505 (VIOLATED)
_11717_/S0                              0.750000    8.277503   -7.527503 (VIOLATED)
_11719_/S0                              0.750000    8.277500   -7.527500 (VIOLATED)
_11601_/S                               0.750000    8.277487   -7.527486 (VIOLATED)
_11603_/S                               0.750000    8.277492   -7.527492 (VIOLATED)
_11600_/S                               0.750000    8.277469   -7.527469 (VIOLATED)
_11604_/S                               0.750000    8.277469   -7.527469 (VIOLATED)
_11143_/S                               0.750000    8.277425   -7.527425 (VIOLATED)
_10435_/S                               0.750000    8.277410   -7.527409 (VIOLATED)
_10437_/S                               0.750000    8.277413   -7.527413 (VIOLATED)
_10439_/A                               0.750000    8.277410   -7.527409 (VIOLATED)
_10440_/S                               0.750000    8.277412   -7.527413 (VIOLATED)
_11141_/S                               0.750000    8.277409   -7.527408 (VIOLATED)
_11607_/S                               0.750000    8.277412   -7.527413 (VIOLATED)
_11609_/S                               0.750000    8.277410   -7.527409 (VIOLATED)
_11610_/A1                              0.750000    8.277408   -7.527407 (VIOLATED)
_11611_/S                               0.750000    8.277410   -7.527409 (VIOLATED)
_10429_/S                               0.750000    8.277399   -7.527400 (VIOLATED)
_10430_/S                               0.750000    8.277397   -7.527397 (VIOLATED)
_10432_/S0                              0.750000    8.277342   -7.527342 (VIOLATED)
_11148_/S                               0.750000    8.277342   -7.527342 (VIOLATED)
_11149_/S                               0.750000    8.277322   -7.527322 (VIOLATED)
_11538_/S0                              0.750000    8.277321   -7.527320 (VIOLATED)
_10607_/S                               0.750000    8.277264   -7.527264 (VIOLATED)
_10608_/S                               0.750000    8.277265   -7.527265 (VIOLATED)
_10609_/S0                              0.750000    8.277256   -7.527256 (VIOLATED)
_10603_/S                               0.750000    8.277243   -7.527243 (VIOLATED)
_11151_/S                               0.750000    8.277247   -7.527247 (VIOLATED)
_10602_/S                               0.750000    8.277229   -7.527229 (VIOLATED)
_11150_/S                               0.750000    8.277231   -7.527232 (VIOLATED)
_11091_/B1                              0.750000    8.277182   -7.527182 (VIOLATED)
_11212_/A1                              0.750000    8.277180   -7.527180 (VIOLATED)
_11032_/A1                              0.750000    8.277172   -7.527172 (VIOLATED)
_11028_/A1                              0.750000    8.277161   -7.527161 (VIOLATED)
_10484_/C1                              0.750000    8.277140   -7.527139 (VIOLATED)
_10478_/S                               0.750000    8.277121   -7.527121 (VIOLATED)
_11835_/S                               0.750000    8.277119   -7.527119 (VIOLATED)
_11836_/S                               0.750000    8.277114   -7.527114 (VIOLATED)
_11838_/S                               0.750000    8.277114   -7.527113 (VIOLATED)
_11839_/S                               0.750000    8.277117   -7.527117 (VIOLATED)
_10421_/B1                              0.750000    8.277099   -7.527098 (VIOLATED)
_10480_/S                               0.750000    8.277103   -7.527103 (VIOLATED)
_10481_/B1                              0.750000    8.277100   -7.527099 (VIOLATED)
_11845_/S                               0.750000    8.277099   -7.527098 (VIOLATED)
_11847_/B1                              0.750000    8.277100   -7.527099 (VIOLATED)
_11541_/S                               0.750000    8.277088   -7.527088 (VIOLATED)
_11542_/S                               0.750000    8.277093   -7.527093 (VIOLATED)
_11543_/S                               0.750000    8.277094   -7.527094 (VIOLATED)
_10531_/S                               0.750000    8.277073   -7.527072 (VIOLATED)
_11889_/S0                              0.750000    8.277078   -7.527078 (VIOLATED)
_10533_/S                               0.750000    8.277062   -7.527063 (VIOLATED)
_10968_/A1                              0.750000    8.277066   -7.527066 (VIOLATED)
_11540_/S                               0.750000    8.277070   -7.527070 (VIOLATED)
_10529_/S                               0.750000    8.277042   -7.527042 (VIOLATED)
_10534_/S                               0.750000    8.277037   -7.527037 (VIOLATED)
_11536_/S                               0.750000    8.277015   -7.527015 (VIOLATED)
_10537_/S0                              0.750000    8.276998   -7.526997 (VIOLATED)
_10538_/S                               0.750000    8.276994   -7.526993 (VIOLATED)
_10539_/S                               0.750000    8.276992   -7.526992 (VIOLATED)
_11534_/A                               0.750000    8.276954   -7.526954 (VIOLATED)
_11888_/S                               0.750000    8.276960   -7.526960 (VIOLATED)
_11283_/S                               0.750000    8.276938   -7.526938 (VIOLATED)
_11886_/S                               0.750000    8.276934   -7.526934 (VIOLATED)
_11281_/S                               0.750000    8.276919   -7.526919 (VIOLATED)
_11286_/B1                              0.750000    8.276904   -7.526904 (VIOLATED)
_11526_/S                               0.750000    8.276891   -7.526890 (VIOLATED)
_11527_/S                               0.750000    8.276867   -7.526866 (VIOLATED)
_11293_/S                               0.750000    8.276832   -7.526832 (VIOLATED)
_11531_/S                               0.750000    8.276791   -7.526791 (VIOLATED)
_11292_/S                               0.750000    8.276775   -7.526775 (VIOLATED)
_11295_/S                               0.750000    8.276765   -7.526764 (VIOLATED)
_11296_/S                               0.750000    8.276766   -7.526766 (VIOLATED)
_11529_/S                               0.750000    8.276744   -7.526744 (VIOLATED)
_11891_/S                               0.750000    8.276706   -7.526706 (VIOLATED)
_11892_/S                               0.750000    8.276703   -7.526703 (VIOLATED)
_11894_/S                               0.750000    8.276708   -7.526708 (VIOLATED)
_11895_/S                               0.750000    8.276703   -7.526703 (VIOLATED)
_11902_/A1                              0.750000    8.276703   -7.526703 (VIOLATED)
_11899_/S                               0.750000    8.276690   -7.526690 (VIOLATED)
_11302_/S0                              0.750000    8.276676   -7.526676 (VIOLATED)
_10804_/A                               0.750000    8.276642   -7.526642 (VIOLATED)
_11357_/S                               0.750000    8.276641   -7.526641 (VIOLATED)
_11236_/A                               0.750000    8.276613   -7.526613 (VIOLATED)
_11355_/S                               0.750000    8.276606   -7.526605 (VIOLATED)
_11358_/S                               0.750000    8.276607   -7.526606 (VIOLATED)
_10676_/S                               0.750000    8.276595   -7.526595 (VIOLATED)
_10678_/B1                              0.750000    8.276596   -7.526596 (VIOLATED)
_11354_/S                               0.750000    8.276590   -7.526590 (VIOLATED)
_10376_/S                               0.750000    8.276583   -7.526582 (VIOLATED)
_10377_/S                               0.750000    8.276584   -7.526583 (VIOLATED)
_11901_/S                               0.750000    8.276587   -7.526587 (VIOLATED)
_11903_/S                               0.750000    8.276587   -7.526587 (VIOLATED)
_11907_/S                               0.750000    8.276575   -7.526575 (VIOLATED)
_11909_/S                               0.750000    8.276577   -7.526577 (VIOLATED)
_11906_/S                               0.750000    8.276560   -7.526560 (VIOLATED)
_10372_/A                               0.750000    8.276491   -7.526491 (VIOLATED)
_11299_/S                               0.750000    8.276493   -7.526494 (VIOLATED)
_11300_/B                               0.750000    8.276493   -7.526494 (VIOLATED)
_10612_/S                               0.750000    8.276482   -7.526482 (VIOLATED)
_10613_/A1                              0.750000    8.276488   -7.526488 (VIOLATED)
_10614_/S                               0.750000    8.276488   -7.526488 (VIOLATED)
_10615_/S                               0.750000    8.276481   -7.526481 (VIOLATED)
_11910_/S                               0.750000    8.276483   -7.526483 (VIOLATED)
_10383_/S                               0.750000    8.276466   -7.526466 (VIOLATED)
_10384_/B                               0.750000    8.276467   -7.526467 (VIOLATED)
_10912_/S                               0.750000    8.276454   -7.526453 (VIOLATED)
_10379_/S                               0.750000    8.276330   -7.526330 (VIOLATED)
_10380_/S                               0.750000    8.276333   -7.526333 (VIOLATED)
_10911_/S                               0.750000    8.276311   -7.526310 (VIOLATED)
_10914_/S                               0.750000    8.276307   -7.526307 (VIOLATED)
_10915_/S                               0.750000    8.276300   -7.526301 (VIOLATED)
_10594_/S                               0.750000    8.276208   -7.526208 (VIOLATED)
_10595_/S                               0.750000    8.276207   -7.526206 (VIOLATED)
_10597_/B1                              0.750000    8.276214   -7.526214 (VIOLATED)
_10599_/S                               0.750000    8.276215   -7.526215 (VIOLATED)
_10601_/S                               0.750000    8.276214   -7.526214 (VIOLATED)
_10386_/S0                              0.750000    8.276166   -7.526165 (VIOLATED)
_11348_/S                               0.750000    8.276054   -7.526055 (VIOLATED)
_11350_/S                               0.750000    8.276058   -7.526058 (VIOLATED)
_11361_/S                               0.750000    8.275887   -7.525887 (VIOLATED)
_11362_/B                               0.750000    8.275872   -7.525873 (VIOLATED)
_11364_/S0                              0.750000    8.275708   -7.525708 (VIOLATED)
_11588_/S                               0.750000    8.275660   -7.525660 (VIOLATED)
_11589_/S                               0.750000    8.275661   -7.525661 (VIOLATED)
_11594_/S                               0.750000    8.275663   -7.525663 (VIOLATED)
_11596_/S                               0.750000    8.275663   -7.525663 (VIOLATED)
_11590_/S0                              0.750000    8.275652   -7.525652 (VIOLATED)
_11827_/S                               0.750000    8.275641   -7.525641 (VIOLATED)
_11820_/S                               0.750000    8.275633   -7.525633 (VIOLATED)
_11828_/S                               0.750000    8.275638   -7.525637 (VIOLATED)
_11830_/S                               0.750000    8.275636   -7.525635 (VIOLATED)
_11831_/S                               0.750000    8.275638   -7.525637 (VIOLATED)
_11821_/S                               0.750000    8.275627   -7.525628 (VIOLATED)
_11822_/S                               0.750000    8.275635   -7.525635 (VIOLATED)
_11823_/S                               0.750000    8.275623   -7.525623 (VIOLATED)
_10654_/S                               0.750000    8.275566   -7.525566 (VIOLATED)
_10666_/S                               0.750000    8.275574   -7.525573 (VIOLATED)
_10656_/S                               0.750000    8.275565   -7.525565 (VIOLATED)
_10668_/S                               0.750000    8.275568   -7.525568 (VIOLATED)
_10919_/B                               0.750000    8.275551   -7.525551 (VIOLATED)
_10918_/S                               0.750000    8.275536   -7.525536 (VIOLATED)
_10667_/S                               0.750000    8.275524   -7.525525 (VIOLATED)
_10660_/S                               0.750000    8.275507   -7.525506 (VIOLATED)
_10661_/S                               0.750000    8.275508   -7.525507 (VIOLATED)
_10669_/S                               0.750000    8.275510   -7.525510 (VIOLATED)
_10796_/S0                              0.750000    8.275453   -7.525453 (VIOLATED)
_10794_/S                               0.750000    8.275435   -7.525435 (VIOLATED)
_10792_/S                               0.750000    8.275404   -7.525403 (VIOLATED)
_10653_/S                               0.750000    8.275343   -7.525343 (VIOLATED)
_10655_/S                               0.750000    8.275343   -7.525343 (VIOLATED)
_10662_/S0                              0.750000    8.275339   -7.525339 (VIOLATED)
_10728_/S0                              0.750000    8.275327   -7.525326 (VIOLATED)
_10778_/S                               0.750000    8.275330   -7.525330 (VIOLATED)
_10779_/S                               0.750000    8.275331   -7.525331 (VIOLATED)
_10771_/S                               0.750000    8.275316   -7.525316 (VIOLATED)
_10773_/S                               0.750000    8.275311   -7.525311 (VIOLATED)
_10780_/S0                              0.750000    8.275308   -7.525308 (VIOLATED)
_10772_/S                               0.750000    8.275290   -7.525291 (VIOLATED)
_10775_/S                               0.750000    8.275296   -7.525296 (VIOLATED)
_10910_/A1_N                            0.750000    8.275273   -7.525273 (VIOLATED)
_10730_/S0                              0.750000    8.275241   -7.525241 (VIOLATED)
_10784_/S                               0.750000    8.275248   -7.525247 (VIOLATED)
_10785_/B                               0.750000    8.275249   -7.525249 (VIOLATED)
_10787_/S                               0.750000    8.275250   -7.525250 (VIOLATED)
_10789_/S                               0.750000    8.275244   -7.525244 (VIOLATED)
_10722_/S                               0.750000    8.275193   -7.525193 (VIOLATED)
_10721_/S                               0.750000    8.275179   -7.525179 (VIOLATED)
_10726_/A1                              0.750000    8.275178   -7.525178 (VIOLATED)
_10718_/S                               0.750000    8.275167   -7.525167 (VIOLATED)
_10735_/A1                              0.750000    8.275167   -7.525167 (VIOLATED)
_10736_/S                               0.750000    8.275143   -7.525143 (VIOLATED)
_10732_/S                               0.750000    8.275122   -7.525122 (VIOLATED)
_10734_/S                               0.750000    8.275100   -7.525100 (VIOLATED)
_10921_/S0                              0.750000    8.274758   -7.524758 (VIOLATED)
_18330_/A0                              0.750000    8.271155   -7.521155 (VIOLATED)
_19571_/A1                              0.750000    8.271129   -7.521129 (VIOLATED)
_21618_/Q                               0.750000    8.271129   -7.521129 (VIOLATED)
_10176_/S0                              0.750000    8.172437   -7.422436 (VIOLATED)
_10179_/S0                              0.750000    8.172439   -7.422439 (VIOLATED)
_10178_/S0                              0.750000    8.172431   -7.422431 (VIOLATED)
_10181_/S0                              0.750000    8.172433   -7.422432 (VIOLATED)
_09902_/S0                              0.750000    8.172402   -7.422402 (VIOLATED)
_10169_/S0                              0.750000    8.172409   -7.422409 (VIOLATED)
_10172_/S0                              0.750000    8.172403   -7.422403 (VIOLATED)
_09903_/S0                              0.750000    8.172384   -7.422384 (VIOLATED)
_10173_/S0                              0.750000    8.172386   -7.422387 (VIOLATED)
_09901_/S0                              0.750000    8.172350   -7.422350 (VIOLATED)
_09900_/S0                              0.750000    8.172339   -7.422339 (VIOLATED)
_11757_/S0                              0.750000    8.172254   -7.422253 (VIOLATED)
_11754_/S0                              0.750000    8.172166   -7.422165 (VIOLATED)
_11755_/S0                              0.750000    8.172166   -7.422165 (VIOLATED)
_11756_/S0                              0.750000    8.172148   -7.422148 (VIOLATED)
_11747_/A                               0.750000    8.172134   -7.422134 (VIOLATED)
_11746_/S0                              0.750000    8.172112   -7.422111 (VIOLATED)
_11750_/S0                              0.750000    8.172079   -7.422079 (VIOLATED)
_11749_/S0                              0.750000    8.171977   -7.421977 (VIOLATED)
_09894_/S0                              0.750000    8.171706   -7.421706 (VIOLATED)
_09896_/S0                              0.750000    8.171710   -7.421710 (VIOLATED)
_10956_/S0                              0.750000    8.171710   -7.421710 (VIOLATED)
_09888_/S0                              0.750000    8.171690   -7.421690 (VIOLATED)
_09891_/A                               0.750000    8.171676   -7.421676 (VIOLATED)
_10955_/S0                              0.750000    8.171676   -7.421676 (VIOLATED)
_10294_/S0                              0.750000    8.171645   -7.421645 (VIOLATED)
_10298_/S0                              0.750000    8.171618   -7.421618 (VIOLATED)
_10114_/S0                              0.750000    8.171583   -7.421583 (VIOLATED)
_10117_/S0                              0.750000    8.171589   -7.421589 (VIOLATED)
_10299_/S0                              0.750000    8.171574   -7.421574 (VIOLATED)
_10296_/S0                              0.750000    8.171563   -7.421563 (VIOLATED)
_10287_/S0                              0.750000    8.171545   -7.421545 (VIOLATED)
_10951_/S0                              0.750000    8.171511   -7.421511 (VIOLATED)
_10290_/S0                              0.750000    8.171503   -7.421503 (VIOLATED)
_10291_/S0                              0.750000    8.171371   -7.421371 (VIOLATED)
_10953_/C                               0.750000    8.171256   -7.421256 (VIOLATED)
_10952_/A_N                             0.750000    8.171192   -7.421192 (VIOLATED)
_11450_/S0                              0.750000    8.170983   -7.420983 (VIOLATED)
_11453_/S0                              0.750000    8.170978   -7.420978 (VIOLATED)
_11452_/S0                              0.750000    8.170792   -7.420791 (VIOLATED)
_11692_/S0                              0.750000    8.170587   -7.420586 (VIOLATED)
_11695_/S0                              0.750000    8.170582   -7.420582 (VIOLATED)
_11694_/S0                              0.750000    8.170571   -7.420571 (VIOLATED)
_11697_/S0                              0.750000    8.170547   -7.420546 (VIOLATED)
_11685_/S0                              0.750000    8.170506   -7.420506 (VIOLATED)
_11448_/S0                              0.750000    8.170497   -7.420496 (VIOLATED)
_11688_/S0                              0.750000    8.170497   -7.420497 (VIOLATED)
_11689_/S0                              0.750000    8.170435   -7.420435 (VIOLATED)
_11570_/S0                              0.750000    8.170417   -7.420416 (VIOLATED)
_11571_/S0                              0.750000    8.170407   -7.420408 (VIOLATED)
_11131_/S0                              0.750000    8.170322   -7.420322 (VIOLATED)
_11134_/S0                              0.750000    8.170237   -7.420236 (VIOLATED)
_10411_/S0                              0.750000    8.170173   -7.420172 (VIOLATED)
_10410_/S0                              0.750000    8.170143   -7.420143 (VIOLATED)
_10116_/S0                              0.750000    8.170112   -7.420112 (VIOLATED)
_10119_/S0                              0.750000    8.170106   -7.420105 (VIOLATED)
_11126_/S0                              0.750000    8.170104   -7.420104 (VIOLATED)
_10120_/S0                              0.750000    8.170096   -7.420096 (VIOLATED)
_10112_/S0                              0.750000    8.170067   -7.420066 (VIOLATED)
_10122_/S0                              0.750000    8.170053   -7.420053 (VIOLATED)
_10124_/A                               0.750000    8.170044   -7.420043 (VIOLATED)
_10840_/S0                              0.750000    8.170006   -7.420006 (VIOLATED)
_11124_/C1                              0.750000    8.170012   -7.420012 (VIOLATED)
_11125_/S0                              0.750000    8.170015   -7.420015 (VIOLATED)
_10841_/S0                              0.750000    8.169975   -7.419975 (VIOLATED)
_11123_/S0                              0.750000    8.169971   -7.419971 (VIOLATED)
_10838_/S0                              0.750000    8.169918   -7.419918 (VIOLATED)
_11066_/S0                              0.750000    8.169900   -7.419899 (VIOLATED)
_11191_/S0                              0.750000    8.169899   -7.419899 (VIOLATED)
_11192_/S0                              0.750000    8.169891   -7.419891 (VIOLATED)
_10413_/S0                              0.750000    8.169884   -7.419884 (VIOLATED)
_11064_/S0                              0.750000    8.169872   -7.419872 (VIOLATED)
_10836_/S0                              0.750000    8.169842   -7.419842 (VIOLATED)
_11194_/S0                              0.750000    8.169841   -7.419841 (VIOLATED)
_10832_/S0                              0.750000    8.169830   -7.419830 (VIOLATED)
_10833_/S0                              0.750000    8.169834   -7.419834 (VIOLATED)
_11190_/S0                              0.750000    8.169830   -7.419830 (VIOLATED)
_11382_/S0                              0.750000    8.169833   -7.419833 (VIOLATED)
_11385_/S0                              0.750000    8.169840   -7.419840 (VIOLATED)
_10234_/S0                              0.750000    8.169804   -7.419804 (VIOLATED)
_11065_/S0                              0.750000    8.169810   -7.419810 (VIOLATED)
_10829_/S0                              0.750000    8.169800   -7.419800 (VIOLATED)
_10237_/S0                              0.750000    8.169791   -7.419791 (VIOLATED)
_11014_/S0                              0.750000    8.169797   -7.419796 (VIOLATED)
_11197_/S0                              0.750000    8.169803   -7.419803 (VIOLATED)
_11201_/S0                              0.750000    8.169798   -7.419797 (VIOLATED)
_11015_/S0                              0.750000    8.169786   -7.419787 (VIOLATED)
_10227_/S0                              0.750000    8.169774   -7.419775 (VIOLATED)
_10230_/S0                              0.750000    8.169778   -7.419778 (VIOLATED)
_10231_/S0                              0.750000    8.169767   -7.419767 (VIOLATED)
_10239_/S0                              0.750000    8.169770   -7.419770 (VIOLATED)
_10412_/S0                              0.750000    8.169773   -7.419774 (VIOLATED)
_11392_/S0                              0.750000    8.169761   -7.419761 (VIOLATED)
_10236_/S0                              0.750000    8.169750   -7.419750 (VIOLATED)
_11067_/S0                              0.750000    8.169744   -7.419743 (VIOLATED)
_11072_/S0                              0.750000    8.169739   -7.419739 (VIOLATED)
_11074_/S0                              0.750000    8.169729   -7.419729 (VIOLATED)
_11075_/A                               0.750000    8.169724   -7.419724 (VIOLATED)
_11071_/S0                              0.750000    8.169695   -7.419695 (VIOLATED)
_11639_/S0                              0.750000    8.169698   -7.419698 (VIOLATED)
_11391_/S0                              0.750000    8.169684   -7.419684 (VIOLATED)
_11640_/S0                              0.750000    8.169691   -7.419691 (VIOLATED)
_11198_/A_N                             0.750000    8.169647   -7.419647 (VIOLATED)
_11199_/A                               0.750000    8.169647   -7.419647 (VIOLATED)
_11202_/S0                              0.750000    8.169643   -7.419643 (VIOLATED)
_11641_/S0                              0.750000    8.169636   -7.419636 (VIOLATED)
_11642_/S0                              0.750000    8.169636   -7.419636 (VIOLATED)
_11005_/S0                              0.750000    8.169565   -7.419565 (VIOLATED)
_11635_/S0                              0.750000    8.169565   -7.419565 (VIOLATED)
_11394_/S0                              0.750000    8.169517   -7.419517 (VIOLATED)
_11008_/S0                              0.750000    8.169499   -7.419499 (VIOLATED)
_11632_/A                               0.750000    8.169491   -7.419491 (VIOLATED)
_11386_/S0                              0.750000    8.169472   -7.419471 (VIOLATED)
_11389_/S0                              0.750000    8.169450   -7.419450 (VIOLATED)
_11631_/S0                              0.750000    8.169314   -7.419314 (VIOLATED)
_11009_/S0                              0.750000    8.169300   -7.419300 (VIOLATED)
_10961_/S0                              0.750000    8.169209   -7.419209 (VIOLATED)
_10964_/S0                              0.750000    8.169212   -7.419212 (VIOLATED)
_10960_/S0                              0.750000    8.169194   -7.419194 (VIOLATED)
_10962_/S0                              0.750000    8.169185   -7.419185 (VIOLATED)
_11634_/S0                              0.750000    8.169164   -7.419163 (VIOLATED)
_11443_/S0                              0.750000    8.169154   -7.419154 (VIOLATED)
_11441_/A                               0.750000    8.169139   -7.419138 (VIOLATED)
_11933_/S0                              0.750000    8.169143   -7.419143 (VIOLATED)
_10406_/S0                              0.750000    8.169087   -7.419088 (VIOLATED)
_11938_/S0                              0.750000    8.169083   -7.419083 (VIOLATED)
_11939_/S0                              0.750000    8.169080   -7.419080 (VIOLATED)
_11444_/S0                              0.750000    8.169058   -7.419057 (VIOLATED)
_11937_/S0                              0.750000    8.169065   -7.419065 (VIOLATED)
_11940_/S0                              0.750000    8.169053   -7.419053 (VIOLATED)
_10407_/S0                              0.750000    8.169000   -7.419000 (VIOLATED)
_11929_/A_N                             0.750000    8.168957   -7.418956 (VIOLATED)
_11930_/C                               0.750000    8.168957   -7.418956 (VIOLATED)
_11932_/S0                              0.750000    8.168954   -7.418954 (VIOLATED)
_11928_/S0                              0.750000    8.168906   -7.418906 (VIOLATED)
_11440_/S0                              0.750000    8.168829   -7.418828 (VIOLATED)
_10516_/S0                              0.750000    8.168692   -7.418692 (VIOLATED)
_10403_/S0                              0.750000    8.168658   -7.418658 (VIOLATED)
_10513_/A                               0.750000    8.168616   -7.418616 (VIOLATED)
_10462_/S0                              0.750000    8.168553   -7.418553 (VIOLATED)
_11507_/S0                              0.750000    8.168553   -7.418553 (VIOLATED)
_11013_/S0                              0.750000    8.168517   -7.418517 (VIOLATED)
_11017_/S0                              0.750000    8.168519   -7.418519 (VIOLATED)
_10466_/S0                              0.750000    8.168506   -7.418506 (VIOLATED)
_10467_/S0                              0.750000    8.168496   -7.418496 (VIOLATED)
_10465_/S0                              0.750000    8.168471   -7.418471 (VIOLATED)
_10468_/S0                              0.750000    8.168446   -7.418446 (VIOLATED)
_10515_/S0                              0.750000    8.168447   -7.418447 (VIOLATED)
_10512_/S0                              0.750000    8.168426   -7.418425 (VIOLATED)
_10461_/S0                              0.750000    8.168386   -7.418386 (VIOLATED)
_10522_/S0                              0.750000    8.168388   -7.418388 (VIOLATED)
_10521_/S0                              0.750000    8.168357   -7.418357 (VIOLATED)
_10523_/S0                              0.750000    8.168362   -7.418361 (VIOLATED)
_11256_/A                               0.750000    8.168359   -7.418359 (VIOLATED)
_10520_/S0                              0.750000    8.168339   -7.418339 (VIOLATED)
_11269_/S0                              0.750000    8.168270   -7.418270 (VIOLATED)
_11265_/S0                              0.750000    8.168195   -7.418194 (VIOLATED)
_11270_/S0                              0.750000    8.168194   -7.418193 (VIOLATED)
_10586_/S0                              0.750000    8.168181   -7.418181 (VIOLATED)
_11267_/S0                              0.750000    8.168056   -7.418056 (VIOLATED)
_10454_/S0                              0.750000    8.168047   -7.418047 (VIOLATED)
_10579_/S0                              0.750000    8.167750   -7.417750 (VIOLATED)
_10575_/S0                              0.750000    8.167579   -7.417579 (VIOLATED)
_10576_/A                               0.750000    8.167380   -7.417381 (VIOLATED)
_10644_/S0                              0.750000    8.167095   -7.417095 (VIOLATED)
_10645_/S0                              0.750000    8.167091   -7.417091 (VIOLATED)
_10760_/S0                              0.750000    8.167085   -7.417085 (VIOLATED)
_10762_/S0                              0.750000    8.167079   -7.417078 (VIOLATED)
_10895_/S0                              0.750000    8.167083   -7.417083 (VIOLATED)
_10896_/S0                              0.750000    8.167082   -7.417081 (VIOLATED)
_10761_/S0                              0.750000    8.167070   -7.417070 (VIOLATED)
_10759_/S0                              0.750000    8.167052   -7.417052 (VIOLATED)
_10642_/S0                              0.750000    8.167044   -7.417044 (VIOLATED)
_10640_/S0                              0.750000    8.166995   -7.416995 (VIOLATED)
_11811_/S0                              0.750000    8.167003   -7.417002 (VIOLATED)
_11814_/S0                              0.750000    8.167007   -7.417007 (VIOLATED)
_10633_/S0                              0.750000    8.166972   -7.416972 (VIOLATED)
_10752_/S0                              0.750000    8.166968   -7.416968 (VIOLATED)
_10637_/S0                              0.750000    8.166942   -7.416942 (VIOLATED)
_10754_/S0                              0.750000    8.166927   -7.416927 (VIOLATED)
_10636_/S0                              0.750000    8.166907   -7.416907 (VIOLATED)
_11577_/S0                              0.750000    8.166867   -7.416867 (VIOLATED)
_11582_/S0                              0.750000    8.166870   -7.416870 (VIOLATED)
_11579_/S0                              0.750000    8.166858   -7.416858 (VIOLATED)
_11580_/S0                              0.750000    8.166851   -7.416852 (VIOLATED)
_11869_/S0                              0.750000    8.166858   -7.416858 (VIOLATED)
_10698_/S0                              0.750000    8.166843   -7.416843 (VIOLATED)
_11573_/S0                              0.750000    8.166824   -7.416824 (VIOLATED)
_11866_/S0                              0.750000    8.166824   -7.416824 (VIOLATED)
_11812_/S0                              0.750000    8.166814   -7.416814 (VIOLATED)
_11813_/S0                              0.750000    8.166821   -7.416820 (VIOLATED)
_10894_/S0                              0.750000    8.166794   -7.416794 (VIOLATED)
_10897_/S0                              0.750000    8.166793   -7.416793 (VIOLATED)
_11804_/S0                              0.750000    8.166793   -7.416793 (VIOLATED)
_10751_/S0                              0.750000    8.166776   -7.416776 (VIOLATED)
_10707_/S0                              0.750000    8.166764   -7.416764 (VIOLATED)
_10708_/S0                              0.750000    8.166767   -7.416767 (VIOLATED)
_10706_/S0                              0.750000    8.166756   -7.416755 (VIOLATED)
_11808_/S0                              0.750000    8.166746   -7.416746 (VIOLATED)
_10700_/S0                              0.750000    8.166718   -7.416717 (VIOLATED)
_10709_/S0                              0.750000    8.166720   -7.416720 (VIOLATED)
_11807_/S0                              0.750000    8.166679   -7.416679 (VIOLATED)
_10701_/S0                              0.750000    8.166668   -7.416667 (VIOLATED)
_10699_/C1                              0.750000    8.166630   -7.416629 (VIOLATED)
_11132_/S0                              0.750000    8.166604   -7.416604 (VIOLATED)
_11879_/S0                              0.750000    8.166608   -7.416608 (VIOLATED)
_11133_/S0                              0.750000    8.166599   -7.416599 (VIOLATED)
_11878_/S0                              0.750000    8.166598   -7.416598 (VIOLATED)
_10583_/S0                              0.750000    8.166546   -7.416546 (VIOLATED)
_10584_/S0                              0.750000    8.166538   -7.416538 (VIOLATED)
_10889_/S0                              0.750000    8.166517   -7.416517 (VIOLATED)
_11876_/S0                              0.750000    8.166497   -7.416497 (VIOLATED)
_11508_/S0                              0.750000    8.166360   -7.416360 (VIOLATED)
_10888_/S0                              0.750000    8.166290   -7.416290 (VIOLATED)
_10578_/S0                              0.750000    8.166273   -7.416273 (VIOLATED)
_11521_/S0                              0.750000    8.166255   -7.416255 (VIOLATED)
_09881_/A                               0.750000    8.166183   -7.416183 (VIOLATED)
_09883_/A_N                             0.750000    8.166183   -7.416183 (VIOLATED)
_09885_/B                               0.750000    8.166183   -7.416183 (VIOLATED)
_09887_/A                               0.750000    8.166183   -7.416183 (VIOLATED)
_10891_/S0                              0.750000    8.166171   -7.416171 (VIOLATED)
_10455_/A                               0.750000    8.166162   -7.416162 (VIOLATED)
_11518_/S0                              0.750000    8.166165   -7.416166 (VIOLATED)
_11332_/S0                              0.750000    8.166130   -7.416130 (VIOLATED)
_11519_/S0                              0.750000    8.166041   -7.416041 (VIOLATED)
_11329_/S0                              0.750000    8.166032   -7.416031 (VIOLATED)
_11333_/S0                              0.750000    8.165648   -7.415648 (VIOLATED)
_10582_/S0                              0.750000    8.165222   -7.415223 (VIOLATED)
_10351_/A                               0.750000    8.165169   -7.415168 (VIOLATED)
_10348_/S0                              0.750000    8.165099   -7.415099 (VIOLATED)
_10347_/S0                              0.750000    8.164742   -7.414742 (VIOLATED)
_10359_/S0                              0.750000    8.164371   -7.414371 (VIOLATED)
_10357_/S0                              0.750000    8.164228   -7.414228 (VIOLATED)
_10185_/A1                              0.750000    8.164186   -7.414185 (VIOLATED)
_10766_/B2                              0.750000    8.164186   -7.414187 (VIOLATED)
_11261_/S0                              0.750000    8.164165   -7.414165 (VIOLATED)
_11258_/S0                              0.750000    8.164152   -7.414152 (VIOLATED)
_11259_/S0                              0.750000    8.164134   -7.414134 (VIOLATED)
_10350_/S0                              0.750000    8.164103   -7.414103 (VIOLATED)
_10355_/S0                              0.750000    8.164062   -7.414062 (VIOLATED)
_10360_/S0                              0.750000    8.163838   -7.413839 (VIOLATED)
_18361_/B2                              0.750000    8.158547   -7.408547 (VIOLATED)
_12691_/A_N                             0.750000    8.158534   -7.408534 (VIOLATED)
_12692_/A                               0.750000    8.158533   -7.408533 (VIOLATED)
_12007_/C_N                             0.750000    8.158504   -7.408504 (VIOLATED)
_12124_/A                               0.750000    8.158508   -7.408508 (VIOLATED)
_12699_/A                               0.750000    8.158504   -7.408504 (VIOLATED)
_12700_/A_N                             0.750000    8.158504   -7.408504 (VIOLATED)
_09880_/A                               0.750000    8.158366   -7.408366 (VIOLATED)
_09882_/A_N                             0.750000    8.157790   -7.407790 (VIOLATED)
_09884_/B                               0.750000    8.157789   -7.407789 (VIOLATED)
_09886_/A                               0.750000    8.157789   -7.407789 (VIOLATED)
_19612_/A1                              0.750000    8.156904   -7.406904 (VIOLATED)
_21623_/Q                               0.750000    8.156904   -7.406904 (VIOLATED)
_11191_/S1                              0.750000    7.150985   -6.400985 (VIOLATED)
_10234_/S1                              0.750000    7.150974   -6.400974 (VIOLATED)
_11064_/S1                              0.750000    7.150978   -6.400978 (VIOLATED)
_11192_/S1                              0.750000    7.150983   -6.400982 (VIOLATED)
_10237_/S1                              0.750000    7.150970   -6.400970 (VIOLATED)
_11065_/S1                              0.750000    7.150976   -6.400976 (VIOLATED)
_11066_/S1                              0.750000    7.150971   -6.400971 (VIOLATED)
_11067_/S1                              0.750000    7.150968   -6.400968 (VIOLATED)
_10239_/S1                              0.750000    7.150959   -6.400959 (VIOLATED)
_10236_/S1                              0.750000    7.150949   -6.400949 (VIOLATED)
_11198_/B                               0.750000    7.150896   -6.400896 (VIOLATED)
_11199_/B                               0.750000    7.150896   -6.400896 (VIOLATED)
_10231_/S1                              0.750000    7.150868   -6.400868 (VIOLATED)
_11074_/S1                              0.750000    7.150869   -6.400869 (VIOLATED)
_11075_/B                               0.750000    7.150867   -6.400867 (VIOLATED)
_11071_/S1                              0.750000    7.150860   -6.400860 (VIOLATED)
_11072_/S1                              0.750000    7.150866   -6.400866 (VIOLATED)
_11202_/S1                              0.750000    7.150863   -6.400863 (VIOLATED)
_11197_/S1                              0.750000    7.150822   -6.400822 (VIOLATED)
_10230_/S1                              0.750000    7.150815   -6.400814 (VIOLATED)
_11201_/S1                              0.750000    7.150821   -6.400821 (VIOLATED)
_10227_/S1                              0.750000    7.150806   -6.400806 (VIOLATED)
_10833_/S1                              0.750000    7.150806   -6.400806 (VIOLATED)
_11382_/S1                              0.750000    7.150804   -6.400804 (VIOLATED)
_11635_/S1                              0.750000    7.150805   -6.400805 (VIOLATED)
_11385_/S1                              0.750000    7.150798   -6.400798 (VIOLATED)
_11386_/S1                              0.750000    7.150767   -6.400767 (VIOLATED)
_11632_/B                               0.750000    7.150758   -6.400758 (VIOLATED)
_11389_/S1                              0.750000    7.150733   -6.400733 (VIOLATED)
_10829_/S1                              0.750000    7.150702   -6.400702 (VIOLATED)
_11391_/S1                              0.750000    7.150696   -6.400696 (VIOLATED)
_11392_/S1                              0.750000    7.150700   -6.400700 (VIOLATED)
_11394_/S1                              0.750000    7.150685   -6.400685 (VIOLATED)
_11631_/S1                              0.750000    7.150654   -6.400654 (VIOLATED)
_11634_/S1                              0.750000    7.150599   -6.400599 (VIOLATED)
_11929_/B                               0.750000    7.150591   -6.400591 (VIOLATED)
_11930_/A_N                             0.750000    7.150591   -6.400591 (VIOLATED)
_11444_/S1                              0.750000    7.150558   -6.400558 (VIOLATED)
_10836_/S1                              0.750000    7.150527   -6.400527 (VIOLATED)
_10840_/S1                              0.750000    7.150526   -6.400526 (VIOLATED)
_10841_/S1                              0.750000    7.150522   -6.400522 (VIOLATED)
_10838_/S1                              0.750000    7.150515   -6.400515 (VIOLATED)
_10832_/S1                              0.750000    7.150501   -6.400501 (VIOLATED)
_10960_/S1                              0.750000    7.150481   -6.400481 (VIOLATED)
_10962_/S1                              0.750000    7.150469   -6.400469 (VIOLATED)
_11440_/S1                              0.750000    7.150473   -6.400473 (VIOLATED)
_11441_/B                               0.750000    7.150450   -6.400450 (VIOLATED)
_11443_/S1                              0.750000    7.150445   -6.400445 (VIOLATED)
_10406_/S1                              0.750000    7.150408   -6.400407 (VIOLATED)
_10461_/S1                              0.750000    7.150347   -6.400347 (VIOLATED)
_10462_/S1                              0.750000    7.150296   -6.400296 (VIOLATED)
_11014_/S1                              0.750000    7.150295   -6.400295 (VIOLATED)
_11015_/S1                              0.750000    7.150294   -6.400294 (VIOLATED)
_11190_/S1                              0.750000    7.150298   -6.400297 (VIOLATED)
_11194_/S1                              0.750000    7.150299   -6.400299 (VIOLATED)
_11639_/S1                              0.750000    7.150280   -6.400280 (VIOLATED)
_11641_/S1                              0.750000    7.150270   -6.400270 (VIOLATED)
_11640_/S1                              0.750000    7.150261   -6.400261 (VIOLATED)
_11005_/S1                              0.750000    7.150254   -6.400254 (VIOLATED)
_11642_/S1                              0.750000    7.150259   -6.400259 (VIOLATED)
_11008_/S1                              0.750000    7.150245   -6.400245 (VIOLATED)
_11009_/S1                              0.750000    7.150214   -6.400213 (VIOLATED)
_10454_/S1                              0.750000    7.150195   -6.400195 (VIOLATED)
_11933_/S1                              0.750000    7.150187   -6.400187 (VIOLATED)
_11937_/S1                              0.750000    7.150178   -6.400178 (VIOLATED)
_11938_/S1                              0.750000    7.150183   -6.400183 (VIOLATED)
_11939_/S1                              0.750000    7.150183   -6.400183 (VIOLATED)
_11940_/S1                              0.750000    7.150175   -6.400174 (VIOLATED)
_10456_/A1                              0.750000    7.150156   -6.400156 (VIOLATED)
_11932_/S1                              0.750000    7.150152   -6.400152 (VIOLATED)
_11928_/S1                              0.750000    7.150143   -6.400142 (VIOLATED)
_10466_/S1                              0.750000    7.150108   -6.400108 (VIOLATED)
_10467_/S1                              0.750000    7.150105   -6.400105 (VIOLATED)
_11013_/S1                              0.750000    7.150111   -6.400111 (VIOLATED)
_11017_/S1                              0.750000    7.150112   -6.400112 (VIOLATED)
_10465_/S1                              0.750000    7.150097   -6.400096 (VIOLATED)
_10516_/S1                              0.750000    7.150099   -6.400099 (VIOLATED)
_10468_/S1                              0.750000    7.150089   -6.400089 (VIOLATED)
_10513_/B                               0.750000    7.150084   -6.400084 (VIOLATED)
_10522_/S1                              0.750000    7.150070   -6.400070 (VIOLATED)
_10523_/S1                              0.750000    7.150062   -6.400062 (VIOLATED)
_11318_/A                               0.750000    7.150062   -6.400062 (VIOLATED)
_10520_/S1                              0.750000    7.150054   -6.400054 (VIOLATED)
_10521_/S1                              0.750000    7.150060   -6.400060 (VIOLATED)
_10512_/S1                              0.750000    7.150044   -6.400044 (VIOLATED)
_10515_/S1                              0.750000    7.150048   -6.400048 (VIOLATED)
_11269_/S1                              0.750000    7.150031   -6.400031 (VIOLATED)
_11270_/S1                              0.750000    7.150005   -6.400005 (VIOLATED)
_10576_/B                               0.750000    7.149994   -6.399993 (VIOLATED)
_10579_/S1                              0.750000    7.149994   -6.399994 (VIOLATED)
_11265_/S1                              0.750000    7.149994   -6.399993 (VIOLATED)
_10575_/S1                              0.750000    7.149973   -6.399973 (VIOLATED)
_11267_/S1                              0.750000    7.149962   -6.399962 (VIOLATED)
_10403_/S1                              0.750000    7.149912   -6.399912 (VIOLATED)
_10407_/S1                              0.750000    7.149913   -6.399913 (VIOLATED)
_11507_/S1                              0.750000    7.149914   -6.399914 (VIOLATED)
_10586_/S1                              0.750000    7.149906   -6.399906 (VIOLATED)
_10697_/A1                              0.750000    7.149860   -6.399860 (VIOLATED)
_11258_/S1                              0.750000    7.149845   -6.399844 (VIOLATED)
_11261_/S1                              0.750000    7.149850   -6.399850 (VIOLATED)
_11259_/S1                              0.750000    7.149818   -6.399818 (VIOLATED)
_10583_/S1                              0.750000    7.149807   -6.399807 (VIOLATED)
_10584_/S1                              0.750000    7.149794   -6.399793 (VIOLATED)
_10350_/S1                              0.750000    7.149702   -6.399702 (VIOLATED)
_10351_/B                               0.750000    7.149632   -6.399631 (VIOLATED)
_10578_/S1                              0.750000    7.149632   -6.399632 (VIOLATED)
_10347_/S1                              0.750000    7.149606   -6.399605 (VIOLATED)
_10348_/S1                              0.750000    7.149610   -6.399610 (VIOLATED)
_10582_/S1                              0.750000    7.149611   -6.399611 (VIOLATED)
_10355_/S1                              0.750000    7.149584   -6.399584 (VIOLATED)
_10169_/S1                              0.750000    7.149573   -6.399572 (VIOLATED)
_10172_/S1                              0.750000    7.149571   -6.399571 (VIOLATED)
_09888_/S1                              0.750000    7.149561   -6.399561 (VIOLATED)
_09894_/S1                              0.750000    7.149563   -6.399563 (VIOLATED)
_09896_/S1                              0.750000    7.149564   -6.399564 (VIOLATED)
_10173_/S1                              0.750000    7.149567   -6.399567 (VIOLATED)
_09891_/B                               0.750000    7.149551   -6.399551 (VIOLATED)
_09900_/S1                              0.750000    7.149535   -6.399534 (VIOLATED)
_09901_/S1                              0.750000    7.149535   -6.399535 (VIOLATED)
_10112_/S1                              0.750000    7.149535   -6.399535 (VIOLATED)
_10116_/S1                              0.750000    7.149535   -6.399535 (VIOLATED)
_10119_/S1                              0.750000    7.149537   -6.399537 (VIOLATED)
_10120_/S1                              0.750000    7.149539   -6.399539 (VIOLATED)
_10117_/S1                              0.750000    7.149530   -6.399530 (VIOLATED)
_10122_/S1                              0.750000    7.149531   -6.399531 (VIOLATED)
_10124_/B                               0.750000    7.149535   -6.399534 (VIOLATED)
_10114_/S1                              0.750000    7.149522   -6.399522 (VIOLATED)
_10294_/S1                              0.750000    7.149529   -6.399529 (VIOLATED)
_11747_/B                               0.750000    7.149527   -6.399527 (VIOLATED)
_11757_/S1                              0.750000    7.149532   -6.399532 (VIOLATED)
_10287_/S1                              0.750000    7.149513   -6.399513 (VIOLATED)
_10296_/S1                              0.750000    7.149510   -6.399510 (VIOLATED)
_10298_/S1                              0.750000    7.149517   -6.399517 (VIOLATED)
_10360_/S1                              0.750000    7.149508   -6.399508 (VIOLATED)
_10290_/S1                              0.750000    7.149484   -6.399484 (VIOLATED)
_10299_/S1                              0.750000    7.149489   -6.399489 (VIOLATED)
_10359_/S1                              0.750000    7.149462   -6.399462 (VIOLATED)
_11746_/S1                              0.750000    7.149463   -6.399463 (VIOLATED)
_11749_/S1                              0.750000    7.149457   -6.399457 (VIOLATED)
_11750_/S1                              0.750000    7.149461   -6.399461 (VIOLATED)
_10951_/S1                              0.750000    7.149426   -6.399426 (VIOLATED)
_10955_/S1                              0.750000    7.149425   -6.399424 (VIOLATED)
_10956_/S1                              0.750000    7.149399   -6.399399 (VIOLATED)
_10357_/S1                              0.750000    7.149390   -6.399390 (VIOLATED)
_11570_/S1                              0.750000    7.149328   -6.399328 (VIOLATED)
_11571_/S1                              0.750000    7.149326   -6.399326 (VIOLATED)
_11685_/S1                              0.750000    7.149333   -6.399333 (VIOLATED)
_11688_/S1                              0.750000    7.149333   -6.399333 (VIOLATED)
_11689_/S1                              0.750000    7.149328   -6.399328 (VIOLATED)
_11131_/S1                              0.750000    7.149314   -6.399314 (VIOLATED)
_11134_/S1                              0.750000    7.149300   -6.399300 (VIOLATED)
_11132_/S1                              0.750000    7.149244   -6.399244 (VIOLATED)
_11133_/S1                              0.750000    7.149189   -6.399189 (VIOLATED)
_11124_/A1                              0.750000    7.149133   -6.399133 (VIOLATED)
_11125_/S1                              0.750000    7.149134   -6.399133 (VIOLATED)
_11573_/S1                              0.750000    7.149126   -6.399126 (VIOLATED)
_11804_/S1                              0.750000    7.149125   -6.399125 (VIOLATED)
_11876_/S1                              0.750000    7.149129   -6.399129 (VIOLATED)
_11807_/S1                              0.750000    7.149117   -6.399117 (VIOLATED)
_11808_/S1                              0.750000    7.149123   -6.399123 (VIOLATED)
_11878_/S1                              0.750000    7.149115   -6.399115 (VIOLATED)
_11879_/S1                              0.750000    7.149047   -6.399047 (VIOLATED)
_10633_/S1                              0.750000    7.148969   -6.398969 (VIOLATED)
_10636_/S1                              0.750000    7.148964   -6.398964 (VIOLATED)
_10637_/S1                              0.750000    7.148967   -6.398967 (VIOLATED)
_11869_/S1                              0.750000    7.148957   -6.398957 (VIOLATED)
_11866_/S1                              0.750000    7.148902   -6.398902 (VIOLATED)
_10698_/S1                              0.750000    7.148839   -6.398839 (VIOLATED)
_10752_/S1                              0.750000    7.148843   -6.398843 (VIOLATED)
_10754_/S1                              0.750000    7.148843   -6.398843 (VIOLATED)
_12963_/S                               0.750000    7.148826   -6.398826 (VIOLATED)
_10291_/S1                              0.750000    7.148817   -6.398817 (VIOLATED)
_10964_/S1                              0.750000    7.148821   -6.398821 (VIOLATED)
_10952_/B                               0.750000    7.148813   -6.398813 (VIOLATED)
_10953_/A_N                             0.750000    7.148814   -6.398814 (VIOLATED)
_10961_/S1                              0.750000    7.148819   -6.398819 (VIOLATED)
_11448_/S1                              0.750000    7.148808   -6.398808 (VIOLATED)
_11450_/S1                              0.750000    7.148808   -6.398808 (VIOLATED)
_12977_/S                               0.750000    7.148813   -6.398813 (VIOLATED)
_11452_/S1                              0.750000    7.148806   -6.398806 (VIOLATED)
_11453_/S1                              0.750000    7.148806   -6.398806 (VIOLATED)
_12948_/S                               0.750000    7.148806   -6.398806 (VIOLATED)
_10410_/S1                              0.750000    7.148785   -6.398785 (VIOLATED)
_10411_/S1                              0.750000    7.148786   -6.398786 (VIOLATED)
_10700_/S1                              0.750000    7.148790   -6.398790 (VIOLATED)
_11126_/S1                              0.750000    7.148791   -6.398790 (VIOLATED)
_10412_/S1                              0.750000    7.148782   -6.398782 (VIOLATED)
_10413_/S1                              0.750000    7.148784   -6.398784 (VIOLATED)
_11123_/S1                              0.750000    7.148773   -6.398773 (VIOLATED)
_11508_/S1                              0.750000    7.148750   -6.398750 (VIOLATED)
_11521_/S1                              0.750000    7.148727   -6.398726 (VIOLATED)
_10888_/S1                              0.750000    7.148707   -6.398706 (VIOLATED)
_10889_/S1                              0.750000    7.148705   -6.398705 (VIOLATED)
_11518_/S1                              0.750000    7.148706   -6.398706 (VIOLATED)
_11519_/S1                              0.750000    7.148678   -6.398678 (VIOLATED)
_11333_/S1                              0.750000    7.148657   -6.398657 (VIOLATED)
_10699_/A1                              0.750000    7.148642   -6.398642 (VIOLATED)
_11329_/S1                              0.750000    7.148645   -6.398645 (VIOLATED)
_12935_/S                               0.750000    7.148629   -6.398629 (VIOLATED)
_11332_/S1                              0.750000    7.148611   -6.398611 (VIOLATED)
_10701_/S1                              0.750000    7.148575   -6.398575 (VIOLATED)
_10886_/A                               0.750000    7.148574   -6.398574 (VIOLATED)
_10891_/S1                              0.750000    7.148551   -6.398551 (VIOLATED)
_10458_/A                               0.750000    7.148538   -6.398538 (VIOLATED)
_12921_/S                               0.750000    7.148544   -6.398544 (VIOLATED)
_09885_/A_N                             0.750000    7.148523   -6.398523 (VIOLATED)
_09881_/B                               0.750000    7.148514   -6.398514 (VIOLATED)
_09883_/B                               0.750000    7.148517   -6.398517 (VIOLATED)
_09887_/B                               0.750000    7.148520   -6.398520 (VIOLATED)
_12907_/S                               0.750000    7.148506   -6.398506 (VIOLATED)
_13057_/S                               0.750000    7.148455   -6.398455 (VIOLATED)
_12880_/S                               0.750000    7.148420   -6.398420 (VIOLATED)
_13071_/S                               0.750000    7.148400   -6.398400 (VIOLATED)
_12893_/S                               0.750000    7.148383   -6.398383 (VIOLATED)
_13084_/S                               0.750000    7.148366   -6.398366 (VIOLATED)
_13044_/S                               0.750000    7.148314   -6.398314 (VIOLATED)
_18367_/B2                              0.750000    7.148295   -6.398295 (VIOLATED)
_10457_/A                               0.750000    7.148287   -6.398287 (VIOLATED)
_13030_/S                               0.750000    7.148292   -6.398292 (VIOLATED)
_12007_/B                               0.750000    7.148280   -6.398280 (VIOLATED)
_12124_/B                               0.750000    7.148281   -6.398280 (VIOLATED)
_12867_/S                               0.750000    7.148285   -6.398285 (VIOLATED)
_12165_/S                               0.750000    7.148272   -6.398272 (VIOLATED)
_09880_/B                               0.750000    7.148262   -6.398262 (VIOLATED)
_12108_/B1                              0.750000    7.148262   -6.398262 (VIOLATED)
_12109_/A1                              0.750000    7.148262   -6.398262 (VIOLATED)
_12126_/A1                              0.750000    7.148263   -6.398263 (VIOLATED)
_12044_/A                               0.750000    7.148254   -6.398254 (VIOLATED)
_13098_/S                               0.750000    7.148201   -6.398201 (VIOLATED)
_10176_/S1                              0.750000    7.148147   -6.398147 (VIOLATED)
_10178_/S1                              0.750000    7.148147   -6.398147 (VIOLATED)
_09902_/S1                              0.750000    7.148139   -6.398139 (VIOLATED)
_09903_/S1                              0.750000    7.148139   -6.398139 (VIOLATED)
_10179_/S1                              0.750000    7.148145   -6.398145 (VIOLATED)
_10181_/S1                              0.750000    7.148143   -6.398143 (VIOLATED)
_12858_/S                               0.750000    7.148145   -6.398145 (VIOLATED)
_13114_/S                               0.750000    7.148149   -6.398149 (VIOLATED)
_11754_/S1                              0.750000    7.148136   -6.398136 (VIOLATED)
_11755_/S1                              0.750000    7.148131   -6.398130 (VIOLATED)
_11756_/S1                              0.750000    7.148137   -6.398137 (VIOLATED)
_11692_/S1                              0.750000    7.148122   -6.398122 (VIOLATED)
_11695_/S1                              0.750000    7.148119   -6.398119 (VIOLATED)
_11694_/S1                              0.750000    7.148111   -6.398111 (VIOLATED)
_11582_/S1                              0.750000    7.148099   -6.398098 (VIOLATED)
_12840_/S                               0.750000    7.148097   -6.398097 (VIOLATED)
_11577_/S1                              0.750000    7.148089   -6.398089 (VIOLATED)
_11813_/S1                              0.750000    7.148074   -6.398074 (VIOLATED)
_11579_/S1                              0.750000    7.148058   -6.398058 (VIOLATED)
_11814_/S1                              0.750000    7.148063   -6.398063 (VIOLATED)
_11580_/S1                              0.750000    7.148057   -6.398057 (VIOLATED)
_11697_/S1                              0.750000    7.148059   -6.398059 (VIOLATED)
_11811_/S1                              0.750000    7.148047   -6.398046 (VIOLATED)
_11812_/S1                              0.750000    7.148053   -6.398053 (VIOLATED)
_10640_/S1                              0.750000    7.148029   -6.398029 (VIOLATED)
_10642_/S1                              0.750000    7.148002   -6.398002 (VIOLATED)
_12949_/S                               0.750000    7.148006   -6.398006 (VIOLATED)
_12962_/S                               0.750000    7.148005   -6.398005 (VIOLATED)
_13003_/S                               0.750000    7.148008   -6.398008 (VIOLATED)
_13017_/S                               0.750000    7.148009   -6.398008 (VIOLATED)
_12976_/S                               0.750000    7.148002   -6.398001 (VIOLATED)
_12995_/S                               0.750000    7.148007   -6.398007 (VIOLATED)
_13004_/S                               0.750000    7.148002   -6.398001 (VIOLATED)
_13018_/S                               0.750000    7.148002   -6.398001 (VIOLATED)
_13031_/S                               0.750000    7.148003   -6.398003 (VIOLATED)
_13043_/S                               0.750000    7.148003   -6.398003 (VIOLATED)
_12936_/S                               0.750000    7.147992   -6.397992 (VIOLATED)
_12994_/S                               0.750000    7.147998   -6.397998 (VIOLATED)
_10644_/S1                              0.750000    7.147984   -6.397984 (VIOLATED)
_10645_/S1                              0.750000    7.147984   -6.397984 (VIOLATED)
_10759_/S1                              0.750000    7.147978   -6.397978 (VIOLATED)
_10762_/S1                              0.750000    7.147983   -6.397982 (VIOLATED)
_12920_/S                               0.750000    7.147977   -6.397977 (VIOLATED)
_12908_/S                               0.750000    7.147970   -6.397969 (VIOLATED)
_10761_/S1                              0.750000    7.147952   -6.397952 (VIOLATED)
_12831_/S                               0.750000    7.147954   -6.397954 (VIOLATED)
_12868_/S                               0.750000    7.147956   -6.397956 (VIOLATED)
_12881_/S                               0.750000    7.147956   -6.397956 (VIOLATED)
_12894_/S                               0.750000    7.147956   -6.397956 (VIOLATED)
_10751_/S1                              0.750000    7.147914   -6.397914 (VIOLATED)
_12832_/S                               0.750000    7.147902   -6.397902 (VIOLATED)
_12839_/S                               0.750000    7.147902   -6.397902 (VIOLATED)
_12859_/S                               0.750000    7.147902   -6.397902 (VIOLATED)
_10706_/S1                              0.750000    7.147881   -6.397881 (VIOLATED)
_10709_/S1                              0.750000    7.147886   -6.397886 (VIOLATED)
_10760_/S1                              0.750000    7.147876   -6.397876 (VIOLATED)
_10894_/S1                              0.750000    7.147871   -6.397871 (VIOLATED)
_10895_/S1                              0.750000    7.147875   -6.397875 (VIOLATED)
_10896_/S1                              0.750000    7.147875   -6.397875 (VIOLATED)
_10897_/S1                              0.750000    7.147871   -6.397871 (VIOLATED)
_10707_/S1                              0.750000    7.147861   -6.397861 (VIOLATED)
_10708_/S1                              0.750000    7.147848   -6.397848 (VIOLATED)
_12747_/S                               0.750000    7.147844   -6.397844 (VIOLATED)
_12759_/S                               0.750000    7.147844   -6.397844 (VIOLATED)
_12772_/S                               0.750000    7.147843   -6.397843 (VIOLATED)
_12785_/S                               0.750000    7.147842   -6.397842 (VIOLATED)
_12801_/S                               0.750000    7.147841   -6.397841 (VIOLATED)
_12819_/S                               0.750000    7.147847   -6.397846 (VIOLATED)
_13058_/S                               0.750000    7.147825   -6.397825 (VIOLATED)
_13070_/S                               0.750000    7.147828   -6.397827 (VIOLATED)
_13085_/S                               0.750000    7.147801   -6.397801 (VIOLATED)
_12802_/S                               0.750000    7.147788   -6.397788 (VIOLATED)
_13097_/S                               0.750000    7.147787   -6.397787 (VIOLATED)
_13115_/S                               0.750000    7.147776   -6.397776 (VIOLATED)
_12820_/S                               0.750000    7.147767   -6.397767 (VIOLATED)
_12786_/S                               0.750000    7.147757   -6.397757 (VIOLATED)
_13246_/S                               0.750000    7.147757   -6.397757 (VIOLATED)
_12697_/S                               0.750000    7.147738   -6.397737 (VIOLATED)
_12717_/S                               0.750000    7.147734   -6.397734 (VIOLATED)
_12733_/S                               0.750000    7.147722   -6.397722 (VIOLATED)
_09882_/B                               0.750000    7.147706   -6.397706 (VIOLATED)
_09884_/A_N                             0.750000    7.147705   -6.397705 (VIOLATED)
_09886_/B                               0.750000    7.147706   -6.397706 (VIOLATED)
_12718_/S                               0.750000    7.147701   -6.397701 (VIOLATED)
_12734_/S                               0.750000    7.147707   -6.397707 (VIOLATED)
_13247_/S                               0.750000    7.147703   -6.397703 (VIOLATED)
_12694_/S                               0.750000    7.147695   -6.397695 (VIOLATED)
_12748_/S                               0.750000    7.147672   -6.397672 (VIOLATED)
_12760_/S                               0.750000    7.147672   -6.397672 (VIOLATED)
_12773_/S                               0.750000    7.147665   -6.397665 (VIOLATED)
_19622_/A1                              0.750000    7.147642   -6.397642 (VIOLATED)
_21624_/Q                               0.750000    7.147642   -6.397642 (VIOLATED)
_19120_/B1                              0.750000    5.057117   -4.307117 (VIOLATED)
_19125_/A1                              0.750000    5.057120   -4.307120 (VIOLATED)
_19132_/B1                              0.750000    5.057119   -4.307119 (VIOLATED)
_19137_/A1                              0.750000    5.057121   -4.307121 (VIOLATED)
_19144_/B1                              0.750000    5.057121   -4.307121 (VIOLATED)
_19149_/A1                              0.750000    5.057122   -4.307121 (VIOLATED)
_19156_/B1                              0.750000    5.057119   -4.307119 (VIOLATED)
_19161_/A1                              0.750000    5.057118   -4.307118 (VIOLATED)
_19113_/A1                              0.750000    5.057112   -4.307112 (VIOLATED)
_19169_/A1                              0.750000    5.057115   -4.307115 (VIOLATED)
_19096_/B1                              0.750000    5.057104   -4.307104 (VIOLATED)
_19101_/A1                              0.750000    5.057107   -4.307107 (VIOLATED)
_19108_/B1                              0.750000    5.057110   -4.307110 (VIOLATED)
_19089_/A1                              0.750000    5.057096   -4.307096 (VIOLATED)
_19084_/B1                              0.750000    5.057090   -4.307090 (VIOLATED)
_19077_/A1                              0.750000    5.057081   -4.307081 (VIOLATED)
_12438_/A2                              0.750000    5.057076   -4.307076 (VIOLATED)
_12443_/A2                              0.750000    5.057076   -4.307076 (VIOLATED)
_12448_/A2                              0.750000    5.057079   -4.307079 (VIOLATED)
_12454_/A2                              0.750000    5.057079   -4.307079 (VIOLATED)
_12429_/A2                              0.750000    5.057065   -4.307065 (VIOLATED)
_12433_/A                               0.750000    5.057069   -4.307069 (VIOLATED)
_12434_/A2                              0.750000    5.057071   -4.307071 (VIOLATED)
_19073_/A1                              0.750000    5.057069   -4.307069 (VIOLATED)
_12422_/A2                              0.750000    5.057061   -4.307061 (VIOLATED)
_12414_/A2                              0.750000    5.057056   -4.307056 (VIOLATED)
_12403_/A2                              0.750000    5.057049   -4.307049 (VIOLATED)
_12460_/A2                              0.750000    5.057051   -4.307051 (VIOLATED)
_12465_/A2                              0.750000    5.057051   -4.307051 (VIOLATED)
_12470_/A2                              0.750000    5.057051   -4.307051 (VIOLATED)
_12476_/A2                              0.750000    5.057051   -4.307050 (VIOLATED)
_12482_/A2                              0.750000    5.057050   -4.307050 (VIOLATED)
_12487_/A2                              0.750000    5.057049   -4.307049 (VIOLATED)
_12492_/A2                              0.750000    5.057049   -4.307049 (VIOLATED)
_12389_/A2                              0.750000    5.057042   -4.307042 (VIOLATED)
_12497_/A2                              0.750000    5.057038   -4.307038 (VIOLATED)
_12503_/A2                              0.750000    5.057035   -4.307035 (VIOLATED)
_12508_/A2                              0.750000    5.057027   -4.307027 (VIOLATED)
_12513_/A2                              0.750000    5.057025   -4.307025 (VIOLATED)
_12518_/A2                              0.750000    5.057017   -4.307017 (VIOLATED)
_12551_/A2                              0.750000    5.057015   -4.307015 (VIOLATED)
_12561_/A2                              0.750000    5.057018   -4.307018 (VIOLATED)
_12556_/A2                              0.750000    5.057012   -4.307012 (VIOLATED)
_12523_/A2                              0.750000    5.057005   -4.307005 (VIOLATED)
_12529_/A2                              0.750000    5.057002   -4.307002 (VIOLATED)
_19059_/B1                              0.750000    5.057000   -4.307000 (VIOLATED)
_12534_/A2                              0.750000    5.056994   -4.306994 (VIOLATED)
_12540_/A2                              0.750000    5.056991   -4.306991 (VIOLATED)
_12546_/A2                              0.750000    5.056990   -4.306990 (VIOLATED)
_19055_/B1                              0.750000    5.056989   -4.306989 (VIOLATED)
_12094_/Y                               0.750000    5.056973   -4.306973 (VIOLATED)
_12304_/B                               0.750000    5.056973   -4.306973 (VIOLATED)
_12359_/A                               0.750000    5.056973   -4.306973 (VIOLATED)
_19044_/A                               0.750000    5.056973   -4.306973 (VIOLATED)
_19048_/B2                              0.750000    5.056973   -4.306973 (VIOLATED)
_11214_/B                               0.750000    3.965420   -3.215420 (VIOLATED)
_11215_/B                               0.750000    3.965420   -3.215420 (VIOLATED)
_11213_/C_N                             0.750000    3.965415   -3.215415 (VIOLATED)
_11216_/C_N                             0.750000    3.965415   -3.215415 (VIOLATED)
_11083_/B                               0.750000    3.965400   -3.215400 (VIOLATED)
_11084_/A                               0.750000    3.965402   -3.215402 (VIOLATED)
_11085_/B                               0.750000    3.965397   -3.215397 (VIOLATED)
_11086_/A                               0.750000    3.965397   -3.215396 (VIOLATED)
_11209_/S0                              0.750000    3.965363   -3.215363 (VIOLATED)
_11210_/S0                              0.750000    3.965360   -3.215360 (VIOLATED)
_11093_/S1                              0.750000    3.965315   -3.215315 (VIOLATED)
_10254_/S1                              0.750000    3.965312   -3.215312 (VIOLATED)
_10247_/S0                              0.750000    3.965292   -3.215292 (VIOLATED)
_11649_/B                               0.750000    3.965288   -3.215288 (VIOLATED)
_11654_/S0                              0.750000    3.965252   -3.215252 (VIOLATED)
_11031_/S0                              0.750000    3.965171   -3.215171 (VIOLATED)
_11648_/S0                              0.750000    3.965152   -3.215152 (VIOLATED)
_11023_/S0                              0.750000    3.965101   -3.215101 (VIOLATED)
_11024_/B                               0.750000    3.965097   -3.215097 (VIOLATED)
_11947_/S0                              0.750000    3.964983   -3.214983 (VIOLATED)
_11952_/S0                              0.750000    3.964834   -3.214834 (VIOLATED)
_11953_/S0                              0.750000    3.964829   -3.214829 (VIOLATED)
_10553_/C_N                             0.750000    3.964660   -3.214660 (VIOLATED)
_10549_/C_N                             0.750000    3.964650   -3.214649 (VIOLATED)
_11139_/A1                              0.750000    3.964608   -3.214608 (VIOLATED)
_10485_/S0                              0.750000    3.964602   -3.214602 (VIOLATED)
_10546_/A                               0.750000    3.964596   -3.214596 (VIOLATED)
_10547_/A                               0.750000    3.964596   -3.214596 (VIOLATED)
_10476_/C_N                             0.750000    3.964590   -3.214590 (VIOLATED)
_10475_/B                               0.750000    3.964586   -3.214586 (VIOLATED)
_10537_/S1                              0.750000    3.964557   -3.214557 (VIOLATED)
_10544_/S1                              0.750000    3.964527   -3.214526 (VIOLATED)
_10542_/S1                              0.750000    3.964497   -3.214497 (VIOLATED)
_10069_/S0                              0.750000    3.964443   -3.214443 (VIOLATED)
_10071_/S0                              0.750000    3.964444   -3.214444 (VIOLATED)
_10138_/S1                              0.750000    3.964432   -3.214432 (VIOLATED)
_10207_/A                               0.750000    3.964422   -3.214422 (VIOLATED)
_10208_/C_N                             0.750000    3.964421   -3.214420 (VIOLATED)
_10212_/A2                              0.750000    3.964419   -3.214419 (VIOLATED)
_10213_/A                               0.750000    3.964422   -3.214422 (VIOLATED)
_10133_/S1                              0.750000    3.964412   -3.214412 (VIOLATED)
_10318_/S1                              0.750000    3.964378   -3.214378 (VIOLATED)
_11102_/S1                              0.750000    3.964365   -3.214365 (VIOLATED)
_10265_/A2                              0.750000    3.964356   -3.214356 (VIOLATED)
_10266_/A                               0.750000    3.964358   -3.214358 (VIOLATED)
_10864_/S1                              0.750000    3.964357   -3.214357 (VIOLATED)
_10862_/S1                              0.750000    3.964353   -3.214352 (VIOLATED)
_11230_/S1                              0.750000    3.964352   -3.214352 (VIOLATED)
_10858_/B                               0.750000    3.964344   -3.214344 (VIOLATED)
_11042_/C_N                             0.750000    3.964346   -3.214346 (VIOLATED)
_11043_/A                               0.750000    3.964347   -3.214347 (VIOLATED)
_10855_/B                               0.750000    3.964340   -3.214339 (VIOLATED)
_11046_/A2                              0.750000    3.964339   -3.214339 (VIOLATED)
_11047_/A                               0.750000    3.964341   -3.214341 (VIOLATED)
_11401_/S1                              0.750000    3.964339   -3.214339 (VIOLATED)
_10848_/B                               0.750000    3.964322   -3.214322 (VIOLATED)
_10851_/B                               0.750000    3.964319   -3.214319 (VIOLATED)
_11660_/S1                              0.750000    3.964320   -3.214319 (VIOLATED)
_10325_/A                               0.750000    3.964296   -3.214296 (VIOLATED)
_11662_/S1                              0.750000    3.964298   -3.214298 (VIOLATED)
_10326_/B                               0.750000    3.964292   -3.214292 (VIOLATED)
_10323_/A                               0.750000    3.964271   -3.214271 (VIOLATED)
_10322_/A2                              0.750000    3.964266   -3.214266 (VIOLATED)
_11967_/S1                              0.750000    3.964269   -3.214269 (VIOLATED)
_11483_/A2                              0.750000    3.964245   -3.214245 (VIOLATED)
_10334_/A                               0.750000    3.964199   -3.214199 (VIOLATED)
_10972_/S1                              0.750000    3.964195   -3.214195 (VIOLATED)
_10975_/S1                              0.750000    3.964197   -3.214197 (VIOLATED)
_10497_/A_N                             0.750000    3.964189   -3.214189 (VIOLATED)
_10335_/S1                              0.750000    3.964184   -3.214184 (VIOLATED)
_10191_/S1                              0.750000    3.964168   -3.214168 (VIOLATED)
_10498_/A1                              0.750000    3.964171   -3.214171 (VIOLATED)
_10499_/S1                              0.750000    3.964172   -3.214172 (VIOLATED)
_10193_/S1                              0.750000    3.964165   -3.214165 (VIOLATED)
_10064_/B                               0.750000    3.964151   -3.214151 (VIOLATED)
_11786_/A                               0.750000    3.964119   -3.214119 (VIOLATED)
_11787_/S1                              0.750000    3.964106   -3.214106 (VIOLATED)
_11720_/A                               0.750000    3.964079   -3.214079 (VIOLATED)
_11721_/A2                              0.750000    3.964052   -3.214052 (VIOLATED)
_11723_/A1                              0.750000    3.964050   -3.214050 (VIOLATED)
_10432_/S1                              0.750000    3.964044   -3.214044 (VIOLATED)
_11722_/A_N                             0.750000    3.964042   -3.214042 (VIOLATED)
_11459_/B                               0.750000    3.964034   -3.214034 (VIOLATED)
_11462_/A_N                             0.750000    3.964024   -3.214024 (VIOLATED)
_10984_/A1                              0.750000    3.964019   -3.214019 (VIOLATED)
_11144_/A                               0.750000    3.963991   -3.213991 (VIOLATED)
_11145_/S1                              0.750000    3.963956   -3.213956 (VIOLATED)
_10609_/S1                              0.750000    3.963853   -3.213853 (VIOLATED)
_11157_/S1                              0.750000    3.963839   -3.213839 (VIOLATED)
_11152_/S0                              0.750000    3.963817   -3.213817 (VIOLATED)
_11167_/C_N                             0.750000    3.963706   -3.213705 (VIOLATED)
_11163_/C_N                             0.750000    3.963684   -3.213684 (VIOLATED)
_11765_/S1                              0.750000    3.963658   -3.213657 (VIOLATED)
_11713_/S0                              0.750000    3.963654   -3.213654 (VIOLATED)
_10048_/B                               0.750000    3.963640   -3.213640 (VIOLATED)
_11161_/A                               0.750000    3.963631   -3.213631 (VIOLATED)
_10592_/A                               0.750000    3.963623   -3.213623 (VIOLATED)
_11590_/S1                              0.750000    3.963618   -3.213618 (VIOLATED)
_10049_/B                               0.750000    3.963609   -3.213609 (VIOLATED)
_10593_/B                               0.750000    3.963598   -3.213598 (VIOLATED)
_11160_/A                               0.750000    3.963598   -3.213598 (VIOLATED)
_10420_/S0                              0.750000    3.963586   -3.213585 (VIOLATED)
_10425_/S0                              0.750000    3.963583   -3.213583 (VIOLATED)
_10053_/B                               0.750000    3.963570   -3.213570 (VIOLATED)
_10047_/B                               0.750000    3.963564   -3.213564 (VIOLATED)
_10050_/B                               0.750000    3.963564   -3.213564 (VIOLATED)
_11847_/A2                              0.750000    3.963554   -3.213554 (VIOLATED)
_11842_/C_N                             0.750000    3.963547   -3.213547 (VIOLATED)
_11848_/A                               0.750000    3.963544   -3.213544 (VIOLATED)
_11843_/A                               0.750000    3.963538   -3.213538 (VIOLATED)
_11889_/S1                              0.750000    3.963495   -3.213495 (VIOLATED)
_11547_/A2                              0.750000    3.963447   -3.213446 (VIOLATED)
_11553_/C_N                             0.750000    3.963447   -3.213446 (VIOLATED)
_11552_/B                               0.750000    3.963440   -3.213440 (VIOLATED)
_18338_/B2                              0.750000    3.963305   -3.213305 (VIOLATED)
_11277_/B                               0.750000    3.963288   -3.213288 (VIOLATED)
_10745_/A                               0.750000    3.963284   -3.213284 (VIOLATED)
_11278_/C_N                             0.750000    3.963284   -3.213284 (VIOLATED)
_11279_/B                               0.750000    3.963288   -3.213288 (VIOLATED)
_11280_/C_N                             0.750000    3.963285   -3.213285 (VIOLATED)
_11288_/S0                              0.750000    3.963274   -3.213274 (VIOLATED)
_11289_/S0                              0.750000    3.963273   -3.213273 (VIOLATED)
_11300_/A_N                             0.750000    3.963271   -3.213271 (VIOLATED)
_11301_/A1                              0.750000    3.963269   -3.213269 (VIOLATED)
_11302_/S1                              0.750000    3.963245   -3.213245 (VIOLATED)
_11538_/S1                              0.750000    3.963226   -3.213226 (VIOLATED)
_10384_/A_N                             0.750000    3.963185   -3.213185 (VIOLATED)
_10385_/A1                              0.750000    3.963187   -3.213187 (VIOLATED)
_10371_/S0                              0.750000    3.963165   -3.213165 (VIOLATED)
_10373_/S0                              0.750000    3.963165   -3.213165 (VIOLATED)
_10386_/S1                              0.750000    3.963164   -3.213164 (VIOLATED)
_11537_/A1                              0.750000    3.963104   -3.213104 (VIOLATED)
_10368_/S0                              0.750000    3.963098   -3.213098 (VIOLATED)
_10369_/S0                              0.750000    3.963092   -3.213092 (VIOLATED)
_10051_/A_N                             0.750000    3.962982   -3.212982 (VIOLATED)
_10052_/A_N                             0.750000    3.962976   -3.212976 (VIOLATED)
_10054_/B                               0.750000    3.962977   -3.212977 (VIOLATED)
_10662_/S1                              0.750000    3.962979   -3.212978 (VIOLATED)
_10673_/B                               0.750000    3.962975   -3.212974 (VIOLATED)
_10674_/C_N                             0.750000    3.962977   -3.212977 (VIOLATED)
_10678_/A2                              0.750000    3.962979   -3.212978 (VIOLATED)
_09840_/A                               0.750000    3.962964   -3.212964 (VIOLATED)
_10786_/C1                              0.750000    3.962964   -3.212964 (VIOLATED)
_10798_/A1                              0.750000    3.962962   -3.212961 (VIOLATED)
_10719_/B                               0.750000    3.962922   -3.212922 (VIOLATED)
_10720_/C_N                             0.750000    3.962921   -3.212921 (VIOLATED)
_10728_/S1                              0.750000    3.962924   -3.212924 (VIOLATED)
_11345_/C_N                             0.750000    3.962890   -3.212890 (VIOLATED)
_10730_/S1                              0.750000    3.962883   -3.212883 (VIOLATED)
_11346_/B                               0.750000    3.962847   -3.212847 (VIOLATED)
_10919_/A_N                             0.750000    3.962796   -3.212796 (VIOLATED)
_10920_/A1                              0.750000    3.962790   -3.212790 (VIOLATED)
_10780_/S1                              0.750000    3.962654   -3.212654 (VIOLATED)
_10905_/S0                              0.750000    3.962650   -3.212650 (VIOLATED)
_10908_/S0                              0.750000    3.962651   -3.212651 (VIOLATED)
_10907_/S0                              0.750000    3.962635   -3.212635 (VIOLATED)
_11362_/A_N                             0.750000    3.962635   -3.212635 (VIOLATED)
_11363_/A1                              0.750000    3.962636   -3.212636 (VIOLATED)
_10903_/S0                              0.750000    3.962626   -3.212626 (VIOLATED)
_11364_/S1                              0.750000    3.962613   -3.212613 (VIOLATED)
_10716_/S0                              0.750000    3.962589   -3.212589 (VIOLATED)
_10717_/S0                              0.750000    3.962589   -3.212589 (VIOLATED)
_11341_/S0                              0.750000    3.962575   -3.212575 (VIOLATED)
_10921_/S1                              0.750000    3.962497   -3.212497 (VIOLATED)
_11342_/S0                              0.750000    3.962376   -3.212376 (VIOLATED)
_19583_/A1                              0.750000    3.960984   -3.210984 (VIOLATED)
_21619_/Q                               0.750000    3.960984   -3.210984 (VIOLATED)
_17344_/S                               0.750000    3.765803   -3.015803 (VIOLATED)
_17346_/S                               0.750000    3.765800   -3.015800 (VIOLATED)
_17347_/S                               0.750000    3.765802   -3.015802 (VIOLATED)
_17340_/S                               0.750000    3.765788   -3.015788 (VIOLATED)
_17345_/S                               0.750000    3.765778   -3.015778 (VIOLATED)
_17355_/S                               0.750000    3.765781   -3.015781 (VIOLATED)
_17360_/S                               0.750000    3.765781   -3.015781 (VIOLATED)
_17361_/S                               0.750000    3.765780   -3.015780 (VIOLATED)
_17348_/S                               0.750000    3.765777   -3.015777 (VIOLATED)
_17343_/S                               0.750000    3.765773   -3.015773 (VIOLATED)
_17350_/S                               0.750000    3.765772   -3.015772 (VIOLATED)
_17352_/S                               0.750000    3.765772   -3.015772 (VIOLATED)
_17356_/S                               0.750000    3.765762   -3.015762 (VIOLATED)
_17351_/S                               0.750000    3.765758   -3.015758 (VIOLATED)
_17359_/S                               0.750000    3.765758   -3.015758 (VIOLATED)
_17364_/S                               0.750000    3.765748   -3.015748 (VIOLATED)
_17333_/S                               0.750000    3.765735   -3.015735 (VIOLATED)
_17335_/S                               0.750000    3.765736   -3.015736 (VIOLATED)
_17358_/S                               0.750000    3.765738   -3.015738 (VIOLATED)
_17362_/S                               0.750000    3.765737   -3.015737 (VIOLATED)
_17334_/S                               0.750000    3.765733   -3.015733 (VIOLATED)
_17336_/S                               0.750000    3.765731   -3.015731 (VIOLATED)
_17337_/S                               0.750000    3.765730   -3.015730 (VIOLATED)
_17338_/S                               0.750000    3.765731   -3.015731 (VIOLATED)
_17339_/S                               0.750000    3.765732   -3.015732 (VIOLATED)
_17363_/S                               0.750000    3.765732   -3.015732 (VIOLATED)
_17341_/S                               0.750000    3.765729   -3.015729 (VIOLATED)
_17349_/S                               0.750000    3.765727   -3.015727 (VIOLATED)
_17354_/S                               0.750000    3.765724   -3.015724 (VIOLATED)
_17357_/S                               0.750000    3.765725   -3.015725 (VIOLATED)
_17332_/Y                               0.750000    3.765716   -3.015716 (VIOLATED)
_17342_/S                               0.750000    3.765716   -3.015716 (VIOLATED)
_17353_/S                               0.750000    3.765716   -3.015716 (VIOLATED)
_17146_/S                               0.750000    3.740381   -2.990381 (VIOLATED)
_17149_/S                               0.750000    3.740381   -2.990381 (VIOLATED)
_17163_/S                               0.750000    3.740378   -2.990378 (VIOLATED)
_17162_/S                               0.750000    3.740371   -2.990371 (VIOLATED)
_17147_/S                               0.750000    3.740368   -2.990368 (VIOLATED)
_17152_/S                               0.750000    3.740368   -2.990368 (VIOLATED)
_17154_/S                               0.750000    3.740367   -2.990367 (VIOLATED)
_17157_/S                               0.750000    3.740368   -2.990368 (VIOLATED)
_17142_/S                               0.750000    3.740360   -2.990360 (VIOLATED)
_17153_/S                               0.750000    3.740362   -2.990362 (VIOLATED)
_17161_/S                               0.750000    3.740364   -2.990364 (VIOLATED)
_17148_/S                               0.750000    3.740359   -2.990359 (VIOLATED)
_17145_/S                               0.750000    3.740355   -2.990355 (VIOLATED)
_17150_/S                               0.750000    3.740352   -2.990352 (VIOLATED)
_17166_/S                               0.750000    3.740351   -2.990351 (VIOLATED)
_17158_/S                               0.750000    3.740310   -2.990310 (VIOLATED)
_17137_/S                               0.750000    3.740289   -2.990288 (VIOLATED)
_17160_/S                               0.750000    3.740286   -2.990285 (VIOLATED)
_17164_/S                               0.750000    3.740286   -2.990286 (VIOLATED)
_17141_/S                               0.750000    3.740277   -2.990277 (VIOLATED)
_17151_/S                               0.750000    3.740277   -2.990277 (VIOLATED)
_17159_/S                               0.750000    3.740268   -2.990268 (VIOLATED)
_17140_/S                               0.750000    3.740219   -2.990219 (VIOLATED)
_17139_/S                               0.750000    3.740203   -2.990203 (VIOLATED)
_17138_/S                               0.750000    3.740173   -2.990173 (VIOLATED)
_17155_/S                               0.750000    3.740169   -2.990169 (VIOLATED)
_17135_/S                               0.750000    3.740152   -2.990152 (VIOLATED)
_17136_/S                               0.750000    3.740151   -2.990151 (VIOLATED)
_17143_/S                               0.750000    3.740150   -2.990149 (VIOLATED)
_17165_/S                               0.750000    3.740152   -2.990152 (VIOLATED)
_17144_/S                               0.750000    3.740147   -2.990147 (VIOLATED)
_17156_/S                               0.750000    3.740146   -2.990145 (VIOLATED)
_17134_/Y                               0.750000    3.740126   -2.990126 (VIOLATED)
_17245_/S                               0.750000    3.737008   -2.987008 (VIOLATED)
_17248_/S                               0.750000    3.737007   -2.987007 (VIOLATED)
_17247_/S                               0.750000    3.737004   -2.987004 (VIOLATED)
_17244_/S                               0.750000    3.737001   -2.987001 (VIOLATED)
_17241_/S                               0.750000    3.736991   -2.986991 (VIOLATED)
_17256_/S                               0.750000    3.736980   -2.986980 (VIOLATED)
_17246_/S                               0.750000    3.736974   -2.986974 (VIOLATED)
_17251_/S                               0.750000    3.736973   -2.986973 (VIOLATED)
_17260_/S                               0.750000    3.736974   -2.986974 (VIOLATED)
_17253_/S                               0.750000    3.736970   -2.986970 (VIOLATED)
_17259_/S                               0.750000    3.736969   -2.986969 (VIOLATED)
_17261_/S                               0.750000    3.736971   -2.986971 (VIOLATED)
_17262_/S                               0.750000    3.736972   -2.986972 (VIOLATED)
_17263_/S                               0.750000    3.736965   -2.986964 (VIOLATED)
_17236_/S                               0.750000    3.736961   -2.986961 (VIOLATED)
_17252_/S                               0.750000    3.736961   -2.986961 (VIOLATED)
_17249_/S                               0.750000    3.736956   -2.986956 (VIOLATED)
_17264_/S                               0.750000    3.736959   -2.986959 (VIOLATED)
_17250_/S                               0.750000    3.736953   -2.986953 (VIOLATED)
_17257_/S                               0.750000    3.736952   -2.986952 (VIOLATED)
_17258_/S                               0.750000    3.736954   -2.986954 (VIOLATED)
_17234_/S                               0.750000    3.736949   -2.986949 (VIOLATED)
_17240_/S                               0.750000    3.736950   -2.986950 (VIOLATED)
_17235_/S                               0.750000    3.736945   -2.986944 (VIOLATED)
_17239_/S                               0.750000    3.736946   -2.986946 (VIOLATED)
_17265_/S                               0.750000    3.736947   -2.986947 (VIOLATED)
_17238_/S                               0.750000    3.736940   -2.986940 (VIOLATED)
_17242_/S                               0.750000    3.736937   -2.986937 (VIOLATED)
_17255_/S                               0.750000    3.736930   -2.986930 (VIOLATED)
_17243_/S                               0.750000    3.736917   -2.986917 (VIOLATED)
_17237_/S                               0.750000    3.736914   -2.986914 (VIOLATED)
_17254_/S                               0.750000    3.736913   -2.986912 (VIOLATED)
_17233_/Y                               0.750000    3.736906   -2.986906 (VIOLATED)
_17212_/S                               0.750000    3.712018   -2.962017 (VIOLATED)
_17215_/S                               0.750000    3.712016   -2.962017 (VIOLATED)
_17216_/S                               0.750000    3.712017   -2.962017 (VIOLATED)
_17214_/S                               0.750000    3.712013   -2.962013 (VIOLATED)
_17229_/S                               0.750000    3.712016   -2.962016 (VIOLATED)
_17211_/S                               0.750000    3.712010   -2.962010 (VIOLATED)
_17226_/S                               0.750000    3.712012   -2.962013 (VIOLATED)
_17228_/S                               0.750000    3.712014   -2.962014 (VIOLATED)
_17203_/S                               0.750000    3.712006   -2.962006 (VIOLATED)
_17230_/S                               0.750000    3.712006   -2.962006 (VIOLATED)
_17231_/S                               0.750000    3.712006   -2.962006 (VIOLATED)
_17208_/S                               0.750000    3.712001   -2.962001 (VIOLATED)
_17217_/S                               0.750000    3.711992   -2.961992 (VIOLATED)
_17224_/S                               0.750000    3.711991   -2.961991 (VIOLATED)
_17225_/S                               0.750000    3.711991   -2.961991 (VIOLATED)
_17207_/S                               0.750000    3.711985   -2.961985 (VIOLATED)
_17213_/S                               0.750000    3.711983   -2.961983 (VIOLATED)
_17218_/S                               0.750000    3.711982   -2.961982 (VIOLATED)
_17201_/S                               0.750000    3.711979   -2.961979 (VIOLATED)
_17220_/S                               0.750000    3.711981   -2.961981 (VIOLATED)
_17223_/S                               0.750000    3.711982   -2.961982 (VIOLATED)
_17227_/S                               0.750000    3.711982   -2.961982 (VIOLATED)
_17202_/S                               0.750000    3.711977   -2.961977 (VIOLATED)
_17206_/S                               0.750000    3.711977   -2.961977 (VIOLATED)
_17209_/S                               0.750000    3.711976   -2.961976 (VIOLATED)
_17219_/S                               0.750000    3.711977   -2.961977 (VIOLATED)
_17222_/S                               0.750000    3.711973   -2.961973 (VIOLATED)
_17232_/S                               0.750000    3.711973   -2.961972 (VIOLATED)
_17205_/S                               0.750000    3.711969   -2.961969 (VIOLATED)
_17210_/S                               0.750000    3.711958   -2.961958 (VIOLATED)
_17204_/S                               0.750000    3.711949   -2.961949 (VIOLATED)
_17221_/S                               0.750000    3.711948   -2.961949 (VIOLATED)
_17200_/Y                               0.750000    3.711942   -2.961942 (VIOLATED)
_13279_/S                               0.750000    3.366686   -2.616686 (VIOLATED)
_13280_/S                               0.750000    3.366686   -2.616686 (VIOLATED)
_13281_/S                               0.750000    3.366686   -2.616686 (VIOLATED)
_13282_/S                               0.750000    3.366685   -2.616685 (VIOLATED)
_13283_/S                               0.750000    3.366683   -2.616683 (VIOLATED)
_13284_/S                               0.750000    3.366679   -2.616679 (VIOLATED)
_13274_/S                               0.750000    3.366673   -2.616673 (VIOLATED)
_13275_/S                               0.750000    3.366674   -2.616674 (VIOLATED)
_13276_/S                               0.750000    3.366675   -2.616675 (VIOLATED)
_13277_/S                               0.750000    3.366675   -2.616674 (VIOLATED)
_13285_/S                               0.750000    3.366672   -2.616672 (VIOLATED)
_13286_/S                               0.750000    3.366675   -2.616674 (VIOLATED)
_13287_/S                               0.750000    3.366664   -2.616664 (VIOLATED)
_13273_/S                               0.750000    3.366661   -2.616661 (VIOLATED)
_13278_/S                               0.750000    3.366662   -2.616662 (VIOLATED)
_13272_/S                               0.750000    3.366657   -2.616657 (VIOLATED)
_13271_/S                               0.750000    3.366650   -2.616651 (VIOLATED)
_13270_/S                               0.750000    3.366646   -2.616647 (VIOLATED)
_13269_/S                               0.750000    3.366636   -2.616635 (VIOLATED)
_13268_/S                               0.750000    3.366630   -2.616630 (VIOLATED)
_13267_/S                               0.750000    3.366624   -2.616624 (VIOLATED)
_13265_/S                               0.750000    3.366615   -2.616615 (VIOLATED)
_13266_/S                               0.750000    3.366614   -2.616614 (VIOLATED)
_13264_/S                               0.750000    3.366593   -2.616593 (VIOLATED)
_13263_/S                               0.750000    3.366577   -2.616577 (VIOLATED)
_13262_/S                               0.750000    3.366570   -2.616570 (VIOLATED)
_13261_/S                               0.750000    3.366552   -2.616552 (VIOLATED)
_19629_/A1                              0.750000    3.366550   -2.616550 (VIOLATED)
_19645_/S                               0.750000    3.366549   -2.616549 (VIOLATED)
_19693_/A                               0.750000    3.366550   -2.616551 (VIOLATED)
_19704_/A2                              0.750000    3.366549   -2.616549 (VIOLATED)
_19638_/S                               0.750000    3.366546   -2.616546 (VIOLATED)
_19685_/S                               0.750000    3.366547   -2.616547 (VIOLATED)
_19691_/S                               0.750000    3.366546   -2.616546 (VIOLATED)
_19375_/A2                              0.750000    3.366534   -2.616534 (VIOLATED)
_19409_/S                               0.750000    3.366534   -2.616534 (VIOLATED)
_19417_/S                               0.750000    3.366535   -2.616535 (VIOLATED)
_19420_/S                               0.750000    3.366534   -2.616534 (VIOLATED)
_19424_/S                               0.750000    3.366535   -2.616535 (VIOLATED)
_19435_/B1                              0.750000    3.366535   -2.616535 (VIOLATED)
_19536_/S                               0.750000    3.366536   -2.616536 (VIOLATED)
_19537_/A1                              0.750000    3.366535   -2.616535 (VIOLATED)
_19554_/A2                              0.750000    3.366535   -2.616535 (VIOLATED)
_19503_/A2                              0.750000    3.366530   -2.616531 (VIOLATED)
_19388_/S                               0.750000    3.366523   -2.616524 (VIOLATED)
_19400_/S                               0.750000    3.366526   -2.616526 (VIOLATED)
_19406_/S                               0.750000    3.366526   -2.616526 (VIOLATED)
_19413_/S                               0.750000    3.366525   -2.616525 (VIOLATED)
_19458_/S                               0.750000    3.366525   -2.616525 (VIOLATED)
_19394_/S                               0.750000    3.366522   -2.616522 (VIOLATED)
_19518_/A1                              0.750000    3.366522   -2.616522 (VIOLATED)
_19560_/A                               0.750000    3.366522   -2.616522 (VIOLATED)
_13260_/S                               0.750000    3.366516   -2.616516 (VIOLATED)
_19376_/S                               0.750000    3.366518   -2.616518 (VIOLATED)
_19379_/S                               0.750000    3.366517   -2.616517 (VIOLATED)
_19382_/S                               0.750000    3.366518   -2.616518 (VIOLATED)
_19391_/S                               0.750000    3.366517   -2.616517 (VIOLATED)
_19397_/S                               0.750000    3.366517   -2.616517 (VIOLATED)
_19385_/S                               0.750000    3.366513   -2.616513 (VIOLATED)
_13259_/S                               0.750000    3.366510   -2.616510 (VIOLATED)
_19372_/A                               0.750000    3.366506   -2.616506 (VIOLATED)
_19495_/B1                              0.750000    3.366506   -2.616506 (VIOLATED)
_19529_/A1                              0.750000    3.366506   -2.616506 (VIOLATED)
_19533_/A1                              0.750000    3.366506   -2.616506 (VIOLATED)
_13258_/S                               0.750000    3.366502   -2.616502 (VIOLATED)
_19482_/A                               0.750000    3.366503   -2.616503 (VIOLATED)
_19547_/A1                              0.750000    3.366506   -2.616506 (VIOLATED)
_19667_/A1                              0.750000    3.366506   -2.616506 (VIOLATED)
_19523_/A2                              0.750000    3.366498   -2.616498 (VIOLATED)
_19788_/A2                              0.750000    3.366492   -2.616493 (VIOLATED)
_12307_/Y                               0.750000    3.366482   -2.616482 (VIOLATED)
_12310_/B1                              0.750000    3.366482   -2.616482 (VIOLATED)
_19364_/B1                              0.750000    3.366482   -2.616482 (VIOLATED)
_19368_/S                               0.750000    3.366482   -2.616482 (VIOLATED)
_16850_/S                               0.750000    2.994402   -2.244402 (VIOLATED)
_16863_/S                               0.750000    2.994398   -2.244398 (VIOLATED)
_16864_/S                               0.750000    2.994400   -2.244399 (VIOLATED)
_16861_/S                               0.750000    2.994386   -2.244386 (VIOLATED)
_16838_/S                               0.750000    2.994379   -2.244380 (VIOLATED)
_16865_/S                               0.750000    2.994378   -2.244378 (VIOLATED)
_16852_/S                               0.750000    2.994359   -2.244359 (VIOLATED)
_16866_/S                               0.750000    2.994353   -2.244353 (VIOLATED)
_16836_/S                               0.750000    2.994336   -2.244336 (VIOLATED)
_16844_/S                               0.750000    2.994335   -2.244335 (VIOLATED)
_16837_/S                               0.750000    2.994328   -2.244328 (VIOLATED)
_16847_/S                               0.750000    2.994323   -2.244323 (VIOLATED)
_16846_/S                               0.750000    2.994319   -2.244319 (VIOLATED)
_16849_/S                               0.750000    2.994315   -2.244315 (VIOLATED)
_16843_/S                               0.750000    2.994307   -2.244308 (VIOLATED)
_16851_/S                               0.750000    2.994293   -2.244293 (VIOLATED)
_16859_/S                               0.750000    2.994294   -2.244294 (VIOLATED)
_16842_/S                               0.750000    2.994289   -2.244289 (VIOLATED)
_16858_/S                               0.750000    2.994287   -2.244287 (VIOLATED)
_16860_/S                               0.750000    2.994283   -2.244283 (VIOLATED)
_16839_/S                               0.750000    2.994281   -2.244280 (VIOLATED)
_16848_/S                               0.750000    2.994277   -2.244278 (VIOLATED)
_16853_/S                               0.750000    2.994278   -2.244279 (VIOLATED)
_16855_/S                               0.750000    2.994279   -2.244279 (VIOLATED)
_16862_/S                               0.750000    2.994274   -2.244275 (VIOLATED)
_16854_/S                               0.750000    2.994271   -2.244271 (VIOLATED)
_16857_/S                               0.750000    2.994269   -2.244269 (VIOLATED)
_16841_/S                               0.750000    2.994262   -2.244262 (VIOLATED)
_16867_/S                               0.750000    2.994262   -2.244262 (VIOLATED)
_16840_/S                               0.750000    2.994256   -2.244256 (VIOLATED)
_16856_/S                               0.750000    2.994248   -2.244248 (VIOLATED)
_16845_/S                               0.750000    2.994244   -2.244244 (VIOLATED)
_16835_/Y                               0.750000    2.994240   -2.244240 (VIOLATED)
_16881_/S                               0.750000    2.963979   -2.213979 (VIOLATED)
_16883_/S                               0.750000    2.963969   -2.213969 (VIOLATED)
_16877_/S                               0.750000    2.963961   -2.213961 (VIOLATED)
_16884_/S                               0.750000    2.963961   -2.213961 (VIOLATED)
_16880_/S                               0.750000    2.963959   -2.213959 (VIOLATED)
_16893_/S                               0.750000    2.963954   -2.213954 (VIOLATED)
_16892_/S                               0.750000    2.963951   -2.213951 (VIOLATED)
_16885_/S                               0.750000    2.963939   -2.213939 (VIOLATED)
_16897_/S                               0.750000    2.963934   -2.213934 (VIOLATED)
_16898_/S                               0.750000    2.963935   -2.213935 (VIOLATED)
_16895_/S                               0.750000    2.963929   -2.213929 (VIOLATED)
_16872_/S                               0.750000    2.963925   -2.213925 (VIOLATED)
_16899_/S                               0.750000    2.963924   -2.213924 (VIOLATED)
_16886_/S                               0.750000    2.963911   -2.213911 (VIOLATED)
_16900_/S                               0.750000    2.963906   -2.213907 (VIOLATED)
_16889_/S                               0.750000    2.963899   -2.213899 (VIOLATED)
_16882_/S                               0.750000    2.963897   -2.213897 (VIOLATED)
_16887_/S                               0.750000    2.963898   -2.213898 (VIOLATED)
_16870_/S                               0.750000    2.963894   -2.213894 (VIOLATED)
_16878_/S                               0.750000    2.963894   -2.213894 (VIOLATED)
_16896_/S                               0.750000    2.963892   -2.213892 (VIOLATED)
_16871_/S                               0.750000    2.963889   -2.213889 (VIOLATED)
_16888_/S                               0.750000    2.963891   -2.213891 (VIOLATED)
_16901_/S                               0.750000    2.963875   -2.213875 (VIOLATED)
_16876_/S                               0.750000    2.963854   -2.213854 (VIOLATED)
_16873_/S                               0.750000    2.963851   -2.213851 (VIOLATED)
_16894_/S                               0.750000    2.963852   -2.213852 (VIOLATED)
_16891_/S                               0.750000    2.963847   -2.213847 (VIOLATED)
_16874_/S                               0.750000    2.963843   -2.213842 (VIOLATED)
_16875_/S                               0.750000    2.963844   -2.213843 (VIOLATED)
_16890_/S                               0.750000    2.963838   -2.213838 (VIOLATED)
_16869_/Y                               0.750000    2.963826   -2.213826 (VIOLATED)
_16879_/S                               0.750000    2.963826   -2.213826 (VIOLATED)
_10069_/S1                              0.750000    2.928297   -2.178297 (VIOLATED)
_10071_/S1                              0.750000    2.928296   -2.178296 (VIOLATED)
_10212_/A1                              0.750000    2.928276   -2.178276 (VIOLATED)
_10214_/A                               0.750000    2.928277   -2.178277 (VIOLATED)
_10207_/C_N                             0.750000    2.928273   -2.178273 (VIOLATED)
_10208_/A                               0.750000    2.928272   -2.178273 (VIOLATED)
_09839_/A                               0.750000    2.928251   -2.178251 (VIOLATED)
_10194_/A                               0.750000    2.928246   -2.178246 (VIOLATED)
_10064_/A                               0.750000    2.928204   -2.178204 (VIOLATED)
_11789_/A1                              0.750000    2.928101   -2.178101 (VIOLATED)
_11717_/S1                              0.750000    2.928041   -2.178041 (VIOLATED)
_11719_/S1                              0.750000    2.928017   -2.178017 (VIOLATED)
_10981_/S1                              0.750000    2.927943   -2.177943 (VIOLATED)
_10983_/S1                              0.750000    2.927941   -2.177942 (VIOLATED)
_11721_/A1                              0.750000    2.927932   -2.177932 (VIOLATED)
_11722_/C                               0.750000    2.927928   -2.177928 (VIOLATED)
_11146_/A1                              0.750000    2.927825   -2.177825 (VIOLATED)
_11462_/C                               0.750000    2.927759   -2.177759 (VIOLATED)
_11713_/S1                              0.750000    2.927759   -2.177759 (VIOLATED)
_10048_/A                               0.750000    2.927753   -2.177753 (VIOLATED)
_11591_/B2                              0.750000    2.927743   -2.177743 (VIOLATED)
_10049_/A                               0.750000    2.927725   -2.177725 (VIOLATED)
_11214_/C                               0.750000    2.927724   -2.177724 (VIOLATED)
_11215_/C                               0.750000    2.927724   -2.177724 (VIOLATED)
_11459_/A                               0.750000    2.927724   -2.177724 (VIOLATED)
_11213_/A                               0.750000    2.927720   -2.177720 (VIOLATED)
_11216_/A                               0.750000    2.927720   -2.177719 (VIOLATED)
_11083_/C                               0.750000    2.927703   -2.177703 (VIOLATED)
_11084_/C_N                             0.750000    2.927704   -2.177704 (VIOLATED)
_11085_/C                               0.750000    2.927699   -2.177699 (VIOLATED)
_11086_/C_N                             0.750000    2.927699   -2.177699 (VIOLATED)
_10053_/A_N                             0.750000    2.927686   -2.177686 (VIOLATED)
_11842_/A                               0.750000    2.927683   -2.177683 (VIOLATED)
_11843_/C_N                             0.750000    2.927684   -2.177683 (VIOLATED)
_11847_/A1                              0.750000    2.927682   -2.177682 (VIOLATED)
_11849_/A                               0.750000    2.927682   -2.177682 (VIOLATED)
_10047_/A                               0.750000    2.927676   -2.177676 (VIOLATED)
_10050_/A                               0.750000    2.927668   -2.177668 (VIOLATED)
_11209_/S1                              0.750000    2.927665   -2.177665 (VIOLATED)
_11210_/S1                              0.750000    2.927661   -2.177661 (VIOLATED)
_11649_/A                               0.750000    2.927594   -2.177594 (VIOLATED)
_10247_/S1                              0.750000    2.927583   -2.177583 (VIOLATED)
_11167_/A                               0.750000    2.927566   -2.177566 (VIOLATED)
_11654_/S1                              0.750000    2.927562   -2.177563 (VIOLATED)
_11163_/A                               0.750000    2.927557   -2.177557 (VIOLATED)
_11161_/C_N                             0.750000    2.927541   -2.177541 (VIOLATED)
_10322_/A1                              0.750000    2.927538   -2.177538 (VIOLATED)
_10325_/C_N                             0.750000    2.927539   -2.177539 (VIOLATED)
_10326_/C                               0.750000    2.927539   -2.177539 (VIOLATED)
_10851_/A                               0.750000    2.927526   -2.177526 (VIOLATED)
_10848_/A                               0.750000    2.927523   -2.177523 (VIOLATED)
_10855_/A                               0.750000    2.927518   -2.177518 (VIOLATED)
_10858_/A                               0.750000    2.927519   -2.177519 (VIOLATED)
_11160_/C_N                             0.750000    2.927517   -2.177517 (VIOLATED)
_11648_/S1                              0.750000    2.927513   -2.177513 (VIOLATED)
_10865_/A1                              0.750000    2.927509   -2.177508 (VIOLATED)
_11402_/B2                              0.750000    2.927448   -2.177448 (VIOLATED)
_11103_/B2                              0.750000    2.927440   -2.177440 (VIOLATED)
_11947_/S1                              0.750000    2.927428   -2.177428 (VIOLATED)
_10265_/A1                              0.750000    2.927426   -2.177426 (VIOLATED)
_11548_/A                               0.750000    2.927423   -2.177423 (VIOLATED)
_11552_/C                               0.750000    2.927423   -2.177423 (VIOLATED)
_11547_/A1                              0.750000    2.927419   -2.177419 (VIOLATED)
_11553_/A                               0.750000    2.927417   -2.177417 (VIOLATED)
_11031_/S1                              0.750000    2.927384   -2.177384 (VIOLATED)
_11023_/S1                              0.750000    2.927376   -2.177376 (VIOLATED)
_11024_/A                               0.750000    2.927374   -2.177374 (VIOLATED)
_10485_/S1                              0.750000    2.927359   -2.177359 (VIOLATED)
_11042_/A                               0.750000    2.927359   -2.177359 (VIOLATED)
_11043_/C_N                             0.750000    2.927359   -2.177359 (VIOLATED)
_11046_/A1                              0.750000    2.927355   -2.177355 (VIOLATED)
_11048_/A                               0.750000    2.927355   -2.177355 (VIOLATED)
_11081_/A1                              0.750000    2.927356   -2.177356 (VIOLATED)
_11661_/A1                              0.750000    2.927347   -2.177347 (VIOLATED)
_11952_/S1                              0.750000    2.927332   -2.177332 (VIOLATED)
_11953_/S1                              0.750000    2.927328   -2.177328 (VIOLATED)
_10476_/A                               0.750000    2.927325   -2.177325 (VIOLATED)
_10475_/C                               0.750000    2.927316   -2.177316 (VIOLATED)
_10425_/S1                              0.750000    2.927293   -2.177293 (VIOLATED)
_10546_/C_N                             0.750000    2.927242   -2.177243 (VIOLATED)
_10547_/C_N                             0.750000    2.927242   -2.177243 (VIOLATED)
_10549_/A                               0.750000    2.927241   -2.177241 (VIOLATED)
_10553_/A                               0.750000    2.927240   -2.177240 (VIOLATED)
_10420_/S1                              0.750000    2.927199   -2.177199 (VIOLATED)
_11483_/A1                              0.750000    2.927147   -2.177147 (VIOLATED)
_10545_/A1                              0.750000    2.927132   -2.177132 (VIOLATED)
_11484_/A                               0.750000    2.927117   -2.177117 (VIOLATED)
_11280_/A                               0.750000    2.926953   -2.176953 (VIOLATED)
_11277_/C                               0.750000    2.926935   -2.176935 (VIOLATED)
_11279_/C                               0.750000    2.926934   -2.176934 (VIOLATED)
_11278_/A                               0.750000    2.926930   -2.176930 (VIOLATED)
_10498_/C1                              0.750000    2.926906   -2.176906 (VIOLATED)
_10433_/B2                              0.750000    2.926876   -2.176876 (VIOLATED)
_11288_/S1                              0.750000    2.926779   -2.176779 (VIOLATED)
_11289_/S1                              0.750000    2.926779   -2.176779 (VIOLATED)
_11301_/C1                              0.750000    2.926716   -2.176716 (VIOLATED)
_11539_/B2                              0.750000    2.926430   -2.176430 (VIOLATED)
_10592_/C_N                             0.750000    2.926285   -2.176286 (VIOLATED)
_10593_/C                               0.750000    2.926243   -2.176243 (VIOLATED)
_10051_/B                               0.750000    2.925997   -2.175997 (VIOLATED)
_10674_/A                               0.750000    2.925990   -2.175990 (VIOLATED)
_10678_/A1                              0.750000    2.925992   -2.175992 (VIOLATED)
_10679_/A                               0.750000    2.925990   -2.175990 (VIOLATED)
_10673_/C                               0.750000    2.925986   -2.175986 (VIOLATED)
_10052_/B                               0.750000    2.925977   -2.175977 (VIOLATED)
_10054_/A_N                             0.750000    2.925977   -2.175977 (VIOLATED)
_10905_/S1                              0.750000    2.925976   -2.175976 (VIOLATED)
_10908_/S1                              0.750000    2.925976   -2.175976 (VIOLATED)
_10796_/S1                              0.750000    2.925967   -2.175967 (VIOLATED)
_10907_/S1                              0.750000    2.925968   -2.175968 (VIOLATED)
_10903_/S1                              0.750000    2.925963   -2.175963 (VIOLATED)
_10793_/A                               0.750000    2.925955   -2.175955 (VIOLATED)
_10786_/A1                              0.750000    2.925943   -2.175943 (VIOLATED)
_10785_/A_N                             0.750000    2.925940   -2.175940 (VIOLATED)
_10716_/S1                              0.750000    2.925929   -2.175929 (VIOLATED)
_10717_/S1                              0.750000    2.925929   -2.175929 (VIOLATED)
_10719_/C                               0.750000    2.925921   -2.175921 (VIOLATED)
_10720_/A                               0.750000    2.925915   -2.175915 (VIOLATED)
_10731_/A1                              0.750000    2.925899   -2.175899 (VIOLATED)
_10920_/C1                              0.750000    2.925757   -2.175756 (VIOLATED)
_18344_/B2                              0.750000    2.925709   -2.175709 (VIOLATED)
_10688_/A                               0.750000    2.925685   -2.175685 (VIOLATED)
_11363_/C1                              0.750000    2.925632   -2.175632 (VIOLATED)
_11342_/S1                              0.750000    2.925587   -2.175587 (VIOLATED)
_11341_/S1                              0.750000    2.925585   -2.175585 (VIOLATED)
_10371_/S1                              0.750000    2.925562   -2.175562 (VIOLATED)
_10373_/S1                              0.750000    2.925562   -2.175562 (VIOLATED)
_10385_/C1                              0.750000    2.925556   -2.175556 (VIOLATED)
_10369_/S1                              0.750000    2.925537   -2.175537 (VIOLATED)
_10368_/S1                              0.750000    2.925528   -2.175527 (VIOLATED)
_11345_/A                               0.750000    2.925521   -2.175521 (VIOLATED)
_11346_/C                               0.750000    2.925503   -2.175503 (VIOLATED)
_16711_/S                               0.750000    2.924297   -2.174297 (VIOLATED)
_16713_/S                               0.750000    2.924296   -2.174296 (VIOLATED)
_16714_/S                               0.750000    2.924296   -2.174296 (VIOLATED)
_16707_/S                               0.750000    2.924292   -2.174292 (VIOLATED)
_16715_/S                               0.750000    2.924288   -2.174288 (VIOLATED)
_16710_/S                               0.750000    2.924285   -2.174285 (VIOLATED)
_16723_/S                               0.750000    2.924278   -2.174278 (VIOLATED)
_16706_/S                               0.750000    2.924275   -2.174275 (VIOLATED)
_16716_/S                               0.750000    2.924263   -2.174263 (VIOLATED)
_16725_/S                               0.750000    2.924258   -2.174258 (VIOLATED)
_16727_/S                               0.750000    2.924259   -2.174259 (VIOLATED)
_16728_/S                               0.750000    2.924261   -2.174261 (VIOLATED)
_16729_/S                               0.750000    2.924253   -2.174253 (VIOLATED)
_16702_/S                               0.750000    2.924239   -2.174239 (VIOLATED)
_16700_/S                               0.750000    2.924222   -2.174222 (VIOLATED)
_16730_/S                               0.750000    2.924223   -2.174223 (VIOLATED)
_16708_/S                               0.750000    2.924213   -2.174213 (VIOLATED)
_16724_/S                               0.750000    2.924206   -2.174207 (VIOLATED)
_16701_/S                               0.750000    2.924199   -2.174199 (VIOLATED)
_16721_/S                               0.750000    2.924163   -2.174164 (VIOLATED)
_16703_/S                               0.750000    2.924161   -2.174161 (VIOLATED)
_16717_/S                               0.750000    2.924153   -2.174153 (VIOLATED)
_16719_/S                               0.750000    2.924153   -2.174152 (VIOLATED)
_16705_/S                               0.750000    2.924150   -2.174150 (VIOLATED)
_16712_/S                               0.750000    2.924149   -2.174149 (VIOLATED)
_16718_/S                               0.750000    2.924150   -2.174150 (VIOLATED)
_16722_/S                               0.750000    2.924151   -2.174151 (VIOLATED)
_16726_/S                               0.750000    2.924147   -2.174148 (VIOLATED)
_16731_/S                               0.750000    2.924146   -2.174146 (VIOLATED)
_16709_/S                               0.750000    2.924143   -2.174143 (VIOLATED)
_16704_/S                               0.750000    2.924136   -2.174136 (VIOLATED)
_16699_/Y                               0.750000    2.924124   -2.174124 (VIOLATED)
_16720_/S                               0.750000    2.924124   -2.174124 (VIOLATED)
_19594_/A1                              0.750000    2.922510   -2.172510 (VIOLATED)
_21620_/Q                               0.750000    2.922510   -2.172510 (VIOLATED)
_16779_/S                               0.750000    2.863312   -2.113311 (VIOLATED)
_16782_/S                               0.750000    2.863311   -2.113311 (VIOLATED)
_16796_/S                               0.750000    2.863307   -2.113307 (VIOLATED)
_16795_/S                               0.750000    2.863301   -2.113301 (VIOLATED)
_16793_/S                               0.750000    2.863296   -2.113296 (VIOLATED)
_16797_/S                               0.750000    2.863286   -2.113286 (VIOLATED)
_16770_/S                               0.750000    2.863263   -2.113263 (VIOLATED)
_16781_/S                               0.750000    2.863250   -2.113250 (VIOLATED)
_16775_/S                               0.750000    2.863248   -2.113248 (VIOLATED)
_16783_/S                               0.750000    2.863241   -2.113242 (VIOLATED)
_16768_/S                               0.750000    2.863233   -2.113233 (VIOLATED)
_16774_/S                               0.750000    2.863234   -2.113235 (VIOLATED)
_16791_/S                               0.750000    2.863229   -2.113229 (VIOLATED)
_16776_/S                               0.750000    2.863221   -2.113222 (VIOLATED)
_16778_/S                               0.750000    2.863223   -2.113223 (VIOLATED)
_16784_/S                               0.750000    2.863212   -2.113212 (VIOLATED)
_16769_/S                               0.750000    2.863200   -2.113200 (VIOLATED)
_16798_/S                               0.750000    2.863186   -2.113186 (VIOLATED)
_16792_/S                               0.750000    2.863167   -2.113167 (VIOLATED)
_16789_/S                               0.750000    2.863154   -2.113154 (VIOLATED)
_16771_/S                               0.750000    2.863138   -2.113138 (VIOLATED)
_16785_/S                               0.750000    2.863134   -2.113135 (VIOLATED)
_16787_/S                               0.750000    2.863134   -2.113134 (VIOLATED)
_16773_/S                               0.750000    2.863131   -2.113131 (VIOLATED)
_16780_/S                               0.750000    2.863131   -2.113131 (VIOLATED)
_16786_/S                               0.750000    2.863132   -2.113132 (VIOLATED)
_16790_/S                               0.750000    2.863133   -2.113133 (VIOLATED)
_16777_/S                               0.750000    2.863128   -2.113128 (VIOLATED)
_16794_/S                               0.750000    2.863130   -2.113130 (VIOLATED)
_16799_/S                               0.750000    2.863127   -2.113127 (VIOLATED)
_16772_/S                               0.750000    2.863121   -2.113120 (VIOLATED)
_16767_/Y                               0.750000    2.863108   -2.113108 (VIOLATED)
_16788_/S                               0.750000    2.863108   -2.113108 (VIOLATED)
_16745_/S                               0.750000    2.775700   -2.025700 (VIOLATED)
_16748_/S                               0.750000    2.775700   -2.025701 (VIOLATED)
_16762_/S                               0.750000    2.775695   -2.025695 (VIOLATED)
_16761_/S                               0.750000    2.775689   -2.025689 (VIOLATED)
_16759_/S                               0.750000    2.775685   -2.025685 (VIOLATED)
_16763_/S                               0.750000    2.775676   -2.025676 (VIOLATED)
_16736_/S                               0.750000    2.775653   -2.025653 (VIOLATED)
_16734_/S                               0.750000    2.775626   -2.025626 (VIOLATED)
_16744_/S                               0.750000    2.775628   -2.025628 (VIOLATED)
_16747_/S                               0.750000    2.775625   -2.025625 (VIOLATED)
_16741_/S                               0.750000    2.775620   -2.025620 (VIOLATED)
_16749_/S                               0.750000    2.775611   -2.025611 (VIOLATED)
_16742_/S                               0.750000    2.775605   -2.025605 (VIOLATED)
_16756_/S                               0.750000    2.775598   -2.025599 (VIOLATED)
_16735_/S                               0.750000    2.775595   -2.025595 (VIOLATED)
_16751_/S                               0.750000    2.775577   -2.025577 (VIOLATED)
_16753_/S                               0.750000    2.775577   -2.025577 (VIOLATED)
_16746_/S                               0.750000    2.775574   -2.025574 (VIOLATED)
_16760_/S                               0.750000    2.775566   -2.025566 (VIOLATED)
_16739_/S                               0.750000    2.775556   -2.025556 (VIOLATED)
_16752_/S                               0.750000    2.775557   -2.025557 (VIOLATED)
_16740_/S                               0.750000    2.775553   -2.025553 (VIOLATED)
_16757_/S                               0.750000    2.775553   -2.025553 (VIOLATED)
_16750_/S                               0.750000    2.775551   -2.025550 (VIOLATED)
_16765_/S                               0.750000    2.775551   -2.025551 (VIOLATED)
_16755_/S                               0.750000    2.775543   -2.025543 (VIOLATED)
_16764_/S                               0.750000    2.775545   -2.025545 (VIOLATED)
_16758_/S                               0.750000    2.775541   -2.025541 (VIOLATED)
_16738_/S                               0.750000    2.775538   -2.025538 (VIOLATED)
_16737_/S                               0.750000    2.775530   -2.025530 (VIOLATED)
_16743_/S                               0.750000    2.775527   -2.025527 (VIOLATED)
_16754_/S                               0.750000    2.775519   -2.025519 (VIOLATED)
_16733_/Y                               0.750000    2.775514   -2.025514 (VIOLATED)
_16541_/S                               0.750000    2.757373   -2.007373 (VIOLATED)
_16544_/S                               0.750000    2.757371   -2.007371 (VIOLATED)
_16558_/S                               0.750000    2.757365   -2.007365 (VIOLATED)
_16543_/S                               0.750000    2.757355   -2.007355 (VIOLATED)
_16540_/S                               0.750000    2.757351   -2.007351 (VIOLATED)
_16559_/S                               0.750000    2.757346   -2.007346 (VIOLATED)
_16555_/S                               0.750000    2.757343   -2.007343 (VIOLATED)
_16557_/S                               0.750000    2.757342   -2.007341 (VIOLATED)
_16546_/S                               0.750000    2.757323   -2.007323 (VIOLATED)
_16560_/S                               0.750000    2.757263   -2.007263 (VIOLATED)
_16537_/S                               0.750000    2.757226   -2.007226 (VIOLATED)
_16545_/S                               0.750000    2.757226   -2.007226 (VIOLATED)
_16552_/S                               0.750000    2.757227   -2.007227 (VIOLATED)
_16554_/S                               0.750000    2.757225   -2.007225 (VIOLATED)
_16553_/S                               0.750000    2.757219   -2.007219 (VIOLATED)
_16536_/S                               0.750000    2.757208   -2.007208 (VIOLATED)
_16530_/S                               0.750000    2.757168   -2.007168 (VIOLATED)
_16532_/S                               0.750000    2.757169   -2.007169 (VIOLATED)
_16538_/S                               0.750000    2.757164   -2.007164 (VIOLATED)
_16531_/S                               0.750000    2.757153   -2.007153 (VIOLATED)
_16533_/S                               0.750000    2.757145   -2.007145 (VIOLATED)
_16551_/S                               0.750000    2.757136   -2.007136 (VIOLATED)
_16542_/S                               0.750000    2.757112   -2.007112 (VIOLATED)
_16547_/S                               0.750000    2.757111   -2.007111 (VIOLATED)
_16549_/S                               0.750000    2.757109   -2.007109 (VIOLATED)
_16556_/S                               0.750000    2.757107   -2.007107 (VIOLATED)
_16535_/S                               0.750000    2.757103   -2.007103 (VIOLATED)
_16548_/S                               0.750000    2.757104   -2.007104 (VIOLATED)
_16561_/S                               0.750000    2.757098   -2.007098 (VIOLATED)
_16539_/S                               0.750000    2.757093   -2.007093 (VIOLATED)
_16534_/S                               0.750000    2.757082   -2.007082 (VIOLATED)
_16550_/S                               0.750000    2.757071   -2.007071 (VIOLATED)
_16529_/Y                               0.750000    2.757046   -2.007047 (VIOLATED)
_16643_/S                               0.750000    2.732464   -1.982464 (VIOLATED)
_16646_/S                               0.750000    2.732462   -1.982462 (VIOLATED)
_16660_/S                               0.750000    2.732457   -1.982457 (VIOLATED)
_16645_/S                               0.750000    2.732447   -1.982447 (VIOLATED)
_16642_/S                               0.750000    2.732443   -1.982443 (VIOLATED)
_16657_/S                               0.750000    2.732426   -1.982426 (VIOLATED)
_16659_/S                               0.750000    2.732426   -1.982426 (VIOLATED)
_16648_/S                               0.750000    2.732417   -1.982417 (VIOLATED)
_16661_/S                               0.750000    2.732393   -1.982393 (VIOLATED)
_16654_/S                               0.750000    2.732386   -1.982386 (VIOLATED)
_16639_/S                               0.750000    2.732384   -1.982384 (VIOLATED)
_16647_/S                               0.750000    2.732384   -1.982385 (VIOLATED)
_16655_/S                               0.750000    2.732374   -1.982374 (VIOLATED)
_16638_/S                               0.750000    2.732367   -1.982367 (VIOLATED)
_16662_/S                               0.750000    2.732362   -1.982362 (VIOLATED)
_16656_/S                               0.750000    2.732321   -1.982321 (VIOLATED)
_16632_/S                               0.750000    2.732251   -1.982251 (VIOLATED)
_16634_/S                               0.750000    2.732252   -1.982252 (VIOLATED)
_16640_/S                               0.750000    2.732246   -1.982246 (VIOLATED)
_16633_/S                               0.750000    2.732241   -1.982241 (VIOLATED)
_16635_/S                               0.750000    2.732239   -1.982239 (VIOLATED)
_16653_/S                               0.750000    2.732223   -1.982223 (VIOLATED)
_16641_/S                               0.750000    2.732199   -1.982199 (VIOLATED)
_16644_/S                               0.750000    2.732197   -1.982197 (VIOLATED)
_16649_/S                               0.750000    2.732196   -1.982196 (VIOLATED)
_16651_/S                               0.750000    2.732196   -1.982196 (VIOLATED)
_16650_/S                               0.750000    2.732193   -1.982193 (VIOLATED)
_16658_/S                               0.750000    2.732195   -1.982195 (VIOLATED)
_16637_/S                               0.750000    2.732191   -1.982190 (VIOLATED)
_16663_/S                               0.750000    2.732192   -1.982192 (VIOLATED)
_16636_/S                               0.750000    2.732184   -1.982184 (VIOLATED)
_16631_/Y                               0.750000    2.732178   -1.982178 (VIOLATED)
_16652_/S                               0.750000    2.732178   -1.982178 (VIOLATED)
_16609_/S                               0.750000    2.716701   -1.966701 (VIOLATED)
_16612_/S                               0.750000    2.716699   -1.966699 (VIOLATED)
_16626_/S                               0.750000    2.716694   -1.966694 (VIOLATED)
_16611_/S                               0.750000    2.716682   -1.966682 (VIOLATED)
_16608_/S                               0.750000    2.716676   -1.966676 (VIOLATED)
_16614_/S                               0.750000    2.716650   -1.966650 (VIOLATED)
_16623_/S                               0.750000    2.716646   -1.966646 (VIOLATED)
_16625_/S                               0.750000    2.716646   -1.966646 (VIOLATED)
_16627_/S                               0.750000    2.716642   -1.966642 (VIOLATED)
_16628_/S                               0.750000    2.716604   -1.966604 (VIOLATED)
_16605_/S                               0.750000    2.716572   -1.966572 (VIOLATED)
_16613_/S                               0.750000    2.716573   -1.966573 (VIOLATED)
_16620_/S                               0.750000    2.716574   -1.966574 (VIOLATED)
_16622_/S                               0.750000    2.716571   -1.966570 (VIOLATED)
_16621_/S                               0.750000    2.716564   -1.966564 (VIOLATED)
_16604_/S                               0.750000    2.716556   -1.966556 (VIOLATED)
_16598_/S                               0.750000    2.716515   -1.966515 (VIOLATED)
_16600_/S                               0.750000    2.716516   -1.966516 (VIOLATED)
_16606_/S                               0.750000    2.716512   -1.966512 (VIOLATED)
_16599_/S                               0.750000    2.716504   -1.966504 (VIOLATED)
_16601_/S                               0.750000    2.716498   -1.966499 (VIOLATED)
_16619_/S                               0.750000    2.716488   -1.966488 (VIOLATED)
_16610_/S                               0.750000    2.716463   -1.966463 (VIOLATED)
_16607_/S                               0.750000    2.716461   -1.966461 (VIOLATED)
_16615_/S                               0.750000    2.716462   -1.966463 (VIOLATED)
_16617_/S                               0.750000    2.716462   -1.966462 (VIOLATED)
_16624_/S                               0.750000    2.716460   -1.966460 (VIOLATED)
_16616_/S                               0.750000    2.716457   -1.966457 (VIOLATED)
_16603_/S                               0.750000    2.716455   -1.966455 (VIOLATED)
_16629_/S                               0.750000    2.716452   -1.966452 (VIOLATED)
_16602_/S                               0.750000    2.716444   -1.966444 (VIOLATED)
_16618_/S                               0.750000    2.716438   -1.966438 (VIOLATED)
_16597_/Y                               0.750000    2.716428   -1.966428 (VIOLATED)
_16575_/S                               0.750000    2.699434   -1.949434 (VIOLATED)
_16578_/S                               0.750000    2.699434   -1.949434 (VIOLATED)
_16592_/S                               0.750000    2.699426   -1.949426 (VIOLATED)
_16577_/S                               0.750000    2.699416   -1.949416 (VIOLATED)
_16574_/S                               0.750000    2.699413   -1.949413 (VIOLATED)
_16593_/S                               0.750000    2.699407   -1.949407 (VIOLATED)
_16589_/S                               0.750000    2.699404   -1.949404 (VIOLATED)
_16591_/S                               0.750000    2.699403   -1.949403 (VIOLATED)
_16580_/S                               0.750000    2.699386   -1.949386 (VIOLATED)
_16571_/S                               0.750000    2.699349   -1.949350 (VIOLATED)
_16579_/S                               0.750000    2.699349   -1.949350 (VIOLATED)
_16586_/S                               0.750000    2.699351   -1.949351 (VIOLATED)
_16587_/S                               0.750000    2.699342   -1.949342 (VIOLATED)
_16570_/S                               0.750000    2.699331   -1.949331 (VIOLATED)
_16594_/S                               0.750000    2.699328   -1.949328 (VIOLATED)
_16588_/S                               0.750000    2.699284   -1.949284 (VIOLATED)
_16564_/S                               0.750000    2.699219   -1.949219 (VIOLATED)
_16566_/S                               0.750000    2.699219   -1.949219 (VIOLATED)
_16572_/S                               0.750000    2.699213   -1.949213 (VIOLATED)
_16565_/S                               0.750000    2.699207   -1.949207 (VIOLATED)
_16567_/S                               0.750000    2.699199   -1.949199 (VIOLATED)
_16585_/S                               0.750000    2.699187   -1.949187 (VIOLATED)
_16573_/S                               0.750000    2.699157   -1.949157 (VIOLATED)
_16576_/S                               0.750000    2.699145   -1.949145 (VIOLATED)
_16581_/S                               0.750000    2.699145   -1.949145 (VIOLATED)
_16583_/S                               0.750000    2.699145   -1.949144 (VIOLATED)
_16569_/S                               0.750000    2.699142   -1.949142 (VIOLATED)
_16582_/S                               0.750000    2.699142   -1.949142 (VIOLATED)
_16590_/S                               0.750000    2.699144   -1.949144 (VIOLATED)
_16595_/S                               0.750000    2.699140   -1.949140 (VIOLATED)
_16568_/S                               0.750000    2.699134   -1.949134 (VIOLATED)
_16563_/Y                               0.750000    2.699130   -1.949130 (VIOLATED)
_16584_/S                               0.750000    2.699130   -1.949130 (VIOLATED)
_15889_/B1                              0.750000    2.419905   -1.669905 (VIOLATED)
_16073_/B1                              0.750000    2.419905   -1.669905 (VIOLATED)
_16255_/A                               0.750000    2.419905   -1.669905 (VIOLATED)
_13442_/Y                               0.750000    2.419902   -1.669902 (VIOLATED)
_13461_/A                               0.750000    2.419902   -1.669902 (VIOLATED)
_13464_/A2                              0.750000    2.419902   -1.669902 (VIOLATED)
_13538_/A                               0.750000    2.419902   -1.669902 (VIOLATED)
_13539_/A2                              0.750000    2.419902   -1.669902 (VIOLATED)
_13602_/A                               0.750000    2.419902   -1.669902 (VIOLATED)
_13603_/A2                              0.750000    2.419902   -1.669902 (VIOLATED)
_13667_/A                               0.750000    2.419902   -1.669902 (VIOLATED)
_13668_/A2                              0.750000    2.419902   -1.669902 (VIOLATED)
_13706_/A                               0.750000    2.419902   -1.669902 (VIOLATED)
_13707_/A2                              0.750000    2.419902   -1.669902 (VIOLATED)
_13788_/A                               0.750000    2.419902   -1.669902 (VIOLATED)
_13789_/A2                              0.750000    2.419902   -1.669902 (VIOLATED)
_13866_/A                               0.750000    2.419902   -1.669902 (VIOLATED)
_13867_/A2                              0.750000    2.419902   -1.669902 (VIOLATED)
_13951_/A                               0.750000    2.419902   -1.669902 (VIOLATED)
_13952_/A2                              0.750000    2.419902   -1.669902 (VIOLATED)
_14026_/A                               0.750000    2.419902   -1.669902 (VIOLATED)
_14027_/A2                              0.750000    2.419902   -1.669902 (VIOLATED)
_14116_/A                               0.750000    2.419902   -1.669902 (VIOLATED)
_14117_/A2                              0.750000    2.419902   -1.669902 (VIOLATED)
_14207_/A                               0.750000    2.419902   -1.669902 (VIOLATED)
_14208_/A2                              0.750000    2.419902   -1.669902 (VIOLATED)
_14300_/A2                              0.750000    2.419902   -1.669902 (VIOLATED)
_14408_/B                               0.750000    2.419902   -1.669902 (VIOLATED)
_14409_/A1                              0.750000    2.419902   -1.669902 (VIOLATED)
_14513_/A                               0.750000    2.419902   -1.669902 (VIOLATED)
_14514_/A2                              0.750000    2.419902   -1.669902 (VIOLATED)
_14624_/A                               0.750000    2.419902   -1.669902 (VIOLATED)
_14625_/A2                              0.750000    2.419902   -1.669902 (VIOLATED)
_14744_/A2                              0.750000    2.419902   -1.669902 (VIOLATED)
_14745_/A1                              0.750000    2.419902   -1.669902 (VIOLATED)
_14983_/A1                              0.750000    2.419902   -1.669902 (VIOLATED)
_15504_/C1                              0.750000    2.419902   -1.669902 (VIOLATED)
_15976_/A1                              0.750000    2.419902   -1.669902 (VIOLATED)
_10256_/A1                              0.750000    2.349087   -1.599087 (VIOLATED)
_11096_/B2                              0.750000    2.349088   -1.599088 (VIOLATED)
_10246_/B                               0.750000    2.349082   -1.599082 (VIOLATED)
_11088_/A1                              0.750000    2.349082   -1.599082 (VIOLATED)
_11110_/A1                              0.750000    2.349058   -1.599058 (VIOLATED)
_11228_/A1                              0.750000    2.349049   -1.599049 (VIOLATED)
_10260_/A1                              0.750000    2.349045   -1.599045 (VIOLATED)
_10269_/A                               0.750000    2.349033   -1.599033 (VIOLATED)
_11423_/A1                              0.750000    2.349005   -1.599005 (VIOLATED)
_11416_/A1                              0.750000    2.348990   -1.598990 (VIOLATED)
_11029_/B1                              0.750000    2.348977   -1.598977 (VIOLATED)
_11650_/B1                              0.750000    2.348973   -1.598973 (VIOLATED)
_11655_/B1                              0.750000    2.348974   -1.598974 (VIOLATED)
_11233_/A                               0.750000    2.348971   -1.598971 (VIOLATED)
_11039_/A1                              0.750000    2.348966   -1.598966 (VIOLATED)
_11025_/B1                              0.750000    2.348963   -1.598963 (VIOLATED)
_10483_/B1                              0.750000    2.348962   -1.598962 (VIOLATED)
_11949_/B1                              0.750000    2.348956   -1.598956 (VIOLATED)
_11668_/A1                              0.750000    2.348945   -1.598945 (VIOLATED)
_11962_/A1                              0.750000    2.348940   -1.598940 (VIOLATED)
_10871_/A1                              0.750000    2.348930   -1.598930 (VIOLATED)
_11966_/B1                              0.750000    2.348927   -1.598927 (VIOLATED)
_10856_/B1                              0.750000    2.348904   -1.598904 (VIOLATED)
_10857_/A2                              0.750000    2.348904   -1.598904 (VIOLATED)
_10849_/B1                              0.750000    2.348899   -1.598899 (VIOLATED)
_10850_/A2                              0.750000    2.348897   -1.598897 (VIOLATED)
_11477_/B2                              0.750000    2.348876   -1.598876 (VIOLATED)
_10328_/A                               0.750000    2.348840   -1.598840 (VIOLATED)
_11480_/B1                              0.750000    2.348819   -1.598819 (VIOLATED)
_10974_/A1                              0.750000    2.348801   -1.598801 (VIOLATED)
_11471_/B2                              0.750000    2.348773   -1.598773 (VIOLATED)
_10986_/A                               0.750000    2.348771   -1.598771 (VIOLATED)
_10436_/A                               0.750000    2.348747   -1.598747 (VIOLATED)
_10418_/B1                              0.750000    2.348746   -1.598745 (VIOLATED)
_10423_/B1                              0.750000    2.348743   -1.598743 (VIOLATED)
_11159_/A1                              0.750000    2.348665   -1.598665 (VIOLATED)
_10139_/A1                              0.750000    2.348572   -1.598572 (VIOLATED)
_10147_/B2                              0.750000    2.348572   -1.598572 (VIOLATED)
_10135_/A1                              0.750000    2.348570   -1.598570 (VIOLATED)
_10154_/A                               0.750000    2.348566   -1.598566 (VIOLATED)
_10190_/A                               0.750000    2.348568   -1.598568 (VIOLATED)
_10202_/B2                              0.750000    2.348567   -1.598567 (VIOLATED)
_10320_/A1                              0.750000    2.348563   -1.598563 (VIOLATED)
_10056_/B1                              0.750000    2.348562   -1.598561 (VIOLATED)
_10059_/B1                              0.750000    2.348562   -1.598561 (VIOLATED)
_10062_/B1                              0.750000    2.348561   -1.598561 (VIOLATED)
_10066_/B1                              0.750000    2.348561   -1.598561 (VIOLATED)
_10078_/A1                              0.750000    2.348560   -1.598560 (VIOLATED)
_11773_/A1                              0.750000    2.348559   -1.598559 (VIOLATED)
_10313_/A                               0.750000    2.348556   -1.598556 (VIOLATED)
_11766_/A1                              0.750000    2.348553   -1.598553 (VIOLATED)
_11781_/B2                              0.750000    2.348536   -1.598535 (VIOLATED)
_11712_/B1                              0.750000    2.348499   -1.598499 (VIOLATED)
_11726_/A                               0.750000    2.348486   -1.598486 (VIOLATED)
_11608_/A                               0.750000    2.348440   -1.598440 (VIOLATED)
_11602_/A1                              0.750000    2.348347   -1.598347 (VIOLATED)
_10477_/B1                              0.750000    2.348213   -1.598213 (VIOLATED)
_10535_/B2                              0.750000    2.348212   -1.598212 (VIOLATED)
_10540_/B2                              0.750000    2.348211   -1.598211 (VIOLATED)
_10495_/A1                              0.750000    2.348202   -1.598202 (VIOLATED)
_10611_/A1                              0.750000    2.348197   -1.598197 (VIOLATED)
_11837_/B2                              0.750000    2.348198   -1.598198 (VIOLATED)
_10617_/B2                              0.750000    2.348192   -1.598192 (VIOLATED)
_11297_/A1                              0.750000    2.348191   -1.598191 (VIOLATED)
_10381_/A1                              0.750000    2.348182   -1.598182 (VIOLATED)
_10596_/B2                              0.750000    2.348174   -1.598174 (VIOLATED)
_10604_/A1                              0.750000    2.348170   -1.598170 (VIOLATED)
_11347_/B1                              0.750000    2.348161   -1.598161 (VIOLATED)
_11544_/A1                              0.750000    2.348162   -1.598162 (VIOLATED)
_11356_/B2                              0.750000    2.348158   -1.598158 (VIOLATED)
_11530_/A                               0.750000    2.348152   -1.598152 (VIOLATED)
_11825_/A1                              0.750000    2.348128   -1.598128 (VIOLATED)
_11900_/A                               0.750000    2.348124   -1.598124 (VIOLATED)
_11908_/B2                              0.750000    2.348122   -1.598122 (VIOLATED)
_11887_/A                               0.750000    2.348119   -1.598119 (VIOLATED)
_10658_/A1                              0.750000    2.348099   -1.598099 (VIOLATED)
_10671_/B2                              0.750000    2.348097   -1.598097 (VIOLATED)
_10663_/A1                              0.750000    2.348092   -1.598092 (VIOLATED)
_10054_/Y                               0.750000    2.348089   -1.598089 (VIOLATED)
_10725_/B1                              0.750000    2.348089   -1.598089 (VIOLATED)
_10737_/B2                              0.750000    2.348089   -1.598089 (VIOLATED)
_10774_/A                               0.750000    2.348089   -1.598089 (VIOLATED)
_10781_/A1                              0.750000    2.348089   -1.598089 (VIOLATED)
_10788_/A                               0.750000    2.348089   -1.598089 (VIOLATED)
_10916_/B2                              0.750000    2.348089   -1.598089 (VIOLATED)
_11285_/B1                              0.750000    2.278994   -1.528994 (VIOLATED)
_11290_/S                               0.750000    2.278992   -1.528992 (VIOLATED)
_10550_/B1                              0.750000    2.278984   -1.528984 (VIOLATED)
_11955_/A1                              0.750000    2.278971   -1.528971 (VIOLATED)
_10482_/A1                              0.750000    2.278966   -1.528966 (VIOLATED)
_10486_/A                               0.750000    2.278965   -1.528966 (VIOLATED)
_11950_/C1                              0.750000    2.278960   -1.528960 (VIOLATED)
_11966_/A1                              0.750000    2.278956   -1.528956 (VIOLATED)
_11044_/B1                              0.750000    2.278955   -1.528955 (VIOLATED)
_11657_/B1                              0.750000    2.278938   -1.528938 (VIOLATED)
_11027_/A1                              0.750000    2.278930   -1.528930 (VIOLATED)
_11030_/C1                              0.750000    2.278930   -1.528930 (VIOLATED)
_11211_/A                               0.750000    2.278927   -1.528927 (VIOLATED)
_11092_/B1                              0.750000    2.278925   -1.528925 (VIOLATED)
_11221_/B1                              0.750000    2.278926   -1.528926 (VIOLATED)
_10248_/A                               0.750000    2.278909   -1.528909 (VIOLATED)
_11343_/S                               0.750000    2.278892   -1.528892 (VIOLATED)
_11352_/B1                              0.750000    2.278890   -1.528890 (VIOLATED)
_11353_/A1                              0.750000    2.278890   -1.528890 (VIOLATED)
_10370_/S                               0.750000    2.278886   -1.528886 (VIOLATED)
_10374_/A1                              0.750000    2.278887   -1.528887 (VIOLATED)
_10598_/A1                              0.750000    2.278873   -1.528873 (VIOLATED)
_11535_/A1                              0.750000    2.278841   -1.528841 (VIOLATED)
_10271_/A1                              0.750000    2.278838   -1.528838 (VIOLATED)
_11554_/B1                              0.750000    2.278829   -1.528829 (VIOLATED)
_11164_/B1                              0.750000    2.278821   -1.528821 (VIOLATED)
_10426_/B1                              0.750000    2.278815   -1.528815 (VIOLATED)
_11461_/B1                              0.750000    2.278796   -1.528796 (VIOLATED)
_10906_/B1                              0.750000    2.278792   -1.528792 (VIOLATED)
_10724_/B1                              0.750000    2.278790   -1.528790 (VIOLATED)
_10675_/B1                              0.750000    2.278784   -1.528784 (VIOLATED)
_11844_/B1                              0.750000    2.278777   -1.528777 (VIOLATED)
_10329_/B1                              0.750000    2.278766   -1.528766 (VIOLATED)
_10868_/A                               0.750000    2.278766   -1.528766 (VIOLATED)
_10847_/B1                              0.750000    2.278764   -1.528764 (VIOLATED)
_11727_/A1                              0.750000    2.278760   -1.528760 (VIOLATED)
_10857_/B1                              0.750000    2.278753   -1.528753 (VIOLATED)
_11714_/A1                              0.750000    2.278722   -1.528722 (VIOLATED)
_10065_/B1                              0.750000    2.278698   -1.528698 (VIOLATED)
_10058_/B1                              0.750000    2.278692   -1.528692 (VIOLATED)
_10072_/A                               0.750000    2.278693   -1.528693 (VIOLATED)
_10209_/B1                              0.750000    2.278687   -1.528687 (VIOLATED)
_09841_/Y                               0.750000    2.278685   -1.528685 (VIOLATED)
_10250_/A2                              0.750000    2.254881   -1.504881 (VIOLATED)
_11090_/A                               0.750000    2.254882   -1.504882 (VIOLATED)
_11108_/B1                              0.750000    2.254876   -1.504876 (VIOLATED)
_11234_/B1                              0.750000    2.254872   -1.504872 (VIOLATED)
_11030_/A2                              0.750000    2.254870   -1.504870 (VIOLATED)
_11656_/A2                              0.750000    2.254867   -1.504867 (VIOLATED)
_11039_/B2                              0.750000    2.254858   -1.504859 (VIOLATED)
_10479_/A1                              0.750000    2.254840   -1.504840 (VIOLATED)
_10483_/A2                              0.750000    2.254838   -1.504838 (VIOLATED)
_11666_/B1                              0.750000    2.254838   -1.504838 (VIOLATED)
_11049_/A1                              0.750000    2.254832   -1.504832 (VIOLATED)
_11950_/A2                              0.750000    2.254832   -1.504832 (VIOLATED)
_11959_/B2                              0.750000    2.254818   -1.504818 (VIOLATED)
_11964_/B1                              0.750000    2.254804   -1.504804 (VIOLATED)
_11477_/A1                              0.750000    2.254750   -1.504750 (VIOLATED)
_10530_/A                               0.750000    2.254717   -1.504717 (VIOLATED)
_10541_/A1                              0.750000    2.254715   -1.504715 (VIOLATED)
_10548_/B1                              0.750000    2.254704   -1.504704 (VIOLATED)
_10494_/A                               0.750000    2.254690   -1.504690 (VIOLATED)
_10973_/A1                              0.750000    2.254681   -1.504681 (VIOLATED)
_10988_/B1                              0.750000    2.254682   -1.504682 (VIOLATED)
_11466_/A1                              0.750000    2.254673   -1.504673 (VIOLATED)
_10441_/A1                              0.750000    2.254664   -1.504664 (VIOLATED)
_11236_/B                               0.750000    2.254664   -1.504665 (VIOLATED)
_11282_/A1                              0.750000    2.254662   -1.504662 (VIOLATED)
_11294_/A1                              0.750000    2.254661   -1.504661 (VIOLATED)
_11545_/A1                              0.750000    2.254655   -1.504655 (VIOLATED)
_10419_/A2                              0.750000    2.254649   -1.504649 (VIOLATED)
_10613_/B1                              0.750000    2.254644   -1.504644 (VIOLATED)
_10610_/A1                              0.750000    2.254642   -1.504642 (VIOLATED)
_10424_/A2                              0.750000    2.254629   -1.504629 (VIOLATED)
_10381_/B2                              0.750000    2.254623   -1.504623 (VIOLATED)
_10596_/A1                              0.750000    2.254621   -1.504621 (VIOLATED)
_10600_/A                               0.750000    2.254622   -1.504622 (VIOLATED)
_11349_/A1                              0.750000    2.254608   -1.504608 (VIOLATED)
_11359_/B2                              0.750000    2.254603   -1.504603 (VIOLATED)
_11532_/A1                              0.750000    2.254599   -1.504599 (VIOLATED)
_11158_/A1                              0.750000    2.254555   -1.504555 (VIOLATED)
_10723_/A1                              0.750000    2.254548   -1.504548 (VIOLATED)
_10735_/B1                              0.750000    2.254547   -1.504547 (VIOLATED)
_10916_/A1                              0.750000    2.254546   -1.504546 (VIOLATED)
_11162_/B1                              0.750000    2.254545   -1.504545 (VIOLATED)
_11902_/B1                              0.750000    2.254542   -1.504542 (VIOLATED)
_11911_/A1                              0.750000    2.254542   -1.504542 (VIOLATED)
_11890_/A1                              0.750000    2.254511   -1.504511 (VIOLATED)
_11097_/A1                              0.750000    2.254467   -1.504467 (VIOLATED)
_11220_/B2                              0.750000    2.254467   -1.504467 (VIOLATED)
_10255_/A1                              0.750000    2.254465   -1.504465 (VIOLATED)
_11850_/A1                              0.750000    2.254463   -1.504463 (VIOLATED)
_11225_/A1                              0.750000    2.254461   -1.504461 (VIOLATED)
_10263_/A1                              0.750000    2.254454   -1.504454 (VIOLATED)
_11420_/B2                              0.750000    2.254442   -1.504442 (VIOLATED)
_11610_/B1                              0.750000    2.254443   -1.504443 (VIOLATED)
_11414_/B1                              0.750000    2.254436   -1.504436 (VIOLATED)
_10866_/B1                              0.750000    2.254424   -1.504424 (VIOLATED)
_10134_/A1                              0.750000    2.254407   -1.504407 (VIOLATED)
_10140_/A1                              0.750000    2.254406   -1.504407 (VIOLATED)
_10144_/B2                              0.750000    2.254407   -1.504407 (VIOLATED)
_10157_/A1                              0.750000    2.254405   -1.504406 (VIOLATED)
_10316_/A                               0.750000    2.254398   -1.504398 (VIOLATED)
_10777_/A1                              0.750000    2.254393   -1.504393 (VIOLATED)
_10782_/A1                              0.750000    2.254394   -1.504394 (VIOLATED)
_10664_/A1                              0.750000    2.254392   -1.504392 (VIOLATED)
_10671_/A1                              0.750000    2.254391   -1.504391 (VIOLATED)
_10657_/A                               0.750000    2.254390   -1.504390 (VIOLATED)
_11605_/B2                              0.750000    2.254388   -1.504388 (VIOLATED)
_11824_/A                               0.750000    2.254386   -1.504387 (VIOLATED)
_10311_/A                               0.750000    2.254383   -1.504383 (VIOLATED)
_11840_/A1                              0.750000    2.254382   -1.504382 (VIOLATED)
_11779_/B1                              0.750000    2.254364   -1.504364 (VIOLATED)
_10079_/B1                              0.750000    2.254359   -1.504359 (VIOLATED)
_10055_/A2                              0.750000    2.254358   -1.504358 (VIOLATED)
_10059_/A2                              0.750000    2.254357   -1.504357 (VIOLATED)
_10215_/A1                              0.750000    2.254358   -1.504358 (VIOLATED)
_11767_/A1                              0.750000    2.254354   -1.504354 (VIOLATED)
_10061_/A2                              0.750000    2.254345   -1.504345 (VIOLATED)
_10192_/A1                              0.750000    2.254346   -1.504346 (VIOLATED)
_10205_/A1                              0.750000    2.254347   -1.504347 (VIOLATED)
_11770_/A                               0.750000    2.254344   -1.504345 (VIOLATED)
_11711_/A2                              0.750000    2.254336   -1.504336 (VIOLATED)
_10048_/X                               0.750000    2.254331   -1.504331 (VIOLATED)
_11068_/B2                              0.750000    2.220359   -1.470359 (VIOLATED)
_11193_/A                               0.750000    2.220360   -1.470360 (VIOLATED)
_11016_/A                               0.750000    2.220351   -1.470351 (VIOLATED)
_11644_/B2                              0.750000    2.220341   -1.470341 (VIOLATED)
_10238_/B2                              0.750000    2.220331   -1.470331 (VIOLATED)
_11073_/B2                              0.750000    2.220328   -1.470328 (VIOLATED)
_11203_/B2                              0.750000    2.220318   -1.470318 (VIOLATED)
_10233_/A1                              0.750000    2.220315   -1.470315 (VIOLATED)
_10837_/A1                              0.750000    2.220308   -1.470308 (VIOLATED)
_11011_/A1                              0.750000    2.220308   -1.470308 (VIOLATED)
_10834_/A1                              0.750000    2.220306   -1.470306 (VIOLATED)
_11388_/B2                              0.750000    2.220303   -1.470303 (VIOLATED)
_11390_/A1                              0.750000    2.220274   -1.470274 (VIOLATED)
_11637_/B2                              0.750000    2.220239   -1.470239 (VIOLATED)
_11941_/A1                              0.750000    2.220217   -1.470217 (VIOLATED)
_11934_/A                               0.750000    2.220214   -1.470214 (VIOLATED)
_11445_/A                               0.750000    2.220142   -1.470142 (VIOLATED)
_10963_/A                               0.750000    2.220139   -1.470139 (VIOLATED)
_10408_/A1                              0.750000    2.220042   -1.470042 (VIOLATED)
_10459_/A1                              0.750000    2.220043   -1.470043 (VIOLATED)
_10415_/B2                              0.750000    2.219966   -1.469967 (VIOLATED)
_11128_/B2                              0.750000    2.219961   -1.469961 (VIOLATED)
_11512_/A                               0.750000    2.219881   -1.469881 (VIOLATED)
_10581_/B2                              0.750000    2.219846   -1.469846 (VIOLATED)
_10587_/B2                              0.750000    2.219843   -1.469843 (VIOLATED)
_11520_/B2                              0.750000    2.219832   -1.469832 (VIOLATED)
_10469_/A1                              0.750000    2.219830   -1.469830 (VIOLATED)
_10525_/B2                              0.750000    2.219827   -1.469827 (VIOLATED)
_10518_/B2                              0.750000    2.219823   -1.469823 (VIOLATED)
_11271_/B2                              0.750000    2.219820   -1.469820 (VIOLATED)
_11260_/A1                              0.750000    2.219810   -1.469810 (VIOLATED)
_12109_/A2                              0.750000    2.219805   -1.469805 (VIOLATED)
_12139_/A2                              0.750000    2.219804   -1.469804 (VIOLATED)
_11334_/A                               0.750000    2.219790   -1.469790 (VIOLATED)
_10356_/A                               0.750000    2.219787   -1.469787 (VIOLATED)
_10349_/A1                              0.750000    2.219773   -1.469773 (VIOLATED)
_09897_/A1                              0.750000    2.219767   -1.469767 (VIOLATED)
_10175_/B2                              0.750000    2.219768   -1.469768 (VIOLATED)
_10177_/A1                              0.750000    2.219769   -1.469768 (VIOLATED)
_09905_/A1                              0.750000    2.219763   -1.469763 (VIOLATED)
_11751_/A                               0.750000    2.219754   -1.469754 (VIOLATED)
_11693_/A1                              0.750000    2.219751   -1.469751 (VIOLATED)
_11759_/B2                              0.750000    2.219752   -1.469752 (VIOLATED)
_11691_/B2                              0.750000    2.219746   -1.469746 (VIOLATED)
_11581_/B2                              0.750000    2.219735   -1.469735 (VIOLATED)
_11327_/A1                              0.750000    2.219729   -1.469729 (VIOLATED)
_11576_/A1                              0.750000    2.219730   -1.469730 (VIOLATED)
_10113_/A                               0.750000    2.219720   -1.469720 (VIOLATED)
_10121_/A1                              0.750000    2.219721   -1.469721 (VIOLATED)
_11816_/A1                              0.750000    2.219721   -1.469721 (VIOLATED)
_11810_/A1                              0.750000    2.219718   -1.469718 (VIOLATED)
_10292_/A1                              0.750000    2.219715   -1.469715 (VIOLATED)
_10297_/A                               0.750000    2.219713   -1.469713 (VIOLATED)
_10958_/B2                              0.750000    2.219708   -1.469708 (VIOLATED)
_11451_/A                               0.750000    2.219704   -1.469705 (VIOLATED)
_10641_/A1                              0.750000    2.219701   -1.469700 (VIOLATED)
_10638_/A1                              0.750000    2.219698   -1.469698 (VIOLATED)
_11136_/B2                              0.750000    2.219692   -1.469692 (VIOLATED)
_10763_/B2                              0.750000    2.219682   -1.469682 (VIOLATED)
_10899_/B2                              0.750000    2.219683   -1.469683 (VIOLATED)
_11880_/B2                              0.750000    2.219680   -1.469680 (VIOLATED)
_10757_/A1                              0.750000    2.219677   -1.469677 (VIOLATED)
_11872_/A1                              0.750000    2.219670   -1.469670 (VIOLATED)
_10702_/A1                              0.750000    2.219663   -1.469663 (VIOLATED)
_10710_/B2                              0.750000    2.219649   -1.469649 (VIOLATED)
_10890_/A                               0.750000    2.219636   -1.469636 (VIOLATED)
_09895_/Y                               0.750000    2.219626   -1.469626 (VIOLATED)
_11068_/A1                              0.750000    2.210245   -1.460245 (VIOLATED)
_11196_/A1                              0.750000    2.210243   -1.460243 (VIOLATED)
_11643_/A1                              0.750000    2.210239   -1.460239 (VIOLATED)
_11204_/A1                              0.750000    2.210224   -1.460224 (VIOLATED)
_11073_/A1                              0.750000    2.210221   -1.460221 (VIOLATED)
_10238_/A1                              0.750000    2.210214   -1.460214 (VIOLATED)
_10232_/A1                              0.750000    2.210209   -1.460209 (VIOLATED)
_11636_/A                               0.750000    2.210202   -1.460202 (VIOLATED)
_11387_/A1                              0.750000    2.210200   -1.460200 (VIOLATED)
_11395_/A1                              0.750000    2.210174   -1.460174 (VIOLATED)
_11010_/A1                              0.750000    2.210141   -1.460141 (VIOLATED)
_11935_/B2                              0.750000    2.210136   -1.460136 (VIOLATED)
_11446_/B2                              0.750000    2.210112   -1.460112 (VIOLATED)
_10463_/B2                              0.750000    2.210090   -1.460090 (VIOLATED)
_10408_/B2                              0.750000    2.210088   -1.460088 (VIOLATED)
_10835_/B2                              0.750000    2.210082   -1.460082 (VIOLATED)
_10842_/B2                              0.750000    2.210081   -1.460081 (VIOLATED)
_10123_/A                               0.750000    2.210077   -1.460077 (VIOLATED)
_10293_/A1                              0.750000    2.210070   -1.460070 (VIOLATED)
_10300_/A1                              0.750000    2.210068   -1.460068 (VIOLATED)
_10958_/A1                              0.750000    2.210057   -1.460057 (VIOLATED)
_11454_/A1                              0.750000    2.210040   -1.460040 (VIOLATED)
_10414_/B2                              0.750000    2.210038   -1.460038 (VIOLATED)
_10965_/B2                              0.750000    2.210035   -1.460035 (VIOLATED)
_11127_/A1                              0.750000    2.210020   -1.460020 (VIOLATED)
_11018_/B2                              0.750000    2.209966   -1.459967 (VIOLATED)
_11942_/B2                              0.750000    2.209966   -1.459966 (VIOLATED)
_10470_/A1                              0.750000    2.209964   -1.459964 (VIOLATED)
_10524_/A1                              0.750000    2.209958   -1.459958 (VIOLATED)
_11509_/B2                              0.750000    2.209957   -1.459957 (VIOLATED)
_10517_/A                               0.750000    2.209946   -1.459946 (VIOLATED)
_11268_/A                               0.750000    2.209933   -1.459933 (VIOLATED)
_11260_/B2                              0.750000    2.209930   -1.459930 (VIOLATED)
_10580_/B2                              0.750000    2.209909   -1.459909 (VIOLATED)
_10585_/A                               0.750000    2.209900   -1.459900 (VIOLATED)
_11520_/A1                              0.750000    2.209890   -1.459890 (VIOLATED)
_10349_/B2                              0.750000    2.209886   -1.459886 (VIOLATED)
_09898_/A1                              0.750000    2.209881   -1.459881 (VIOLATED)
_10115_/A                               0.750000    2.209881   -1.459881 (VIOLATED)
_10174_/A1                              0.750000    2.209879   -1.459879 (VIOLATED)
_10182_/A1                              0.750000    2.209879   -1.459880 (VIOLATED)
_09906_/A1                              0.750000    2.209875   -1.459875 (VIOLATED)
_11759_/A1                              0.750000    2.209869   -1.459869 (VIOLATED)
_11752_/B2                              0.750000    2.209862   -1.459863 (VIOLATED)
_11690_/A1                              0.750000    2.209852   -1.459852 (VIOLATED)
_12124_/C                               0.750000    2.209852   -1.459852 (VIOLATED)
_12164_/A                               0.750000    2.209852   -1.459852 (VIOLATED)
_11335_/B2                              0.750000    2.209849   -1.459849 (VIOLATED)
_12126_/A2                              0.750000    2.209849   -1.459849 (VIOLATED)
_11135_/B2                              0.750000    2.209847   -1.459847 (VIOLATED)
_11572_/B2                              0.750000    2.209841   -1.459841 (VIOLATED)
_10358_/A                               0.750000    2.209832   -1.459832 (VIOLATED)
_11583_/A1                              0.750000    2.209831   -1.459831 (VIOLATED)
_11696_/A1                              0.750000    2.209833   -1.459833 (VIOLATED)
_11816_/B2                              0.750000    2.209830   -1.459830 (VIOLATED)
_11809_/B2                              0.750000    2.209824   -1.459824 (VIOLATED)
_11328_/A1                              0.750000    2.209822   -1.459822 (VIOLATED)
_10639_/B2                              0.750000    2.209810   -1.459810 (VIOLATED)
_11881_/A1                              0.750000    2.209795   -1.459795 (VIOLATED)
_11872_/B2                              0.750000    2.209790   -1.459790 (VIOLATED)
_10892_/B2                              0.750000    2.209783   -1.459783 (VIOLATED)
_10646_/B2                              0.750000    2.209777   -1.459777 (VIOLATED)
_10753_/A1                              0.750000    2.209776   -1.459776 (VIOLATED)
_10763_/A1                              0.750000    2.209777   -1.459777 (VIOLATED)
_10703_/B2                              0.750000    2.209775   -1.459775 (VIOLATED)
_10711_/B2                              0.750000    2.209774   -1.459774 (VIOLATED)
_10898_/A1                              0.750000    2.209775   -1.459776 (VIOLATED)
_09879_/Y                               0.750000    2.209770   -1.459770 (VIOLATED)
_11220_/A1                              0.750000    2.172051   -1.422051 (VIOLATED)
_10249_/A2                              0.750000    2.172043   -1.422043 (VIOLATED)
_11650_/A2                              0.750000    2.172037   -1.422037 (VIOLATED)
_10484_/B1                              0.750000    2.172031   -1.422031 (VIOLATED)
_11030_/B1                              0.750000    2.172031   -1.422031 (VIOLATED)
_11655_/A2                              0.750000    2.172030   -1.422030 (VIOLATED)
_11025_/A2                              0.750000    2.172027   -1.422027 (VIOLATED)
_11040_/A1                              0.750000    2.172025   -1.422025 (VIOLATED)
_11950_/B1                              0.750000    2.172010   -1.422010 (VIOLATED)
_11962_/B2                              0.750000    2.171958   -1.421958 (VIOLATED)
_11101_/A                               0.750000    2.171947   -1.421947 (VIOLATED)
_11110_/B2                              0.750000    2.171947   -1.421947 (VIOLATED)
_11228_/B2                              0.750000    2.171947   -1.421948 (VIOLATED)
_10260_/B2                              0.750000    2.171941   -1.421941 (VIOLATED)
_11669_/A1                              0.750000    2.171942   -1.421942 (VIOLATED)
_10270_/B1                              0.750000    2.171937   -1.421938 (VIOLATED)
_11423_/B2                              0.750000    2.171925   -1.421925 (VIOLATED)
_11402_/A1                              0.750000    2.171910   -1.421910 (VIOLATED)
_11412_/A                               0.750000    2.171911   -1.421911 (VIOLATED)
_11478_/A1                              0.750000    2.171911   -1.421911 (VIOLATED)
_10867_/B1                              0.750000    2.171906   -1.421906 (VIOLATED)
_10870_/B1                              0.750000    2.171906   -1.421906 (VIOLATED)
_10849_/A2                              0.750000    2.171899   -1.421899 (VIOLATED)
_10859_/B1                              0.750000    2.171898   -1.421898 (VIOLATED)
_10852_/B1                              0.750000    2.171896   -1.421896 (VIOLATED)
_10856_/A2                              0.750000    2.171897   -1.421897 (VIOLATED)
_10157_/B2                              0.750000    2.171857   -1.421857 (VIOLATED)
_11482_/A                               0.750000    2.171858   -1.421858 (VIOLATED)
_10147_/A1                              0.750000    2.171850   -1.421850 (VIOLATED)
_10433_/A1                              0.750000    2.171844   -1.421843 (VIOLATED)
_10491_/B2                              0.750000    2.171845   -1.421845 (VIOLATED)
_10441_/B2                              0.750000    2.171841   -1.421841 (VIOLATED)
_10419_/B1                              0.750000    2.171825   -1.421826 (VIOLATED)
_10078_/B2                              0.750000    2.171798   -1.421799 (VIOLATED)
_10424_/B1                              0.750000    2.171798   -1.421798 (VIOLATED)
_11468_/A                               0.750000    2.171791   -1.421791 (VIOLATED)
_10055_/B1                              0.750000    2.171756   -1.421756 (VIOLATED)
_10202_/A1                              0.750000    2.171746   -1.421746 (VIOLATED)
_10058_/A2                              0.750000    2.171743   -1.421743 (VIOLATED)
_10065_/A2                              0.750000    2.171723   -1.421723 (VIOLATED)
_10061_/B1                              0.750000    2.171715   -1.421715 (VIOLATED)
_11551_/A                               0.750000    2.171710   -1.421710 (VIOLATED)
_11773_/B2                              0.750000    2.171685   -1.421685 (VIOLATED)
_11712_/A2                              0.750000    2.171650   -1.421651 (VIOLATED)
_10309_/A1                              0.750000    2.171635   -1.421635 (VIOLATED)
_10990_/A1                              0.750000    2.171636   -1.421636 (VIOLATED)
_11777_/A                               0.750000    2.171635   -1.421635 (VIOLATED)
_10482_/B2                              0.750000    2.171632   -1.421632 (VIOLATED)
_10532_/A                               0.750000    2.171631   -1.421631 (VIOLATED)
_11724_/B1                              0.750000    2.171631   -1.421631 (VIOLATED)
_11612_/A1                              0.750000    2.171627   -1.421627 (VIOLATED)
_11284_/A                               0.750000    2.171625   -1.421625 (VIOLATED)
_11294_/B2                              0.750000    2.171619   -1.421619 (VIOLATED)
_11605_/A1                              0.750000    2.171621   -1.421621 (VIOLATED)
_10378_/A1                              0.750000    2.171605   -1.421605 (VIOLATED)
_11591_/A1                              0.750000    2.171597   -1.421597 (VIOLATED)
_11837_/A1                              0.750000    2.171592   -1.421592 (VIOLATED)
_10591_/B1                              0.750000    2.171584   -1.421584 (VIOLATED)
_10617_/A1                              0.750000    2.171585   -1.421585 (VIOLATED)
_10604_/B2                              0.750000    2.171583   -1.421583 (VIOLATED)
_11351_/A                               0.750000    2.171583   -1.421583 (VIOLATED)
_11545_/B2                              0.750000    2.171582   -1.421582 (VIOLATED)
_11528_/A1                              0.750000    2.171580   -1.421580 (VIOLATED)
_11359_/A1                              0.750000    2.171576   -1.421576 (VIOLATED)
_10913_/B2                              0.750000    2.171568   -1.421568 (VIOLATED)
_11825_/B2                              0.750000    2.171562   -1.421562 (VIOLATED)
_10737_/A1                              0.750000    2.171551   -1.421551 (VIOLATED)
_10677_/A                               0.750000    2.171544   -1.421544 (VIOLATED)
_11904_/A1                              0.750000    2.171545   -1.421545 (VIOLATED)
_11911_/B2                              0.750000    2.171546   -1.421546 (VIOLATED)
_10670_/A1                              0.750000    2.171542   -1.421542 (VIOLATED)
_10723_/B2                              0.750000    2.171540   -1.421540 (VIOLATED)
_10658_/B2                              0.750000    2.171534   -1.421534 (VIOLATED)
_10776_/A                               0.750000    2.171527   -1.421528 (VIOLATED)
_10052_/Y                               0.750000    2.171525   -1.421525 (VIOLATED)
_11069_/B2                              0.750000    2.152801   -1.402801 (VIOLATED)
_11195_/B2                              0.750000    2.152799   -1.402799 (VIOLATED)
_11644_/A1                              0.750000    2.152798   -1.402798 (VIOLATED)
_11018_/A1                              0.750000    2.152789   -1.402789 (VIOLATED)
_10240_/A1                              0.750000    2.152781   -1.402781 (VIOLATED)
_10470_/B2                              0.750000    2.152781   -1.402781 (VIOLATED)
_11200_/B1                              0.750000    2.152778   -1.402778 (VIOLATED)
_11076_/C1                              0.750000    2.152776   -1.402776 (VIOLATED)
_11942_/A1                              0.750000    2.152769   -1.402769 (VIOLATED)
_10228_/C1                              0.750000    2.152765   -1.402765 (VIOLATED)
_11007_/C1                              0.750000    2.152752   -1.402753 (VIOLATED)
_11383_/C1                              0.750000    2.152752   -1.402753 (VIOLATED)
_11633_/C1                              0.750000    2.152749   -1.402749 (VIOLATED)
_11393_/A1                              0.750000    2.152731   -1.402731 (VIOLATED)
_11931_/B1                              0.750000    2.152732   -1.402732 (VIOLATED)
_10966_/A1                              0.750000    2.152700   -1.402700 (VIOLATED)
_11442_/C1                              0.750000    2.152695   -1.402695 (VIOLATED)
_11449_/A                               0.750000    2.152652   -1.402652 (VIOLATED)
_10414_/A1                              0.750000    2.152610   -1.402610 (VIOLATED)
_10404_/C1                              0.750000    2.152587   -1.402588 (VIOLATED)
_10180_/A1                              0.750000    2.152582   -1.402582 (VIOLATED)
_09904_/A                               0.750000    2.152580   -1.402580 (VIOLATED)
_10118_/B2                              0.750000    2.152575   -1.402575 (VIOLATED)
_09892_/C1                              0.750000    2.152573   -1.402573 (VIOLATED)
_10170_/C1                              0.750000    2.152573   -1.402573 (VIOLATED)
_11758_/B2                              0.750000    2.152574   -1.402574 (VIOLATED)
_10125_/C1                              0.750000    2.152571   -1.402571 (VIOLATED)
_10830_/C1                              0.750000    2.152571   -1.402571 (VIOLATED)
_10839_/A                               0.750000    2.152570   -1.402570 (VIOLATED)
_11748_/C1                              0.750000    2.152568   -1.402568 (VIOLATED)
_10300_/B2                              0.750000    2.152565   -1.402565 (VIOLATED)
_10288_/C1                              0.750000    2.152561   -1.402561 (VIOLATED)
_10954_/B1                              0.750000    2.152548   -1.402548 (VIOLATED)
_11686_/C1                              0.750000    2.152548   -1.402548 (VIOLATED)
_11513_/C1                              0.750000    2.152516   -1.402516 (VIOLATED)
_11135_/A1                              0.750000    2.152506   -1.402506 (VIOLATED)
_10587_/A1                              0.750000    2.152493   -1.402494 (VIOLATED)
_11698_/A1                              0.750000    2.152492   -1.402492 (VIOLATED)
_11581_/A1                              0.750000    2.152490   -1.402490 (VIOLATED)
_11815_/A1                              0.750000    2.152487   -1.402487 (VIOLATED)
_11574_/C1                              0.750000    2.152477   -1.402477 (VIOLATED)
_11805_/C1                              0.750000    2.152477   -1.402477 (VIOLATED)
_11522_/A1                              0.750000    2.152475   -1.402475 (VIOLATED)
_11129_/A3                              0.750000    2.152468   -1.402468 (VIOLATED)
_11877_/A                               0.750000    2.152450   -1.402450 (VIOLATED)
_10634_/C1                              0.750000    2.152427   -1.402427 (VIOLATED)
_10457_/B                               0.750000    2.152423   -1.402423 (VIOLATED)
_12132_/A                               0.750000    2.152422   -1.402422 (VIOLATED)
_12143_/B                               0.750000    2.152421   -1.402421 (VIOLATED)
_12162_/B                               0.750000    2.152421   -1.402421 (VIOLATED)
_12126_/B2                              0.750000    2.152414   -1.402414 (VIOLATED)
_12114_/D                               0.750000    2.152412   -1.402412 (VIOLATED)
_12109_/B2                              0.750000    2.152408   -1.402408 (VIOLATED)
_10514_/C1                              0.750000    2.152406   -1.402406 (VIOLATED)
_10525_/A1                              0.750000    2.152406   -1.402406 (VIOLATED)
_11266_/A1                              0.750000    2.152403   -1.402403 (VIOLATED)
_11262_/C1                              0.750000    2.152399   -1.402399 (VIOLATED)
_10460_/A3                              0.750000    2.152395   -1.402395 (VIOLATED)
_10577_/C1                              0.750000    2.152395   -1.402395 (VIOLATED)
_11867_/C1                              0.750000    2.152391   -1.402391 (VIOLATED)
_10352_/C1                              0.750000    2.152384   -1.402384 (VIOLATED)
_10361_/A1                              0.750000    2.152378   -1.402378 (VIOLATED)
_11327_/B2                              0.750000    2.152345   -1.402345 (VIOLATED)
_11330_/C1                              0.750000    2.152339   -1.402339 (VIOLATED)
_10643_/A                               0.750000    2.152329   -1.402330 (VIOLATED)
_10764_/A1                              0.750000    2.152329   -1.402329 (VIOLATED)
_10898_/B2                              0.750000    2.152328   -1.402328 (VIOLATED)
_10756_/C1                              0.750000    2.152327   -1.402327 (VIOLATED)
_10710_/A1                              0.750000    2.152324   -1.402324 (VIOLATED)
_10704_/A3                              0.750000    2.152321   -1.402321 (VIOLATED)
_10885_/A3                              0.750000    2.152319   -1.402320 (VIOLATED)
_09890_/X                               0.750000    2.152307   -1.402307 (VIOLATED)
_10417_/B2                              0.750000    2.148324   -1.398324 (VIOLATED)
_11082_/A1                              0.750000    2.148325   -1.398325 (VIOLATED)
_11525_/A1_N                            0.750000    2.148324   -1.398324 (VIOLATED)
_11586_/A                               0.750000    2.148325   -1.398325 (VIOLATED)
_11701_/A                               0.750000    2.148325   -1.398325 (VIOLATED)
_10845_/B2                              0.750000    2.148322   -1.398322 (VIOLATED)
_10901_/B2                              0.750000    2.148319   -1.398319 (VIOLATED)
_11884_/A                               0.750000    2.148321   -1.398321 (VIOLATED)
_10303_/B2                              0.750000    2.148318   -1.398318 (VIOLATED)
_10304_/B2                              0.750000    2.148318   -1.398318 (VIOLATED)
_09935_/Y                               0.750000    2.148315   -1.398315 (VIOLATED)
_09963_/A                               0.750000    2.148315   -1.398315 (VIOLATED)
_09965_/C1                              0.750000    2.148315   -1.398315 (VIOLATED)
_10365_/B2                              0.750000    2.148315   -1.398315 (VIOLATED)
_10511_/C1                              0.750000    2.148315   -1.398315 (VIOLATED)
_10574_/C1                              0.750000    2.148315   -1.398315 (VIOLATED)
_10649_/B1                              0.750000    2.148315   -1.398315 (VIOLATED)
_10697_/B1                              0.750000    2.148315   -1.398315 (VIOLATED)
_10766_/C1                              0.750000    2.148315   -1.398315 (VIOLATED)
_12241_/B                               0.750000    2.141347   -1.391347 (VIOLATED)
_12643_/B                               0.750000    2.141347   -1.391347 (VIOLATED)
_12629_/B                               0.750000    2.141345   -1.391345 (VIOLATED)
_12595_/B                               0.750000    2.141339   -1.391339 (VIOLATED)
_12618_/S                               0.750000    2.141340   -1.391340 (VIOLATED)
_19754_/A1                              0.750000    2.141341   -1.391341 (VIOLATED)
_12623_/S                               0.750000    2.141338   -1.391338 (VIOLATED)
_12668_/C                               0.750000    2.141339   -1.391339 (VIOLATED)
_12578_/C1                              0.750000    2.141336   -1.391336 (VIOLATED)
_12588_/A2                              0.750000    2.141337   -1.391337 (VIOLATED)
_12582_/B                               0.750000    2.141335   -1.391335 (VIOLATED)
_12594_/B                               0.750000    2.141331   -1.391331 (VIOLATED)
_12598_/B                               0.750000    2.141331   -1.391331 (VIOLATED)
_12609_/B                               0.750000    2.141332   -1.391332 (VIOLATED)
_12608_/S1                              0.750000    2.141330   -1.391330 (VIOLATED)
_12240_/A                               0.750000    2.141328   -1.391328 (VIOLATED)
_12637_/S                               0.750000    2.141328   -1.391328 (VIOLATED)
_12640_/S                               0.750000    2.141328   -1.391328 (VIOLATED)
_12604_/S1                              0.750000    2.141325   -1.391325 (VIOLATED)
_19046_/A1                              0.750000    2.141191   -1.391191 (VIOLATED)
_19712_/B2                              0.750000    2.141188   -1.391188 (VIOLATED)
_12239_/Y                               0.750000    2.141183   -1.391183 (VIOLATED)
_13481_/A2                              0.750000    2.141183   -1.391183 (VIOLATED)
_18454_/A0                              0.750000    2.141183   -1.391183 (VIOLATED)
_18657_/A1                              0.750000    2.141183   -1.391183 (VIOLATED)
_18660_/A2                              0.750000    2.141183   -1.391183 (VIOLATED)
_18972_/A1                              0.750000    2.141183   -1.391183 (VIOLATED)
_18619_/S                               0.750000    2.096389   -1.346389 (VIOLATED)
_18970_/S                               0.750000    2.096388   -1.346388 (VIOLATED)
_18976_/S                               0.750000    2.096386   -1.346386 (VIOLATED)
_18984_/S                               0.750000    2.096386   -1.346386 (VIOLATED)
_18986_/S                               0.750000    2.096385   -1.346385 (VIOLATED)
_14796_/B                               0.750000    2.096383   -1.346383 (VIOLATED)
_14797_/B                               0.750000    2.096383   -1.346383 (VIOLATED)
_19029_/S                               0.750000    2.096384   -1.346384 (VIOLATED)
_19033_/A2                              0.750000    2.096384   -1.346384 (VIOLATED)
_18988_/S                               0.750000    2.096382   -1.346382 (VIOLATED)
_18994_/S                               0.750000    2.096380   -1.346380 (VIOLATED)
_19016_/S                               0.750000    2.096378   -1.346378 (VIOLATED)
_19023_/S                               0.750000    2.096379   -1.346379 (VIOLATED)
_14795_/Y                               0.750000    2.096375   -1.346375 (VIOLATED)
_18980_/S                               0.750000    2.096375   -1.346375 (VIOLATED)
_18982_/S                               0.750000    2.096375   -1.346375 (VIOLATED)
_18992_/S                               0.750000    2.096375   -1.346375 (VIOLATED)
_19002_/S                               0.750000    2.096375   -1.346375 (VIOLATED)
_19006_/S                               0.750000    2.096375   -1.346375 (VIOLATED)
_19012_/S                               0.750000    2.096375   -1.346375 (VIOLATED)
_12143_/A                               0.750000    2.091620   -1.341620 (VIOLATED)
_12162_/A                               0.750000    2.091620   -1.341620 (VIOLATED)
_12690_/A                               0.750000    2.091620   -1.341621 (VIOLATED)
_12701_/A                               0.750000    2.091621   -1.341621 (VIOLATED)
_12702_/A                               0.750000    2.091621   -1.341621 (VIOLATED)
_09887_/Y                               0.750000    2.091617   -1.341617 (VIOLATED)
_10460_/A2                              0.750000    2.091618   -1.341618 (VIOLATED)
_10704_/A2                              0.750000    2.091617   -1.341617 (VIOLATED)
_10885_/A2                              0.750000    2.091617   -1.341617 (VIOLATED)
_11129_/A2                              0.750000    2.091617   -1.341617 (VIOLATED)
_11320_/B1                              0.750000    2.091617   -1.341617 (VIOLATED)
_11322_/B1                              0.750000    2.091618   -1.341618 (VIOLATED)
_11324_/B1                              0.750000    2.091617   -1.341617 (VIOLATED)
_11326_/B1                              0.750000    2.091617   -1.341617 (VIOLATED)
_11511_/B1                              0.750000    2.091617   -1.341617 (VIOLATED)
_11517_/B1                              0.750000    2.091617   -1.341617 (VIOLATED)
_11871_/B1                              0.750000    2.091617   -1.341617 (VIOLATED)
_11875_/B1                              0.750000    2.091617   -1.341617 (VIOLATED)
_10263_/B2                              0.750000    2.004713   -1.254713 (VIOLATED)
_10270_/A2                              0.750000    2.004712   -1.254712 (VIOLATED)
_10250_/B1                              0.750000    2.004710   -1.254710 (VIOLATED)
_11103_/A1                              0.750000    2.004711   -1.254711 (VIOLATED)
_11225_/B2                              0.750000    2.004712   -1.254712 (VIOLATED)
_11106_/A                               0.750000    2.004704   -1.254704 (VIOLATED)
_11026_/B                               0.750000    2.004695   -1.254695 (VIOLATED)
_11029_/A2                              0.750000    2.004696   -1.254696 (VIOLATED)
_10484_/A2                              0.750000    2.004692   -1.254692 (VIOLATED)
_10535_/A1                              0.750000    2.004692   -1.254692 (VIOLATED)
_11668_/B2                              0.750000    2.004692   -1.254692 (VIOLATED)
_10477_/A2                              0.750000    2.004689   -1.254689 (VIOLATED)
_11651_/B                               0.750000    2.004686   -1.254686 (VIOLATED)
_11656_/B1                              0.750000    2.004686   -1.254686 (VIOLATED)
_11040_/B2                              0.750000    2.004684   -1.254684 (VIOLATED)
_11050_/A1                              0.750000    2.004680   -1.254680 (VIOLATED)
_11949_/A2                              0.750000    2.004680   -1.254680 (VIOLATED)
_11959_/A1                              0.750000    2.004657   -1.254657 (VIOLATED)
_11478_/B2                              0.750000    2.004606   -1.254606 (VIOLATED)
_10552_/A                               0.750000    2.004590   -1.254589 (VIOLATED)
_10491_/A1                              0.750000    2.004587   -1.254587 (VIOLATED)
_10431_/A                               0.750000    2.004560   -1.254560 (VIOLATED)
_10438_/A                               0.750000    2.004559   -1.254559 (VIOLATED)
_10418_/A2                              0.750000    2.004523   -1.254523 (VIOLATED)
_10378_/B2                              0.750000    2.004511   -1.254511 (VIOLATED)
_11297_/B2                              0.750000    2.004512   -1.254512 (VIOLATED)
_11480_/A2                              0.750000    2.004510   -1.254510 (VIOLATED)
_11471_/A1                              0.750000    2.004509   -1.254509 (VIOLATED)
_10423_/A2                              0.750000    2.004507   -1.254507 (VIOLATED)
_10616_/A                               0.750000    2.004508   -1.254508 (VIOLATED)
_10591_/A2                              0.750000    2.004505   -1.254505 (VIOLATED)
_11403_/A1                              0.750000    2.004502   -1.254502 (VIOLATED)
_11416_/B2                              0.750000    2.004503   -1.254503 (VIOLATED)
_11420_/A1                              0.750000    2.004504   -1.254504 (VIOLATED)
_10605_/A1                              0.750000    2.004501   -1.254501 (VIOLATED)
_10867_/A2                              0.750000    2.004499   -1.254499 (VIOLATED)
_10870_/A2                              0.750000    2.004499   -1.254499 (VIOLATED)
_11528_/B2                              0.750000    2.004497   -1.254497 (VIOLATED)
_10847_/A2                              0.750000    2.004493   -1.254494 (VIOLATED)
_10852_/A2                              0.750000    2.004493   -1.254493 (VIOLATED)
_11544_/B2                              0.750000    2.004494   -1.254494 (VIOLATED)
_10854_/A2                              0.750000    2.004492   -1.254492 (VIOLATED)
_10859_/A2                              0.750000    2.004492   -1.254492 (VIOLATED)
_10144_/A1                              0.750000    2.004482   -1.254482 (VIOLATED)
_10152_/A                               0.750000    2.004482   -1.254482 (VIOLATED)
_10075_/A                               0.750000    2.004472   -1.254472 (VIOLATED)
_10205_/B2                              0.750000    2.004464   -1.254464 (VIOLATED)
_10211_/A                               0.750000    2.004463   -1.254464 (VIOLATED)
_10056_/A2                              0.750000    2.004462   -1.254462 (VIOLATED)
_10060_/A2                              0.750000    2.004463   -1.254463 (VIOLATED)
_10062_/A2                              0.750000    2.004463   -1.254463 (VIOLATED)
_10066_/A2                              0.750000    2.004463   -1.254463 (VIOLATED)
_10309_/B2                              0.750000    2.004461   -1.254461 (VIOLATED)
_11166_/A                               0.750000    2.004462   -1.254462 (VIOLATED)
_11774_/A1                              0.750000    2.004460   -1.254460 (VIOLATED)
_11781_/A1                              0.750000    2.004457   -1.254457 (VIOLATED)
_10990_/B2                              0.750000    2.004449   -1.254449 (VIOLATED)
_11711_/B1                              0.750000    2.004447   -1.254447 (VIOLATED)
_11347_/A2                              0.750000    2.004442   -1.254442 (VIOLATED)
_11724_/A2                              0.750000    2.004441   -1.254442 (VIOLATED)
_10725_/A2                              0.750000    2.004440   -1.254440 (VIOLATED)
_10777_/B2                              0.750000    2.004441   -1.254441 (VIOLATED)
_11356_/A1                              0.750000    2.004441   -1.254441 (VIOLATED)
_10733_/A                               0.750000    2.004439   -1.254439 (VIOLATED)
_10790_/A                               0.750000    2.004441   -1.254440 (VIOLATED)
_10913_/A1                              0.750000    2.004440   -1.254440 (VIOLATED)
_11908_/A1                              0.750000    2.004437   -1.254438 (VIOLATED)
_11612_/B2                              0.750000    2.004436   -1.254436 (VIOLATED)
_10050_/Y                               0.750000    2.004434   -1.254434 (VIOLATED)
_10659_/A1                              0.750000    2.004434   -1.254434 (VIOLATED)
_10670_/B2                              0.750000    2.004434   -1.254434 (VIOLATED)
_11592_/A1                              0.750000    2.004434   -1.254434 (VIOLATED)
_11602_/B2                              0.750000    2.004434   -1.254434 (VIOLATED)
_11826_/A1                              0.750000    2.004434   -1.254434 (VIOLATED)
_11840_/B2                              0.750000    2.004434   -1.254434 (VIOLATED)
_11846_/A                               0.750000    2.004434   -1.254434 (VIOLATED)
_11904_/B2                              0.750000    2.004434   -1.254434 (VIOLATED)
_11069_/A1                              0.750000    1.994290   -1.244290 (VIOLATED)
_11019_/A1                              0.750000    1.994289   -1.244289 (VIOLATED)
_11195_/A1                              0.750000    1.994289   -1.244289 (VIOLATED)
_11643_/B2                              0.750000    1.994283   -1.244283 (VIOLATED)
_10235_/A1                              0.750000    1.994280   -1.244280 (VIOLATED)
_11077_/A1                              0.750000    1.994278   -1.244278 (VIOLATED)
_11011_/B2                              0.750000    1.994268   -1.244268 (VIOLATED)
_11203_/A1                              0.750000    1.994251   -1.244251 (VIOLATED)
_10233_/B2                              0.750000    1.994249   -1.244249 (VIOLATED)
_11388_/A1                              0.750000    1.994244   -1.244244 (VIOLATED)
_10835_/A1                              0.750000    1.994240   -1.244240 (VIOLATED)
_10842_/A1                              0.750000    1.994241   -1.244241 (VIOLATED)
_11637_/A1                              0.750000    1.994239   -1.244239 (VIOLATED)
_11393_/B2                              0.750000    1.994230   -1.244230 (VIOLATED)
_10965_/A1                              0.750000    1.994190   -1.244190 (VIOLATED)
_10469_/B2                              0.750000    1.994172   -1.244172 (VIOLATED)
_10524_/B2                              0.750000    1.994171   -1.244171 (VIOLATED)
_11264_/A1                              0.750000    1.994172   -1.244172 (VIOLATED)
_11271_/A1                              0.750000    1.994171   -1.244171 (VIOLATED)
_10293_/B2                              0.750000    1.994169   -1.244169 (VIOLATED)
_10295_/A1                              0.750000    1.994170   -1.244170 (VIOLATED)
_10518_/A1                              0.750000    1.994169   -1.244169 (VIOLATED)
_10957_/A                               0.750000    1.994166   -1.244166 (VIOLATED)
_10463_/A1                              0.750000    1.994158   -1.244158 (VIOLATED)
_11935_/A1                              0.750000    1.994159   -1.244159 (VIOLATED)
_11941_/B2                              0.750000    1.994159   -1.244159 (VIOLATED)
_11446_/A1                              0.750000    1.994155   -1.244155 (VIOLATED)
_11454_/B2                              0.750000    1.994152   -1.244152 (VIOLATED)
_10409_/A1                              0.750000    1.994150   -1.244150 (VIOLATED)
_10118_/A1                              0.750000    1.994139   -1.244139 (VIOLATED)
_10121_/B2                              0.750000    1.994140   -1.244140 (VIOLATED)
_10415_/A1                              0.750000    1.994140   -1.244140 (VIOLATED)
_09898_/B1                              0.750000    1.994138   -1.244138 (VIOLATED)
_10175_/A1                              0.750000    1.994136   -1.244136 (VIOLATED)
_10180_/B2                              0.750000    1.994136   -1.244136 (VIOLATED)
_09905_/B2                              0.750000    1.994133   -1.244133 (VIOLATED)
_10353_/A1                              0.750000    1.994132   -1.244132 (VIOLATED)
_10361_/B2                              0.750000    1.994132   -1.244132 (VIOLATED)
_10580_/A1                              0.750000    1.994130   -1.244130 (VIOLATED)
_11758_/A1                              0.750000    1.994130   -1.244130 (VIOLATED)
_10588_/A1                              0.750000    1.994128   -1.244128 (VIOLATED)
_11127_/B2                              0.750000    1.994126   -1.244127 (VIOLATED)
_11328_/B2                              0.750000    1.994127   -1.244127 (VIOLATED)
_11335_/A1                              0.750000    1.994126   -1.244126 (VIOLATED)
_11752_/A1                              0.750000    1.994126   -1.244127 (VIOLATED)
_11523_/A1                              0.750000    1.994124   -1.244124 (VIOLATED)
_11691_/A1                              0.750000    1.994123   -1.244123 (VIOLATED)
_11696_/B2                              0.750000    1.994123   -1.244123 (VIOLATED)
_11509_/A1                              0.750000    1.994121   -1.244121 (VIOLATED)
_11572_/A1                              0.750000    1.994118   -1.244118 (VIOLATED)
_10711_/A1                              0.750000    1.994113   -1.244113 (VIOLATED)
_10753_/B2                              0.750000    1.994113   -1.244113 (VIOLATED)
_10764_/B2                              0.750000    1.994114   -1.244114 (VIOLATED)
_10899_/A1                              0.750000    1.994114   -1.244114 (VIOLATED)
_09893_/Y                               0.750000    1.994110   -1.244110 (VIOLATED)
_10639_/A1                              0.750000    1.994110   -1.244110 (VIOLATED)
_10646_/A1                              0.750000    1.994110   -1.244110 (VIOLATED)
_10702_/B2                              0.750000    1.994110   -1.244110 (VIOLATED)
_10892_/A1                              0.750000    1.994110   -1.244110 (VIOLATED)
_11136_/A1                              0.750000    1.994110   -1.244110 (VIOLATED)
_11578_/A1                              0.750000    1.994110   -1.244110 (VIOLATED)
_11809_/A1                              0.750000    1.994110   -1.244110 (VIOLATED)
_11815_/B2                              0.750000    1.994110   -1.244110 (VIOLATED)
_11873_/A1                              0.750000    1.994110   -1.244110 (VIOLATED)
_11880_/A1                              0.750000    1.994110   -1.244110 (VIOLATED)
_12882_/A2                              0.750000    1.978438   -1.228438 (VIOLATED)
_12895_/A2                              0.750000    1.978438   -1.228438 (VIOLATED)
_12953_/B1                              0.750000    1.978439   -1.228439 (VIOLATED)
_13006_/B1                              0.750000    1.978438   -1.228438 (VIOLATED)
_13047_/A2                              0.750000    1.978438   -1.228438 (VIOLATED)
_12722_/A2                              0.750000    1.978436   -1.228436 (VIOLATED)
_12804_/A2                              0.750000    1.978437   -1.228437 (VIOLATED)
_12842_/A2                              0.750000    1.978436   -1.228436 (VIOLATED)
_12873_/A2                              0.750000    1.978436   -1.228436 (VIOLATED)
_13020_/B1                              0.750000    1.978436   -1.228436 (VIOLATED)
_13036_/A2                              0.750000    1.978436   -1.228436 (VIOLATED)
_13063_/B1                              0.750000    1.978437   -1.228437 (VIOLATED)
_13119_/B1                              0.750000    1.978438   -1.228438 (VIOLATED)
_13074_/A2                              0.750000    1.978436   -1.228436 (VIOLATED)
_13087_/A2                              0.750000    1.978436   -1.228436 (VIOLATED)
_12964_/A2                              0.750000    1.978434   -1.228434 (VIOLATED)
_13104_/A2                              0.750000    1.978434   -1.228434 (VIOLATED)
_12162_/Y                               0.750000    1.978431   -1.228431 (VIOLATED)
_12766_/A2                              0.750000    1.978431   -1.228431 (VIOLATED)
_12775_/B1                              0.750000    1.978431   -1.228431 (VIOLATED)
_12911_/B1                              0.750000    1.978431   -1.228431 (VIOLATED)
_12925_/B1                              0.750000    1.978431   -1.228431 (VIOLATED)
_12938_/A2                              0.750000    1.978431   -1.228431 (VIOLATED)
_12978_/B1                              0.750000    1.978431   -1.228431 (VIOLATED)
_17371_/B                               0.750000    1.925880   -1.175880 (VIOLATED)
_17472_/B1                              0.750000    1.925880   -1.175880 (VIOLATED)
_17477_/A                               0.750000    1.925880   -1.175880 (VIOLATED)
_17481_/C                               0.750000    1.925880   -1.175880 (VIOLATED)
_17485_/A                               0.750000    1.925879   -1.175879 (VIOLATED)
_17489_/C                               0.750000    1.925879   -1.175879 (VIOLATED)
_17497_/A                               0.750000    1.925877   -1.175877 (VIOLATED)
_17501_/C                               0.750000    1.925876   -1.175876 (VIOLATED)
_17493_/A                               0.750000    1.925874   -1.175874 (VIOLATED)
_17505_/A                               0.750000    1.925875   -1.175875 (VIOLATED)
_17509_/C                               0.750000    1.925874   -1.175874 (VIOLATED)
_17464_/B1                              0.750000    1.925872   -1.175872 (VIOLATED)
_17469_/C                               0.750000    1.925872   -1.175872 (VIOLATED)
_17494_/A                               0.750000    1.925872   -1.175872 (VIOLATED)
_17513_/A                               0.750000    1.925871   -1.175871 (VIOLATED)
_17432_/C                               0.750000    1.925869   -1.175870 (VIOLATED)
_17455_/C                               0.750000    1.925869   -1.175870 (VIOLATED)
_17462_/C                               0.750000    1.925871   -1.175871 (VIOLATED)
_17517_/C                               0.750000    1.925871   -1.175871 (VIOLATED)
_17612_/A1                              0.750000    1.925870   -1.175870 (VIOLATED)
_17615_/A1                              0.750000    1.925870   -1.175870 (VIOLATED)
_17439_/C                               0.750000    1.925868   -1.175868 (VIOLATED)
_17521_/A                               0.750000    1.925867   -1.175867 (VIOLATED)
_17569_/B1                              0.750000    1.925868   -1.175868 (VIOLATED)
_17572_/B1                              0.750000    1.925868   -1.175868 (VIOLATED)
_17577_/C                               0.750000    1.925868   -1.175868 (VIOLATED)
_17443_/A                               0.750000    1.925866   -1.175866 (VIOLATED)
_17447_/C                               0.750000    1.925866   -1.175866 (VIOLATED)
_17451_/C                               0.750000    1.925866   -1.175866 (VIOLATED)
_17428_/C                               0.750000    1.925864   -1.175864 (VIOLATED)
_17525_/C                               0.750000    1.925865   -1.175865 (VIOLATED)
_17558_/B1                              0.750000    1.925866   -1.175866 (VIOLATED)
_17561_/B1                              0.750000    1.925866   -1.175866 (VIOLATED)
_17566_/C                               0.750000    1.925867   -1.175867 (VIOLATED)
_17550_/B1                              0.750000    1.925864   -1.175864 (VIOLATED)
_17555_/C                               0.750000    1.925864   -1.175864 (VIOLATED)
_17420_/A                               0.750000    1.925862   -1.175862 (VIOLATED)
_17424_/C                               0.750000    1.925863   -1.175863 (VIOLATED)
_17529_/A                               0.750000    1.925861   -1.175861 (VIOLATED)
_17547_/B1                              0.750000    1.925862   -1.175862 (VIOLATED)
_17533_/C                               0.750000    1.925859   -1.175859 (VIOLATED)
_17539_/B1                              0.750000    1.925858   -1.175858 (VIOLATED)
_17544_/C                               0.750000    1.925859   -1.175859 (VIOLATED)
_17536_/B1                              0.750000    1.925856   -1.175856 (VIOLATED)
_17374_/A                               0.750000    1.925848   -1.175848 (VIOLATED)
_17378_/A                               0.750000    1.925848   -1.175848 (VIOLATED)
_17382_/C                               0.750000    1.925848   -1.175848 (VIOLATED)
_17386_/A                               0.750000    1.925848   -1.175848 (VIOLATED)
_17389_/B1                              0.750000    1.925848   -1.175848 (VIOLATED)
_17393_/C                               0.750000    1.925847   -1.175847 (VIOLATED)
_17397_/A                               0.750000    1.925846   -1.175846 (VIOLATED)
_17401_/C                               0.750000    1.925846   -1.175846 (VIOLATED)
_17408_/B1                              0.750000    1.925844   -1.175844 (VIOLATED)
_17416_/C                               0.750000    1.925844   -1.175844 (VIOLATED)
_17367_/Y                               0.750000    1.925831   -1.175831 (VIOLATED)
_18792_/B1                              0.750000    1.903616   -1.153616 (VIOLATED)
_18799_/B1                              0.750000    1.903616   -1.153616 (VIOLATED)
_18849_/B1                              0.750000    1.903616   -1.153616 (VIOLATED)
_18806_/B1                              0.750000    1.903615   -1.153615 (VIOLATED)
_18813_/B1                              0.750000    1.903616   -1.153616 (VIOLATED)
_18828_/B1                              0.750000    1.903615   -1.153615 (VIOLATED)
_18835_/B1                              0.750000    1.903616   -1.153616 (VIOLATED)
_18842_/B1                              0.750000    1.903616   -1.153616 (VIOLATED)
_18863_/B1                              0.750000    1.903616   -1.153616 (VIOLATED)
_18870_/B1                              0.750000    1.903616   -1.153616 (VIOLATED)
_18877_/B1                              0.750000    1.903616   -1.153616 (VIOLATED)
_18879_/D                               0.750000    1.903616   -1.153616 (VIOLATED)
_18684_/B1                              0.750000    1.903613   -1.153613 (VIOLATED)
_18693_/A2                              0.750000    1.903614   -1.153614 (VIOLATED)
_18699_/B1                              0.750000    1.903614   -1.153614 (VIOLATED)
_18706_/B1                              0.750000    1.903613   -1.153613 (VIOLATED)
_18617_/Y                               0.750000    1.903610   -1.153610 (VIOLATED)
_18655_/B1                              0.750000    1.903610   -1.153610 (VIOLATED)
_18662_/B1                              0.750000    1.903610   -1.153610 (VIOLATED)
_18671_/A2                              0.750000    1.903610   -1.153610 (VIOLATED)
_18677_/B1                              0.750000    1.903610   -1.153610 (VIOLATED)
_18713_/B1                              0.750000    1.903610   -1.153610 (VIOLATED)
_18722_/A2                              0.750000    1.903610   -1.153610 (VIOLATED)
_18728_/B1                              0.750000    1.903610   -1.153610 (VIOLATED)
_18735_/B1                              0.750000    1.903610   -1.153610 (VIOLATED)
_18743_/A2                              0.750000    1.903610   -1.153610 (VIOLATED)
_18749_/B1                              0.750000    1.903610   -1.153610 (VIOLATED)
_18756_/B1                              0.750000    1.903610   -1.153610 (VIOLATED)
_18778_/B1                              0.750000    1.903610   -1.153610 (VIOLATED)
_18785_/B1                              0.750000    1.903610   -1.153610 (VIOLATED)
_13576_/A1                              0.750000    1.888490   -1.138490 (VIOLATED)
_13636_/A1                              0.750000    1.888489   -1.138489 (VIOLATED)
_13724_/A1                              0.750000    1.888490   -1.138490 (VIOLATED)
_13883_/A1                              0.750000    1.888489   -1.138489 (VIOLATED)
_14310_/A                               0.750000    1.888490   -1.138490 (VIOLATED)
_14419_/A                               0.750000    1.888489   -1.138489 (VIOLATED)
_15317_/A                               0.750000    1.888490   -1.138490 (VIOLATED)
_15804_/A                               0.750000    1.888489   -1.138489 (VIOLATED)
_15984_/A                               0.750000    1.888490   -1.138490 (VIOLATED)
_13362_/S                               0.750000    1.888488   -1.138488 (VIOLATED)
_13367_/B                               0.750000    1.888488   -1.138488 (VIOLATED)
_13368_/A2                              0.750000    1.888488   -1.138488 (VIOLATED)
_13369_/B                               0.750000    1.888488   -1.138488 (VIOLATED)
_13370_/A2                              0.750000    1.888488   -1.138488 (VIOLATED)
_13372_/B                               0.750000    1.888488   -1.138488 (VIOLATED)
_13373_/A2                              0.750000    1.888488   -1.138488 (VIOLATED)
_13411_/S                               0.750000    1.888487   -1.138487 (VIOLATED)
_15097_/C1                              0.750000    1.888488   -1.138488 (VIOLATED)
_15098_/A1                              0.750000    1.888489   -1.138489 (VIOLATED)
_15207_/A                               0.750000    1.888489   -1.138489 (VIOLATED)
_16082_/A                               0.750000    1.888489   -1.138489 (VIOLATED)
_16172_/A                               0.750000    1.888490   -1.138490 (VIOLATED)
_13357_/B                               0.750000    1.888486   -1.138486 (VIOLATED)
_13358_/A2                              0.750000    1.888486   -1.138486 (VIOLATED)
_13363_/B                               0.750000    1.888486   -1.138486 (VIOLATED)
_13384_/B                               0.750000    1.888485   -1.138485 (VIOLATED)
_16349_/A                               0.750000    1.888486   -1.138486 (VIOLATED)
_16350_/A1                              0.750000    1.888486   -1.138486 (VIOLATED)
_13802_/A                               0.750000    1.888484   -1.138484 (VIOLATED)
_13960_/A                               0.750000    1.888483   -1.138483 (VIOLATED)
_15708_/A                               0.750000    1.888484   -1.138484 (VIOLATED)
_15899_/A                               0.750000    1.888484   -1.138484 (VIOLATED)
_13359_/S                               0.750000    1.888482   -1.138482 (VIOLATED)
_14035_/A                               0.750000    1.888481   -1.138481 (VIOLATED)
_14039_/A1                              0.750000    1.888481   -1.138481 (VIOLATED)
_13337_/S                               0.750000    1.888479   -1.138479 (VIOLATED)
_13342_/S                               0.750000    1.888480   -1.138480 (VIOLATED)
_13343_/S                               0.750000    1.888480   -1.138480 (VIOLATED)
_13347_/B                               0.750000    1.888480   -1.138480 (VIOLATED)
_13348_/A2                              0.750000    1.888480   -1.138480 (VIOLATED)
_13349_/B                               0.750000    1.888480   -1.138480 (VIOLATED)
_13338_/S                               0.750000    1.888478   -1.138478 (VIOLATED)
_13519_/A1                              0.750000    1.888479   -1.138479 (VIOLATED)
_16258_/A                               0.750000    1.888479   -1.138479 (VIOLATED)
_13334_/S                               0.750000    1.888476   -1.138476 (VIOLATED)
_14880_/A                               0.750000    1.888477   -1.138477 (VIOLATED)
_14881_/A1                              0.750000    1.888477   -1.138477 (VIOLATED)
_13324_/Y                               0.750000    1.888474   -1.138474 (VIOLATED)
_13335_/S                               0.750000    1.888474   -1.138474 (VIOLATED)
_14124_/A                               0.750000    1.888474   -1.138474 (VIOLATED)
_14218_/A1                              0.750000    1.888474   -1.138474 (VIOLATED)
_14635_/A                               0.750000    1.888474   -1.138474 (VIOLATED)
_14990_/S                               0.750000    1.888474   -1.138474 (VIOLATED)
_15412_/A                               0.750000    1.888474   -1.138474 (VIOLATED)
_15512_/A1                              0.750000    1.888474   -1.138474 (VIOLATED)
_15100_/A1                              0.750000    1.814833   -1.064833 (VIOLATED)
_15210_/A1                              0.750000    1.814833   -1.064833 (VIOLATED)
_15807_/A1                              0.750000    1.814833   -1.064833 (VIOLATED)
_15988_/A1                              0.750000    1.814833   -1.064833 (VIOLATED)
_10090_/A                               0.750000    1.814831   -1.064831 (VIOLATED)
_11920_/B2                              0.750000    1.814828   -1.064828 (VIOLATED)
_16257_/C1                              0.750000    1.814829   -1.064829 (VIOLATED)
_11860_/B2                              0.750000    1.814824   -1.064824 (VIOLATED)
_13885_/A1                              0.750000    1.814825   -1.064825 (VIOLATED)
_15320_/A1                              0.750000    1.814825   -1.064825 (VIOLATED)
_16175_/A1                              0.750000    1.814825   -1.064825 (VIOLATED)
_11856_/C1                              0.750000    1.814822   -1.064822 (VIOLATED)
_13808_/A1                              0.750000    1.814813   -1.064813 (VIOLATED)
_13577_/B1                              0.750000    1.814809   -1.064809 (VIOLATED)
_13727_/A1                              0.750000    1.814810   -1.064810 (VIOLATED)
_14314_/A1                              0.750000    1.814809   -1.064809 (VIOLATED)
_14410_/B1                              0.750000    1.814810   -1.064810 (VIOLATED)
_13462_/B                               0.750000    1.814808   -1.064808 (VIOLATED)
_14422_/A1                              0.750000    1.814809   -1.064809 (VIOLATED)
_14526_/A1                              0.750000    1.814807   -1.064807 (VIOLATED)
_11979_/B2                              0.750000    1.814803   -1.064803 (VIOLATED)
_15711_/A1                              0.750000    1.814801   -1.064801 (VIOLATED)
_10043_/C                               0.750000    1.814798   -1.064798 (VIOLATED)
_11564_/B2                              0.750000    1.814798   -1.064798 (VIOLATED)
_10685_/C1                              0.750000    1.814797   -1.064797 (VIOLATED)
_10742_/C1                              0.750000    1.814790   -1.064790 (VIOLATED)
_15902_/A1                              0.750000    1.814776   -1.064776 (VIOLATED)
_11793_/C1                              0.750000    1.814775   -1.064775 (VIOLATED)
_16085_/A1                              0.750000    1.814775   -1.064775 (VIOLATED)
_16352_/A                               0.750000    1.814775   -1.064775 (VIOLATED)
_11797_/B2                              0.750000    1.814773   -1.064773 (VIOLATED)
_11736_/B2                              0.750000    1.814772   -1.064772 (VIOLATED)
_11491_/C1                              0.750000    1.814768   -1.064768 (VIOLATED)
_11674_/C1                              0.750000    1.814768   -1.064768 (VIOLATED)
_11622_/B2                              0.750000    1.814766   -1.064766 (VIOLATED)
_15612_/A1                              0.750000    1.814767   -1.064767 (VIOLATED)
_12262_/B                               0.750000    1.814764   -1.064764 (VIOLATED)
_10803_/C1                              0.750000    1.814761   -1.064761 (VIOLATED)
_12265_/B                               0.750000    1.814760   -1.064760 (VIOLATED)
_13465_/B2                              0.750000    1.814759   -1.064759 (VIOLATED)
_10769_/C                               0.750000    1.814758   -1.064758 (VIOLATED)
_11495_/B2                              0.750000    1.814758   -1.064758 (VIOLATED)
_13643_/B1                              0.750000    1.814756   -1.064756 (VIOLATED)
_13969_/A1                              0.750000    1.814752   -1.064752 (VIOLATED)
_14883_/A1                              0.750000    1.814744   -1.064744 (VIOLATED)
_10446_/C1                              0.750000    1.814739   -1.064739 (VIOLATED)
_11241_/C1                              0.750000    1.814733   -1.064733 (VIOLATED)
_11246_/B2                              0.750000    1.814733   -1.064733 (VIOLATED)
_11312_/B2                              0.750000    1.814733   -1.064733 (VIOLATED)
_14792_/C1                              0.750000    1.814732   -1.064732 (VIOLATED)
_14795_/C1                              0.750000    1.814732   -1.064732 (VIOLATED)
_14992_/A1                              0.750000    1.814732   -1.064732 (VIOLATED)
_11373_/B2                              0.750000    1.814731   -1.064731 (VIOLATED)
_11433_/B2                              0.750000    1.814730   -1.064730 (VIOLATED)
_15514_/A1                              0.750000    1.814731   -1.064731 (VIOLATED)
_11174_/C1                              0.750000    1.814729   -1.064729 (VIOLATED)
_13520_/B1                              0.750000    1.814729   -1.064729 (VIOLATED)
_15415_/A1                              0.750000    1.814729   -1.064729 (VIOLATED)
_10623_/C1                              0.750000    1.814726   -1.064726 (VIOLATED)
_11060_/B2                              0.750000    1.814725   -1.064725 (VIOLATED)
_11119_/B2                              0.750000    1.814724   -1.064724 (VIOLATED)
_14041_/A1                              0.750000    1.814723   -1.064724 (VIOLATED)
_14758_/A                               0.750000    1.814717   -1.064717 (VIOLATED)
_14759_/A1                              0.750000    1.814716   -1.064716 (VIOLATED)
_11000_/B2                              0.750000    1.814711   -1.064711 (VIOLATED)
_14638_/A1                              0.750000    1.814712   -1.064712 (VIOLATED)
_10045_/D                               0.750000    1.814704   -1.064704 (VIOLATED)
_10107_/B2                              0.750000    1.814704   -1.064704 (VIOLATED)
_10162_/C1                              0.750000    1.814703   -1.064703 (VIOLATED)
_10876_/C1                              0.750000    1.814697   -1.064697 (VIOLATED)
_10926_/C1                              0.750000    1.814695   -1.064695 (VIOLATED)
_14220_/A1                              0.750000    1.814692   -1.064692 (VIOLATED)
_10166_/B2                              0.750000    1.814689   -1.064689 (VIOLATED)
_14128_/A1                              0.750000    1.814673   -1.064673 (VIOLATED)
_10344_/B2                              0.750000    1.814665   -1.064665 (VIOLATED)
_10224_/B2                              0.750000    1.814664   -1.064664 (VIOLATED)
_10341_/C1                              0.750000    1.814663   -1.064663 (VIOLATED)
_10281_/B2                              0.750000    1.814661   -1.064661 (VIOLATED)
_10276_/C1                              0.750000    1.814660   -1.064660 (VIOLATED)
_10393_/C1                              0.750000    1.814645   -1.064645 (VIOLATED)
_10396_/B2                              0.750000    1.814637   -1.064637 (VIOLATED)
_10042_/Y                               0.750000    1.814608   -1.064608 (VIOLATED)
_12268_/A2                              0.750000    1.814608   -1.064608 (VIOLATED)
_12335_/A                               0.750000    1.814608   -1.064608 (VIOLATED)
_18190_/S                               0.750000    1.801931   -1.051932 (VIOLATED)
_18356_/A2                              0.750000    1.801931   -1.051932 (VIOLATED)
_18413_/A2                              0.750000    1.801932   -1.051932 (VIOLATED)
_18189_/S                               0.750000    1.801926   -1.051926 (VIOLATED)
_18184_/S                               0.750000    1.801924   -1.051924 (VIOLATED)
_18194_/S                               0.750000    1.801923   -1.051923 (VIOLATED)
_18379_/A2                              0.750000    1.801923   -1.051923 (VIOLATED)
_18390_/A2                              0.750000    1.801923   -1.051923 (VIOLATED)
_18188_/S                               0.750000    1.801919   -1.051919 (VIOLATED)
_18424_/A2                              0.750000    1.801920   -1.051920 (VIOLATED)
_18179_/S                               0.750000    1.801917   -1.051917 (VIOLATED)
_18326_/A2                              0.750000    1.801915   -1.051915 (VIOLATED)
_18362_/A2                              0.750000    1.801916   -1.051916 (VIOLATED)
_18185_/S                               0.750000    1.801913   -1.051913 (VIOLATED)
_18318_/A2                              0.750000    1.801912   -1.051912 (VIOLATED)
_18180_/S                               0.750000    1.801908   -1.051908 (VIOLATED)
_18196_/S                               0.750000    1.801909   -1.051909 (VIOLATED)
_18312_/A2                              0.750000    1.801909   -1.051909 (VIOLATED)
_18178_/S                               0.750000    1.801906   -1.051906 (VIOLATED)
_18177_/S                               0.750000    1.801904   -1.051904 (VIOLATED)
_18291_/A2                              0.750000    1.801903   -1.051903 (VIOLATED)
_18174_/S                               0.750000    1.801901   -1.051901 (VIOLATED)
_18373_/A2                              0.750000    1.801901   -1.051901 (VIOLATED)
_18298_/A2                              0.750000    1.801899   -1.051899 (VIOLATED)
_18191_/S                               0.750000    1.801896   -1.051896 (VIOLATED)
_18396_/A2                              0.750000    1.801896   -1.051896 (VIOLATED)
_18407_/A2                              0.750000    1.801897   -1.051897 (VIOLATED)
_18385_/A2                              0.750000    1.801895   -1.051895 (VIOLATED)
_18402_/A2                              0.750000    1.801894   -1.051894 (VIOLATED)
_18175_/S                               0.750000    1.801891   -1.051891 (VIOLATED)
_18192_/S                               0.750000    1.801890   -1.051890 (VIOLATED)
_18193_/S                               0.750000    1.801886   -1.051886 (VIOLATED)
_18183_/S                               0.750000    1.801885   -1.051885 (VIOLATED)
_18419_/A2                              0.750000    1.801886   -1.051886 (VIOLATED)
_18186_/S                               0.750000    1.801884   -1.051884 (VIOLATED)
_18187_/S                               0.750000    1.801884   -1.051884 (VIOLATED)
_18351_/A2                              0.750000    1.801884   -1.051884 (VIOLATED)
_18195_/S                               0.750000    1.801879   -1.051879 (VIOLATED)
_18333_/A2                              0.750000    1.801877   -1.051877 (VIOLATED)
_18182_/S                               0.750000    1.801873   -1.051873 (VIOLATED)
_18339_/A2                              0.750000    1.801870   -1.051870 (VIOLATED)
_18268_/A2                              0.750000    1.801867   -1.051867 (VIOLATED)
_18305_/A2                              0.750000    1.801865   -1.051865 (VIOLATED)
_18160_/S                               0.750000    1.801863   -1.051863 (VIOLATED)
_18345_/A2                              0.750000    1.801864   -1.051864 (VIOLATED)
_18368_/A2                              0.750000    1.801864   -1.051864 (VIOLATED)
_18161_/S                               0.750000    1.801860   -1.051860 (VIOLATED)
_18176_/S                               0.750000    1.801854   -1.051854 (VIOLATED)
_18261_/A2                              0.750000    1.801849   -1.051849 (VIOLATED)
_18181_/S                               0.750000    1.801845   -1.051845 (VIOLATED)
_18165_/S                               0.750000    1.801832   -1.051832 (VIOLATED)
_18254_/A2                              0.750000    1.801828   -1.051828 (VIOLATED)
_18225_/A2                              0.750000    1.801815   -1.051815 (VIOLATED)
_18247_/A2                              0.750000    1.801806   -1.051806 (VIOLATED)
_18155_/S                               0.750000    1.801804   -1.051804 (VIOLATED)
_17974_/B                               0.750000    1.801799   -1.051799 (VIOLATED)
_18240_/A2                              0.750000    1.801796   -1.051796 (VIOLATED)
_17992_/B                               0.750000    1.801766   -1.051766 (VIOLATED)
_18158_/S                               0.750000    1.801766   -1.051766 (VIOLATED)
_18173_/S                               0.750000    1.801760   -1.051760 (VIOLATED)
_18275_/A2                              0.750000    1.801760   -1.051760 (VIOLATED)
_18283_/A2                              0.750000    1.801760   -1.051760 (VIOLATED)
_18172_/S                               0.750000    1.801758   -1.051759 (VIOLATED)
_18171_/S                               0.750000    1.801757   -1.051757 (VIOLATED)
_18170_/S                               0.750000    1.801755   -1.051755 (VIOLATED)
_18169_/S                               0.750000    1.801751   -1.051751 (VIOLATED)
_18168_/S                               0.750000    1.801747   -1.051747 (VIOLATED)
_17986_/A2_N                            0.750000    1.801740   -1.051740 (VIOLATED)
_18157_/S                               0.750000    1.801738   -1.051738 (VIOLATED)
_18167_/S                               0.750000    1.801738   -1.051738 (VIOLATED)
_17967_/Y                               0.750000    1.801704   -1.051704 (VIOLATED)
_18156_/S                               0.750000    1.801704   -1.051704 (VIOLATED)
_18159_/S                               0.750000    1.801704   -1.051704 (VIOLATED)
_18162_/S                               0.750000    1.801704   -1.051704 (VIOLATED)
_18163_/S                               0.750000    1.801704   -1.051704 (VIOLATED)
_18164_/S                               0.750000    1.801704   -1.051704 (VIOLATED)
_18166_/S                               0.750000    1.801704   -1.051704 (VIOLATED)
_18232_/A2                              0.750000    1.801704   -1.051704 (VIOLATED)
_10127_/A1                              0.750000    1.783250   -1.033250 (VIOLATED)
_14487_/A1                              0.750000    1.783250   -1.033250 (VIOLATED)
_10235_/B1                              0.750000    1.783247   -1.033247 (VIOLATED)
_11069_/C1                              0.750000    1.783225   -1.033225 (VIOLATED)
_11196_/C1                              0.750000    1.783208   -1.033208 (VIOLATED)
_11644_/C1                              0.750000    1.783195   -1.033195 (VIOLATED)
_11019_/C1                              0.750000    1.783171   -1.033171 (VIOLATED)
_10470_/C1                              0.750000    1.783119   -1.033119 (VIOLATED)
_11942_/C1                              0.750000    1.783077   -1.033077 (VIOLATED)
_11936_/A                               0.750000    1.782963   -1.032963 (VIOLATED)
_10837_/B1                              0.750000    1.782884   -1.032884 (VIOLATED)
_10966_/C1                              0.750000    1.782863   -1.032863 (VIOLATED)
_11390_/B1                              0.750000    1.782857   -1.032858 (VIOLATED)
_13928_/A1                              0.750000    1.782822   -1.032822 (VIOLATED)
_11455_/A1                              0.750000    1.782820   -1.032820 (VIOLATED)
_10416_/B2                              0.750000    1.782676   -1.032676 (VIOLATED)
_11524_/A1                              0.750000    1.782426   -1.032426 (VIOLATED)
_10587_/C1                              0.750000    1.782395   -1.032395 (VIOLATED)
_11522_/C1                              0.750000    1.782326   -1.032326 (VIOLATED)
_10177_/B1                              0.750000    1.782231   -1.032231 (VIOLATED)
_09906_/C1                              0.750000    1.782229   -1.032229 (VIOLATED)
_11759_/C1                              0.750000    1.782214   -1.032214 (VIOLATED)
_11693_/B1                              0.750000    1.782198   -1.032198 (VIOLATED)
_10295_/B1                              0.750000    1.782187   -1.032187 (VIOLATED)
_10959_/A                               0.750000    1.782182   -1.032182 (VIOLATED)
_11881_/C1                              0.750000    1.782182   -1.032182 (VIOLATED)
_11578_/B1                              0.750000    1.782171   -1.032171 (VIOLATED)
_11136_/C1                              0.750000    1.782161   -1.032161 (VIOLATED)
_11817_/B2                              0.750000    1.782096   -1.032096 (VIOLATED)
_09845_/A                               0.750000    1.782026   -1.032026 (VIOLATED)
_10641_/B1                              0.750000    1.781746   -1.031746 (VIOLATED)
_10764_/C1                              0.750000    1.781742   -1.031742 (VIOLATED)
_10899_/C1                              0.750000    1.781737   -1.031737 (VIOLATED)
_10525_/C1                              0.750000    1.781721   -1.031721 (VIOLATED)
_11266_/B1                              0.750000    1.781717   -1.031717 (VIOLATED)
_10362_/A1                              0.750000    1.781696   -1.031696 (VIOLATED)
_10363_/A1                              0.750000    1.781696   -1.031696 (VIOLATED)
_10711_/C1                              0.750000    1.781686   -1.031686 (VIOLATED)
_11328_/C1                              0.750000    1.781650   -1.031650 (VIOLATED)
_10887_/B1                              0.750000    1.781616   -1.031616 (VIOLATED)
_10511_/A1                              0.750000    1.781430   -1.031430 (VIOLATED)
_18384_/B2                              0.750000    1.781426   -1.031426 (VIOLATED)
_11985_/A                               0.750000    1.781406   -1.031406 (VIOLATED)
_12050_/A                               0.750000    1.781406   -1.031406 (VIOLATED)
_12007_/A                               0.750000    1.781404   -1.031404 (VIOLATED)
_12048_/A                               0.750000    1.781402   -1.031402 (VIOLATED)
_12049_/A                               0.750000    1.781400   -1.031400 (VIOLATED)
_12158_/A                               0.750000    1.781399   -1.031399 (VIOLATED)
_12055_/A                               0.750000    1.781389   -1.031389 (VIOLATED)
_12060_/A                               0.750000    1.781389   -1.031389 (VIOLATED)
_12062_/A                               0.750000    1.781389   -1.031389 (VIOLATED)
_12130_/A1                              0.750000    1.781389   -1.031389 (VIOLATED)
_12106_/A                               0.750000    1.781381   -1.031381 (VIOLATED)
_12112_/A                               0.750000    1.781381   -1.031381 (VIOLATED)
_12114_/A                               0.750000    1.781381   -1.031381 (VIOLATED)
_12118_/A                               0.750000    1.781381   -1.031381 (VIOLATED)
_12139_/B2                              0.750000    1.781382   -1.031382 (VIOLATED)
_11984_/A                               0.750000    1.781380   -1.031380 (VIOLATED)
_19645_/A0                              0.750000    1.781375   -1.031375 (VIOLATED)
_21627_/Q                               0.750000    1.781375   -1.031375 (VIOLATED)
_13055_/A1                              0.750000    1.774406   -1.024406 (VIOLATED)
_13068_/A1                              0.750000    1.774406   -1.024406 (VIOLATED)
_13081_/A1                              0.750000    1.774405   -1.024405 (VIOLATED)
_12946_/A1                              0.750000    1.774404   -1.024404 (VIOLATED)
_12988_/A1                              0.750000    1.774405   -1.024405 (VIOLATED)
_13041_/A1                              0.750000    1.774403   -1.024403 (VIOLATED)
_12932_/A1                              0.750000    1.774402   -1.024402 (VIOLATED)
_13014_/A1                              0.750000    1.774402   -1.024402 (VIOLATED)
_13028_/A1                              0.750000    1.774403   -1.024403 (VIOLATED)
_12974_/A1                              0.750000    1.774401   -1.024401 (VIOLATED)
_13111_/A1                              0.750000    1.774400   -1.024400 (VIOLATED)
_12918_/A1                              0.750000    1.774398   -1.024398 (VIOLATED)
_13001_/A1                              0.750000    1.774392   -1.024392 (VIOLATED)
_12891_/A1                              0.750000    1.774389   -1.024389 (VIOLATED)
_12960_/A1                              0.750000    1.774390   -1.024390 (VIOLATED)
_13095_/A1                              0.750000    1.774390   -1.024390 (VIOLATED)
_12904_/A1                              0.750000    1.774389   -1.024389 (VIOLATED)
_13125_/A1                              0.750000    1.774390   -1.024390 (VIOLATED)
_12825_/A1                              0.750000    1.774386   -1.024386 (VIOLATED)
_12864_/A1                              0.750000    1.774387   -1.024387 (VIOLATED)
_12878_/A1                              0.750000    1.774388   -1.024388 (VIOLATED)
_12837_/A1                              0.750000    1.774385   -1.024385 (VIOLATED)
_12813_/A1                              0.750000    1.774383   -1.024383 (VIOLATED)
_12851_/A1                              0.750000    1.774383   -1.024383 (VIOLATED)
_12798_/A1                              0.750000    1.774381   -1.024381 (VIOLATED)
_12783_/A1                              0.750000    1.774379   -1.024379 (VIOLATED)
_12770_/A1                              0.750000    1.774378   -1.024378 (VIOLATED)
_12756_/A1                              0.750000    1.774376   -1.024376 (VIOLATED)
_13241_/B                               0.750000    1.774375   -1.024375 (VIOLATED)
_13255_/B                               0.750000    1.774374   -1.024374 (VIOLATED)
_12672_/Y                               0.750000    1.774372   -1.024372 (VIOLATED)
_12713_/A                               0.750000    1.774372   -1.024372 (VIOLATED)
_12730_/A1                              0.750000    1.774372   -1.024372 (VIOLATED)
_12744_/A1                              0.750000    1.774372   -1.024372 (VIOLATED)
_18298_/C1                              0.750000    1.721931   -0.971931 (VIOLATED)
_18240_/C1                              0.750000    1.721930   -0.971930 (VIOLATED)
_18247_/C1                              0.750000    1.721930   -0.971930 (VIOLATED)
_18254_/C1                              0.750000    1.721930   -0.971930 (VIOLATED)
_18268_/C1                              0.750000    1.721931   -0.971931 (VIOLATED)
_18275_/C1                              0.750000    1.721931   -0.971931 (VIOLATED)
_18283_/C1                              0.750000    1.721931   -0.971931 (VIOLATED)
_18291_/C1                              0.750000    1.721931   -0.971931 (VIOLATED)
_18424_/C1                              0.750000    1.721931   -0.971931 (VIOLATED)
_18261_/C1                              0.750000    1.721929   -0.971929 (VIOLATED)
_18312_/C1                              0.750000    1.721930   -0.971930 (VIOLATED)
_18318_/C1                              0.750000    1.721930   -0.971930 (VIOLATED)
_18326_/C1                              0.750000    1.721930   -0.971930 (VIOLATED)
_18333_/C1                              0.750000    1.721930   -0.971930 (VIOLATED)
_18305_/C1                              0.750000    1.721928   -0.971928 (VIOLATED)
_18221_/Y                               0.750000    1.721924   -0.971924 (VIOLATED)
_18225_/C1                              0.750000    1.721924   -0.971924 (VIOLATED)
_18232_/C1                              0.750000    1.721924   -0.971924 (VIOLATED)
_18339_/C1                              0.750000    1.721924   -0.971924 (VIOLATED)
_18345_/C1                              0.750000    1.721924   -0.971924 (VIOLATED)
_18351_/C1                              0.750000    1.721924   -0.971924 (VIOLATED)
_18356_/C1                              0.750000    1.721924   -0.971924 (VIOLATED)
_18362_/C1                              0.750000    1.721924   -0.971924 (VIOLATED)
_18368_/C1                              0.750000    1.721924   -0.971924 (VIOLATED)
_18373_/C1                              0.750000    1.721924   -0.971924 (VIOLATED)
_18379_/C1                              0.750000    1.721924   -0.971924 (VIOLATED)
_18385_/C1                              0.750000    1.721924   -0.971924 (VIOLATED)
_18390_/C1                              0.750000    1.721924   -0.971924 (VIOLATED)
_18396_/C1                              0.750000    1.721924   -0.971924 (VIOLATED)
_18402_/C1                              0.750000    1.721924   -0.971924 (VIOLATED)
_18407_/C1                              0.750000    1.721924   -0.971924 (VIOLATED)
_18413_/C1                              0.750000    1.721924   -0.971924 (VIOLATED)
_18419_/C1                              0.750000    1.721924   -0.971924 (VIOLATED)
_12630_/A2                              0.750000    1.691378   -0.941378 (VIOLATED)
_12650_/A2                              0.750000    1.691378   -0.941378 (VIOLATED)
_12668_/B                               0.750000    1.691378   -0.941378 (VIOLATED)
_12621_/S                               0.750000    1.691376   -0.941376 (VIOLATED)
_12622_/S                               0.750000    1.691375   -0.941375 (VIOLATED)
_12584_/B2                              0.750000    1.691372   -0.941372 (VIOLATED)
_12578_/A1                              0.750000    1.691369   -0.941369 (VIOLATED)
_12612_/A2                              0.750000    1.691359   -0.941359 (VIOLATED)
_12581_/A                               0.750000    1.691357   -0.941357 (VIOLATED)
_12594_/A                               0.750000    1.691356   -0.941356 (VIOLATED)
_12601_/S                               0.750000    1.691348   -0.941348 (VIOLATED)
_12590_/S                               0.750000    1.691346   -0.941346 (VIOLATED)
_12242_/A                               0.750000    1.691343   -0.941343 (VIOLATED)
_12602_/S                               0.750000    1.691343   -0.941343 (VIOLATED)
_12591_/B                               0.750000    1.691342   -0.941342 (VIOLATED)
_12592_/A2                              0.750000    1.691342   -0.941342 (VIOLATED)
_12595_/A                               0.750000    1.691343   -0.941343 (VIOLATED)
_12619_/A                               0.750000    1.691343   -0.941343 (VIOLATED)
_12633_/A2                              0.750000    1.691341   -0.941341 (VIOLATED)
_12598_/A                               0.750000    1.691338   -0.941338 (VIOLATED)
_12608_/S0                              0.750000    1.691338   -0.941338 (VIOLATED)
_12604_/S0                              0.750000    1.691336   -0.941336 (VIOLATED)
_12238_/A                               0.750000    1.691128   -0.941128 (VIOLATED)
_18627_/B                               0.750000    1.690884   -0.940885 (VIOLATED)
_12237_/Y                               0.750000    1.690871   -0.940871 (VIOLATED)
_12464_/A                               0.750000    1.680455   -0.930456 (VIOLATED)
_12475_/A                               0.750000    1.680456   -0.930456 (VIOLATED)
_12447_/A                               0.750000    1.680454   -0.930454 (VIOLATED)
_12453_/A                               0.750000    1.680455   -0.930455 (VIOLATED)
_12459_/A                               0.750000    1.680455   -0.930455 (VIOLATED)
_12442_/A                               0.750000    1.680453   -0.930453 (VIOLATED)
_19077_/B1                              0.750000    1.680451   -0.930451 (VIOLATED)
_12438_/B1                              0.750000    1.680450   -0.930450 (VIOLATED)
_12443_/B1                              0.750000    1.680449   -0.930450 (VIOLATED)
_12429_/B1                              0.750000    1.680445   -0.930445 (VIOLATED)
_12414_/B1                              0.750000    1.680443   -0.930443 (VIOLATED)
_12422_/B1                              0.750000    1.680443   -0.930443 (VIOLATED)
_12428_/A                               0.750000    1.680442   -0.930442 (VIOLATED)
_12389_/B1                              0.750000    1.680438   -0.930438 (VIOLATED)
_12403_/B1                              0.750000    1.680438   -0.930438 (VIOLATED)
_19064_/A1                              0.750000    1.680439   -0.930439 (VIOLATED)
_19060_/B1                              0.750000    1.680418   -0.930418 (VIOLATED)
_12496_/A                               0.750000    1.680417   -0.930417 (VIOLATED)
_12507_/A                               0.750000    1.680417   -0.930417 (VIOLATED)
_12517_/A                               0.750000    1.680416   -0.930416 (VIOLATED)
_12550_/A                               0.750000    1.680417   -0.930417 (VIOLATED)
_12522_/A                               0.750000    1.680415   -0.930415 (VIOLATED)
_12528_/B1                              0.750000    1.680416   -0.930416 (VIOLATED)
_12555_/A                               0.750000    1.680416   -0.930416 (VIOLATED)
_12502_/B1                              0.750000    1.680413   -0.930413 (VIOLATED)
_12469_/B1                              0.750000    1.680411   -0.930411 (VIOLATED)
_12486_/A                               0.750000    1.680412   -0.930412 (VIOLATED)
_12491_/A                               0.750000    1.680412   -0.930412 (VIOLATED)
_12512_/A                               0.750000    1.680411   -0.930411 (VIOLATED)
_12533_/A                               0.750000    1.680412   -0.930412 (VIOLATED)
_12539_/A                               0.750000    1.680412   -0.930412 (VIOLATED)
_12545_/A                               0.750000    1.680412   -0.930412 (VIOLATED)
_12560_/A                               0.750000    1.680411   -0.930411 (VIOLATED)
_19056_/B1                              0.750000    1.680412   -0.930412 (VIOLATED)
_12388_/A                               0.750000    1.680407   -0.930407 (VIOLATED)
_12481_/B1                              0.750000    1.680408   -0.930408 (VIOLATED)
_19048_/A1                              0.750000    1.680401   -0.930401 (VIOLATED)
_12359_/Y                               0.750000    1.680398   -0.930398 (VIOLATED)
_21672_/RESET_B                         0.750000    1.653109   -0.903109 (VIOLATED)
_21697_/RESET_B                         0.750000    1.653106   -0.903106 (VIOLATED)
_21671_/RESET_B                         0.750000    1.653094   -0.903094 (VIOLATED)
_21698_/RESET_B                         0.750000    1.653088   -0.903088 (VIOLATED)
_21667_/RESET_B                         0.750000    1.652999   -0.902999 (VIOLATED)
_20548_/RESET_B                         0.750000    1.652938   -0.902938 (VIOLATED)
_20580_/RESET_B                         0.750000    1.652936   -0.902936 (VIOLATED)
_20011_/RESET_B                         0.750000    1.652925   -0.902925 (VIOLATED)
_20043_/RESET_B                         0.750000    1.652919   -0.902919 (VIOLATED)
_20676_/RESET_B                         0.750000    1.652920   -0.902920 (VIOLATED)
_20644_/RESET_B                         0.750000    1.652912   -0.902912 (VIOLATED)
_21677_/RESET_B                         0.750000    1.652784   -0.902784 (VIOLATED)
_21685_/RESET_B                         0.750000    1.652774   -0.902774 (VIOLATED)
_21693_/RESET_B                         0.750000    1.652760   -0.902760 (VIOLATED)
_20107_/RESET_B                         0.750000    1.652687   -0.902687 (VIOLATED)
_20075_/RESET_B                         0.750000    1.652669   -0.902669 (VIOLATED)
_20875_/RESET_B                         0.750000    1.652574   -0.902574 (VIOLATED)
_20907_/RESET_B                         0.750000    1.652530   -0.902530 (VIOLATED)
_19947_/RESET_B                         0.750000    1.652131   -0.902131 (VIOLATED)
_19979_/RESET_B                         0.750000    1.652092   -0.902092 (VIOLATED)
_20041_/RESET_B                         0.750000    1.651512   -0.901512 (VIOLATED)
_20009_/RESET_B                         0.750000    1.651431   -0.901431 (VIOLATED)
_20004_/RESET_B                         0.750000    1.650701   -0.900701 (VIOLATED)
_20036_/RESET_B                         0.750000    1.650695   -0.900695 (VIOLATED)
_20420_/RESET_B                         0.750000    1.650666   -0.900666 (VIOLATED)
_20452_/RESET_B                         0.750000    1.650661   -0.900661 (VIOLATED)
_20100_/RESET_B                         0.750000    1.650642   -0.900642 (VIOLATED)
_20068_/RESET_B                         0.750000    1.650632   -0.900632 (VIOLATED)
_20484_/RESET_B                         0.750000    1.650621   -0.900621 (VIOLATED)
_20164_/RESET_B                         0.750000    1.650522   -0.900522 (VIOLATED)
_20228_/RESET_B                         0.750000    1.650500   -0.900500 (VIOLATED)
_20516_/RESET_B                         0.750000    1.650339   -0.900339 (VIOLATED)
_20132_/RESET_B                         0.750000    1.650306   -0.900306 (VIOLATED)
_20873_/RESET_B                         0.750000    1.650223   -0.900223 (VIOLATED)
_20196_/RESET_B                         0.750000    1.650192   -0.900192 (VIOLATED)
_20388_/RESET_B                         0.750000    1.650071   -0.900071 (VIOLATED)
_20324_/RESET_B                         0.750000    1.650070   -0.900070 (VIOLATED)
_20905_/RESET_B                         0.750000    1.650066   -0.900066 (VIOLATED)
_20356_/RESET_B                         0.750000    1.650001   -0.900001 (VIOLATED)
_20292_/RESET_B                         0.750000    1.649987   -0.899987 (VIOLATED)
_19977_/RESET_B                         0.750000    1.649630   -0.899630 (VIOLATED)
_20073_/RESET_B                         0.750000    1.649511   -0.899511 (VIOLATED)
_20105_/RESET_B                         0.750000    1.649509   -0.899509 (VIOLATED)
_20713_/RESET_B                         0.750000    1.649405   -0.899405 (VIOLATED)
_19945_/RESET_B                         0.750000    1.649391   -0.899391 (VIOLATED)
_20617_/RESET_B                         0.750000    1.649389   -0.899389 (VIOLATED)
_20265_/RESET_B                         0.750000    1.649319   -0.899319 (VIOLATED)
_16981_/S                               0.750000    1.648744   -0.898744 (VIOLATED)
_16983_/S                               0.750000    1.648739   -0.898739 (VIOLATED)
_16984_/S                               0.750000    1.648739   -0.898739 (VIOLATED)
_16977_/S                               0.750000    1.648730   -0.898730 (VIOLATED)
_16980_/S                               0.750000    1.648724   -0.898724 (VIOLATED)
_16992_/S                               0.750000    1.648706   -0.898706 (VIOLATED)
_16985_/S                               0.750000    1.648692   -0.898692 (VIOLATED)
_16989_/S                               0.750000    1.648679   -0.898679 (VIOLATED)
_16993_/S                               0.750000    1.648679   -0.898679 (VIOLATED)
_16987_/S                               0.750000    1.648677   -0.898677 (VIOLATED)
_16982_/S                               0.750000    1.648675   -0.898675 (VIOLATED)
_16998_/S                               0.750000    1.648663   -0.898663 (VIOLATED)
_16997_/S                               0.750000    1.648661   -0.898661 (VIOLATED)
_16996_/S                               0.750000    1.648654   -0.898654 (VIOLATED)
_16995_/S                               0.750000    1.648652   -0.898652 (VIOLATED)
_16999_/S                               0.750000    1.648644   -0.898644 (VIOLATED)
_16972_/S                               0.750000    1.648633   -0.898633 (VIOLATED)
_16986_/S                               0.750000    1.648628   -0.898628 (VIOLATED)
_17000_/S                               0.750000    1.648626   -0.898626 (VIOLATED)
_16976_/S                               0.750000    1.648624   -0.898624 (VIOLATED)
_16970_/S                               0.750000    1.648614   -0.898614 (VIOLATED)
_16994_/S                               0.750000    1.648614   -0.898614 (VIOLATED)
_16978_/S                               0.750000    1.648603   -0.898603 (VIOLATED)
_17001_/S                               0.750000    1.648603   -0.898603 (VIOLATED)
_16975_/S                               0.750000    1.648594   -0.898594 (VIOLATED)
_16973_/S                               0.750000    1.648585   -0.898585 (VIOLATED)
_16988_/S                               0.750000    1.648583   -0.898583 (VIOLATED)
_16971_/S                               0.750000    1.648566   -0.898566 (VIOLATED)
_16974_/S                               0.750000    1.648561   -0.898561 (VIOLATED)
_16990_/S                               0.750000    1.648520   -0.898520 (VIOLATED)
_16991_/S                               0.750000    1.648506   -0.898506 (VIOLATED)
_16979_/S                               0.750000    1.648491   -0.898491 (VIOLATED)
_16969_/X                               0.750000    1.648482   -0.898482 (VIOLATED)
_20745_/RESET_B                         0.750000    1.648477   -0.898477 (VIOLATED)
_20555_/RESET_B                         0.750000    1.648199   -0.898199 (VIOLATED)
_20587_/RESET_B                         0.750000    1.648198   -0.898198 (VIOLATED)
_20651_/RESET_B                         0.750000    1.648155   -0.898155 (VIOLATED)
_20683_/RESET_B                         0.750000    1.648142   -0.898142 (VIOLATED)
_20777_/RESET_B                         0.750000    1.648071   -0.898071 (VIOLATED)
_20459_/RESET_B                         0.750000    1.647989   -0.897989 (VIOLATED)
_20427_/RESET_B                         0.750000    1.647879   -0.897879 (VIOLATED)
_20523_/RESET_B                         0.750000    1.647836   -0.897836 (VIOLATED)
_20491_/RESET_B                         0.750000    1.647799   -0.897799 (VIOLATED)
_20553_/RESET_B                         0.750000    1.647700   -0.897700 (VIOLATED)
_20585_/RESET_B                         0.750000    1.647698   -0.897698 (VIOLATED)
_20681_/RESET_B                         0.750000    1.647683   -0.897683 (VIOLATED)
_20809_/RESET_B                         0.750000    1.647677   -0.897677 (VIOLATED)
_20841_/RESET_B                         0.750000    1.647677   -0.897677 (VIOLATED)
_20649_/RESET_B                         0.750000    1.647668   -0.897668 (VIOLATED)
_20425_/RESET_B                         0.750000    1.647538   -0.897538 (VIOLATED)
_20457_/RESET_B                         0.750000    1.647509   -0.897509 (VIOLATED)
_20489_/RESET_B                         0.750000    1.647308   -0.897308 (VIOLATED)
_20521_/RESET_B                         0.750000    1.647195   -0.897195 (VIOLATED)
_20297_/RESET_B                         0.750000    1.646494   -0.896494 (VIOLATED)
_20329_/RESET_B                         0.750000    1.646493   -0.896493 (VIOLATED)
_20137_/RESET_B                         0.750000    1.646484   -0.896484 (VIOLATED)
_20393_/RESET_B                         0.750000    1.646450   -0.896450 (VIOLATED)
_20361_/RESET_B                         0.750000    1.646413   -0.896413 (VIOLATED)
_20169_/RESET_B                         0.750000    1.646331   -0.896331 (VIOLATED)
_20299_/RESET_B                         0.750000    1.646240   -0.896240 (VIOLATED)
_20363_/RESET_B                         0.750000    1.646200   -0.896200 (VIOLATED)
_20395_/RESET_B                         0.750000    1.646156   -0.896156 (VIOLATED)
_20331_/RESET_B                         0.750000    1.646077   -0.896077 (VIOLATED)
_20233_/RESET_B                         0.750000    1.645892   -0.895892 (VIOLATED)
_20201_/RESET_B                         0.750000    1.645820   -0.895820 (VIOLATED)
_20708_/RESET_B                         0.750000    1.645679   -0.895680 (VIOLATED)
_20203_/RESET_B                         0.750000    1.645621   -0.895621 (VIOLATED)
_20235_/RESET_B                         0.750000    1.645618   -0.895618 (VIOLATED)
_20139_/RESET_B                         0.750000    1.645326   -0.895326 (VIOLATED)
_20171_/RESET_B                         0.750000    1.645273   -0.895273 (VIOLATED)
_20612_/RESET_B                         0.750000    1.645261   -0.895261 (VIOLATED)
_20772_/RESET_B                         0.750000    1.644235   -0.894235 (VIOLATED)
_20836_/RESET_B                         0.750000    1.644234   -0.894234 (VIOLATED)
_20740_/RESET_B                         0.750000    1.644227   -0.894227 (VIOLATED)
_20804_/RESET_B                         0.750000    1.644172   -0.894172 (VIOLATED)
_20260_/RESET_B                         0.750000    1.644031   -0.894031 (VIOLATED)
_20434_/RESET_B                         0.750000    1.643826   -0.893826 (VIOLATED)
_20498_/RESET_B                         0.750000    1.643757   -0.893757 (VIOLATED)
_20466_/RESET_B                         0.750000    1.642899   -0.892899 (VIOLATED)
_20530_/RESET_B                         0.750000    1.642798   -0.892798 (VIOLATED)
_20750_/RESET_B                         0.750000    1.641683   -0.891683 (VIOLATED)
_20562_/RESET_B                         0.750000    1.641678   -0.891678 (VIOLATED)
_20782_/RESET_B                         0.750000    1.641116   -0.891116 (VIOLATED)
_20846_/RESET_B                         0.750000    1.640605   -0.890605 (VIOLATED)
_20814_/RESET_B                         0.750000    1.640527   -0.890527 (VIOLATED)
_20594_/RESET_B                         0.750000    1.640424   -0.890424 (VIOLATED)
_20690_/RESET_B                         0.750000    1.640275   -0.890275 (VIOLATED)
_20658_/RESET_B                         0.750000    1.639548   -0.889548 (VIOLATED)
_20267_/RESET_B                         0.750000    1.638864   -0.888864 (VIOLATED)
_20715_/RESET_B                         0.750000    1.638828   -0.888828 (VIOLATED)
_20619_/RESET_B                         0.750000    1.638824   -0.888824 (VIOLATED)
_20747_/RESET_B                         0.750000    1.638658   -0.888658 (VIOLATED)
_20779_/RESET_B                         0.750000    1.638624   -0.888624 (VIOLATED)
_20843_/RESET_B                         0.750000    1.638603   -0.888603 (VIOLATED)
_20811_/RESET_B                         0.750000    1.638579   -0.888579 (VIOLATED)
_20754_/RESET_B                         0.750000    1.638250   -0.888250 (VIOLATED)
_20786_/RESET_B                         0.750000    1.638251   -0.888251 (VIOLATED)
_20850_/RESET_B                         0.750000    1.638178   -0.888178 (VIOLATED)
_20722_/RESET_B                         0.750000    1.638177   -0.888177 (VIOLATED)
_20818_/RESET_B                         0.750000    1.638169   -0.888169 (VIOLATED)
_20274_/RESET_B                         0.750000    1.637574   -0.887574 (VIOLATED)
_20626_/RESET_B                         0.750000    1.637353   -0.887353 (VIOLATED)
_20874_/RESET_B                         0.750000    1.637251   -0.887251 (VIOLATED)
_20906_/RESET_B                         0.750000    1.637251   -0.887251 (VIOLATED)
_19978_/RESET_B                         0.750000    1.636908   -0.886908 (VIOLATED)
_19946_/RESET_B                         0.750000    1.636837   -0.886837 (VIOLATED)
_20714_/RESET_B                         0.750000    1.634201   -0.884201 (VIOLATED)
_20430_/RESET_B                         0.750000    1.633411   -0.883411 (VIOLATED)
_20462_/RESET_B                         0.750000    1.633399   -0.883399 (VIOLATED)
_20526_/RESET_B                         0.750000    1.633099   -0.883099 (VIOLATED)
_20494_/RESET_B                         0.750000    1.632913   -0.882913 (VIOLATED)
_20746_/RESET_B                         0.750000    1.631320   -0.881320 (VIOLATED)
_20618_/RESET_B                         0.750000    1.631288   -0.881288 (VIOLATED)
_20266_/RESET_B                         0.750000    1.631284   -0.881284 (VIOLATED)
_20018_/RESET_B                         0.750000    1.628056   -0.878056 (VIOLATED)
_20050_/RESET_B                         0.750000    1.627709   -0.877709 (VIOLATED)
_20302_/RESET_B                         0.750000    1.627486   -0.877486 (VIOLATED)
_20334_/RESET_B                         0.750000    1.627109   -0.877109 (VIOLATED)
_20114_/RESET_B                         0.750000    1.626957   -0.876957 (VIOLATED)
_20082_/RESET_B                         0.750000    1.626624   -0.876624 (VIOLATED)
_20366_/RESET_B                         0.750000    1.626395   -0.876395 (VIOLATED)
_20398_/RESET_B                         0.750000    1.626349   -0.876349 (VIOLATED)
_20882_/RESET_B                         0.750000    1.626129   -0.876129 (VIOLATED)
_13383_/S                               0.750000    1.624899   -0.874899 (VIOLATED)
_13392_/S                               0.750000    1.624899   -0.874899 (VIOLATED)
_13401_/S                               0.750000    1.624899   -0.874899 (VIOLATED)
_13408_/S                               0.750000    1.624899   -0.874899 (VIOLATED)
_13482_/S                               0.750000    1.624898   -0.874898 (VIOLATED)
_13565_/S                               0.750000    1.624899   -0.874899 (VIOLATED)
_13569_/S                               0.750000    1.624899   -0.874899 (VIOLATED)
_13571_/S                               0.750000    1.624899   -0.874899 (VIOLATED)
_13572_/S                               0.750000    1.624899   -0.874899 (VIOLATED)
_13340_/S                               0.750000    1.624897   -0.874897 (VIOLATED)
_13352_/S                               0.750000    1.624897   -0.874897 (VIOLATED)
_13366_/S                               0.750000    1.624897   -0.874897 (VIOLATED)
_13413_/S                               0.750000    1.624896   -0.874896 (VIOLATED)
_13504_/S                               0.750000    1.624896   -0.874896 (VIOLATED)
_13561_/S                               0.750000    1.624897   -0.874897 (VIOLATED)
_13562_/S                               0.750000    1.624897   -0.874897 (VIOLATED)
_13566_/S                               0.750000    1.624897   -0.874897 (VIOLATED)
_13490_/S                               0.750000    1.624895   -0.874895 (VIOLATED)
_13507_/S                               0.750000    1.624895   -0.874895 (VIOLATED)
_13624_/S                               0.750000    1.624895   -0.874896 (VIOLATED)
_13625_/A2                              0.750000    1.624896   -0.874896 (VIOLATED)
_13426_/A3                              0.750000    1.624894   -0.874893 (VIOLATED)
_13494_/S                               0.750000    1.624894   -0.874893 (VIOLATED)
_13628_/S                               0.750000    1.624894   -0.874894 (VIOLATED)
_13632_/S                               0.750000    1.624895   -0.874895 (VIOLATED)
_13501_/S                               0.750000    1.624892   -0.874892 (VIOLATED)
_13623_/S                               0.750000    1.624893   -0.874893 (VIOLATED)
_13333_/Y                               0.750000    1.624890   -0.874890 (VIOLATED)
_13497_/S                               0.750000    1.624890   -0.874890 (VIOLATED)
_13511_/S                               0.750000    1.624890   -0.874890 (VIOLATED)
_13514_/S                               0.750000    1.624890   -0.874890 (VIOLATED)
_13620_/S                               0.750000    1.624890   -0.874890 (VIOLATED)
_13621_/S                               0.750000    1.624890   -0.874890 (VIOLATED)
_13629_/S                               0.750000    1.624890   -0.874890 (VIOLATED)
_20914_/RESET_B                         0.750000    1.624809   -0.874809 (VIOLATED)
_19986_/RESET_B                         0.750000    1.624635   -0.874635 (VIOLATED)
_19954_/RESET_B                         0.750000    1.624570   -0.874571 (VIOLATED)
_20879_/RESET_B                         0.750000    1.622623   -0.872623 (VIOLATED)
_20911_/RESET_B                         0.750000    1.622620   -0.872620 (VIOLATED)
_19983_/RESET_B                         0.750000    1.622599   -0.872599 (VIOLATED)
_19951_/RESET_B                         0.750000    1.622304   -0.872304 (VIOLATED)
_20047_/RESET_B                         0.750000    1.621906   -0.871906 (VIOLATED)
_20015_/RESET_B                         0.750000    1.621743   -0.871743 (VIOLATED)
_20079_/RESET_B                         0.750000    1.621665   -0.871665 (VIOLATED)
_20111_/RESET_B                         0.750000    1.621660   -0.871660 (VIOLATED)
_20623_/RESET_B                         0.750000    1.617748   -0.867748 (VIOLATED)
_20271_/RESET_B                         0.750000    1.617184   -0.867184 (VIOLATED)
_19940_/RESET_B                         0.750000    1.611698   -0.861698 (VIOLATED)
_19972_/RESET_B                         0.750000    1.611699   -0.861699 (VIOLATED)
_20900_/RESET_B                         0.750000    1.611684   -0.861684 (VIOLATED)
_20868_/RESET_B                         0.750000    1.611680   -0.861680 (VIOLATED)
_21691_/RESET_B                         0.750000    1.611558   -0.861558 (VIOLATED)
_21683_/RESET_B                         0.750000    1.611515   -0.861515 (VIOLATED)
_21675_/RESET_B                         0.750000    1.611501   -0.861501 (VIOLATED)
_20878_/RESET_B                         0.750000    1.611216   -0.861216 (VIOLATED)
_19950_/RESET_B                         0.750000    1.611143   -0.861143 (VIOLATED)
_19982_/RESET_B                         0.750000    1.611140   -0.861140 (VIOLATED)
_20910_/RESET_B                         0.750000    1.611135   -0.861135 (VIOLATED)
_20014_/RESET_B                         0.750000    1.610420   -0.860420 (VIOLATED)
_20046_/RESET_B                         0.750000    1.610415   -0.860415 (VIOLATED)
_20110_/RESET_B                         0.750000    1.610379   -0.860379 (VIOLATED)
_20078_/RESET_B                         0.750000    1.610368   -0.860368 (VIOLATED)
_20815_/RESET_B                         0.750000    1.610327   -0.860327 (VIOLATED)
_19999_/RESET_B                         0.750000    1.609606   -0.859606 (VIOLATED)
_20270_/RESET_B                         0.750000    1.609553   -0.859553 (VIOLATED)
_20622_/RESET_B                         0.750000    1.609540   -0.859540 (VIOLATED)
_20718_/RESET_B                         0.750000    1.609539   -0.859539 (VIOLATED)
_20031_/RESET_B                         0.750000    1.609529   -0.859529 (VIOLATED)
_20095_/RESET_B                         0.750000    1.609288   -0.859288 (VIOLATED)
_20063_/RESET_B                         0.750000    1.609225   -0.859225 (VIOLATED)
_20727_/RESET_B                         0.750000    1.608817   -0.858817 (VIOLATED)
_20631_/RESET_B                         0.750000    1.608802   -0.858802 (VIOLATED)
_20279_/RESET_B                         0.750000    1.608784   -0.858784 (VIOLATED)
_20759_/RESET_B                         0.750000    1.608685   -0.858685 (VIOLATED)
_20791_/RESET_B                         0.750000    1.608655   -0.858655 (VIOLATED)
_20855_/RESET_B                         0.750000    1.608596   -0.858596 (VIOLATED)
_20823_/RESET_B                         0.750000    1.608522   -0.858522 (VIOLATED)
_20558_/RESET_B                         0.750000    1.608363   -0.858363 (VIOLATED)
_20590_/RESET_B                         0.750000    1.608288   -0.858288 (VIOLATED)
_20061_/RESET_B                         0.750000    1.608175   -0.858175 (VIOLATED)
_20093_/RESET_B                         0.750000    1.608173   -0.858173 (VIOLATED)
_20686_/RESET_B                         0.750000    1.608145   -0.858145 (VIOLATED)
_19997_/RESET_B                         0.750000    1.608119   -0.858119 (VIOLATED)
_20029_/RESET_B                         0.750000    1.608086   -0.858086 (VIOLATED)
_20654_/RESET_B                         0.750000    1.608074   -0.858074 (VIOLATED)
_20830_/RESET_B                         0.750000    1.607310   -0.857310 (VIOLATED)
_20798_/RESET_B                         0.750000    1.607224   -0.857224 (VIOLATED)
_20142_/RESET_B                         0.750000    1.606826   -0.856826 (VIOLATED)
_20174_/RESET_B                         0.750000    1.606766   -0.856766 (VIOLATED)
_20238_/RESET_B                         0.750000    1.606694   -0.856695 (VIOLATED)
_20206_/RESET_B                         0.750000    1.606582   -0.856582 (VIOLATED)
_20734_/RESET_B                         0.750000    1.605635   -0.855635 (VIOLATED)
_20766_/RESET_B                         0.750000    1.605307   -0.855308 (VIOLATED)
_20135_/RESET_B                         0.750000    1.604685   -0.854685 (VIOLATED)
_20167_/RESET_B                         0.750000    1.604450   -0.854450 (VIOLATED)
_20231_/RESET_B                         0.750000    1.604130   -0.854130 (VIOLATED)
_20199_/RESET_B                         0.750000    1.603814   -0.853814 (VIOLATED)
_20455_/RESET_B                         0.750000    1.602415   -0.852415 (VIOLATED)
_20423_/RESET_B                         0.750000    1.602414   -0.852414 (VIOLATED)
_20519_/RESET_B                         0.750000    1.602242   -0.852242 (VIOLATED)
_20487_/RESET_B                         0.750000    1.602135   -0.852135 (VIOLATED)
_20719_/RESET_B                         0.750000    1.600485   -0.850485 (VIOLATED)
_20847_/RESET_B                         0.750000    1.599912   -0.849912 (VIOLATED)
_20751_/RESET_B                         0.750000    1.599650   -0.849650 (VIOLATED)
_20783_/RESET_B                         0.750000    1.599613   -0.849613 (VIOLATED)
_20286_/RESET_B                         0.750000    1.595340   -0.845340 (VIOLATED)
_20126_/RESET_B                         0.750000    1.595052   -0.845052 (VIOLATED)
_20350_/RESET_B                         0.750000    1.593256   -0.843256 (VIOLATED)
_18356_/B1                              0.750000    1.585502   -0.835502 (VIOLATED)
_18385_/B1                              0.750000    1.585502   -0.835502 (VIOLATED)
_18396_/B1                              0.750000    1.585502   -0.835502 (VIOLATED)
_18402_/B1                              0.750000    1.585503   -0.835503 (VIOLATED)
_18413_/B1                              0.750000    1.585503   -0.835503 (VIOLATED)
_18407_/B1                              0.750000    1.585502   -0.835502 (VIOLATED)
_18345_/B1                              0.750000    1.585500   -0.835500 (VIOLATED)
_18351_/B1                              0.750000    1.585501   -0.835501 (VIOLATED)
_18362_/B1                              0.750000    1.585500   -0.835500 (VIOLATED)
_18368_/B1                              0.750000    1.585500   -0.835500 (VIOLATED)
_18373_/B1                              0.750000    1.585501   -0.835501 (VIOLATED)
_18379_/B1                              0.750000    1.585501   -0.835501 (VIOLATED)
_18390_/B1                              0.750000    1.585501   -0.835501 (VIOLATED)
_18419_/B1                              0.750000    1.585500   -0.835500 (VIOLATED)
_17992_/Y                               0.750000    1.585498   -0.835498 (VIOLATED)
_17993_/B                               0.750000    1.585498   -0.835498 (VIOLATED)
_18225_/B1                              0.750000    1.585498   -0.835498 (VIOLATED)
_18232_/B1                              0.750000    1.585498   -0.835498 (VIOLATED)
_18240_/B1                              0.750000    1.585498   -0.835498 (VIOLATED)
_18247_/B1                              0.750000    1.585498   -0.835498 (VIOLATED)
_18254_/B1                              0.750000    1.585498   -0.835498 (VIOLATED)
_18261_/B1                              0.750000    1.585498   -0.835498 (VIOLATED)
_18268_/B1                              0.750000    1.585498   -0.835498 (VIOLATED)
_18275_/B1                              0.750000    1.585498   -0.835498 (VIOLATED)
_18283_/B1                              0.750000    1.585498   -0.835498 (VIOLATED)
_18291_/B1                              0.750000    1.585498   -0.835498 (VIOLATED)
_18298_/B1                              0.750000    1.585498   -0.835498 (VIOLATED)
_18305_/B1                              0.750000    1.585498   -0.835498 (VIOLATED)
_18312_/B1                              0.750000    1.585498   -0.835498 (VIOLATED)
_18318_/B1                              0.750000    1.585498   -0.835498 (VIOLATED)
_18326_/B1                              0.750000    1.585498   -0.835498 (VIOLATED)
_18333_/B1                              0.750000    1.585498   -0.835498 (VIOLATED)
_18339_/B1                              0.750000    1.585499   -0.835499 (VIOLATED)
_18424_/B1                              0.750000    1.585498   -0.835498 (VIOLATED)
_20190_/RESET_B                         0.750000    1.583499   -0.833499 (VIOLATED)
_20254_/RESET_B                         0.750000    1.582209   -0.832209 (VIOLATED)
_20702_/RESET_B                         0.750000    1.582198   -0.832198 (VIOLATED)
_20606_/RESET_B                         0.750000    1.582190   -0.832190 (VIOLATED)
_20414_/RESET_B                         0.750000    1.579410   -0.829410 (VIOLATED)
_21690_/RESET_B                         0.750000    1.578823   -0.828823 (VIOLATED)
_21682_/RESET_B                         0.750000    1.578807   -0.828807 (VIOLATED)
_21674_/RESET_B                         0.750000    1.578718   -0.828718 (VIOLATED)
_21696_/RESET_B                         0.750000    1.578507   -0.828507 (VIOLATED)
_21688_/RESET_B                         0.750000    1.578249   -0.828249 (VIOLATED)
_21680_/RESET_B                         0.750000    1.578205   -0.828205 (VIOLATED)
_21689_/RESET_B                         0.750000    1.577736   -0.827736 (VIOLATED)
_21673_/RESET_B                         0.750000    1.577622   -0.827622 (VIOLATED)
_21681_/RESET_B                         0.750000    1.577596   -0.827596 (VIOLATED)
_20863_/RESET_B                         0.750000    1.577279   -0.827279 (VIOLATED)
_20895_/RESET_B                         0.750000    1.577171   -0.827171 (VIOLATED)
_19967_/RESET_B                         0.750000    1.577010   -0.827010 (VIOLATED)
_19935_/RESET_B                         0.750000    1.576915   -0.826915 (VIOLATED)
_20415_/RESET_B                         0.750000    1.576319   -0.826319 (VIOLATED)
_20479_/RESET_B                         0.750000    1.576103   -0.826103 (VIOLATED)
_20447_/RESET_B                         0.750000    1.575886   -0.825886 (VIOLATED)
_20543_/RESET_B                         0.750000    1.575625   -0.825625 (VIOLATED)
_20639_/RESET_B                         0.750000    1.575617   -0.825617 (VIOLATED)
_20671_/RESET_B                         0.750000    1.575543   -0.825543 (VIOLATED)
_20575_/RESET_B                         0.750000    1.575534   -0.825534 (VIOLATED)
_12676_/A                               0.750000    1.575484   -0.825484 (VIOLATED)
_12678_/A                               0.750000    1.575484   -0.825484 (VIOLATED)
_12679_/A                               0.750000    1.575484   -0.825484 (VIOLATED)
_20511_/RESET_B                         0.750000    1.575485   -0.825485 (VIOLATED)
_09885_/Y                               0.750000    1.575476   -0.825476 (VIOLATED)
_11320_/A2                              0.750000    1.575476   -0.825476 (VIOLATED)
_11322_/A2                              0.750000    1.575476   -0.825476 (VIOLATED)
_11324_/A2                              0.750000    1.575476   -0.825476 (VIOLATED)
_11326_/A2                              0.750000    1.575476   -0.825476 (VIOLATED)
_11511_/A2                              0.750000    1.575476   -0.825476 (VIOLATED)
_11517_/A2                              0.750000    1.575476   -0.825476 (VIOLATED)
_11871_/A2                              0.750000    1.575476   -0.825476 (VIOLATED)
_11875_/A2                              0.750000    1.575476   -0.825476 (VIOLATED)
_20287_/RESET_B                         0.750000    1.574665   -0.824665 (VIOLATED)
_20319_/RESET_B                         0.750000    1.574517   -0.824517 (VIOLATED)
_20383_/RESET_B                         0.750000    1.574511   -0.824511 (VIOLATED)
_20351_/RESET_B                         0.750000    1.574465   -0.824465 (VIOLATED)
_21694_/RESET_B                         0.750000    1.574381   -0.824381 (VIOLATED)
_21686_/RESET_B                         0.750000    1.574375   -0.824375 (VIOLATED)
_21678_/RESET_B                         0.750000    1.574367   -0.824367 (VIOLATED)
_21692_/RESET_B                         0.750000    1.574275   -0.824275 (VIOLATED)
_21684_/RESET_B                         0.750000    1.574262   -0.824262 (VIOLATED)
_21676_/RESET_B                         0.750000    1.574256   -0.824256 (VIOLATED)
_21687_/RESET_B                         0.750000    1.574133   -0.824133 (VIOLATED)
_21679_/RESET_B                         0.750000    1.574119   -0.824119 (VIOLATED)
_20005_/RESET_B                         0.750000    1.574114   -0.824114 (VIOLATED)
_21695_/RESET_B                         0.750000    1.574114   -0.824114 (VIOLATED)
_20037_/RESET_B                         0.750000    1.574112   -0.824112 (VIOLATED)
_20101_/RESET_B                         0.750000    1.574035   -0.824035 (VIOLATED)
_20069_/RESET_B                         0.750000    1.574025   -0.824025 (VIOLATED)
_20421_/RESET_B                         0.750000    1.573623   -0.823623 (VIOLATED)
_20159_/RESET_B                         0.750000    1.573532   -0.823532 (VIOLATED)
_20453_/RESET_B                         0.750000    1.573528   -0.823528 (VIOLATED)
_20127_/RESET_B                         0.750000    1.573340   -0.823340 (VIOLATED)
_20517_/RESET_B                         0.750000    1.573237   -0.823237 (VIOLATED)
_20485_/RESET_B                         0.750000    1.573196   -0.823196 (VIOLATED)
_20703_/RESET_B                         0.750000    1.573125   -0.823125 (VIOLATED)
_20607_/RESET_B                         0.750000    1.573114   -0.823114 (VIOLATED)
_20255_/RESET_B                         0.750000    1.573086   -0.823086 (VIOLATED)
_20735_/RESET_B                         0.750000    1.572987   -0.822987 (VIOLATED)
_20799_/RESET_B                         0.750000    1.572910   -0.822910 (VIOLATED)
_20767_/RESET_B                         0.750000    1.572894   -0.822894 (VIOLATED)
_20831_/RESET_B                         0.750000    1.572889   -0.822889 (VIOLATED)
_20223_/RESET_B                         0.750000    1.572689   -0.822689 (VIOLATED)
_20191_/RESET_B                         0.750000    1.572562   -0.822562 (VIOLATED)
_20709_/RESET_B                         0.750000    1.572376   -0.822376 (VIOLATED)
_20613_/RESET_B                         0.750000    1.572185   -0.822185 (VIOLATED)
_20741_/RESET_B                         0.750000    1.571866   -0.821866 (VIOLATED)
_20773_/RESET_B                         0.750000    1.571865   -0.821865 (VIOLATED)
_20837_/RESET_B                         0.750000    1.571804   -0.821804 (VIOLATED)
_20805_/RESET_B                         0.750000    1.571801   -0.821801 (VIOLATED)
_20261_/RESET_B                         0.750000    1.571691   -0.821691 (VIOLATED)
_20770_/RESET_B                         0.750000    1.570881   -0.820881 (VIOLATED)
_20738_/RESET_B                         0.750000    1.570752   -0.820752 (VIOLATED)
_20610_/RESET_B                         0.750000    1.570560   -0.820560 (VIOLATED)
_20706_/RESET_B                         0.750000    1.570303   -0.820303 (VIOLATED)
_20258_/RESET_B                         0.750000    1.569902   -0.819902 (VIOLATED)
_20834_/RESET_B                         0.750000    1.569719   -0.819719 (VIOLATED)
_20802_/RESET_B                         0.750000    1.569168   -0.819168 (VIOLATED)
_20002_/RESET_B                         0.750000    1.568092   -0.818092 (VIOLATED)
_20866_/RESET_B                         0.750000    1.568018   -0.818018 (VIOLATED)
_20034_/RESET_B                         0.750000    1.568013   -0.818013 (VIOLATED)
_20318_/RESET_B                         0.750000    1.567823   -0.817823 (VIOLATED)
_20382_/RESET_B                         0.750000    1.567822   -0.817822 (VIOLATED)
_20158_/RESET_B                         0.750000    1.567819   -0.817819 (VIOLATED)
_20222_/RESET_B                         0.750000    1.567778   -0.817778 (VIOLATED)
_20898_/RESET_B                         0.750000    1.567577   -0.817577 (VIOLATED)
_19970_/RESET_B                         0.750000    1.567357   -0.817357 (VIOLATED)
_20446_/RESET_B                         0.750000    1.567334   -0.817334 (VIOLATED)
_19938_/RESET_B                         0.750000    1.567243   -0.817243 (VIOLATED)
_20098_/RESET_B                         0.750000    1.567079   -0.817079 (VIOLATED)
_20066_/RESET_B                         0.750000    1.567056   -0.817056 (VIOLATED)
_20295_/RESET_B                         0.750000    1.566360   -0.816360 (VIOLATED)
_20327_/RESET_B                         0.750000    1.566359   -0.816359 (VIOLATED)
_20391_/RESET_B                         0.750000    1.566335   -0.816335 (VIOLATED)
_20359_/RESET_B                         0.750000    1.566330   -0.816330 (VIOLATED)
_20510_/RESET_B                         0.750000    1.566256   -0.816256 (VIOLATED)
_20743_/RESET_B                         0.750000    1.566129   -0.816129 (VIOLATED)
_20551_/RESET_B                         0.750000    1.566124   -0.816124 (VIOLATED)
_20583_/RESET_B                         0.750000    1.566087   -0.816087 (VIOLATED)
_20679_/RESET_B                         0.750000    1.566020   -0.816020 (VIOLATED)
_20647_/RESET_B                         0.750000    1.565989   -0.815989 (VIOLATED)
_20775_/RESET_B                         0.750000    1.565977   -0.815977 (VIOLATED)
_20263_/RESET_B                         0.750000    1.565096   -0.815096 (VIOLATED)
_20839_/RESET_B                         0.750000    1.564978   -0.814978 (VIOLATED)
_20807_/RESET_B                         0.750000    1.564947   -0.814947 (VIOLATED)
_20711_/RESET_B                         0.750000    1.564557   -0.814557 (VIOLATED)
_20615_/RESET_B                         0.750000    1.564058   -0.814058 (VIOLATED)
_20431_/RESET_B                         0.750000    1.563351   -0.813351 (VIOLATED)
_09838_/A                               0.750000    1.561792   -0.811792 (VIOLATED)
_10199_/A1                              0.750000    1.561793   -0.811793 (VIOLATED)
_10067_/B1                              0.750000    1.561791   -0.811791 (VIOLATED)
_10068_/A1                              0.750000    1.561788   -0.811788 (VIOLATED)
_10080_/A                               0.750000    1.561736   -0.811736 (VIOLATED)
_10140_/C1                              0.750000    1.561701   -0.811701 (VIOLATED)
_11774_/B1                              0.750000    1.561675   -0.811675 (VIOLATED)
_10320_/B1                              0.750000    1.561672   -0.811672 (VIOLATED)
_10314_/A                               0.750000    1.561648   -0.811648 (VIOLATED)
_11220_/C1                              0.750000    1.561635   -0.811635 (VIOLATED)
_11097_/C1                              0.750000    1.561631   -0.811631 (VIOLATED)
_10256_/C1                              0.750000    1.561625   -0.811625 (VIOLATED)
_10257_/A1                              0.750000    1.561611   -0.811611 (VIOLATED)
_11657_/A1                              0.750000    1.561579   -0.811579 (VIOLATED)
_11653_/A1                              0.750000    1.561575   -0.811575 (VIOLATED)
_10141_/B                               0.750000    1.561553   -0.811553 (VIOLATED)
_11951_/B1                              0.750000    1.561531   -0.811531 (VIOLATED)
_10853_/C1                              0.750000    1.561519   -0.811519 (VIOLATED)
_11027_/B1                              0.750000    1.561485   -0.811485 (VIOLATED)
_11403_/C1                              0.750000    1.561480   -0.811480 (VIOLATED)
_10479_/B1                              0.750000    1.561434   -0.811434 (VIOLATED)
_11021_/A1                              0.750000    1.561420   -0.811420 (VIOLATED)
_10974_/C1                              0.750000    1.561386   -0.811386 (VIOLATED)
_11146_/B1                              0.750000    1.561265   -0.811265 (VIOLATED)
_11464_/C1                              0.750000    1.561264   -0.811264 (VIOLATED)
_10150_/B                               0.750000    1.561262   -0.811262 (VIOLATED)
_10426_/A1                              0.750000    1.561237   -0.811237 (VIOLATED)
_10421_/A1                              0.750000    1.561212   -0.811212 (VIOLATED)
_11282_/B1                              0.750000    1.561211   -0.811211 (VIOLATED)
_10611_/C1                              0.750000    1.561044   -0.811044 (VIOLATED)
_10605_/B1                              0.750000    1.560882   -0.810882 (VIOLATED)
_11709_/C1                              0.750000    1.560833   -0.810833 (VIOLATED)
_11592_/C1                              0.750000    1.560826   -0.810826 (VIOLATED)
_11826_/B1                              0.750000    1.560814   -0.810814 (VIOLATED)
_10659_/B1                              0.750000    1.560798   -0.810798 (VIOLATED)
_10782_/C1                              0.750000    1.560770   -0.810770 (VIOLATED)
_10906_/A1                              0.750000    1.560747   -0.810747 (VIOLATED)
_10909_/S                               0.750000    1.560747   -0.810747 (VIOLATED)
_18350_/B2                              0.750000    1.560741   -0.810741 (VIOLATED)
_10626_/A                               0.750000    1.560727   -0.810727 (VIOLATED)
_10723_/C1                              0.750000    1.560678   -0.810679 (VIOLATED)
_10375_/A1_N                            0.750000    1.560607   -0.810607 (VIOLATED)
_11898_/A1                              0.750000    1.560590   -0.810590 (VIOLATED)
_11532_/B1                              0.750000    1.560581   -0.810581 (VIOLATED)
_10149_/B                               0.750000    1.560566   -0.810566 (VIOLATED)
_20559_/RESET_B                         0.750000    1.560516   -0.810516 (VIOLATED)
_11349_/B1                              0.750000    1.560482   -0.810482 (VIOLATED)
_20094_/RESET_B                         0.750000    1.559938   -0.809938 (VIOLATED)
_20030_/RESET_B                         0.750000    1.559936   -0.809936 (VIOLATED)
_19601_/A1                              0.750000    1.559913   -0.809913 (VIOLATED)
_21621_/Q                               0.750000    1.559913   -0.809913 (VIOLATED)
_20478_/RESET_B                         0.750000    1.559865   -0.809865 (VIOLATED)
_20542_/RESET_B                         0.750000    1.559844   -0.809844 (VIOLATED)
_20638_/RESET_B                         0.750000    1.559818   -0.809818 (VIOLATED)
_20574_/RESET_B                         0.750000    1.559641   -0.809641 (VIOLATED)
_20670_/RESET_B                         0.750000    1.559639   -0.809639 (VIOLATED)
_20687_/RESET_B                         0.750000    1.557890   -0.807890 (VIOLATED)
_20591_/RESET_B                         0.750000    1.557546   -0.807546 (VIOLATED)
_20143_/RESET_B                         0.750000    1.557521   -0.807522 (VIOLATED)
_20175_/RESET_B                         0.750000    1.557521   -0.807521 (VIOLATED)
_20239_/RESET_B                         0.750000    1.557446   -0.807446 (VIOLATED)
_20207_/RESET_B                         0.750000    1.557445   -0.807445 (VIOLATED)
_20655_/RESET_B                         0.750000    1.557369   -0.807369 (VIOLATED)
_20303_/RESET_B                         0.750000    1.557304   -0.807304 (VIOLATED)
_20335_/RESET_B                         0.750000    1.557301   -0.807301 (VIOLATED)
_20399_/RESET_B                         0.750000    1.557229   -0.807229 (VIOLATED)
_20367_/RESET_B                         0.750000    1.557224   -0.807224 (VIOLATED)
_20904_/RESET_B                         0.750000    1.553678   -0.803678 (VIOLATED)
_20872_/RESET_B                         0.750000    1.553614   -0.803614 (VIOLATED)
_20840_/RESET_B                         0.750000    1.552191   -0.802191 (VIOLATED)
_20744_/RESET_B                         0.750000    1.551997   -0.801997 (VIOLATED)
_20808_/RESET_B                         0.750000    1.551675   -0.801675 (VIOLATED)
_19976_/RESET_B                         0.750000    1.550344   -0.800344 (VIOLATED)
_19944_/RESET_B                         0.750000    1.550139   -0.800139 (VIOLATED)
_20264_/RESET_B                         0.750000    1.547366   -0.797366 (VIOLATED)
_20776_/RESET_B                         0.750000    1.541538   -0.791538 (VIOLATED)
_13144_/B1                              0.750000    1.537433   -0.787433 (VIOLATED)
_13147_/B1                              0.750000    1.537434   -0.787434 (VIOLATED)
_13148_/B1                              0.750000    1.537433   -0.787433 (VIOLATED)
_13149_/B1                              0.750000    1.537433   -0.787433 (VIOLATED)
_13142_/B1                              0.750000    1.537432   -0.787432 (VIOLATED)
_13139_/B1                              0.750000    1.537430   -0.787430 (VIOLATED)
_13151_/B1                              0.750000    1.537430   -0.787430 (VIOLATED)
_13128_/B                               0.750000    1.537428   -0.787428 (VIOLATED)
_13138_/B1                              0.750000    1.537425   -0.787425 (VIOLATED)
_13141_/B1                              0.750000    1.537414   -0.787414 (VIOLATED)
_13137_/B1                              0.750000    1.537412   -0.787412 (VIOLATED)
_13145_/B1                              0.750000    1.537411   -0.787411 (VIOLATED)
_13146_/B1                              0.750000    1.537412   -0.787412 (VIOLATED)
_13143_/B1                              0.750000    1.537408   -0.787408 (VIOLATED)
_13140_/B1                              0.750000    1.537406   -0.787406 (VIOLATED)
_13135_/B1                              0.750000    1.537404   -0.787404 (VIOLATED)
_13136_/B1                              0.750000    1.537405   -0.787405 (VIOLATED)
_13150_/B1                              0.750000    1.537405   -0.787405 (VIOLATED)
_13152_/B1                              0.750000    1.537405   -0.787405 (VIOLATED)
_13134_/B1                              0.750000    1.537403   -0.787403 (VIOLATED)
_13133_/B1                              0.750000    1.537401   -0.787401 (VIOLATED)
_13130_/B1                              0.750000    1.537400   -0.787400 (VIOLATED)
_13131_/B1                              0.750000    1.537399   -0.787399 (VIOLATED)
_13129_/B1                              0.750000    1.537395   -0.787395 (VIOLATED)
_13132_/B1                              0.750000    1.537394   -0.787394 (VIOLATED)
_13127_/Y                               0.750000    1.537385   -0.787386 (VIOLATED)
_14761_/A1                              0.750000    1.535219   -0.785219 (VIOLATED)
_15614_/A1                              0.750000    1.535217   -0.785217 (VIOLATED)
_15990_/A1                              0.750000    1.535218   -0.785218 (VIOLATED)
_15516_/A1                              0.750000    1.535215   -0.785215 (VIOLATED)
_13888_/A1                              0.750000    1.535213   -0.785213 (VIOLATED)
_14885_/A1                              0.750000    1.535214   -0.785214 (VIOLATED)
_15417_/A1                              0.750000    1.535213   -0.785213 (VIOLATED)
_13810_/A1                              0.750000    1.535212   -0.785212 (VIOLATED)
_15713_/A1                              0.750000    1.535213   -0.785213 (VIOLATED)
_15809_/A1                              0.750000    1.535213   -0.785213 (VIOLATED)
_16177_/A1                              0.750000    1.535213   -0.785213 (VIOLATED)
_16268_/A1                              0.750000    1.535213   -0.785213 (VIOLATED)
_14639_/B1                              0.750000    1.535210   -0.785210 (VIOLATED)
_15102_/A1                              0.750000    1.535210   -0.785210 (VIOLATED)
_16087_/A1                              0.750000    1.535210   -0.785210 (VIOLATED)
_15904_/A1                              0.750000    1.535209   -0.785209 (VIOLATED)
_15213_/A1                              0.750000    1.535206   -0.785206 (VIOLATED)
_16355_/A1                              0.750000    1.535206   -0.785206 (VIOLATED)
_14994_/A1                              0.750000    1.535205   -0.785205 (VIOLATED)
_13607_/A1                              0.750000    1.535199   -0.785199 (VIOLATED)
_15322_/A1                              0.750000    1.535198   -0.785198 (VIOLATED)
_13736_/A1                              0.750000    1.535195   -0.785195 (VIOLATED)
_14423_/B1                              0.750000    1.535191   -0.785191 (VIOLATED)
_13468_/A1                              0.750000    1.535185   -0.785185 (VIOLATED)
_13672_/A1                              0.750000    1.535185   -0.785185 (VIOLATED)
_13970_/B1                              0.750000    1.535185   -0.785185 (VIOLATED)
_14221_/B1                              0.750000    1.535185   -0.785185 (VIOLATED)
_13543_/A1                              0.750000    1.535184   -0.785184 (VIOLATED)
_14129_/B1                              0.750000    1.535182   -0.785182 (VIOLATED)
_13303_/B                               0.750000    1.535180   -0.785180 (VIOLATED)
_14042_/B1                              0.750000    1.535176   -0.785176 (VIOLATED)
_13304_/B                               0.750000    1.535168   -0.785168 (VIOLATED)
_13302_/Y                               0.750000    1.535162   -0.785162 (VIOLATED)
_14315_/B1                              0.750000    1.535162   -0.785162 (VIOLATED)
_14527_/B1                              0.750000    1.535162   -0.785162 (VIOLATED)
_20752_/RESET_B                         0.750000    1.528116   -0.778116 (VIOLATED)
_20778_/RESET_B                         0.750000    1.526547   -0.776547 (VIOLATED)
_20842_/RESET_B                         0.750000    1.526542   -0.776542 (VIOLATED)
_20810_/RESET_B                         0.750000    1.526534   -0.776534 (VIOLATED)
_20887_/RESET_B                         0.750000    1.526445   -0.776445 (VIOLATED)
_20919_/RESET_B                         0.750000    1.526407   -0.776407 (VIOLATED)
_20784_/RESET_B                         0.750000    1.526368   -0.776368 (VIOLATED)
_19959_/RESET_B                         0.750000    1.526328   -0.776328 (VIOLATED)
_19991_/RESET_B                         0.750000    1.526322   -0.776322 (VIOLATED)
_20023_/RESET_B                         0.750000    1.525920   -0.775920 (VIOLATED)
_20055_/RESET_B                         0.750000    1.525850   -0.775850 (VIOLATED)
_20119_/RESET_B                         0.750000    1.525713   -0.775713 (VIOLATED)
_20087_/RESET_B                         0.750000    1.525704   -0.775704 (VIOLATED)
_20732_/RESET_B                         0.750000    1.525295   -0.775295 (VIOLATED)
_20764_/RESET_B                         0.750000    1.525279   -0.775279 (VIOLATED)
_20828_/RESET_B                         0.750000    1.525083   -0.775083 (VIOLATED)
_20796_/RESET_B                         0.750000    1.525036   -0.775036 (VIOLATED)
_20860_/RESET_B                         0.750000    1.524229   -0.774229 (VIOLATED)
_20892_/RESET_B                         0.750000    1.524184   -0.774184 (VIOLATED)
_19964_/RESET_B                         0.750000    1.524065   -0.774065 (VIOLATED)
_19932_/RESET_B                         0.750000    1.523977   -0.773977 (VIOLATED)
_20204_/RESET_B                         0.750000    1.523403   -0.773403 (VIOLATED)
_20140_/RESET_B                         0.750000    1.523199   -0.773199 (VIOLATED)
_20172_/RESET_B                         0.750000    1.522884   -0.772884 (VIOLATED)
_20236_/RESET_B                         0.750000    1.522599   -0.772599 (VIOLATED)
_20861_/RESET_B                         0.750000    1.521842   -0.771842 (VIOLATED)
_20893_/RESET_B                         0.750000    1.521839   -0.771839 (VIOLATED)
_19965_/RESET_B                         0.750000    1.521826   -0.771826 (VIOLATED)
_19933_/RESET_B                         0.750000    1.521818   -0.771818 (VIOLATED)
_20891_/RESET_B                         0.750000    1.521286   -0.771286 (VIOLATED)
_20859_/RESET_B                         0.750000    1.521243   -0.771243 (VIOLATED)
_19963_/RESET_B                         0.750000    1.520772   -0.770772 (VIOLATED)
_19931_/RESET_B                         0.750000    1.520648   -0.770648 (VIOLATED)
_19995_/RESET_B                         0.750000    1.518510   -0.768510 (VIOLATED)
_20059_/RESET_B                         0.750000    1.518083   -0.768084 (VIOLATED)
_20091_/RESET_B                         0.750000    1.518082   -0.768082 (VIOLATED)
_20027_/RESET_B                         0.750000    1.518052   -0.768052 (VIOLATED)
_20733_/RESET_B                         0.750000    1.517823   -0.767823 (VIOLATED)
_20765_/RESET_B                         0.750000    1.517815   -0.767815 (VIOLATED)
_20829_/RESET_B                         0.750000    1.517806   -0.767806 (VIOLATED)
_20797_/RESET_B                         0.750000    1.517774   -0.767774 (VIOLATED)
_20253_/RESET_B                         0.750000    1.517634   -0.767634 (VIOLATED)
_20701_/RESET_B                         0.750000    1.517520   -0.767520 (VIOLATED)
_20605_/RESET_B                         0.750000    1.517505   -0.767505 (VIOLATED)
_20848_/RESET_B                         0.750000    1.517501   -0.767501 (VIOLATED)
_19998_/RESET_B                         0.750000    1.517106   -0.767106 (VIOLATED)
_20062_/RESET_B                         0.750000    1.517081   -0.767081 (VIOLATED)
_20862_/RESET_B                         0.750000    1.516883   -0.766883 (VIOLATED)
_20894_/RESET_B                         0.750000    1.516782   -0.766782 (VIOLATED)
_19966_/RESET_B                         0.750000    1.516691   -0.766691 (VIOLATED)
_19934_/RESET_B                         0.750000    1.516671   -0.766671 (VIOLATED)
_20539_/RESET_B                         0.750000    1.516286   -0.766286 (VIOLATED)
_20571_/RESET_B                         0.750000    1.516237   -0.766237 (VIOLATED)
_20635_/RESET_B                         0.750000    1.515783   -0.765783 (VIOLATED)
_20667_/RESET_B                         0.750000    1.515781   -0.765781 (VIOLATED)
_17584_/S                               0.750000    1.515748   -0.765748 (VIOLATED)
_17588_/S                               0.750000    1.515748   -0.765748 (VIOLATED)
_17592_/S                               0.750000    1.515747   -0.765747 (VIOLATED)
_17595_/A                               0.750000    1.515745   -0.765745 (VIOLATED)
_17598_/A2                              0.750000    1.515745   -0.765745 (VIOLATED)
_17601_/B                               0.750000    1.515741   -0.765741 (VIOLATED)
_17602_/A1                              0.750000    1.515741   -0.765741 (VIOLATED)
_17604_/B1_N                            0.750000    1.515741   -0.765741 (VIOLATED)
_17605_/B2                              0.750000    1.515740   -0.765740 (VIOLATED)
_17608_/S                               0.750000    1.515737   -0.765737 (VIOLATED)
_17494_/B                               0.750000    1.515736   -0.765737 (VIOLATED)
_17611_/A2                              0.750000    1.515730   -0.765730 (VIOLATED)
_17493_/B                               0.750000    1.515728   -0.765728 (VIOLATED)
_17614_/A2                              0.750000    1.515723   -0.765724 (VIOLATED)
_17498_/A2                              0.750000    1.515721   -0.765721 (VIOLATED)
_17502_/A2                              0.750000    1.515721   -0.765721 (VIOLATED)
_17506_/A2                              0.750000    1.515721   -0.765721 (VIOLATED)
_17510_/A2                              0.750000    1.515720   -0.765720 (VIOLATED)
_17514_/A2                              0.750000    1.515719   -0.765719 (VIOLATED)
_17518_/A2                              0.750000    1.515719   -0.765719 (VIOLATED)
_17522_/A2                              0.750000    1.515713   -0.765713 (VIOLATED)
_17526_/A2                              0.750000    1.515709   -0.765709 (VIOLATED)
_17530_/A2                              0.750000    1.515700   -0.765700 (VIOLATED)
_17534_/A2                              0.750000    1.515695   -0.765695 (VIOLATED)
_17582_/S                               0.750000    1.515689   -0.765689 (VIOLATED)
_17571_/A2                              0.750000    1.515688   -0.765688 (VIOLATED)
_17574_/A2                              0.750000    1.515688   -0.765688 (VIOLATED)
_17578_/A2                              0.750000    1.515688   -0.765688 (VIOLATED)
_17567_/A2                              0.750000    1.515687   -0.765687 (VIOLATED)
_17560_/A2                              0.750000    1.515686   -0.765686 (VIOLATED)
_17563_/A2                              0.750000    1.515686   -0.765686 (VIOLATED)
_17538_/A2                              0.750000    1.515684   -0.765684 (VIOLATED)
_17552_/A2                              0.750000    1.515684   -0.765684 (VIOLATED)
_17556_/A2                              0.750000    1.515684   -0.765685 (VIOLATED)
_17549_/A2                              0.750000    1.515683   -0.765683 (VIOLATED)
_17541_/A2                              0.750000    1.515681   -0.765681 (VIOLATED)
_17545_/A2                              0.750000    1.515681   -0.765681 (VIOLATED)
_17492_/Y                               0.750000    1.515674   -0.765674 (VIOLATED)
_20816_/RESET_B                         0.750000    1.514284   -0.764284 (VIOLATED)
_20016_/RESET_B                         0.750000    1.512454   -0.762454 (VIOLATED)
_20048_/RESET_B                         0.750000    1.512451   -0.762451 (VIOLATED)
_20112_/RESET_B                         0.750000    1.512421   -0.762421 (VIOLATED)
_20080_/RESET_B                         0.750000    1.512412   -0.762412 (VIOLATED)
_20880_/RESET_B                         0.750000    1.512269   -0.762269 (VIOLATED)
_20912_/RESET_B                         0.750000    1.511944   -0.761944 (VIOLATED)
_19952_/RESET_B                         0.750000    1.511557   -0.761557 (VIOLATED)
_19984_/RESET_B                         0.750000    1.511112   -0.761112 (VIOLATED)
_20720_/RESET_B                         0.750000    1.507216   -0.757216 (VIOLATED)
_20272_/RESET_B                         0.750000    1.507200   -0.757200 (VIOLATED)
_20624_/RESET_B                         0.750000    1.507195   -0.757195 (VIOLATED)
_20592_/RESET_B                         0.750000    1.507067   -0.757067 (VIOLATED)
_20656_/RESET_B                         0.750000    1.506623   -0.756623 (VIOLATED)
_20688_/RESET_B                         0.750000    1.506597   -0.756597 (VIOLATED)
_20560_/RESET_B                         0.750000    1.506573   -0.756573 (VIOLATED)
_20144_/RESET_B                         0.750000    1.503860   -0.753860 (VIOLATED)
_20176_/RESET_B                         0.750000    1.501526   -0.751526 (VIOLATED)
_10090_/Y                               0.750000    1.500143   -0.750143 (VIOLATED)
_10107_/A2                              0.750000    1.500143   -0.750143 (VIOLATED)
_10166_/A2                              0.750000    1.500143   -0.750143 (VIOLATED)
_10224_/A2                              0.750000    1.500143   -0.750143 (VIOLATED)
_10281_/A2                              0.750000    1.500143   -0.750143 (VIOLATED)
_10344_/A2                              0.750000    1.500143   -0.750143 (VIOLATED)
_10396_/A2                              0.750000    1.500143   -0.750143 (VIOLATED)
_10450_/B1                              0.750000    1.500143   -0.750143 (VIOLATED)
_10509_/B1                              0.750000    1.500143   -0.750143 (VIOLATED)
_10571_/B                               0.750000    1.500143   -0.750143 (VIOLATED)
_10629_/A2_N                            0.750000    1.500143   -0.750143 (VIOLATED)
_10692_/B                               0.750000    1.500143   -0.750143 (VIOLATED)
_10748_/A2_N                            0.750000    1.500143   -0.750143 (VIOLATED)
_10749_/B1                              0.750000    1.500143   -0.750143 (VIOLATED)
_10808_/B1                              0.750000    1.500143   -0.750143 (VIOLATED)
_10881_/A2_N                            0.750000    1.500143   -0.750143 (VIOLATED)
_10930_/A2_N                            0.750000    1.500143   -0.750143 (VIOLATED)
_11000_/A2                              0.750000    1.500143   -0.750143 (VIOLATED)
_11060_/A2                              0.750000    1.500143   -0.750143 (VIOLATED)
_11119_/A2                              0.750000    1.500143   -0.750143 (VIOLATED)
_11176_/B                               0.750000    1.500143   -0.750143 (VIOLATED)
_11246_/A2                              0.750000    1.500143   -0.750143 (VIOLATED)
_11312_/A2                              0.750000    1.500143   -0.750143 (VIOLATED)
_11373_/A2                              0.750000    1.500143   -0.750143 (VIOLATED)
_11433_/A2                              0.750000    1.500143   -0.750143 (VIOLATED)
_11495_/A2                              0.750000    1.500143   -0.750143 (VIOLATED)
_11564_/A2                              0.750000    1.500143   -0.750143 (VIOLATED)
_11622_/A2                              0.750000    1.500143   -0.750143 (VIOLATED)
_11678_/B1                              0.750000    1.500143   -0.750143 (VIOLATED)
_11736_/A2                              0.750000    1.500143   -0.750143 (VIOLATED)
_11797_/A2                              0.750000    1.500143   -0.750143 (VIOLATED)
_11860_/A2                              0.750000    1.500143   -0.750143 (VIOLATED)
_11920_/A2                              0.750000    1.500143   -0.750143 (VIOLATED)
_11979_/A2                              0.750000    1.500143   -0.750143 (VIOLATED)
_10087_/B2                              0.750000    1.497203   -0.747204 (VIOLATED)
_10993_/B2                              0.750000    1.497204   -0.747204 (VIOLATED)
_11173_/B2                              0.750000    1.497204   -0.747204 (VIOLATED)
_11053_/B2                              0.750000    1.497203   -0.747203 (VIOLATED)
_11113_/B2                              0.750000    1.497203   -0.747203 (VIOLATED)
_10218_/B2                              0.750000    1.497200   -0.747200 (VIOLATED)
_11368_/B2                              0.750000    1.497200   -0.747200 (VIOLATED)
_11426_/B2                              0.750000    1.497200   -0.747200 (VIOLATED)
_11240_/B2                              0.750000    1.497197   -0.747197 (VIOLATED)
_11307_/B2                              0.750000    1.497195   -0.747195 (VIOLATED)
_10444_/B2                              0.750000    1.497194   -0.747194 (VIOLATED)
_10503_/B2                              0.750000    1.497194   -0.747194 (VIOLATED)
_10558_/B2                              0.750000    1.497189   -0.747189 (VIOLATED)
_11490_/B2                              0.750000    1.497187   -0.747187 (VIOLATED)
_11616_/B2                              0.750000    1.497187   -0.747187 (VIOLATED)
_11672_/B2                              0.750000    1.497182   -0.747182 (VIOLATED)
_11730_/B2                              0.750000    1.497179   -0.747179 (VIOLATED)
_11791_/B2                              0.750000    1.497169   -0.747170 (VIOLATED)
_11914_/B2                              0.750000    1.497163   -0.747163 (VIOLATED)
_10090_/B                               0.750000    1.497161   -0.747161 (VIOLATED)
_11854_/B2                              0.750000    1.497153   -0.747153 (VIOLATED)
_10684_/B2                              0.750000    1.497149   -0.747149 (VIOLATED)
_10740_/B2                              0.750000    1.497149   -0.747149 (VIOLATED)
_11558_/B2                              0.750000    1.497150   -0.747150 (VIOLATED)
_10160_/B2                              0.750000    1.497147   -0.747147 (VIOLATED)
_11972_/B2                              0.750000    1.497147   -0.747147 (VIOLATED)
_10275_/B2                              0.750000    1.497146   -0.747146 (VIOLATED)
_10392_/B2                              0.750000    1.497146   -0.747146 (VIOLATED)
_10340_/B2                              0.750000    1.497145   -0.747145 (VIOLATED)
_10875_/B2                              0.750000    1.497143   -0.747143 (VIOLATED)
_10925_/B2                              0.750000    1.497144   -0.747144 (VIOLATED)
_10622_/B2                              0.750000    1.497142   -0.747142 (VIOLATED)
_10084_/B                               0.750000    1.497141   -0.747141 (VIOLATED)
_10801_/B2                              0.750000    1.497140   -0.747140 (VIOLATED)
_10083_/Y                               0.750000    1.497137   -0.747137 (VIOLATED)
_20240_/RESET_B                         0.750000    1.495878   -0.745879 (VIOLATED)
_20208_/RESET_B                         0.750000    1.494248   -0.744248 (VIOLATED)
_19141_/B1                              0.750000    1.491964   -0.741964 (VIOLATED)
_19142_/A2                              0.750000    1.491965   -0.741965 (VIOLATED)
_19145_/B1                              0.750000    1.491965   -0.741965 (VIOLATED)
_19146_/A2                              0.750000    1.491965   -0.741965 (VIOLATED)
_19138_/S                               0.750000    1.491963   -0.741963 (VIOLATED)
_19157_/B1                              0.750000    1.491962   -0.741962 (VIOLATED)
_19158_/A2                              0.750000    1.491962   -0.741962 (VIOLATED)
_19154_/A2                              0.750000    1.491960   -0.741960 (VIOLATED)
_19153_/B1                              0.750000    1.491959   -0.741959 (VIOLATED)
_19150_/S                               0.750000    1.491957   -0.741957 (VIOLATED)
_19126_/S                               0.750000    1.491955   -0.741955 (VIOLATED)
_19129_/B1                              0.750000    1.491953   -0.741953 (VIOLATED)
_19165_/B1                              0.750000    1.491952   -0.741952 (VIOLATED)
_19166_/A2                              0.750000    1.491952   -0.741952 (VIOLATED)
_19130_/A2                              0.750000    1.491951   -0.741951 (VIOLATED)
_19162_/S                               0.750000    1.491951   -0.741951 (VIOLATED)
_19122_/A2                              0.750000    1.491945   -0.741945 (VIOLATED)
_19121_/B1                              0.750000    1.491941   -0.741941 (VIOLATED)
_19133_/B1                              0.750000    1.491925   -0.741925 (VIOLATED)
_19134_/A2                              0.750000    1.491924   -0.741924 (VIOLATED)
_19170_/S                               0.750000    1.491919   -0.741919 (VIOLATED)
_19117_/B1                              0.750000    1.491916   -0.741916 (VIOLATED)
_19118_/A2                              0.750000    1.491916   -0.741916 (VIOLATED)
_19109_/B1                              0.750000    1.491887   -0.741887 (VIOLATED)
_19114_/S                               0.750000    1.491888   -0.741888 (VIOLATED)
_19110_/A2                              0.750000    1.491884   -0.741884 (VIOLATED)
_19105_/B1                              0.750000    1.491867   -0.741867 (VIOLATED)
_19106_/A2                              0.750000    1.491864   -0.741864 (VIOLATED)
_19102_/S                               0.750000    1.491851   -0.741851 (VIOLATED)
_19097_/B1                              0.750000    1.491828   -0.741828 (VIOLATED)
_19098_/A2                              0.750000    1.491823   -0.741823 (VIOLATED)
_19093_/B1                              0.750000    1.491790   -0.741790 (VIOLATED)
_19094_/A2                              0.750000    1.491789   -0.741789 (VIOLATED)
_19090_/S                               0.750000    1.491758   -0.741758 (VIOLATED)
_19085_/B1                              0.750000    1.491721   -0.741721 (VIOLATED)
_19086_/A2                              0.750000    1.491714   -0.741714 (VIOLATED)
_19081_/C1                              0.750000    1.491674   -0.741674 (VIOLATED)
_19082_/A2                              0.750000    1.491672   -0.741672 (VIOLATED)
_19078_/S                               0.750000    1.491623   -0.741623 (VIOLATED)
_19074_/S                               0.750000    1.491562   -0.741562 (VIOLATED)
_19068_/B1                              0.750000    1.491510   -0.741510 (VIOLATED)
_19069_/B2                              0.750000    1.491508   -0.741508 (VIOLATED)
_19065_/S                               0.750000    1.491458   -0.741458 (VIOLATED)
_19061_/S                               0.750000    1.490732   -0.740732 (VIOLATED)
_19057_/S                               0.750000    1.490706   -0.740706 (VIOLATED)
_19052_/B1                              0.750000    1.490691   -0.740691 (VIOLATED)
_19053_/B2                              0.750000    1.490688   -0.740688 (VIOLATED)
_19044_/Y                               0.750000    1.490676   -0.740676 (VIOLATED)
_19049_/S                               0.750000    1.490676   -0.740676 (VIOLATED)
_20411_/RESET_B                         0.750000    1.478559   -0.728560 (VIOLATED)
_20443_/RESET_B                         0.750000    1.478557   -0.728557 (VIOLATED)
_20507_/RESET_B                         0.750000    1.478547   -0.728547 (VIOLATED)
_20475_/RESET_B                         0.750000    1.478541   -0.728541 (VIOLATED)
_20432_/RESET_B                         0.750000    1.478270   -0.728270 (VIOLATED)
_20464_/RESET_B                         0.750000    1.478261   -0.728261 (VIOLATED)
_20496_/RESET_B                         0.750000    1.477983   -0.727983 (VIOLATED)
_20528_/RESET_B                         0.750000    1.477973   -0.727973 (VIOLATED)
_20368_/RESET_B                         0.750000    1.477633   -0.727634 (VIOLATED)
_20400_/RESET_B                         0.750000    1.477614   -0.727614 (VIOLATED)
_20304_/RESET_B                         0.750000    1.472600   -0.722600 (VIOLATED)
_20336_/RESET_B                         0.750000    1.471710   -0.721710 (VIOLATED)
_12987_/A2                              0.750000    1.468851   -0.718851 (VIOLATED)
_13054_/A2                              0.750000    1.468852   -0.718852 (VIOLATED)
_13080_/A2                              0.750000    1.468852   -0.718852 (VIOLATED)
_12945_/A2                              0.750000    1.468850   -0.718851 (VIOLATED)
_12931_/A2                              0.750000    1.468849   -0.718849 (VIOLATED)
_12973_/A2                              0.750000    1.468848   -0.718848 (VIOLATED)
_13110_/A2                              0.750000    1.468847   -0.718847 (VIOLATED)
_12917_/A2                              0.750000    1.468844   -0.718844 (VIOLATED)
_13000_/A2                              0.750000    1.468839   -0.718839 (VIOLATED)
_13013_/A2                              0.750000    1.468835   -0.718835 (VIOLATED)
_13067_/A2                              0.750000    1.468835   -0.718835 (VIOLATED)
_13027_/A2                              0.750000    1.468834   -0.718834 (VIOLATED)
_13040_/A2                              0.750000    1.468832   -0.718833 (VIOLATED)
_12850_/A2                              0.750000    1.468831   -0.718831 (VIOLATED)
_12959_/A2                              0.750000    1.468830   -0.718830 (VIOLATED)
_13094_/A2                              0.750000    1.468828   -0.718828 (VIOLATED)
_13124_/A2                              0.750000    1.468827   -0.718827 (VIOLATED)
_12890_/A2                              0.750000    1.468825   -0.718825 (VIOLATED)
_12903_/A2                              0.750000    1.468825   -0.718825 (VIOLATED)
_12877_/A2                              0.750000    1.468823   -0.718823 (VIOLATED)
_12863_/A2                              0.750000    1.468822   -0.718822 (VIOLATED)
_12824_/A2                              0.750000    1.468819   -0.718820 (VIOLATED)
_12836_/A2                              0.750000    1.468817   -0.718817 (VIOLATED)
_12681_/Y                               0.750000    1.468814   -0.718814 (VIOLATED)
_12714_/A2                              0.750000    1.468814   -0.718814 (VIOLATED)
_12729_/A2                              0.750000    1.468814   -0.718814 (VIOLATED)
_12743_/A2                              0.750000    1.468814   -0.718814 (VIOLATED)
_12755_/A2                              0.750000    1.468814   -0.718814 (VIOLATED)
_12769_/A2                              0.750000    1.468814   -0.718814 (VIOLATED)
_12782_/A2                              0.750000    1.468814   -0.718814 (VIOLATED)
_12797_/A2                              0.750000    1.468814   -0.718814 (VIOLATED)
_12812_/A2                              0.750000    1.468814   -0.718814 (VIOLATED)
_15006_/A                               0.750000    1.468772   -0.718772 (VIOLATED)
_15009_/A2                              0.750000    1.468772   -0.718772 (VIOLATED)
_15114_/A                               0.750000    1.468772   -0.718772 (VIOLATED)
_15224_/A                               0.750000    1.468771   -0.718771 (VIOLATED)
_15332_/A                               0.750000    1.468770   -0.718770 (VIOLATED)
_15429_/A                               0.750000    1.468770   -0.718770 (VIOLATED)
_14899_/Y                               0.750000    1.468768   -0.718768 (VIOLATED)
_15528_/A                               0.750000    1.468768   -0.718768 (VIOLATED)
_15625_/A                               0.750000    1.468768   -0.718768 (VIOLATED)
_15773_/A                               0.750000    1.468768   -0.718768 (VIOLATED)
_15863_/A                               0.750000    1.468768   -0.718768 (VIOLATED)
_15952_/A                               0.750000    1.468768   -0.718768 (VIOLATED)
_16045_/A                               0.750000    1.468768   -0.718768 (VIOLATED)
_16137_/A                               0.750000    1.468768   -0.718768 (VIOLATED)
_16226_/A                               0.750000    1.468768   -0.718768 (VIOLATED)
_16312_/A                               0.750000    1.468768   -0.718768 (VIOLATED)
_20133_/RESET_B                         0.750000    1.461805   -0.711805 (VIOLATED)
_20229_/RESET_B                         0.750000    1.461792   -0.711792 (VIOLATED)
_20165_/RESET_B                         0.750000    1.461779   -0.711779 (VIOLATED)
_20197_/RESET_B                         0.750000    1.461778   -0.711778 (VIOLATED)
_20293_/RESET_B                         0.750000    1.461625   -0.711625 (VIOLATED)
_20325_/RESET_B                         0.750000    1.461593   -0.711593 (VIOLATED)
_20389_/RESET_B                         0.750000    1.461552   -0.711552 (VIOLATED)
_20357_/RESET_B                         0.750000    1.461535   -0.711535 (VIOLATED)
_20418_/RESET_B                         0.750000    1.461221   -0.711221 (VIOLATED)
_20450_/RESET_B                         0.750000    1.461211   -0.711211 (VIOLATED)
_20514_/RESET_B                         0.750000    1.461037   -0.711037 (VIOLATED)
_20482_/RESET_B                         0.750000    1.461022   -0.711022 (VIOLATED)
_20130_/RESET_B                         0.750000    1.460565   -0.710566 (VIOLATED)
_20162_/RESET_B                         0.750000    1.460542   -0.710542 (VIOLATED)
_20226_/RESET_B                         0.750000    1.460033   -0.710033 (VIOLATED)
_20194_/RESET_B                         0.750000    1.459929   -0.709929 (VIOLATED)
_20871_/RESET_B                         0.750000    1.459489   -0.709489 (VIOLATED)
_20903_/RESET_B                         0.750000    1.459484   -0.709484 (VIOLATED)
_19943_/RESET_B                         0.750000    1.458629   -0.708629 (VIOLATED)
_19975_/RESET_B                         0.750000    1.458624   -0.708624 (VIOLATED)
_20007_/RESET_B                         0.750000    1.458487   -0.708487 (VIOLATED)
_20039_/RESET_B                         0.750000    1.458485   -0.708485 (VIOLATED)
_20103_/RESET_B                         0.750000    1.458416   -0.708416 (VIOLATED)
_20071_/RESET_B                         0.750000    1.458183   -0.708183 (VIOLATED)
_12349_/C                               0.750000    1.457196   -0.707196 (VIOLATED)
_16135_/D                               0.750000    1.457196   -0.707196 (VIOLATED)
_16043_/D                               0.750000    1.457195   -0.707195 (VIOLATED)
_16224_/D                               0.750000    1.457196   -0.707196 (VIOLATED)
_16310_/D                               0.750000    1.457196   -0.707196 (VIOLATED)
_15623_/D                               0.750000    1.457193   -0.707193 (VIOLATED)
_15771_/D                               0.750000    1.457192   -0.707192 (VIOLATED)
_15950_/D                               0.750000    1.457192   -0.707192 (VIOLATED)
_15526_/D                               0.750000    1.457191   -0.707191 (VIOLATED)
_15861_/D                               0.750000    1.457190   -0.707190 (VIOLATED)
_15427_/D                               0.750000    1.457184   -0.707184 (VIOLATED)
_15330_/D                               0.750000    1.457182   -0.707182 (VIOLATED)
_15222_/D                               0.750000    1.457174   -0.707174 (VIOLATED)
_15004_/D                               0.750000    1.457170   -0.707170 (VIOLATED)
_15112_/D                               0.750000    1.457169   -0.707169 (VIOLATED)
_15506_/B1                              0.750000    1.457162   -0.707162 (VIOLATED)
_15603_/B1                              0.750000    1.457161   -0.707161 (VIOLATED)
_15892_/B1                              0.750000    1.457160   -0.707160 (VIOLATED)
_15797_/B1                              0.750000    1.457148   -0.707148 (VIOLATED)
_15310_/B1                              0.750000    1.457114   -0.707114 (VIOLATED)
_14984_/B1                              0.750000    1.457089   -0.707089 (VIOLATED)
_15091_/B1                              0.750000    1.457088   -0.707089 (VIOLATED)
_15211_/A1                              0.750000    1.457089   -0.707089 (VIOLATED)
_15978_/B1                              0.750000    1.457089   -0.707089 (VIOLATED)
_13463_/B                               0.750000    1.457079   -0.707079 (VIOLATED)
_14776_/C                               0.750000    1.457079   -0.707079 (VIOLATED)
_14118_/B1                              0.750000    1.457078   -0.707078 (VIOLATED)
_14209_/B1                              0.750000    1.457077   -0.707077 (VIOLATED)
_14028_/B1                              0.750000    1.457075   -0.707075 (VIOLATED)
_13953_/B1                              0.750000    1.457072   -0.707072 (VIOLATED)
_14302_/B1                              0.750000    1.457070   -0.707070 (VIOLATED)
_11916_/C1                              0.750000    1.457067   -0.707067 (VIOLATED)
_16076_/B1                              0.750000    1.457065   -0.707065 (VIOLATED)
_16353_/A1                              0.750000    1.457064   -0.707064 (VIOLATED)
_13669_/B1                              0.750000    1.457055   -0.707055 (VIOLATED)
_13540_/B1                              0.750000    1.457053   -0.707053 (VIOLATED)
_13604_/B1                              0.750000    1.457049   -0.707049 (VIOLATED)
_15702_/B1                              0.750000    1.457047   -0.707047 (VIOLATED)
_13790_/B1                              0.750000    1.457045   -0.707045 (VIOLATED)
_15406_/B1                              0.750000    1.457046   -0.707046 (VIOLATED)
_14875_/B1                              0.750000    1.457042   -0.707042 (VIOLATED)
_13886_/A1                              0.750000    1.457041   -0.707041 (VIOLATED)
_16166_/B1                              0.750000    1.457041   -0.707041 (VIOLATED)
_14515_/B1                              0.750000    1.457039   -0.707039 (VIOLATED)
_14626_/B1                              0.750000    1.457040   -0.707040 (VIOLATED)
_11732_/C1                              0.750000    1.457036   -0.707036 (VIOLATED)
_12263_/B                               0.750000    1.457036   -0.707036 (VIOLATED)
_13728_/A1                              0.750000    1.457029   -0.707029 (VIOLATED)
_11678_/A1_N                            0.750000    1.457020   -0.707020 (VIOLATED)
_11976_/A1                              0.750000    1.457006   -0.707006 (VIOLATED)
_11560_/C1                              0.750000    1.456975   -0.706975 (VIOLATED)
_10691_/A                               0.750000    1.456966   -0.706966 (VIOLATED)
_10748_/B2                              0.750000    1.456952   -0.706952 (VIOLATED)
_10749_/A1_N                            0.750000    1.456952   -0.706953 (VIOLATED)
_13441_/A                               0.750000    1.456952   -0.706953 (VIOLATED)
_10808_/A1_N                            0.750000    1.456951   -0.706951 (VIOLATED)
_10505_/C1                              0.750000    1.456933   -0.706933 (VIOLATED)
_16266_/A1                              0.750000    1.456930   -0.706930 (VIOLATED)
_10450_/A1_N                            0.750000    1.456926   -0.706927 (VIOLATED)
_10629_/B2                              0.750000    1.456926   -0.706926 (VIOLATED)
_10509_/A1_N                            0.750000    1.456921   -0.706921 (VIOLATED)
_10570_/A                               0.750000    1.456915   -0.706915 (VIOLATED)
_10881_/B2                              0.750000    1.456870   -0.706870 (VIOLATED)
_10930_/B2                              0.750000    1.456841   -0.706841 (VIOLATED)
_10044_/C                               0.750000    1.456831   -0.706831 (VIOLATED)
_20463_/RESET_B                         0.750000    1.456799   -0.706799 (VIOLATED)
_10560_/C1                              0.750000    1.456783   -0.706783 (VIOLATED)
_11618_/C1                              0.750000    1.456783   -0.706783 (VIOLATED)
_11309_/C1                              0.750000    1.456782   -0.706782 (VIOLATED)
_10220_/C1                              0.750000    1.456780   -0.706780 (VIOLATED)
_11370_/C1                              0.750000    1.456780   -0.706780 (VIOLATED)
_11429_/C1                              0.750000    1.456780   -0.706780 (VIOLATED)
_10089_/C1                              0.750000    1.456778   -0.706778 (VIOLATED)
_11115_/C1                              0.750000    1.456777   -0.706777 (VIOLATED)
_14791_/B                               0.750000    1.456778   -0.706778 (VIOLATED)
_11056_/A                               0.750000    1.456777   -0.706777 (VIOLATED)
_10305_/C                               0.750000    1.456775   -0.706775 (VIOLATED)
_10997_/A1                              0.750000    1.456768   -0.706768 (VIOLATED)
_11180_/A                               0.750000    1.456767   -0.706767 (VIOLATED)
_10245_/C                               0.750000    1.456755   -0.706755 (VIOLATED)
_10366_/C                               0.750000    1.456745   -0.706745 (VIOLATED)
_10041_/X                               0.750000    1.456729   -0.706729 (VIOLATED)
_20495_/RESET_B                         0.750000    1.456716   -0.706716 (VIOLATED)
_20527_/RESET_B                         0.750000    1.456641   -0.706641 (VIOLATED)
_20296_/RESET_B                         0.750000    1.455073   -0.705073 (VIOLATED)
_20328_/RESET_B                         0.750000    1.454930   -0.704930 (VIOLATED)
_20392_/RESET_B                         0.750000    1.454435   -0.704435 (VIOLATED)
_20022_/RESET_B                         0.750000    1.454316   -0.704316 (VIOLATED)
_20360_/RESET_B                         0.750000    1.454292   -0.704292 (VIOLATED)
_20008_/RESET_B                         0.750000    1.453086   -0.703086 (VIOLATED)
_20040_/RESET_B                         0.750000    1.453013   -0.703013 (VIOLATED)
_20104_/RESET_B                         0.750000    1.452603   -0.702603 (VIOLATED)
_20136_/RESET_B                         0.750000    1.452537   -0.702537 (VIOLATED)
_20168_/RESET_B                         0.750000    1.452529   -0.702529 (VIOLATED)
_20232_/RESET_B                         0.750000    1.452489   -0.702489 (VIOLATED)
_20200_/RESET_B                         0.750000    1.452484   -0.702484 (VIOLATED)
_20552_/RESET_B                         0.750000    1.452307   -0.702307 (VIOLATED)
_20584_/RESET_B                         0.750000    1.452291   -0.702291 (VIOLATED)
_20648_/RESET_B                         0.750000    1.452235   -0.702235 (VIOLATED)
_20680_/RESET_B                         0.750000    1.452218   -0.702218 (VIOLATED)
_20488_/RESET_B                         0.750000    1.451889   -0.701889 (VIOLATED)
_20520_/RESET_B                         0.750000    1.451889   -0.701889 (VIOLATED)
_20424_/RESET_B                         0.750000    1.451885   -0.701885 (VIOLATED)
_20456_/RESET_B                         0.750000    1.451853   -0.701853 (VIOLATED)
_20072_/RESET_B                         0.750000    1.451462   -0.701462 (VIOLATED)
_20616_/RESET_B                         0.750000    1.450874   -0.700874 (VIOLATED)
_20712_/RESET_B                         0.750000    1.450758   -0.700758 (VIOLATED)
_20150_/RESET_B                         0.750000    1.449023   -0.699023 (VIOLATED)
_20182_/RESET_B                         0.750000    1.448907   -0.698907 (VIOLATED)
_20214_/RESET_B                         0.750000    1.448411   -0.698411 (VIOLATED)
_20246_/RESET_B                         0.750000    1.448410   -0.698410 (VIOLATED)
_17016_/S                               0.750000    1.447453   -0.697453 (VIOLATED)
_17017_/S                               0.750000    1.447450   -0.697450 (VIOLATED)
_17013_/S                               0.750000    1.447448   -0.697448 (VIOLATED)
_17014_/S                               0.750000    1.447443   -0.697443 (VIOLATED)
_17010_/S                               0.750000    1.447441   -0.697441 (VIOLATED)
_17031_/S                               0.750000    1.447438   -0.697438 (VIOLATED)
_17025_/S                               0.750000    1.447431   -0.697431 (VIOLATED)
_17030_/S                               0.750000    1.447430   -0.697430 (VIOLATED)
_17028_/S                               0.750000    1.447412   -0.697412 (VIOLATED)
_17018_/S                               0.750000    1.447399   -0.697399 (VIOLATED)
_17032_/S                               0.750000    1.447396   -0.697396 (VIOLATED)
_17005_/S                               0.750000    1.447377   -0.697377 (VIOLATED)
_17026_/S                               0.750000    1.447362   -0.697362 (VIOLATED)
_17019_/S                               0.750000    1.447357   -0.697357 (VIOLATED)
_17033_/S                               0.750000    1.447350   -0.697350 (VIOLATED)
_17003_/S                               0.750000    1.447344   -0.697344 (VIOLATED)
_17009_/S                               0.750000    1.447343   -0.697343 (VIOLATED)
_17011_/S                               0.750000    1.447322   -0.697322 (VIOLATED)
_17027_/S                               0.750000    1.447317   -0.697317 (VIOLATED)
_17004_/S                               0.750000    1.447271   -0.697271 (VIOLATED)
_17006_/S                               0.750000    1.447261   -0.697262 (VIOLATED)
_17022_/S                               0.750000    1.447262   -0.697262 (VIOLATED)
_17020_/S                               0.750000    1.447261   -0.697261 (VIOLATED)
_17015_/S                               0.750000    1.447258   -0.697258 (VIOLATED)
_17029_/S                               0.750000    1.447242   -0.697242 (VIOLATED)
_17034_/S                               0.750000    1.447225   -0.697226 (VIOLATED)
_17008_/S                               0.750000    1.447221   -0.697221 (VIOLATED)
_17021_/S                               0.750000    1.447215   -0.697215 (VIOLATED)
_17007_/S                               0.750000    1.447201   -0.697201 (VIOLATED)
_17024_/S                               0.750000    1.447182   -0.697182 (VIOLATED)
_17023_/S                               0.750000    1.447176   -0.697176 (VIOLATED)
_17012_/S                               0.750000    1.447160   -0.697160 (VIOLATED)
_17002_/X                               0.750000    1.447146   -0.697146 (VIOLATED)
_20406_/RESET_B                         0.750000    1.445967   -0.695967 (VIOLATED)
_20310_/RESET_B                         0.750000    1.445909   -0.695909 (VIOLATED)
_20374_/RESET_B                         0.750000    1.445907   -0.695907 (VIOLATED)
_20342_/RESET_B                         0.750000    1.445880   -0.695880 (VIOLATED)
_18575_/A2                              0.750000    1.444553   -0.694553 (VIOLATED)
_18577_/A2                              0.750000    1.444553   -0.694553 (VIOLATED)
_18591_/A2                              0.750000    1.444553   -0.694553 (VIOLATED)
_18581_/A2                              0.750000    1.444552   -0.694552 (VIOLATED)
_18583_/A2                              0.750000    1.444553   -0.694553 (VIOLATED)
_18585_/A2                              0.750000    1.444552   -0.694552 (VIOLATED)
_18593_/A2                              0.750000    1.444552   -0.694552 (VIOLATED)
_18597_/A2                              0.750000    1.444552   -0.694552 (VIOLATED)
_18599_/A2                              0.750000    1.444551   -0.694551 (VIOLATED)
_18601_/A2                              0.750000    1.444552   -0.694552 (VIOLATED)
_18546_/A2                              0.750000    1.444549   -0.694549 (VIOLATED)
_18549_/A2                              0.750000    1.444549   -0.694549 (VIOLATED)
_18565_/A2                              0.750000    1.444549   -0.694549 (VIOLATED)
_18567_/A2                              0.750000    1.444549   -0.694549 (VIOLATED)
_18569_/A2                              0.750000    1.444549   -0.694549 (VIOLATED)
_18587_/A2                              0.750000    1.444547   -0.694547 (VIOLATED)
_18579_/A2                              0.750000    1.444544   -0.694544 (VIOLATED)
_18595_/A2                              0.750000    1.444544   -0.694544 (VIOLATED)
_18543_/A2                              0.750000    1.444542   -0.694542 (VIOLATED)
_18563_/A2                              0.750000    1.444541   -0.694541 (VIOLATED)
_18537_/A2                              0.750000    1.444540   -0.694540 (VIOLATED)
_18541_/A2                              0.750000    1.444540   -0.694540 (VIOLATED)
_18552_/A2                              0.750000    1.444540   -0.694540 (VIOLATED)
_18561_/A2                              0.750000    1.444540   -0.694540 (VIOLATED)
_18533_/A2                              0.750000    1.444539   -0.694539 (VIOLATED)
_18573_/A2                              0.750000    1.444539   -0.694539 (VIOLATED)
_18555_/A2                              0.750000    1.444538   -0.694538 (VIOLATED)
_18571_/A2                              0.750000    1.444536   -0.694536 (VIOLATED)
_18531_/A2                              0.750000    1.444535   -0.694535 (VIOLATED)
_18557_/A2                              0.750000    1.444533   -0.694533 (VIOLATED)
_18559_/A2                              0.750000    1.444533   -0.694533 (VIOLATED)
_18589_/A2                              0.750000    1.444533   -0.694533 (VIOLATED)
_12339_/B                               0.750000    1.444532   -0.694532 (VIOLATED)
_18428_/B1                              0.750000    1.444529   -0.694529 (VIOLATED)
_18439_/A2                              0.750000    1.444529   -0.694529 (VIOLATED)
_18445_/A2                              0.750000    1.444529   -0.694529 (VIOLATED)
_18447_/A2                              0.750000    1.444530   -0.694530 (VIOLATED)
_18451_/B                               0.750000    1.444525   -0.694525 (VIOLATED)
_12336_/Y                               0.750000    1.444521   -0.694521 (VIOLATED)
_12340_/B                               0.750000    1.444521   -0.694521 (VIOLATED)
_12342_/B                               0.750000    1.444521   -0.694521 (VIOLATED)
_20726_/RESET_B                         0.750000    1.443518   -0.693518 (VIOLATED)
_20630_/RESET_B                         0.750000    1.442947   -0.692947 (VIOLATED)
_20278_/RESET_B                         0.750000    1.441944   -0.691944 (VIOLATED)
_20054_/RESET_B                         0.750000    1.441324   -0.691324 (VIOLATED)
_10455_/Y                               0.750000    1.441001   -0.691001 (VIOLATED)
_10456_/B1_N                            0.750000    1.441001   -0.691001 (VIOLATED)
_10887_/A1                              0.750000    1.441001   -0.691001 (VIOLATED)
_12044_/B                               0.750000    1.441001   -0.691001 (VIOLATED)
_12157_/B                               0.750000    1.441001   -0.691001 (VIOLATED)
_19258_/S                               0.750000    1.439664   -0.689664 (VIOLATED)
_19290_/S                               0.750000    1.439664   -0.689664 (VIOLATED)
_19296_/S                               0.750000    1.439662   -0.689662 (VIOLATED)
_19298_/S                               0.750000    1.439662   -0.689662 (VIOLATED)
_19286_/S                               0.750000    1.439661   -0.689661 (VIOLATED)
_19294_/S                               0.750000    1.439660   -0.689660 (VIOLATED)
_19254_/S                               0.750000    1.439658   -0.689658 (VIOLATED)
_19288_/S                               0.750000    1.439658   -0.689658 (VIOLATED)
_19292_/S                               0.750000    1.439656   -0.689656 (VIOLATED)
_19266_/S                               0.750000    1.439655   -0.689655 (VIOLATED)
_19252_/S                               0.750000    1.439651   -0.689651 (VIOLATED)
_19284_/S                               0.750000    1.439650   -0.689650 (VIOLATED)
_19260_/S                               0.750000    1.439646   -0.689646 (VIOLATED)
_19264_/S                               0.750000    1.439646   -0.689646 (VIOLATED)
_19250_/S                               0.750000    1.439644   -0.689644 (VIOLATED)
_19282_/S                               0.750000    1.439641   -0.689641 (VIOLATED)
_19280_/S                               0.750000    1.439637   -0.689637 (VIOLATED)
_19262_/S                               0.750000    1.439631   -0.689631 (VIOLATED)
_19248_/S                               0.750000    1.439625   -0.689625 (VIOLATED)
_19278_/S                               0.750000    1.439610   -0.689610 (VIOLATED)
_19246_/S                               0.750000    1.439590   -0.689590 (VIOLATED)
_19256_/S                               0.750000    1.439575   -0.689575 (VIOLATED)
_20118_/RESET_B                         0.750000    1.439564   -0.689564 (VIOLATED)
_19270_/S                               0.750000    1.439558   -0.689558 (VIOLATED)
_19268_/S                               0.750000    1.439541   -0.689541 (VIOLATED)
_19276_/S                               0.750000    1.439522   -0.689522 (VIOLATED)
_19272_/S                               0.750000    1.439520   -0.689520 (VIOLATED)
_19244_/S                               0.750000    1.439498   -0.689498 (VIOLATED)
_19240_/S                               0.750000    1.439496   -0.689496 (VIOLATED)
_19274_/S                               0.750000    1.439486   -0.689486 (VIOLATED)
_19236_/S                               0.750000    1.439483   -0.689483 (VIOLATED)
_19041_/S                               0.750000    1.439474   -0.689474 (VIOLATED)
_19238_/S                               0.750000    1.439474   -0.689474 (VIOLATED)
_19242_/S                               0.750000    1.439474   -0.689474 (VIOLATED)
_19039_/X                               0.750000    1.439471   -0.689471 (VIOLATED)
_20086_/RESET_B                         0.750000    1.438703   -0.688703 (VIOLATED)
_21383_/RESET_B                         0.750000    1.437488   -0.687488 (VIOLATED)
_21385_/RESET_B                         0.750000    1.437446   -0.687446 (VIOLATED)
_21384_/RESET_B                         0.750000    1.437413   -0.687413 (VIOLATED)
_21391_/RESET_B                         0.750000    1.437345   -0.687345 (VIOLATED)
_21386_/RESET_B                         0.750000    1.437332   -0.687332 (VIOLATED)
_21389_/RESET_B                         0.750000    1.437117   -0.687117 (VIOLATED)
_21390_/RESET_B                         0.750000    1.437014   -0.687014 (VIOLATED)
_21381_/RESET_B                         0.750000    1.436745   -0.686745 (VIOLATED)
_21388_/RESET_B                         0.750000    1.436609   -0.686609 (VIOLATED)
_21380_/RESET_B                         0.750000    1.436556   -0.686556 (VIOLATED)
_21378_/RESET_B                         0.750000    1.436105   -0.686105 (VIOLATED)
_21377_/RESET_B                         0.750000    1.435672   -0.685672 (VIOLATED)
_21737_/RESET_B                         0.750000    1.435131   -0.685131 (VIOLATED)
_21714_/RESET_B                         0.750000    1.435110   -0.685110 (VIOLATED)
_21736_/RESET_B                         0.750000    1.435079   -0.685079 (VIOLATED)
_21713_/SET_B                           0.750000    1.434970   -0.684970 (VIOLATED)
_21376_/RESET_B                         0.750000    1.434671   -0.684671 (VIOLATED)
_21375_/RESET_B                         0.750000    1.434025   -0.684025 (VIOLATED)
_21374_/RESET_B                         0.750000    1.433461   -0.683461 (VIOLATED)
_21363_/RESET_B                         0.750000    1.433404   -0.683404 (VIOLATED)
_21364_/RESET_B                         0.750000    1.433396   -0.683396 (VIOLATED)
_21379_/RESET_B                         0.750000    1.433326   -0.683326 (VIOLATED)
_21373_/RESET_B                         0.750000    1.433038   -0.683038 (VIOLATED)
_21372_/RESET_B                         0.750000    1.432332   -0.682332 (VIOLATED)
_21418_/RESET_B                         0.750000    1.431528   -0.681528 (VIOLATED)
_21417_/RESET_B                         0.750000    1.431495   -0.681495 (VIOLATED)
_21415_/RESET_B                         0.750000    1.431470   -0.681470 (VIOLATED)
_21396_/RESET_B                         0.750000    1.431360   -0.681360 (VIOLATED)
_21398_/RESET_B                         0.750000    1.431332   -0.681332 (VIOLATED)
_21397_/RESET_B                         0.750000    1.431304   -0.681304 (VIOLATED)
_21412_/RESET_B                         0.750000    1.431292   -0.681292 (VIOLATED)
_20458_/RESET_B                         0.750000    1.431259   -0.681259 (VIOLATED)
_20522_/RESET_B                         0.750000    1.431257   -0.681257 (VIOLATED)
_21411_/RESET_B                         0.750000    1.431219   -0.681220 (VIOLATED)
_20682_/RESET_B                         0.750000    1.431186   -0.681186 (VIOLATED)
_20586_/RESET_B                         0.750000    1.431165   -0.681165 (VIOLATED)
_20554_/RESET_B                         0.750000    1.431119   -0.681119 (VIOLATED)
_20650_/RESET_B                         0.750000    1.431057   -0.681057 (VIOLATED)
_21422_/RESET_B                         0.750000    1.431022   -0.681022 (VIOLATED)
_21409_/RESET_B                         0.750000    1.431013   -0.681013 (VIOLATED)
_21419_/RESET_B                         0.750000    1.430852   -0.680852 (VIOLATED)
_21413_/RESET_B                         0.750000    1.430823   -0.680823 (VIOLATED)
_20394_/RESET_B                         0.750000    1.430813   -0.680813 (VIOLATED)
_21414_/RESET_B                         0.750000    1.430809   -0.680809 (VIOLATED)
_20298_/RESET_B                         0.750000    1.430777   -0.680777 (VIOLATED)
_20426_/RESET_B                         0.750000    1.430748   -0.680748 (VIOLATED)
_20490_/RESET_B                         0.750000    1.430733   -0.680733 (VIOLATED)
_21403_/RESET_B                         0.750000    1.430731   -0.680731 (VIOLATED)
_20146_/RESET_B                         0.750000    1.430672   -0.680672 (VIOLATED)
_20178_/RESET_B                         0.750000    1.430666   -0.680666 (VIOLATED)
_20242_/RESET_B                         0.750000    1.430655   -0.680655 (VIOLATED)
_20362_/RESET_B                         0.750000    1.430602   -0.680602 (VIOLATED)
_20210_/RESET_B                         0.750000    1.430559   -0.680559 (VIOLATED)
_20138_/RESET_B                         0.750000    1.430343   -0.680343 (VIOLATED)
_20170_/RESET_B                         0.750000    1.430290   -0.680290 (VIOLATED)
_20330_/RESET_B                         0.750000    1.430184   -0.680184 (VIOLATED)
_21421_/RESET_B                         0.750000    1.430145   -0.680145 (VIOLATED)
_20234_/RESET_B                         0.750000    1.430087   -0.680087 (VIOLATED)
_20202_/RESET_B                         0.750000    1.430010   -0.680010 (VIOLATED)
_21349_/RESET_B                         0.750000    1.430004   -0.680005 (VIOLATED)
_21341_/RESET_B                         0.750000    1.430003   -0.680003 (VIOLATED)
_21342_/RESET_B                         0.750000    1.429986   -0.679986 (VIOLATED)
_21345_/RESET_B                         0.750000    1.429897   -0.679897 (VIOLATED)
_21344_/RESET_B                         0.750000    1.429870   -0.679870 (VIOLATED)
_21346_/RESET_B                         0.750000    1.429868   -0.679868 (VIOLATED)
_21350_/RESET_B                         0.750000    1.429868   -0.679868 (VIOLATED)
_21352_/RESET_B                         0.750000    1.429865   -0.679865 (VIOLATED)
_21354_/RESET_B                         0.750000    1.429847   -0.679847 (VIOLATED)
_21406_/RESET_B                         0.750000    1.429841   -0.679841 (VIOLATED)
_21353_/RESET_B                         0.750000    1.429618   -0.679618 (VIOLATED)
_21410_/RESET_B                         0.750000    1.429505   -0.679505 (VIOLATED)
_21387_/RESET_B                         0.750000    1.429399   -0.679399 (VIOLATED)
_20125_/RESET_B                         0.750000    1.429267   -0.679267 (VIOLATED)
_21382_/RESET_B                         0.750000    1.429265   -0.679265 (VIOLATED)
_21420_/RESET_B                         0.750000    1.429188   -0.679188 (VIOLATED)
_16914_/S                               0.750000    1.429047   -0.679047 (VIOLATED)
_16917_/S                               0.750000    1.429042   -0.679042 (VIOLATED)
_16931_/S                               0.750000    1.429030   -0.679030 (VIOLATED)
_21336_/RESET_B                         0.750000    1.429018   -0.679018 (VIOLATED)
_16930_/S                               0.750000    1.429017   -0.679017 (VIOLATED)
_21328_/RESET_B                         0.750000    1.429015   -0.679015 (VIOLATED)
_21338_/RESET_B                         0.750000    1.429014   -0.679014 (VIOLATED)
_16928_/S                               0.750000    1.428970   -0.678970 (VIOLATED)
_16913_/S                               0.750000    1.428923   -0.678923 (VIOLATED)
_16926_/S                               0.750000    1.428914   -0.678914 (VIOLATED)
_21329_/RESET_B                         0.750000    1.428913   -0.678913 (VIOLATED)
_20157_/RESET_B                         0.750000    1.428904   -0.678904 (VIOLATED)
_16919_/S                               0.750000    1.428875   -0.678875 (VIOLATED)
_21337_/RESET_B                         0.750000    1.428856   -0.678856 (VIOLATED)
_16933_/S                               0.750000    1.428820   -0.678820 (VIOLATED)
_16916_/S                               0.750000    1.428779   -0.678779 (VIOLATED)
_21347_/RESET_B                         0.750000    1.428777   -0.678777 (VIOLATED)
_16910_/S                               0.750000    1.428774   -0.678774 (VIOLATED)
_16925_/S                               0.750000    1.428757   -0.678757 (VIOLATED)
_16918_/S                               0.750000    1.428738   -0.678738 (VIOLATED)
_16909_/S                               0.750000    1.428689   -0.678689 (VIOLATED)
_16927_/S                               0.750000    1.428686   -0.678686 (VIOLATED)
_16932_/S                               0.750000    1.428646   -0.678646 (VIOLATED)
_16905_/S                               0.750000    1.428644   -0.678644 (VIOLATED)
_16903_/S                               0.750000    1.428635   -0.678635 (VIOLATED)
_16911_/S                               0.750000    1.428626   -0.678626 (VIOLATED)
_16906_/S                               0.750000    1.428617   -0.678617 (VIOLATED)
_16904_/S                               0.750000    1.428580   -0.678580 (VIOLATED)
_16924_/S                               0.750000    1.428485   -0.678485 (VIOLATED)
_20317_/RESET_B                         0.750000    1.428472   -0.678472 (VIOLATED)
_16920_/S                               0.750000    1.428382   -0.678382 (VIOLATED)
_16922_/S                               0.750000    1.428383   -0.678383 (VIOLATED)
_16915_/S                               0.750000    1.428381   -0.678381 (VIOLATED)
_16929_/S                               0.750000    1.428376   -0.678376 (VIOLATED)
_16921_/S                               0.750000    1.428371   -0.678371 (VIOLATED)
_16912_/S                               0.750000    1.428361   -0.678361 (VIOLATED)
_16908_/S                               0.750000    1.428356   -0.678356 (VIOLATED)
_16907_/S                               0.750000    1.428346   -0.678346 (VIOLATED)
_16934_/S                               0.750000    1.428339   -0.678339 (VIOLATED)
_20381_/RESET_B                         0.750000    1.428334   -0.678334 (VIOLATED)
_16923_/S                               0.750000    1.428333   -0.678333 (VIOLATED)
_16902_/X                               0.750000    1.428324   -0.678324 (VIOLATED)
_21343_/RESET_B                         0.750000    1.428245   -0.678245 (VIOLATED)
_20285_/RESET_B                         0.750000    1.428210   -0.678210 (VIOLATED)
_21358_/RESET_B                         0.750000    1.428128   -0.678128 (VIOLATED)
_21359_/RESET_B                         0.750000    1.428092   -0.678092 (VIOLATED)
_21351_/RESET_B                         0.750000    1.428049   -0.678049 (VIOLATED)
_21360_/RESET_B                         0.750000    1.428048   -0.678048 (VIOLATED)
_20189_/RESET_B                         0.750000    1.427976   -0.677976 (VIOLATED)
_21370_/RESET_B                         0.750000    1.427962   -0.677962 (VIOLATED)
_20221_/RESET_B                         0.750000    1.427950   -0.677950 (VIOLATED)
_21416_/RESET_B                         0.750000    1.427900   -0.677900 (VIOLATED)
_21371_/RESET_B                         0.750000    1.427896   -0.677896 (VIOLATED)
_20349_/RESET_B                         0.750000    1.427767   -0.677767 (VIOLATED)
_21407_/RESET_B                         0.750000    1.427710   -0.677710 (VIOLATED)
_21408_/RESET_B                         0.750000    1.427696   -0.677696 (VIOLATED)
_21423_/RESET_B                         0.750000    1.427626   -0.677627 (VIOLATED)
_21335_/RESET_B                         0.750000    1.427527   -0.677527 (VIOLATED)
_21327_/RESET_B                         0.750000    1.427361   -0.677361 (VIOLATED)
_20338_/RESET_B                         0.750000    1.427261   -0.677261 (VIOLATED)
_20370_/RESET_B                         0.750000    1.427258   -0.677258 (VIOLATED)
_20306_/RESET_B                         0.750000    1.427251   -0.677251 (VIOLATED)
_20402_/RESET_B                         0.750000    1.427225   -0.677225 (VIOLATED)
_21394_/RESET_B                         0.750000    1.427157   -0.677157 (VIOLATED)
_21326_/RESET_B                         0.750000    1.427114   -0.677114 (VIOLATED)
_21330_/RESET_B                         0.750000    1.427111   -0.677111 (VIOLATED)
_21325_/RESET_B                         0.750000    1.427102   -0.677102 (VIOLATED)
_20151_/RESET_B                         0.750000    1.427075   -0.677075 (VIOLATED)
_20183_/RESET_B                         0.750000    1.427055   -0.677055 (VIOLATED)
_20247_/RESET_B                         0.750000    1.427048   -0.677048 (VIOLATED)
_21334_/RESET_B                         0.750000    1.427028   -0.677028 (VIOLATED)
_20311_/RESET_B                         0.750000    1.426968   -0.676968 (VIOLATED)
_21340_/RESET_B                         0.750000    1.426881   -0.676881 (VIOLATED)
_20413_/RESET_B                         0.750000    1.426845   -0.676845 (VIOLATED)
_21324_/RESET_B                         0.750000    1.426780   -0.676780 (VIOLATED)
_20445_/RESET_B                         0.750000    1.426770   -0.676770 (VIOLATED)
_12057_/A                               0.750000    1.426687   -0.676687 (VIOLATED)
_12061_/A                               0.750000    1.426687   -0.676687 (VIOLATED)
_12063_/A                               0.750000    1.426687   -0.676687 (VIOLATED)
_12139_/A1                              0.750000    1.426685   -0.676685 (VIOLATED)
_09883_/Y                               0.750000    1.426676   -0.676676 (VIOLATED)
_11319_/B1                              0.750000    1.426676   -0.676676 (VIOLATED)
_11321_/B1                              0.750000    1.426676   -0.676676 (VIOLATED)
_11323_/B1                              0.750000    1.426676   -0.676676 (VIOLATED)
_11325_/B1                              0.750000    1.426676   -0.676676 (VIOLATED)
_11510_/B1                              0.750000    1.426676   -0.676676 (VIOLATED)
_11516_/B1                              0.750000    1.426676   -0.676676 (VIOLATED)
_11870_/B1                              0.750000    1.426676   -0.676676 (VIOLATED)
_11874_/B1                              0.750000    1.426676   -0.676676 (VIOLATED)
_20407_/RESET_B                         0.750000    1.426610   -0.676610 (VIOLATED)
_21331_/RESET_B                         0.750000    1.426600   -0.676600 (VIOLATED)
_20375_/RESET_B                         0.750000    1.426554   -0.676554 (VIOLATED)
_21393_/RESET_B                         0.750000    1.426547   -0.676547 (VIOLATED)
_20343_/RESET_B                         0.750000    1.426523   -0.676523 (VIOLATED)
_21339_/RESET_B                         0.750000    1.426334   -0.676334 (VIOLATED)
_20477_/RESET_B                         0.750000    1.426127   -0.676127 (VIOLATED)
_20215_/RESET_B                         0.750000    1.425936   -0.675936 (VIOLATED)
_21323_/RESET_B                         0.750000    1.425866   -0.675866 (VIOLATED)
_21333_/RESET_B                         0.750000    1.425186   -0.675186 (VIOLATED)
_21348_/RESET_B                         0.750000    1.425169   -0.675169 (VIOLATED)
_21332_/RESET_B                         0.750000    1.425135   -0.675135 (VIOLATED)
_20637_/RESET_B                         0.750000    1.425057   -0.675057 (VIOLATED)
_21712_/RESET_B                         0.750000    1.424962   -0.674962 (VIOLATED)
_21709_/RESET_B                         0.750000    1.424933   -0.674933 (VIOLATED)
_20669_/RESET_B                         0.750000    1.424759   -0.674759 (VIOLATED)
_20541_/RESET_B                         0.750000    1.424588   -0.674588 (VIOLATED)
_21290_/RESET_B                         0.750000    1.424572   -0.674572 (VIOLATED)
_20573_/RESET_B                         0.750000    1.423932   -0.673932 (VIOLATED)
_17080_/S                               0.750000    1.423705   -0.673705 (VIOLATED)
_17083_/S                               0.750000    1.423697   -0.673697 (VIOLATED)
_17082_/S                               0.750000    1.423693   -0.673693 (VIOLATED)
_20509_/RESET_B                         0.750000    1.423690   -0.673690 (VIOLATED)
_17076_/S                               0.750000    1.423682   -0.673682 (VIOLATED)
_17079_/S                               0.750000    1.423676   -0.673676 (VIOLATED)
_17091_/S                               0.750000    1.423672   -0.673672 (VIOLATED)
_17084_/S                               0.750000    1.423642   -0.673642 (VIOLATED)
_17092_/S                               0.750000    1.423587   -0.673587 (VIOLATED)
_17075_/S                               0.750000    1.423469   -0.673469 (VIOLATED)
_17085_/S                               0.750000    1.423453   -0.673453 (VIOLATED)
_17099_/S                               0.750000    1.423450   -0.673450 (VIOLATED)
_17093_/S                               0.750000    1.423430   -0.673430 (VIOLATED)
_17097_/S                               0.750000    1.423418   -0.673418 (VIOLATED)
_17096_/S                               0.750000    1.423415   -0.673415 (VIOLATED)
_17094_/S                               0.750000    1.423406   -0.673406 (VIOLATED)
_17098_/S                               0.750000    1.423394   -0.673394 (VIOLATED)
_17071_/S                               0.750000    1.423383   -0.673383 (VIOLATED)
_17072_/S                               0.750000    1.423377   -0.673377 (VIOLATED)
_17069_/S                               0.750000    1.423360   -0.673360 (VIOLATED)
_17077_/S                               0.750000    1.423351   -0.673351 (VIOLATED)
_17081_/S                               0.750000    1.423331   -0.673331 (VIOLATED)
_17086_/S                               0.750000    1.423330   -0.673330 (VIOLATED)
_17088_/S                               0.750000    1.423328   -0.673328 (VIOLATED)
_17087_/S                               0.750000    1.423310   -0.673310 (VIOLATED)
_17070_/S                               0.750000    1.423307   -0.673307 (VIOLATED)
_17095_/S                               0.750000    1.423293   -0.673293 (VIOLATED)
_17100_/S                               0.750000    1.423290   -0.673290 (VIOLATED)
_17074_/S                               0.750000    1.423280   -0.673280 (VIOLATED)
_17073_/S                               0.750000    1.423272   -0.673272 (VIOLATED)
_17090_/S                               0.750000    1.423242   -0.673242 (VIOLATED)
_17089_/S                               0.750000    1.423239   -0.673239 (VIOLATED)
_17078_/S                               0.750000    1.423223   -0.673223 (VIOLATED)
_17068_/X                               0.750000    1.423212   -0.673212 (VIOLATED)
_21738_/RESET_B                         0.750000    1.423025   -0.673026 (VIOLATED)
_21367_/RESET_B                         0.750000    1.422791   -0.672791 (VIOLATED)
_21739_/RESET_B                         0.750000    1.422092   -0.672092 (VIOLATED)
_20284_/RESET_B                         0.750000    1.421163   -0.671163 (VIOLATED)
_21321_/RESET_B                         0.750000    1.421116   -0.671116 (VIOLATED)
_21399_/RESET_B                         0.750000    1.421075   -0.671075 (VIOLATED)
_20864_/RESET_B                         0.750000    1.420738   -0.670738 (VIOLATED)
_20316_/RESET_B                         0.750000    1.420587   -0.670587 (VIOLATED)
_21322_/RESET_B                         0.750000    1.420487   -0.670487 (VIOLATED)
_21754_/A                               0.750000    1.419932   -0.669932 (VIOLATED)
_12244_/A                               0.750000    1.419926   -0.669926 (VIOLATED)
_12432_/A1                              0.750000    1.419925   -0.669925 (VIOLATED)
_19718_/A1                              0.750000    1.419925   -0.669925 (VIOLATED)
_18468_/A1                              0.750000    1.419919   -0.669919 (VIOLATED)
_18701_/A1                              0.750000    1.419917   -0.669917 (VIOLATED)
_18704_/A2                              0.750000    1.419916   -0.669916 (VIOLATED)
_13968_/A2                              0.750000    1.419912   -0.669912 (VIOLATED)
_12230_/Y                               0.750000    1.419908   -0.669908 (VIOLATED)
_18984_/A1                              0.750000    1.419908   -0.669908 (VIOLATED)
_21362_/RESET_B                         0.750000    1.419843   -0.669843 (VIOLATED)
_21365_/RESET_B                         0.750000    1.419795   -0.669795 (VIOLATED)
_21361_/RESET_B                         0.750000    1.419732   -0.669732 (VIOLATED)
_21366_/RESET_B                         0.750000    1.419654   -0.669654 (VIOLATED)
_20380_/RESET_B                         0.750000    1.419545   -0.669545 (VIOLATED)
_21369_/RESET_B                         0.750000    1.419483   -0.669483 (VIOLATED)
_20348_/RESET_B                         0.750000    1.419340   -0.669340 (VIOLATED)
_21368_/RESET_B                         0.750000    1.419250   -0.669250 (VIOLATED)
_21711_/RESET_B                         0.750000    1.419013   -0.669013 (VIOLATED)
_21285_/RESET_B                         0.750000    1.418951   -0.668951 (VIOLATED)
_21710_/RESET_B                         0.750000    1.418921   -0.668921 (VIOLATED)
_21740_/SET_B                           0.750000    1.418804   -0.668804 (VIOLATED)
_20896_/RESET_B                         0.750000    1.418227   -0.668227 (VIOLATED)
_21392_/RESET_B                         0.750000    1.418106   -0.668106 (VIOLATED)
_21395_/RESET_B                         0.750000    1.418009   -0.668009 (VIOLATED)
_20010_/RESET_B                         0.750000    1.417453   -0.667453 (VIOLATED)
_20042_/RESET_B                         0.750000    1.417448   -0.667448 (VIOLATED)
_20106_/RESET_B                         0.750000    1.417413   -0.667413 (VIOLATED)
_20074_/RESET_B                         0.750000    1.417407   -0.667407 (VIOLATED)
_20471_/RESET_B                         0.750000    1.417249   -0.667250 (VIOLATED)
_20439_/RESET_B                         0.750000    1.417237   -0.667237 (VIOLATED)
_20535_/RESET_B                         0.750000    1.417010   -0.667010 (VIOLATED)
_13032_/B1                              0.750000    1.417006   -0.667006 (VIOLATED)
_12701_/Y                               0.750000    1.417004   -0.667004 (VIOLATED)
_12722_/B1                              0.750000    1.417004   -0.667004 (VIOLATED)
_12762_/B1                              0.750000    1.417004   -0.667004 (VIOLATED)
_12778_/B1                              0.750000    1.417004   -0.667004 (VIOLATED)
_12808_/B1                              0.750000    1.417004   -0.667004 (VIOLATED)
_12846_/A2                              0.750000    1.417004   -0.667004 (VIOLATED)
_12871_/A2                              0.750000    1.417004   -0.667004 (VIOLATED)
_12884_/B1                              0.750000    1.417004   -0.667004 (VIOLATED)
_12897_/B1                              0.750000    1.417004   -0.667004 (VIOLATED)
_12912_/B1                              0.750000    1.417004   -0.667004 (VIOLATED)
_12924_/B1                              0.750000    1.417004   -0.667004 (VIOLATED)
_12937_/B1                              0.750000    1.417004   -0.667004 (VIOLATED)
_12950_/B1                              0.750000    1.417004   -0.667004 (VIOLATED)
_12964_/B1                              0.750000    1.417004   -0.667004 (VIOLATED)
_12983_/A2                              0.750000    1.417004   -0.667004 (VIOLATED)
_13008_/B1                              0.750000    1.417004   -0.667004 (VIOLATED)
_13022_/B1                              0.750000    1.417004   -0.667004 (VIOLATED)
_13046_/B1                              0.750000    1.417005   -0.667005 (VIOLATED)
_13061_/B1                              0.750000    1.417005   -0.667005 (VIOLATED)
_13072_/B1                              0.750000    1.417004   -0.667004 (VIOLATED)
_13086_/B1                              0.750000    1.417004   -0.667004 (VIOLATED)
_13102_/B1                              0.750000    1.417004   -0.667004 (VIOLATED)
_13117_/A2                              0.750000    1.417004   -0.667004 (VIOLATED)
_20503_/RESET_B                         0.750000    1.416932   -0.666932 (VIOLATED)
_21294_/RESET_B                         0.750000    1.416919   -0.666919 (VIOLATED)
_21311_/RESET_B                         0.750000    1.416706   -0.666706 (VIOLATED)
_20599_/RESET_B                         0.750000    1.416670   -0.666670 (VIOLATED)
_20695_/RESET_B                         0.750000    1.416670   -0.666670 (VIOLATED)
_21400_/RESET_B                         0.750000    1.416631   -0.666631 (VIOLATED)
_20663_/RESET_B                         0.750000    1.416620   -0.666620 (VIOLATED)
_20567_/RESET_B                         0.750000    1.416605   -0.666605 (VIOLATED)
_20700_/RESET_B                         0.750000    1.416181   -0.666181 (VIOLATED)
_20604_/RESET_B                         0.750000    1.416081   -0.666081 (VIOLATED)
_20252_/RESET_B                         0.750000    1.415789   -0.665789 (VIOLATED)
_20045_/RESET_B                         0.750000    1.415650   -0.665650 (VIOLATED)
_20013_/RESET_B                         0.750000    1.415649   -0.665649 (VIOLATED)
_20109_/RESET_B                         0.750000    1.415594   -0.665594 (VIOLATED)
_20077_/RESET_B                         0.750000    1.415585   -0.665585 (VIOLATED)
_20064_/RESET_B                         0.750000    1.415367   -0.665367 (VIOLATED)
_20096_/RESET_B                         0.750000    1.415361   -0.665361 (VIOLATED)
_20000_/RESET_B                         0.750000    1.415348   -0.665348 (VIOLATED)
_20032_/RESET_B                         0.750000    1.415346   -0.665346 (VIOLATED)
_21312_/RESET_B                         0.750000    1.415272   -0.665272 (VIOLATED)
_19996_/RESET_B                         0.750000    1.414518   -0.664518 (VIOLATED)
_19968_/RESET_B                         0.750000    1.414291   -0.664291 (VIOLATED)
_21402_/RESET_B                         0.750000    1.413608   -0.663608 (VIOLATED)
_20028_/RESET_B                         0.750000    1.413241   -0.663241 (VIOLATED)
_21306_/RESET_B                         0.750000    1.412305   -0.662305 (VIOLATED)
_21292_/RESET_B                         0.750000    1.412296   -0.662296 (VIOLATED)
_21291_/RESET_B                         0.750000    1.412210   -0.662210 (VIOLATED)
_20092_/RESET_B                         0.750000    1.412101   -0.662101 (VIOLATED)
_21293_/RESET_B                         0.750000    1.412082   -0.662082 (VIOLATED)
_20060_/RESET_B                         0.750000    1.411580   -0.661580 (VIOLATED)
_19936_/RESET_B                         0.750000    1.411558   -0.661558 (VIOLATED)
_21287_/RESET_B                         0.750000    1.410721   -0.660721 (VIOLATED)
_21286_/RESET_B                         0.750000    1.410719   -0.660719 (VIOLATED)
_21288_/RESET_B                         0.750000    1.410708   -0.660708 (VIOLATED)
_21310_/RESET_B                         0.750000    1.410581   -0.660581 (VIOLATED)
_21289_/RESET_B                         0.750000    1.410552   -0.660552 (VIOLATED)
_21316_/RESET_B                         0.750000    1.410342   -0.660342 (VIOLATED)
_21318_/RESET_B                         0.750000    1.410324   -0.660324 (VIOLATED)
_21315_/RESET_B                         0.750000    1.410134   -0.660134 (VIOLATED)
_21307_/RESET_B                         0.750000    1.410127   -0.660127 (VIOLATED)
_21317_/RESET_B                         0.750000    1.410104   -0.660104 (VIOLATED)
_21319_/RESET_B                         0.750000    1.409877   -0.659877 (VIOLATED)
_21320_/RESET_B                         0.750000    1.409876   -0.659876 (VIOLATED)
_21295_/RESET_B                         0.750000    1.409438   -0.659438 (VIOLATED)
_21401_/RESET_B                         0.750000    1.409421   -0.659421 (VIOLATED)
_21298_/RESET_B                         0.750000    1.409271   -0.659271 (VIOLATED)
_21296_/RESET_B                         0.750000    1.409071   -0.659071 (VIOLATED)
_21297_/RESET_B                         0.750000    1.408998   -0.658998 (VIOLATED)
_21303_/RESET_B                         0.750000    1.408849   -0.658849 (VIOLATED)
_21314_/RESET_B                         0.750000    1.408831   -0.658831 (VIOLATED)
_21313_/RESET_B                         0.750000    1.408814   -0.658814 (VIOLATED)
_21404_/RESET_B                         0.750000    1.408780   -0.658780 (VIOLATED)
_21300_/RESET_B                         0.750000    1.408664   -0.658664 (VIOLATED)
_21302_/RESET_B                         0.750000    1.408631   -0.658631 (VIOLATED)
_20428_/RESET_B                         0.750000    1.408579   -0.658579 (VIOLATED)
_21299_/RESET_B                         0.750000    1.408467   -0.658467 (VIOLATED)
_20460_/RESET_B                         0.750000    1.408392   -0.658392 (VIOLATED)
_21301_/RESET_B                         0.750000    1.407970   -0.657970 (VIOLATED)
_21305_/RESET_B                         0.750000    1.407759   -0.657759 (VIOLATED)
_21304_/RESET_B                         0.750000    1.407194   -0.657194 (VIOLATED)
_20524_/RESET_B                         0.750000    1.405243   -0.655243 (VIOLATED)
_20869_/RESET_B                         0.750000    1.404337   -0.654337 (VIOLATED)
_20867_/RESET_B                         0.750000    1.404335   -0.654335 (VIOLATED)
_20899_/RESET_B                         0.750000    1.404334   -0.654334 (VIOLATED)
_20901_/RESET_B                         0.750000    1.404334   -0.654334 (VIOLATED)
_19939_/RESET_B                         0.750000    1.404243   -0.654243 (VIOLATED)
_19971_/RESET_B                         0.750000    1.404242   -0.654242 (VIOLATED)
_20549_/RESET_B                         0.750000    1.404232   -0.654232 (VIOLATED)
_20902_/RESET_B                         0.750000    1.404229   -0.654229 (VIOLATED)
_20581_/RESET_B                         0.750000    1.404226   -0.654226 (VIOLATED)
_20870_/RESET_B                         0.750000    1.404219   -0.654219 (VIOLATED)
_19973_/RESET_B                         0.750000    1.404205   -0.654205 (VIOLATED)
_19941_/RESET_B                         0.750000    1.404203   -0.654203 (VIOLATED)
_19942_/RESET_B                         0.750000    1.404174   -0.654174 (VIOLATED)
_19974_/RESET_B                         0.750000    1.404148   -0.654148 (VIOLATED)
_20677_/RESET_B                         0.750000    1.404133   -0.654133 (VIOLATED)
_20645_/RESET_B                         0.750000    1.404109   -0.654109 (VIOLATED)
_20102_/RESET_B                         0.750000    1.404052   -0.654052 (VIOLATED)
_20038_/RESET_B                         0.750000    1.403866   -0.653866 (VIOLATED)
_20006_/RESET_B                         0.750000    1.403771   -0.653771 (VIOLATED)
_20492_/RESET_B                         0.750000    1.403710   -0.653710 (VIOLATED)
_20070_/RESET_B                         0.750000    1.403704   -0.653704 (VIOLATED)
_21309_/RESET_B                         0.750000    1.403281   -0.653281 (VIOLATED)
_21308_/RESET_B                         0.750000    1.403205   -0.653205 (VIOLATED)
_20742_/RESET_B                         0.750000    1.402737   -0.652737 (VIOLATED)
_20774_/RESET_B                         0.750000    1.402684   -0.652684 (VIOLATED)
_20806_/RESET_B                         0.750000    1.402422   -0.652422 (VIOLATED)
_20803_/RESET_B                         0.750000    1.402015   -0.652015 (VIOLATED)
_20838_/RESET_B                         0.750000    1.402002   -0.652002 (VIOLATED)
_20540_/RESET_B                         0.750000    1.401995   -0.651995 (VIOLATED)
_20572_/RESET_B                         0.750000    1.401994   -0.651994 (VIOLATED)
_20668_/RESET_B                         0.750000    1.401958   -0.651958 (VIOLATED)
_20636_/RESET_B                         0.750000    1.401942   -0.651942 (VIOLATED)
_21405_/RESET_B                         0.750000    1.401908   -0.651908 (VIOLATED)
_20412_/RESET_B                         0.750000    1.401788   -0.651788 (VIOLATED)
_20771_/RESET_B                         0.750000    1.401787   -0.651787 (VIOLATED)
_20739_/RESET_B                         0.750000    1.401786   -0.651786 (VIOLATED)
_20444_/RESET_B                         0.750000    1.401764   -0.651764 (VIOLATED)
_20835_/RESET_B                         0.750000    1.401757   -0.651757 (VIOLATED)
_20550_/RESET_B                         0.750000    1.401665   -0.651665 (VIOLATED)
_20646_/RESET_B                         0.750000    1.401650   -0.651650 (VIOLATED)
_20707_/RESET_B                         0.750000    1.401648   -0.651648 (VIOLATED)
_20476_/RESET_B                         0.750000    1.401503   -0.651503 (VIOLATED)
_20508_/RESET_B                         0.750000    1.401492   -0.651492 (VIOLATED)
_20259_/RESET_B                         0.750000    1.401472   -0.651472 (VIOLATED)
_20611_/RESET_B                         0.750000    1.401400   -0.651401 (VIOLATED)
_21670_/RESET_B                         0.750000    1.401278   -0.651278 (VIOLATED)
_19884_/RESET_B                         0.750000    1.401151   -0.651151 (VIOLATED)
_21669_/RESET_B                         0.750000    1.401121   -0.651121 (VIOLATED)
_19885_/RESET_B                         0.750000    1.401117   -0.651118 (VIOLATED)
_20710_/RESET_B                         0.750000    1.400996   -0.650996 (VIOLATED)
_20614_/RESET_B                         0.750000    1.400911   -0.650911 (VIOLATED)
_20262_/RESET_B                         0.750000    1.400787   -0.650787 (VIOLATED)
_19886_/RESET_B                         0.750000    1.400637   -0.650637 (VIOLATED)
_20124_/RESET_B                         0.750000    1.400483   -0.650483 (VIOLATED)
_20156_/RESET_B                         0.750000    1.400481   -0.650481 (VIOLATED)
_20220_/RESET_B                         0.750000    1.400450   -0.650450 (VIOLATED)
_20188_/RESET_B                         0.750000    1.400440   -0.650440 (VIOLATED)
_21668_/RESET_B                         0.750000    1.400427   -0.650428 (VIOLATED)
_20556_/RESET_B                         0.750000    1.400309   -0.650309 (VIOLATED)
_20588_/RESET_B                         0.750000    1.400304   -0.650304 (VIOLATED)
_21733_/RESET_B                         0.750000    1.399978   -0.649978 (VIOLATED)
_21357_/RESET_B                         0.750000    1.399937   -0.649937 (VIOLATED)
_20684_/RESET_B                         0.750000    1.399888   -0.649888 (VIOLATED)
_20652_/RESET_B                         0.750000    1.399773   -0.649773 (VIOLATED)
_20546_/RESET_B                         0.750000    1.399127   -0.649127 (VIOLATED)
_20578_/RESET_B                         0.750000    1.399115   -0.649115 (VIOLATED)
_20268_/RESET_B                         0.750000    1.398824   -0.648824 (VIOLATED)
_20674_/RESET_B                         0.750000    1.398799   -0.648799 (VIOLATED)
_20012_/RESET_B                         0.750000    1.398662   -0.648662 (VIOLATED)
_20642_/RESET_B                         0.750000    1.398638   -0.648638 (VIOLATED)
_20044_/RESET_B                         0.750000    1.398626   -0.648626 (VIOLATED)
_20003_/RESET_B                         0.750000    1.398465   -0.648465 (VIOLATED)
_20035_/RESET_B                         0.750000    1.398462   -0.648462 (VIOLATED)
_20099_/RESET_B                         0.750000    1.398416   -0.648416 (VIOLATED)
_20067_/RESET_B                         0.750000    1.398398   -0.648398 (VIOLATED)
_20419_/RESET_B                         0.750000    1.398307   -0.648307 (VIOLATED)
_20451_/RESET_B                         0.750000    1.398306   -0.648306 (VIOLATED)
_20422_/RESET_B                         0.750000    1.398266   -0.648266 (VIOLATED)
_20486_/RESET_B                         0.750000    1.398266   -0.648266 (VIOLATED)
_20518_/RESET_B                         0.750000    1.398205   -0.648205 (VIOLATED)
_20515_/RESET_B                         0.750000    1.398178   -0.648178 (VIOLATED)
_20483_/RESET_B                         0.750000    1.398158   -0.648158 (VIOLATED)
_20582_/RESET_B                         0.750000    1.398100   -0.648100 (VIOLATED)
_20678_/RESET_B                         0.750000    1.398093   -0.648093 (VIOLATED)
_20454_/RESET_B                         0.750000    1.398046   -0.648046 (VIOLATED)
_20131_/RESET_B                         0.750000    1.397876   -0.647876 (VIOLATED)
_20076_/RESET_B                         0.750000    1.397853   -0.647853 (VIOLATED)
_20547_/RESET_B                         0.750000    1.397847   -0.647847 (VIOLATED)
_20108_/RESET_B                         0.750000    1.397845   -0.647845 (VIOLATED)
_20579_/RESET_B                         0.750000    1.397837   -0.647837 (VIOLATED)
_20675_/RESET_B                         0.750000    1.397835   -0.647835 (VIOLATED)
_20643_/RESET_B                         0.750000    1.397828   -0.647828 (VIOLATED)
_20276_/RESET_B                         0.750000    1.397805   -0.647805 (VIOLATED)
_20628_/RESET_B                         0.750000    1.397797   -0.647797 (VIOLATED)
_20724_/RESET_B                         0.750000    1.397789   -0.647789 (VIOLATED)
_20163_/RESET_B                         0.750000    1.397763   -0.647763 (VIOLATED)
_20227_/RESET_B                         0.750000    1.397702   -0.647702 (VIOLATED)
_20291_/RESET_B                         0.750000    1.397687   -0.647687 (VIOLATED)
_20195_/RESET_B                         0.750000    1.397660   -0.647660 (VIOLATED)
_20323_/RESET_B                         0.750000    1.397657   -0.647657 (VIOLATED)
_20387_/RESET_B                         0.750000    1.397629   -0.647629 (VIOLATED)
_20355_/RESET_B                         0.750000    1.397619   -0.647619 (VIOLATED)
_20290_/RESET_B                         0.750000    1.397342   -0.647342 (VIOLATED)
_20326_/RESET_B                         0.750000    1.397300   -0.647300 (VIOLATED)
_20322_/RESET_B                         0.750000    1.397250   -0.647250 (VIOLATED)
_20294_/RESET_B                         0.750000    1.397172   -0.647172 (VIOLATED)
_20166_/RESET_B                         0.750000    1.397090   -0.647090 (VIOLATED)
_20358_/RESET_B                         0.750000    1.396295   -0.646295 (VIOLATED)
_20390_/RESET_B                         0.750000    1.396293   -0.646293 (VIOLATED)
_20386_/RESET_B                         0.750000    1.396093   -0.646093 (VIOLATED)
_20354_/RESET_B                         0.750000    1.395923   -0.645923 (VIOLATED)
_20230_/RESET_B                         0.750000    1.395893   -0.645893 (VIOLATED)
_20134_/RESET_B                         0.750000    1.395853   -0.645853 (VIOLATED)
_20198_/RESET_B                         0.750000    1.395852   -0.645853 (VIOLATED)
_20396_/RESET_B                         0.750000    1.395030   -0.645030 (VIOLATED)
_20332_/RESET_B                         0.750000    1.395029   -0.645029 (VIOLATED)
_20300_/RESET_B                         0.750000    1.395012   -0.645012 (VIOLATED)
_20364_/RESET_B                         0.750000    1.394995   -0.644995 (VIOLATED)
_20532_/RESET_B                         0.750000    1.394802   -0.644802 (VIOLATED)
_20500_/RESET_B                         0.750000    1.394429   -0.644430 (VIOLATED)
_20620_/RESET_B                         0.750000    1.393777   -0.643777 (VIOLATED)
_20436_/RESET_B                         0.750000    1.393750   -0.643750 (VIOLATED)
_20716_/RESET_B                         0.750000    1.393625   -0.643625 (VIOLATED)
_20468_/RESET_B                         0.750000    1.393613   -0.643613 (VIOLATED)
_19948_/RESET_B                         0.750000    1.393200   -0.643200 (VIOLATED)
_20564_/RESET_B                         0.750000    1.393080   -0.643080 (VIOLATED)
_20596_/RESET_B                         0.750000    1.393077   -0.643077 (VIOLATED)
_20692_/RESET_B                         0.750000    1.393062   -0.643062 (VIOLATED)
_20660_/RESET_B                         0.750000    1.393057   -0.643058 (VIOLATED)
_19980_/RESET_B                         0.750000    1.393034   -0.643034 (VIOLATED)
_20340_/RESET_B                         0.750000    1.392917   -0.642917 (VIOLATED)
_20404_/RESET_B                         0.750000    1.392901   -0.642901 (VIOLATED)
_20308_/RESET_B                         0.750000    1.392899   -0.642899 (VIOLATED)
_20372_/RESET_B                         0.750000    1.392877   -0.642877 (VIOLATED)
_20756_/RESET_B                         0.750000    1.392792   -0.642792 (VIOLATED)
_20788_/RESET_B                         0.750000    1.392700   -0.642700 (VIOLATED)
_20659_/RESET_B                         0.750000    1.392657   -0.642657 (VIOLATED)
_20691_/RESET_B                         0.750000    1.392650   -0.642650 (VIOLATED)
_20595_/RESET_B                         0.750000    1.392647   -0.642647 (VIOLATED)
_20563_/RESET_B                         0.750000    1.392628   -0.642628 (VIOLATED)
_20435_/RESET_B                         0.750000    1.392494   -0.642494 (VIOLATED)
_20876_/RESET_B                         0.750000    1.392347   -0.642347 (VIOLATED)
_20908_/RESET_B                         0.750000    1.392343   -0.642343 (VIOLATED)
_20467_/RESET_B                         0.750000    1.392329   -0.642329 (VIOLATED)
_20499_/RESET_B                         0.750000    1.392291   -0.642291 (VIOLATED)
_20852_/RESET_B                         0.750000    1.392278   -0.642278 (VIOLATED)
_20820_/RESET_B                         0.750000    1.392074   -0.642075 (VIOLATED)
_21664_/RESET_B                         0.750000    1.391655   -0.641655 (VIOLATED)
_21663_/RESET_B                         0.750000    1.391642   -0.641643 (VIOLATED)
_21662_/RESET_B                         0.750000    1.391595   -0.641595 (VIOLATED)
_20608_/RESET_B                         0.750000    1.391584   -0.641584 (VIOLATED)
_20704_/RESET_B                         0.750000    1.391560   -0.641560 (VIOLATED)
_20256_/RESET_B                         0.750000    1.391515   -0.641515 (VIOLATED)
_20148_/RESET_B                         0.750000    1.391214   -0.641214 (VIOLATED)
_20180_/RESET_B                         0.750000    1.391207   -0.641207 (VIOLATED)
_20244_/RESET_B                         0.750000    1.391172   -0.641172 (VIOLATED)
_20212_/RESET_B                         0.750000    1.391160   -0.641160 (VIOLATED)
_20020_/RESET_B                         0.750000    1.390928   -0.640928 (VIOLATED)
_20052_/RESET_B                         0.750000    1.390914   -0.640914 (VIOLATED)
_20116_/RESET_B                         0.750000    1.390770   -0.640770 (VIOLATED)
_20084_/RESET_B                         0.750000    1.390763   -0.640763 (VIOLATED)
_20531_/RESET_B                         0.750000    1.390525   -0.640525 (VIOLATED)
_20884_/RESET_B                         0.750000    1.390313   -0.640313 (VIOLATED)
_20916_/RESET_B                         0.750000    1.390305   -0.640305 (VIOLATED)
_19988_/RESET_B                         0.750000    1.390271   -0.640271 (VIOLATED)
_19956_/RESET_B                         0.750000    1.390249   -0.640249 (VIOLATED)
_20627_/RESET_B                         0.750000    1.389758   -0.639758 (VIOLATED)
_20723_/RESET_B                         0.750000    1.389319   -0.639319 (VIOLATED)
_20748_/RESET_B                         0.750000    1.389047   -0.639047 (VIOLATED)
_20780_/RESET_B                         0.750000    1.388504   -0.638504 (VIOLATED)
_20147_/RESET_B                         0.750000    1.388260   -0.638260 (VIOLATED)
_20339_/RESET_B                         0.750000    1.388017   -0.638017 (VIOLATED)
_20307_/RESET_B                         0.750000    1.388015   -0.638015 (VIOLATED)
_20403_/RESET_B                         0.750000    1.387960   -0.637960 (VIOLATED)
_20371_/RESET_B                         0.750000    1.387954   -0.637954 (VIOLATED)
_20179_/RESET_B                         0.750000    1.387626   -0.637626 (VIOLATED)
_20844_/RESET_B                         0.750000    1.387572   -0.637572 (VIOLATED)
_20812_/RESET_B                         0.750000    1.387222   -0.637222 (VIOLATED)
_20243_/RESET_B                         0.750000    1.387013   -0.637013 (VIOLATED)
_20211_/RESET_B                         0.750000    1.387012   -0.637012 (VIOLATED)
_20787_/RESET_B                         0.750000    1.385410   -0.635410 (VIOLATED)
_20851_/RESET_B                         0.750000    1.385288   -0.635288 (VIOLATED)
_20145_/RESET_B                         0.750000    1.384951   -0.634951 (VIOLATED)
_20790_/RESET_B                         0.750000    1.384934   -0.634934 (VIOLATED)
_20758_/RESET_B                         0.750000    1.384931   -0.634931 (VIOLATED)
_20755_/RESET_B                         0.750000    1.384926   -0.634926 (VIOLATED)
_20275_/RESET_B                         0.750000    1.384920   -0.634920 (VIOLATED)
_20819_/RESET_B                         0.750000    1.384916   -0.634916 (VIOLATED)
_20854_/RESET_B                         0.750000    1.384909   -0.634909 (VIOLATED)
_20822_/RESET_B                         0.750000    1.384906   -0.634906 (VIOLATED)
_20177_/RESET_B                         0.750000    1.384870   -0.634870 (VIOLATED)
_17749_/B1                              0.750000    1.384794   -0.634794 (VIOLATED)
_17746_/B2                              0.750000    1.384793   -0.634793 (VIOLATED)
_17757_/A                               0.750000    1.384793   -0.634793 (VIOLATED)
_17621_/A                               0.750000    1.384791   -0.634791 (VIOLATED)
_17736_/B2                              0.750000    1.384791   -0.634791 (VIOLATED)
_17740_/A                               0.750000    1.384791   -0.634791 (VIOLATED)
_17864_/B                               0.750000    1.384786   -0.634786 (VIOLATED)
_17868_/B                               0.750000    1.384786   -0.634786 (VIOLATED)
_17872_/B                               0.750000    1.384785   -0.634785 (VIOLATED)
_17874_/A1                              0.750000    1.384785   -0.634785 (VIOLATED)
_17733_/B2                              0.750000    1.384783   -0.634783 (VIOLATED)
_20918_/RESET_B                         0.750000    1.384777   -0.634777 (VIOLATED)
_17728_/A1                              0.750000    1.384767   -0.634767 (VIOLATED)
_20886_/RESET_B                         0.750000    1.384753   -0.634753 (VIOLATED)
_17857_/A1                              0.750000    1.384748   -0.634748 (VIOLATED)
_17860_/C                               0.750000    1.384748   -0.634748 (VIOLATED)
_17719_/B2                              0.750000    1.384746   -0.634746 (VIOLATED)
_17723_/A                               0.750000    1.384745   -0.634745 (VIOLATED)
_17715_/B1                              0.750000    1.384731   -0.634731 (VIOLATED)
_17697_/A                               0.750000    1.384691   -0.634691 (VIOLATED)
_19990_/RESET_B                         0.750000    1.384689   -0.634689 (VIOLATED)
_17693_/B2                              0.750000    1.384681   -0.634681 (VIOLATED)
_17689_/B1                              0.750000    1.384680   -0.634680 (VIOLATED)
_17754_/A1                              0.750000    1.384658   -0.634658 (VIOLATED)
_17760_/C                               0.750000    1.384659   -0.634659 (VIOLATED)
_17686_/B2                              0.750000    1.384656   -0.634656 (VIOLATED)
_17764_/A                               0.750000    1.384656   -0.634656 (VIOLATED)
_17768_/C                               0.750000    1.384656   -0.634656 (VIOLATED)
_17772_/A                               0.750000    1.384654   -0.634654 (VIOLATED)
_17676_/A1                              0.750000    1.384653   -0.634653 (VIOLATED)
_17681_/B2                              0.750000    1.384653   -0.634653 (VIOLATED)
_17776_/C                               0.750000    1.384653   -0.634653 (VIOLATED)
_19958_/RESET_B                         0.750000    1.384654   -0.634654 (VIOLATED)
_17780_/A                               0.750000    1.384649   -0.634649 (VIOLATED)
_17784_/C                               0.750000    1.384647   -0.634647 (VIOLATED)
_17788_/A                               0.750000    1.384642   -0.634642 (VIOLATED)
_17792_/C                               0.750000    1.384638   -0.634638 (VIOLATED)
_17795_/B1                              0.750000    1.384629   -0.634629 (VIOLATED)
_17799_/B1                              0.750000    1.384626   -0.634626 (VIOLATED)
_17622_/A2                              0.750000    1.384616   -0.634616 (VIOLATED)
_17626_/A1                              0.750000    1.384616   -0.634616 (VIOLATED)
_17630_/A1                              0.750000    1.384616   -0.634616 (VIOLATED)
_17634_/C                               0.750000    1.384615   -0.634615 (VIOLATED)
_17638_/A1                              0.750000    1.384612   -0.634612 (VIOLATED)
_17641_/B2                              0.750000    1.384612   -0.634612 (VIOLATED)
_17645_/A                               0.750000    1.384608   -0.634608 (VIOLATED)
_17650_/A1                              0.750000    1.384603   -0.634603 (VIOLATED)
_17655_/B2                              0.750000    1.384594   -0.634595 (VIOLATED)
_17660_/B2                              0.750000    1.384592   -0.634592 (VIOLATED)
_17671_/A                               0.750000    1.384581   -0.634581 (VIOLATED)
_17663_/B1                              0.750000    1.384580   -0.634580 (VIOLATED)
_17712_/B2                              0.750000    1.384580   -0.634580 (VIOLATED)
_17707_/B2                              0.750000    1.384579   -0.634579 (VIOLATED)
_17702_/A1                              0.750000    1.384578   -0.634578 (VIOLATED)
_17847_/B1                              0.750000    1.384576   -0.634576 (VIOLATED)
_17852_/C                               0.750000    1.384576   -0.634576 (VIOLATED)
_17844_/B1                              0.750000    1.384575   -0.634575 (VIOLATED)
_17667_/B2                              0.750000    1.384573   -0.634573 (VIOLATED)
_17841_/C                               0.750000    1.384567   -0.634567 (VIOLATED)
_17836_/B1                              0.750000    1.384567   -0.634567 (VIOLATED)
_17833_/B1                              0.750000    1.384565   -0.634566 (VIOLATED)
_17830_/C                               0.750000    1.384545   -0.634545 (VIOLATED)
_17804_/A                               0.750000    1.384543   -0.634543 (VIOLATED)
_17825_/B1                              0.750000    1.384542   -0.634543 (VIOLATED)
_17822_/B1                              0.750000    1.384538   -0.634538 (VIOLATED)
_17814_/B1                              0.750000    1.384525   -0.634525 (VIOLATED)
_17819_/C                               0.750000    1.384524   -0.634524 (VIOLATED)
_17808_/C                               0.750000    1.384523   -0.634523 (VIOLATED)
_17811_/B1                              0.750000    1.384515   -0.634515 (VIOLATED)
_17619_/X                               0.750000    1.384339   -0.634339 (VIOLATED)
_19993_/RESET_B                         0.750000    1.384223   -0.634223 (VIOLATED)
_20025_/RESET_B                         0.750000    1.384191   -0.634191 (VIOLATED)
_20241_/RESET_B                         0.750000    1.384142   -0.634142 (VIOLATED)
_20089_/RESET_B                         0.750000    1.384073   -0.634073 (VIOLATED)
_20057_/RESET_B                         0.750000    1.384022   -0.634022 (VIOLATED)
_20209_/RESET_B                         0.750000    1.383835   -0.633835 (VIOLATED)
_20249_/RESET_B                         0.750000    1.383568   -0.633568 (VIOLATED)
_12061_/Y                               0.750000    1.383116   -0.633116 (VIOLATED)
_12091_/B                               0.750000    1.383116   -0.633116 (VIOLATED)
_12723_/A2                              0.750000    1.383116   -0.633116 (VIOLATED)
_12763_/A2                              0.750000    1.383116   -0.633116 (VIOLATED)
_12775_/A2                              0.750000    1.383116   -0.633116 (VIOLATED)
_12807_/A2                              0.750000    1.383116   -0.633116 (VIOLATED)
_12843_/A2                              0.750000    1.383116   -0.633116 (VIOLATED)
_12870_/A2                              0.750000    1.383116   -0.633116 (VIOLATED)
_12885_/A2                              0.750000    1.383116   -0.633116 (VIOLATED)
_12897_/A2                              0.750000    1.383116   -0.633116 (VIOLATED)
_12911_/A2                              0.750000    1.383116   -0.633116 (VIOLATED)
_12925_/A2                              0.750000    1.383116   -0.633116 (VIOLATED)
_12937_/A2                              0.750000    1.383116   -0.633116 (VIOLATED)
_12950_/A2                              0.750000    1.383116   -0.633116 (VIOLATED)
_12966_/A2                              0.750000    1.383116   -0.633116 (VIOLATED)
_12980_/A2                              0.750000    1.383116   -0.633116 (VIOLATED)
_13005_/A2                              0.750000    1.383116   -0.633116 (VIOLATED)
_13032_/A2                              0.750000    1.383116   -0.633116 (VIOLATED)
_13020_/A2                              0.750000    1.383116   -0.633116 (VIOLATED)
_13046_/A2                              0.750000    1.383116   -0.633116 (VIOLATED)
_13062_/A2                              0.750000    1.383116   -0.633116 (VIOLATED)
_13072_/A2                              0.750000    1.383116   -0.633116 (VIOLATED)
_13086_/A2                              0.750000    1.383116   -0.633116 (VIOLATED)
_13102_/A2                              0.750000    1.383116   -0.633116 (VIOLATED)
_13118_/B                               0.750000    1.383116   -0.633116 (VIOLATED)
_21755_/A                               0.750000    1.382424   -0.632424 (VIOLATED)
_12246_/B                               0.750000    1.382418   -0.632418 (VIOLATED)
_19719_/A1                              0.750000    1.382417   -0.632417 (VIOLATED)
_12437_/A1                              0.750000    1.382416   -0.632416 (VIOLATED)
_18471_/A1                              0.750000    1.382413   -0.632413 (VIOLATED)
_18708_/A1                              0.750000    1.382411   -0.632411 (VIOLATED)
_18711_/A2                              0.750000    1.382411   -0.632411 (VIOLATED)
_14040_/A2                              0.750000    1.382407   -0.632407 (VIOLATED)
_12229_/Y                               0.750000    1.382405   -0.632405 (VIOLATED)
_18986_/A1                              0.750000    1.382405   -0.632405 (VIOLATED)
_20753_/RESET_B                         0.750000    1.382060   -0.632060 (VIOLATED)
_20601_/RESET_B                         0.750000    1.382003   -0.632003 (VIOLATED)
_20785_/RESET_B                         0.750000    1.381953   -0.631953 (VIOLATED)
_20433_/RESET_B                         0.750000    1.381294   -0.631294 (VIOLATED)
_20497_/RESET_B                         0.750000    1.381156   -0.631156 (VIOLATED)
_20529_/RESET_B                         0.750000    1.381142   -0.631142 (VIOLATED)
_20465_/RESET_B                         0.750000    1.381129   -0.631129 (VIOLATED)
_21661_/RESET_B                         0.750000    1.380846   -0.630846 (VIOLATED)
_20849_/RESET_B                         0.750000    1.380732   -0.630732 (VIOLATED)
_20817_/RESET_B                         0.750000    1.380493   -0.630493 (VIOLATED)
_20697_/RESET_B                         0.750000    1.380040   -0.630040 (VIOLATED)
_20001_/RESET_B                         0.750000    1.379718   -0.629718 (VIOLATED)
_20051_/RESET_B                         0.750000    1.378532   -0.628532 (VIOLATED)
_20019_/RESET_B                         0.750000    1.378528   -0.628528 (VIOLATED)
_20883_/RESET_B                         0.750000    1.378512   -0.628512 (VIOLATED)
_20915_/RESET_B                         0.750000    1.378500   -0.628500 (VIOLATED)
_20115_/RESET_B                         0.750000    1.378348   -0.628348 (VIOLATED)
_20083_/RESET_B                         0.750000    1.378342   -0.628342 (VIOLATED)
_19955_/RESET_B                         0.750000    1.378258   -0.628258 (VIOLATED)
_19987_/RESET_B                         0.750000    1.378249   -0.628249 (VIOLATED)
_20017_/RESET_B                         0.750000    1.378011   -0.628011 (VIOLATED)
_20049_/RESET_B                         0.750000    1.377980   -0.627980 (VIOLATED)
_21660_/RESET_B                         0.750000    1.377739   -0.627739 (VIOLATED)
_20113_/RESET_B                         0.750000    1.377738   -0.627738 (VIOLATED)
_20081_/RESET_B                         0.750000    1.377722   -0.627722 (VIOLATED)
_20033_/RESET_B                         0.750000    1.377691   -0.627691 (VIOLATED)
_20881_/RESET_B                         0.750000    1.376974   -0.626974 (VIOLATED)
_20913_/RESET_B                         0.750000    1.376710   -0.626710 (VIOLATED)
_20721_/RESET_B                         0.750000    1.376493   -0.626493 (VIOLATED)
_20273_/RESET_B                         0.750000    1.376295   -0.626295 (VIOLATED)
_20625_/RESET_B                         0.750000    1.376036   -0.626036 (VIOLATED)
_12952_/B                               0.750000    1.375612   -0.625613 (VIOLATED)
_13033_/A2                              0.750000    1.375613   -0.625613 (VIOLATED)
_13088_/A2                              0.750000    1.375612   -0.625612 (VIOLATED)
_12883_/A2                              0.750000    1.375611   -0.625611 (VIOLATED)
_12762_/A2                              0.750000    1.375609   -0.625609 (VIOLATED)
_12805_/A2                              0.750000    1.375609   -0.625609 (VIOLATED)
_12870_/B1                              0.750000    1.375609   -0.625609 (VIOLATED)
_12678_/Y                               0.750000    1.375606   -0.625606 (VIOLATED)
_12719_/B1                              0.750000    1.375606   -0.625606 (VIOLATED)
_12779_/A2                              0.750000    1.375606   -0.625606 (VIOLATED)
_12844_/A2                              0.750000    1.375606   -0.625606 (VIOLATED)
_12899_/A2                              0.750000    1.375606   -0.625606 (VIOLATED)
_12910_/B1                              0.750000    1.375606   -0.625606 (VIOLATED)
_12927_/A2                              0.750000    1.375606   -0.625606 (VIOLATED)
_12940_/B1                              0.750000    1.375606   -0.625606 (VIOLATED)
_12968_/A2                              0.750000    1.375606   -0.625606 (VIOLATED)
_12980_/B1                              0.750000    1.375606   -0.625606 (VIOLATED)
_13005_/B1                              0.750000    1.375606   -0.625606 (VIOLATED)
_13019_/B1                              0.750000    1.375606   -0.625606 (VIOLATED)
_13048_/B                               0.750000    1.375606   -0.625606 (VIOLATED)
_13061_/A2                              0.750000    1.375606   -0.625606 (VIOLATED)
_13075_/B1                              0.750000    1.375606   -0.625606 (VIOLATED)
_13103_/B1                              0.750000    1.375606   -0.625606 (VIOLATED)
_13116_/A2                              0.750000    1.375606   -0.625606 (VIOLATED)
_19985_/RESET_B                         0.750000    1.375452   -0.625452 (VIOLATED)
_21659_/RESET_B                         0.750000    1.375451   -0.625452 (VIOLATED)
_19953_/RESET_B                         0.750000    1.375427   -0.625427 (VIOLATED)
_20097_/RESET_B                         0.750000    1.373633   -0.623633 (VIOLATED)
_17115_/S                               0.750000    1.373476   -0.623476 (VIOLATED)
_17116_/S                               0.750000    1.373474   -0.623475 (VIOLATED)
_17112_/S                               0.750000    1.373472   -0.623472 (VIOLATED)
_17109_/S                               0.750000    1.373466   -0.623466 (VIOLATED)
_17113_/S                               0.750000    1.373454   -0.623454 (VIOLATED)
_17130_/S                               0.750000    1.373448   -0.623448 (VIOLATED)
_17129_/S                               0.750000    1.373440   -0.623440 (VIOLATED)
_20065_/RESET_B                         0.750000    1.373431   -0.623431 (VIOLATED)
_17124_/S                               0.750000    1.373422   -0.623422 (VIOLATED)
_17127_/S                               0.750000    1.373421   -0.623421 (VIOLATED)
_17131_/S                               0.750000    1.373401   -0.623401 (VIOLATED)
_17104_/S                               0.750000    1.373384   -0.623384 (VIOLATED)
_17121_/S                               0.750000    1.373366   -0.623366 (VIOLATED)
_17119_/S                               0.750000    1.373364   -0.623364 (VIOLATED)
_17114_/S                               0.750000    1.373360   -0.623360 (VIOLATED)
_17102_/S                               0.750000    1.373350   -0.623350 (VIOLATED)
_17110_/S                               0.750000    1.373331   -0.623331 (VIOLATED)
_17128_/S                               0.750000    1.373326   -0.623326 (VIOLATED)
_17120_/S                               0.750000    1.373294   -0.623294 (VIOLATED)
_17103_/S                               0.750000    1.373277   -0.623277 (VIOLATED)
_17117_/S                               0.750000    1.373265   -0.623265 (VIOLATED)
_17118_/S                               0.750000    1.373264   -0.623264 (VIOLATED)
_17125_/S                               0.750000    1.373264   -0.623264 (VIOLATED)
_17132_/S                               0.750000    1.373262   -0.623262 (VIOLATED)
_17108_/S                               0.750000    1.373256   -0.623256 (VIOLATED)
_17133_/S                               0.750000    1.373252   -0.623252 (VIOLATED)
_17126_/S                               0.750000    1.373247   -0.623247 (VIOLATED)
_17107_/S                               0.750000    1.373238   -0.623238 (VIOLATED)
_17105_/S                               0.750000    1.373224   -0.623224 (VIOLATED)
_17106_/S                               0.750000    1.373218   -0.623218 (VIOLATED)
_17123_/S                               0.750000    1.373186   -0.623186 (VIOLATED)
_17122_/S                               0.750000    1.373171   -0.623171 (VIOLATED)
_17111_/S                               0.750000    1.373162   -0.623162 (VIOLATED)
_17101_/X                               0.750000    1.373147   -0.623148 (VIOLATED)
_20277_/RESET_B                         0.750000    1.372604   -0.622605 (VIOLATED)
_20629_/RESET_B                         0.750000    1.372539   -0.622539 (VIOLATED)
_20725_/RESET_B                         0.750000    1.372060   -0.622060 (VIOLATED)
_20021_/RESET_B                         0.750000    1.371863   -0.621863 (VIOLATED)
_20053_/RESET_B                         0.750000    1.371863   -0.621863 (VIOLATED)
_20117_/RESET_B                         0.750000    1.371791   -0.621791 (VIOLATED)
_20085_/RESET_B                         0.750000    1.371758   -0.621758 (VIOLATED)
_21749_/A                               0.750000    1.371378   -0.621378 (VIOLATED)
_12243_/C                               0.750000    1.371373   -0.621373 (VIOLATED)
_12387_/A1                              0.750000    1.371371   -0.621371 (VIOLATED)
_19713_/A1                              0.750000    1.371371   -0.621371 (VIOLATED)
_12236_/Y                               0.750000    1.371359   -0.621359 (VIOLATED)
_13556_/A2                              0.750000    1.371359   -0.621359 (VIOLATED)
_18457_/A1                              0.750000    1.371359   -0.621359 (VIOLATED)
_18665_/A1                              0.750000    1.371359   -0.621359 (VIOLATED)
_18668_/A2                              0.750000    1.371359   -0.621359 (VIOLATED)
_18974_/A1                              0.750000    1.371359   -0.621359 (VIOLATED)
_21198_/RESET_B                         0.750000    1.371230   -0.621230 (VIOLATED)
_19845_/RESET_B                         0.750000    1.371221   -0.621221 (VIOLATED)
_20757_/RESET_B                         0.750000    1.369038   -0.619038 (VIOLATED)
_19820_/RESET_B                         0.750000    1.369012   -0.619012 (VIOLATED)
_20566_/RESET_B                         0.750000    1.368770   -0.618770 (VIOLATED)
_20598_/RESET_B                         0.750000    1.368766   -0.618766 (VIOLATED)
_20662_/RESET_B                         0.750000    1.368762   -0.618762 (VIOLATED)
_20694_/RESET_B                         0.750000    1.368757   -0.618757 (VIOLATED)
_20885_/RESET_B                         0.750000    1.368706   -0.618706 (VIOLATED)
_20789_/RESET_B                         0.750000    1.368536   -0.618536 (VIOLATED)
_21240_/RESET_B                         0.750000    1.368532   -0.618532 (VIOLATED)
_21148_/RESET_B                         0.750000    1.368506   -0.618506 (VIOLATED)
_20917_/RESET_B                         0.750000    1.368483   -0.618483 (VIOLATED)
_19989_/RESET_B                         0.750000    1.367604   -0.617604 (VIOLATED)
_19957_/RESET_B                         0.750000    1.367444   -0.617444 (VIOLATED)
_20853_/RESET_B                         0.750000    1.367264   -0.617264 (VIOLATED)
_20821_/RESET_B                         0.750000    1.367114   -0.617114 (VIOLATED)
_20181_/RESET_B                         0.750000    1.366312   -0.616312 (VIOLATED)
_20149_/RESET_B                         0.750000    1.366308   -0.616308 (VIOLATED)
_20245_/RESET_B                         0.750000    1.366243   -0.616243 (VIOLATED)
_20213_/RESET_B                         0.750000    1.366187   -0.616187 (VIOLATED)
_20469_/RESET_B                         0.750000    1.366071   -0.616071 (VIOLATED)
_20437_/RESET_B                         0.750000    1.366029   -0.616029 (VIOLATED)
_20417_/RESET_B                         0.750000    1.365946   -0.615946 (VIOLATED)
_20449_/RESET_B                         0.750000    1.365943   -0.615943 (VIOLATED)
_20442_/RESET_B                         0.750000    1.365753   -0.615753 (VIOLATED)
_20410_/RESET_B                         0.750000    1.365750   -0.615750 (VIOLATED)
_19994_/RESET_B                         0.750000    1.365705   -0.615705 (VIOLATED)
_20026_/RESET_B                         0.750000    1.365694   -0.615694 (VIOLATED)
_20058_/RESET_B                         0.750000    1.365635   -0.615635 (VIOLATED)
_20090_/RESET_B                         0.750000    1.365631   -0.615631 (VIOLATED)
_20698_/RESET_B                         0.750000    1.364898   -0.614898 (VIOLATED)
_20502_/RESET_B                         0.750000    1.364079   -0.614079 (VIOLATED)
_20534_/RESET_B                         0.750000    1.364077   -0.614077 (VIOLATED)
_20438_/RESET_B                         0.750000    1.363992   -0.613992 (VIOLATED)
_20470_/RESET_B                         0.750000    1.363984   -0.613984 (VIOLATED)
_20513_/RESET_B                         0.750000    1.363511   -0.613511 (VIOLATED)
_20481_/RESET_B                         0.750000    1.363290   -0.613290 (VIOLATED)
_21752_/A                               0.750000    1.363189   -0.613189 (VIOLATED)
_19716_/A1                              0.750000    1.363184   -0.613184 (VIOLATED)
_12421_/A1                              0.750000    1.363183   -0.613183 (VIOLATED)
_12243_/A                               0.750000    1.363182   -0.613182 (VIOLATED)
_18463_/A0                              0.750000    1.363181   -0.613181 (VIOLATED)
_18690_/A2                              0.750000    1.363178   -0.613178 (VIOLATED)
_18687_/A1                              0.750000    1.363178   -0.613178 (VIOLATED)
_12232_/X                               0.750000    1.363172   -0.613172 (VIOLATED)
_13807_/A2                              0.750000    1.363172   -0.613172 (VIOLATED)
_18980_/A1                              0.750000    1.363172   -0.613172 (VIOLATED)
_21665_/RESET_B                         0.750000    1.362978   -0.612978 (VIOLATED)
_21234_/RESET_B                         0.750000    1.362901   -0.612901 (VIOLATED)
_21142_/RESET_B                         0.750000    1.362896   -0.612896 (VIOLATED)
_19814_/RESET_B                         0.750000    1.362854   -0.612854 (VIOLATED)
_19839_/RESET_B                         0.750000    1.362651   -0.612651 (VIOLATED)
_21272_/RESET_B                         0.750000    1.362606   -0.612606 (VIOLATED)
_21654_/RESET_B                         0.750000    1.362316   -0.612316 (VIOLATED)
_20250_/RESET_B                         0.750000    1.362147   -0.612147 (VIOLATED)
_21147_/RESET_B                         0.750000    1.362128   -0.612128 (VIOLATED)
_20602_/RESET_B                         0.750000    1.362061   -0.612061 (VIOLATED)
_21655_/RESET_B                         0.750000    1.362010   -0.612010 (VIOLATED)
_18464_/S                               0.750000    1.361977   -0.611977 (VIOLATED)
_18466_/S                               0.750000    1.361977   -0.611977 (VIOLATED)
_18511_/S                               0.750000    1.361978   -0.611978 (VIOLATED)
_18513_/S                               0.750000    1.361978   -0.611978 (VIOLATED)
_18515_/S                               0.750000    1.361978   -0.611978 (VIOLATED)
_18517_/S                               0.750000    1.361978   -0.611978 (VIOLATED)
_18519_/S                               0.750000    1.361978   -0.611978 (VIOLATED)
_18521_/S                               0.750000    1.361978   -0.611978 (VIOLATED)
_18462_/S                               0.750000    1.361976   -0.611976 (VIOLATED)
_18468_/B1                              0.750000    1.361977   -0.611977 (VIOLATED)
_18471_/B1                              0.750000    1.361977   -0.611977 (VIOLATED)
_18474_/B1                              0.750000    1.361976   -0.611976 (VIOLATED)
_18479_/S                               0.750000    1.361976   -0.611976 (VIOLATED)
_18506_/S                               0.750000    1.361976   -0.611976 (VIOLATED)
_18508_/B1                              0.750000    1.361976   -0.611976 (VIOLATED)
_18477_/S                               0.750000    1.361975   -0.611975 (VIOLATED)
_18484_/S                               0.750000    1.361975   -0.611975 (VIOLATED)
_18486_/B1                              0.750000    1.361975   -0.611975 (VIOLATED)
_18491_/B1                              0.750000    1.361975   -0.611975 (VIOLATED)
_18494_/S                               0.750000    1.361975   -0.611975 (VIOLATED)
_18496_/S                               0.750000    1.361975   -0.611975 (VIOLATED)
_18453_/S                               0.750000    1.361974   -0.611974 (VIOLATED)
_18457_/B1                              0.750000    1.361974   -0.611974 (VIOLATED)
_18498_/S                               0.750000    1.361974   -0.611974 (VIOLATED)
_18503_/B1                              0.750000    1.361974   -0.611974 (VIOLATED)
_18455_/S                               0.750000    1.361973   -0.611973 (VIOLATED)
_18481_/B1                              0.750000    1.361973   -0.611973 (VIOLATED)
_18460_/S                               0.750000    1.361972   -0.611972 (VIOLATED)
_18489_/S                               0.750000    1.361972   -0.611973 (VIOLATED)
_18500_/B1                              0.750000    1.361972   -0.611972 (VIOLATED)
_18450_/Y                               0.750000    1.361969   -0.611969 (VIOLATED)
_18523_/S                               0.750000    1.361969   -0.611969 (VIOLATED)
_18526_/A2                              0.750000    1.361969   -0.611969 (VIOLATED)
_19792_/B1                              0.750000    1.361969   -0.611969 (VIOLATED)
_21239_/RESET_B                         0.750000    1.361646   -0.611646 (VIOLATED)
_21077_/RESET_B                         0.750000    1.360436   -0.610436 (VIOLATED)
_21109_/RESET_B                         0.750000    1.360435   -0.610435 (VIOLATED)
_21658_/RESET_B                         0.750000    1.360368   -0.610368 (VIOLATED)
_21197_/RESET_B                         0.750000    1.360342   -0.610342 (VIOLATED)
_19844_/RESET_B                         0.750000    1.360260   -0.610261 (VIOLATED)
_19819_/RESET_B                         0.750000    1.358803   -0.608803 (VIOLATED)
_21750_/A                               0.750000    1.357101   -0.607101 (VIOLATED)
_12243_/B                               0.750000    1.357096   -0.607096 (VIOLATED)
_12402_/A1                              0.750000    1.357095   -0.607095 (VIOLATED)
_19714_/A1                              0.750000    1.357095   -0.607095 (VIOLATED)
_12234_/Y                               0.750000    1.357083   -0.607083 (VIOLATED)
_13642_/A2                              0.750000    1.357083   -0.607083 (VIOLATED)
_18459_/A0                              0.750000    1.357083   -0.607083 (VIOLATED)
_18672_/A1                              0.750000    1.357083   -0.607083 (VIOLATED)
_18675_/A2                              0.750000    1.357083   -0.607083 (VIOLATED)
_18976_/A1                              0.750000    1.357083   -0.607083 (VIOLATED)
_21166_/RESET_B                         0.750000    1.356588   -0.606588 (VIOLATED)
_21165_/RESET_B                         0.750000    1.356583   -0.606583 (VIOLATED)
_21167_/RESET_B                         0.750000    1.356483   -0.606483 (VIOLATED)
_21164_/RESET_B                         0.750000    1.355037   -0.605037 (VIOLATED)
_20729_/RESET_B                         0.750000    1.354974   -0.604974 (VIOLATED)
_20409_/RESET_B                         0.750000    1.354358   -0.604358 (VIOLATED)
_20473_/RESET_B                         0.750000    1.354328   -0.604328 (VIOLATED)
_20793_/RESET_B                         0.750000    1.354247   -0.604247 (VIOLATED)
_20825_/RESET_B                         0.750000    1.354245   -0.604245 (VIOLATED)
_20761_/RESET_B                         0.750000    1.354101   -0.604101 (VIOLATED)
_20794_/RESET_B                         0.750000    1.353357   -0.603357 (VIOLATED)
_10448_/C1                              0.750000    1.352611   -0.602611 (VIOLATED)
_10507_/C1                              0.750000    1.352611   -0.602611 (VIOLATED)
_10878_/C1                              0.750000    1.352611   -0.602611 (VIOLATED)
_10928_/C1                              0.750000    1.352611   -0.602611 (VIOLATED)
_10222_/C1                              0.750000    1.352608   -0.602608 (VIOLATED)
_10279_/C1                              0.750000    1.352607   -0.602607 (VIOLATED)
_10164_/C1                              0.750000    1.352606   -0.602606 (VIOLATED)
_10998_/C1                              0.750000    1.352603   -0.602603 (VIOLATED)
_11977_/C1                              0.750000    1.352600   -0.602600 (VIOLATED)
_10879_/A1                              0.750000    1.352598   -0.602598 (VIOLATED)
_10929_/A1                              0.750000    1.352598   -0.602598 (VIOLATED)
_10280_/A1                              0.750000    1.352596   -0.602596 (VIOLATED)
_11918_/C1                              0.750000    1.352594   -0.602594 (VIOLATED)
_11795_/C1                              0.750000    1.352589   -0.602589 (VIOLATED)
_11858_/C1                              0.750000    1.352589   -0.602589 (VIOLATED)
_11734_/C1                              0.750000    1.352587   -0.602587 (VIOLATED)
_11676_/C1                              0.750000    1.352581   -0.602581 (VIOLATED)
_11620_/C1                              0.750000    1.352579   -0.602579 (VIOLATED)
_11562_/C1                              0.750000    1.352578   -0.602578 (VIOLATED)
_11058_/C1                              0.750000    1.352570   -0.602570 (VIOLATED)
_11117_/C1                              0.750000    1.352570   -0.602570 (VIOLATED)
_11177_/C1                              0.750000    1.352570   -0.602570 (VIOLATED)
_11178_/A1                              0.750000    1.352570   -0.602570 (VIOLATED)
_11244_/C1                              0.750000    1.352569   -0.602569 (VIOLATED)
_11310_/C1                              0.750000    1.352569   -0.602569 (VIOLATED)
_11371_/C1                              0.750000    1.352569   -0.602569 (VIOLATED)
_11431_/C1                              0.750000    1.352570   -0.602570 (VIOLATED)
_11493_/C1                              0.750000    1.352567   -0.602567 (VIOLATED)
_10104_/Y                               0.750000    1.352564   -0.602564 (VIOLATED)
_10106_/A2_N                            0.750000    1.352564   -0.602564 (VIOLATED)
_10568_/B1                              0.750000    1.352564   -0.602564 (VIOLATED)
_10628_/B1                              0.750000    1.352564   -0.602564 (VIOLATED)
_10690_/B1                              0.750000    1.352564   -0.602564 (VIOLATED)
_10806_/A1                              0.750000    1.352564   -0.602564 (VIOLATED)
_11372_/A1                              0.750000    1.352564   -0.602564 (VIOLATED)
_11494_/A1                              0.750000    1.352564   -0.602564 (VIOLATED)
_21238_/RESET_B                         0.750000    1.352430   -0.602430 (VIOLATED)
_21146_/RESET_B                         0.750000    1.351650   -0.601650 (VIOLATED)
_20730_/RESET_B                         0.750000    1.350086   -0.600086 (VIOLATED)
_19818_/RESET_B                         0.750000    1.349745   -0.599745 (VIOLATED)
_20762_/RESET_B                         0.750000    1.348639   -0.598639 (VIOLATED)
_20858_/RESET_B                         0.750000    1.348342   -0.598342 (VIOLATED)
_20890_/RESET_B                         0.750000    1.348340   -0.598340 (VIOLATED)
_19930_/RESET_B                         0.750000    1.348288   -0.598288 (VIOLATED)
_19962_/RESET_B                         0.750000    1.348285   -0.598285 (VIOLATED)
_20826_/RESET_B                         0.750000    1.346907   -0.596907 (VIOLATED)
_12044_/Y                               0.750000    1.343526   -0.593526 (VIOLATED)
_12050_/B                               0.750000    1.343526   -0.593526 (VIOLATED)
_12113_/B                               0.750000    1.343526   -0.593526 (VIOLATED)
_12117_/A                               0.750000    1.343526   -0.593526 (VIOLATED)
_12118_/C                               0.750000    1.343526   -0.593526 (VIOLATED)
_12121_/A                               0.750000    1.343526   -0.593526 (VIOLATED)
_12151_/A                               0.750000    1.343526   -0.593526 (VIOLATED)
_12161_/A                               0.750000    1.343526   -0.593526 (VIOLATED)
_12689_/A                               0.750000    1.343526   -0.593526 (VIOLATED)
_17619_/A1                              0.750000    1.343526   -0.593526 (VIOLATED)
_21168_/RESET_B                         0.750000    1.343256   -0.593256 (VIOLATED)
_21150_/RESET_B                         0.750000    1.342415   -0.592415 (VIOLATED)
_21242_/RESET_B                         0.750000    1.341980   -0.591980 (VIOLATED)
_21163_/RESET_B                         0.750000    1.341302   -0.591302 (VIOLATED)
_20545_/RESET_B                         0.750000    1.339693   -0.589693 (VIOLATED)
_20577_/RESET_B                         0.750000    1.339689   -0.589689 (VIOLATED)
_20673_/RESET_B                         0.750000    1.339685   -0.589685 (VIOLATED)
_20641_/RESET_B                         0.750000    1.339678   -0.589678 (VIOLATED)
_21108_/RESET_B                         0.750000    1.337925   -0.587925 (VIOLATED)
_21635_/RESET_B                         0.750000    1.333383   -0.583383 (VIOLATED)
_21075_/RESET_B                         0.750000    1.333376   -0.583376 (VIOLATED)
_21636_/RESET_B                         0.750000    1.333370   -0.583370 (VIOLATED)
_21276_/RESET_B                         0.750000    1.333347   -0.583347 (VIOLATED)
_21196_/RESET_B                         0.750000    1.333294   -0.583294 (VIOLATED)
_20857_/RESET_B                         0.750000    1.333154   -0.583154 (VIOLATED)
_19822_/RESET_B                         0.750000    1.333120   -0.583120 (VIOLATED)
_21241_/RESET_B                         0.750000    1.332776   -0.582776 (VIOLATED)
_19821_/RESET_B                         0.750000    1.332664   -0.582664 (VIOLATED)
_20889_/RESET_B                         0.750000    1.331792   -0.581792 (VIOLATED)
_21043_/RESET_B                         0.750000    1.331331   -0.581331 (VIOLATED)
_21236_/RESET_B                         0.750000    1.331049   -0.581049 (VIOLATED)
_19816_/RESET_B                         0.750000    1.331022   -0.581022 (VIOLATED)
_21144_/RESET_B                         0.750000    1.331015   -0.581015 (VIOLATED)
_19823_/RESET_B                         0.750000    1.330624   -0.580624 (VIOLATED)
_20024_/RESET_B                         0.750000    1.330466   -0.580466 (VIOLATED)
_19992_/RESET_B                         0.750000    1.330465   -0.580465 (VIOLATED)
_20856_/RESET_B                         0.750000    1.330401   -0.580401 (VIOLATED)
_20888_/RESET_B                         0.750000    1.330398   -0.580398 (VIOLATED)
_19960_/RESET_B                         0.750000    1.330261   -0.580261 (VIOLATED)
_19928_/RESET_B                         0.750000    1.330214   -0.580214 (VIOLATED)
_19961_/RESET_B                         0.750000    1.328861   -0.578861 (VIOLATED)
_19929_/RESET_B                         0.750000    1.326918   -0.576918 (VIOLATED)
_21080_/RESET_B                         0.750000    1.325795   -0.575795 (VIOLATED)
_20289_/RESET_B                         0.750000    1.324912   -0.574912 (VIOLATED)
_20353_/RESET_B                         0.750000    1.324904   -0.574904 (VIOLATED)
_20385_/RESET_B                         0.750000    1.324897   -0.574897 (VIOLATED)
_20321_/RESET_B                         0.750000    1.324896   -0.574896 (VIOLATED)
_21081_/RESET_B                         0.750000    1.324725   -0.574725 (VIOLATED)
_21113_/RESET_B                         0.750000    1.324363   -0.574363 (VIOLATED)
_21243_/RESET_B                         0.750000    1.323570   -0.573570 (VIOLATED)
_15099_/A1                              0.750000    1.323381   -0.573381 (VIOLATED)
_15209_/A1                              0.750000    1.323381   -0.573381 (VIOLATED)
_13807_/A1                              0.750000    1.323380   -0.573380 (VIOLATED)
_13884_/A1                              0.750000    1.323381   -0.573381 (VIOLATED)
_15710_/A1                              0.750000    1.323381   -0.573381 (VIOLATED)
_15806_/A1                              0.750000    1.323381   -0.573381 (VIOLATED)
_16174_/A1                              0.750000    1.323380   -0.573380 (VIOLATED)
_14525_/A1                              0.750000    1.323378   -0.573378 (VIOLATED)
_13556_/A1                              0.750000    1.323376   -0.573376 (VIOLATED)
_15987_/A1                              0.750000    1.323376   -0.573376 (VIOLATED)
_14313_/A1                              0.750000    1.323375   -0.573375 (VIOLATED)
_14421_/A1                              0.750000    1.323376   -0.573376 (VIOLATED)
_13725_/A1                              0.750000    1.323374   -0.573374 (VIOLATED)
_15319_/A1                              0.750000    1.323373   -0.573373 (VIOLATED)
_13642_/A1                              0.750000    1.323366   -0.573366 (VIOLATED)
_13439_/B2                              0.750000    1.323365   -0.573365 (VIOLATED)
_16351_/A1                              0.750000    1.323365   -0.573365 (VIOLATED)
_13968_/A1                              0.750000    1.323360   -0.573360 (VIOLATED)
_14040_/A1                              0.750000    1.323357   -0.573357 (VIOLATED)
_13481_/A1                              0.750000    1.323355   -0.573355 (VIOLATED)
_15611_/A1                              0.750000    1.323355   -0.573355 (VIOLATED)
_15901_/A1                              0.750000    1.323355   -0.573355 (VIOLATED)
_16084_/A1                              0.750000    1.323355   -0.573355 (VIOLATED)
_14991_/A1                              0.750000    1.323354   -0.573354 (VIOLATED)
_14757_/A1                              0.750000    1.323353   -0.573353 (VIOLATED)
_15513_/A1                              0.750000    1.323353   -0.573353 (VIOLATED)
_14637_/A1                              0.750000    1.323352   -0.573352 (VIOLATED)
_15414_/A1                              0.750000    1.323353   -0.573353 (VIOLATED)
_14882_/A1                              0.750000    1.323351   -0.573351 (VIOLATED)
_10036_/Y                               0.750000    1.323349   -0.573349 (VIOLATED)
_14127_/A1                              0.750000    1.323349   -0.573349 (VIOLATED)
_14219_/A1                              0.750000    1.323349   -0.573349 (VIOLATED)
_16265_/A1                              0.750000    1.323349   -0.573349 (VIOLATED)
_21151_/RESET_B                         0.750000    1.323169   -0.573170 (VIOLATED)
_19846_/RESET_B                         0.750000    1.322521   -0.572521 (VIOLATED)
_21149_/RESET_B                         0.750000    1.322508   -0.572508 (VIOLATED)
_20505_/RESET_B                         0.750000    1.320924   -0.570924 (VIOLATED)
_21044_/RESET_B                         0.750000    1.320526   -0.570526 (VIOLATED)
_20441_/RESET_B                         0.750000    1.319557   -0.569557 (VIOLATED)
_20056_/RESET_B                         0.750000    1.319152   -0.569152 (VIOLATED)
_20088_/RESET_B                         0.750000    1.319151   -0.569151 (VIOLATED)
_20248_/RESET_B                         0.750000    1.318995   -0.568995 (VIOLATED)
_20696_/RESET_B                         0.750000    1.318970   -0.568970 (VIOLATED)
_20600_/RESET_B                         0.750000    1.318944   -0.568944 (VIOLATED)
_21200_/RESET_B                         0.750000    1.317362   -0.567362 (VIOLATED)
_19847_/RESET_B                         0.750000    1.317220   -0.567220 (VIOLATED)
_20217_/RESET_B                         0.750000    1.313792   -0.563792 (VIOLATED)
_20121_/RESET_B                         0.750000    1.313791   -0.563791 (VIOLATED)
_20185_/RESET_B                         0.750000    1.313789   -0.563789 (VIOLATED)
_20153_/RESET_B                         0.750000    1.313782   -0.563782 (VIOLATED)
_21111_/RESET_B                         0.750000    1.313449   -0.563449 (VIOLATED)
_21078_/RESET_B                         0.750000    1.313428   -0.563428 (VIOLATED)
_21110_/RESET_B                         0.750000    1.313426   -0.563426 (VIOLATED)
_21279_/RESET_B                         0.750000    1.313377   -0.563377 (VIOLATED)
_21199_/RESET_B                         0.750000    1.313290   -0.563290 (VIOLATED)
_21280_/RESET_B                         0.750000    1.313034   -0.563034 (VIOLATED)
_21079_/RESET_B                         0.750000    1.312859   -0.562859 (VIOLATED)
_21162_/RESET_B                         0.750000    1.312837   -0.562837 (VIOLATED)
_21107_/RESET_B                         0.750000    1.312832   -0.562832 (VIOLATED)
_21278_/RESET_B                         0.750000    1.312753   -0.562753 (VIOLATED)
_19843_/RESET_B                         0.750000    1.312611   -0.562611 (VIOLATED)
_20305_/RESET_B                         0.750000    1.312552   -0.562552 (VIOLATED)
_20337_/RESET_B                         0.750000    1.312529   -0.562529 (VIOLATED)
_20369_/RESET_B                         0.750000    1.312514   -0.562514 (VIOLATED)
_20401_/RESET_B                         0.750000    1.312464   -0.562464 (VIOLATED)
_19848_/RESET_B                         0.750000    1.312416   -0.562416 (VIOLATED)
_20561_/RESET_B                         0.750000    1.312327   -0.562327 (VIOLATED)
_20593_/RESET_B                         0.750000    1.312315   -0.562315 (VIOLATED)
_20657_/RESET_B                         0.750000    1.312260   -0.562260 (VIOLATED)
_20689_/RESET_B                         0.750000    1.312256   -0.562256 (VIOLATED)
_20309_/RESET_B                         0.750000    1.311947   -0.561947 (VIOLATED)
_20341_/RESET_B                         0.750000    1.311925   -0.561925 (VIOLATED)
_20405_/RESET_B                         0.750000    1.311792   -0.561792 (VIOLATED)
_20373_/RESET_B                         0.750000    1.311729   -0.561729 (VIOLATED)
_20597_/RESET_B                         0.750000    1.311400   -0.561400 (VIOLATED)
_20565_/RESET_B                         0.750000    1.311399   -0.561399 (VIOLATED)
_16813_/S                               0.750000    1.311208   -0.561208 (VIOLATED)
_16816_/S                               0.750000    1.311207   -0.561207 (VIOLATED)
_16830_/S                               0.750000    1.311198   -0.561198 (VIOLATED)
_16829_/S                               0.750000    1.311185   -0.561185 (VIOLATED)
_16827_/S                               0.750000    1.311175   -0.561175 (VIOLATED)
_16831_/S                               0.750000    1.311154   -0.561154 (VIOLATED)
_16804_/S                               0.750000    1.311105   -0.561105 (VIOLATED)
_20693_/RESET_B                         0.750000    1.311059   -0.561059 (VIOLATED)
_16802_/S                               0.750000    1.311037   -0.561037 (VIOLATED)
_16815_/S                               0.750000    1.311001   -0.561001 (VIOLATED)
_16810_/S                               0.750000    1.310998   -0.560998 (VIOLATED)
_16809_/S                               0.750000    1.310996   -0.560996 (VIOLATED)
_16812_/S                               0.750000    1.310996   -0.560996 (VIOLATED)
_16817_/S                               0.750000    1.310980   -0.560980 (VIOLATED)
_16803_/S                               0.750000    1.310972   -0.560972 (VIOLATED)
_16824_/S                               0.750000    1.310953   -0.560953 (VIOLATED)
_20533_/RESET_B                         0.750000    1.310933   -0.560933 (VIOLATED)
_20501_/RESET_B                         0.750000    1.310917   -0.560918 (VIOLATED)
_20661_/RESET_B                         0.750000    1.310910   -0.560910 (VIOLATED)
_16814_/S                               0.750000    1.310896   -0.560896 (VIOLATED)
_16819_/S                               0.750000    1.310893   -0.560893 (VIOLATED)
_16821_/S                               0.750000    1.310892   -0.560892 (VIOLATED)
_16828_/S                               0.750000    1.310892   -0.560892 (VIOLATED)
_16820_/S                               0.750000    1.310887   -0.560887 (VIOLATED)
_16807_/S                               0.750000    1.310881   -0.560881 (VIOLATED)
_16808_/S                               0.750000    1.310870   -0.560870 (VIOLATED)
_16825_/S                               0.750000    1.310871   -0.560871 (VIOLATED)
_16833_/S                               0.750000    1.310868   -0.560868 (VIOLATED)
_16818_/S                               0.750000    1.310866   -0.560866 (VIOLATED)
_16823_/S                               0.750000    1.310856   -0.560856 (VIOLATED)
_16832_/S                               0.750000    1.310856   -0.560856 (VIOLATED)
_16826_/S                               0.750000    1.310843   -0.560843 (VIOLATED)
_16806_/S                               0.750000    1.310834   -0.560834 (VIOLATED)
_16805_/S                               0.750000    1.310821   -0.560821 (VIOLATED)
_16811_/S                               0.750000    1.310819   -0.560819 (VIOLATED)
_16822_/S                               0.750000    1.310797   -0.560797 (VIOLATED)
_16801_/X                               0.750000    1.310783   -0.560783 (VIOLATED)
_20506_/RESET_B                         0.750000    1.310437   -0.560437 (VIOLATED)
_21036_/RESET_B                         0.750000    1.310385   -0.560385 (VIOLATED)
_20474_/RESET_B                         0.750000    1.310358   -0.560358 (VIOLATED)
_21037_/RESET_B                         0.750000    1.310138   -0.560138 (VIOLATED)
_21105_/RESET_B                         0.750000    1.309721   -0.559721 (VIOLATED)
_20538_/RESET_B                         0.750000    1.309690   -0.559690 (VIOLATED)
_20570_/RESET_B                         0.750000    1.309690   -0.559690 (VIOLATED)
_20666_/RESET_B                         0.750000    1.309569   -0.559569 (VIOLATED)
_20634_/RESET_B                         0.750000    1.309467   -0.559467 (VIOLATED)
_20282_/RESET_B                         0.750000    1.308548   -0.558548 (VIOLATED)
_20346_/RESET_B                         0.750000    1.308534   -0.558534 (VIOLATED)
_20378_/RESET_B                         0.750000    1.308533   -0.558533 (VIOLATED)
_20314_/RESET_B                         0.750000    1.308527   -0.558527 (VIOLATED)
_21277_/RESET_B                         0.750000    1.307933   -0.557933 (VIOLATED)
_21076_/RESET_B                         0.750000    1.307923   -0.557923 (VIOLATED)
_21282_/RESET_B                         0.750000    1.307842   -0.557842 (VIOLATED)
_21202_/RESET_B                         0.750000    1.307795   -0.557795 (VIOLATED)
_21112_/RESET_B                         0.750000    1.307759   -0.557759 (VIOLATED)
_21035_/RESET_B                         0.750000    1.307626   -0.557626 (VIOLATED)
_21073_/RESET_B                         0.750000    1.307077   -0.557077 (VIOLATED)
_19841_/RESET_B                         0.750000    1.307075   -0.557075 (VIOLATED)
_21194_/RESET_B                         0.750000    1.307016   -0.557016 (VIOLATED)
_20633_/RESET_B                         0.750000    1.306839   -0.556839 (VIOLATED)
_20122_/RESET_B                         0.750000    1.306584   -0.556584 (VIOLATED)
_20154_/RESET_B                         0.750000    1.306573   -0.556573 (VIOLATED)
_20186_/RESET_B                         0.750000    1.306539   -0.556539 (VIOLATED)
_20218_/RESET_B                         0.750000    1.306521   -0.556521 (VIOLATED)
_20152_/RESET_B                         0.750000    1.305515   -0.555515 (VIOLATED)
_20120_/RESET_B                         0.750000    1.305484   -0.555484 (VIOLATED)
_20665_/RESET_B                         0.750000    1.304674   -0.554674 (VIOLATED)
_20216_/RESET_B                         0.750000    1.304576   -0.554576 (VIOLATED)
_20184_/RESET_B                         0.750000    1.304432   -0.554432 (VIOLATED)
_21160_/RESET_B                         0.750000    1.302737   -0.552737 (VIOLATED)
_20280_/RESET_B                         0.750000    1.302512   -0.552512 (VIOLATED)
_20312_/RESET_B                         0.750000    1.302439   -0.552439 (VIOLATED)
_20408_/RESET_B                         0.750000    1.301854   -0.551854 (VIOLATED)
_20440_/RESET_B                         0.750000    1.301850   -0.551850 (VIOLATED)
_20472_/RESET_B                         0.750000    1.301832   -0.551832 (VIOLATED)
_20504_/RESET_B                         0.750000    1.301826   -0.551826 (VIOLATED)
_20536_/RESET_B                         0.750000    1.301692   -0.551692 (VIOLATED)
_20448_/RESET_B                         0.750000    1.301677   -0.551677 (VIOLATED)
_20416_/RESET_B                         0.750000    1.301666   -0.551666 (VIOLATED)
_20512_/RESET_B                         0.750000    1.301638   -0.551638 (VIOLATED)
_20568_/RESET_B                         0.750000    1.301613   -0.551613 (VIOLATED)
_20664_/RESET_B                         0.750000    1.301562   -0.551562 (VIOLATED)
_20376_/RESET_B                         0.750000    1.301535   -0.551535 (VIOLATED)
_20632_/RESET_B                         0.750000    1.301515   -0.551515 (VIOLATED)
_20344_/RESET_B                         0.750000    1.301454   -0.551454 (VIOLATED)
_20480_/RESET_B                         0.750000    1.301291   -0.551291 (VIOLATED)
_20544_/RESET_B                         0.750000    1.300952   -0.550952 (VIOLATED)
_20569_/RESET_B                         0.750000    1.300857   -0.550857 (VIOLATED)
_21281_/RESET_B                         0.750000    1.300851   -0.550851 (VIOLATED)
_21201_/RESET_B                         0.750000    1.300841   -0.550841 (VIOLATED)
_20640_/RESET_B                         0.750000    1.300700   -0.550700 (VIOLATED)
_20576_/RESET_B                         0.750000    1.300585   -0.550585 (VIOLATED)
_20672_/RESET_B                         0.750000    1.300553   -0.550553 (VIOLATED)
_20537_/RESET_B                         0.750000    1.300526   -0.550526 (VIOLATED)
_20760_/RESET_B                         0.750000    1.299784   -0.549784 (VIOLATED)
_20728_/RESET_B                         0.750000    1.299783   -0.549783 (VIOLATED)
_20824_/RESET_B                         0.750000    1.299767   -0.549767 (VIOLATED)
_20128_/RESET_B                         0.750000    1.299750   -0.549750 (VIOLATED)
_20792_/RESET_B                         0.750000    1.299734   -0.549734 (VIOLATED)
_20192_/RESET_B                         0.750000    1.298895   -0.548895 (VIOLATED)
_20288_/RESET_B                         0.750000    1.298726   -0.548726 (VIOLATED)
_20352_/RESET_B                         0.750000    1.297835   -0.547835 (VIOLATED)
_21283_/RESET_B                         0.750000    1.296971   -0.546971 (VIOLATED)
_19838_/RESET_B                         0.750000    1.296163   -0.546163 (VIOLATED)
_19850_/RESET_B                         0.750000    1.296158   -0.546158 (VIOLATED)
_21157_/RESET_B                         0.750000    1.296044   -0.546044 (VIOLATED)
_21045_/RESET_B                         0.750000    1.295239   -0.545239 (VIOLATED)
_20384_/RESET_B                         0.750000    1.294987   -0.544987 (VIOLATED)
_20320_/RESET_B                         0.750000    1.294487   -0.544487 (VIOLATED)
_21756_/A                               0.750000    1.294478   -0.544478 (VIOLATED)
_12246_/D                               0.750000    1.294471   -0.544471 (VIOLATED)
_19720_/A1                              0.750000    1.294464   -0.544464 (VIOLATED)
_12441_/A1                              0.750000    1.294464   -0.544464 (VIOLATED)
_18474_/A1                              0.750000    1.294461   -0.544461 (VIOLATED)
_18716_/A1                              0.750000    1.294461   -0.544461 (VIOLATED)
_18719_/A2                              0.750000    1.294461   -0.544461 (VIOLATED)
_12245_/X                               0.750000    1.294455   -0.544455 (VIOLATED)
_14127_/A2                              0.750000    1.294455   -0.544455 (VIOLATED)
_18988_/A1                              0.750000    1.294455   -0.544455 (VIOLATED)
_20160_/RESET_B                         0.750000    1.293812   -0.543812 (VIOLATED)
_20224_/RESET_B                         0.750000    1.293244   -0.543244 (VIOLATED)
_21751_/A                               0.750000    1.292904   -0.542904 (VIOLATED)
_12244_/C                               0.750000    1.292897   -0.542897 (VIOLATED)
_12413_/A1                              0.750000    1.292893   -0.542893 (VIOLATED)
_19715_/A1                              0.750000    1.292893   -0.542893 (VIOLATED)
_18461_/A0                              0.750000    1.292888   -0.542888 (VIOLATED)
_18679_/A1                              0.750000    1.292888   -0.542888 (VIOLATED)
_18682_/A2                              0.750000    1.292888   -0.542888 (VIOLATED)
_18614_/Y                               0.750000    1.292885   -0.542885 (VIOLATED)
_18616_/B1                              0.750000    1.292885   -0.542885 (VIOLATED)
_18623_/B                               0.750000    1.292885   -0.542885 (VIOLATED)
_18653_/B1                              0.750000    1.292885   -0.542885 (VIOLATED)
_18660_/C1                              0.750000    1.292885   -0.542885 (VIOLATED)
_18668_/C1                              0.750000    1.292885   -0.542885 (VIOLATED)
_18675_/C1                              0.750000    1.292885   -0.542885 (VIOLATED)
_18682_/C1                              0.750000    1.292885   -0.542885 (VIOLATED)
_18690_/C1                              0.750000    1.292885   -0.542885 (VIOLATED)
_18697_/C1                              0.750000    1.292885   -0.542885 (VIOLATED)
_18704_/C1                              0.750000    1.292885   -0.542885 (VIOLATED)
_18711_/C1                              0.750000    1.292885   -0.542885 (VIOLATED)
_18719_/C1                              0.750000    1.292885   -0.542885 (VIOLATED)
_18726_/C1                              0.750000    1.292885   -0.542885 (VIOLATED)
_18733_/C1                              0.750000    1.292885   -0.542885 (VIOLATED)
_18740_/C1                              0.750000    1.292885   -0.542885 (VIOLATED)
_18747_/C1                              0.750000    1.292885   -0.542885 (VIOLATED)
_18754_/C1                              0.750000    1.292885   -0.542885 (VIOLATED)
_18761_/C1                              0.750000    1.292885   -0.542885 (VIOLATED)
_18769_/C1                              0.750000    1.292885   -0.542885 (VIOLATED)
_18776_/C1                              0.750000    1.292885   -0.542885 (VIOLATED)
_18783_/C1                              0.750000    1.292885   -0.542885 (VIOLATED)
_18790_/C1                              0.750000    1.292885   -0.542885 (VIOLATED)
_18797_/C1                              0.750000    1.292885   -0.542885 (VIOLATED)
_18804_/C1                              0.750000    1.292885   -0.542885 (VIOLATED)
_18811_/C1                              0.750000    1.292885   -0.542885 (VIOLATED)
_18819_/C1                              0.750000    1.292885   -0.542885 (VIOLATED)
_18826_/C1                              0.750000    1.292885   -0.542885 (VIOLATED)
_18833_/C1                              0.750000    1.292885   -0.542885 (VIOLATED)
_18840_/C1                              0.750000    1.292885   -0.542885 (VIOLATED)
_18847_/C1                              0.750000    1.292885   -0.542885 (VIOLATED)
_18854_/C1                              0.750000    1.292885   -0.542885 (VIOLATED)
_18861_/C1                              0.750000    1.292885   -0.542885 (VIOLATED)
_18868_/C1                              0.750000    1.292885   -0.542885 (VIOLATED)
_18875_/C1                              0.750000    1.292885   -0.542885 (VIOLATED)
_18978_/A1                              0.750000    1.292885   -0.542885 (VIOLATED)
_13725_/A2                              0.750000    1.292884   -0.542884 (VIOLATED)
_12233_/X                               0.750000    1.292882   -0.542882 (VIOLATED)
_21038_/RESET_B                         0.750000    1.292559   -0.542559 (VIOLATED)
_21040_/RESET_B                         0.750000    1.291075   -0.541075 (VIOLATED)
_21039_/RESET_B                         0.750000    1.291060   -0.541060 (VIOLATED)
_20281_/RESET_B                         0.750000    1.290151   -0.540151 (VIOLATED)
_20313_/RESET_B                         0.750000    1.289970   -0.539970 (VIOLATED)
_21666_/RESET_B                         0.750000    1.289640   -0.539640 (VIOLATED)
_21246_/RESET_B                         0.750000    1.289633   -0.539633 (VIOLATED)
_21154_/RESET_B                         0.750000    1.289624   -0.539624 (VIOLATED)
_19826_/RESET_B                         0.750000    1.289545   -0.539545 (VIOLATED)
_21244_/RESET_B                         0.750000    1.289505   -0.539505 (VIOLATED)
_21152_/RESET_B                         0.750000    1.289497   -0.539497 (VIOLATED)
_19824_/RESET_B                         0.750000    1.289497   -0.539497 (VIOLATED)
_21647_/RESET_B                         0.750000    1.289413   -0.539413 (VIOLATED)
_21648_/RESET_B                         0.750000    1.289369   -0.539369 (VIOLATED)
_19849_/RESET_B                         0.750000    1.289349   -0.539349 (VIOLATED)
_21284_/RESET_B                         0.750000    1.289337   -0.539337 (VIOLATED)
_21650_/RESET_B                         0.750000    1.289332   -0.539332 (VIOLATED)
_19851_/RESET_B                         0.750000    1.289123   -0.539123 (VIOLATED)
_21230_/RESET_B                         0.750000    1.289108   -0.539108 (VIOLATED)
_21138_/RESET_B                         0.750000    1.289079   -0.539079 (VIOLATED)
_19810_/RESET_B                         0.750000    1.289011   -0.539011 (VIOLATED)
_21653_/RESET_B                         0.750000    1.288686   -0.538686 (VIOLATED)
_21229_/RESET_B                         0.750000    1.288669   -0.538669 (VIOLATED)
_19809_/RESET_B                         0.750000    1.288665   -0.538665 (VIOLATED)
_21137_/RESET_B                         0.750000    1.288655   -0.538655 (VIOLATED)
_21652_/RESET_B                         0.750000    1.288652   -0.538652 (VIOLATED)
_20377_/RESET_B                         0.750000    1.288416   -0.538416 (VIOLATED)
_21267_/RESET_B                         0.750000    1.288412   -0.538412 (VIOLATED)
_21651_/RESET_B                         0.750000    1.288344   -0.538344 (VIOLATED)
_21169_/RESET_B                         0.750000    1.288092   -0.538092 (VIOLATED)
_21268_/RESET_B                         0.750000    1.287952   -0.537952 (VIOLATED)
_21657_/RESET_B                         0.750000    1.287813   -0.537813 (VIOLATED)
_21275_/RESET_B                         0.750000    1.287794   -0.537794 (VIOLATED)
_19834_/RESET_B                         0.750000    1.287767   -0.537767 (VIOLATED)
_21083_/RESET_B                         0.750000    1.287762   -0.537762 (VIOLATED)
_19842_/RESET_B                         0.750000    1.287746   -0.537746 (VIOLATED)
_19835_/RESET_B                         0.750000    1.287441   -0.537441 (VIOLATED)
_19817_/RESET_B                         0.750000    1.287441   -0.537441 (VIOLATED)
_21237_/RESET_B                         0.750000    1.286835   -0.536835 (VIOLATED)
_21649_/RESET_B                         0.750000    1.286745   -0.536745 (VIOLATED)
_21145_/RESET_B                         0.750000    1.286719   -0.536719 (VIOLATED)
_21195_/RESET_B                         0.750000    1.285190   -0.535190 (VIOLATED)
_21271_/RESET_B                         0.750000    1.284266   -0.534266 (VIOLATED)
_20345_/RESET_B                         0.750000    1.283856   -0.533856 (VIOLATED)
_19811_/RESET_B                         0.750000    1.283466   -0.533466 (VIOLATED)
_21139_/RESET_B                         0.750000    1.283450   -0.533450 (VIOLATED)
_21231_/RESET_B                         0.750000    1.283422   -0.533422 (VIOLATED)
_21010_/RESET_B                         0.750000    1.281828   -0.531828 (VIOLATED)
_21188_/RESET_B                         0.750000    1.281233   -0.531233 (VIOLATED)
_21215_/RESET_B                         0.750000    1.281208   -0.531208 (VIOLATED)
_21211_/RESET_B                         0.750000    1.281204   -0.531205 (VIOLATED)
_21123_/RESET_B                         0.750000    1.281195   -0.531195 (VIOLATED)
_21173_/RESET_B                         0.750000    1.281087   -0.531087 (VIOLATED)
_21122_/RESET_B                         0.750000    1.280993   -0.530993 (VIOLATED)
_21191_/RESET_B                         0.750000    1.280704   -0.530704 (VIOLATED)
_21004_/RESET_B                         0.750000    1.280204   -0.530204 (VIOLATED)
_21003_/RESET_B                         0.750000    1.280165   -0.530165 (VIOLATED)
_21121_/RESET_B                         0.750000    1.279259   -0.529259 (VIOLATED)
_21210_/RESET_B                         0.750000    1.278471   -0.528471 (VIOLATED)
_21730_/RESET_B                         0.750000    1.277618   -0.527618 (VIOLATED)
_21729_/RESET_B                         0.750000    1.277586   -0.527586 (VIOLATED)
_21727_/RESET_B                         0.750000    1.277513   -0.527513 (VIOLATED)
_21728_/RESET_B                         0.750000    1.277483   -0.527484 (VIOLATED)
_21070_/RESET_B                         0.750000    1.277007   -0.527007 (VIOLATED)
_21102_/RESET_B                         0.750000    1.276593   -0.526593 (VIOLATED)
_12427_/A1                              0.750000    1.276441   -0.526441 (VIOLATED)
_19717_/A1                              0.750000    1.276436   -0.526436 (VIOLATED)
_18465_/A0                              0.750000    1.276392   -0.526392 (VIOLATED)
_18697_/A2                              0.750000    1.276359   -0.526359 (VIOLATED)
_18694_/A1                              0.750000    1.276356   -0.526356 (VIOLATED)
_21753_/A                               0.750000    1.276349   -0.526349 (VIOLATED)
_12244_/B                               0.750000    1.276343   -0.526343 (VIOLATED)
_13884_/A2                              0.750000    1.276340   -0.526340 (VIOLATED)
_18982_/A1                              0.750000    1.276333   -0.526333 (VIOLATED)
_12231_/X                               0.750000    1.276330   -0.526330 (VIOLATED)
_21656_/RESET_B                         0.750000    1.276111   -0.526111 (VIOLATED)
_21235_/RESET_B                         0.750000    1.276073   -0.526073 (VIOLATED)
_21143_/RESET_B                         0.750000    1.276051   -0.526051 (VIOLATED)
_19815_/RESET_B                         0.750000    1.275961   -0.525961 (VIOLATED)
_19840_/RESET_B                         0.750000    1.275796   -0.525796 (VIOLATED)
_19825_/RESET_B                         0.750000    1.275630   -0.525630 (VIOLATED)
_21274_/RESET_B                         0.750000    1.275610   -0.525610 (VIOLATED)
_21245_/RESET_B                         0.750000    1.275367   -0.525367 (VIOLATED)
_21153_/RESET_B                         0.750000    1.275327   -0.525327 (VIOLATED)
_21247_/RESET_B                         0.750000    1.275054   -0.525054 (VIOLATED)
_19813_/RESET_B                         0.750000    1.274884   -0.524884 (VIOLATED)
_21141_/RESET_B                         0.750000    1.274492   -0.524492 (VIOLATED)
_21233_/RESET_B                         0.750000    1.274489   -0.524489 (VIOLATED)
_19836_/RESET_B                         0.750000    1.274391   -0.524391 (VIOLATED)
_21100_/RESET_B                         0.750000    1.274348   -0.524348 (VIOLATED)
_21115_/RESET_B                         0.750000    1.274263   -0.524263 (VIOLATED)
_21140_/RESET_B                         0.750000    1.274226   -0.524226 (VIOLATED)
_21232_/RESET_B                         0.750000    1.274216   -0.524216 (VIOLATED)
_19812_/RESET_B                         0.750000    1.274151   -0.524151 (VIOLATED)
_21204_/RESET_B                         0.750000    1.273899   -0.523899 (VIOLATED)
_19837_/RESET_B                         0.750000    1.273879   -0.523879 (VIOLATED)
_21270_/RESET_B                         0.750000    1.273578   -0.523578 (VIOLATED)
_21101_/RESET_B                         0.750000    1.273174   -0.523174 (VIOLATED)
_21069_/RESET_B                         0.750000    1.272826   -0.522826 (VIOLATED)
_20939_/RESET_B                         0.750000    1.271851   -0.521851 (VIOLATED)
_21074_/RESET_B                         0.750000    1.271060   -0.521060 (VIOLATED)
_20946_/RESET_B                         0.750000    1.269164   -0.519164 (VIOLATED)
_19827_/SET_B                           0.750000    1.268738   -0.518738 (VIOLATED)
_20940_/RESET_B                         0.750000    1.268583   -0.518583 (VIOLATED)
_21203_/RESET_B                         0.750000    1.268407   -0.518407 (VIOLATED)
_21159_/RESET_B                         0.750000    1.267417   -0.517417 (VIOLATED)
_21193_/RESET_B                         0.750000    1.267400   -0.517400 (VIOLATED)
_21158_/RESET_B                         0.750000    1.267375   -0.517375 (VIOLATED)
_21192_/RESET_B                         0.750000    1.267303   -0.517303 (VIOLATED)
_21273_/RESET_B                         0.750000    1.267236   -0.517236 (VIOLATED)
_21071_/RESET_B                         0.750000    1.267106   -0.517106 (VIOLATED)
_21103_/RESET_B                         0.750000    1.267100   -0.517100 (VIOLATED)
_21072_/RESET_B                         0.750000    1.267090   -0.517090 (VIOLATED)
_21104_/RESET_B                         0.750000    1.267056   -0.517056 (VIOLATED)
_21190_/RESET_B                         0.750000    1.267045   -0.517045 (VIOLATED)
_21156_/RESET_B                         0.750000    1.267022   -0.517022 (VIOLATED)
_21161_/RESET_B                         0.750000    1.266949   -0.516949 (VIOLATED)
_21082_/RESET_B                         0.750000    1.266751   -0.516751 (VIOLATED)
_21114_/RESET_B                         0.750000    1.266747   -0.516747 (VIOLATED)
_21106_/RESET_B                         0.750000    1.265562   -0.515562 (VIOLATED)
_20948_/RESET_B                         0.750000    1.264514   -0.514514 (VIOLATED)
_18493_/A0                              0.750000    1.264178   -0.514178 (VIOLATED)
_12485_/A1                              0.750000    1.264175   -0.514175 (VIOLATED)
_19728_/A1                              0.750000    1.264173   -0.514173 (VIOLATED)
_18773_/A1                              0.750000    1.264171   -0.514171 (VIOLATED)
_18776_/A2                              0.750000    1.264171   -0.514171 (VIOLATED)
_21764_/A                               0.750000    1.264165   -0.514165 (VIOLATED)
_14991_/A2                              0.750000    1.264156   -0.514156 (VIOLATED)
_12251_/B                               0.750000    1.264154   -0.514154 (VIOLATED)
_19004_/A1                              0.750000    1.264151   -0.514151 (VIOLATED)
_12223_/X                               0.750000    1.264148   -0.514148 (VIOLATED)
_20947_/RESET_B                         0.750000    1.263883   -0.513883 (VIOLATED)
_21012_/RESET_B                         0.750000    1.262838   -0.512838 (VIOLATED)
_21011_/RESET_B                         0.750000    1.262836   -0.512836 (VIOLATED)
_21052_/RESET_B                         0.750000    1.261569   -0.511569 (VIOLATED)
_21758_/A                               0.750000    1.260396   -0.510396 (VIOLATED)
_12246_/A                               0.750000    1.260391   -0.510391 (VIOLATED)
_19722_/A1                              0.750000    1.260385   -0.510385 (VIOLATED)
_12452_/A1                              0.750000    1.260384   -0.510384 (VIOLATED)
_18478_/A0                              0.750000    1.260384   -0.510384 (VIOLATED)
_18730_/A1                              0.750000    1.260382   -0.510382 (VIOLATED)
_18733_/A2                              0.750000    1.260383   -0.510383 (VIOLATED)
_14313_/A2                              0.750000    1.260380   -0.510380 (VIOLATED)
_18992_/A1                              0.750000    1.260380   -0.510380 (VIOLATED)
_12227_/X                               0.750000    1.260376   -0.510376 (VIOLATED)
_16441_/S                               0.750000    1.260363   -0.510364 (VIOLATED)
_16444_/S                               0.750000    1.260356   -0.510356 (VIOLATED)
_16443_/S                               0.750000    1.260342   -0.510342 (VIOLATED)
_16440_/S                               0.750000    1.260308   -0.510308 (VIOLATED)
_16445_/S                               0.750000    1.260268   -0.510268 (VIOLATED)
_16458_/S                               0.750000    1.260264   -0.510264 (VIOLATED)
_16457_/S                               0.750000    1.260262   -0.510262 (VIOLATED)
_16455_/S                               0.750000    1.260253   -0.510253 (VIOLATED)
_16446_/S                               0.750000    1.260185   -0.510185 (VIOLATED)
_19921_/RESET_B                         0.750000    1.260158   -0.510158 (VIOLATED)
_19920_/RESET_B                         0.750000    1.260136   -0.510136 (VIOLATED)
_16436_/S                               0.750000    1.260091   -0.510091 (VIOLATED)
_16454_/S                               0.750000    1.260076   -0.510076 (VIOLATED)
_16459_/S                               0.750000    1.260056   -0.510057 (VIOLATED)
_16432_/S                               0.750000    1.260055   -0.510055 (VIOLATED)
_16430_/S                               0.750000    1.260049   -0.510049 (VIOLATED)
_16431_/S                               0.750000    1.260036   -0.510036 (VIOLATED)
_16460_/S                               0.750000    1.260029   -0.510029 (VIOLATED)
_16438_/S                               0.750000    1.260022   -0.510022 (VIOLATED)
_16433_/S                               0.750000    1.260015   -0.510015 (VIOLATED)
_16451_/S                               0.750000    1.260013   -0.510013 (VIOLATED)
_16437_/S                               0.750000    1.260007   -0.510007 (VIOLATED)
_16452_/S                               0.750000    1.260008   -0.510008 (VIOLATED)
_16456_/S                               0.750000    1.259999   -0.509999 (VIOLATED)
_16442_/S                               0.750000    1.259996   -0.509996 (VIOLATED)
_16449_/S                               0.750000    1.259996   -0.509996 (VIOLATED)
_16447_/S                               0.750000    1.259994   -0.509994 (VIOLATED)
_16453_/S                               0.750000    1.259993   -0.509993 (VIOLATED)
_16435_/S                               0.750000    1.259989   -0.509989 (VIOLATED)
_16448_/S                               0.750000    1.259982   -0.509982 (VIOLATED)
_16461_/S                               0.750000    1.259981   -0.509981 (VIOLATED)
_16434_/S                               0.750000    1.259959   -0.509959 (VIOLATED)
_16439_/S                               0.750000    1.259950   -0.509950 (VIOLATED)
_16450_/S                               0.750000    1.259947   -0.509947 (VIOLATED)
_16429_/X                               0.750000    1.259944   -0.509944 (VIOLATED)
_21033_/RESET_B                         0.750000    1.257843   -0.507843 (VIOLATED)
_21084_/RESET_B                         0.750000    1.257328   -0.507328 (VIOLATED)
_20974_/RESET_B                         0.750000    1.257326   -0.507326 (VIOLATED)
_21005_/RESET_B                         0.750000    1.257294   -0.507294 (VIOLATED)
_20941_/RESET_B                         0.750000    1.256516   -0.506516 (VIOLATED)
_21098_/RESET_B                         0.750000    1.256263   -0.506263 (VIOLATED)
_21269_/RESET_B                         0.750000    1.256099   -0.506099 (VIOLATED)
_21068_/RESET_B                         0.750000    1.256069   -0.506069 (VIOLATED)
_21155_/RESET_B                         0.750000    1.256037   -0.506037 (VIOLATED)
_21189_/RESET_B                         0.750000    1.255963   -0.505963 (VIOLATED)
_20949_/RESET_B                         0.750000    1.254254   -0.504254 (VIOLATED)
_20699_/RESET_B                         0.750000    1.254089   -0.504089 (VIOLATED)
_20603_/RESET_B                         0.750000    1.254088   -0.504088 (VIOLATED)
_20251_/RESET_B                         0.750000    1.254075   -0.504075 (VIOLATED)
_20795_/RESET_B                         0.750000    1.253872   -0.503872 (VIOLATED)
_20827_/RESET_B                         0.750000    1.253863   -0.503863 (VIOLATED)
_20731_/RESET_B                         0.750000    1.253853   -0.503853 (VIOLATED)
_20763_/RESET_B                         0.750000    1.253841   -0.503841 (VIOLATED)
_20609_/RESET_B                         0.750000    1.253556   -0.503557 (VIOLATED)
_20705_/RESET_B                         0.750000    1.253549   -0.503549 (VIOLATED)
_20257_/RESET_B                         0.750000    1.253297   -0.503297 (VIOLATED)
_16407_/S                               0.750000    1.253254   -0.503254 (VIOLATED)
_16410_/S                               0.750000    1.253247   -0.503248 (VIOLATED)
_16409_/S                               0.750000    1.253238   -0.503238 (VIOLATED)
_16406_/S                               0.750000    1.253210   -0.503210 (VIOLATED)
_16411_/S                               0.750000    1.253197   -0.503197 (VIOLATED)
_16424_/S                               0.750000    1.253194   -0.503194 (VIOLATED)
_16423_/S                               0.750000    1.253192   -0.503192 (VIOLATED)
_16421_/S                               0.750000    1.253188   -0.503188 (VIOLATED)
_16425_/S                               0.750000    1.253175   -0.503175 (VIOLATED)
_16398_/S                               0.750000    1.253163   -0.503163 (VIOLATED)
_16412_/S                               0.750000    1.253159   -0.503159 (VIOLATED)
_16396_/S                               0.750000    1.253144   -0.503144 (VIOLATED)
_16397_/S                               0.750000    1.253110   -0.503110 (VIOLATED)
_20283_/RESET_B                         0.750000    1.253093   -0.503093 (VIOLATED)
_16420_/S                               0.750000    1.253092   -0.503092 (VIOLATED)
_16426_/S                               0.750000    1.253090   -0.503090 (VIOLATED)
_16404_/S                               0.750000    1.253084   -0.503084 (VIOLATED)
_20315_/RESET_B                         0.750000    1.253083   -0.503083 (VIOLATED)
_16402_/S                               0.750000    1.253075   -0.503075 (VIOLATED)
_16417_/S                               0.750000    1.253069   -0.503069 (VIOLATED)
_16399_/S                               0.750000    1.253051   -0.503051 (VIOLATED)
_16403_/S                               0.750000    1.253050   -0.503050 (VIOLATED)
_16418_/S                               0.750000    1.253049   -0.503049 (VIOLATED)
_20379_/RESET_B                         0.750000    1.253044   -0.503044 (VIOLATED)
_16408_/S                               0.750000    1.253043   -0.503043 (VIOLATED)
_16415_/S                               0.750000    1.253042   -0.503042 (VIOLATED)
_16413_/S                               0.750000    1.253040   -0.503040 (VIOLATED)
_20347_/RESET_B                         0.750000    1.253036   -0.503036 (VIOLATED)
_16414_/S                               0.750000    1.253018   -0.503018 (VIOLATED)
_16422_/S                               0.750000    1.253016   -0.503016 (VIOLATED)
_16419_/S                               0.750000    1.253015   -0.503015 (VIOLATED)
_16401_/S                               0.750000    1.253014   -0.503014 (VIOLATED)
_16427_/S                               0.750000    1.253010   -0.503010 (VIOLATED)
_16400_/S                               0.750000    1.252994   -0.502994 (VIOLATED)
_16405_/S                               0.750000    1.252987   -0.502987 (VIOLATED)
_16416_/S                               0.750000    1.252982   -0.502982 (VIOLATED)
_16395_/X                               0.750000    1.252980   -0.502980 (VIOLATED)
_20865_/RESET_B                         0.750000    1.252854   -0.502854 (VIOLATED)
_20897_/RESET_B                         0.750000    1.252820   -0.502820 (VIOLATED)
_19969_/RESET_B                         0.750000    1.252766   -0.502766 (VIOLATED)
_19937_/RESET_B                         0.750000    1.252730   -0.502730 (VIOLATED)
_16491_/S                               0.750000    1.252718   -0.502718 (VIOLATED)
_16490_/S                               0.750000    1.252714   -0.502714 (VIOLATED)
_16488_/S                               0.750000    1.252711   -0.502711 (VIOLATED)
_16474_/S                               0.750000    1.252700   -0.502700 (VIOLATED)
_16492_/S                               0.750000    1.252701   -0.502701 (VIOLATED)
_16477_/S                               0.750000    1.252696   -0.502696 (VIOLATED)
_16465_/S                               0.750000    1.252688   -0.502688 (VIOLATED)
_16476_/S                               0.750000    1.252686   -0.502686 (VIOLATED)
_16463_/S                               0.750000    1.252665   -0.502665 (VIOLATED)
_16473_/S                               0.750000    1.252661   -0.502661 (VIOLATED)
_16478_/S                               0.750000    1.252660   -0.502660 (VIOLATED)
_16485_/S                               0.750000    1.252655   -0.502655 (VIOLATED)
_16470_/S                               0.750000    1.252648   -0.502648 (VIOLATED)
_16479_/S                               0.750000    1.252648   -0.502648 (VIOLATED)
_16464_/S                               0.750000    1.252631   -0.502631 (VIOLATED)
_16493_/S                               0.750000    1.252626   -0.502626 (VIOLATED)
_16489_/S                               0.750000    1.252606   -0.502606 (VIOLATED)
_16471_/S                               0.750000    1.252592   -0.502592 (VIOLATED)
_16486_/S                               0.750000    1.252587   -0.502587 (VIOLATED)
_16468_/S                               0.750000    1.252575   -0.502575 (VIOLATED)
_16484_/S                               0.750000    1.252573   -0.502573 (VIOLATED)
_16475_/S                               0.750000    1.252570   -0.502570 (VIOLATED)
_16482_/S                               0.750000    1.252569   -0.502569 (VIOLATED)
_16480_/S                               0.750000    1.252567   -0.502567 (VIOLATED)
_16494_/S                               0.750000    1.252561   -0.502561 (VIOLATED)
_16481_/S                               0.750000    1.252555   -0.502555 (VIOLATED)
_16469_/S                               0.750000    1.252527   -0.502527 (VIOLATED)
_16487_/S                               0.750000    1.252528   -0.502528 (VIOLATED)
_16466_/S                               0.750000    1.252524   -0.502524 (VIOLATED)
_16467_/S                               0.750000    1.252520   -0.502520 (VIOLATED)
_16472_/S                               0.750000    1.252502   -0.502502 (VIOLATED)
_16483_/S                               0.750000    1.252500   -0.502500 (VIOLATED)
_16462_/X                               0.750000    1.252499   -0.502499 (VIOLATED)
_20129_/RESET_B                         0.750000    1.252204   -0.502204 (VIOLATED)
_20161_/RESET_B                         0.750000    1.252150   -0.502150 (VIOLATED)
_21032_/RESET_B                         0.750000    1.252099   -0.502099 (VIOLATED)
_12458_/A1                              0.750000    1.251994   -0.501994 (VIOLATED)
_19723_/A1                              0.750000    1.251993   -0.501993 (VIOLATED)
_18481_/A1                              0.750000    1.251982   -0.501982 (VIOLATED)
_18740_/A2                              0.750000    1.251980   -0.501980 (VIOLATED)
_21759_/A                               0.750000    1.251980   -0.501980 (VIOLATED)
_18737_/A1                              0.750000    1.251979   -0.501979 (VIOLATED)
_12253_/C                               0.750000    1.251976   -0.501976 (VIOLATED)
_14421_/A2                              0.750000    1.251976   -0.501976 (VIOLATED)
_12248_/X                               0.750000    1.251959   -0.501959 (VIOLATED)
_18994_/A1                              0.750000    1.251959   -0.501959 (VIOLATED)
_20225_/RESET_B                         0.750000    1.251859   -0.501859 (VIOLATED)
_20193_/RESET_B                         0.750000    1.251388   -0.501388 (VIOLATED)
_21187_/RESET_B                         0.750000    1.250994   -0.500994 (VIOLATED)
_20123_/RESET_B                         0.750000    1.250941   -0.500941 (VIOLATED)
_20155_/RESET_B                         0.750000    1.250939   -0.500939 (VIOLATED)
_20219_/RESET_B                         0.750000    1.250923   -0.500923 (VIOLATED)
_20187_/RESET_B                         0.750000    1.250921   -0.500921 (VIOLATED)
_20737_/RESET_B                         0.750000    1.250785   -0.500785 (VIOLATED)
_20769_/RESET_B                         0.750000    1.250750   -0.500750 (VIOLATED)
_20833_/RESET_B                         0.750000    1.250681   -0.500681 (VIOLATED)
_20801_/RESET_B                         0.750000    1.250652   -0.500652 (VIOLATED)
_21066_/RESET_B                         0.750000    1.250594   -0.500594 (VIOLATED)
_20493_/RESET_B                         0.750000    1.250397   -0.500398 (VIOLATED)
_20429_/RESET_B                         0.750000    1.250041   -0.500041 (VIOLATED)
_20461_/RESET_B                         0.750000    1.249480   -0.499480 (VIOLATED)
_11055_/A                               0.750000    1.249139   -0.499139 (VIOLATED)
_11174_/A1                              0.750000    1.249138   -0.499138 (VIOLATED)
_10995_/A                               0.750000    1.249137   -0.499137 (VIOLATED)
_10162_/A1                              0.750000    1.249135   -0.499136 (VIOLATED)
_10446_/A1                              0.750000    1.249132   -0.499132 (VIOLATED)
_10276_/A1                              0.750000    1.249131   -0.499131 (VIOLATED)
_10393_/A1                              0.750000    1.249131   -0.499131 (VIOLATED)
_10341_/A1                              0.750000    1.249130   -0.499130 (VIOLATED)
_10876_/A1                              0.750000    1.249130   -0.499130 (VIOLATED)
_10926_/A1                              0.750000    1.249129   -0.499129 (VIOLATED)
_10623_/A1                              0.750000    1.249128   -0.499128 (VIOLATED)
_10803_/A1                              0.750000    1.249127   -0.499127 (VIOLATED)
_10742_/A1                              0.750000    1.249126   -0.499126 (VIOLATED)
_11241_/A1                              0.750000    1.249125   -0.499126 (VIOLATED)
_11491_/A1                              0.750000    1.249125   -0.499125 (VIOLATED)
_11674_/A1                              0.750000    1.249125   -0.499125 (VIOLATED)
_10085_/Y                               0.750000    1.249124   -0.499124 (VIOLATED)
_10685_/A1                              0.750000    1.249124   -0.499124 (VIOLATED)
_11793_/A1                              0.750000    1.249124   -0.499124 (VIOLATED)
_11856_/A1                              0.750000    1.249124   -0.499124 (VIOLATED)
_11974_/A                               0.750000    1.249124   -0.499124 (VIOLATED)
_20525_/RESET_B                         0.750000    1.248014   -0.498014 (VIOLATED)
_21013_/RESET_B                         0.750000    1.247504   -0.497504 (VIOLATED)
_20877_/RESET_B                         0.750000    1.247243   -0.497243 (VIOLATED)
_20909_/RESET_B                         0.750000    1.247243   -0.497243 (VIOLATED)
_19981_/RESET_B                         0.750000    1.247176   -0.497176 (VIOLATED)
_19949_/RESET_B                         0.750000    1.247167   -0.497167 (VIOLATED)
_20717_/RESET_B                         0.750000    1.246973   -0.496973 (VIOLATED)
_20621_/RESET_B                         0.750000    1.246949   -0.496949 (VIOLATED)
_20269_/RESET_B                         0.750000    1.246888   -0.496888 (VIOLATED)
_20173_/RESET_B                         0.750000    1.246519   -0.496519 (VIOLATED)
_20237_/RESET_B                         0.750000    1.246364   -0.496365 (VIOLATED)
_21006_/RESET_B                         0.750000    1.246141   -0.496141 (VIOLATED)
_20942_/RESET_B                         0.750000    1.245765   -0.495765 (VIOLATED)
_21030_/RESET_B                         0.750000    1.245414   -0.495414 (VIOLATED)
_20749_/RESET_B                         0.750000    1.244008   -0.494008 (VIOLATED)
_20781_/RESET_B                         0.750000    1.244003   -0.494003 (VIOLATED)
_20845_/RESET_B                         0.750000    1.243971   -0.493971 (VIOLATED)
_20813_/RESET_B                         0.750000    1.243963   -0.493963 (VIOLATED)
_21031_/RESET_B                         0.750000    1.243594   -0.493594 (VIOLATED)
_20557_/RESET_B                         0.750000    1.243476   -0.493476 (VIOLATED)
_20589_/RESET_B                         0.750000    1.243474   -0.493474 (VIOLATED)
_20653_/RESET_B                         0.750000    1.243469   -0.493469 (VIOLATED)
_20685_/RESET_B                         0.750000    1.243464   -0.493464 (VIOLATED)
_20141_/RESET_B                         0.750000    1.243328   -0.493328 (VIOLATED)
_20333_/RESET_B                         0.750000    1.243196   -0.493196 (VIOLATED)
_20397_/RESET_B                         0.750000    1.243196   -0.493196 (VIOLATED)
_13353_/S                               0.750000    1.243121   -0.493121 (VIOLATED)
_13414_/S                               0.750000    1.243121   -0.493121 (VIOLATED)
_13563_/A                               0.750000    1.243121   -0.493121 (VIOLATED)
_13564_/A1                              0.750000    1.243121   -0.493121 (VIOLATED)
_13709_/A                               0.750000    1.243121   -0.493121 (VIOLATED)
_13710_/A1                              0.750000    1.243121   -0.493121 (VIOLATED)
_13567_/S                               0.750000    1.243120   -0.493120 (VIOLATED)
_13573_/S                               0.750000    1.243119   -0.493119 (VIOLATED)
_13393_/S                               0.750000    1.243119   -0.493119 (VIOLATED)
_13409_/S                               0.750000    1.243119   -0.493119 (VIOLATED)
_13424_/A                               0.750000    1.243119   -0.493119 (VIOLATED)
_13712_/S                               0.750000    1.243119   -0.493119 (VIOLATED)
_13880_/S                               0.750000    1.243119   -0.493119 (VIOLATED)
_13570_/S                               0.750000    1.243118   -0.493118 (VIOLATED)
_13508_/S                               0.750000    1.243114   -0.493114 (VIOLATED)
_13625_/C1                              0.750000    1.243114   -0.493114 (VIOLATED)
_13630_/S                               0.750000    1.243112   -0.493112 (VIOLATED)
_13799_/S                               0.750000    1.243112   -0.493112 (VIOLATED)
_13957_/S                               0.750000    1.243112   -0.493112 (VIOLATED)
_13332_/Y                               0.750000    1.243110   -0.493110 (VIOLATED)
_13426_/A2                              0.750000    1.243110   -0.493110 (VIOLATED)
_13502_/S                               0.750000    1.243110   -0.493110 (VIOLATED)
_13515_/S                               0.750000    1.243110   -0.493110 (VIOLATED)
_13622_/S                               0.750000    1.243110   -0.493110 (VIOLATED)
_13633_/S                               0.750000    1.243110   -0.493110 (VIOLATED)
_13955_/S                               0.750000    1.243110   -0.493110 (VIOLATED)
_20205_/RESET_B                         0.750000    1.243029   -0.493029 (VIOLATED)
_20301_/RESET_B                         0.750000    1.242861   -0.492861 (VIOLATED)
_20365_/RESET_B                         0.750000    1.242856   -0.492856 (VIOLATED)
_20950_/RESET_B                         0.750000    1.242404   -0.492404 (VIOLATED)
_20736_/RESET_B                         0.750000    1.239571   -0.489571 (VIOLATED)
_20768_/RESET_B                         0.750000    1.239569   -0.489569 (VIOLATED)
_20832_/RESET_B                         0.750000    1.239555   -0.489555 (VIOLATED)
_20800_/RESET_B                         0.750000    1.239544   -0.489544 (VIOLATED)
_20951_/RESET_B                         0.750000    1.238644   -0.488644 (VIOLATED)
_20938_/RESET_B                         0.750000    1.238176   -0.488176 (VIOLATED)
_20975_/RESET_B                         0.750000    1.237460   -0.487460 (VIOLATED)
_20976_/RESET_B                         0.750000    1.237447   -0.487447 (VIOLATED)
_20977_/RESET_B                         0.750000    1.237369   -0.487369 (VIOLATED)
_21042_/RESET_B                         0.750000    1.237344   -0.487344 (VIOLATED)
_20978_/RESET_B                         0.750000    1.237294   -0.487294 (VIOLATED)
_21041_/RESET_B                         0.750000    1.237142   -0.487142 (VIOLATED)
_20933_/RESET_B                         0.750000    1.236498   -0.486498 (VIOLATED)
_20934_/RESET_B                         0.750000    1.236487   -0.486487 (VIOLATED)
_20935_/RESET_B                         0.750000    1.236451   -0.486451 (VIOLATED)
_10343_/A0                              0.750000    1.236358   -0.486358 (VIOLATED)
_18476_/A1                              0.750000    1.236350   -0.486350 (VIOLATED)
_18727_/A1                              0.750000    1.236332   -0.486332 (VIOLATED)
_16507_/S                               0.750000    1.236284   -0.486284 (VIOLATED)
_16510_/S                               0.750000    1.236280   -0.486280 (VIOLATED)
_16509_/S                               0.750000    1.236267   -0.486267 (VIOLATED)
_10339_/B                               0.750000    1.236259   -0.486259 (VIOLATED)
_16503_/S                               0.750000    1.236234   -0.486234 (VIOLATED)
_16518_/S                               0.750000    1.236229   -0.486229 (VIOLATED)
_16524_/S                               0.750000    1.236216   -0.486216 (VIOLATED)
_16523_/S                               0.750000    1.236213   -0.486213 (VIOLATED)
_16521_/S                               0.750000    1.236211   -0.486211 (VIOLATED)
_16525_/S                               0.750000    1.236201   -0.486201 (VIOLATED)
_16508_/S                               0.750000    1.236197   -0.486197 (VIOLATED)
_16498_/S                               0.750000    1.236191   -0.486191 (VIOLATED)
_16513_/S                               0.750000    1.236176   -0.486176 (VIOLATED)
_16515_/S                               0.750000    1.236175   -0.486175 (VIOLATED)
_16496_/S                               0.750000    1.236172   -0.486172 (VIOLATED)
_16497_/S                               0.750000    1.236144   -0.486144 (VIOLATED)
_16526_/S                               0.750000    1.236135   -0.486135 (VIOLATED)
_16506_/S                               0.750000    1.236132   -0.486132 (VIOLATED)
_16511_/S                               0.750000    1.236131   -0.486131 (VIOLATED)
_16514_/S                               0.750000    1.236124   -0.486124 (VIOLATED)
_16512_/S                               0.750000    1.236123   -0.486124 (VIOLATED)
_16504_/S                               0.750000    1.236118   -0.486118 (VIOLATED)
_16522_/S                               0.750000    1.236111   -0.486111 (VIOLATED)
_16519_/S                               0.750000    1.236109   -0.486109 (VIOLATED)
_16501_/S                               0.750000    1.236108   -0.486108 (VIOLATED)
_16502_/S                               0.750000    1.236106   -0.486106 (VIOLATED)
_16517_/S                               0.750000    1.236107   -0.486107 (VIOLATED)
_16527_/S                               0.750000    1.236104   -0.486104 (VIOLATED)
_10338_/Y                               0.750000    1.236103   -0.486103 (VIOLATED)
_16520_/S                               0.750000    1.236102   -0.486102 (VIOLATED)
_16499_/S                               0.750000    1.236084   -0.486084 (VIOLATED)
_16500_/S                               0.750000    1.236074   -0.486074 (VIOLATED)
_16505_/S                               0.750000    1.236055   -0.486056 (VIOLATED)
_16516_/S                               0.750000    1.236054   -0.486054 (VIOLATED)
_16495_/X                               0.750000    1.236052   -0.486052 (VIOLATED)
_21002_/RESET_B                         0.750000    1.234588   -0.484588 (VIOLATED)
_20979_/RESET_B                         0.750000    1.234085   -0.484085 (VIOLATED)
_20980_/RESET_B                         0.750000    1.231996   -0.481996 (VIOLATED)
_13618_/A1                              0.750000    1.231852   -0.481852 (VIOLATED)
_13711_/B1                              0.750000    1.231852   -0.481852 (VIOLATED)
_13962_/A1                              0.750000    1.231852   -0.481852 (VIOLATED)
_14037_/B1                              0.750000    1.231852   -0.481852 (VIOLATED)
_14418_/S                               0.750000    1.231852   -0.481852 (VIOLATED)
_13421_/A                               0.750000    1.231851   -0.481851 (VIOLATED)
_13486_/A1                              0.750000    1.231851   -0.481851 (VIOLATED)
_13559_/A1                              0.750000    1.231851   -0.481851 (VIOLATED)
_13805_/A1                              0.750000    1.231851   -0.481851 (VIOLATED)
_13874_/A1                              0.750000    1.231851   -0.481851 (VIOLATED)
_13879_/B1                              0.750000    1.231851   -0.481851 (VIOLATED)
_13417_/A1                              0.750000    1.231850   -0.481850 (VIOLATED)
_13422_/A                               0.750000    1.231850   -0.481850 (VIOLATED)
_14215_/S                               0.750000    1.231851   -0.481851 (VIOLATED)
_14523_/A1                              0.750000    1.231851   -0.481851 (VIOLATED)
_14634_/S                               0.750000    1.231851   -0.481851 (VIOLATED)
_15097_/A1                              0.750000    1.231851   -0.481851 (VIOLATED)
_14309_/S                               0.750000    1.231849   -0.481849 (VIOLATED)
_14522_/A                               0.750000    1.231850   -0.481850 (VIOLATED)
_13635_/S                               0.750000    1.231848   -0.481848 (VIOLATED)
_13356_/Y                               0.750000    1.231845   -0.481845 (VIOLATED)
_13518_/S                               0.750000    1.231845   -0.481845 (VIOLATED)
_14123_/S1                              0.750000    1.231845   -0.481845 (VIOLATED)
_14753_/C1                              0.750000    1.231845   -0.481845 (VIOLATED)
_21014_/RESET_B                         0.750000    1.230908   -0.480908 (VIOLATED)
_20981_/RESET_B                         0.750000    1.230174   -0.480174 (VIOLATED)
_21009_/RESET_B                         0.750000    1.228124   -0.478125 (VIOLATED)
_21007_/RESET_B                         0.750000    1.227438   -0.477438 (VIOLATED)
_21008_/RESET_B                         0.750000    1.227427   -0.477427 (VIOLATED)
_20943_/RESET_B                         0.750000    1.227375   -0.477375 (VIOLATED)
_20944_/RESET_B                         0.750000    1.227349   -0.477349 (VIOLATED)
_17665_/A2                              0.750000    1.227249   -0.477249 (VIOLATED)
_17668_/A2                              0.750000    1.227249   -0.477249 (VIOLATED)
_17673_/A2                              0.750000    1.227248   -0.477248 (VIOLATED)
_17656_/A2                              0.750000    1.227248   -0.477248 (VIOLATED)
_17661_/A2                              0.750000    1.227248   -0.477248 (VIOLATED)
_17651_/A2                              0.750000    1.227247   -0.477247 (VIOLATED)
_17647_/A2                              0.750000    1.227246   -0.477246 (VIOLATED)
_17639_/A2                              0.750000    1.227245   -0.477245 (VIOLATED)
_17642_/A2                              0.750000    1.227245   -0.477245 (VIOLATED)
_17623_/A2                              0.750000    1.227244   -0.477244 (VIOLATED)
_17627_/A2                              0.750000    1.227244   -0.477244 (VIOLATED)
_17631_/A2                              0.750000    1.227244   -0.477244 (VIOLATED)
_17635_/B1                              0.750000    1.227243   -0.477243 (VIOLATED)
_17677_/A2                              0.750000    1.227240   -0.477240 (VIOLATED)
_17682_/A2                              0.750000    1.227240   -0.477240 (VIOLATED)
_17687_/A2                              0.750000    1.227240   -0.477240 (VIOLATED)
_17691_/A2                              0.750000    1.227240   -0.477240 (VIOLATED)
_17699_/A2                              0.750000    1.227240   -0.477240 (VIOLATED)
_17694_/A2                              0.750000    1.227239   -0.477239 (VIOLATED)
_17621_/Y                               0.750000    1.227236   -0.477236 (VIOLATED)
_17703_/A2                              0.750000    1.227236   -0.477236 (VIOLATED)
_17708_/A2                              0.750000    1.227236   -0.477236 (VIOLATED)
_17713_/A2                              0.750000    1.227236   -0.477236 (VIOLATED)
_17717_/A2                              0.750000    1.227236   -0.477236 (VIOLATED)
_17720_/A2                              0.750000    1.227236   -0.477236 (VIOLATED)
_17725_/A2                              0.750000    1.227236   -0.477236 (VIOLATED)
_17729_/A2                              0.750000    1.227236   -0.477236 (VIOLATED)
_17734_/A2                              0.750000    1.227236   -0.477236 (VIOLATED)
_17737_/A2                              0.750000    1.227236   -0.477236 (VIOLATED)
_17742_/A2                              0.750000    1.227236   -0.477236 (VIOLATED)
_17747_/A2                              0.750000    1.227236   -0.477236 (VIOLATED)
_17751_/A2                              0.750000    1.227236   -0.477236 (VIOLATED)
_17755_/A2                              0.750000    1.227236   -0.477236 (VIOLATED)
_20945_/RESET_B                         0.750000    1.227064   -0.477064 (VIOLATED)
_20973_/RESET_B                         0.750000    1.226974   -0.476974 (VIOLATED)
_20972_/RESET_B                         0.750000    1.226966   -0.476966 (VIOLATED)
_20971_/RESET_B                         0.750000    1.226922   -0.476922 (VIOLATED)
_21034_/RESET_B                         0.750000    1.226865   -0.476865 (VIOLATED)
_20970_/RESET_B                         0.750000    1.226796   -0.476796 (VIOLATED)
_20969_/RESET_B                         0.750000    1.226560   -0.476560 (VIOLATED)
_20968_/RESET_B                         0.750000    1.226490   -0.476490 (VIOLATED)
_20967_/RESET_B                         0.750000    1.226228   -0.476228 (VIOLATED)
_20966_/RESET_B                         0.750000    1.226203   -0.476203 (VIOLATED)
_21016_/RESET_B                         0.750000    1.225595   -0.475595 (VIOLATED)
_20982_/RESET_B                         0.750000    1.224768   -0.474768 (VIOLATED)
_20965_/RESET_B                         0.750000    1.223218   -0.473218 (VIOLATED)
_21046_/RESET_B                         0.750000    1.221718   -0.471718 (VIOLATED)
_20983_/RESET_B                         0.750000    1.220145   -0.470145 (VIOLATED)
_21047_/RESET_B                         0.750000    1.220129   -0.470129 (VIOLATED)
_20936_/RESET_B                         0.750000    1.219595   -0.469595 (VIOLATED)
_20937_/RESET_B                         0.750000    1.218988   -0.468988 (VIOLATED)
_21015_/RESET_B                         0.750000    1.212574   -0.462574 (VIOLATED)
_21001_/RESET_B                         0.750000    1.211944   -0.461944 (VIOLATED)
_20997_/RESET_B                         0.750000    1.209083   -0.459083 (VIOLATED)
_20998_/RESET_B                         0.750000    1.209080   -0.459080 (VIOLATED)
_20999_/RESET_B                         0.750000    1.208995   -0.458995 (VIOLATED)
_21000_/RESET_B                         0.750000    1.208857   -0.458857 (VIOLATED)
_18495_/A0                              0.750000    1.208028   -0.458028 (VIOLATED)
_18780_/A1                              0.750000    1.208023   -0.458023 (VIOLATED)
_18783_/A2                              0.750000    1.208023   -0.458023 (VIOLATED)
_15099_/A2                              0.750000    1.208019   -0.458019 (VIOLATED)
_12490_/A1                              0.750000    1.208016   -0.458016 (VIOLATED)
_19729_/A1                              0.750000    1.208016   -0.458016 (VIOLATED)
_21765_/A                               0.750000    1.208012   -0.458012 (VIOLATED)
_11189_/Y                               0.750000    1.208009   -0.458009 (VIOLATED)
_12252_/B                               0.750000    1.208009   -0.458009 (VIOLATED)
_19006_/A1                              0.750000    1.208009   -0.458009 (VIOLATED)
_17824_/B1                              0.750000    1.206066   -0.456066 (VIOLATED)
_17827_/B1                              0.750000    1.206066   -0.456067 (VIOLATED)
_17816_/B1                              0.750000    1.206066   -0.456066 (VIOLATED)
_17820_/B1                              0.750000    1.206066   -0.456066 (VIOLATED)
_17813_/B1                              0.750000    1.206065   -0.456065 (VIOLATED)
_17809_/B1                              0.750000    1.206064   -0.456064 (VIOLATED)
_17805_/B1                              0.750000    1.206063   -0.456063 (VIOLATED)
_17801_/B1                              0.750000    1.206059   -0.456059 (VIOLATED)
_17797_/B1                              0.750000    1.206058   -0.456058 (VIOLATED)
_17793_/B1                              0.750000    1.206056   -0.456056 (VIOLATED)
_17789_/B1                              0.750000    1.206054   -0.456054 (VIOLATED)
_17785_/B1                              0.750000    1.206053   -0.456053 (VIOLATED)
_17781_/B1                              0.750000    1.206052   -0.456052 (VIOLATED)
_17777_/B1                              0.750000    1.206050   -0.456050 (VIOLATED)
_17831_/B1                              0.750000    1.206050   -0.456050 (VIOLATED)
_17835_/B1                              0.750000    1.206050   -0.456050 (VIOLATED)
_17773_/B1                              0.750000    1.206049   -0.456049 (VIOLATED)
_17838_/B1                              0.750000    1.206050   -0.456050 (VIOLATED)
_17842_/B1                              0.750000    1.206050   -0.456050 (VIOLATED)
_17846_/B1                              0.750000    1.206049   -0.456049 (VIOLATED)
_17849_/B1                              0.750000    1.206049   -0.456049 (VIOLATED)
_17853_/B1                              0.750000    1.206048   -0.456048 (VIOLATED)
_17765_/B1                              0.750000    1.206048   -0.456048 (VIOLATED)
_17769_/B1                              0.750000    1.206048   -0.456048 (VIOLATED)
_17856_/B1                              0.750000    1.206046   -0.456046 (VIOLATED)
_17861_/B1                              0.750000    1.206046   -0.456046 (VIOLATED)
_17757_/Y                               0.750000    1.206043   -0.456043 (VIOLATED)
_17761_/B1                              0.750000    1.206043   -0.456043 (VIOLATED)
_17865_/B1                              0.750000    1.206043   -0.456043 (VIOLATED)
_17869_/B1                              0.750000    1.206043   -0.456043 (VIOLATED)
_17873_/B1                              0.750000    1.206043   -0.456043 (VIOLATED)
_20964_/RESET_B                         0.750000    1.205952   -0.455952 (VIOLATED)
_21029_/RESET_B                         0.750000    1.205412   -0.455412 (VIOLATED)
_21028_/RESET_B                         0.750000    1.205366   -0.455367 (VIOLATED)
_21027_/RESET_B                         0.750000    1.205334   -0.455334 (VIOLATED)
_10729_/B1                              0.750000    1.204898   -0.454898 (VIOLATED)
_11912_/B1                              0.750000    1.204898   -0.454898 (VIOLATED)
_10917_/B1                              0.750000    1.204895   -0.454895 (VIOLATED)
_10382_/B1                              0.750000    1.204894   -0.454894 (VIOLATED)
_11360_/B1                              0.750000    1.204888   -0.454888 (VIOLATED)
_11298_/B1                              0.750000    1.204885   -0.454885 (VIOLATED)
_10543_/B1                              0.750000    1.204881   -0.454881 (VIOLATED)
_10434_/B1                              0.750000    1.204878   -0.454878 (VIOLATED)
_10501_/A1                              0.750000    1.204875   -0.454875 (VIOLATED)
_11546_/B1                              0.750000    1.204875   -0.454875 (VIOLATED)
_10797_/B1                              0.750000    1.204872   -0.454872 (VIOLATED)
_10672_/B1                              0.750000    1.204872   -0.454872 (VIOLATED)
_11841_/B1                              0.750000    1.204870   -0.454870 (VIOLATED)
_11963_/B1                              0.750000    1.204870   -0.454870 (VIOLATED)
_11479_/B1                              0.750000    1.204866   -0.454866 (VIOLATED)
_11606_/B1                              0.750000    1.204865   -0.454865 (VIOLATED)
_11041_/B1                              0.750000    1.204863   -0.454863 (VIOLATED)
_11661_/B1                              0.750000    1.204860   -0.454860 (VIOLATED)
_11718_/B1                              0.750000    1.204860   -0.454860 (VIOLATED)
_11104_/B1                              0.750000    1.204858   -0.454858 (VIOLATED)
_11229_/B1                              0.750000    1.204858   -0.454858 (VIOLATED)
_11170_/A1                              0.750000    1.204857   -0.454857 (VIOLATED)
_11788_/B1                              0.750000    1.204858   -0.454858 (VIOLATED)
_10264_/B1                              0.750000    1.204857   -0.454857 (VIOLATED)
_11424_/B1                              0.750000    1.204854   -0.454854 (VIOLATED)
_10863_/B1                              0.750000    1.204852   -0.454852 (VIOLATED)
_10982_/B1                              0.750000    1.204851   -0.454851 (VIOLATED)
_10206_/B1                              0.750000    1.204846   -0.454846 (VIOLATED)
_10148_/B1                              0.750000    1.204845   -0.454845 (VIOLATED)
_10141_/Y                               0.750000    1.204843   -0.454843 (VIOLATED)
_10336_/B1                              0.750000    1.204843   -0.454843 (VIOLATED)
_20959_/RESET_B                         0.750000    1.204580   -0.454580 (VIOLATED)
_20963_/RESET_B                         0.750000    1.204147   -0.454147 (VIOLATED)
_20958_/RESET_B                         0.750000    1.201232   -0.451232 (VIOLATED)
_20962_/RESET_B                         0.750000    1.194282   -0.444282 (VIOLATED)
_20957_/RESET_B                         0.750000    1.188856   -0.438856 (VIOLATED)
_20956_/RESET_B                         0.750000    1.186589   -0.436589 (VIOLATED)
_21026_/RESET_B                         0.750000    1.183702   -0.433702 (VIOLATED)
_14323_/S                               0.750000    1.181854   -0.431854 (VIOLATED)
_14647_/S                               0.750000    1.181853   -0.431853 (VIOLATED)
_14535_/S                               0.750000    1.181840   -0.431840 (VIOLATED)
_13972_/S                               0.750000    1.181797   -0.431797 (VIOLATED)
_15517_/S                               0.750000    1.181770   -0.431770 (VIOLATED)
_14431_/S                               0.750000    1.181760   -0.431760 (VIOLATED)
_14995_/S                               0.750000    1.181731   -0.431731 (VIOLATED)
_15214_/S                               0.750000    1.181721   -0.431721 (VIOLATED)
_15103_/S                               0.750000    1.181668   -0.431668 (VIOLATED)
_15615_/S                               0.750000    1.181646   -0.431646 (VIOLATED)
_15905_/S                               0.750000    1.181645   -0.431645 (VIOLATED)
_16356_/S                               0.750000    1.181623   -0.431623 (VIOLATED)
_14762_/S                               0.750000    1.181569   -0.431569 (VIOLATED)
_14229_/S                               0.750000    1.181568   -0.431568 (VIOLATED)
_14886_/S                               0.750000    1.181559   -0.431559 (VIOLATED)
_16088_/S                               0.750000    1.181558   -0.431558 (VIOLATED)
_15991_/S                               0.750000    1.181557   -0.431557 (VIOLATED)
_13737_/S                               0.750000    1.181556   -0.431556 (VIOLATED)
_15810_/S                               0.750000    1.181551   -0.431551 (VIOLATED)
_16178_/S                               0.750000    1.181544   -0.431544 (VIOLATED)
_13608_/S                               0.750000    1.181535   -0.431535 (VIOLATED)
_13811_/S                               0.750000    1.181530   -0.431530 (VIOLATED)
_13889_/S                               0.750000    1.181529   -0.431529 (VIOLATED)
_13469_/S                               0.750000    1.181525   -0.431525 (VIOLATED)
_13544_/S                               0.750000    1.181517   -0.431517 (VIOLATED)
_16269_/S                               0.750000    1.181511   -0.431511 (VIOLATED)
_13673_/S                               0.750000    1.181502   -0.431502 (VIOLATED)
_14052_/S                               0.750000    1.181497   -0.431497 (VIOLATED)
_15714_/S                               0.750000    1.181471   -0.431471 (VIOLATED)
_15418_/S                               0.750000    1.181470   -0.431470 (VIOLATED)
_14137_/S                               0.750000    1.181454   -0.431454 (VIOLATED)
_13307_/X                               0.750000    1.181444   -0.431444 (VIOLATED)
_15323_/S                               0.750000    1.181444   -0.431444 (VIOLATED)
_20955_/RESET_B                         0.750000    1.179050   -0.429050 (VIOLATED)
_21025_/RESET_B                         0.750000    1.176057   -0.426057 (VIOLATED)
_17311_/S                               0.750000    1.176006   -0.426006 (VIOLATED)
_17314_/S                               0.750000    1.176004   -0.426004 (VIOLATED)
_17313_/S                               0.750000    1.175995   -0.425995 (VIOLATED)
_17307_/S                               0.750000    1.175955   -0.425955 (VIOLATED)
_17322_/S                               0.750000    1.175928   -0.425928 (VIOLATED)
_17312_/S                               0.750000    1.175918   -0.425918 (VIOLATED)
_17327_/S                               0.750000    1.175913   -0.425913 (VIOLATED)
_17328_/S                               0.750000    1.175911   -0.425911 (VIOLATED)
_17315_/S                               0.750000    1.175902   -0.425902 (VIOLATED)
_17317_/S                               0.750000    1.175896   -0.425896 (VIOLATED)
_17319_/S                               0.750000    1.175888   -0.425888 (VIOLATED)
_17310_/S                               0.750000    1.175886   -0.425886 (VIOLATED)
_17323_/S                               0.750000    1.175851   -0.425851 (VIOLATED)
_17318_/S                               0.750000    1.175838   -0.425838 (VIOLATED)
_17326_/S                               0.750000    1.175831   -0.425831 (VIOLATED)
_17331_/S                               0.750000    1.175796   -0.425796 (VIOLATED)
_17316_/S                               0.750000    1.175758   -0.425758 (VIOLATED)
_17306_/S                               0.750000    1.175748   -0.425748 (VIOLATED)
_17303_/S                               0.750000    1.175741   -0.425741 (VIOLATED)
_17325_/S                               0.750000    1.175739   -0.425739 (VIOLATED)
_17305_/S                               0.750000    1.175737   -0.425737 (VIOLATED)
_17329_/S                               0.750000    1.175737   -0.425737 (VIOLATED)
_17302_/S                               0.750000    1.175734   -0.425734 (VIOLATED)
_17300_/S                               0.750000    1.175731   -0.425731 (VIOLATED)
_17304_/S                               0.750000    1.175731   -0.425731 (VIOLATED)
_17301_/S                               0.750000    1.175725   -0.425725 (VIOLATED)
_17330_/S                               0.750000    1.175722   -0.425722 (VIOLATED)
_17308_/S                               0.750000    1.175713   -0.425713 (VIOLATED)
_17324_/S                               0.750000    1.175698   -0.425698 (VIOLATED)
_17321_/S                               0.750000    1.175697   -0.425697 (VIOLATED)
_17309_/S                               0.750000    1.175684   -0.425684 (VIOLATED)
_17320_/S                               0.750000    1.175679   -0.425679 (VIOLATED)
_17299_/X                               0.750000    1.175676   -0.425676 (VIOLATED)
_17278_/S                               0.750000    1.172033   -0.422033 (VIOLATED)
_17281_/S                               0.750000    1.172031   -0.422031 (VIOLATED)
_17280_/S                               0.750000    1.172013   -0.422013 (VIOLATED)
_17277_/S                               0.750000    1.172001   -0.422001 (VIOLATED)
_17292_/S                               0.750000    1.171998   -0.421998 (VIOLATED)
_17294_/S                               0.750000    1.171996   -0.421996 (VIOLATED)
_17295_/S                               0.750000    1.171992   -0.421992 (VIOLATED)
_17282_/S                               0.750000    1.171971   -0.421971 (VIOLATED)
_17274_/S                               0.750000    1.171959   -0.421959 (VIOLATED)
_17290_/S                               0.750000    1.171895   -0.421895 (VIOLATED)
_17296_/S                               0.750000    1.171851   -0.421851 (VIOLATED)
_17291_/S                               0.750000    1.171843   -0.421843 (VIOLATED)
_17283_/S                               0.750000    1.171834   -0.421834 (VIOLATED)
_17273_/S                               0.750000    1.171821   -0.421821 (VIOLATED)
_17272_/S                               0.750000    1.171782   -0.421782 (VIOLATED)
_17279_/S                               0.750000    1.171775   -0.421775 (VIOLATED)
_17289_/S                               0.750000    1.171774   -0.421774 (VIOLATED)
_17284_/S                               0.750000    1.171769   -0.421769 (VIOLATED)
_17293_/S                               0.750000    1.171765   -0.421765 (VIOLATED)
_17286_/S                               0.750000    1.171761   -0.421761 (VIOLATED)
_17285_/S                               0.750000    1.171747   -0.421747 (VIOLATED)
_17298_/S                               0.750000    1.171724   -0.421724 (VIOLATED)
_17271_/S                               0.750000    1.171706   -0.421706 (VIOLATED)
_17269_/S                               0.750000    1.171629   -0.421629 (VIOLATED)
_17297_/S                               0.750000    1.171628   -0.421628 (VIOLATED)
_17267_/S                               0.750000    1.171623   -0.421623 (VIOLATED)
_17268_/S                               0.750000    1.171618   -0.421618 (VIOLATED)
_17275_/S                               0.750000    1.171609   -0.421609 (VIOLATED)
_17288_/S                               0.750000    1.171599   -0.421599 (VIOLATED)
_17270_/S                               0.750000    1.171587   -0.421587 (VIOLATED)
_17287_/S                               0.750000    1.171581   -0.421581 (VIOLATED)
_17276_/S                               0.750000    1.171579   -0.421579 (VIOLATED)
_17266_/X                               0.750000    1.171547   -0.421547 (VIOLATED)
_20960_/RESET_B                         0.750000    1.170871   -0.420872 (VIOLATED)
_20961_/RESET_B                         0.750000    1.170837   -0.420837 (VIOLATED)
_12538_/A1                              0.750000    1.170103   -0.420103 (VIOLATED)
_19738_/A1                              0.750000    1.170098   -0.420098 (VIOLATED)
_18516_/A0                              0.750000    1.170095   -0.420095 (VIOLATED)
_18844_/A1                              0.750000    1.170092   -0.420092 (VIOLATED)
_18847_/A2                              0.750000    1.170092   -0.420092 (VIOLATED)
_15987_/A2                              0.750000    1.170090   -0.420090 (VIOLATED)
_21774_/A                               0.750000    1.170085   -0.420085 (VIOLATED)
_11745_/Y                               0.750000    1.170083   -0.420083 (VIOLATED)
_12250_/D                               0.750000    1.170083   -0.420083 (VIOLATED)
_19025_/A1                              0.750000    1.170083   -0.420083 (VIOLATED)
_12463_/A1                              0.750000    1.168568   -0.418568 (VIOLATED)
_19724_/A1                              0.750000    1.168567   -0.418567 (VIOLATED)
_20952_/RESET_B                         0.750000    1.168567   -0.418567 (VIOLATED)
_18483_/A0                              0.750000    1.168551   -0.418551 (VIOLATED)
_20953_/RESET_B                         0.750000    1.168547   -0.418547 (VIOLATED)
_18744_/A1                              0.750000    1.168531   -0.418531 (VIOLATED)
_18747_/A2                              0.750000    1.168532   -0.418532 (VIOLATED)
_21760_/A                               0.750000    1.168530   -0.418530 (VIOLATED)
_12253_/D                               0.750000    1.168526   -0.418526 (VIOLATED)
_14525_/A2                              0.750000    1.168523   -0.418523 (VIOLATED)
_12249_/X                               0.750000    1.168509   -0.418509 (VIOLATED)
_18996_/A1                              0.750000    1.168509   -0.418509 (VIOLATED)
_20954_/RESET_B                         0.750000    1.168484   -0.418484 (VIOLATED)
_16676_/S                               0.750000    1.168434   -0.418434 (VIOLATED)
_16679_/S                               0.750000    1.168434   -0.418434 (VIOLATED)
_16693_/S                               0.750000    1.168426   -0.418426 (VIOLATED)
_16692_/S                               0.750000    1.168404   -0.418404 (VIOLATED)
_16694_/S                               0.750000    1.168375   -0.418375 (VIOLATED)
_16690_/S                               0.750000    1.168374   -0.418374 (VIOLATED)
_16678_/S                               0.750000    1.168347   -0.418347 (VIOLATED)
_16675_/S                               0.750000    1.168342   -0.418342 (VIOLATED)
_16680_/S                               0.750000    1.168332   -0.418332 (VIOLATED)
_16684_/S                               0.750000    1.168325   -0.418325 (VIOLATED)
_16672_/S                               0.750000    1.168324   -0.418324 (VIOLATED)
_16682_/S                               0.750000    1.168324   -0.418324 (VIOLATED)
_16687_/S                               0.750000    1.168319   -0.418319 (VIOLATED)
_16677_/S                               0.750000    1.168313   -0.418313 (VIOLATED)
_16681_/S                               0.750000    1.168310   -0.418310 (VIOLATED)
_16691_/S                               0.750000    1.168293   -0.418293 (VIOLATED)
_16683_/S                               0.750000    1.168283   -0.418283 (VIOLATED)
_16689_/S                               0.750000    1.168278   -0.418278 (VIOLATED)
_16696_/S                               0.750000    1.168262   -0.418262 (VIOLATED)
_16688_/S                               0.750000    1.168211   -0.418210 (VIOLATED)
_16671_/S                               0.750000    1.168204   -0.418204 (VIOLATED)
_16670_/S                               0.750000    1.168096   -0.418096 (VIOLATED)
_16668_/S                               0.750000    1.167998   -0.417998 (VIOLATED)
_16667_/S                               0.750000    1.167978   -0.417978 (VIOLATED)
_16695_/S                               0.750000    1.167975   -0.417975 (VIOLATED)
_16665_/S                               0.750000    1.167974   -0.417974 (VIOLATED)
_16666_/S                               0.750000    1.167972   -0.417972 (VIOLATED)
_16673_/S                               0.750000    1.167969   -0.417969 (VIOLATED)
_16669_/S                               0.750000    1.167964   -0.417964 (VIOLATED)
_16685_/S                               0.750000    1.167961   -0.417961 (VIOLATED)
_16686_/S                               0.750000    1.167960   -0.417960 (VIOLATED)
_16674_/S                               0.750000    1.167950   -0.417950 (VIOLATED)
_16664_/X                               0.750000    1.167948   -0.417948 (VIOLATED)
_17179_/S                               0.750000    1.167229   -0.417229 (VIOLATED)
_17182_/S                               0.750000    1.167224   -0.417224 (VIOLATED)
_17195_/S                               0.750000    1.167215   -0.417215 (VIOLATED)
_17181_/S                               0.750000    1.167212   -0.417212 (VIOLATED)
_17193_/S                               0.750000    1.167211   -0.417211 (VIOLATED)
_17170_/S                               0.750000    1.167201   -0.417201 (VIOLATED)
_17198_/S                               0.750000    1.167198   -0.417198 (VIOLATED)
_17197_/S                               0.750000    1.167195   -0.417195 (VIOLATED)
_17178_/S                               0.750000    1.167191   -0.417191 (VIOLATED)
_17175_/S                               0.750000    1.167160   -0.417160 (VIOLATED)
_17192_/S                               0.750000    1.167140   -0.417140 (VIOLATED)
_17184_/S                               0.750000    1.167115   -0.417115 (VIOLATED)
_17190_/S                               0.750000    1.167108   -0.417108 (VIOLATED)
_17180_/S                               0.750000    1.167103   -0.417103 (VIOLATED)
_17196_/S                               0.750000    1.167100   -0.417100 (VIOLATED)
_17183_/S                               0.750000    1.167094   -0.417094 (VIOLATED)
_17185_/S                               0.750000    1.167081   -0.417080 (VIOLATED)
_17187_/S                               0.750000    1.167079   -0.417079 (VIOLATED)
_17194_/S                               0.750000    1.167079   -0.417079 (VIOLATED)
_17191_/S                               0.750000    1.167058   -0.417058 (VIOLATED)
_17174_/S                               0.750000    1.167042   -0.417042 (VIOLATED)
_17186_/S                               0.750000    1.167031   -0.417031 (VIOLATED)
_17173_/S                               0.750000    1.166992   -0.416992 (VIOLATED)
_17199_/S                               0.750000    1.166976   -0.416976 (VIOLATED)
_17172_/S                               0.750000    1.166899   -0.416899 (VIOLATED)
_17168_/S                               0.750000    1.166809   -0.416809 (VIOLATED)
_17169_/S                               0.750000    1.166805   -0.416805 (VIOLATED)
_17176_/S                               0.750000    1.166801   -0.416801 (VIOLATED)
_17189_/S                               0.750000    1.166793   -0.416793 (VIOLATED)
_17177_/S                               0.750000    1.166775   -0.416775 (VIOLATED)
_17171_/S                               0.750000    1.166754   -0.416754 (VIOLATED)
_17188_/S                               0.750000    1.166741   -0.416741 (VIOLATED)
_17167_/X                               0.750000    1.166697   -0.416697 (VIOLATED)
_19721_/A1                              0.750000    1.162808   -0.412808 (VIOLATED)
_12446_/A1                              0.750000    1.162808   -0.412808 (VIOLATED)
_18476_/A0                              0.750000    1.162807   -0.412807 (VIOLATED)
_21757_/A                               0.750000    1.162807   -0.412807 (VIOLATED)
_18723_/A1                              0.750000    1.162806   -0.412806 (VIOLATED)
_18726_/A2                              0.750000    1.162806   -0.412806 (VIOLATED)
_12251_/C                               0.750000    1.162803   -0.412803 (VIOLATED)
_12226_/Y                               0.750000    1.162799   -0.412799 (VIOLATED)
_14219_/A2                              0.750000    1.162799   -0.412799 (VIOLATED)
_18990_/A1                              0.750000    1.162799   -0.412799 (VIOLATED)
_19741_/A1                              0.750000    1.159274   -0.409274 (VIOLATED)
_12554_/A1                              0.750000    1.159272   -0.409272 (VIOLATED)
_16265_/A2                              0.750000    1.159262   -0.409262 (VIOLATED)
_12257_/B                               0.750000    1.159257   -0.409257 (VIOLATED)
_21777_/A                               0.750000    1.159255   -0.409255 (VIOLATED)
_19031_/A1                              0.750000    1.159250   -0.409250 (VIOLATED)
_18522_/A0                              0.750000    1.159237   -0.409237 (VIOLATED)
_11925_/X                               0.750000    1.159235   -0.409236 (VIOLATED)
_18865_/A1                              0.750000    1.159235   -0.409236 (VIOLATED)
_18868_/A2                              0.750000    1.159235   -0.409236 (VIOLATED)
_17047_/S                               0.750000    1.158903   -0.408903 (VIOLATED)
_17050_/S                               0.750000    1.158904   -0.408904 (VIOLATED)
_17064_/S                               0.750000    1.158893   -0.408893 (VIOLATED)
_17063_/S                               0.750000    1.158868   -0.408868 (VIOLATED)
_17043_/S                               0.750000    1.158844   -0.408845 (VIOLATED)
_17055_/S                               0.750000    1.158841   -0.408841 (VIOLATED)
_17053_/S                               0.750000    1.158838   -0.408838 (VIOLATED)
_17058_/S                               0.750000    1.158837   -0.408837 (VIOLATED)
_17049_/S                               0.750000    1.158826   -0.408826 (VIOLATED)
_17048_/S                               0.750000    1.158823   -0.408823 (VIOLATED)
_17046_/S                               0.750000    1.158822   -0.408822 (VIOLATED)
_17051_/S                               0.750000    1.158802   -0.408802 (VIOLATED)
_17062_/S                               0.750000    1.158795   -0.408795 (VIOLATED)
_21024_/RESET_B                         0.750000    1.158782   -0.408782 (VIOLATED)
_17054_/S                               0.750000    1.158776   -0.408776 (VIOLATED)
_17067_/S                               0.750000    1.158745   -0.408745 (VIOLATED)
_17059_/S                               0.750000    1.158634   -0.408634 (VIOLATED)
_17042_/S                               0.750000    1.158487   -0.408487 (VIOLATED)
_17061_/S                               0.750000    1.158486   -0.408486 (VIOLATED)
_17065_/S                               0.750000    1.158485   -0.408485 (VIOLATED)
_17052_/S                               0.750000    1.158473   -0.408473 (VIOLATED)
_17060_/S                               0.750000    1.158454   -0.408454 (VIOLATED)
_17041_/S                               0.750000    1.158302   -0.408302 (VIOLATED)
_17040_/S                               0.750000    1.158249   -0.408249 (VIOLATED)
_17039_/S                               0.750000    1.158155   -0.408155 (VIOLATED)
_17056_/S                               0.750000    1.158141   -0.408141 (VIOLATED)
_17038_/S                               0.750000    1.158106   -0.408106 (VIOLATED)
_17066_/S                               0.750000    1.158102   -0.408102 (VIOLATED)
_17036_/S                               0.750000    1.158098   -0.408098 (VIOLATED)
_17037_/S                               0.750000    1.158094   -0.408094 (VIOLATED)
_17044_/S                               0.750000    1.158085   -0.408085 (VIOLATED)
_17057_/S                               0.750000    1.158067   -0.408067 (VIOLATED)
_17045_/S                               0.750000    1.158067   -0.408067 (VIOLATED)
_17035_/X                               0.750000    1.157992   -0.407992 (VIOLATED)
_12474_/A1                              0.750000    1.157909   -0.407909 (VIOLATED)
_19726_/A1                              0.750000    1.157905   -0.407905 (VIOLATED)
_18488_/A0                              0.750000    1.157880   -0.407880 (VIOLATED)
_18761_/A2                              0.750000    1.157861   -0.407862 (VIOLATED)
_18758_/A1                              0.750000    1.157858   -0.407858 (VIOLATED)
_21762_/A                               0.750000    1.157845   -0.407845 (VIOLATED)
_12253_/A                               0.750000    1.157842   -0.407842 (VIOLATED)
_14757_/A2                              0.750000    1.157831   -0.407831 (VIOLATED)
_11004_/X                               0.750000    1.157829   -0.407829 (VIOLATED)
_19000_/A1                              0.750000    1.157829   -0.407829 (VIOLATED)
_18486_/A1                              0.750000    1.153065   -0.403065 (VIOLATED)
_18754_/A2                              0.750000    1.153060   -0.403060 (VIOLATED)
_18751_/A1                              0.750000    1.153060   -0.403060 (VIOLATED)
_12468_/A1                              0.750000    1.153057   -0.403057 (VIOLATED)
_19725_/A1                              0.750000    1.153057   -0.403057 (VIOLATED)
_21761_/A                               0.750000    1.153055   -0.403055 (VIOLATED)
_12252_/A                               0.750000    1.153053   -0.403053 (VIOLATED)
_14637_/A2                              0.750000    1.153051   -0.403051 (VIOLATED)
_18998_/A1                              0.750000    1.153051   -0.403051 (VIOLATED)
_10943_/Y                               0.750000    1.153050   -0.403050 (VIOLATED)
_14011_/A2                              0.750000    1.150953   -0.400953 (VIOLATED)
_14010_/B                               0.750000    1.150952   -0.400952 (VIOLATED)
_14012_/A2                              0.750000    1.150952   -0.400952 (VIOLATED)
_14384_/C1                              0.750000    1.150952   -0.400952 (VIOLATED)
_14487_/C1                              0.750000    1.150952   -0.400952 (VIOLATED)
_14281_/S                               0.750000    1.150950   -0.400950 (VIOLATED)
_14095_/S                               0.750000    1.150948   -0.400948 (VIOLATED)
_13523_/B1                              0.750000    1.150937   -0.400937 (VIOLATED)
_13772_/S                               0.750000    1.150933   -0.400933 (VIOLATED)
_14182_/A2                              0.750000    1.150929   -0.400929 (VIOLATED)
_14183_/A2                              0.750000    1.150927   -0.400927 (VIOLATED)
_13845_/A2                              0.750000    1.150909   -0.400909 (VIOLATED)
_13846_/A2                              0.750000    1.150910   -0.400910 (VIOLATED)
_13675_/S                               0.750000    1.150901   -0.400901 (VIOLATED)
_13645_/A2                              0.750000    1.150884   -0.400884 (VIOLATED)
_13646_/A2                              0.750000    1.150882   -0.400882 (VIOLATED)
_13644_/C1                              0.750000    1.150873   -0.400873 (VIOLATED)
_13595_/B1                              0.750000    1.150872   -0.400872 (VIOLATED)
_14718_/A3                              0.750000    1.150863   -0.400863 (VIOLATED)
_13773_/S                               0.750000    1.150862   -0.400862 (VIOLATED)
_14282_/S                               0.750000    1.150862   -0.400862 (VIOLATED)
_13929_/A2                              0.750000    1.150855   -0.400855 (VIOLATED)
_13930_/A2                              0.750000    1.150855   -0.400855 (VIOLATED)
_13676_/S                               0.750000    1.150850   -0.400850 (VIOLATED)
_13596_/A2                              0.750000    1.150849   -0.400849 (VIOLATED)
_13597_/A2                              0.750000    1.150846   -0.400846 (VIOLATED)
_13448_/A2                              0.750000    1.150756   -0.400756 (VIOLATED)
_13447_/A2                              0.750000    1.150748   -0.400748 (VIOLATED)
_13910_/A2                              0.750000    1.150735   -0.400736 (VIOLATED)
_14063_/A2                              0.750000    1.150735   -0.400735 (VIOLATED)
_14151_/A2                              0.750000    1.150730   -0.400730 (VIOLATED)
_14242_/A2                              0.750000    1.150719   -0.400719 (VIOLATED)
_13829_/A2                              0.750000    1.150704   -0.400704 (VIOLATED)
_14341_/A2                              0.750000    1.150698   -0.400698 (VIOLATED)
_13588_/A2                              0.750000    1.150692   -0.400692 (VIOLATED)
_14599_/A2                              0.750000    1.150689   -0.400689 (VIOLATED)
_14600_/A2                              0.750000    1.150689   -0.400689 (VIOLATED)
_14796_/A                               0.750000    1.150686   -0.400686 (VIOLATED)
_14797_/A                               0.750000    1.150686   -0.400686 (VIOLATED)
_13533_/A2                              0.750000    1.150684   -0.400684 (VIOLATED)
_13445_/X                               0.750000    1.150680   -0.400681 (VIOLATED)
_14669_/A2                              0.750000    1.150680   -0.400681 (VIOLATED)
_21023_/RESET_B                         0.750000    1.150375   -0.400375 (VIOLATED)
_17410_/B1                              0.750000    1.147941   -0.397941 (VIOLATED)
_17413_/B1                              0.750000    1.147942   -0.397942 (VIOLATED)
_17417_/B1                              0.750000    1.147941   -0.397941 (VIOLATED)
_17402_/B1                              0.750000    1.147941   -0.397941 (VIOLATED)
_17406_/B1                              0.750000    1.147941   -0.397941 (VIOLATED)
_17421_/B1                              0.750000    1.147941   -0.397941 (VIOLATED)
_17425_/B1                              0.750000    1.147941   -0.397941 (VIOLATED)
_17398_/B1                              0.750000    1.147940   -0.397940 (VIOLATED)
_17429_/B1                              0.750000    1.147940   -0.397940 (VIOLATED)
_17394_/B1                              0.750000    1.147940   -0.397940 (VIOLATED)
_17440_/B1                              0.750000    1.147940   -0.397940 (VIOLATED)
_17444_/B1                              0.750000    1.147940   -0.397940 (VIOLATED)
_17448_/B1                              0.750000    1.147940   -0.397940 (VIOLATED)
_17452_/B1                              0.750000    1.147940   -0.397940 (VIOLATED)
_17456_/B1                              0.750000    1.147939   -0.397939 (VIOLATED)
_17387_/B1                              0.750000    1.147939   -0.397939 (VIOLATED)
_17390_/A2                              0.750000    1.147939   -0.397939 (VIOLATED)
_17433_/B1                              0.750000    1.147939   -0.397939 (VIOLATED)
_17436_/B1                              0.750000    1.147939   -0.397939 (VIOLATED)
_17459_/B1                              0.750000    1.147939   -0.397939 (VIOLATED)
_17383_/B1                              0.750000    1.147938   -0.397938 (VIOLATED)
_17463_/B1                              0.750000    1.147938   -0.397938 (VIOLATED)
_17375_/B1                              0.750000    1.147937   -0.397937 (VIOLATED)
_17379_/B1                              0.750000    1.147937   -0.397937 (VIOLATED)
_17466_/B1                              0.750000    1.147937   -0.397937 (VIOLATED)
_17371_/Y                               0.750000    1.147935   -0.397935 (VIOLATED)
_17470_/B1                              0.750000    1.147935   -0.397935 (VIOLATED)
_17474_/B1                              0.750000    1.147935   -0.397935 (VIOLATED)
_17478_/B1                              0.750000    1.147935   -0.397935 (VIOLATED)
_17482_/B1                              0.750000    1.147935   -0.397935 (VIOLATED)
_17486_/B1                              0.750000    1.147935   -0.397935 (VIOLATED)
_17490_/B1                              0.750000    1.147935   -0.397935 (VIOLATED)
_13462_/Y                               0.750000    1.147355   -0.397355 (VIOLATED)
_13464_/C1                              0.750000    1.147355   -0.397355 (VIOLATED)
_13539_/B1                              0.750000    1.147355   -0.397355 (VIOLATED)
_13603_/B1                              0.750000    1.147355   -0.397355 (VIOLATED)
_13668_/B1                              0.750000    1.147355   -0.397355 (VIOLATED)
_13707_/B1                              0.750000    1.147355   -0.397355 (VIOLATED)
_13789_/B1                              0.750000    1.147355   -0.397355 (VIOLATED)
_13867_/B1                              0.750000    1.147355   -0.397355 (VIOLATED)
_13952_/B1                              0.750000    1.147355   -0.397355 (VIOLATED)
_14027_/B1                              0.750000    1.147355   -0.397355 (VIOLATED)
_14117_/B1                              0.750000    1.147355   -0.397355 (VIOLATED)
_14208_/B1                              0.750000    1.147355   -0.397355 (VIOLATED)
_14300_/B1                              0.750000    1.147355   -0.397355 (VIOLATED)
_14514_/B1                              0.750000    1.147355   -0.397355 (VIOLATED)
_14625_/B1                              0.750000    1.147355   -0.397355 (VIOLATED)
_14744_/B1                              0.750000    1.147355   -0.397355 (VIOLATED)
_15090_/C1                              0.750000    1.147355   -0.397355 (VIOLATED)
_15309_/C1                              0.750000    1.147355   -0.397355 (VIOLATED)
_15405_/C1                              0.750000    1.147355   -0.397355 (VIOLATED)
_15796_/C1                              0.750000    1.147355   -0.397355 (VIOLATED)
_15976_/B1                              0.750000    1.147355   -0.397355 (VIOLATED)
_18670_/A                               0.750000    1.147355   -0.397355 (VIOLATED)
_18742_/A1                              0.750000    1.147355   -0.397355 (VIOLATED)
_18771_/A1                              0.750000    1.147355   -0.397355 (VIOLATED)
_18821_/A1                              0.750000    1.147355   -0.397355 (VIOLATED)
_18880_/B1                              0.750000    1.147355   -0.397355 (VIOLATED)
_18944_/B2                              0.750000    1.147355   -0.397355 (VIOLATED)
_13412_/S                               0.750000    1.143639   -0.393639 (VIOLATED)
_13488_/S                               0.750000    1.143639   -0.393639 (VIOLATED)
_13489_/S                               0.750000    1.143639   -0.393639 (VIOLATED)
_13493_/S                               0.750000    1.143638   -0.393638 (VIOLATED)
_13425_/A1                              0.750000    1.143638   -0.393638 (VIOLATED)
_13503_/S                               0.750000    1.143638   -0.393638 (VIOLATED)
_13505_/S                               0.750000    1.143638   -0.393638 (VIOLATED)
_13506_/S                               0.750000    1.143638   -0.393638 (VIOLATED)
_13625_/A1                              0.750000    1.143637   -0.393637 (VIOLATED)
_13426_/A1                              0.750000    1.143636   -0.393636 (VIOLATED)
_13435_/A                               0.750000    1.143635   -0.393635 (VIOLATED)
_13438_/A1                              0.750000    1.143635   -0.393635 (VIOLATED)
_13345_/A1                              0.750000    1.143634   -0.393634 (VIOLATED)
_13491_/A                               0.750000    1.143633   -0.393633 (VIOLATED)
_13492_/A1                              0.750000    1.143633   -0.393633 (VIOLATED)
_13496_/S                               0.750000    1.143633   -0.393633 (VIOLATED)
_13498_/S                               0.750000    1.143634   -0.393634 (VIOLATED)
_13509_/S                               0.750000    1.143633   -0.393633 (VIOLATED)
_13512_/S                               0.750000    1.143633   -0.393633 (VIOLATED)
_13513_/S                               0.750000    1.143633   -0.393633 (VIOLATED)
_13510_/S                               0.750000    1.143632   -0.393632 (VIOLATED)
_13326_/B                               0.750000    1.143631   -0.393631 (VIOLATED)
_13327_/A2                              0.750000    1.143631   -0.393631 (VIOLATED)
_10768_/Y                               0.750000    1.143628   -0.393628 (VIOLATED)
_21022_/RESET_B                         0.750000    1.137663   -0.387663 (VIOLATED)
_21021_/RESET_B                         0.750000    1.133478   -0.383478 (VIOLATED)
_11200_/A2                              0.750000    1.123295   -0.373295 (VIOLATED)
_11076_/B1                              0.750000    1.123292   -0.373292 (VIOLATED)
_10228_/B1                              0.750000    1.123281   -0.373281 (VIOLATED)
_11383_/B1                              0.750000    1.123266   -0.373266 (VIOLATED)
_10830_/B1                              0.750000    1.123237   -0.373238 (VIOLATED)
_10125_/B1                              0.750000    1.123196   -0.373196 (VIOLATED)
_09892_/B1                              0.750000    1.123128   -0.373128 (VIOLATED)
_10170_/B1                              0.750000    1.123116   -0.373116 (VIOLATED)
_11748_/B1                              0.750000    1.123076   -0.373076 (VIOLATED)
_10288_/B1                              0.750000    1.123071   -0.373071 (VIOLATED)
_11007_/B1                              0.750000    1.123052   -0.373052 (VIOLATED)
_11633_/B1                              0.750000    1.123051   -0.373051 (VIOLATED)
_11442_/B1                              0.750000    1.123024   -0.373024 (VIOLATED)
_11686_/B1                              0.750000    1.123003   -0.373003 (VIOLATED)
_10404_/B1                              0.750000    1.122998   -0.372999 (VIOLATED)
_11513_/B1                              0.750000    1.122941   -0.372942 (VIOLATED)
_11574_/B1                              0.750000    1.122921   -0.372921 (VIOLATED)
_11805_/B1                              0.750000    1.122885   -0.372885 (VIOLATED)
_11867_/B1                              0.750000    1.122876   -0.372876 (VIOLATED)
_10514_/B1                              0.750000    1.122841   -0.372842 (VIOLATED)
_11263_/A2                              0.750000    1.122834   -0.372834 (VIOLATED)
_10577_/B1                              0.750000    1.122822   -0.372822 (VIOLATED)
_10352_/B1                              0.750000    1.122805   -0.372805 (VIOLATED)
_10634_/B1                              0.750000    1.122797   -0.372797 (VIOLATED)
_11330_/B1                              0.750000    1.122754   -0.372755 (VIOLATED)
_10755_/B                               0.750000    1.122208   -0.372208 (VIOLATED)
_09884_/X                               0.750000    1.122078   -0.372078 (VIOLATED)
_11987_/A                               0.750000    1.122078   -0.372078 (VIOLATED)
_11988_/A                               0.750000    1.122078   -0.372078 (VIOLATED)
_12103_/B                               0.750000    1.122078   -0.372078 (VIOLATED)
_12800_/A1                              0.750000    1.122078   -0.372078 (VIOLATED)
_21020_/RESET_B                         0.750000    1.119035   -0.369035 (VIOLATED)
_21019_/RESET_B                         0.750000    1.110506   -0.360506 (VIOLATED)
_13446_/C                               0.750000    1.105708   -0.355708 (VIOLATED)
_13928_/B1                              0.750000    1.105707   -0.355707 (VIOLATED)
_14717_/B1                              0.750000    1.105705   -0.355705 (VIOLATED)
_13844_/C1                              0.750000    1.105694   -0.355694 (VIOLATED)
_14181_/B1                              0.750000    1.105653   -0.355653 (VIOLATED)
_14598_/B                               0.750000    1.105623   -0.355623 (VIOLATED)
_14385_/A2                              0.750000    1.105619   -0.355619 (VIOLATED)
_14386_/A2                              0.750000    1.105619   -0.355619 (VIOLATED)
_14488_/A2                              0.750000    1.105618   -0.355618 (VIOLATED)
_14489_/A2                              0.750000    1.105618   -0.355618 (VIOLATED)
_13524_/A2                              0.750000    1.105607   -0.355607 (VIOLATED)
_13525_/A2                              0.750000    1.105607   -0.355607 (VIOLATED)
_14719_/A2                              0.750000    1.105574   -0.355574 (VIOLATED)
_14794_/A                               0.750000    1.105555   -0.355555 (VIOLATED)
_14793_/A                               0.750000    1.105553   -0.355553 (VIOLATED)
_13444_/Y                               0.750000    1.105539   -0.355539 (VIOLATED)
_21646_/RESET_B                         0.750000    1.103908   -0.353908 (VIOLATED)
_21644_/RESET_B                         0.750000    1.103896   -0.353896 (VIOLATED)
_21645_/RESET_B                         0.750000    1.103825   -0.353825 (VIOLATED)
_21641_/RESET_B                         0.750000    1.103742   -0.353742 (VIOLATED)
_21640_/RESET_B                         0.750000    1.103740   -0.353740 (VIOLATED)
_21643_/RESET_B                         0.750000    1.103717   -0.353717 (VIOLATED)
_21224_/RESET_B                         0.750000    1.103643   -0.353643 (VIOLATED)
_21227_/RESET_B                         0.750000    1.103613   -0.353613 (VIOLATED)
_21642_/RESET_B                         0.750000    1.103608   -0.353608 (VIOLATED)
_21135_/RESET_B                         0.750000    1.103601   -0.353601 (VIOLATED)
_19807_/RESET_B                         0.750000    1.103586   -0.353586 (VIOLATED)
_21132_/RESET_B                         0.750000    1.103559   -0.353559 (VIOLATED)
_19804_/RESET_B                         0.750000    1.103491   -0.353491 (VIOLATED)
_21223_/RESET_B                         0.750000    1.103428   -0.353428 (VIOLATED)
_21131_/RESET_B                         0.750000    1.103416   -0.353416 (VIOLATED)
_19803_/RESET_B                         0.750000    1.103363   -0.353363 (VIOLATED)
_19805_/RESET_B                         0.750000    1.103239   -0.353239 (VIOLATED)
_21225_/RESET_B                         0.750000    1.103213   -0.353213 (VIOLATED)
_21133_/RESET_B                         0.750000    1.103143   -0.353143 (VIOLATED)
_21720_/RESET_B                         0.750000    1.102959   -0.352959 (VIOLATED)
_21222_/RESET_B                         0.750000    1.102793   -0.352792 (VIOLATED)
_21130_/RESET_B                         0.750000    1.102773   -0.352773 (VIOLATED)
_21221_/RESET_B                         0.750000    1.102633   -0.352633 (VIOLATED)
_21129_/RESET_B                         0.750000    1.102595   -0.352595 (VIOLATED)
_19802_/RESET_B                         0.750000    1.102428   -0.352428 (VIOLATED)
_19801_/RESET_B                         0.750000    1.102425   -0.352425 (VIOLATED)
_21260_/RESET_B                         0.750000    1.102185   -0.352185 (VIOLATED)
_21263_/RESET_B                         0.750000    1.102069   -0.352069 (VIOLATED)
_21261_/RESET_B                         0.750000    1.102037   -0.352037 (VIOLATED)
_19830_/RESET_B                         0.750000    1.101900   -0.351900 (VIOLATED)
_21220_/RESET_B                         0.750000    1.101708   -0.351708 (VIOLATED)
_21128_/RESET_B                         0.750000    1.101699   -0.351699 (VIOLATED)
_19800_/RESET_B                         0.750000    1.101646   -0.351646 (VIOLATED)
_21089_/RESET_B                         0.750000    1.101567   -0.351567 (VIOLATED)
_21181_/RESET_B                         0.750000    1.101547   -0.351547 (VIOLATED)
_21057_/RESET_B                         0.750000    1.101459   -0.351459 (VIOLATED)
_21265_/RESET_B                         0.750000    1.101203   -0.351203 (VIOLATED)
_19832_/RESET_B                         0.750000    1.101195   -0.351195 (VIOLATED)
_21062_/RESET_B                         0.750000    1.101160   -0.351160 (VIOLATED)
_21262_/RESET_B                         0.750000    1.101146   -0.351146 (VIOLATED)
_19829_/RESET_B                         0.750000    1.101135   -0.351135 (VIOLATED)
_12666_/B1                              0.750000    1.101068   -0.351068 (VIOLATED)
_12609_/A                               0.750000    1.101065   -0.351065 (VIOLATED)
_11883_/A                               0.750000    1.101063   -0.351063 (VIOLATED)
_21094_/RESET_B                         0.750000    1.101048   -0.351048 (VIOLATED)
_14600_/A1                              0.750000    1.100999   -0.350999 (VIOLATED)
_14599_/A1                              0.750000    1.100996   -0.350996 (VIOLATED)
_21093_/RESET_B                         0.750000    1.100984   -0.350984 (VIOLATED)
_21096_/RESET_B                         0.750000    1.100937   -0.350937 (VIOLATED)
_21185_/RESET_B                         0.750000    1.100924   -0.350925 (VIOLATED)
_21182_/RESET_B                         0.750000    1.100881   -0.350881 (VIOLATED)
_11916_/A2                              0.750000    1.100854   -0.350854 (VIOLATED)
_21639_/RESET_B                         0.750000    1.100813   -0.350813 (VIOLATED)
_21061_/RESET_B                         0.750000    1.100798   -0.350799 (VIOLATED)
_11884_/B                               0.750000    1.100733   -0.350733 (VIOLATED)
_21183_/RESET_B                         0.750000    1.100477   -0.350477 (VIOLATED)
_11882_/Y                               0.750000    1.100473   -0.350473 (VIOLATED)
_19828_/RESET_B                         0.750000    1.099352   -0.349352 (VIOLATED)
_15735_/A1                              0.750000    1.098811   -0.348811 (VIOLATED)
_15728_/A                               0.750000    1.098811   -0.348811 (VIOLATED)
_15731_/A                               0.750000    1.098811   -0.348811 (VIOLATED)
_15730_/A1                              0.750000    1.098810   -0.348810 (VIOLATED)
_15456_/A_N                             0.750000    1.098803   -0.348803 (VIOLATED)
_15645_/A                               0.750000    1.098803   -0.348803 (VIOLATED)
_15554_/B2                              0.750000    1.098803   -0.348803 (VIOLATED)
_15360_/A1                              0.750000    1.098788   -0.348788 (VIOLATED)
_14096_/A                               0.750000    1.098774   -0.348774 (VIOLATED)
_15158_/A                               0.750000    1.098765   -0.348765 (VIOLATED)
_15043_/A2                              0.750000    1.098754   -0.348754 (VIOLATED)
_14938_/B                               0.750000    1.098749   -0.348749 (VIOLATED)
_15363_/B1                              0.750000    1.098744   -0.348744 (VIOLATED)
_15258_/B1                              0.750000    1.098743   -0.348743 (VIOLATED)
_14703_/B1                              0.750000    1.098686   -0.348686 (VIOLATED)
_14832_/B1                              0.750000    1.098686   -0.348686 (VIOLATED)
_14584_/B1                              0.750000    1.098660   -0.348660 (VIOLATED)
_14378_/B                               0.750000    1.098644   -0.348644 (VIOLATED)
_14379_/A2                              0.750000    1.098644   -0.348644 (VIOLATED)
_14480_/A2                              0.750000    1.098644   -0.348644 (VIOLATED)
_14099_/B1                              0.750000    1.098643   -0.348643 (VIOLATED)
_14275_/B                               0.750000    1.098642   -0.348642 (VIOLATED)
_14276_/A2                              0.750000    1.098642   -0.348642 (VIOLATED)
_14095_/X                               0.750000    1.098637   -0.348637 (VIOLATED)
_21257_/RESET_B                         0.750000    1.097611   -0.347611 (VIOLATED)
_21637_/RESET_B                         0.750000    1.097568   -0.347568 (VIOLATED)
_21638_/RESET_B                         0.750000    1.097561   -0.347561 (VIOLATED)
_21226_/RESET_B                         0.750000    1.096478   -0.346478 (VIOLATED)
_21134_/RESET_B                         0.750000    1.096140   -0.346140 (VIOLATED)
_21264_/RESET_B                         0.750000    1.096126   -0.346126 (VIOLATED)
_19806_/RESET_B                         0.750000    1.096113   -0.346113 (VIOLATED)
_21219_/RESET_B                         0.750000    1.093934   -0.343934 (VIOLATED)
_21127_/RESET_B                         0.750000    1.093917   -0.343918 (VIOLATED)
_19799_/RESET_B                         0.750000    1.093886   -0.343886 (VIOLATED)
_21218_/RESET_B                         0.750000    1.093756   -0.343756 (VIOLATED)
_21126_/RESET_B                         0.750000    1.093736   -0.343736 (VIOLATED)
_19798_/RESET_B                         0.750000    1.093721   -0.343721 (VIOLATED)
_19797_/RESET_B                         0.750000    1.093446   -0.343446 (VIOLATED)
_21119_/RESET_B                         0.750000    1.093102   -0.343102 (VIOLATED)
_21208_/RESET_B                         0.750000    1.093085   -0.343085 (VIOLATED)
_21054_/RESET_B                         0.750000    1.092664   -0.342664 (VIOLATED)
_21086_/RESET_B                         0.750000    1.092525   -0.342525 (VIOLATED)
_21255_/RESET_B                         0.750000    1.092491   -0.342491 (VIOLATED)
_21205_/RESET_B                         0.750000    1.092018   -0.342018 (VIOLATED)
_13410_/S                               0.750000    1.091524   -0.341524 (VIOLATED)
_13415_/A                               0.750000    1.091524   -0.341524 (VIOLATED)
_13423_/A                               0.750000    1.091525   -0.341525 (VIOLATED)
_13568_/A1                              0.750000    1.091525   -0.341525 (VIOLATED)
_13574_/S                               0.750000    1.091524   -0.341524 (VIOLATED)
_13711_/A1                              0.750000    1.091525   -0.341525 (VIOLATED)
_13713_/S                               0.750000    1.091525   -0.341525 (VIOLATED)
_13877_/B1                              0.750000    1.091525   -0.341525 (VIOLATED)
_13879_/A1                              0.750000    1.091525   -0.341525 (VIOLATED)
_13881_/S                               0.750000    1.091525   -0.341525 (VIOLATED)
_13416_/A1                              0.750000    1.091524   -0.341524 (VIOLATED)
_13631_/S                               0.750000    1.091522   -0.341522 (VIOLATED)
_13330_/Y                               0.750000    1.091520   -0.341520 (VIOLATED)
_13516_/S                               0.750000    1.091520   -0.341520 (VIOLATED)
_13634_/S                               0.750000    1.091520   -0.341520 (VIOLATED)
_13798_/S                               0.750000    1.091520   -0.341520 (VIOLATED)
_13800_/S                               0.750000    1.091520   -0.341520 (VIOLATED)
_13956_/S                               0.750000    1.091520   -0.341520 (VIOLATED)
_13958_/S                               0.750000    1.091520   -0.341520 (VIOLATED)
_14123_/S0                              0.750000    1.091520   -0.341520 (VIOLATED)
_14753_/A1                              0.750000    1.091520   -0.341520 (VIOLATED)
_19831_/RESET_B                         0.750000    1.091297   -0.341297 (VIOLATED)
_21184_/RESET_B                         0.750000    1.091284   -0.341284 (VIOLATED)
_21116_/RESET_B                         0.750000    1.091206   -0.341206 (VIOLATED)
_21228_/RESET_B                         0.750000    1.091015   -0.341015 (VIOLATED)
_21136_/RESET_B                         0.750000    1.090998   -0.340998 (VIOLATED)
_19808_/RESET_B                         0.750000    1.090974   -0.340974 (VIOLATED)
_21266_/RESET_B                         0.750000    1.090828   -0.340828 (VIOLATED)
_19833_/RESET_B                         0.750000    1.090759   -0.340759 (VIOLATED)
_21017_/RESET_B                         0.750000    1.090637   -0.340637 (VIOLATED)
_21018_/RESET_B                         0.750000    1.090629   -0.340629 (VIOLATED)
_21065_/RESET_B                         0.750000    1.090476   -0.340476 (VIOLATED)
_21097_/RESET_B                         0.750000    1.090321   -0.340321 (VIOLATED)
_21186_/RESET_B                         0.750000    1.090052   -0.340052 (VIOLATED)
_21067_/RESET_B                         0.750000    1.089869   -0.339869 (VIOLATED)
_21099_/RESET_B                         0.750000    1.089847   -0.339848 (VIOLATED)
_19924_/RESET_B                         0.750000    1.089694   -0.339694 (VIOLATED)
_19922_/RESET_B                         0.750000    1.089235   -0.339235 (VIOLATED)
_19925_/RESET_B                         0.750000    1.089165   -0.339165 (VIOLATED)
_21095_/RESET_B                         0.750000    1.088904   -0.338904 (VIOLATED)
_21253_/RESET_B                         0.750000    1.088324   -0.338324 (VIOLATED)
_19923_/RESET_B                         0.750000    1.088028   -0.338028 (VIOLATED)
_19887_/SET_B                           0.750000    1.087288   -0.337289 (VIOLATED)
_15998_/A                               0.750000    1.086733   -0.336733 (VIOLATED)
_15999_/A                               0.750000    1.086733   -0.336733 (VIOLATED)
_16094_/A                               0.750000    1.086733   -0.336733 (VIOLATED)
_16095_/A                               0.750000    1.086733   -0.336733 (VIOLATED)
_15942_/A                               0.750000    1.086731   -0.336731 (VIOLATED)
_15943_/A                               0.750000    1.086731   -0.336731 (VIOLATED)
_16209_/A                               0.750000    1.086731   -0.336731 (VIOLATED)
_16210_/A                               0.750000    1.086731   -0.336731 (VIOLATED)
_16213_/A                               0.750000    1.086731   -0.336731 (VIOLATED)
_15818_/A                               0.750000    1.086729   -0.336729 (VIOLATED)
_15819_/A                               0.750000    1.086728   -0.336728 (VIOLATED)
_15720_/A                               0.750000    1.086726   -0.336726 (VIOLATED)
_15721_/A                               0.750000    1.086725   -0.336725 (VIOLATED)
_15544_/Y                               0.750000    1.086721   -0.336721 (VIOLATED)
_15545_/B1                              0.750000    1.086721   -0.336721 (VIOLATED)
_15546_/C                               0.750000    1.086721   -0.336721 (VIOLATED)
_15637_/A                               0.750000    1.086721   -0.336721 (VIOLATED)
_15779_/A1                              0.750000    1.086721   -0.336721 (VIOLATED)
_19888_/SET_B                           0.750000    1.085749   -0.335749 (VIOLATED)
_21048_/SET_B                           0.750000    1.082013   -0.332013 (VIOLATED)
_21049_/SET_B                           0.750000    1.078624   -0.328624 (VIOLATED)
_12143_/Y                               0.750000    1.077719   -0.327719 (VIOLATED)
_12148_/A                               0.750000    1.077719   -0.327719 (VIOLATED)
_12709_/A2                              0.750000    1.077719   -0.327719 (VIOLATED)
_12738_/A2                              0.750000    1.077719   -0.327719 (VIOLATED)
_12751_/A2                              0.750000    1.077719   -0.327719 (VIOLATED)
_12791_/A2                              0.750000    1.077719   -0.327719 (VIOLATED)
_12817_/B1                              0.750000    1.077719   -0.327719 (VIOLATED)
_12828_/B1                              0.750000    1.077719   -0.327719 (VIOLATED)
_12856_/A2                              0.750000    1.077719   -0.327719 (VIOLATED)
_12993_/A2                              0.750000    1.077719   -0.327719 (VIOLATED)
_13248_/A2                              0.750000    1.077719   -0.327719 (VIOLATED)
_18221_/A1                              0.750000    1.077719   -0.327719 (VIOLATED)
_18222_/A1                              0.750000    1.077719   -0.327719 (VIOLATED)
_11077_/B1                              0.750000    1.076949   -0.326949 (VIOLATED)
_11204_/B1                              0.750000    1.076947   -0.326947 (VIOLATED)
_11010_/B1                              0.750000    1.076944   -0.326944 (VIOLATED)
_10232_/B1                              0.750000    1.076941   -0.326941 (VIOLATED)
_11387_/B1                              0.750000    1.076939   -0.326939 (VIOLATED)
_11638_/D1                              0.750000    1.076934   -0.326934 (VIOLATED)
_11447_/D1                              0.750000    1.076887   -0.326887 (VIOLATED)
_10519_/D1                              0.750000    1.076874   -0.326874 (VIOLATED)
_10589_/A1                              0.750000    1.076874   -0.326874 (VIOLATED)
_10460_/C1                              0.750000    1.076872   -0.326872 (VIOLATED)
_10409_/C1                              0.750000    1.076863   -0.326863 (VIOLATED)
_11506_/A                               0.750000    1.076858   -0.326858 (VIOLATED)
_12157_/A                               0.750000    1.076856   -0.326856 (VIOLATED)
_12128_/A                               0.750000    1.076856   -0.326856 (VIOLATED)
_12138_/A                               0.750000    1.076855   -0.326855 (VIOLATED)
_11264_/B1                              0.750000    1.076851   -0.326851 (VIOLATED)
_21250_/RESET_B                         0.750000    1.076843   -0.326843 (VIOLATED)
_10353_/B1                              0.750000    1.076838   -0.326838 (VIOLATED)
_10834_/B1                              0.750000    1.076823   -0.326823 (VIOLATED)
_10126_/B1                              0.750000    1.076821   -0.326821 (VIOLATED)
_09897_/B1                              0.750000    1.076814   -0.326814 (VIOLATED)
_10174_/B1                              0.750000    1.076813   -0.326813 (VIOLATED)
_10292_/B1                              0.750000    1.076803   -0.326803 (VIOLATED)
_11753_/D1                              0.750000    1.076803   -0.326803 (VIOLATED)
_11336_/A                               0.750000    1.076802   -0.326802 (VIOLATED)
_11129_/C1                              0.750000    1.076798   -0.326798 (VIOLATED)
_11690_/B1                              0.750000    1.076791   -0.326791 (VIOLATED)
_10704_/C1                              0.750000    1.076782   -0.326782 (VIOLATED)
_11576_/B1                              0.750000    1.076779   -0.326779 (VIOLATED)
_11873_/C1                              0.750000    1.076776   -0.326776 (VIOLATED)
_11810_/C1                              0.750000    1.076774   -0.326774 (VIOLATED)
_09845_/Y                               0.750000    1.076768   -0.326768 (VIOLATED)
_10638_/B1                              0.750000    1.076768   -0.326768 (VIOLATED)
_10757_/B1                              0.750000    1.076768   -0.326768 (VIOLATED)
_21213_/RESET_B                         0.750000    1.075178   -0.325178 (VIOLATED)
_19796_/RESET_B                         0.750000    1.074340   -0.324340 (VIOLATED)
_21254_/RESET_B                         0.750000    1.074296   -0.324296 (VIOLATED)
_10540_/A1                              0.750000    1.073995   -0.323995 (VIOLATED)
_10543_/A1                              0.750000    1.073991   -0.323991 (VIOLATED)
_11303_/A                               0.750000    1.073991   -0.323991 (VIOLATED)
_10610_/B2                              0.750000    1.073985   -0.323985 (VIOLATED)
_10500_/A1                              0.750000    1.073972   -0.323972 (VIOLATED)
_11968_/A                               0.750000    1.073936   -0.323936 (VIOLATED)
_11231_/A                               0.750000    1.073917   -0.323917 (VIOLATED)
_10387_/A                               0.750000    1.073898   -0.323898 (VIOLATED)
_11663_/A1                              0.750000    1.073896   -0.323896 (VIOLATED)
_11365_/A                               0.750000    1.073893   -0.323893 (VIOLATED)
_10922_/A1                              0.750000    1.073890   -0.323890 (VIOLATED)
_10663_/B2                              0.750000    1.073888   -0.323888 (VIOLATED)
_10781_/B2                              0.750000    1.073888   -0.323888 (VIOLATED)
_10795_/A                               0.750000    1.073881   -0.323881 (VIOLATED)
_11537_/B1                              0.750000    1.073876   -0.323876 (VIOLATED)
_10729_/A1                              0.750000    1.073867   -0.323867 (VIOLATED)
_11890_/B2                              0.750000    1.073835   -0.323835 (VIOLATED)
_10973_/B2                              0.750000    1.073830   -0.323830 (VIOLATED)
_10976_/A                               0.750000    1.073825   -0.323825 (VIOLATED)
_11152_/S1                              0.750000    1.073792   -0.323792 (VIOLATED)
_11158_/B2                              0.750000    1.073776   -0.323776 (VIOLATED)
_10336_/A1                              0.750000    1.073769   -0.323769 (VIOLATED)
_10337_/A1                              0.750000    1.073763   -0.323763 (VIOLATED)
_11147_/A1                              0.750000    1.073762   -0.323762 (VIOLATED)
_11096_/A1                              0.750000    1.073722   -0.323722 (VIOLATED)
_10255_/B2                              0.750000    1.073721   -0.323721 (VIOLATED)
_10863_/A1                              0.750000    1.073697   -0.323697 (VIOLATED)
_10319_/A                               0.750000    1.073694   -0.323694 (VIOLATED)
_10139_/B2                              0.750000    1.073678   -0.323678 (VIOLATED)
_10134_/B2                              0.750000    1.073671   -0.323671 (VIOLATED)
_11788_/A1                              0.750000    1.073660   -0.323660 (VIOLATED)
_11766_/B2                              0.750000    1.073644   -0.323644 (VIOLATED)
_09839_/Y                               0.750000    1.073589   -0.323589 (VIOLATED)
_10192_/B2                              0.750000    1.073589   -0.323589 (VIOLATED)
_21252_/RESET_B                         0.750000    1.069833   -0.319833 (VIOLATED)
_21214_/SET_B                           0.750000    1.067856   -0.317856 (VIOLATED)
_21251_/SET_B                           0.750000    1.067593   -0.317593 (VIOLATED)
_10541_/C1                              0.750000    1.067257   -0.317257 (VIOLATED)
_10536_/A                               0.750000    1.067255   -0.317255 (VIOLATED)
_10488_/B2                              0.750000    1.067250   -0.317250 (VIOLATED)
_11954_/B1                              0.750000    1.067239   -0.317239 (VIOLATED)
_11088_/B1                              0.750000    1.067238   -0.317238 (VIOLATED)
_11212_/C1                              0.750000    1.067235   -0.317235 (VIOLATED)
_11032_/B1                              0.750000    1.067231   -0.317231 (VIOLATED)
_11656_/C1                              0.750000    1.067219   -0.317219 (VIOLATED)
_11652_/A1                              0.750000    1.067213   -0.317213 (VIOLATED)
_11291_/A                               0.750000    1.067171   -0.317171 (VIOLATED)
_10374_/B1                              0.750000    1.067165   -0.317166 (VIOLATED)
_10618_/A                               0.750000    1.067164   -0.317164 (VIOLATED)
_10596_/C1                              0.750000    1.067145   -0.317145 (VIOLATED)
_11539_/C1                              0.750000    1.067104   -0.317104 (VIOLATED)
_11410_/B1                              0.750000    1.067094   -0.317094 (VIOLATED)
_11897_/B1                              0.750000    1.067076   -0.317076 (VIOLATED)
_11344_/A                               0.750000    1.067070   -0.317070 (VIOLATED)
_10727_/A1                              0.750000    1.067059   -0.317059 (VIOLATED)
_10419_/C1                              0.750000    1.067053   -0.317053 (VIOLATED)
_10424_/C1                              0.750000    1.067053   -0.317053 (VIOLATED)
_10980_/B1                              0.750000    1.067053   -0.317053 (VIOLATED)
_11466_/B1                              0.750000    1.067050   -0.317050 (VIOLATED)
_10904_/A                               0.750000    1.067047   -0.317047 (VIOLATED)
_10777_/C1                              0.750000    1.067042   -0.317042 (VIOLATED)
_11153_/A                               0.750000    1.067039   -0.317040 (VIOLATED)
_10507_/B1                              0.750000    1.067037   -0.317037 (VIOLATED)
_10878_/B1                              0.750000    1.067037   -0.317037 (VIOLATED)
_10448_/B1                              0.750000    1.067037   -0.317037 (VIOLATED)
_10928_/B1                              0.750000    1.067037   -0.317037 (VIOLATED)
_10222_/B1                              0.750000    1.067034   -0.317034 (VIOLATED)
_10279_/B1                              0.750000    1.067033   -0.317033 (VIOLATED)
_10164_/B1                              0.750000    1.067032   -0.317032 (VIOLATED)
_10998_/B1                              0.750000    1.067029   -0.317029 (VIOLATED)
_10664_/C1                              0.750000    1.067028   -0.317028 (VIOLATED)
_11977_/B1                              0.750000    1.067026   -0.317026 (VIOLATED)
_11918_/B1                              0.750000    1.067022   -0.317022 (VIOLATED)
_11858_/B1                              0.750000    1.067018   -0.317018 (VIOLATED)
_11795_/B1                              0.750000    1.067018   -0.317018 (VIOLATED)
_11734_/B1                              0.750000    1.067017   -0.317017 (VIOLATED)
_11676_/B1                              0.750000    1.067012   -0.317012 (VIOLATED)
_11620_/B1                              0.750000    1.067010   -0.317010 (VIOLATED)
_11562_/B1                              0.750000    1.067009   -0.317009 (VIOLATED)
_11833_/B1                              0.750000    1.067006   -0.317006 (VIOLATED)
_11058_/B1                              0.750000    1.067003   -0.317003 (VIOLATED)
_11117_/B1                              0.750000    1.067003   -0.317003 (VIOLATED)
_11177_/B1                              0.750000    1.067003   -0.317003 (VIOLATED)
_11244_/B1                              0.750000    1.067002   -0.317002 (VIOLATED)
_11431_/B1                              0.750000    1.067003   -0.317003 (VIOLATED)
_11310_/B1                              0.750000    1.067002   -0.317002 (VIOLATED)
_11371_/B1                              0.750000    1.067002   -0.317002 (VIOLATED)
_11493_/B1                              0.750000    1.067000   -0.317000 (VIOLATED)
_10099_/Y                               0.750000    1.066999   -0.316999 (VIOLATED)
_10562_/B                               0.750000    1.066999   -0.316999 (VIOLATED)
_10625_/B                               0.750000    1.066999   -0.316999 (VIOLATED)
_10687_/B                               0.750000    1.066999   -0.316999 (VIOLATED)
_10744_/B                               0.750000    1.066999   -0.316999 (VIOLATED)
_11599_/B1                              0.750000    1.066986   -0.316986 (VIOLATED)
_10860_/C1                              0.750000    1.066982   -0.316982 (VIOLATED)
_11714_/B1                              0.750000    1.066947   -0.316947 (VIOLATED)
_10135_/C1                              0.750000    1.066938   -0.316938 (VIOLATED)
_11767_/C1                              0.750000    1.066930   -0.316931 (VIOLATED)
_10073_/A                               0.750000    1.066920   -0.316920 (VIOLATED)
_09838_/Y                               0.750000    1.066911   -0.316911 (VIOLATED)
_10198_/B1                              0.750000    1.066911   -0.316911 (VIOLATED)
_21064_/RESET_B                         0.750000    1.066763   -0.316763 (VIOLATED)
_21248_/RESET_B                         0.750000    1.066713   -0.316713 (VIOLATED)
_21249_/RESET_B                         0.750000    1.066632   -0.316632 (VIOLATED)
_21212_/RESET_B                         0.750000    1.066570   -0.316570 (VIOLATED)
_12544_/A1                              0.750000    1.062696   -0.312696 (VIOLATED)
_19739_/A1                              0.750000    1.062694   -0.312694 (VIOLATED)
_12256_/B                               0.750000    1.062687   -0.312687 (VIOLATED)
_18518_/A0                              0.750000    1.062685   -0.312685 (VIOLATED)
_18851_/A1                              0.750000    1.062681   -0.312681 (VIOLATED)
_18854_/A2                              0.750000    1.062681   -0.312681 (VIOLATED)
_11803_/Y                               0.750000    1.062676   -0.312676 (VIOLATED)
_16084_/A2                              0.750000    1.062676   -0.312676 (VIOLATED)
_19027_/A1                              0.750000    1.062676   -0.312676 (VIOLATED)
_21775_/A                               0.750000    1.062676   -0.312676 (VIOLATED)
_21171_/RESET_B                         0.750000    1.060962   -0.310962 (VIOLATED)
_21170_/RESET_B                         0.750000    1.060582   -0.310582 (VIOLATED)
_09849_/A                               0.750000    1.060580   -0.310580 (VIOLATED)
_10083_/B                               0.750000    1.060580   -0.310580 (VIOLATED)
_12341_/A1                              0.750000    1.060580   -0.310580 (VIOLATED)
_18531_/A1                              0.750000    1.060580   -0.310580 (VIOLATED)
_18533_/A1                              0.750000    1.060580   -0.310580 (VIOLATED)
_18537_/A1                              0.750000    1.060580   -0.310580 (VIOLATED)
_18541_/A1                              0.750000    1.060580   -0.310580 (VIOLATED)
_18543_/A1                              0.750000    1.060580   -0.310580 (VIOLATED)
_18546_/A1                              0.750000    1.060580   -0.310580 (VIOLATED)
_18549_/A1                              0.750000    1.060580   -0.310580 (VIOLATED)
_18552_/A1                              0.750000    1.060580   -0.310580 (VIOLATED)
_18555_/A1                              0.750000    1.060580   -0.310580 (VIOLATED)
_18557_/A1                              0.750000    1.060580   -0.310580 (VIOLATED)
_18559_/A1                              0.750000    1.060580   -0.310580 (VIOLATED)
_18561_/A1                              0.750000    1.060580   -0.310580 (VIOLATED)
_18563_/A1                              0.750000    1.060580   -0.310580 (VIOLATED)
_18565_/A1                              0.750000    1.060580   -0.310580 (VIOLATED)
_18567_/A1                              0.750000    1.060580   -0.310580 (VIOLATED)
_18569_/A1                              0.750000    1.060580   -0.310580 (VIOLATED)
_18571_/A1                              0.750000    1.060580   -0.310580 (VIOLATED)
_18573_/A1                              0.750000    1.060580   -0.310580 (VIOLATED)
_18575_/A1                              0.750000    1.060580   -0.310580 (VIOLATED)
_18577_/A1                              0.750000    1.060580   -0.310580 (VIOLATED)
_18579_/A1                              0.750000    1.060580   -0.310580 (VIOLATED)
_18581_/A1                              0.750000    1.060580   -0.310580 (VIOLATED)
_18583_/A1                              0.750000    1.060580   -0.310580 (VIOLATED)
_18585_/A1                              0.750000    1.060580   -0.310580 (VIOLATED)
_18587_/A1                              0.750000    1.060580   -0.310580 (VIOLATED)
_18589_/A1                              0.750000    1.060580   -0.310580 (VIOLATED)
_18591_/A1                              0.750000    1.060580   -0.310580 (VIOLATED)
_18593_/A1                              0.750000    1.060580   -0.310580 (VIOLATED)
_18595_/A1                              0.750000    1.060580   -0.310580 (VIOLATED)
_18597_/A1                              0.750000    1.060580   -0.310580 (VIOLATED)
_18599_/A1                              0.750000    1.060580   -0.310580 (VIOLATED)
_18601_/A1                              0.750000    1.060580   -0.310580 (VIOLATED)
_18652_/C1                              0.750000    1.060580   -0.310580 (VIOLATED)
_18660_/B2                              0.750000    1.060580   -0.310580 (VIOLATED)
_18668_/B2                              0.750000    1.060580   -0.310580 (VIOLATED)
_18675_/B2                              0.750000    1.060580   -0.310580 (VIOLATED)
_18682_/B2                              0.750000    1.060580   -0.310580 (VIOLATED)
_18690_/B2                              0.750000    1.060580   -0.310580 (VIOLATED)
_18697_/B2                              0.750000    1.060580   -0.310580 (VIOLATED)
_18704_/B2                              0.750000    1.060580   -0.310580 (VIOLATED)
_18711_/B2                              0.750000    1.060580   -0.310580 (VIOLATED)
_18719_/B2                              0.750000    1.060580   -0.310580 (VIOLATED)
_18726_/B2                              0.750000    1.060580   -0.310580 (VIOLATED)
_18733_/B2                              0.750000    1.060580   -0.310580 (VIOLATED)
_18740_/B2                              0.750000    1.060580   -0.310580 (VIOLATED)
_18747_/B2                              0.750000    1.060580   -0.310580 (VIOLATED)
_18754_/B2                              0.750000    1.060580   -0.310580 (VIOLATED)
_18761_/B2                              0.750000    1.060580   -0.310580 (VIOLATED)
_18769_/B2                              0.750000    1.060580   -0.310580 (VIOLATED)
_18776_/B2                              0.750000    1.060580   -0.310580 (VIOLATED)
_18783_/B2                              0.750000    1.060580   -0.310580 (VIOLATED)
_18790_/B2                              0.750000    1.060580   -0.310580 (VIOLATED)
_18797_/B2                              0.750000    1.060580   -0.310580 (VIOLATED)
_18804_/B2                              0.750000    1.060580   -0.310580 (VIOLATED)
_18811_/B2                              0.750000    1.060580   -0.310580 (VIOLATED)
_18819_/B2                              0.750000    1.060580   -0.310580 (VIOLATED)
_18826_/B2                              0.750000    1.060580   -0.310580 (VIOLATED)
_18833_/B2                              0.750000    1.060580   -0.310580 (VIOLATED)
_18840_/B2                              0.750000    1.060580   -0.310580 (VIOLATED)
_18847_/B2                              0.750000    1.060580   -0.310580 (VIOLATED)
_18854_/B2                              0.750000    1.060580   -0.310580 (VIOLATED)
_18861_/B2                              0.750000    1.060580   -0.310580 (VIOLATED)
_18868_/B2                              0.750000    1.060580   -0.310580 (VIOLATED)
_18875_/B2                              0.750000    1.060580   -0.310580 (VIOLATED)
_18879_/A                               0.750000    1.060580   -0.310580 (VIOLATED)
_21712_/Q                               0.750000    1.060580   -0.310580 (VIOLATED)
_21209_/RESET_B                         0.750000    1.059476   -0.309476 (VIOLATED)
_21120_/RESET_B                         0.750000    1.059469   -0.309469 (VIOLATED)
_21174_/RESET_B                         0.750000    1.059392   -0.309392 (VIOLATED)
_21177_/RESET_B                         0.750000    1.059375   -0.309375 (VIOLATED)
_21256_/RESET_B                         0.750000    1.059229   -0.309229 (VIOLATED)
_21176_/RESET_B                         0.750000    1.059161   -0.309161 (VIOLATED)
_21721_/RESET_B                         0.750000    1.059125   -0.309125 (VIOLATED)
_21722_/RESET_B                         0.750000    1.059113   -0.309113 (VIOLATED)
_21723_/RESET_B                         0.750000    1.059109   -0.309109 (VIOLATED)
_21715_/RESET_B                         0.750000    1.058982   -0.308982 (VIOLATED)
_21180_/RESET_B                         0.750000    1.058881   -0.308881 (VIOLATED)
_21707_/RESET_B                         0.750000    1.058828   -0.308828 (VIOLATED)
_21702_/RESET_B                         0.750000    1.058764   -0.308764 (VIOLATED)
_21217_/RESET_B                         0.750000    1.058650   -0.308650 (VIOLATED)
_21125_/RESET_B                         0.750000    1.058643   -0.308643 (VIOLATED)
_21118_/RESET_B                         0.750000    1.058594   -0.308594 (VIOLATED)
_21207_/RESET_B                         0.750000    1.058591   -0.308591 (VIOLATED)
_21700_/RESET_B                         0.750000    1.058519   -0.308519 (VIOLATED)
_21705_/RESET_B                         0.750000    1.058362   -0.308362 (VIOLATED)
_21355_/RESET_B                         0.750000    1.057992   -0.307992 (VIOLATED)
_21172_/RESET_B                         0.750000    1.057336   -0.307337 (VIOLATED)
_21124_/RESET_B                         0.750000    1.057009   -0.307009 (VIOLATED)
_21117_/RESET_B                         0.750000    1.056385   -0.306385 (VIOLATED)
_21206_/RESET_B                         0.750000    1.056263   -0.306263 (VIOLATED)
data_req_o                              0.750000    1.055700   -0.305700 (VIOLATED)
_21050_/RESET_B                         0.750000    1.055358   -0.305358 (VIOLATED)
_12671_/Y                               0.750000    1.055220   -0.305220 (VIOLATED)
_21051_/RESET_B                         0.750000    1.055069   -0.305069 (VIOLATED)
_21090_/RESET_B                         0.750000    1.054382   -0.304382 (VIOLATED)
_21055_/RESET_B                         0.750000    1.054226   -0.304226 (VIOLATED)
_18508_/A1                              0.750000    1.054115   -0.304115 (VIOLATED)
_18816_/A1                              0.750000    1.054112   -0.304112 (VIOLATED)
_18819_/A2                              0.750000    1.054111   -0.304111 (VIOLATED)
_21087_/RESET_B                         0.750000    1.054111   -0.304111 (VIOLATED)
_12516_/A1                              0.750000    1.054110   -0.304110 (VIOLATED)
_19734_/A1                              0.750000    1.054109   -0.304110 (VIOLATED)
_21770_/A                               0.750000    1.054107   -0.304107 (VIOLATED)
_12254_/B                               0.750000    1.054107   -0.304107 (VIOLATED)
_11505_/X                               0.750000    1.054104   -0.304104 (VIOLATED)
_15611_/A2                              0.750000    1.054104   -0.304104 (VIOLATED)
_19016_/A1                              0.750000    1.054104   -0.304104 (VIOLATED)
_10272_/A1                              0.750000    1.053508   -0.303508 (VIOLATED)
_11111_/B1                              0.750000    1.053505   -0.303505 (VIOLATED)
_11235_/B1                              0.750000    1.053503   -0.303503 (VIOLATED)
_11051_/A1                              0.750000    1.053495   -0.303495 (VIOLATED)
_11417_/B1                              0.750000    1.053489   -0.303489 (VIOLATED)
_11670_/A1                              0.750000    1.053486   -0.303486 (VIOLATED)
_11236_/C                               0.750000    1.053482   -0.303482 (VIOLATED)
_11304_/B1                              0.750000    1.053478   -0.303478 (VIOLATED)
_11969_/B1                              0.750000    1.053476   -0.303476 (VIOLATED)
_10501_/B2                              0.750000    1.053463   -0.303463 (VIOLATED)
_10442_/B1                              0.750000    1.053435   -0.303435 (VIOLATED)
_10738_/B1                              0.750000    1.053424   -0.303425 (VIOLATED)
_10791_/B1                              0.750000    1.053424   -0.303424 (VIOLATED)
_10388_/B1                              0.750000    1.053422   -0.303423 (VIOLATED)
_10681_/B1                              0.750000    1.053421   -0.303421 (VIOLATED)
_11905_/B1                              0.750000    1.053421   -0.303421 (VIOLATED)
_11366_/B1                              0.750000    1.053421   -0.303421 (VIOLATED)
_11851_/B1                              0.750000    1.053418   -0.303418 (VIOLATED)
_11555_/B1                              0.750000    1.053415   -0.303415 (VIOLATED)
_11613_/B1                              0.750000    1.053415   -0.303415 (VIOLATED)
_11782_/B1                              0.750000    1.053414   -0.303414 (VIOLATED)
_11728_/A1_N                            0.750000    1.053414   -0.303414 (VIOLATED)
_11169_/B1                              0.750000    1.053413   -0.303413 (VIOLATED)
_10216_/B1                              0.750000    1.053412   -0.303412 (VIOLATED)
_10150_/X                               0.750000    1.053410   -0.303410 (VIOLATED)
_10158_/B1                              0.750000    1.053410   -0.303410 (VIOLATED)
_10991_/B1                              0.750000    1.053410   -0.303410 (VIOLATED)
_21179_/RESET_B                         0.750000    1.053173   -0.303173 (VIOLATED)
_21053_/RESET_B                         0.750000    1.052580   -0.302580 (VIOLATED)
_21060_/RESET_B                         0.750000    1.052360   -0.302360 (VIOLATED)
_21085_/RESET_B                         0.750000    1.051964   -0.301964 (VIOLATED)
_21725_/RESET_B                         0.750000    1.051930   -0.301930 (VIOLATED)
_21724_/RESET_B                         0.750000    1.051923   -0.301923 (VIOLATED)
_21092_/RESET_B                         0.750000    1.051901   -0.301901 (VIOLATED)
_21699_/SET_B                           0.750000    1.051848   -0.301848 (VIOLATED)
_21704_/RESET_B                         0.750000    1.051823   -0.301823 (VIOLATED)
_21701_/RESET_B                         0.750000    1.051750   -0.301750 (VIOLATED)
_21703_/RESET_B                         0.750000    1.051680   -0.301680 (VIOLATED)
_21706_/RESET_B                         0.750000    1.051574   -0.301574 (VIOLATED)
_21734_/RESET_B                         0.750000    1.051364   -0.301365 (VIOLATED)
_21718_/RESET_B                         0.750000    1.051135   -0.301135 (VIOLATED)
_21717_/RESET_B                         0.750000    1.051114   -0.301114 (VIOLATED)
_21719_/RESET_B                         0.750000    1.050923   -0.300923 (VIOLATED)
_13717_/A                               0.750000    1.050899   -0.300899 (VIOLATED)
_14312_/A1                              0.750000    1.050899   -0.300899 (VIOLATED)
_15318_/A1                              0.750000    1.050899   -0.300899 (VIOLATED)
_15985_/A                               0.750000    1.050899   -0.300899 (VIOLATED)
_16173_/A1                              0.750000    1.050899   -0.300899 (VIOLATED)
_13560_/A                               0.750000    1.050899   -0.300899 (VIOLATED)
_13875_/A                               0.750000    1.050898   -0.300898 (VIOLATED)
_15805_/A1                              0.750000    1.050898   -0.300898 (VIOLATED)
_15208_/A1                              0.750000    1.050897   -0.300897 (VIOLATED)
_14420_/A1                              0.750000    1.050897   -0.300897 (VIOLATED)
_14523_/C1                              0.750000    1.050897   -0.300897 (VIOLATED)
_14524_/A1                              0.750000    1.050897   -0.300897 (VIOLATED)
_13619_/A                               0.750000    1.050894   -0.300894 (VIOLATED)
_13806_/A1                              0.750000    1.050894   -0.300894 (VIOLATED)
_15900_/A1                              0.750000    1.050894   -0.300894 (VIOLATED)
_13374_/B                               0.750000    1.050893   -0.300893 (VIOLATED)
_13375_/A2                              0.750000    1.050893   -0.300893 (VIOLATED)
_13380_/B                               0.750000    1.050893   -0.300893 (VIOLATED)
_13381_/A2                              0.750000    1.050893   -0.300893 (VIOLATED)
_16083_/A1                              0.750000    1.050893   -0.300893 (VIOLATED)
_13378_/B                               0.750000    1.050892   -0.300892 (VIOLATED)
_13379_/A2                              0.750000    1.050892   -0.300893 (VIOLATED)
_13386_/S                               0.750000    1.050892   -0.300892 (VIOLATED)
_13376_/S                               0.750000    1.050891   -0.300891 (VIOLATED)
_13418_/A                               0.750000    1.050891   -0.300891 (VIOLATED)
_13440_/A1                              0.750000    1.050891   -0.300891 (VIOLATED)
_13364_/A2                              0.750000    1.050889   -0.300889 (VIOLATED)
_13385_/A2                              0.750000    1.050889   -0.300889 (VIOLATED)
_13389_/B                               0.750000    1.050888   -0.300888 (VIOLATED)
_13390_/A2                              0.750000    1.050888   -0.300888 (VIOLATED)
_13963_/A1                              0.750000    1.050884   -0.300884 (VIOLATED)
_15709_/A1                              0.750000    1.050884   -0.300884 (VIOLATED)
_13388_/S                               0.750000    1.050879   -0.300879 (VIOLATED)
_15610_/A1                              0.750000    1.050877   -0.300877 (VIOLATED)
_15609_/A                               0.750000    1.050876   -0.300876 (VIOLATED)
_13350_/A2                              0.750000    1.050875   -0.300875 (VIOLATED)
_13396_/A2                              0.750000    1.050876   -0.300876 (VIOLATED)
_13395_/B                               0.750000    1.050875   -0.300875 (VIOLATED)
_13394_/S                               0.750000    1.050873   -0.300873 (VIOLATED)
_13399_/S                               0.750000    1.050871   -0.300871 (VIOLATED)
_13487_/A                               0.750000    1.050871   -0.300871 (VIOLATED)
_13398_/S                               0.750000    1.050871   -0.300871 (VIOLATED)
_16263_/A1                              0.750000    1.050870   -0.300870 (VIOLATED)
_13403_/S                               0.750000    1.050869   -0.300869 (VIOLATED)
_13402_/S                               0.750000    1.050868   -0.300868 (VIOLATED)
_14755_/A                               0.750000    1.050867   -0.300867 (VIOLATED)
_14756_/A1                              0.750000    1.050867   -0.300867 (VIOLATED)
_13405_/S                               0.750000    1.050865   -0.300865 (VIOLATED)
_13406_/S                               0.750000    1.050865   -0.300865 (VIOLATED)
_14217_/A                               0.750000    1.050864   -0.300864 (VIOLATED)
_15413_/A1                              0.750000    1.050863   -0.300863 (VIOLATED)
_14636_/A1                              0.750000    1.050863   -0.300863 (VIOLATED)
_15511_/A                               0.750000    1.050863   -0.300863 (VIOLATED)
_13325_/X                               0.750000    1.050861   -0.300861 (VIOLATED)
_14126_/A1                              0.750000    1.050861   -0.300861 (VIOLATED)
_21726_/RESET_B                         0.750000    1.050670   -0.300670 (VIOLATED)
_21732_/RESET_B                         0.750000    1.050265   -0.300265 (VIOLATED)
_21708_/RESET_B                         0.750000    1.050179   -0.300180 (VIOLATED)
_21356_/RESET_B                         0.750000    1.049715   -0.299715 (VIOLATED)
_21216_/RESET_B                         0.750000    1.049166   -0.299166 (VIOLATED)
_21731_/RESET_B                         0.750000    1.048826   -0.298826 (VIOLATED)
_19852_/RESET_B                         0.750000    1.048168   -0.298168 (VIOLATED)
_19853_/RESET_B                         0.750000    1.048063   -0.298063 (VIOLATED)
_19794_/RESET_B                         0.750000    1.047605   -0.297605 (VIOLATED)
_19795_/RESET_B                         0.750000    1.047446   -0.297447 (VIOLATED)
_21088_/RESET_B                         0.750000    1.046215   -0.296215 (VIOLATED)
_21091_/RESET_B                         0.750000    1.046028   -0.296028 (VIOLATED)
_21059_/RESET_B                         0.750000    1.045841   -0.295841 (VIOLATED)
_21056_/RESET_B                         0.750000    1.045063   -0.295063 (VIOLATED)
_13613_/C1                              0.750000    1.044692   -0.294692 (VIOLATED)
_13742_/C1                              0.750000    1.044692   -0.294692 (VIOLATED)
_14528_/B1                              0.750000    1.044692   -0.294692 (VIOLATED)
_15106_/A2                              0.750000    1.044692   -0.294692 (VIOLATED)
_15326_/A2                              0.750000    1.044692   -0.294692 (VIOLATED)
_14316_/B1                              0.750000    1.044692   -0.294692 (VIOLATED)
_13816_/C1                              0.750000    1.044691   -0.294691 (VIOLATED)
_14640_/B1                              0.750000    1.044691   -0.294691 (VIOLATED)
_15421_/A2                              0.750000    1.044691   -0.294691 (VIOLATED)
_16181_/A2                              0.750000    1.044691   -0.294691 (VIOLATED)
_14045_/B1                              0.750000    1.044689   -0.294689 (VIOLATED)
_13320_/B1                              0.750000    1.044688   -0.294688 (VIOLATED)
_14766_/A2                              0.750000    1.044688   -0.294688 (VIOLATED)
_15618_/A2                              0.750000    1.044688   -0.294688 (VIOLATED)
_14222_/B1                              0.750000    1.044686   -0.294686 (VIOLATED)
_13317_/Y                               0.750000    1.044685   -0.294685 (VIOLATED)
_13474_/C1                              0.750000    1.044685   -0.294685 (VIOLATED)
_13549_/C1                              0.750000    1.044685   -0.294685 (VIOLATED)
_13734_/C1                              0.750000    1.044685   -0.294685 (VIOLATED)
_13890_/B1                              0.750000    1.044685   -0.294685 (VIOLATED)
_14043_/B1                              0.750000    1.044685   -0.294685 (VIOLATED)
_14130_/B1                              0.750000    1.044685   -0.294685 (VIOLATED)
_14424_/B1                              0.750000    1.044685   -0.294685 (VIOLATED)
_14648_/B1                              0.750000    1.044685   -0.294685 (VIOLATED)
_14889_/A2                              0.750000    1.044685   -0.294685 (VIOLATED)
_15217_/A2                              0.750000    1.044685   -0.294685 (VIOLATED)
_15520_/A2                              0.750000    1.044685   -0.294685 (VIOLATED)
_15717_/A2                              0.750000    1.044685   -0.294685 (VIOLATED)
_15813_/A2                              0.750000    1.044685   -0.294685 (VIOLATED)
_15994_/A2                              0.750000    1.044685   -0.294685 (VIOLATED)
_16272_/A2                              0.750000    1.044685   -0.294685 (VIOLATED)
_21178_/RESET_B                         0.750000    1.044424   -0.294424 (VIOLATED)
_21259_/RESET_B                         0.750000    1.042403   -0.292403 (VIOLATED)
_21058_/RESET_B                         0.750000    1.038013   -0.288013 (VIOLATED)
_21258_/RESET_B                         0.750000    1.036057   -0.286057 (VIOLATED)
_21063_/RESET_B                         0.750000    1.034617   -0.284617 (VIOLATED)
_20931_/RESET_B                         0.750000    1.029819   -0.279819 (VIOLATED)
_20930_/RESET_B                         0.750000    1.029762   -0.279762 (VIOLATED)
_20932_/RESET_B                         0.750000    1.029748   -0.279748 (VIOLATED)
_20929_/RESET_B                         0.750000    1.029595   -0.279596 (VIOLATED)
_20928_/RESET_B                         0.750000    1.029514   -0.279514 (VIOLATED)
_20927_/RESET_B                         0.750000    1.029306   -0.279306 (VIOLATED)
_20926_/RESET_B                         0.750000    1.029155   -0.279155 (VIOLATED)
_13027_/B2                              0.750000    1.028845   -0.278845 (VIOLATED)
_13054_/B2                              0.750000    1.028844   -0.278845 (VIOLATED)
_13080_/B2                              0.750000    1.028844   -0.278844 (VIOLATED)
_13013_/B2                              0.750000    1.028844   -0.278844 (VIOLATED)
_12987_/B2                              0.750000    1.028843   -0.278843 (VIOLATED)
_12945_/B2                              0.750000    1.028842   -0.278842 (VIOLATED)
_12973_/B2                              0.750000    1.028842   -0.278842 (VIOLATED)
_13067_/B2                              0.750000    1.028841   -0.278841 (VIOLATED)
_12931_/B2                              0.750000    1.028839   -0.278839 (VIOLATED)
_13110_/B2                              0.750000    1.028838   -0.278838 (VIOLATED)
_12917_/B2                              0.750000    1.028826   -0.278827 (VIOLATED)
_20925_/RESET_B                         0.750000    1.028821   -0.278821 (VIOLATED)
_13000_/B2                              0.750000    1.028814   -0.278814 (VIOLATED)
_13040_/B2                              0.750000    1.028803   -0.278803 (VIOLATED)
_12959_/B2                              0.750000    1.028802   -0.278802 (VIOLATED)
_13094_/B2                              0.750000    1.028801   -0.278801 (VIOLATED)
_13124_/B2                              0.750000    1.028799   -0.278799 (VIOLATED)
_12890_/B2                              0.750000    1.028797   -0.278797 (VIOLATED)
_12903_/B2                              0.750000    1.028796   -0.278796 (VIOLATED)
_12877_/B2                              0.750000    1.028793   -0.278793 (VIOLATED)
_12850_/B2                              0.750000    1.028792   -0.278792 (VIOLATED)
_12863_/B2                              0.750000    1.028790   -0.278790 (VIOLATED)
_12824_/B2                              0.750000    1.028787   -0.278787 (VIOLATED)
_20924_/RESET_B                         0.750000    1.028786   -0.278786 (VIOLATED)
_12836_/B2                              0.750000    1.028784   -0.278784 (VIOLATED)
_12812_/B2                              0.750000    1.028779   -0.278779 (VIOLATED)
_12681_/A                               0.750000    1.028776   -0.278776 (VIOLATED)
_12797_/B2                              0.750000    1.028775   -0.278775 (VIOLATED)
_12782_/B2                              0.750000    1.028770   -0.278770 (VIOLATED)
_13254_/A2                              0.750000    1.028770   -0.278770 (VIOLATED)
_13256_/A2                              0.750000    1.028768   -0.278768 (VIOLATED)
_12769_/B2                              0.750000    1.028766   -0.278766 (VIOLATED)
_12755_/B2                              0.750000    1.028760   -0.278760 (VIOLATED)
_12714_/B2                              0.750000    1.028759   -0.278759 (VIOLATED)
_12743_/B2                              0.750000    1.028756   -0.278756 (VIOLATED)
_12674_/S                               0.750000    1.028754   -0.278754 (VIOLATED)
_12675_/S                               0.750000    1.028754   -0.278754 (VIOLATED)
_12729_/B2                              0.750000    1.028753   -0.278753 (VIOLATED)
_17880_/B                               0.750000    1.028754   -0.278754 (VIOLATED)
_17893_/C                               0.750000    1.028754   -0.278754 (VIOLATED)
_17979_/A3                              0.750000    1.028753   -0.278753 (VIOLATED)
_17881_/B                               0.750000    1.028753   -0.278753 (VIOLATED)
_18009_/A2                              0.750000    1.028753   -0.278753 (VIOLATED)
_17892_/B                               0.750000    1.028752   -0.278752 (VIOLATED)
_12673_/X                               0.750000    1.028750   -0.278750 (VIOLATED)
_11076_/A2                              0.750000    1.028587   -0.278587 (VIOLATED)
_10228_/A2                              0.750000    1.028582   -0.278582 (VIOLATED)
_11383_/A2                              0.750000    1.028574   -0.278574 (VIOLATED)
_10830_/A2                              0.750000    1.028556   -0.278556 (VIOLATED)
_10125_/A2                              0.750000    1.028527   -0.278527 (VIOLATED)
_09892_/A2                              0.750000    1.028478   -0.278478 (VIOLATED)
_10170_/A2                              0.750000    1.028469   -0.278469 (VIOLATED)
_11007_/A2                              0.750000    1.028440   -0.278440 (VIOLATED)
_11748_/A2                              0.750000    1.028440   -0.278439 (VIOLATED)
_11633_/A2                              0.750000    1.028439   -0.278439 (VIOLATED)
_10288_/A2                              0.750000    1.028437   -0.278437 (VIOLATED)
_11442_/A2                              0.750000    1.028414   -0.278415 (VIOLATED)
_10404_/A2                              0.750000    1.028393   -0.278393 (VIOLATED)
_11686_/A2                              0.750000    1.028385   -0.278385 (VIOLATED)
_11513_/A2                              0.750000    1.028345   -0.278345 (VIOLATED)
_20923_/RESET_B                         0.750000    1.028326   -0.278326 (VIOLATED)
_11574_/A2                              0.750000    1.028323   -0.278323 (VIOLATED)
_11805_/A2                              0.750000    1.028296   -0.278296 (VIOLATED)
_11867_/A2                              0.750000    1.028292   -0.278292 (VIOLATED)
_10514_/A2                              0.750000    1.028270   -0.278270 (VIOLATED)
_11262_/A2                              0.750000    1.028262   -0.278262 (VIOLATED)
_10577_/A2                              0.750000    1.028255   -0.278255 (VIOLATED)
_10352_/A2                              0.750000    1.028242   -0.278242 (VIOLATED)
_10634_/A2                              0.750000    1.028231   -0.278231 (VIOLATED)
_11330_/A2                              0.750000    1.028202   -0.278202 (VIOLATED)
_10756_/A2                              0.750000    1.028130   -0.278130 (VIOLATED)
_09882_/X                               0.750000    1.028047   -0.278047 (VIOLATED)
_12122_/B                               0.750000    1.028047   -0.278047 (VIOLATED)
_14664_/A                               0.750000    1.027182   -0.277182 (VIOLATED)
_14896_/A2                              0.750000    1.027182   -0.277182 (VIOLATED)
_14898_/A2                              0.750000    1.027182   -0.277182 (VIOLATED)
_13529_/A2                              0.750000    1.027179   -0.277180 (VIOLATED)
_13528_/B1                              0.750000    1.027179   -0.277179 (VIOLATED)
_13583_/B1                              0.750000    1.027178   -0.277178 (VIOLATED)
_13682_/A1                              0.750000    1.027177   -0.277177 (VIOLATED)
_13685_/A                               0.750000    1.027176   -0.277176 (VIOLATED)
_13687_/A1                              0.750000    1.027176   -0.277176 (VIOLATED)
_14665_/A1                              0.750000    1.027172   -0.277172 (VIOLATED)
_14060_/A1_N                            0.750000    1.027171   -0.277171 (VIOLATED)
_14237_/A                               0.750000    1.027171   -0.277171 (VIOLATED)
_14335_/B1                              0.750000    1.027171   -0.277171 (VIOLATED)
_14145_/A                               0.750000    1.027171   -0.277171 (VIOLATED)
_13525_/Y                               0.750000    1.027169   -0.277169 (VIOLATED)
_13824_/B1                              0.750000    1.027169   -0.277169 (VIOLATED)
_13903_/B1                              0.750000    1.027169   -0.277169 (VIOLATED)
_14058_/A                               0.750000    1.027169   -0.277169 (VIOLATED)
_14059_/B                               0.750000    1.027169   -0.277169 (VIOLATED)
_21175_/RESET_B                         0.750000    1.026870   -0.276870 (VIOLATED)
_15730_/A2                              0.750000    1.024872   -0.274872 (VIOLATED)
_15735_/A2                              0.750000    1.024871   -0.274871 (VIOLATED)
_15645_/B                               0.750000    1.024869   -0.274869 (VIOLATED)
_15554_/A1                              0.750000    1.024868   -0.274868 (VIOLATED)
_15362_/A                               0.750000    1.024864   -0.274864 (VIOLATED)
_15157_/B                               0.750000    1.024856   -0.274856 (VIOLATED)
_15257_/B1                              0.750000    1.024838   -0.274838 (VIOLATED)
_15040_/B                               0.750000    1.024827   -0.274827 (VIOLATED)
_15043_/B1                              0.750000    1.024826   -0.274826 (VIOLATED)
_14831_/B1                              0.750000    1.024822   -0.274823 (VIOLATED)
_14583_/B1                              0.750000    1.024791   -0.274791 (VIOLATED)
_14702_/B1                              0.750000    1.024791   -0.274791 (VIOLATED)
_14478_/B                               0.750000    1.024765   -0.274765 (VIOLATED)
_14480_/B1                              0.750000    1.024762   -0.274762 (VIOLATED)
_14377_/B                               0.750000    1.024757   -0.274757 (VIOLATED)
_14379_/B1                              0.750000    1.024757   -0.274757 (VIOLATED)
_14183_/Y                               0.750000    1.024749   -0.274749 (VIOLATED)
_13616_/A1                              0.750000    1.023155   -0.273155 (VIOLATED)
_13961_/A1                              0.750000    1.023155   -0.273155 (VIOLATED)
_14036_/A                               0.750000    1.023155   -0.273155 (VIOLATED)
_14037_/A1                              0.750000    1.023155   -0.273155 (VIOLATED)
_14417_/S                               0.750000    1.023155   -0.273155 (VIOLATED)
_13484_/A1                              0.750000    1.023154   -0.273154 (VIOLATED)
_13564_/C1                              0.750000    1.023154   -0.273154 (VIOLATED)
_13710_/C1                              0.750000    1.023154   -0.273154 (VIOLATED)
_14633_/S                               0.750000    1.023154   -0.273154 (VIOLATED)
_14214_/S                               0.750000    1.023153   -0.273153 (VIOLATED)
_13803_/A1                              0.750000    1.023153   -0.273153 (VIOLATED)
_13558_/A1                              0.750000    1.023150   -0.273150 (VIOLATED)
_13715_/A1                              0.750000    1.023150   -0.273150 (VIOLATED)
_13873_/A1                              0.750000    1.023150   -0.273151 (VIOLATED)
_14308_/S                               0.750000    1.023148   -0.273148 (VIOLATED)
_13517_/S1                              0.750000    1.023148   -0.273148 (VIOLATED)
_14521_/S                               0.750000    1.023147   -0.273147 (VIOLATED)
_14752_/A                               0.750000    1.023147   -0.273148 (VIOLATED)
_13427_/A1                              0.750000    1.023147   -0.273147 (VIOLATED)
_13329_/X                               0.750000    1.023146   -0.273146 (VIOLATED)
_19730_/A1                              0.750000    1.021709   -0.271709 (VIOLATED)
_12495_/A1                              0.750000    1.021709   -0.271709 (VIOLATED)
_18497_/A0                              0.750000    1.021695   -0.271695 (VIOLATED)
_18787_/A1                              0.750000    1.021672   -0.271672 (VIOLATED)
_18790_/A2                              0.750000    1.021672   -0.271672 (VIOLATED)
_15209_/A2                              0.750000    1.021665   -0.271665 (VIOLATED)
_21766_/A                               0.750000    1.021660   -0.271660 (VIOLATED)
_12254_/A                               0.750000    1.021658   -0.271658 (VIOLATED)
_11255_/X                               0.750000    1.021655   -0.271655 (VIOLATED)
_19008_/A1                              0.750000    1.021655   -0.271655 (VIOLATED)
_12480_/A1                              0.750000    1.021647   -0.271647 (VIOLATED)
_18491_/A1                              0.750000    1.021646   -0.271646 (VIOLATED)
_19727_/A1                              0.750000    1.021646   -0.271646 (VIOLATED)
_18766_/A1                              0.750000    1.021636   -0.271636 (VIOLATED)
_18769_/A2                              0.750000    1.021636   -0.271636 (VIOLATED)
_14882_/A2                              0.750000    1.021635   -0.271635 (VIOLATED)
_21763_/A                               0.750000    1.021633   -0.271633 (VIOLATED)
_12251_/A                               0.750000    1.021624   -0.271624 (VIOLATED)
_12222_/X                               0.750000    1.021618   -0.271618 (VIOLATED)
_19002_/A1                              0.750000    1.021618   -0.271618 (VIOLATED)
_18505_/A0                              0.750000    1.020229   -0.270229 (VIOLATED)
_18808_/A1                              0.750000    1.020225   -0.270225 (VIOLATED)
_18811_/A2                              0.750000    1.020224   -0.270224 (VIOLATED)
_12511_/A1                              0.750000    1.020218   -0.270218 (VIOLATED)
_19733_/A1                              0.750000    1.020218   -0.270218 (VIOLATED)
_11438_/Y                               0.750000    1.020210   -0.270210 (VIOLATED)
_12255_/A                               0.750000    1.020210   -0.270210 (VIOLATED)
_15513_/A2                              0.750000    1.020210   -0.270210 (VIOLATED)
_19014_/A1                              0.750000    1.020210   -0.270210 (VIOLATED)
_21769_/A                               0.750000    1.020210   -0.270210 (VIOLATED)
_20921_/RESET_B                         0.750000    1.019005   -0.269005 (VIOLATED)
_20920_/RESET_B                         0.750000    1.019001   -0.269001 (VIOLATED)
_20922_/RESET_B                         0.750000    1.018990   -0.268990 (VIOLATED)
_19927_/RESET_B                         0.750000    1.018944   -0.268944 (VIOLATED)
_13295_/C                               0.750000    1.017556   -0.267556 (VIOLATED)
_17900_/B                               0.750000    1.017556   -0.267556 (VIOLATED)
_17933_/A                               0.750000    1.017556   -0.267556 (VIOLATED)
_12677_/Y                               0.750000    1.017555   -0.267555 (VIOLATED)
_12680_/A                               0.750000    1.017555   -0.267555 (VIOLATED)
_13126_/B                               0.750000    1.017555   -0.267555 (VIOLATED)
_13240_/A                               0.750000    1.017555   -0.267555 (VIOLATED)
_13253_/A                               0.750000    1.017555   -0.267555 (VIOLATED)
_13288_/B                               0.750000    1.017555   -0.267555 (VIOLATED)
_17365_/D                               0.750000    1.017555   -0.267555 (VIOLATED)
_17366_/C                               0.750000    1.017555   -0.267555 (VIOLATED)
_17620_/B                               0.750000    1.017555   -0.267555 (VIOLATED)
_17756_/B                               0.750000    1.017555   -0.267555 (VIOLATED)
_17970_/A2                              0.750000    1.017555   -0.267555 (VIOLATED)
_18006_/A1                              0.750000    1.017555   -0.267555 (VIOLATED)
_18103_/B                               0.750000    1.017555   -0.267555 (VIOLATED)
_18122_/A                               0.750000    1.017555   -0.267555 (VIOLATED)
_18197_/B                               0.750000    1.017555   -0.267555 (VIOLATED)
_18201_/A1                              0.750000    1.017555   -0.267555 (VIOLATED)
_18205_/B2                              0.750000    1.017555   -0.267555 (VIOLATED)
_18221_/A2                              0.750000    1.017555   -0.267555 (VIOLATED)
_18222_/A2                              0.750000    1.017555   -0.267555 (VIOLATED)
_19926_/RESET_B                         0.750000    1.016067   -0.266067 (VIOLATED)
_18512_/A0                              0.750000    1.012441   -0.262441 (VIOLATED)
_18833_/A2                              0.750000    1.012439   -0.262439 (VIOLATED)
_18830_/A1                              0.750000    1.012438   -0.262438 (VIOLATED)
_12527_/A1                              0.750000    1.012434   -0.262434 (VIOLATED)
_19736_/A1                              0.750000    1.012433   -0.262433 (VIOLATED)
_15806_/A2                              0.750000    1.012432   -0.262432 (VIOLATED)
_21772_/A                               0.750000    1.012430   -0.262430 (VIOLATED)
_11630_/X                               0.750000    1.012429   -0.262429 (VIOLATED)
_12250_/C                               0.750000    1.012429   -0.262429 (VIOLATED)
_19021_/A1                              0.750000    1.012429   -0.262429 (VIOLATED)
_16138_/A                               0.750000    1.012150   -0.262150 (VIOLATED)
_16139_/A                               0.750000    1.012150   -0.262150 (VIOLATED)
_16046_/A                               0.750000    1.012150   -0.262150 (VIOLATED)
_16047_/A                               0.750000    1.012150   -0.262150 (VIOLATED)
_16305_/A1                              0.750000    1.012150   -0.262150 (VIOLATED)
_18896_/A1                              0.750000    1.012150   -0.262150 (VIOLATED)
_15953_/A                               0.750000    1.012149   -0.262149 (VIOLATED)
_15954_/A                               0.750000    1.012149   -0.262149 (VIOLATED)
_16132_/A                               0.750000    1.012149   -0.262149 (VIOLATED)
_16133_/A                               0.750000    1.012149   -0.262149 (VIOLATED)
_18904_/A                               0.750000    1.012148   -0.262148 (VIOLATED)
_18905_/A                               0.750000    1.012147   -0.262147 (VIOLATED)
_15948_/A1                              0.750000    1.012147   -0.262147 (VIOLATED)
_15859_/A1                              0.750000    1.012145   -0.262145 (VIOLATED)
_15626_/A                               0.750000    1.012145   -0.262145 (VIOLATED)
_15627_/A                               0.750000    1.012145   -0.262145 (VIOLATED)
_15530_/A                               0.750000    1.012142   -0.262142 (VIOLATED)
_15529_/A                               0.750000    1.012141   -0.262141 (VIOLATED)
_15430_/A                               0.750000    1.012134   -0.262134 (VIOLATED)
_15431_/A                               0.750000    1.012134   -0.262134 (VIOLATED)
_15425_/A1                              0.750000    1.012129   -0.262129 (VIOLATED)
_15225_/A                               0.750000    1.012125   -0.262125 (VIOLATED)
_15145_/Y                               0.750000    1.012117   -0.262117 (VIOLATED)
_15146_/B2                              0.750000    1.012117   -0.262117 (VIOLATED)
_18503_/A1                              0.750000    1.006669   -0.256669 (VIOLATED)
_18801_/A1                              0.750000    1.006666   -0.256666 (VIOLATED)
_18804_/A2                              0.750000    1.006666   -0.256666 (VIOLATED)
_12506_/A1                              0.750000    1.006660   -0.256660 (VIOLATED)
_19732_/A1                              0.750000    1.006659   -0.256659 (VIOLATED)
_15414_/A2                              0.750000    1.006653   -0.256653 (VIOLATED)
_11380_/Y                               0.750000    1.006650   -0.256650 (VIOLATED)
_12250_/A                               0.750000    1.006650   -0.256650 (VIOLATED)
_19012_/A1                              0.750000    1.006650   -0.256650 (VIOLATED)
_21768_/A                               0.750000    1.006650   -0.256650 (VIOLATED)
_13904_/B1                              0.750000    1.004376   -0.254376 (VIOLATED)
_13905_/A                               0.750000    1.004376   -0.254376 (VIOLATED)
_13978_/A                               0.750000    1.004376   -0.254376 (VIOLATED)
_14059_/A                               0.750000    1.004376   -0.254376 (VIOLATED)
_14665_/B2                              0.750000    1.004375   -0.254375 (VIOLATED)
_14545_/B1                              0.750000    1.004375   -0.254375 (VIOLATED)
_14336_/A                               0.750000    1.004374   -0.254374 (VIOLATED)
_14146_/A                               0.750000    1.004373   -0.254373 (VIOLATED)
_14238_/B1                              0.750000    1.004371   -0.254371 (VIOLATED)
_13825_/B1                              0.750000    1.004367   -0.254367 (VIOLATED)
_13686_/A                               0.750000    1.004365   -0.254365 (VIOLATED)
_14779_/A                               0.750000    1.004364   -0.254364 (VIOLATED)
_14896_/A1                              0.750000    1.004364   -0.254364 (VIOLATED)
_14898_/A1                              0.750000    1.004364   -0.254364 (VIOLATED)
_13455_/A                               0.750000    1.004362   -0.254362 (VIOLATED)
_13584_/B1                              0.750000    1.004362   -0.254362 (VIOLATED)
_13654_/A                               0.750000    1.004359   -0.254359 (VIOLATED)
_13687_/B2                              0.750000    1.004359   -0.254359 (VIOLATED)
_13448_/Y                               0.750000    1.004357   -0.254357 (VIOLATED)
_19718_/S                               0.750000    1.000911   -0.250911 (VIOLATED)
_19719_/S                               0.750000    1.000909   -0.250909 (VIOLATED)
_19716_/S                               0.750000    1.000909   -0.250909 (VIOLATED)
_19717_/S                               0.750000    1.000909   -0.250909 (VIOLATED)
_19721_/S                               0.750000    1.000904   -0.250904 (VIOLATED)
_19720_/S                               0.750000    1.000899   -0.250899 (VIOLATED)
_19722_/S                               0.750000    1.000891   -0.250891 (VIOLATED)
_19723_/S                               0.750000    1.000885   -0.250885 (VIOLATED)
_19724_/S                               0.750000    1.000875   -0.250875 (VIOLATED)
_19726_/S                               0.750000    1.000860   -0.250860 (VIOLATED)
_19742_/S                               0.750000    1.000831   -0.250831 (VIOLATED)
_19741_/S                               0.750000    1.000802   -0.250802 (VIOLATED)
_19740_/S                               0.750000    1.000759   -0.250759 (VIOLATED)
_19739_/S                               0.750000    1.000752   -0.250752 (VIOLATED)
_19738_/S                               0.750000    1.000746   -0.250746 (VIOLATED)
_19737_/S                               0.750000    1.000683   -0.250683 (VIOLATED)
_19736_/S                               0.750000    1.000664   -0.250664 (VIOLATED)
_19735_/S                               0.750000    1.000650   -0.250650 (VIOLATED)
_19713_/S                               0.750000    1.000644   -0.250644 (VIOLATED)
_19715_/S                               0.750000    1.000644   -0.250644 (VIOLATED)
_19714_/S                               0.750000    1.000643   -0.250643 (VIOLATED)
_19725_/S                               0.750000    1.000623   -0.250623 (VIOLATED)
_19727_/S                               0.750000    1.000617   -0.250617 (VIOLATED)
_19728_/S                               0.750000    1.000616   -0.250616 (VIOLATED)
_19729_/S                               0.750000    1.000615   -0.250615 (VIOLATED)
_19733_/S                               0.750000    1.000610   -0.250610 (VIOLATED)
_19732_/S                               0.750000    1.000598   -0.250598 (VIOLATED)
_19730_/S                               0.750000    1.000597   -0.250597 (VIOLATED)
_19731_/S                               0.750000    1.000595   -0.250595 (VIOLATED)
_19734_/S                               0.750000    1.000550   -0.250550 (VIOLATED)
_19709_/A                               0.750000    1.000452   -0.250452 (VIOLATED)
_19708_/X                               0.750000    1.000352   -0.250352 (VIOLATED)
_18838_/A                               0.750000    0.999282   -0.249282 (VIOLATED)
_18845_/A                               0.750000    0.999282   -0.249282 (VIOLATED)
_18852_/A                               0.750000    0.999282   -0.249282 (VIOLATED)
_18859_/A                               0.750000    0.999281   -0.249281 (VIOLATED)
_18817_/A                               0.750000    0.999281   -0.249281 (VIOLATED)
_18866_/A                               0.750000    0.999281   -0.249281 (VIOLATED)
_18873_/B1                              0.750000    0.999281   -0.249281 (VIOLATED)
_18824_/A                               0.750000    0.999280   -0.249280 (VIOLATED)
_18831_/A                               0.750000    0.999280   -0.249280 (VIOLATED)
_18688_/A                               0.750000    0.999280   -0.249280 (VIOLATED)
_18695_/A                               0.750000    0.999279   -0.249279 (VIOLATED)
_18809_/A                               0.750000    0.999279   -0.249279 (VIOLATED)
_18622_/A                               0.750000    0.999278   -0.249278 (VIOLATED)
_18767_/A                               0.750000    0.999278   -0.249278 (VIOLATED)
_18774_/A                               0.750000    0.999278   -0.249278 (VIOLATED)
_18781_/A                               0.750000    0.999278   -0.249278 (VIOLATED)
_18788_/A                               0.750000    0.999278   -0.249279 (VIOLATED)
_18795_/A                               0.750000    0.999278   -0.249278 (VIOLATED)
_18802_/A                               0.750000    0.999278   -0.249278 (VIOLATED)
_18752_/A                               0.750000    0.999277   -0.249277 (VIOLATED)
_18759_/A                               0.750000    0.999277   -0.249277 (VIOLATED)
_18745_/A                               0.750000    0.999277   -0.249277 (VIOLATED)
_18738_/A                               0.750000    0.999275   -0.249275 (VIOLATED)
_18666_/A                               0.750000    0.999275   -0.249275 (VIOLATED)
_18611_/Y                               0.750000    0.999024   -0.249024 (VIOLATED)
_18613_/C                               0.750000    0.999024   -0.249024 (VIOLATED)
_18620_/B1                              0.750000    0.999024   -0.249024 (VIOLATED)
_18625_/A                               0.750000    0.999024   -0.249024 (VIOLATED)
_18658_/A                               0.750000    0.999024   -0.249024 (VIOLATED)
_18673_/A                               0.750000    0.999024   -0.249024 (VIOLATED)
_18680_/A                               0.750000    0.999024   -0.249024 (VIOLATED)
_18702_/A                               0.750000    0.999024   -0.249024 (VIOLATED)
_18709_/A                               0.750000    0.999024   -0.249024 (VIOLATED)
_18717_/A                               0.750000    0.999024   -0.249024 (VIOLATED)
_18724_/A                               0.750000    0.999024   -0.249024 (VIOLATED)
_18731_/A                               0.750000    0.999024   -0.249024 (VIOLATED)
_18514_/A0                              0.750000    0.994427   -0.244427 (VIOLATED)
_12532_/A1                              0.750000    0.994426   -0.244426 (VIOLATED)
_18837_/A1                              0.750000    0.994424   -0.244424 (VIOLATED)
_18840_/A2                              0.750000    0.994424   -0.244424 (VIOLATED)
_19737_/A1                              0.750000    0.994423   -0.244423 (VIOLATED)
_12256_/A                               0.750000    0.994419   -0.244419 (VIOLATED)
_15901_/A2                              0.750000    0.994414   -0.244414 (VIOLATED)
_11684_/Y                               0.750000    0.994411   -0.244411 (VIOLATED)
_19023_/A1                              0.750000    0.994411   -0.244411 (VIOLATED)
_21773_/A                               0.750000    0.994411   -0.244411 (VIOLATED)
_20995_/RESET_B                         0.750000    0.992377   -0.242377 (VIOLATED)
_19740_/A1                              0.750000    0.990157   -0.240157 (VIOLATED)
_12549_/A1                              0.750000    0.990156   -0.240156 (VIOLATED)
_12256_/C                               0.750000    0.990151   -0.240151 (VIOLATED)
_18520_/A0                              0.750000    0.990148   -0.240148 (VIOLATED)
_18858_/A1                              0.750000    0.990146   -0.240146 (VIOLATED)
_18861_/A2                              0.750000    0.990146   -0.240146 (VIOLATED)
_11865_/X                               0.750000    0.990142   -0.240142 (VIOLATED)
_16174_/A2                              0.750000    0.990142   -0.240142 (VIOLATED)
_19029_/A1                              0.750000    0.990142   -0.240142 (VIOLATED)
_21776_/A                               0.750000    0.990142   -0.240142 (VIOLATED)
_18500_/A1                              0.750000    0.988614   -0.238614 (VIOLATED)
_15319_/A2                              0.750000    0.988612   -0.238612 (VIOLATED)
_18794_/A1                              0.750000    0.988610   -0.238610 (VIOLATED)
_18797_/A2                              0.750000    0.988609   -0.238609 (VIOLATED)
_12501_/A1                              0.750000    0.988608   -0.238608 (VIOLATED)
_19731_/A1                              0.750000    0.988608   -0.238608 (VIOLATED)
_11317_/Y                               0.750000    0.988603   -0.238603 (VIOLATED)
_12252_/C                               0.750000    0.988603   -0.238603 (VIOLATED)
_19010_/A1                              0.750000    0.988603   -0.238603 (VIOLATED)
_21767_/A                               0.750000    0.988603   -0.238603 (VIOLATED)
_15664_/A1_N                            0.750000    0.988226   -0.238226 (VIOLATED)
_15665_/D_N                             0.750000    0.988226   -0.238226 (VIOLATED)
_15471_/A                               0.750000    0.988225   -0.238225 (VIOLATED)
_15269_/A                               0.750000    0.988225   -0.238225 (VIOLATED)
_15374_/B2                              0.750000    0.988225   -0.238225 (VIOLATED)
_15570_/A                               0.750000    0.988225   -0.238225 (VIOLATED)
_15270_/A_N                             0.750000    0.988223   -0.238223 (VIOLATED)
_15167_/A                               0.750000    0.988222   -0.238222 (VIOLATED)
_15043_/B2                              0.750000    0.988211   -0.238211 (VIOLATED)
_14938_/A                               0.750000    0.988207   -0.238207 (VIOLATED)
_14830_/A                               0.750000    0.988156   -0.238156 (VIOLATED)
_14569_/B                               0.750000    0.988134   -0.238134 (VIOLATED)
_14570_/B                               0.750000    0.988119   -0.238119 (VIOLATED)
_14360_/B                               0.750000    0.988110   -0.238110 (VIOLATED)
_14358_/A2                              0.750000    0.988098   -0.238098 (VIOLATED)
_14257_/B                               0.750000    0.988091   -0.238091 (VIOLATED)
_14462_/B                               0.750000    0.988089   -0.238089 (VIOLATED)
_14164_/B                               0.750000    0.988076   -0.238076 (VIOLATED)
_14060_/A2_N                            0.750000    0.988053   -0.238053 (VIOLATED)
_13978_/B                               0.750000    0.988051   -0.238051 (VIOLATED)
_14059_/C                               0.750000    0.988046   -0.238046 (VIOLATED)
_13977_/X                               0.750000    0.987992   -0.237992 (VIOLATED)
_20994_/RESET_B                         0.750000    0.986437   -0.236437 (VIOLATED)
_20996_/RESET_B                         0.750000    0.984343   -0.234343 (VIOLATED)
_15443_/A                               0.750000    0.983826   -0.233826 (VIOLATED)
_15444_/A                               0.750000    0.983826   -0.233826 (VIOLATED)
_15540_/A2                              0.750000    0.983826   -0.233826 (VIOLATED)
_15541_/A2                              0.750000    0.983826   -0.233826 (VIOLATED)
_15348_/B2                              0.750000    0.983825   -0.233825 (VIOLATED)
_15239_/B1                              0.750000    0.983821   -0.233821 (VIOLATED)
_15026_/B1                              0.750000    0.983819   -0.233819 (VIOLATED)
_14815_/A                               0.750000    0.983818   -0.233818 (VIOLATED)
_14923_/B1                              0.750000    0.983818   -0.233818 (VIOLATED)
_15129_/A1                              0.750000    0.983818   -0.233818 (VIOLATED)
_14817_/B2                              0.750000    0.983816   -0.233816 (VIOLATED)
_14570_/A                               0.750000    0.983801   -0.233802 (VIOLATED)
_14464_/B1                              0.750000    0.983796   -0.233796 (VIOLATED)
_14366_/B1                              0.750000    0.983794   -0.233794 (VIOLATED)
_14265_/A2                              0.750000    0.983793   -0.233793 (VIOLATED)
_13846_/Y                               0.750000    0.983792   -0.233792 (VIOLATED)
_13849_/B1                              0.750000    0.983792   -0.233792 (VIOLATED)
_14002_/B1                              0.750000    0.983792   -0.233792 (VIOLATED)
_14171_/B                               0.750000    0.983792   -0.233792 (VIOLATED)
_17926_/S                               0.750000    0.981162   -0.231162 (VIOLATED)
_17924_/S                               0.750000    0.981160   -0.231160 (VIOLATED)
_17927_/S                               0.750000    0.981154   -0.231154 (VIOLATED)
_17906_/S                               0.750000    0.981153   -0.231153 (VIOLATED)
_17911_/S                               0.750000    0.981152   -0.231152 (VIOLATED)
_17910_/S                               0.750000    0.981150   -0.231150 (VIOLATED)
_17928_/S                               0.750000    0.981149   -0.231149 (VIOLATED)
_17932_/S                               0.750000    0.981149   -0.231149 (VIOLATED)
_17914_/S                               0.750000    0.981148   -0.231148 (VIOLATED)
_17916_/S                               0.750000    0.981143   -0.231143 (VIOLATED)
_17929_/S                               0.750000    0.981141   -0.231141 (VIOLATED)
_17930_/S                               0.750000    0.981141   -0.231141 (VIOLATED)
_17922_/S                               0.750000    0.981140   -0.231140 (VIOLATED)
_17920_/S                               0.750000    0.981139   -0.231139 (VIOLATED)
_17921_/S                               0.750000    0.981139   -0.231139 (VIOLATED)
_17931_/S                               0.750000    0.981137   -0.231137 (VIOLATED)
_17903_/S                               0.750000    0.981134   -0.231134 (VIOLATED)
_17925_/S                               0.750000    0.981134   -0.231134 (VIOLATED)
_17919_/S                               0.750000    0.981133   -0.231133 (VIOLATED)
_17918_/S                               0.750000    0.981133   -0.231133 (VIOLATED)
_17923_/S                               0.750000    0.981131   -0.231131 (VIOLATED)
_17917_/S                               0.750000    0.981126   -0.231126 (VIOLATED)
_17915_/S                               0.750000    0.981124   -0.231124 (VIOLATED)
_17901_/S                               0.750000    0.981121   -0.231121 (VIOLATED)
_17913_/S                               0.750000    0.981120   -0.231120 (VIOLATED)
_17900_/Y                               0.750000    0.981100   -0.231100 (VIOLATED)
_17902_/S                               0.750000    0.981100   -0.231100 (VIOLATED)
_17904_/S                               0.750000    0.981100   -0.231100 (VIOLATED)
_17905_/S                               0.750000    0.981100   -0.231100 (VIOLATED)
_17907_/S                               0.750000    0.981100   -0.231100 (VIOLATED)
_17908_/S                               0.750000    0.981100   -0.231100 (VIOLATED)
_17909_/S                               0.750000    0.981100   -0.231100 (VIOLATED)
_17912_/S                               0.750000    0.981100   -0.231100 (VIOLATED)
_18148_/S                               0.750000    0.978325   -0.228325 (VIOLATED)
_18147_/S                               0.750000    0.978324   -0.228324 (VIOLATED)
_18146_/S                               0.750000    0.978322   -0.228322 (VIOLATED)
_18149_/S                               0.750000    0.978318   -0.228318 (VIOLATED)
_18142_/S                               0.750000    0.978317   -0.228317 (VIOLATED)
_18143_/S                               0.750000    0.978317   -0.228317 (VIOLATED)
_18141_/S                               0.750000    0.978316   -0.228316 (VIOLATED)
_18131_/S                               0.750000    0.978316   -0.228316 (VIOLATED)
_18152_/S                               0.750000    0.978316   -0.228316 (VIOLATED)
_18132_/S                               0.750000    0.978315   -0.228315 (VIOLATED)
_18133_/S                               0.750000    0.978315   -0.228315 (VIOLATED)
_18135_/S                               0.750000    0.978315   -0.228315 (VIOLATED)
_18153_/S                               0.750000    0.978315   -0.228315 (VIOLATED)
_18123_/S                               0.750000    0.978314   -0.228314 (VIOLATED)
_18136_/S                               0.750000    0.978314   -0.228314 (VIOLATED)
_18138_/S                               0.750000    0.978314   -0.228314 (VIOLATED)
_18145_/S                               0.750000    0.978314   -0.228314 (VIOLATED)
_18150_/S                               0.750000    0.978315   -0.228315 (VIOLATED)
_18139_/S                               0.750000    0.978313   -0.228313 (VIOLATED)
_18151_/S                               0.750000    0.978313   -0.228313 (VIOLATED)
_18134_/S                               0.750000    0.978312   -0.228312 (VIOLATED)
_18137_/S                               0.750000    0.978312   -0.228312 (VIOLATED)
_18144_/S                               0.750000    0.978312   -0.228312 (VIOLATED)
_18154_/S                               0.750000    0.978308   -0.228308 (VIOLATED)
_18140_/S                               0.750000    0.978308   -0.228308 (VIOLATED)
_18125_/S                               0.750000    0.978307   -0.228307 (VIOLATED)
_18122_/Y                               0.750000    0.978303   -0.228303 (VIOLATED)
_18124_/S                               0.750000    0.978303   -0.228303 (VIOLATED)
_18126_/S                               0.750000    0.978303   -0.228303 (VIOLATED)
_18127_/S                               0.750000    0.978303   -0.228303 (VIOLATED)
_18128_/S                               0.750000    0.978303   -0.228303 (VIOLATED)
_18129_/S                               0.750000    0.978303   -0.228303 (VIOLATED)
_18130_/S                               0.750000    0.978303   -0.228303 (VIOLATED)
_13579_/A                               0.750000    0.974879   -0.224879 (VIOLATED)
_10683_/B                               0.750000    0.974859   -0.224859 (VIOLATED)
_18669_/B2                              0.750000    0.974817   -0.224817 (VIOLATED)
_18456_/A                               0.750000    0.974755   -0.224755 (VIOLATED)
_10690_/B2                              0.750000    0.974577   -0.224577 (VIOLATED)
_20987_/RESET_B                         0.750000    0.974358   -0.224358 (VIOLATED)
_10682_/Y                               0.750000    0.974227   -0.224227 (VIOLATED)
_17959_/S                               0.750000    0.973399   -0.223399 (VIOLATED)
_17961_/S                               0.750000    0.973396   -0.223396 (VIOLATED)
_17960_/S                               0.750000    0.973394   -0.223394 (VIOLATED)
_17957_/S                               0.750000    0.973388   -0.223388 (VIOLATED)
_17946_/S                               0.750000    0.973385   -0.223385 (VIOLATED)
_17947_/S                               0.750000    0.973385   -0.223385 (VIOLATED)
_17939_/S                               0.750000    0.973384   -0.223384 (VIOLATED)
_17949_/S                               0.750000    0.973384   -0.223384 (VIOLATED)
_17955_/S                               0.750000    0.973384   -0.223384 (VIOLATED)
_17958_/S                               0.750000    0.973383   -0.223384 (VIOLATED)
_17943_/S                               0.750000    0.973383   -0.223383 (VIOLATED)
_17963_/S                               0.750000    0.973383   -0.223383 (VIOLATED)
_17944_/S                               0.750000    0.973383   -0.223383 (VIOLATED)
_17962_/S                               0.750000    0.973383   -0.223383 (VIOLATED)
_17945_/S                               0.750000    0.973381   -0.223381 (VIOLATED)
_17953_/S                               0.750000    0.973381   -0.223381 (VIOLATED)
_17954_/S                               0.750000    0.973380   -0.223380 (VIOLATED)
_17950_/S                               0.750000    0.973379   -0.223379 (VIOLATED)
_17964_/S                               0.750000    0.973379   -0.223379 (VIOLATED)
_17965_/S                               0.750000    0.973378   -0.223378 (VIOLATED)
_17951_/S                               0.750000    0.973376   -0.223376 (VIOLATED)
_17952_/S                               0.750000    0.973375   -0.223376 (VIOLATED)
_17936_/S                               0.750000    0.973375   -0.223375 (VIOLATED)
_17956_/S                               0.750000    0.973372   -0.223372 (VIOLATED)
_17948_/S                               0.750000    0.973370   -0.223370 (VIOLATED)
_17934_/S                               0.750000    0.973370   -0.223370 (VIOLATED)
_17933_/Y                               0.750000    0.973357   -0.223357 (VIOLATED)
_17935_/S                               0.750000    0.973357   -0.223357 (VIOLATED)
_17937_/S                               0.750000    0.973357   -0.223357 (VIOLATED)
_17938_/S                               0.750000    0.973357   -0.223357 (VIOLATED)
_17940_/S                               0.750000    0.973357   -0.223357 (VIOLATED)
_17941_/S                               0.750000    0.973357   -0.223357 (VIOLATED)
_17942_/S                               0.750000    0.973357   -0.223357 (VIOLATED)
_20993_/RESET_B                         0.750000    0.972715   -0.222715 (VIOLATED)
_20992_/RESET_B                         0.750000    0.970901   -0.220901 (VIOLATED)
_18461_/A1                              0.750000    0.967747   -0.217747 (VIOLATED)
_18683_/A1                              0.750000    0.967742   -0.217742 (VIOLATED)
_13683_/A0                              0.750000    0.967724   -0.217724 (VIOLATED)
_10559_/A2                              0.750000    0.967702   -0.217702 (VIOLATED)
_10556_/Y                               0.750000    0.967681   -0.217681 (VIOLATED)
_20991_/RESET_B                         0.750000    0.961259   -0.211259 (VIOLATED)
_18798_/A1                              0.750000    0.958095   -0.208095 (VIOLATED)
_13683_/A1                              0.750000    0.958094   -0.208094 (VIOLATED)
_11308_/A2                              0.750000    0.958083   -0.208083 (VIOLATED)
_11311_/A2                              0.750000    0.958073   -0.208073 (VIOLATED)
_11305_/Y                               0.750000    0.958058   -0.208058 (VIOLATED)
_20990_/RESET_B                         0.750000    0.955295   -0.205295 (VIOLATED)
_12624_/A                               0.750000    0.951355   -0.201355 (VIOLATED)
_11700_/A                               0.750000    0.951348   -0.201348 (VIOLATED)
_11701_/B                               0.750000    0.951326   -0.201326 (VIOLATED)
_11732_/A2                              0.750000    0.951322   -0.201323 (VIOLATED)
_14282_/A1                              0.750000    0.951310   -0.201310 (VIOLATED)
_11699_/Y                               0.750000    0.951124   -0.201124 (VIOLATED)
_11222_/B1                              0.750000    0.950385   -0.200385 (VIOLATED)
_11098_/B1                              0.750000    0.950378   -0.200378 (VIOLATED)
_11034_/B1                              0.750000    0.950346   -0.200346 (VIOLATED)
_11659_/B1                              0.750000    0.950346   -0.200346 (VIOLATED)
_10488_/C1                              0.750000    0.950342   -0.200342 (VIOLATED)
_11956_/B1                              0.750000    0.950322   -0.200322 (VIOLATED)
_10081_/A                               0.750000    0.950163   -0.200163 (VIOLATED)
_10159_/A1                              0.750000    0.950162   -0.200162 (VIOLATED)
_10861_/B1                              0.750000    0.950143   -0.200143 (VIOLATED)
_11425_/A1                              0.750000    0.950138   -0.200138 (VIOLATED)
_10992_/A1                              0.750000    0.950099   -0.200099 (VIOLATED)
_11472_/B1                              0.750000    0.950060   -0.200060 (VIOLATED)
_10199_/B1                              0.750000    0.949915   -0.199915 (VIOLATED)
_11775_/B1                              0.750000    0.949908   -0.199908 (VIOLATED)
_11716_/B1                              0.750000    0.949898   -0.199898 (VIOLATED)
_11615_/A1                              0.750000    0.949860   -0.199860 (VIOLATED)
_11614_/A1                              0.750000    0.949860   -0.199860 (VIOLATED)
_11154_/B1                              0.750000    0.949854   -0.199854 (VIOLATED)
_11898_/B1                              0.750000    0.949733   -0.199733 (VIOLATED)
_10606_/B1                              0.750000    0.949700   -0.199700 (VIOLATED)
_11556_/A1                              0.750000    0.949698   -0.199698 (VIOLATED)
_11557_/A1                              0.750000    0.949698   -0.199698 (VIOLATED)
_11834_/B1                              0.750000    0.949659   -0.199659 (VIOLATED)
_10665_/B1                              0.750000    0.949659   -0.199659 (VIOLATED)
_10783_/B1                              0.750000    0.949658   -0.199658 (VIOLATED)
_09837_/Y                               0.750000    0.949656   -0.199656 (VIOLATED)
_10727_/B1                              0.750000    0.949656   -0.199656 (VIOLATED)
_13820_/D                               0.750000    0.949369   -0.199369 (VIOLATED)
_13900_/C                               0.750000    0.949350   -0.199350 (VIOLATED)
_14143_/A3                              0.750000    0.949350   -0.199350 (VIOLATED)
_14234_/C                               0.750000    0.949346   -0.199346 (VIOLATED)
_13580_/C                               0.750000    0.949345   -0.199345 (VIOLATED)
_13749_/C                               0.750000    0.949331   -0.199331 (VIOLATED)
_13451_/B                               0.750000    0.949312   -0.199312 (VIOLATED)
_14233_/B                               0.750000    0.949306   -0.199306 (VIOLATED)
_13750_/B                               0.750000    0.949306   -0.199306 (VIOLATED)
_13449_/Y                               0.750000    0.949304   -0.199304 (VIOLATED)
_14661_/B                               0.750000    0.949304   -0.199304 (VIOLATED)
_14662_/A3                              0.750000    0.949304   -0.199304 (VIOLATED)
_14775_/C                               0.750000    0.949304   -0.199304 (VIOLATED)
_14778_/C                               0.750000    0.949304   -0.199304 (VIOLATED)
_12618_/A1                              0.750000    0.948667   -0.198667 (VIOLATED)
_12596_/A                               0.750000    0.948666   -0.198666 (VIOLATED)
_11585_/A                               0.750000    0.948666   -0.198666 (VIOLATED)
_14095_/A1                              0.750000    0.948665   -0.198665 (VIOLATED)
_11586_/B                               0.750000    0.948619   -0.198619 (VIOLATED)
_11618_/A2                              0.750000    0.948616   -0.198616 (VIOLATED)
_11584_/Y                               0.750000    0.948427   -0.198427 (VIOLATED)
_20989_/RESET_B                         0.750000    0.946084   -0.196084 (VIOLATED)
_20988_/RESET_B                         0.750000    0.944738   -0.194738 (VIOLATED)
_15505_/C1                              0.750000    0.943974   -0.193974 (VIOLATED)
_15601_/B1                              0.750000    0.943973   -0.193973 (VIOLATED)
_15700_/B1                              0.750000    0.943969   -0.193969 (VIOLATED)
_15890_/B1                              0.750000    0.943968   -0.193968 (VIOLATED)
_16164_/B1                              0.750000    0.943967   -0.193967 (VIOLATED)
_16075_/C1                              0.750000    0.943967   -0.193967 (VIOLATED)
_16343_/B1                              0.750000    0.943958   -0.193958 (VIOLATED)
_18968_/B1                              0.750000    0.943952   -0.193952 (VIOLATED)
_18856_/A1                              0.750000    0.943952   -0.193952 (VIOLATED)
_18835_/A1                              0.750000    0.943951   -0.193951 (VIOLATED)
_18842_/A1                              0.750000    0.943951   -0.193951 (VIOLATED)
_18849_/A1                              0.750000    0.943951   -0.193951 (VIOLATED)
_18877_/A1                              0.750000    0.943946   -0.193946 (VIOLATED)
_18813_/A1                              0.750000    0.943933   -0.193933 (VIOLATED)
_18792_/A1                              0.750000    0.943926   -0.193926 (VIOLATED)
_18799_/A1                              0.750000    0.943924   -0.193924 (VIOLATED)
_18806_/A1                              0.750000    0.943911   -0.193911 (VIOLATED)
_18863_/A1                              0.750000    0.943902   -0.193902 (VIOLATED)
_18828_/A1                              0.750000    0.943902   -0.193902 (VIOLATED)
_18870_/A1                              0.750000    0.943902   -0.193902 (VIOLATED)
_18699_/A1                              0.750000    0.943902   -0.193902 (VIOLATED)
_18692_/A                               0.750000    0.943901   -0.193901 (VIOLATED)
_18684_/A1                              0.750000    0.943894   -0.193894 (VIOLATED)
_18706_/A1                              0.750000    0.943892   -0.193892 (VIOLATED)
_18677_/A1                              0.750000    0.943886   -0.193886 (VIOLATED)
_18713_/A1                              0.750000    0.943883   -0.193883 (VIOLATED)
_14873_/B1                              0.750000    0.943883   -0.193883 (VIOLATED)
_15201_/A                               0.750000    0.943882   -0.193882 (VIOLATED)
_18735_/A1                              0.750000    0.943882   -0.193882 (VIOLATED)
_18785_/A1                              0.750000    0.943882   -0.193882 (VIOLATED)
_14982_/B1                              0.750000    0.943881   -0.193881 (VIOLATED)
_16256_/B1                              0.750000    0.943881   -0.193881 (VIOLATED)
_18778_/A1                              0.750000    0.943881   -0.193881 (VIOLATED)
_18763_/A                               0.750000    0.943880   -0.193880 (VIOLATED)
_18756_/A1                              0.750000    0.943879   -0.193879 (VIOLATED)
_14409_/C1                              0.750000    0.943879   -0.193879 (VIOLATED)
_18749_/A1                              0.750000    0.943879   -0.193879 (VIOLATED)
_18612_/B                               0.750000    0.943878   -0.193878 (VIOLATED)
_13463_/Y                               0.750000    0.943877   -0.193877 (VIOLATED)
_13465_/A2                              0.750000    0.943877   -0.193877 (VIOLATED)
_18611_/B                               0.750000    0.943877   -0.193877 (VIOLATED)
_18655_/A1                              0.750000    0.943877   -0.193877 (VIOLATED)
_18662_/A1                              0.750000    0.943877   -0.193877 (VIOLATED)
_18721_/A                               0.750000    0.943877   -0.193877 (VIOLATED)
_18728_/A1                              0.750000    0.943877   -0.193877 (VIOLATED)
_15057_/A                               0.750000    0.933837   -0.183837 (VIOLATED)
_15176_/A1                              0.750000    0.933837   -0.183837 (VIOLATED)
_14710_/A                               0.750000    0.933824   -0.183824 (VIOLATED)
_14478_/A                               0.750000    0.933807   -0.183807 (VIOLATED)
_14475_/A1                              0.750000    0.933806   -0.183806 (VIOLATED)
_14480_/A1                              0.750000    0.933805   -0.183805 (VIOLATED)
_14265_/A1                              0.750000    0.933780   -0.183780 (VIOLATED)
_14171_/A                               0.750000    0.933778   -0.183778 (VIOLATED)
_14085_/A                               0.750000    0.933771   -0.183771 (VIOLATED)
_13922_/B                               0.750000    0.933753   -0.183753 (VIOLATED)
_13923_/B1                              0.750000    0.933722   -0.183722 (VIOLATED)
_13924_/B                               0.750000    0.933720   -0.183720 (VIOLATED)
_13840_/B                               0.750000    0.933704   -0.183704 (VIOLATED)
_13686_/B                               0.750000    0.933682   -0.183682 (VIOLATED)
_13687_/B1                              0.750000    0.933655   -0.183655 (VIOLATED)
_13685_/B                               0.750000    0.933654   -0.183654 (VIOLATED)
_13684_/X                               0.750000    0.933582   -0.183582 (VIOLATED)
_10229_/A2                              0.750000    0.927524   -0.177524 (VIOLATED)
_11384_/A2                              0.750000    0.927521   -0.177521 (VIOLATED)
_10831_/A2                              0.750000    0.927509   -0.177509 (VIOLATED)
_10289_/A2                              0.750000    0.927479   -0.177479 (VIOLATED)
_11006_/B                               0.750000    0.927456   -0.177456 (VIOLATED)
_10954_/A2                              0.750000    0.927454   -0.177454 (VIOLATED)
_11931_/A2                              0.750000    0.927450   -0.177450 (VIOLATED)
_10171_/A2                              0.750000    0.927408   -0.177408 (VIOLATED)
_10405_/A2                              0.750000    0.927403   -0.177403 (VIOLATED)
_11687_/A2                              0.750000    0.927388   -0.177388 (VIOLATED)
_11514_/A2                              0.750000    0.927356   -0.177357 (VIOLATED)
_11575_/A2                              0.750000    0.927334   -0.177334 (VIOLATED)
_11806_/A2                              0.750000    0.927301   -0.177301 (VIOLATED)
_11868_/A2                              0.750000    0.927290   -0.177290 (VIOLATED)
_10635_/A2                              0.750000    0.927250   -0.177250 (VIOLATED)
_11262_/B1                              0.750000    0.927231   -0.177231 (VIOLATED)
_11331_/A2                              0.750000    0.927211   -0.177211 (VIOLATED)
_10756_/B1                              0.750000    0.927153   -0.177153 (VIOLATED)
_09886_/X                               0.750000    0.927054   -0.177054 (VIOLATED)
_12114_/C                               0.750000    0.927054   -0.177054 (VIOLATED)
_16951_/S                               0.750000    0.925498   -0.175498 (VIOLATED)
_16964_/S                               0.750000    0.925484   -0.175484 (VIOLATED)
_16962_/S                               0.750000    0.925459   -0.175459 (VIOLATED)
_16966_/S                               0.750000    0.925435   -0.175435 (VIOLATED)
_16952_/S                               0.750000    0.925433   -0.175433 (VIOLATED)
_16960_/S                               0.750000    0.925415   -0.175415 (VIOLATED)
_16953_/S                               0.750000    0.925383   -0.175383 (VIOLATED)
_16967_/S                               0.750000    0.925352   -0.175352 (VIOLATED)
_16961_/S                               0.750000    0.925212   -0.175212 (VIOLATED)
_16945_/S                               0.750000    0.925167   -0.175167 (VIOLATED)
_16958_/S                               0.750000    0.925099   -0.175099 (VIOLATED)
_16954_/S                               0.750000    0.925034   -0.175034 (VIOLATED)
_16956_/S                               0.750000    0.925034   -0.175034 (VIOLATED)
_16955_/S                               0.750000    0.925029   -0.175029 (VIOLATED)
_16963_/S                               0.750000    0.925024   -0.175024 (VIOLATED)
_16946_/S                               0.750000    0.925013   -0.175013 (VIOLATED)
_16941_/S                               0.750000    0.925003   -0.175003 (VIOLATED)
_16957_/S                               0.750000    0.924997   -0.174997 (VIOLATED)
_16936_/X                               0.750000    0.924994   -0.174994 (VIOLATED)
_17574_/B1                              0.750000    0.911955   -0.161955 (VIOLATED)
_17578_/B1                              0.750000    0.911955   -0.161955 (VIOLATED)
_17571_/B1                              0.750000    0.911955   -0.161955 (VIOLATED)
_17567_/B1                              0.750000    0.911954   -0.161954 (VIOLATED)
_17563_/B1                              0.750000    0.911953   -0.161953 (VIOLATED)
_17560_/B1                              0.750000    0.911952   -0.161952 (VIOLATED)
_17556_/B1                              0.750000    0.911951   -0.161951 (VIOLATED)
_17552_/B1                              0.750000    0.911951   -0.161951 (VIOLATED)
_17549_/B1                              0.750000    0.911949   -0.161949 (VIOLATED)
_17545_/B1                              0.750000    0.911946   -0.161946 (VIOLATED)
_17541_/B1                              0.750000    0.911945   -0.161945 (VIOLATED)
_17538_/B1                              0.750000    0.911943   -0.161943 (VIOLATED)
_17534_/B1                              0.750000    0.911938   -0.161938 (VIOLATED)
_17530_/B1                              0.750000    0.911935   -0.161935 (VIOLATED)
_17526_/B1                              0.750000    0.911932   -0.161932 (VIOLATED)
_17522_/B1                              0.750000    0.911931   -0.161931 (VIOLATED)
_17518_/B1                              0.750000    0.911929   -0.161929 (VIOLATED)
_17514_/B1                              0.750000    0.911928   -0.161928 (VIOLATED)
_17498_/B1                              0.750000    0.911927   -0.161927 (VIOLATED)
_17502_/B1                              0.750000    0.911927   -0.161927 (VIOLATED)
_17506_/B1                              0.750000    0.911927   -0.161927 (VIOLATED)
_17510_/B1                              0.750000    0.911927   -0.161927 (VIOLATED)
_17493_/Y                               0.750000    0.911926   -0.161926 (VIOLATED)
_17611_/B1                              0.750000    0.911926   -0.161926 (VIOLATED)
_17614_/B1                              0.750000    0.911926   -0.161926 (VIOLATED)
_18082_/A2                              0.750000    0.907687   -0.157687 (VIOLATED)
_18079_/A2                              0.750000    0.907685   -0.157685 (VIOLATED)
_18067_/A2                              0.750000    0.907683   -0.157683 (VIOLATED)
_18076_/A2                              0.750000    0.907683   -0.157683 (VIOLATED)
_18091_/A2                              0.750000    0.907679   -0.157680 (VIOLATED)
_18085_/A2                              0.750000    0.907679   -0.157679 (VIOLATED)
_18088_/A2                              0.750000    0.907676   -0.157676 (VIOLATED)
_18070_/A2                              0.750000    0.907672   -0.157672 (VIOLATED)
_18097_/A2                              0.750000    0.907667   -0.157667 (VIOLATED)
_18073_/A2                              0.750000    0.907659   -0.157659 (VIOLATED)
_18055_/A2                              0.750000    0.907658   -0.157658 (VIOLATED)
_18061_/A2                              0.750000    0.907654   -0.157654 (VIOLATED)
_18058_/A2                              0.750000    0.907653   -0.157653 (VIOLATED)
_17970_/B1                              0.750000    0.907650   -0.157650 (VIOLATED)
_18221_/B1                              0.750000    0.907648   -0.157648 (VIOLATED)
_18006_/B1                              0.750000    0.907645   -0.157646 (VIOLATED)
_18222_/B1                              0.750000    0.907639   -0.157639 (VIOLATED)
_18064_/A2                              0.750000    0.907631   -0.157631 (VIOLATED)
_18094_/A2                              0.750000    0.907631   -0.157631 (VIOLATED)
_18100_/A2                              0.750000    0.907629   -0.157629 (VIOLATED)
_18049_/A2                              0.750000    0.907628   -0.157628 (VIOLATED)
_18052_/A2                              0.750000    0.907627   -0.157627 (VIOLATED)
_18046_/A2                              0.750000    0.907624   -0.157624 (VIOLATED)
_18043_/A2                              0.750000    0.907622   -0.157622 (VIOLATED)
_18034_/A2                              0.750000    0.907619   -0.157619 (VIOLATED)
_18037_/A2                              0.750000    0.907615   -0.157615 (VIOLATED)
_18031_/A2                              0.750000    0.907610   -0.157610 (VIOLATED)
_18028_/A2                              0.750000    0.907604   -0.157604 (VIOLATED)
_18025_/A2                              0.750000    0.907599   -0.157599 (VIOLATED)
_18022_/A2                              0.750000    0.907595   -0.157595 (VIOLATED)
_18200_/B                               0.750000    0.907593   -0.157593 (VIOLATED)
_18208_/A2                              0.750000    0.907591   -0.157591 (VIOLATED)
_18019_/A2                              0.750000    0.907588   -0.157588 (VIOLATED)
_18213_/A2                              0.750000    0.907588   -0.157588 (VIOLATED)
_18040_/A2                              0.750000    0.907586   -0.157586 (VIOLATED)
_18216_/A2                              0.750000    0.907583   -0.157583 (VIOLATED)
_18016_/A2                              0.750000    0.907583   -0.157583 (VIOLATED)
_18013_/A2                              0.750000    0.907578   -0.157578 (VIOLATED)
_17971_/B1                              0.750000    0.907575   -0.157575 (VIOLATED)
_17966_/X                               0.750000    0.907573   -0.157573 (VIOLATED)
_18510_/A0                              0.750000    0.904989   -0.154989 (VIOLATED)
_18823_/A1                              0.750000    0.904986   -0.154986 (VIOLATED)
_18826_/A2                              0.750000    0.904985   -0.154985 (VIOLATED)
_12521_/A1                              0.750000    0.904978   -0.154978 (VIOLATED)
_19735_/A1                              0.750000    0.904978   -0.154978 (VIOLATED)
_15710_/A2                              0.750000    0.904975   -0.154975 (VIOLATED)
_11569_/Y                               0.750000    0.904972   -0.154972 (VIOLATED)
_12250_/B                               0.750000    0.904972   -0.154972 (VIOLATED)
_19019_/A1                              0.750000    0.904972   -0.154972 (VIOLATED)
_21771_/A                               0.750000    0.904972   -0.154972 (VIOLATED)
_09880_/Y                               0.750000    0.900165   -0.150165 (VIOLATED)
_12114_/B                               0.750000    0.900165   -0.150165 (VIOLATED)
_12126_/B1                              0.750000    0.900165   -0.150165 (VIOLATED)
_12137_/A                               0.750000    0.900165   -0.150165 (VIOLATED)
_19398_/S                               0.750000    0.891233   -0.141233 (VIOLATED)
_19399_/S0                              0.750000    0.891233   -0.141233 (VIOLATED)
_19407_/S                               0.750000    0.891229   -0.141229 (VIOLATED)
_19408_/S0                              0.750000    0.891229   -0.141229 (VIOLATED)
_19421_/S                               0.750000    0.891228   -0.141228 (VIOLATED)
_19422_/S0                              0.750000    0.891228   -0.141228 (VIOLATED)
_19418_/S                               0.750000    0.891226   -0.141226 (VIOLATED)
_19419_/S0                              0.750000    0.891225   -0.141225 (VIOLATED)
_19395_/S                               0.750000    0.891219   -0.141220 (VIOLATED)
_19396_/S0                              0.750000    0.891219   -0.141219 (VIOLATED)
_19392_/S                               0.750000    0.891212   -0.141212 (VIOLATED)
_19393_/S0                              0.750000    0.891210   -0.141210 (VIOLATED)
_19414_/S                               0.750000    0.891185   -0.141185 (VIOLATED)
_19401_/S                               0.750000    0.891184   -0.141184 (VIOLATED)
_19410_/S                               0.750000    0.891183   -0.141183 (VIOLATED)
_19411_/S0                              0.750000    0.891182   -0.141182 (VIOLATED)
_19415_/S0                              0.750000    0.891180   -0.141180 (VIOLATED)
_19389_/S                               0.750000    0.891170   -0.141170 (VIOLATED)
_19390_/S0                              0.750000    0.891169   -0.141169 (VIOLATED)
_19386_/S                               0.750000    0.891119   -0.141119 (VIOLATED)
_19387_/S0                              0.750000    0.891114   -0.141114 (VIOLATED)
_19402_/S                               0.750000    0.891074   -0.141074 (VIOLATED)
_12281_/S                               0.750000    0.891026   -0.141026 (VIOLATED)
_12282_/S                               0.750000    0.890994   -0.140994 (VIOLATED)
_19377_/S                               0.750000    0.890944   -0.140944 (VIOLATED)
_19378_/S0                              0.750000    0.890937   -0.140937 (VIOLATED)
_19383_/S                               0.750000    0.890936   -0.140936 (VIOLATED)
_19384_/S0                              0.750000    0.890936   -0.140936 (VIOLATED)
_19380_/S                               0.750000    0.890905   -0.140905 (VIOLATED)
_19381_/S0                              0.750000    0.890905   -0.140905 (VIOLATED)
_12296_/S                               0.750000    0.890900   -0.140900 (VIOLATED)
_12193_/D_N                             0.750000    0.890900   -0.140900 (VIOLATED)
_12283_/S                               0.750000    0.890900   -0.140900 (VIOLATED)
_12286_/A                               0.750000    0.890900   -0.140900 (VIOLATED)
_12295_/S                               0.750000    0.890900   -0.140900 (VIOLATED)
_19036_/B2                              0.750000    0.890900   -0.140900 (VIOLATED)
_19366_/B1                              0.750000    0.890900   -0.140900 (VIOLATED)
_21717_/Q                               0.750000    0.890900   -0.140900 (VIOLATED)
_19015_/S                               0.750000    0.889913   -0.139913 (VIOLATED)
_19013_/S                               0.750000    0.889912   -0.139912 (VIOLATED)
_19026_/S                               0.750000    0.889910   -0.139910 (VIOLATED)
_18981_/S                               0.750000    0.889907   -0.139907 (VIOLATED)
_18993_/S                               0.750000    0.889907   -0.139907 (VIOLATED)
_19009_/S                               0.750000    0.889906   -0.139906 (VIOLATED)
_19011_/S                               0.750000    0.889905   -0.139905 (VIOLATED)
_18983_/S                               0.750000    0.889898   -0.139898 (VIOLATED)
_19022_/S                               0.750000    0.889884   -0.139884 (VIOLATED)
_19017_/S                               0.750000    0.889881   -0.139882 (VIOLATED)
_18979_/S                               0.750000    0.889881   -0.139881 (VIOLATED)
_19024_/S                               0.750000    0.889853   -0.139853 (VIOLATED)
_14956_/A                               0.750000    0.889846   -0.139846 (VIOLATED)
_14720_/A                               0.750000    0.889846   -0.139846 (VIOLATED)
_14849_/A                               0.750000    0.889846   -0.139846 (VIOLATED)
_14722_/A1                              0.750000    0.889844   -0.139844 (VIOLATED)
_14491_/A                               0.750000    0.889841   -0.139841 (VIOLATED)
_19019_/C1                              0.750000    0.889840   -0.139840 (VIOLATED)
_14387_/A                               0.750000    0.889838   -0.139838 (VIOLATED)
_14388_/A                               0.750000    0.889833   -0.139833 (VIOLATED)
_13522_/A                               0.750000    0.889830   -0.139830 (VIOLATED)
_14184_/A                               0.750000    0.889829   -0.139829 (VIOLATED)
_14097_/A                               0.750000    0.889827   -0.139827 (VIOLATED)
_13931_/A                               0.750000    0.889818   -0.139818 (VIOLATED)
_13847_/A                               0.750000    0.889816   -0.139816 (VIOLATED)
_19032_/S                               0.750000    0.889813   -0.139813 (VIOLATED)
_19005_/S                               0.750000    0.889813   -0.139813 (VIOLATED)
_18999_/S                               0.750000    0.889808   -0.139808 (VIOLATED)
_13648_/A                               0.750000    0.889808   -0.139808 (VIOLATED)
_13770_/A1                              0.750000    0.889808   -0.139808 (VIOLATED)
_13647_/A                               0.750000    0.889807   -0.139807 (VIOLATED)
_13526_/A                               0.750000    0.889806   -0.139806 (VIOLATED)
_13527_/B                               0.750000    0.889806   -0.139806 (VIOLATED)
_13651_/A2                              0.750000    0.889806   -0.139806 (VIOLATED)
_19007_/S                               0.750000    0.889805   -0.139805 (VIOLATED)
_13521_/X                               0.750000    0.889805   -0.139805 (VIOLATED)
_19001_/S                               0.750000    0.889798   -0.139798 (VIOLATED)
_19003_/S                               0.750000    0.889796   -0.139796 (VIOLATED)
_19028_/S                               0.750000    0.889781   -0.139781 (VIOLATED)
_18997_/S                               0.750000    0.889765   -0.139765 (VIOLATED)
_18995_/S                               0.750000    0.889727   -0.139727 (VIOLATED)
_18989_/S                               0.750000    0.889711   -0.139712 (VIOLATED)
_19030_/S                               0.750000    0.889700   -0.139700 (VIOLATED)
_18991_/S                               0.750000    0.889678   -0.139678 (VIOLATED)
_18975_/S                               0.750000    0.889674   -0.139674 (VIOLATED)
_18987_/S                               0.750000    0.889651   -0.139651 (VIOLATED)
_18985_/S                               0.750000    0.889642   -0.139642 (VIOLATED)
_18973_/S                               0.750000    0.889641   -0.139641 (VIOLATED)
_18977_/S                               0.750000    0.889614   -0.139614 (VIOLATED)
_18971_/S                               0.750000    0.889562   -0.139562 (VIOLATED)
_12339_/X                               0.750000    0.889345   -0.139345 (VIOLATED)
_12341_/B1                              0.750000    0.889345   -0.139345 (VIOLATED)
_10554_/Y                               0.750000    0.889102   -0.139102 (VIOLATED)
_10555_/A4                              0.750000    0.889102   -0.139102 (VIOLATED)
_15807_/C1                              0.750000    0.886774   -0.136774 (VIOLATED)
_15210_/B1                              0.750000    0.886774   -0.136774 (VIOLATED)
_15100_/C1                              0.750000    0.886774   -0.136774 (VIOLATED)
_15988_/C1                              0.750000    0.886772   -0.136772 (VIOLATED)
_16353_/C1                              0.750000    0.886769   -0.136769 (VIOLATED)
_16085_/C1                              0.750000    0.886766   -0.136766 (VIOLATED)
_15902_/C1                              0.750000    0.886761   -0.136761 (VIOLATED)
_15612_/C1                              0.750000    0.886747   -0.136747 (VIOLATED)
_15514_/C1                              0.750000    0.886732   -0.136732 (VIOLATED)
_15320_/C1                              0.750000    0.886726   -0.136726 (VIOLATED)
_13885_/B1                              0.750000    0.886726   -0.136726 (VIOLATED)
_16175_/C1                              0.750000    0.886726   -0.136726 (VIOLATED)
_14526_/C1                              0.750000    0.886723   -0.136723 (VIOLATED)
_14992_/C1                              0.750000    0.886721   -0.136722 (VIOLATED)
_14422_/C1                              0.750000    0.886720   -0.136720 (VIOLATED)
_13605_/A                               0.750000    0.886718   -0.136718 (VIOLATED)
_13727_/B1                              0.750000    0.886718   -0.136718 (VIOLATED)
_14314_/C1                              0.750000    0.886716   -0.136717 (VIOLATED)
_14883_/C1                              0.750000    0.886713   -0.136713 (VIOLATED)
_13466_/A                               0.750000    0.886710   -0.136710 (VIOLATED)
_13808_/C1                              0.750000    0.886708   -0.136708 (VIOLATED)
_15711_/C1                              0.750000    0.886707   -0.136707 (VIOLATED)
_15415_/C1                              0.750000    0.886703   -0.136703 (VIOLATED)
_13670_/A                               0.750000    0.886701   -0.136701 (VIOLATED)
_14638_/C1                              0.750000    0.886689   -0.136689 (VIOLATED)
_13969_/C1                              0.750000    0.886684   -0.136684 (VIOLATED)
_13541_/A                               0.750000    0.886675   -0.136675 (VIOLATED)
_14041_/C1                              0.750000    0.886671   -0.136671 (VIOLATED)
_14220_/C1                              0.750000    0.886654   -0.136654 (VIOLATED)
_14128_/C1                              0.750000    0.886632   -0.136632 (VIOLATED)
_10566_/B                               0.750000    0.886577   -0.136577 (VIOLATED)
_10626_/B                               0.750000    0.886574   -0.136574 (VIOLATED)
_10688_/B                               0.750000    0.886562   -0.136562 (VIOLATED)
_10745_/B                               0.750000    0.886560   -0.136560 (VIOLATED)
_10804_/B                               0.750000    0.886551   -0.136551 (VIOLATED)
_13606_/A                               0.750000    0.886530   -0.136530 (VIOLATED)
_10564_/X                               0.750000    0.886529   -0.136529 (VIOLATED)
_12174_/A1                              0.750000    0.886529   -0.136529 (VIOLATED)
_15515_/A                               0.750000    0.886529   -0.136529 (VIOLATED)
_15022_/A                               0.750000    0.886425   -0.136425 (VIOLATED)
_15246_/A1                              0.750000    0.886425   -0.136425 (VIOLATED)
_14683_/A                               0.750000    0.886424   -0.136424 (VIOLATED)
_14456_/A                               0.750000    0.886421   -0.136421 (VIOLATED)
_14356_/A                               0.750000    0.886419   -0.136419 (VIOLATED)
_13921_/A                               0.750000    0.886418   -0.136418 (VIOLATED)
_14256_/A                               0.750000    0.886418   -0.136418 (VIOLATED)
_14164_/A                               0.750000    0.886418   -0.136418 (VIOLATED)
_13599_/C                               0.750000    0.886417   -0.136417 (VIOLATED)
_13600_/A2                              0.750000    0.886417   -0.136417 (VIOLATED)
_13597_/Y                               0.750000    0.886416   -0.136416 (VIOLATED)
_13598_/B                               0.750000    0.886416   -0.136416 (VIOLATED)
_13649_/A2                              0.750000    0.886416   -0.136416 (VIOLATED)
_13840_/A                               0.750000    0.886416   -0.136416 (VIOLATED)
_13992_/B1                              0.750000    0.886416   -0.136416 (VIOLATED)
_15139_/A1                              0.750000    0.882550   -0.132550 (VIOLATED)
_15140_/A                               0.750000    0.882550   -0.132550 (VIOLATED)
_15143_/B2                              0.750000    0.882550   -0.132550 (VIOLATED)
_14915_/A                               0.750000    0.882549   -0.132549 (VIOLATED)
_15019_/B2                              0.750000    0.882549   -0.132549 (VIOLATED)
_14684_/B2                              0.750000    0.882545   -0.132545 (VIOLATED)
_14562_/B1                              0.750000    0.882545   -0.132545 (VIOLATED)
_14457_/A1                              0.750000    0.882541   -0.132541 (VIOLATED)
_14360_/A                               0.750000    0.882540   -0.132540 (VIOLATED)
_14358_/B2                              0.750000    0.882538   -0.132538 (VIOLATED)
_14257_/A                               0.750000    0.882537   -0.132537 (VIOLATED)
_13646_/Y                               0.750000    0.882535   -0.132535 (VIOLATED)
_13649_/B1                              0.750000    0.882535   -0.132535 (VIOLATED)
_13769_/A2                              0.750000    0.882535   -0.132535 (VIOLATED)
_13841_/A                               0.750000    0.882535   -0.132535 (VIOLATED)
_13922_/A                               0.750000    0.882535   -0.132535 (VIOLATED)
_13923_/B2                              0.750000    0.882535   -0.132535 (VIOLATED)
_14078_/A                               0.750000    0.882535   -0.132535 (VIOLATED)
_14080_/A                               0.750000    0.882535   -0.132535 (VIOLATED)
_20986_/RESET_B                         0.750000    0.879308   -0.129308 (VIOLATED)
_16222_/A                               0.750000    0.877426   -0.127426 (VIOLATED)
_16307_/A                               0.750000    0.877426   -0.127426 (VIOLATED)
_16315_/A1                              0.750000    0.877426   -0.127426 (VIOLATED)
_18897_/A1                              0.750000    0.877426   -0.127426 (VIOLATED)
_16220_/A1                              0.750000    0.877425   -0.127425 (VIOLATED)
_16131_/A                               0.750000    0.877424   -0.127424 (VIOLATED)
_18899_/A                               0.750000    0.877424   -0.127424 (VIOLATED)
_18953_/A1                              0.750000    0.877422   -0.127422 (VIOLATED)
_16129_/A1                              0.750000    0.877421   -0.127421 (VIOLATED)
_18955_/A                               0.750000    0.877418   -0.127418 (VIOLATED)
_14897_/Y                               0.750000    0.877401   -0.127401 (VIOLATED)
_14901_/B                               0.750000    0.877401   -0.127401 (VIOLATED)
_15920_/A                               0.750000    0.876070   -0.126070 (VIOLATED)
_15919_/A                               0.750000    0.876069   -0.126069 (VIOLATED)
_15839_/A                               0.750000    0.876067   -0.126067 (VIOLATED)
_15742_/A                               0.750000    0.876066   -0.126066 (VIOLATED)
_15657_/A                               0.750000    0.876059   -0.126059 (VIOLATED)
_15563_/A                               0.750000    0.876042   -0.126042 (VIOLATED)
_15373_/B                               0.750000    0.876021   -0.126021 (VIOLATED)
_15268_/B                               0.750000    0.876020   -0.126020 (VIOLATED)
_15167_/B                               0.750000    0.876007   -0.126007 (VIOLATED)
_14710_/B                               0.750000    0.875896   -0.125896 (VIOLATED)
_14283_/B                               0.750000    0.875850   -0.125850 (VIOLATED)
_14389_/A2                              0.750000    0.875846   -0.125846 (VIOLATED)
_14284_/C                               0.750000    0.875828   -0.125828 (VIOLATED)
_14285_/A2                              0.750000    0.875827   -0.125827 (VIOLATED)
_14282_/X                               0.750000    0.875789   -0.125789 (VIOLATED)
_15350_/A                               0.750000    0.874116   -0.124116 (VIOLATED)
_15540_/A1                              0.750000    0.874116   -0.124116 (VIOLATED)
_15541_/A1                              0.750000    0.874116   -0.124116 (VIOLATED)
_15542_/A                               0.750000    0.874116   -0.124116 (VIOLATED)
_15638_/A1                              0.750000    0.874116   -0.124116 (VIOLATED)
_15025_/A                               0.750000    0.874105   -0.124105 (VIOLATED)
_14921_/A                               0.750000    0.874102   -0.124102 (VIOLATED)
_14689_/A                               0.750000    0.874093   -0.124093 (VIOLATED)
_14462_/A                               0.750000    0.874068   -0.124068 (VIOLATED)
_14364_/A                               0.750000    0.874065   -0.124065 (VIOLATED)
_14261_/A                               0.750000    0.874060   -0.124060 (VIOLATED)
_14170_/B                               0.750000    0.874058   -0.124058 (VIOLATED)
_14085_/B                               0.750000    0.874052   -0.124052 (VIOLATED)
_14000_/B                               0.750000    0.874049   -0.124049 (VIOLATED)
_13774_/B                               0.750000    0.874047   -0.124047 (VIOLATED)
_13849_/A2                              0.750000    0.874047   -0.124047 (VIOLATED)
_13927_/B                               0.750000    0.874047   -0.124047 (VIOLATED)
_13773_/X                               0.750000    0.874044   -0.124044 (VIOLATED)
_18532_/A3                              0.750000    0.873930   -0.123930 (VIOLATED)
_18572_/A3                              0.750000    0.873930   -0.123930 (VIOLATED)
_18553_/B                               0.750000    0.873930   -0.123930 (VIOLATED)
_18530_/A3                              0.750000    0.873929   -0.123929 (VIOLATED)
_18830_/S                               0.750000    0.873929   -0.123929 (VIOLATED)
_18837_/S                               0.750000    0.873929   -0.123929 (VIOLATED)
_18570_/A3                              0.750000    0.873929   -0.123929 (VIOLATED)
_18844_/S                               0.750000    0.873929   -0.123929 (VIOLATED)
_18851_/S                               0.750000    0.873929   -0.123929 (VIOLATED)
_18708_/S                               0.750000    0.873928   -0.123928 (VIOLATED)
_18858_/S                               0.750000    0.873928   -0.123928 (VIOLATED)
_18535_/B                               0.750000    0.873928   -0.123928 (VIOLATED)
_18578_/A4                              0.750000    0.873928   -0.123928 (VIOLATED)
_18594_/A4                              0.750000    0.873928   -0.123928 (VIOLATED)
_18529_/B                               0.750000    0.873928   -0.123928 (VIOLATED)
_18716_/S                               0.750000    0.873928   -0.123928 (VIOLATED)
_18865_/S                               0.750000    0.873927   -0.123927 (VIOLATED)
_18672_/S                               0.750000    0.873927   -0.123927 (VIOLATED)
_18816_/S                               0.750000    0.873927   -0.123927 (VIOLATED)
_18701_/S                               0.750000    0.873926   -0.123926 (VIOLATED)
_18723_/S                               0.750000    0.873926   -0.123926 (VIOLATED)
_18823_/S                               0.750000    0.873926   -0.123926 (VIOLATED)
_18679_/S                               0.750000    0.873925   -0.123925 (VIOLATED)
_18687_/S                               0.750000    0.873925   -0.123925 (VIOLATED)
_18730_/S                               0.750000    0.873924   -0.123924 (VIOLATED)
_18694_/S                               0.750000    0.873923   -0.123923 (VIOLATED)
_18808_/S                               0.750000    0.873922   -0.123922 (VIOLATED)
_18787_/S                               0.750000    0.873922   -0.123922 (VIOLATED)
_18624_/S                               0.750000    0.873922   -0.123922 (VIOLATED)
_18773_/S                               0.750000    0.873922   -0.123922 (VIOLATED)
_18780_/S                               0.750000    0.873922   -0.123922 (VIOLATED)
_18794_/S                               0.750000    0.873922   -0.123922 (VIOLATED)
_18801_/S                               0.750000    0.873922   -0.123922 (VIOLATED)
_18657_/S                               0.750000    0.873922   -0.123922 (VIOLATED)
_18766_/S                               0.750000    0.873921   -0.123921 (VIOLATED)
_18665_/S                               0.750000    0.873920   -0.123920 (VIOLATED)
_18758_/S                               0.750000    0.873920   -0.123920 (VIOLATED)
_18744_/S                               0.750000    0.873920   -0.123920 (VIOLATED)
_18737_/S                               0.750000    0.873920   -0.123920 (VIOLATED)
_18751_/S                               0.750000    0.873920   -0.123920 (VIOLATED)
_18528_/X                               0.750000    0.873918   -0.123918 (VIOLATED)
_14056_/A0                              0.750000    0.870204   -0.120204 (VIOLATED)
_18720_/A1                              0.750000    0.870199   -0.120199 (VIOLATED)
_10395_/A0                              0.750000    0.870180   -0.120180 (VIOLATED)
_10389_/Y                               0.750000    0.870136   -0.120137 (VIOLATED)
_10321_/B1                              0.750000    0.869761   -0.119761 (VIOLATED)
_10082_/A1                              0.750000    0.869758   -0.119758 (VIOLATED)
_14541_/A1                              0.750000    0.869758   -0.119758 (VIOLATED)
_10141_/A_N                             0.750000    0.869747   -0.119747 (VIOLATED)
_10257_/C1                              0.750000    0.869721   -0.119721 (VIOLATED)
_10150_/A                               0.750000    0.869712   -0.119712 (VIOLATED)
_11207_/A1                              0.750000    0.869702   -0.119702 (VIOLATED)
_10428_/B1                              0.750000    0.869672   -0.119672 (VIOLATED)
_10556_/A1                              0.750000    0.869669   -0.119669 (VIOLATED)
_10557_/A1                              0.750000    0.869668   -0.119668 (VIOLATED)
_11306_/A1                              0.750000    0.869589   -0.119589 (VIOLATED)
_11305_/A1                              0.750000    0.869588   -0.119589 (VIOLATED)
_10620_/A1                              0.750000    0.869501   -0.119501 (VIOLATED)
_10619_/A1                              0.750000    0.869496   -0.119496 (VIOLATED)
_09837_/A                               0.750000    0.869397   -0.119397 (VIOLATED)
_10923_/A1                              0.750000    0.869395   -0.119395 (VIOLATED)
_10149_/A                               0.750000    0.869390   -0.119390 (VIOLATED)
_18355_/B2                              0.750000    0.869378   -0.119378 (VIOLATED)
_11367_/A1                              0.750000    0.869375   -0.119375 (VIOLATED)
_10389_/A1                              0.750000    0.869370   -0.119370 (VIOLATED)
_10390_/A1                              0.750000    0.869367   -0.119367 (VIOLATED)
_10566_/A                               0.750000    0.869365   -0.119365 (VIOLATED)
_19605_/A1                              0.750000    0.868964   -0.118964 (VIOLATED)
_21622_/Q                               0.750000    0.868964   -0.118964 (VIOLATED)
_19233_/S                               0.750000    0.865722   -0.115722 (VIOLATED)
_19221_/S                               0.750000    0.865720   -0.115720 (VIOLATED)
_19193_/S                               0.750000    0.865718   -0.115718 (VIOLATED)
_19225_/S                               0.750000    0.865717   -0.115717 (VIOLATED)
_19189_/S                               0.750000    0.865717   -0.115717 (VIOLATED)
_19231_/S                               0.750000    0.865714   -0.115714 (VIOLATED)
_19229_/S                               0.750000    0.865711   -0.115712 (VIOLATED)
_19201_/S                               0.750000    0.865710   -0.115710 (VIOLATED)
_19223_/S                               0.750000    0.865708   -0.115708 (VIOLATED)
_19227_/S                               0.750000    0.865706   -0.115706 (VIOLATED)
_19187_/S                               0.750000    0.865704   -0.115704 (VIOLATED)
_19219_/S                               0.750000    0.865701   -0.115701 (VIOLATED)
_19199_/S                               0.750000    0.865695   -0.115695 (VIOLATED)
_19195_/S                               0.750000    0.865694   -0.115694 (VIOLATED)
_19185_/S                               0.750000    0.865691   -0.115691 (VIOLATED)
_19217_/S                               0.750000    0.865683   -0.115683 (VIOLATED)
_19215_/S                               0.750000    0.865675   -0.115675 (VIOLATED)
_19197_/S                               0.750000    0.865674   -0.115674 (VIOLATED)
_19183_/S                               0.750000    0.865659   -0.115659 (VIOLATED)
_19213_/S                               0.750000    0.865625   -0.115625 (VIOLATED)
_19181_/S                               0.750000    0.865596   -0.115596 (VIOLATED)
_19191_/S                               0.750000    0.865567   -0.115568 (VIOLATED)
_19205_/S                               0.750000    0.865533   -0.115533 (VIOLATED)
_19203_/S                               0.750000    0.865502   -0.115502 (VIOLATED)
_19211_/S                               0.750000    0.865464   -0.115464 (VIOLATED)
_19207_/S                               0.750000    0.865460   -0.115460 (VIOLATED)
_19175_/S                               0.750000    0.865433   -0.115433 (VIOLATED)
_19179_/S                               0.750000    0.865433   -0.115433 (VIOLATED)
_19177_/S                               0.750000    0.865406   -0.115406 (VIOLATED)
_19209_/S                               0.750000    0.865406   -0.115406 (VIOLATED)
_19171_/S                               0.750000    0.865405   -0.115405 (VIOLATED)
_09867_/A                               0.750000    0.865393   -0.115393 (VIOLATED)
_12096_/A2                              0.750000    0.865393   -0.115393 (VIOLATED)
_12193_/A                               0.750000    0.865393   -0.115393 (VIOLATED)
_12301_/A1                              0.750000    0.865393   -0.115393 (VIOLATED)
_19037_/S                               0.750000    0.865393   -0.115393 (VIOLATED)
_19173_/S                               0.750000    0.865393   -0.115393 (VIOLATED)
_19362_/B1                              0.750000    0.865393   -0.115393 (VIOLATED)
_19366_/A1                              0.750000    0.865393   -0.115393 (VIOLATED)
_21718_/Q                               0.750000    0.865393   -0.115393 (VIOLATED)
_20984_/RESET_B                         0.750000    0.863903   -0.113903 (VIOLATED)
_11286_/Y                               0.750000    0.861802   -0.111802 (VIOLATED)
_11287_/D                               0.750000    0.861802   -0.111802 (VIOLATED)
_15917_/A1                              0.750000    0.856713   -0.106713 (VIOLATED)
_16003_/A1                              0.750000    0.856713   -0.106713 (VIOLATED)
_16024_/A1                              0.750000    0.856713   -0.106713 (VIOLATED)
_16017_/A                               0.750000    0.856712   -0.106712 (VIOLATED)
_16020_/A1                              0.750000    0.856711   -0.106711 (VIOLATED)
_15744_/B                               0.750000    0.856708   -0.106708 (VIOLATED)
_15564_/B                               0.750000    0.856698   -0.106698 (VIOLATED)
_15466_/B                               0.750000    0.856688   -0.106688 (VIOLATED)
_15374_/A2                              0.750000    0.856688   -0.106688 (VIOLATED)
_15269_/B                               0.750000    0.856688   -0.106688 (VIOLATED)
_15168_/B1                              0.750000    0.856681   -0.106681 (VIOLATED)
_15052_/A2                              0.750000    0.856663   -0.106663 (VIOLATED)
_14947_/B                               0.750000    0.856662   -0.106662 (VIOLATED)
_14593_/B1                              0.750000    0.856628   -0.106628 (VIOLATED)
_14595_/A2                              0.750000    0.856626   -0.106626 (VIOLATED)
_14386_/Y                               0.750000    0.856619   -0.106619 (VIOLATED)
_14389_/B1                              0.750000    0.856619   -0.106619 (VIOLATED)
_20985_/RESET_B                         0.750000    0.852332   -0.102332 (VIOLATED)
_15444_/B                               0.750000    0.851609   -0.101609 (VIOLATED)
_15540_/A3                              0.750000    0.851609   -0.101609 (VIOLATED)
_15541_/A3                              0.750000    0.851610   -0.101610 (VIOLATED)
_15542_/B                               0.750000    0.851609   -0.101609 (VIOLATED)
_15348_/A1                              0.750000    0.851609   -0.101609 (VIOLATED)
_14922_/B1                              0.750000    0.851604   -0.101604 (VIOLATED)
_14814_/A                               0.750000    0.851601   -0.101602 (VIOLATED)
_14817_/A1                              0.750000    0.851601   -0.101601 (VIOLATED)
_14569_/A                               0.750000    0.851599   -0.101599 (VIOLATED)
_14463_/B1                              0.750000    0.851591   -0.101591 (VIOLATED)
_14365_/B1                              0.750000    0.851587   -0.101587 (VIOLATED)
_14263_/B1                              0.750000    0.851585   -0.101585 (VIOLATED)
_14262_/B                               0.750000    0.851584   -0.101584 (VIOLATED)
_14086_/B                               0.750000    0.851581   -0.101581 (VIOLATED)
_14001_/B1                              0.750000    0.851580   -0.101580 (VIOLATED)
_13930_/Y                               0.750000    0.851579   -0.101579 (VIOLATED)
_13932_/B                               0.750000    0.851579   -0.101579 (VIOLATED)
_13933_/B1                              0.750000    0.851579   -0.101579 (VIOLATED)
_12774_/A                               0.750000    0.838618   -0.088618 (VIOLATED)
_12781_/A1                              0.750000    0.838618   -0.088618 (VIOLATED)
_10450_/A2_N                            0.750000    0.838612   -0.088612 (VIOLATED)
_13869_/B                               0.750000    0.838612   -0.088612 (VIOLATED)
_13870_/A2                              0.750000    0.838612   -0.088612 (VIOLATED)
_13871_/A2                              0.750000    0.838612   -0.088612 (VIOLATED)
_10449_/Y                               0.750000    0.838604   -0.088604 (VIOLATED)
_13357_/A                               0.750000    0.838604   -0.088604 (VIOLATED)
_13390_/A1                              0.750000    0.838604   -0.088604 (VIOLATED)
_19257_/S                               0.750000    0.836467   -0.086467 (VIOLATED)
_19289_/S                               0.750000    0.836465   -0.086465 (VIOLATED)
_19295_/S                               0.750000    0.836463   -0.086463 (VIOLATED)
_19297_/S                               0.750000    0.836459   -0.086459 (VIOLATED)
_19293_/S                               0.750000    0.836459   -0.086459 (VIOLATED)
_19285_/S                               0.750000    0.836457   -0.086458 (VIOLATED)
_19291_/S                               0.750000    0.836455   -0.086455 (VIOLATED)
_19253_/S                               0.750000    0.836453   -0.086453 (VIOLATED)
_19287_/S                               0.750000    0.836450   -0.086450 (VIOLATED)
_19265_/S                               0.750000    0.836446   -0.086446 (VIOLATED)
_19251_/S                               0.750000    0.836439   -0.086439 (VIOLATED)
_19283_/S                               0.750000    0.836438   -0.086438 (VIOLATED)
_19259_/S                               0.750000    0.836431   -0.086431 (VIOLATED)
_19263_/S                               0.750000    0.836430   -0.086431 (VIOLATED)
_19249_/S                               0.750000    0.836426   -0.086426 (VIOLATED)
_19281_/S                               0.750000    0.836420   -0.086420 (VIOLATED)
_19279_/S                               0.750000    0.836413   -0.086413 (VIOLATED)
_19261_/S                               0.750000    0.836402   -0.086402 (VIOLATED)
_19247_/S                               0.750000    0.836390   -0.086390 (VIOLATED)
_19277_/S                               0.750000    0.836364   -0.086364 (VIOLATED)
_19245_/S                               0.750000    0.836323   -0.086323 (VIOLATED)
_19255_/S                               0.750000    0.836294   -0.086294 (VIOLATED)
_19269_/S                               0.750000    0.836266   -0.086266 (VIOLATED)
_19267_/S                               0.750000    0.836235   -0.086235 (VIOLATED)
_19275_/S                               0.750000    0.836201   -0.086201 (VIOLATED)
_19271_/S                               0.750000    0.836199   -0.086199 (VIOLATED)
_19243_/S                               0.750000    0.836153   -0.086153 (VIOLATED)
_19239_/S                               0.750000    0.836150   -0.086150 (VIOLATED)
_19273_/S                               0.750000    0.836133   -0.086133 (VIOLATED)
_19235_/S                               0.750000    0.836126   -0.086126 (VIOLATED)
_12096_/B2                              0.750000    0.836114   -0.086114 (VIOLATED)
_12301_/B1                              0.750000    0.836114   -0.086114 (VIOLATED)
_19040_/S                               0.750000    0.836114   -0.086114 (VIOLATED)
_19042_/B                               0.750000    0.836114   -0.086114 (VIOLATED)
_19237_/S                               0.750000    0.836114   -0.086114 (VIOLATED)
_19241_/S                               0.750000    0.836114   -0.086114 (VIOLATED)
_21719_/Q                               0.750000    0.836114   -0.086114 (VIOLATED)
_16375_/S                               0.750000    0.822389   -0.072389 (VIOLATED)
_16376_/S                               0.750000    0.822364   -0.072364 (VIOLATED)
_16388_/S                               0.750000    0.822339   -0.072339 (VIOLATED)
_16386_/S                               0.750000    0.822336   -0.072336 (VIOLATED)
_16390_/S                               0.750000    0.822330   -0.072330 (VIOLATED)
_16377_/S                               0.750000    0.822329   -0.072329 (VIOLATED)
_16391_/S                               0.750000    0.822304   -0.072304 (VIOLATED)
_16369_/S                               0.750000    0.822288   -0.072288 (VIOLATED)
_16385_/S                               0.750000    0.822279   -0.072279 (VIOLATED)
_16382_/S                               0.750000    0.822258   -0.072258 (VIOLATED)
_16380_/S                               0.750000    0.822226   -0.072226 (VIOLATED)
_16378_/S                               0.750000    0.822224   -0.072224 (VIOLATED)
_16379_/S                               0.750000    0.822220   -0.072220 (VIOLATED)
_16384_/S                               0.750000    0.822219   -0.072219 (VIOLATED)
_16370_/S                               0.750000    0.822219   -0.072219 (VIOLATED)
_16387_/S                               0.750000    0.822219   -0.072219 (VIOLATED)
_16365_/S                               0.750000    0.822204   -0.072204 (VIOLATED)
_16360_/X                               0.750000    0.822196   -0.072196 (VIOLATED)
_16381_/S                               0.750000    0.822196   -0.072196 (VIOLATED)
_11173_/C1                              0.750000    0.821342   -0.071342 (VIOLATED)
_10993_/C1                              0.750000    0.821342   -0.071342 (VIOLATED)
_10089_/A2                              0.750000    0.821342   -0.071342 (VIOLATED)
_10087_/C1                              0.750000    0.821341   -0.071341 (VIOLATED)
_11115_/A1                              0.750000    0.821341   -0.071341 (VIOLATED)
_11053_/C1                              0.750000    0.821340   -0.071340 (VIOLATED)
_11113_/C1                              0.750000    0.821340   -0.071340 (VIOLATED)
_11370_/A1                              0.750000    0.821336   -0.071336 (VIOLATED)
_11429_/A1                              0.750000    0.821335   -0.071335 (VIOLATED)
_10220_/A1                              0.750000    0.821335   -0.071335 (VIOLATED)
_11426_/C1                              0.750000    0.821335   -0.071335 (VIOLATED)
_10218_/C1                              0.750000    0.821335   -0.071335 (VIOLATED)
_11368_/C1                              0.750000    0.821335   -0.071335 (VIOLATED)
_11240_/C1                              0.750000    0.821327   -0.071327 (VIOLATED)
_11307_/C1                              0.750000    0.821325   -0.071325 (VIOLATED)
_11309_/A1                              0.750000    0.821323   -0.071323 (VIOLATED)
_10503_/C1                              0.750000    0.821319   -0.071320 (VIOLATED)
_10444_/C1                              0.750000    0.821318   -0.071318 (VIOLATED)
_10560_/A1                              0.750000    0.821310   -0.071310 (VIOLATED)
_11618_/A1                              0.750000    0.821309   -0.071309 (VIOLATED)
_10558_/C1                              0.750000    0.821307   -0.071307 (VIOLATED)
_11490_/C1                              0.750000    0.821306   -0.071306 (VIOLATED)
_11616_/C1                              0.750000    0.821304   -0.071304 (VIOLATED)
_11672_/C1                              0.750000    0.821296   -0.071296 (VIOLATED)
_11732_/A1                              0.750000    0.821293   -0.071293 (VIOLATED)
_11730_/C1                              0.750000    0.821292   -0.071292 (VIOLATED)
_11791_/C1                              0.750000    0.821277   -0.071277 (VIOLATED)
_11914_/C1                              0.750000    0.821270   -0.071270 (VIOLATED)
_11916_/A1                              0.750000    0.821268   -0.071268 (VIOLATED)
_10275_/C1                              0.750000    0.821267   -0.071267 (VIOLATED)
_10392_/C1                              0.750000    0.821267   -0.071267 (VIOLATED)
_10340_/C1                              0.750000    0.821266   -0.071266 (VIOLATED)
_10925_/C1                              0.750000    0.821265   -0.071265 (VIOLATED)
_10160_/C1                              0.750000    0.821264   -0.071264 (VIOLATED)
_10875_/C1                              0.750000    0.821264   -0.071264 (VIOLATED)
_10505_/A1                              0.750000    0.821264   -0.071264 (VIOLATED)
_11560_/A1                              0.750000    0.821263   -0.071263 (VIOLATED)
_10622_/C1                              0.750000    0.821263   -0.071263 (VIOLATED)
_10801_/C1                              0.750000    0.821262   -0.071262 (VIOLATED)
_11558_/C1                              0.750000    0.821262   -0.071262 (VIOLATED)
_10740_/C1                              0.750000    0.821262   -0.071262 (VIOLATED)
_10086_/X                               0.750000    0.821260   -0.071260 (VIOLATED)
_10684_/C1                              0.750000    0.821260   -0.071260 (VIOLATED)
_11854_/C1                              0.750000    0.821260   -0.071260 (VIOLATED)
_11972_/C1                              0.750000    0.821260   -0.071260 (VIOLATED)
_11406_/A1                              0.750000    0.815104   -0.065104 (VIOLATED)
_10197_/A1                              0.750000    0.815103   -0.065103 (VIOLATED)
_11460_/A2                              0.750000    0.815102   -0.065102 (VIOLATED)
_11463_/A2                              0.750000    0.815101   -0.065101 (VIOLATED)
_11709_/B2                              0.750000    0.815101   -0.065101 (VIOLATED)
_11595_/A1                              0.750000    0.815100   -0.065100 (VIOLATED)
_10047_/Y                               0.750000    0.815098   -0.065098 (VIOLATED)
_11829_/A1                              0.750000    0.815098   -0.065098 (VIOLATED)
_11896_/A1                              0.750000    0.815098   -0.065098 (VIOLATED)
_14746_/A                               0.750000    0.811105   -0.061105 (VIOLATED)
_14790_/A2                              0.750000    0.811104   -0.061104 (VIOLATED)
_09959_/B1                              0.750000    0.811101   -0.061101 (VIOLATED)
_16076_/A1                              0.750000    0.811096   -0.061096 (VIOLATED)
_16345_/A                               0.750000    0.811096   -0.061096 (VIOLATED)
_15978_/A1                              0.750000    0.811095   -0.061095 (VIOLATED)
_15202_/A                               0.750000    0.811094   -0.061094 (VIOLATED)
_15091_/A1                              0.750000    0.811094   -0.061094 (VIOLATED)
_14984_/A1                              0.750000    0.811093   -0.061093 (VIOLATED)
_14875_/A1                              0.750000    0.811090   -0.061090 (VIOLATED)
_16166_/A1                              0.750000    0.811087   -0.061088 (VIOLATED)
_09917_/B                               0.750000    0.811087   -0.061087 (VIOLATED)
_13868_/A                               0.750000    0.811086   -0.061086 (VIOLATED)
_14626_/A1                              0.750000    0.811086   -0.061086 (VIOLATED)
_13726_/A                               0.750000    0.811082   -0.061082 (VIOLATED)
_14515_/A1                              0.750000    0.811081   -0.061081 (VIOLATED)
_13462_/A                               0.750000    0.811079   -0.061079 (VIOLATED)
_12090_/A                               0.750000    0.811078   -0.061078 (VIOLATED)
_09976_/A                               0.750000    0.811077   -0.061077 (VIOLATED)
_13604_/A1                              0.750000    0.811076   -0.061076 (VIOLATED)
_15506_/A1                              0.750000    0.811076   -0.061076 (VIOLATED)
_15603_/A1                              0.750000    0.811076   -0.061076 (VIOLATED)
_15892_/A1                              0.750000    0.811075   -0.061075 (VIOLATED)
_15797_/A1                              0.750000    0.811074   -0.061074 (VIOLATED)
_13540_/A1                              0.750000    0.811074   -0.061074 (VIOLATED)
_13669_/A1                              0.750000    0.811072   -0.061072 (VIOLATED)
_15310_/A1                              0.750000    0.811072   -0.061072 (VIOLATED)
_15406_/A1                              0.750000    0.811072   -0.061072 (VIOLATED)
_13790_/A1                              0.750000    0.811071   -0.061071 (VIOLATED)
_09994_/A                               0.750000    0.811070   -0.061070 (VIOLATED)
_15702_/A1                              0.750000    0.811070   -0.061070 (VIOLATED)
_10017_/A2                              0.750000    0.811068   -0.061068 (VIOLATED)
_13953_/A1                              0.750000    0.811063   -0.061063 (VIOLATED)
_14302_/A1                              0.750000    0.811060   -0.061060 (VIOLATED)
_14028_/A1                              0.750000    0.811050   -0.061050 (VIOLATED)
_14118_/A1                              0.750000    0.811050   -0.061050 (VIOLATED)
_14209_/A1                              0.750000    0.811049   -0.061049 (VIOLATED)
_12336_/A                               0.750000    0.811041   -0.061041 (VIOLATED)
_12337_/A                               0.750000    0.811039   -0.061039 (VIOLATED)
_09843_/Y                               0.750000    0.811031   -0.061031 (VIOLATED)
_12467_/A2                              0.750000    0.809972   -0.059972 (VIOLATED)
_12558_/A2                              0.750000    0.809972   -0.059972 (VIOLATED)
_12526_/A2                              0.750000    0.809972   -0.059972 (VIOLATED)
_12510_/A2                              0.750000    0.809970   -0.059970 (VIOLATED)
_12500_/A2                              0.750000    0.809970   -0.059970 (VIOLATED)
_12479_/A2                              0.750000    0.809969   -0.059969 (VIOLATED)
_12537_/A2                              0.750000    0.809965   -0.059965 (VIOLATED)
_12543_/A2                              0.750000    0.809965   -0.059965 (VIOLATED)
_12484_/A2                              0.750000    0.809963   -0.059963 (VIOLATED)
_12364_/Y                               0.750000    0.809955   -0.059955 (VIOLATED)
_12365_/B1                              0.750000    0.809955   -0.059955 (VIOLATED)
_12392_/B1                              0.750000    0.809955   -0.059955 (VIOLATED)
_12406_/B1                              0.750000    0.809955   -0.059955 (VIOLATED)
_12417_/B1                              0.750000    0.809955   -0.059955 (VIOLATED)
_12426_/B1                              0.750000    0.809955   -0.059955 (VIOLATED)
_16965_/S                               0.750000    0.809560   -0.059561 (VIOLATED)
_16948_/S                               0.750000    0.809549   -0.059549 (VIOLATED)
_16950_/S                               0.750000    0.809484   -0.059484 (VIOLATED)
_16944_/S                               0.750000    0.809455   -0.059455 (VIOLATED)
_16947_/S                               0.750000    0.809440   -0.059441 (VIOLATED)
_16959_/S                               0.750000    0.809341   -0.059341 (VIOLATED)
_16939_/S                               0.750000    0.809269   -0.059269 (VIOLATED)
_16949_/S                               0.750000    0.809267   -0.059267 (VIOLATED)
_16937_/S                               0.750000    0.809265   -0.059265 (VIOLATED)
_16938_/S                               0.750000    0.809245   -0.059245 (VIOLATED)
_16968_/S                               0.750000    0.809207   -0.059207 (VIOLATED)
_16943_/S                               0.750000    0.809202   -0.059202 (VIOLATED)
_16942_/S                               0.750000    0.809181   -0.059181 (VIOLATED)
_16940_/S                               0.750000    0.809181   -0.059181 (VIOLATED)
_16935_/X                               0.750000    0.809118   -0.059118 (VIOLATED)
_19330_/S                               0.750000    0.808386   -0.058386 (VIOLATED)
_19310_/S                               0.750000    0.808386   -0.058386 (VIOLATED)
_19326_/S                               0.750000    0.808384   -0.058384 (VIOLATED)
_19329_/S                               0.750000    0.808380   -0.058380 (VIOLATED)
_19328_/S                               0.750000    0.808374   -0.058374 (VIOLATED)
_19327_/S                               0.750000    0.808368   -0.058368 (VIOLATED)
_19325_/S                               0.750000    0.808361   -0.058361 (VIOLATED)
_19324_/S                               0.750000    0.808347   -0.058347 (VIOLATED)
_19308_/S                               0.750000    0.808345   -0.058345 (VIOLATED)
_19314_/S                               0.750000    0.808341   -0.058341 (VIOLATED)
_19311_/S                               0.750000    0.808339   -0.058339 (VIOLATED)
_19307_/S                               0.750000    0.808335   -0.058335 (VIOLATED)
_19323_/S                               0.750000    0.808335   -0.058335 (VIOLATED)
_19313_/S                               0.750000    0.808330   -0.058330 (VIOLATED)
_19322_/S                               0.750000    0.808326   -0.058326 (VIOLATED)
_19306_/S                               0.750000    0.808325   -0.058325 (VIOLATED)
_19321_/S                               0.750000    0.808320   -0.058320 (VIOLATED)
_19312_/S                               0.750000    0.808304   -0.058304 (VIOLATED)
_19305_/S                               0.750000    0.808295   -0.058295 (VIOLATED)
_19320_/S                               0.750000    0.808269   -0.058269 (VIOLATED)
_19304_/S                               0.750000    0.808226   -0.058226 (VIOLATED)
_19309_/S                               0.750000    0.808198   -0.058198 (VIOLATED)
_19316_/S                               0.750000    0.808173   -0.058173 (VIOLATED)
_19315_/S                               0.750000    0.808143   -0.058143 (VIOLATED)
_19317_/S                               0.750000    0.808109   -0.058109 (VIOLATED)
_19319_/S                               0.750000    0.808107   -0.058107 (VIOLATED)
_19303_/S                               0.750000    0.808060   -0.058060 (VIOLATED)
_19301_/S                               0.750000    0.808058   -0.058058 (VIOLATED)
_19318_/S                               0.750000    0.808043   -0.058043 (VIOLATED)
_19299_/S                               0.750000    0.808035   -0.058035 (VIOLATED)
_19302_/S                               0.750000    0.808024   -0.058024 (VIOLATED)
_19043_/S                               0.750000    0.808023   -0.058023 (VIOLATED)
_19300_/S                               0.750000    0.808019   -0.058019 (VIOLATED)
_19042_/X                               0.750000    0.808016   -0.058016 (VIOLATED)
_16041_/A3                              0.750000    0.805004   -0.055004 (VIOLATED)
_16130_/A3                              0.750000    0.805004   -0.055004 (VIOLATED)
_16306_/A3                              0.750000    0.805004   -0.055004 (VIOLATED)
_18902_/A3                              0.750000    0.805004   -0.055004 (VIOLATED)
_14895_/A3                              0.750000    0.805001   -0.055001 (VIOLATED)
_12262_/Y                               0.750000    0.805001   -0.055001 (VIOLATED)
_13442_/C                               0.750000    0.805001   -0.055001 (VIOLATED)
_13443_/C                               0.750000    0.805001   -0.055001 (VIOLATED)
_13532_/A2                              0.750000    0.805001   -0.055001 (VIOLATED)
_13586_/A2                              0.750000    0.805001   -0.055001 (VIOLATED)
_13828_/A2                              0.750000    0.805001   -0.055001 (VIOLATED)
_13909_/A2                              0.750000    0.805001   -0.055001 (VIOLATED)
_14061_/A2                              0.750000    0.805001   -0.055001 (VIOLATED)
_14150_/A2                              0.750000    0.805001   -0.055001 (VIOLATED)
_14241_/A2                              0.750000    0.805001   -0.055001 (VIOLATED)
_14339_/B                               0.750000    0.805001   -0.055001 (VIOLATED)
_14340_/A2                              0.750000    0.805001   -0.055001 (VIOLATED)
_14668_/A2                              0.750000    0.805001   -0.055001 (VIOLATED)
_19234_/S                               0.750000    0.803484   -0.053484 (VIOLATED)
_19190_/S                               0.750000    0.803483   -0.053483 (VIOLATED)
_19222_/S                               0.750000    0.803482   -0.053482 (VIOLATED)
_19226_/S                               0.750000    0.803477   -0.053477 (VIOLATED)
_19194_/S                               0.750000    0.803477   -0.053477 (VIOLATED)
_19232_/S                               0.750000    0.803474   -0.053474 (VIOLATED)
_19230_/S                               0.750000    0.803473   -0.053473 (VIOLATED)
_19224_/S                               0.750000    0.803472   -0.053472 (VIOLATED)
_19228_/S                               0.750000    0.803471   -0.053471 (VIOLATED)
_19200_/S                               0.750000    0.803468   -0.053468 (VIOLATED)
_19196_/S                               0.750000    0.803465   -0.053465 (VIOLATED)
_19202_/S                               0.750000    0.803452   -0.053452 (VIOLATED)
_19188_/S                               0.750000    0.803451   -0.053451 (VIOLATED)
_19220_/S                               0.750000    0.803447   -0.053447 (VIOLATED)
_19186_/S                               0.750000    0.803442   -0.053442 (VIOLATED)
_19218_/S                               0.750000    0.803438   -0.053439 (VIOLATED)
_19216_/S                               0.750000    0.803404   -0.053404 (VIOLATED)
_19184_/S                               0.750000    0.803381   -0.053381 (VIOLATED)
_19198_/S                               0.750000    0.803368   -0.053368 (VIOLATED)
_19214_/S                               0.750000    0.803337   -0.053338 (VIOLATED)
_19182_/S                               0.750000    0.803317   -0.053317 (VIOLATED)
_19192_/S                               0.750000    0.803282   -0.053282 (VIOLATED)
_19206_/S                               0.750000    0.803236   -0.053236 (VIOLATED)
_19204_/S                               0.750000    0.803205   -0.053205 (VIOLATED)
_19212_/S                               0.750000    0.803162   -0.053162 (VIOLATED)
_19208_/S                               0.750000    0.803157   -0.053157 (VIOLATED)
_19176_/S                               0.750000    0.803143   -0.053143 (VIOLATED)
_19180_/S                               0.750000    0.803140   -0.053140 (VIOLATED)
_19178_/S                               0.750000    0.803112   -0.053112 (VIOLATED)
_19210_/S                               0.750000    0.803111   -0.053111 (VIOLATED)
_19172_/S                               0.750000    0.803107   -0.053107 (VIOLATED)
_19174_/S                               0.750000    0.803091   -0.053091 (VIOLATED)
_19038_/S                               0.750000    0.803086   -0.053086 (VIOLATED)
_19036_/X                               0.750000    0.803082   -0.053082 (VIOLATED)
_10871_/Y                               0.750000    0.801328   -0.051328 (VIOLATED)
_10872_/A3                              0.750000    0.801328   -0.051328 (VIOLATED)
_18397_/A2                              0.750000    0.798817   -0.048817 (VIOLATED)
_18403_/A2                              0.750000    0.798817   -0.048817 (VIOLATED)
_18391_/A2                              0.750000    0.798815   -0.048816 (VIOLATED)
_18408_/A2                              0.750000    0.798814   -0.048814 (VIOLATED)
_18386_/A2                              0.750000    0.798812   -0.048812 (VIOLATED)
_18414_/A2                              0.750000    0.798811   -0.048811 (VIOLATED)
_18420_/A2                              0.750000    0.798811   -0.048811 (VIOLATED)
_18363_/A2                              0.750000    0.798810   -0.048810 (VIOLATED)
_18352_/A2                              0.750000    0.798806   -0.048806 (VIOLATED)
_18357_/A2                              0.750000    0.798800   -0.048800 (VIOLATED)
_18340_/A2                              0.750000    0.798799   -0.048799 (VIOLATED)
_18425_/A2                              0.750000    0.798799   -0.048799 (VIOLATED)
_18327_/A2                              0.750000    0.798798   -0.048798 (VIOLATED)
_18334_/A2                              0.750000    0.798798   -0.048798 (VIOLATED)
_18276_/A2                              0.750000    0.798797   -0.048797 (VIOLATED)
_18284_/A2                              0.750000    0.798797   -0.048797 (VIOLATED)
_18319_/A2                              0.750000    0.798797   -0.048797 (VIOLATED)
_18299_/A2                              0.750000    0.798796   -0.048796 (VIOLATED)
_18262_/A2                              0.750000    0.798796   -0.048796 (VIOLATED)
_18269_/A2                              0.750000    0.798796   -0.048796 (VIOLATED)
_18292_/A2                              0.750000    0.798796   -0.048796 (VIOLATED)
_18313_/A2                              0.750000    0.798795   -0.048795 (VIOLATED)
_18248_/A2                              0.750000    0.798794   -0.048794 (VIOLATED)
_18233_/A2                              0.750000    0.798791   -0.048791 (VIOLATED)
_18346_/A2                              0.750000    0.798787   -0.048787 (VIOLATED)
_18255_/A2                              0.750000    0.798787   -0.048787 (VIOLATED)
_18306_/A2                              0.750000    0.798787   -0.048787 (VIOLATED)
_18241_/A2                              0.750000    0.798786   -0.048786 (VIOLATED)
_18369_/A2                              0.750000    0.798785   -0.048785 (VIOLATED)
_18380_/A2                              0.750000    0.798782   -0.048782 (VIOLATED)
_18374_/A2                              0.750000    0.798782   -0.048782 (VIOLATED)
_18226_/A2                              0.750000    0.798781   -0.048781 (VIOLATED)
_18222_/X                               0.750000    0.798780   -0.048780 (VIOLATED)
_12273_/A                               0.750000    0.791383   -0.041383 (VIOLATED)
_12274_/B                               0.750000    0.791383   -0.041383 (VIOLATED)
_12261_/Y                               0.750000    0.791381   -0.041381 (VIOLATED)
_18608_/A                               0.750000    0.791381   -0.041381 (VIOLATED)
_21733_/D                               0.750000    0.791381   -0.041381 (VIOLATED)
_19770_/S                               0.750000    0.791253   -0.041253 (VIOLATED)
_19762_/S                               0.750000    0.791253   -0.041253 (VIOLATED)
_19778_/S                               0.750000    0.791252   -0.041252 (VIOLATED)
_19775_/S                               0.750000    0.791244   -0.041244 (VIOLATED)
_19767_/S                               0.750000    0.791244   -0.041244 (VIOLATED)
_19759_/S                               0.750000    0.791244   -0.041244 (VIOLATED)
_19761_/S                               0.750000    0.791232   -0.041232 (VIOLATED)
_19769_/S                               0.750000    0.791230   -0.041230 (VIOLATED)
_19777_/S                               0.750000    0.791228   -0.041228 (VIOLATED)
_19763_/S                               0.750000    0.791142   -0.041142 (VIOLATED)
_19771_/S                               0.750000    0.791137   -0.041137 (VIOLATED)
_19779_/S                               0.750000    0.791102   -0.041102 (VIOLATED)
_19772_/S                               0.750000    0.791074   -0.041074 (VIOLATED)
_19764_/S                               0.750000    0.791072   -0.041072 (VIOLATED)
_19756_/S                               0.750000    0.791070   -0.041070 (VIOLATED)
_19766_/S                               0.750000    0.791059   -0.041059 (VIOLATED)
_19758_/S                               0.750000    0.791057   -0.041057 (VIOLATED)
_19757_/S                               0.750000    0.791054   -0.041054 (VIOLATED)
_19774_/S                               0.750000    0.791043   -0.041043 (VIOLATED)
_19765_/S                               0.750000    0.791026   -0.041026 (VIOLATED)
_19773_/S                               0.750000    0.791013   -0.041013 (VIOLATED)
_19776_/S                               0.750000    0.790905   -0.040905 (VIOLATED)
_19760_/S                               0.750000    0.790894   -0.040894 (VIOLATED)
_19768_/S                               0.750000    0.790893   -0.040893 (VIOLATED)
_19755_/X                               0.750000    0.790313   -0.040313 (VIOLATED)
_12967_/B1                              0.750000    0.789237   -0.039237 (VIOLATED)
_13006_/A2                              0.750000    0.789237   -0.039237 (VIOLATED)
_13049_/B1                              0.750000    0.789234   -0.039234 (VIOLATED)
_13089_/B1                              0.750000    0.789234   -0.039234 (VIOLATED)
_13035_/B1                              0.750000    0.789234   -0.039234 (VIOLATED)
_13019_/A2                              0.750000    0.789233   -0.039233 (VIOLATED)
_13073_/A2                              0.750000    0.789233   -0.039233 (VIOLATED)
_13062_/B1                              0.750000    0.789233   -0.039233 (VIOLATED)
_12954_/B1                              0.750000    0.789233   -0.039233 (VIOLATED)
_13103_/A2                              0.750000    0.789231   -0.039231 (VIOLATED)
_12981_/A2                              0.750000    0.789231   -0.039231 (VIOLATED)
_12939_/A2                              0.750000    0.789229   -0.039229 (VIOLATED)
_12922_/B1                              0.750000    0.789227   -0.039227 (VIOLATED)
_12910_/A2                              0.750000    0.789226   -0.039226 (VIOLATED)
_12160_/Y                               0.750000    0.789224   -0.039224 (VIOLATED)
_12843_/B1                              0.750000    0.789224   -0.039224 (VIOLATED)
_10567_/B2                              0.750000    0.784576   -0.034576 (VIOLATED)
_10627_/B2                              0.750000    0.784576   -0.034576 (VIOLATED)
_10805_/B                               0.750000    0.784576   -0.034576 (VIOLATED)
_10563_/A                               0.750000    0.784575   -0.034576 (VIOLATED)
_10689_/B2                              0.750000    0.784575   -0.034576 (VIOLATED)
_10746_/B2                              0.750000    0.784575   -0.034575 (VIOLATED)
_10098_/A                               0.750000    0.784575   -0.034575 (VIOLATED)
_09925_/Y                               0.750000    0.784572   -0.034572 (VIOLATED)
_09933_/B1                              0.750000    0.784572   -0.034572 (VIOLATED)
_09934_/B1                              0.750000    0.784572   -0.034572 (VIOLATED)
_09945_/D                               0.750000    0.784572   -0.034572 (VIOLATED)
_13653_/A0                              0.750000    0.780725   -0.030725 (VIOLATED)
_10621_/B                               0.750000    0.780720   -0.030720 (VIOLATED)
_10628_/B2                              0.750000    0.780720   -0.030720 (VIOLATED)
_10620_/Y                               0.750000    0.780699   -0.030699 (VIOLATED)
_14038_/A1                              0.750000    0.778449   -0.028449 (VIOLATED)
_13714_/B2                              0.750000    0.778449   -0.028449 (VIOLATED)
_13416_/C1                              0.750000    0.778449   -0.028449 (VIOLATED)
_14311_/A1                              0.750000    0.778449   -0.028449 (VIOLATED)
_14520_/A1                              0.750000    0.778449   -0.028449 (VIOLATED)
_13575_/S                               0.750000    0.778449   -0.028449 (VIOLATED)
_13882_/B2                              0.750000    0.778449   -0.028449 (VIOLATED)
_14125_/A1                              0.750000    0.778449   -0.028449 (VIOLATED)
_14751_/A1                              0.750000    0.778448   -0.028448 (VIOLATED)
_13716_/A1                              0.750000    0.778448   -0.028448 (VIOLATED)
_14416_/A1                              0.750000    0.778448   -0.028448 (VIOLATED)
_13355_/X                               0.750000    0.778446   -0.028446 (VIOLATED)
_13428_/A1                              0.750000    0.778446   -0.028446 (VIOLATED)
_13801_/S                               0.750000    0.778446   -0.028446 (VIOLATED)
_13959_/S                               0.750000    0.778446   -0.028446 (VIOLATED)
_14034_/A1                              0.750000    0.778446   -0.028446 (VIOLATED)
_14216_/A1                              0.750000    0.778446   -0.028446 (VIOLATED)
_14632_/A1                              0.750000    0.778446   -0.028446 (VIOLATED)
_14754_/A1                              0.750000    0.778446   -0.028446 (VIOLATED)
_12687_/A                               0.750000    0.774075   -0.024075 (VIOLATED)
_12712_/A1                              0.750000    0.774075   -0.024075 (VIOLATED)
_13372_/A                               0.750000    0.774074   -0.024074 (VIOLATED)
_10748_/B1                              0.750000    0.774074   -0.024074 (VIOLATED)
_10749_/A2_N                            0.750000    0.774074   -0.024074 (VIOLATED)
_13375_/A1                              0.750000    0.774074   -0.024074 (VIOLATED)
_13479_/C_N                             0.750000    0.774073   -0.024073 (VIOLATED)
_13477_/B                               0.750000    0.774073   -0.024073 (VIOLATED)
_13476_/B                               0.750000    0.774073   -0.024073 (VIOLATED)
_10747_/Y                               0.750000    0.774069   -0.024069 (VIOLATED)
_13022_/A2                              0.750000    0.772691   -0.022691 (VIOLATED)
_13089_/A2                              0.750000    0.772691   -0.022691 (VIOLATED)
_13050_/A2                              0.750000    0.772690   -0.022690 (VIOLATED)
_13063_/A2                              0.750000    0.772690   -0.022690 (VIOLATED)
_13035_/A2                              0.750000    0.772690   -0.022690 (VIOLATED)
_13008_/A2                              0.750000    0.772689   -0.022690 (VIOLATED)
_13075_/A2                              0.750000    0.772688   -0.022688 (VIOLATED)
_12954_/A2                              0.750000    0.772685   -0.022685 (VIOLATED)
_12982_/B1                              0.750000    0.772685   -0.022685 (VIOLATED)
_12965_/A2                              0.750000    0.772685   -0.022685 (VIOLATED)
_13101_/B1                              0.750000    0.772684   -0.022684 (VIOLATED)
_12940_/A2                              0.750000    0.772683   -0.022683 (VIOLATED)
_12913_/A2                              0.750000    0.772681   -0.022681 (VIOLATED)
_12926_/A2                              0.750000    0.772678   -0.022678 (VIOLATED)
_12990_/B1                              0.750000    0.772675   -0.022675 (VIOLATED)
_12125_/Y                               0.750000    0.772674   -0.022674 (VIOLATED)
_12131_/B                               0.750000    0.772674   -0.022674 (VIOLATED)
_12845_/A2                              0.750000    0.772674   -0.022674 (VIOLATED)
_12108_/Y                               0.750000    0.772089   -0.022089 (VIOLATED)
_12109_/B1                              0.750000    0.772089   -0.022089 (VIOLATED)
_18514_/A1                              0.750000    0.767876   -0.017876 (VIOLATED)
_18841_/A1                              0.750000    0.767857   -0.017857 (VIOLATED)
_11677_/A2                              0.750000    0.767834   -0.017834 (VIOLATED)
_11673_/A2                              0.750000    0.767787   -0.017787 (VIOLATED)
_11671_/Y                               0.750000    0.767717   -0.017717 (VIOLATED)
_15176_/B2                              0.750000    0.767024   -0.017024 (VIOLATED)
_15060_/A                               0.750000    0.767024   -0.017024 (VIOLATED)
_15058_/A                               0.750000    0.767024   -0.017024 (VIOLATED)
_14712_/A                               0.750000    0.767022   -0.017022 (VIOLATED)
_14954_/A                               0.750000    0.767017   -0.017017 (VIOLATED)
_14711_/A                               0.750000    0.767001   -0.017001 (VIOLATED)
_14713_/A                               0.750000    0.766998   -0.016998 (VIOLATED)
_14591_/A                               0.750000    0.766991   -0.016991 (VIOLATED)
_14479_/A                               0.750000    0.766970   -0.016970 (VIOLATED)
_14481_/A1                              0.750000    0.766969   -0.016969 (VIOLATED)
_14274_/A                               0.750000    0.766951   -0.016951 (VIOLATED)
_14087_/A                               0.750000    0.766919   -0.016919 (VIOLATED)
_13766_/B                               0.750000    0.766857   -0.016857 (VIOLATED)
_13655_/B                               0.750000    0.766838   -0.016838 (VIOLATED)
_13652_/X                               0.750000    0.766825   -0.016825 (VIOLATED)
_13002_/S                               0.750000    0.765853   -0.015853 (VIOLATED)
_13015_/S                               0.750000    0.765853   -0.015853 (VIOLATED)
_13029_/S                               0.750000    0.765852   -0.015852 (VIOLATED)
_13042_/S                               0.750000    0.765847   -0.015847 (VIOLATED)
_13056_/S                               0.750000    0.765843   -0.015843 (VIOLATED)
_13069_/S                               0.750000    0.765830   -0.015830 (VIOLATED)
_13096_/S                               0.750000    0.765813   -0.015813 (VIOLATED)
_13082_/S                               0.750000    0.765807   -0.015807 (VIOLATED)
_12961_/S                               0.750000    0.765803   -0.015803 (VIOLATED)
_12975_/S                               0.750000    0.765802   -0.015802 (VIOLATED)
_12947_/S                               0.750000    0.765799   -0.015799 (VIOLATED)
_12933_/S                               0.750000    0.765796   -0.015797 (VIOLATED)
_12989_/S                               0.750000    0.765791   -0.015791 (VIOLATED)
_12919_/S                               0.750000    0.765789   -0.015789 (VIOLATED)
_13112_/S                               0.750000    0.765787   -0.015787 (VIOLATED)
_12905_/S                               0.750000    0.765765   -0.015765 (VIOLATED)
_12879_/S                               0.750000    0.765738   -0.015738 (VIOLATED)
_12892_/S                               0.750000    0.765736   -0.015736 (VIOLATED)
_12865_/S                               0.750000    0.765688   -0.015688 (VIOLATED)
_12852_/S                               0.750000    0.765662   -0.015662 (VIOLATED)
_12838_/S                               0.750000    0.765643   -0.015643 (VIOLATED)
_12814_/S                               0.750000    0.765621   -0.015621 (VIOLATED)
_12826_/S                               0.750000    0.765610   -0.015610 (VIOLATED)
_12799_/S                               0.750000    0.765548   -0.015548 (VIOLATED)
_12784_/S                               0.750000    0.765489   -0.015489 (VIOLATED)
_12771_/S                               0.750000    0.765467   -0.015468 (VIOLATED)
_12757_/S                               0.750000    0.765427   -0.015427 (VIOLATED)
_12745_/S                               0.750000    0.765338   -0.015338 (VIOLATED)
_12731_/S                               0.750000    0.765320   -0.015320 (VIOLATED)
_12716_/S                               0.750000    0.765310   -0.015310 (VIOLATED)
_12682_/X                               0.750000    0.765297   -0.015297 (VIOLATED)
_12683_/S                               0.750000    0.765297   -0.015297 (VIOLATED)
_10866_/Y                               0.750000    0.760485   -0.010485 (VIOLATED)
_10872_/A1                              0.750000    0.760485   -0.010485 (VIOLATED)
_10332_/A                               0.750000    0.756026   -0.006026 (VIOLATED)
_10982_/A1                              0.750000    0.756024   -0.006024 (VIOLATED)
_11142_/A                               0.750000    0.756024   -0.006024 (VIOLATED)
_11784_/A                               0.750000    0.756020   -0.006020 (VIOLATED)
_11718_/A1                              0.750000    0.756020   -0.006020 (VIOLATED)
_09840_/Y                               0.750000    0.756009   -0.006009 (VIOLATED)
_10797_/A1                              0.750000    0.756009   -0.006009 (VIOLATED)
_11535_/C1                              0.750000    0.756009   -0.006009 (VIOLATED)
_18083_/A2                              0.750000    0.755175   -0.005175 (VIOLATED)
_18079_/B1                              0.750000    0.755173   -0.005173 (VIOLATED)
_18068_/A2                              0.750000    0.755170   -0.005170 (VIOLATED)
_18077_/A2                              0.750000    0.755169   -0.005169 (VIOLATED)
_18086_/A2                              0.750000    0.755164   -0.005164 (VIOLATED)
_18092_/A2                              0.750000    0.755164   -0.005164 (VIOLATED)
_18088_/B1                              0.750000    0.755161   -0.005161 (VIOLATED)
_18071_/A2                              0.750000    0.755161   -0.005161 (VIOLATED)
_18061_/B1                              0.750000    0.755159   -0.005159 (VIOLATED)
_18097_/B1                              0.750000    0.755152   -0.005152 (VIOLATED)
_18058_/B1                              0.750000    0.755138   -0.005138 (VIOLATED)
_18003_/C                               0.750000    0.755136   -0.005136 (VIOLATED)
_18056_/A2                              0.750000    0.755123   -0.005123 (VIOLATED)
_18065_/A2                              0.750000    0.755112   -0.005112 (VIOLATED)
_18095_/A2                              0.750000    0.755112   -0.005112 (VIOLATED)
_18101_/A2                              0.750000    0.755109   -0.005109 (VIOLATED)
_18049_/B1                              0.750000    0.755107   -0.005107 (VIOLATED)
_18053_/A2                              0.750000    0.755106   -0.005106 (VIOLATED)
_18047_/A2                              0.750000    0.755102   -0.005102 (VIOLATED)
_18073_/B1                              0.750000    0.755099   -0.005099 (VIOLATED)
_18044_/A2                              0.750000    0.755097   -0.005097 (VIOLATED)
_18035_/A2                              0.750000    0.755092   -0.005092 (VIOLATED)
_18037_/B1                              0.750000    0.755086   -0.005086 (VIOLATED)
_18032_/A2                              0.750000    0.755078   -0.005078 (VIOLATED)
_18029_/A2                              0.750000    0.755067   -0.005067 (VIOLATED)
_18040_/B1                              0.750000    0.755060   -0.005060 (VIOLATED)
_18026_/A2                              0.750000    0.755059   -0.005059 (VIOLATED)
_18023_/A2                              0.750000    0.755051   -0.005051 (VIOLATED)
_18020_/A2                              0.750000    0.755038   -0.005038 (VIOLATED)
_17975_/B1                              0.750000    0.755035   -0.005035 (VIOLATED)
_17989_/B                               0.750000    0.755021   -0.005021 (VIOLATED)
_17985_/B1                              0.750000    0.755008   -0.005008 (VIOLATED)
_17973_/X                               0.750000    0.754987   -0.004987 (VIOLATED)
_17996_/B1                              0.750000    0.754987   -0.004987 (VIOLATED)
_10548_/Y                               0.750000    0.754180   -0.004180 (VIOLATED)
_10555_/A1                              0.750000    0.754180   -0.004180 (VIOLATED)
_12581_/Y                               0.750000    0.750864   -0.000864 (VIOLATED)
_12583_/B                               0.750000    0.750864   -0.000864 (VIOLATED)
_12586_/C1                              0.750000    0.750864   -0.000864 (VIOLATED)
_12606_/B1                              0.750000    0.750864   -0.000864 (VIOLATED)
_12610_/A2                              0.750000    0.750864   -0.000864 (VIOLATED)
_12613_/A2                              0.750000    0.750864   -0.000864 (VIOLATED)
_12616_/B1                              0.750000    0.750864   -0.000864 (VIOLATED)
_12625_/B1                              0.750000    0.750864   -0.000864 (VIOLATED)
_12627_/A2                              0.750000    0.750864   -0.000864 (VIOLATED)
_12630_/B1                              0.750000    0.750864   -0.000864 (VIOLATED)
_12635_/A2                              0.750000    0.750864   -0.000864 (VIOLATED)
_12641_/A2                              0.750000    0.750864   -0.000864 (VIOLATED)
_12644_/A2                              0.750000    0.750864   -0.000864 (VIOLATED)
_12646_/A2                              0.750000    0.750864   -0.000864 (VIOLATED)
_12648_/A2                              0.750000    0.750864   -0.000864 (VIOLATED)
_12651_/A2                              0.750000    0.750864   -0.000864 (VIOLATED)
_12655_/A2                              0.750000    0.750864   -0.000864 (VIOLATED)
_12656_/A2                              0.750000    0.750864   -0.000864 (VIOLATED)
_12660_/A2                              0.750000    0.750864   -0.000864 (VIOLATED)
_12662_/A2                              0.750000    0.750864   -0.000864 (VIOLATED)
_12666_/A2_N                            0.750000    0.750864   -0.000864 (VIOLATED)
_12669_/B1                              0.750000    0.750864   -0.000864 (VIOLATED)
_13232_/B2                              0.750000    0.750864   -0.000864 (VIOLATED)

max fanout

Pin                                   Limit Fanout  Slack
---------------------------------------------------------
_12039_/X                                10   1945  -1935 (VIOLATED)
rst_ni                                   10   1673  -1663 (VIOLATED)
_21618_/Q                                10    365   -355 (VIOLATED)
_21624_/Q                                10    320   -310 (VIOLATED)
_21623_/Q                                10    253   -243 (VIOLATED)
_21619_/Q                                10    166   -156 (VIOLATED)
_21620_/Q                                10    133   -123 (VIOLATED)
_10054_/Y                                10     84    -74 (VIOLATED)
_10042_/Y                                10     83    -73 (VIOLATED)
_10041_/X                                10     80    -70 (VIOLATED)
_10048_/X                                10     80    -70 (VIOLATED)
_17967_/Y                                10     77    -67 (VIOLATED)
_10050_/Y                                10     76    -66 (VIOLATED)
_10052_/Y                                10     74    -64 (VIOLATED)
_12307_/Y                                10     73    -63 (VIOLATED)
_09890_/X                                10     71    -61 (VIOLATED)
_21712_/Q                                10     68    -58 (VIOLATED)
_09879_/Y                                10     67    -57 (VIOLATED)
_09895_/Y                                10     66    -56 (VIOLATED)
_17619_/X                                10     65    -55 (VIOLATED)
_09893_/Y                                10     64    -54 (VIOLATED)
_21627_/Q                                10     59    -49 (VIOLATED)
_12094_/Y                                10     54    -44 (VIOLATED)
_13324_/Y                                10     54    -44 (VIOLATED)
_13325_/X                                10     54    -44 (VIOLATED)
_17367_/Y                                10     54    -44 (VIOLATED)
_19044_/Y                                10     48    -38 (VIOLATED)
_21621_/Q                                10     47    -37 (VIOLATED)
_13310_/X                                10     45    -35 (VIOLATED)
_13311_/X                                10     45    -35 (VIOLATED)
_10086_/X                                10     44    -34 (VIOLATED)
_13463_/Y                                10     44    -34 (VIOLATED)
_18451_/Y                                10     43    -33 (VIOLATED)
_09841_/Y                                10     42    -32 (VIOLATED)
_12673_/X                                10     42    -32 (VIOLATED)
_13445_/X                                10     41    -31 (VIOLATED)
_12336_/Y                                10     40    -30 (VIOLATED)
_18528_/X                                10     40    -30 (VIOLATED)
_09843_/Y                                10     39    -29 (VIOLATED)
_17966_/X                                10     39    -29 (VIOLATED)
_21718_/Q                                10     39    -29 (VIOLATED)
_10564_/X                                10     38    -28 (VIOLATED)
_12359_/Y                                10     37    -27 (VIOLATED)
_13442_/Y                                10     37    -27 (VIOLATED)
_17492_/Y                                10     37    -27 (VIOLATED)
_21717_/Q                                10     37    -27 (VIOLATED)
_21738_/Q                                10     37    -27 (VIOLATED)
_21719_/Q                                10     36    -26 (VIOLATED)
_10104_/Y                                10     35    -25 (VIOLATED)
_18611_/Y                                10     35    -25 (VIOLATED)
_21709_/Q                                10     35    -25 (VIOLATED)
_21720_/Q                                10     35    -25 (VIOLATED)
_09838_/Y                                10     34    -24 (VIOLATED)
_09852_/Y                                10     34    -24 (VIOLATED)
_10083_/Y                                10     34    -24 (VIOLATED)
_10565_/Y                                10     34    -24 (VIOLATED)
_12371_/X                                10     34    -24 (VIOLATED)
_12684_/X                                10     34    -24 (VIOLATED)
_13302_/Y                                10     34    -24 (VIOLATED)
_13429_/X                                10     34    -24 (VIOLATED)
_17756_/X                                10     34    -24 (VIOLATED)
_18614_/Y                                10     34    -24 (VIOLATED)
_09839_/Y                                10     33    -23 (VIOLATED)
_10090_/Y                                10     33    -23 (VIOLATED)
_12672_/Y                                10     33    -23 (VIOLATED)
_13333_/Y                                10     33    -23 (VIOLATED)
_17365_/X                                10     33    -23 (VIOLATED)
_17620_/X                                10     33    -23 (VIOLATED)
_17973_/X                                10     33    -23 (VIOLATED)
_17992_/Y                                10     33    -23 (VIOLATED)
_18450_/Y                                10     33    -23 (VIOLATED)
_18612_/X                                10     33    -23 (VIOLATED)
_19036_/X                                10     33    -23 (VIOLATED)
_19039_/X                                10     33    -23 (VIOLATED)
_19042_/X                                10     33    -23 (VIOLATED)
_21737_/Q                                10     33    -23 (VIOLATED)
_09845_/Y                                10     32    -22 (VIOLATED)
_10036_/Y                                10     32    -22 (VIOLATED)
_12308_/X                                10     32    -22 (VIOLATED)
_12339_/X                                10     32    -22 (VIOLATED)
_12680_/X                                10     32    -22 (VIOLATED)
_12693_/X                                10     32    -22 (VIOLATED)
_12696_/X                                10     32    -22 (VIOLATED)
_13307_/X                                10     32    -22 (VIOLATED)
_13309_/X                                10     32    -22 (VIOLATED)
_13419_/X                                10     32    -22 (VIOLATED)
_16395_/X                                10     32    -22 (VIOLATED)
_16429_/X                                10     32    -22 (VIOLATED)
_16462_/X                                10     32    -22 (VIOLATED)
_16495_/X                                10     32    -22 (VIOLATED)
_16529_/Y                                10     32    -22 (VIOLATED)
_16563_/Y                                10     32    -22 (VIOLATED)
_16597_/Y                                10     32    -22 (VIOLATED)
_16631_/Y                                10     32    -22 (VIOLATED)
_16664_/X                                10     32    -22 (VIOLATED)
_16699_/Y                                10     32    -22 (VIOLATED)
_16733_/Y                                10     32    -22 (VIOLATED)
_16767_/Y                                10     32    -22 (VIOLATED)
_16801_/X                                10     32    -22 (VIOLATED)
_16835_/Y                                10     32    -22 (VIOLATED)
_16869_/Y                                10     32    -22 (VIOLATED)
_16902_/X                                10     32    -22 (VIOLATED)
_16969_/X                                10     32    -22 (VIOLATED)
_17002_/X                                10     32    -22 (VIOLATED)
_17035_/X                                10     32    -22 (VIOLATED)
_17068_/X                                10     32    -22 (VIOLATED)
_17101_/X                                10     32    -22 (VIOLATED)
_17134_/Y                                10     32    -22 (VIOLATED)
_17167_/X                                10     32    -22 (VIOLATED)
_17200_/Y                                10     32    -22 (VIOLATED)
_17233_/Y                                10     32    -22 (VIOLATED)
_17266_/X                                10     32    -22 (VIOLATED)
_17299_/X                                10     32    -22 (VIOLATED)
_17332_/Y                                10     32    -22 (VIOLATED)
_17621_/Y                                10     32    -22 (VIOLATED)
_17900_/Y                                10     32    -22 (VIOLATED)
_17933_/Y                                10     32    -22 (VIOLATED)
_18006_/X                                10     32    -22 (VIOLATED)
_18122_/Y                                10     32    -22 (VIOLATED)
_18221_/Y                                10     32    -22 (VIOLATED)
_18222_/X                                10     32    -22 (VIOLATED)
_09926_/X                                10     31    -21 (VIOLATED)
_12361_/X                                10     31    -21 (VIOLATED)
_12362_/X                                10     31    -21 (VIOLATED)
_12681_/Y                                10     31    -21 (VIOLATED)
_12682_/X                                10     31    -21 (VIOLATED)
_13468_/X                                10     31    -21 (VIOLATED)
_13543_/X                                10     31    -21 (VIOLATED)
_13607_/X                                10     31    -21 (VIOLATED)
_13672_/X                                10     31    -21 (VIOLATED)
_13736_/X                                10     31    -21 (VIOLATED)
_13810_/X                                10     31    -21 (VIOLATED)
_13888_/X                                10     31    -21 (VIOLATED)
_13971_/X                                10     31    -21 (VIOLATED)
_14051_/X                                10     31    -21 (VIOLATED)
_14136_/X                                10     31    -21 (VIOLATED)
_14228_/X                                10     31    -21 (VIOLATED)
_14322_/X                                10     31    -21 (VIOLATED)
_14430_/X                                10     31    -21 (VIOLATED)
_14534_/X                                10     31    -21 (VIOLATED)
_14646_/X                                10     31    -21 (VIOLATED)
_14761_/X                                10     31    -21 (VIOLATED)
_14885_/X                                10     31    -21 (VIOLATED)
_14994_/X                                10     31    -21 (VIOLATED)
_15102_/X                                10     31    -21 (VIOLATED)
_15213_/X                                10     31    -21 (VIOLATED)
_15322_/X                                10     31    -21 (VIOLATED)
_15417_/X                                10     31    -21 (VIOLATED)
_15516_/X                                10     31    -21 (VIOLATED)
_15614_/X                                10     31    -21 (VIOLATED)
_15713_/X                                10     31    -21 (VIOLATED)
_15809_/X                                10     31    -21 (VIOLATED)
_15904_/X                                10     31    -21 (VIOLATED)
_15990_/X                                10     31    -21 (VIOLATED)
_16087_/X                                10     31    -21 (VIOLATED)
_16177_/X                                10     31    -21 (VIOLATED)
_16268_/X                                10     31    -21 (VIOLATED)
_16355_/X                                10     31    -21 (VIOLATED)
_17371_/Y                                10     31    -21 (VIOLATED)
_18007_/Y                                10     31    -21 (VIOLATED)
_19708_/X                                10     31    -21 (VIOLATED)
_09884_/X                                10     30    -20 (VIOLATED)
_10141_/Y                                10     30    -20 (VIOLATED)
_13317_/Y                                10     30    -20 (VIOLATED)
_17757_/Y                                10     30    -20 (VIOLATED)
_19331_/X                                10     30    -20 (VIOLATED)
_13437_/X                                10     29    -19 (VIOLATED)
_18617_/Y                                10     29    -19 (VIOLATED)
_21614_/Q                                10     29    -19 (VIOLATED)
_10099_/Y                                10     28    -18 (VIOLATED)
_12103_/X                                10     27    -17 (VIOLATED)
_17968_/X                                10     27    -17 (VIOLATED)
_09837_/Y                                10     26    -16 (VIOLATED)
_09882_/X                                10     26    -16 (VIOLATED)
_09936_/X                                10     26    -16 (VIOLATED)
_10150_/X                                10     26    -16 (VIOLATED)
_11989_/X                                10     26    -16 (VIOLATED)
_12239_/Y                                10     26    -16 (VIOLATED)
_13443_/X                                10     26    -16 (VIOLATED)
_13462_/Y                                10     26    -16 (VIOLATED)
_21427_/Q                                10     26    -16 (VIOLATED)
_21616_/Q                                10     26    -16 (VIOLATED)
_13126_/X                                10     25    -15 (VIOLATED)
_13127_/Y                                10     25    -15 (VIOLATED)
_13332_/Y                                10     25    -15 (VIOLATED)
_13434_/Y                                10     25    -15 (VIOLATED)
_14777_/Y                                10     25    -15 (VIOLATED)
_21617_/Q                                10     25    -15 (VIOLATED)
_12061_/Y                                10     24    -14 (VIOLATED)
_12237_/Y                                10     24    -14 (VIOLATED)
_17493_/Y                                10     24    -14 (VIOLATED)
_18623_/Y                                10     24    -14 (VIOLATED)
_19755_/X                                10     24    -14 (VIOLATED)
_10043_/X                                10     23    -13 (VIOLATED)
_10768_/Y                                10     23    -13 (VIOLATED)
_12162_/Y                                10     23    -13 (VIOLATED)
_12678_/Y                                10     23    -13 (VIOLATED)
_12699_/X                                10     23    -13 (VIOLATED)
_12700_/X                                10     23    -13 (VIOLATED)
_12701_/Y                                10     23    -13 (VIOLATED)
_13356_/Y                                10     23    -13 (VIOLATED)
_13432_/Y                                10     23    -13 (VIOLATED)
_13454_/X                                10     23    -13 (VIOLATED)
_14095_/X                                10     23    -13 (VIOLATED)
_15145_/Y                                10     23    -13 (VIOLATED)
_21622_/Q                                10     23    -13 (VIOLATED)
_09851_/Y                                10     22    -12 (VIOLATED)
_09984_/X                                10     22    -12 (VIOLATED)
_12581_/Y                                10     22    -12 (VIOLATED)
_19411_/X                                10     22    -12 (VIOLATED)
_21671_/Q                                10     22    -12 (VIOLATED)
_21672_/Q                                10     22    -12 (VIOLATED)
_10105_/X                                10     21    -11 (VIOLATED)
_10767_/X                                10     21    -11 (VIOLATED)
_12677_/Y                                10     21    -11 (VIOLATED)
_13450_/X                                10     21    -11 (VIOLATED)
_13977_/X                                10     21    -11 (VIOLATED)
_18618_/X                                10     21    -11 (VIOLATED)
_09836_/Y                                10     20    -10 (VIOLATED)
_10085_/Y                                10     20    -10 (VIOLATED)
_12095_/X                                10     20    -10 (VIOLATED)
_12686_/Y                                10     20    -10 (VIOLATED)
_13330_/Y                                10     20    -10 (VIOLATED)
_14143_/X                                10     20    -10 (VIOLATED)
_09886_/X                                10     19     -9 (VIOLATED)
_12764_/X                                10     19     -9 (VIOLATED)
_13329_/X                                10     19     -9 (VIOLATED)
_14795_/Y                                10     19     -9 (VIOLATED)
_19372_/X                                10     19     -9 (VIOLATED)
_19419_/X                                10     19     -9 (VIOLATED)
_21290_/Q                                10     19     -9 (VIOLATED)
_21586_/Q                                10     19     -9 (VIOLATED)
_21615_/Q                                10     19     -9 (VIOLATED)
_09935_/Y                                10     18     -8 (VIOLATED)
_12368_/X                                10     18     -8 (VIOLATED)
_13300_/X                                10     18     -8 (VIOLATED)
_13313_/X                                10     18     -8 (VIOLATED)
_13355_/X                                10     18     -8 (VIOLATED)
_13448_/Y                                10     18     -8 (VIOLATED)
_13521_/X                                10     18     -8 (VIOLATED)
_13525_/Y                                10     18     -8 (VIOLATED)
_13646_/Y                                10     18     -8 (VIOLATED)
_13676_/X                                10     18     -8 (VIOLATED)
_13846_/Y                                10     18     -8 (VIOLATED)
_16360_/X                                10     18     -8 (VIOLATED)
_16936_/X                                10     18     -8 (VIOLATED)
_18103_/Y                                10     18     -8 (VIOLATED)
_18449_/Y                                10     18     -8 (VIOLATED)
_18621_/X                                10     18     -8 (VIOLATED)
_21711_/Q                                10     18     -8 (VIOLATED)
_09887_/Y                                10     17     -7 (VIOLATED)
_10040_/Y                                10     17     -7 (VIOLATED)
_12125_/Y                                10     17     -7 (VIOLATED)
_12242_/Y                                10     17     -7 (VIOLATED)
_12262_/Y                                10     17     -7 (VIOLATED)
_12398_/X                                10     17     -7 (VIOLATED)
_13318_/X                                10     17     -7 (VIOLATED)
_13773_/X                                10     17     -7 (VIOLATED)
_13930_/Y                                10     17     -7 (VIOLATED)
_14791_/X                                10     17     -7 (VIOLATED)
_15544_/Y                                10     17     -7 (VIOLATED)
_09870_/Y                                10     16     -6 (VIOLATED)
_10012_/X                                10     16     -6 (VIOLATED)
_12363_/X                                10     16     -6 (VIOLATED)
_13684_/X                                10     16     -6 (VIOLATED)
_14183_/Y                                10     16     -6 (VIOLATED)
_14386_/Y                                10     16     -6 (VIOLATED)
_14763_/X                                10     16     -6 (VIOLATED)
_14778_/X                                10     16     -6 (VIOLATED)
_18337_/X                                10     16     -6 (VIOLATED)
_19445_/X                                10     16     -6 (VIOLATED)
_19452_/Y                                10     16     -6 (VIOLATED)
_21355_/Q                                10     16     -6 (VIOLATED)
_21608_/Q                                10     16     -6 (VIOLATED)
_21625_/Q                                10     16     -6 (VIOLATED)
_21626_/Q                                10     16     -6 (VIOLATED)
_21726_/Q                                10     16     -6 (VIOLATED)
_12160_/Y                                10     15     -5 (VIOLATED)
_13444_/Y                                10     15     -5 (VIOLATED)
_14719_/X                                10     15     -5 (VIOLATED)
_14899_/Y                                10     15     -5 (VIOLATED)
_15003_/X                                10     15     -5 (VIOLATED)
_17969_/X                                10     15     -5 (VIOLATED)
_21610_/Q                                10     15     -5 (VIOLATED)
_21633_/Q                                10     15     -5 (VIOLATED)
_21634_/Q                                10     15     -5 (VIOLATED)
_10053_/X                                10     14     -4 (VIOLATED)
_12241_/Y                                10     14     -4 (VIOLATED)
_12364_/Y                                10     14     -4 (VIOLATED)
_12728_/X                                10     14     -4 (VIOLATED)
_13108_/X                                10     14     -4 (VIOLATED)
_13597_/Y                                10     14     -4 (VIOLATED)
_13652_/X                                10     14     -4 (VIOLATED)
_14012_/X                                10     14     -4 (VIOLATED)
_14282_/X                                10     14     -4 (VIOLATED)
_14435_/X                                10     14     -4 (VIOLATED)
_14489_/Y                                10     14     -4 (VIOLATED)
_14600_/X                                10     14     -4 (VIOLATED)
_14662_/X                                10     14     -4 (VIOLATED)
_14663_/X                                10     14     -4 (VIOLATED)
_14718_/X                                10     14     -4 (VIOLATED)
_14781_/Y                                10     14     -4 (VIOLATED)
_15639_/X                                10     14     -4 (VIOLATED)
_16359_/X                                10     14     -4 (VIOLATED)
_16935_/X                                10     14     -4 (VIOLATED)
_18553_/X                                10     14     -4 (VIOLATED)
_19370_/X                                10     14     -4 (VIOLATED)
_19415_/X                                10     14     -4 (VIOLATED)
_19886_/Q                                10     14     -4 (VIOLATED)
_21611_/Q                                10     14     -4 (VIOLATED)
_21630_/Q                                10     14     -4 (VIOLATED)
_21631_/Q                                10     14     -4 (VIOLATED)
_21632_/Q                                10     14     -4 (VIOLATED)
_09970_/X                                10     13     -3 (VIOLATED)
_12240_/Y                                10     13     -3 (VIOLATED)
_12796_/X                                10     13     -3 (VIOLATED)
_12849_/X                                10     13     -3 (VIOLATED)
_12862_/X                                10     13     -3 (VIOLATED)
_12930_/X                                10     13     -3 (VIOLATED)
_12986_/X                                10     13     -3 (VIOLATED)
_13123_/X                                10     13     -3 (VIOLATED)
_13449_/Y                                10     13     -3 (VIOLATED)
_14334_/X                                10     13     -3 (VIOLATED)
_14488_/X                                10     13     -3 (VIOLATED)
_14775_/X                                10     13     -3 (VIOLATED)
_19369_/X                                10     13     -3 (VIOLATED)
_21628_/Q                                10     13     -3 (VIOLATED)
_21629_/Q                                10     13     -3 (VIOLATED)
_21697_/Q                                10     13     -3 (VIOLATED)
_09881_/X                                10     12     -2 (VIOLATED)
_09883_/Y                                10     12     -2 (VIOLATED)
_10038_/X                                10     12     -2 (VIOLATED)
_10051_/X                                10     12     -2 (VIOLATED)
_12143_/Y                                10     12     -2 (VIOLATED)
_12349_/X                                10     12     -2 (VIOLATED)
_12597_/Y                                10     12     -2 (VIOLATED)
_12685_/X                                10     12     -2 (VIOLATED)
_12712_/X                                10     12     -2 (VIOLATED)
_12742_/X                                10     12     -2 (VIOLATED)
_12876_/X                                10     12     -2 (VIOLATED)
_12902_/X                                10     12     -2 (VIOLATED)
_12916_/X                                10     12     -2 (VIOLATED)
_12944_/X                                10     12     -2 (VIOLATED)
_12958_/X                                10     12     -2 (VIOLATED)
_12972_/X                                10     12     -2 (VIOLATED)
_12999_/X                                10     12     -2 (VIOLATED)
_13012_/X                                10     12     -2 (VIOLATED)
_13026_/X                                10     12     -2 (VIOLATED)
_13039_/X                                10     12     -2 (VIOLATED)
_13053_/X                                10     12     -2 (VIOLATED)
_13066_/X                                10     12     -2 (VIOLATED)
_13079_/X                                10     12     -2 (VIOLATED)
_13093_/X                                10     12     -2 (VIOLATED)
_13252_/X                                10     12     -2 (VIOLATED)
_13331_/X                                10     12     -2 (VIOLATED)
_13820_/Y                                10     12     -2 (VIOLATED)
_13821_/Y                                10     12     -2 (VIOLATED)
_13899_/X                                10     12     -2 (VIOLATED)
_13900_/X                                10     12     -2 (VIOLATED)
_14057_/X                                10     12     -2 (VIOLATED)
_14543_/Y                                10     12     -2 (VIOLATED)
_19427_/Y                                10     12     -2 (VIOLATED)
_21389_/Q                                10     12     -2 (VIOLATED)
_21612_/Q                                10     12     -2 (VIOLATED)
_21613_/Q                                10     12     -2 (VIOLATED)
_21698_/Q                                10     12     -2 (VIOLATED)
_21714_/Q                                10     12     -2 (VIOLATED)
_09885_/Y                                10     11        (VIOLATED)
_09927_/X                                10     11        (VIOLATED)
_11257_/X                                10     11        (VIOLATED)
_11990_/Y                                10     11        (VIOLATED)
_12057_/Y                                10     11        (VIOLATED)
_12092_/X                                10     11        (VIOLATED)
_12238_/Y                                10     11        (VIOLATED)
_12332_/Y                                10     11        (VIOLATED)
_12594_/Y                                10     11        (VIOLATED)
_12754_/X                                10     11        (VIOLATED)
_12781_/X                                10     11        (VIOLATED)
_12811_/X                                10     11        (VIOLATED)
_12823_/Y                                10     11        (VIOLATED)
_12835_/Y                                10     11        (VIOLATED)
_12889_/X                                10     11        (VIOLATED)
_13303_/Y                                10     11        (VIOLATED)
_13579_/X                                10     11        (VIOLATED)
_13580_/X                                10     11        (VIOLATED)
_13645_/X                                10     11        (VIOLATED)
_14056_/X                                10     11        (VIOLATED)
_14544_/X                                10     11        (VIOLATED)
_14796_/X                                10     11        (VIOLATED)
_14897_/Y                                10     11        (VIOLATED)
_14898_/X                                10     11        (VIOLATED)
_19384_/X                                10     11        (VIOLATED)
_19393_/X                                10     11        (VIOLATED)
_19416_/Y                                10     11        (VIOLATED)
_19447_/Y                                10     11        (VIOLATED)
_21609_/Q                                10     11        (VIOLATED)
_21703_/Q                                10     11        (VIOLATED)

max capacitance

Pin                                        Limit         Cap       Slack
------------------------------------------------------------------------
rst_ni                                  0.200000    7.403594   -7.203594 (VIOLATED)
_12039_/X                               0.200000    5.202622   -5.002623 (VIOLATED)
_21618_/Q                               0.200000    1.862974   -1.662974 (VIOLATED)
_21623_/Q                               0.200000    1.837935   -1.637935 (VIOLATED)
_21624_/Q                               0.200000    1.608702   -1.408702 (VIOLATED)
_21619_/Q                               0.200000    0.891438   -0.691438 (VIOLATED)
_21620_/Q                               0.200000    0.657978   -0.457978 (VIOLATED)
_10054_/Y                               0.200000    0.459263   -0.259263 (VIOLATED)
_10048_/X                               0.200000    0.457652   -0.257652 (VIOLATED)
_09890_/X                               0.200000    0.430549   -0.230549 (VIOLATED)
_10052_/Y                               0.200000    0.429267   -0.229267 (VIOLATED)
_09895_/Y                               0.200000    0.423885   -0.223885 (VIOLATED)
_09879_/Y                               0.200000    0.422291   -0.222291 (VIOLATED)
_10050_/Y                               0.200000    0.410825   -0.210825 (VIOLATED)
_09893_/Y                               0.200000    0.403315   -0.203315 (VIOLATED)
_21627_/Q                               0.200000    0.401338   -0.201338 (VIOLATED)
_12307_/Y                               0.141917    0.327818   -0.185901 (VIOLATED)
_12094_/Y                               0.064097    0.235047   -0.170950 (VIOLATED)
_10042_/Y                               0.200000    0.366282   -0.166282 (VIOLATED)
_17967_/Y                               0.200000    0.362253   -0.162253 (VIOLATED)
_17332_/Y                               0.092478    0.245034   -0.152556 (VIOLATED)
_17134_/Y                               0.092478    0.243140   -0.150662 (VIOLATED)
_17233_/Y                               0.092478    0.243079   -0.150601 (VIOLATED)
_21621_/Q                               0.200000    0.350322   -0.150322 (VIOLATED)
_16835_/Y                               0.141917    0.291204   -0.149287 (VIOLATED)
_17200_/Y                               0.092478    0.241445   -0.148967 (VIOLATED)
_16869_/Y                               0.141917    0.288306   -0.146389 (VIOLATED)
_16699_/Y                               0.141917    0.284284   -0.142367 (VIOLATED)
_16767_/Y                               0.141917    0.278399   -0.136482 (VIOLATED)
_16733_/Y                               0.141917    0.269804   -0.127887 (VIOLATED)
_16529_/Y                               0.141917    0.267812   -0.125895 (VIOLATED)
_16631_/Y                               0.141917    0.265316   -0.123399 (VIOLATED)
_16597_/Y                               0.141917    0.263820   -0.121903 (VIOLATED)
_16563_/Y                               0.141917    0.262116   -0.120199 (VIOLATED)
_16969_/X                               0.200000    0.299236   -0.099236 (VIOLATED)
_10041_/X                               0.200000    0.294662   -0.094662 (VIOLATED)
_17068_/X                               0.200000    0.294501   -0.094501 (VIOLATED)
_09841_/Y                               0.200000    0.289402   -0.089402 (VIOLATED)
_17002_/X                               0.200000    0.288198   -0.088198 (VIOLATED)
_16902_/X                               0.200000    0.285671   -0.085671 (VIOLATED)
_17101_/X                               0.200000    0.284048   -0.084048 (VIOLATED)
_16801_/X                               0.200000    0.270615   -0.070615 (VIOLATED)
_17619_/X                               0.200000    0.264541   -0.064541 (VIOLATED)
_13442_/Y                               0.092478    0.156220   -0.063742 (VIOLATED)
_16429_/X                               0.200000    0.261772   -0.061772 (VIOLATED)
_16462_/X                               0.200000    0.260238   -0.060238 (VIOLATED)
_16395_/X                               0.200000    0.259268   -0.059268 (VIOLATED)
_12239_/Y                               0.121775    0.180836   -0.059061 (VIOLATED)
_16495_/X                               0.200000    0.256815   -0.056815 (VIOLATED)
_13307_/X                               0.200000    0.244311   -0.044311 (VIOLATED)
_17367_/Y                               0.141917    0.186058   -0.044141 (VIOLATED)
_17299_/X                               0.200000    0.244003   -0.044003 (VIOLATED)
_16664_/X                               0.200000    0.242270   -0.042270 (VIOLATED)
_17266_/X                               0.200000    0.241958   -0.041958 (VIOLATED)
_17167_/X                               0.200000    0.241938   -0.041938 (VIOLATED)
_17035_/X                               0.200000    0.241146   -0.041146 (VIOLATED)
_14795_/Y                               0.088816    0.129484   -0.040668 (VIOLATED)
_13324_/Y                               0.141917    0.182404   -0.040487 (VIOLATED)
_09845_/Y                               0.200000    0.238393   -0.038393 (VIOLATED)
_09838_/Y                               0.200000    0.237609   -0.037609 (VIOLATED)
_12162_/Y                               0.092478    0.126840   -0.034362 (VIOLATED)
_21712_/Q                               0.200000    0.233690   -0.033690 (VIOLATED)
_09884_/X                               0.200000    0.233252   -0.033252 (VIOLATED)
_09935_/Y                               0.056773    0.086976   -0.030203 (VIOLATED)
_10141_/Y                               0.200000    0.229702   -0.029702 (VIOLATED)
_13445_/X                               0.200000    0.229360   -0.029360 (VIOLATED)
_18617_/Y                               0.088816    0.117036   -0.028220 (VIOLATED)
_09839_/Y                               0.200000    0.227270   -0.027270 (VIOLATED)
_12672_/Y                               0.118113    0.142895   -0.024782 (VIOLATED)
_12359_/Y                               0.141917    0.162275   -0.020358 (VIOLATED)
_18221_/Y                               0.128184    0.148482   -0.020298 (VIOLATED)
_12237_/Y                               0.121775    0.141587   -0.019812 (VIOLATED)
_13333_/Y                               0.121775    0.136470   -0.014695 (VIOLATED)
_09882_/X                               0.200000    0.213637   -0.013637 (VIOLATED)
_09837_/Y                               0.200000    0.212065   -0.012065 (VIOLATED)
_10150_/X                               0.200000    0.210726   -0.010726 (VIOLATED)
_17992_/Y                               0.141917    0.152225   -0.010308 (VIOLATED)
_19044_/Y                               0.200000    0.210052   -0.010052 (VIOLATED)
_13325_/X                               0.200000    0.209639   -0.009639 (VIOLATED)
_13302_/Y                               0.141917    0.147958   -0.006041 (VIOLATED)
_13127_/Y                               0.118113    0.122682   -0.004569 (VIOLATED)
_17492_/Y                               0.141917    0.146014   -0.004097 (VIOLATED)
_10083_/Y                               0.141917    0.144443   -0.002526 (VIOLATED)
_10090_/Y                               0.141917    0.143130   -0.001213 (VIOLATED)



===========================================================================
report_parasitic_annotation -report_unannotated
============================================================================
Found 8 unannotated drivers.
 _21741_/HI
 _21742_/HI
 _21743_/HI
 _21744_/HI
 _21745_/HI
 _21746_/HI
 _21747_/HI
 _21748_/HI
Found 0 partially unannotated drivers.

===========================================================================
max slew violation count 10640
Writing metric design__max_slew_violation__count__corner:nom_tt_025C_1v80: 10640
max fanout violation count 397
Writing metric design__max_fanout_violation__count__corner:nom_tt_025C_1v80: 397
max cap violation count 84
Writing metric design__max_cap_violation__count__corner:nom_tt_025C_1v80: 84
============================================================================

===========================================================================
check_setup -verbose -unconstrained_endpoints -multiple_clock -no_clock -no_input_delay -loops -generated_clocks
===========================================================================
