
 /----------------------------------------------------------------------------\
 |  yosys -- Yosys Open SYnthesis Suite                                       |
 |  Copyright (C) 2012 - 2026  Claire Xenia Wolf <claire@yosyshq.com>         |
 |  Distributed under an ISC-like license, type "license" to see terms        |
 \----------------------------------------------------------------------------/
 Yosys 0.62 (git sha1 7326bb7d6641500ecb285c291a54a662cb1e76cf, clang++ 21.1.2 -fPIC -O3)

1. Executing Liberty frontend: /opt/pdks/sky130A/libs.ref/sky130_fd_sc_hd/lib/sky130_fd_sc_hd__tt_025C_1v80.lib
Imported 428 cell types from liberty file.
[INFO] Using SDC file '/home/designer/shared/chipus-soc/mini-SoC/experiments/librelane-ibex/runs/ibex-detailed-placement/06-yosys-synthesis/synthesis.abc.sdc' for ABC…use_slang

2. Executing SLANG frontend.
Top level design units:
    chipus_ibex_wrapper

Build succeeded: 0 errors, 0 warnings

2.1. Executing UNDRIVEN pass. (resolve undriven signals)
<suppressed ~1983 debug messages>

2.2. Executing PROC_CLEAN pass (remove empty switches from decision trees).
Found and cleaned up 1 empty switch in `\chipus_ibex_wrapper.$2464'.
Found and cleaned up 1 empty switch in `\chipus_ibex_wrapper.$2460'.
Found and cleaned up 1 empty switch in `\chipus_ibex_wrapper.$2456'.
Found and cleaned up 1 empty switch in `\chipus_ibex_wrapper.$2452'.
Found and cleaned up 1 empty switch in `\chipus_ibex_wrapper.$2448'.
Found and cleaned up 1 empty switch in `\chipus_ibex_wrapper.$2444'.
Found and cleaned up 1 empty switch in `\chipus_ibex_wrapper.$2440'.
Found and cleaned up 1 empty switch in `\chipus_ibex_wrapper.$2436'.
Found and cleaned up 1 empty switch in `\chipus_ibex_wrapper.$2432'.
Found and cleaned up 1 empty switch in `\chipus_ibex_wrapper.$2428'.
Found and cleaned up 1 empty switch in `\chipus_ibex_wrapper.$2424'.
Found and cleaned up 1 empty switch in `\chipus_ibex_wrapper.$2420'.
Found and cleaned up 1 empty switch in `\chipus_ibex_wrapper.$2416'.
Found and cleaned up 1 empty switch in `\chipus_ibex_wrapper.$2412'.
Found and cleaned up 1 empty switch in `\chipus_ibex_wrapper.$2408'.
Found and cleaned up 1 empty switch in `\chipus_ibex_wrapper.$2404'.
Found and cleaned up 1 empty switch in `\chipus_ibex_wrapper.$2400'.
Found and cleaned up 1 empty switch in `\chipus_ibex_wrapper.$2396'.
Found and cleaned up 1 empty switch in `\chipus_ibex_wrapper.$2392'.
Found and cleaned up 1 empty switch in `\chipus_ibex_wrapper.$2388'.
Found and cleaned up 1 empty switch in `\chipus_ibex_wrapper.$2384'.
Found and cleaned up 1 empty switch in `\chipus_ibex_wrapper.$2380'.
Found and cleaned up 1 empty switch in `\chipus_ibex_wrapper.$2376'.
Found and cleaned up 1 empty switch in `\chipus_ibex_wrapper.$2372'.
Found and cleaned up 1 empty switch in `\chipus_ibex_wrapper.$2368'.
Found and cleaned up 1 empty switch in `\chipus_ibex_wrapper.$2364'.
Found and cleaned up 1 empty switch in `\chipus_ibex_wrapper.$2360'.
Found and cleaned up 1 empty switch in `\chipus_ibex_wrapper.$2356'.
Found and cleaned up 1 empty switch in `\chipus_ibex_wrapper.$2352'.
Found and cleaned up 1 empty switch in `\chipus_ibex_wrapper.$2348'.
Found and cleaned up 1 empty switch in `\chipus_ibex_wrapper.$2344'.
Removing empty process `chipus_ibex_wrapper.$2279'.
Found and cleaned up 1 empty switch in `\chipus_ibex_wrapper.$2244'.
Found and cleaned up 1 empty switch in `\chipus_ibex_wrapper.$2237'.
Removing empty process `chipus_ibex_wrapper.$2234'.
Removing empty process `chipus_ibex_wrapper.$2226'.
Found and cleaned up 1 empty switch in `\chipus_ibex_wrapper.$2221'.
Removing empty process `chipus_ibex_wrapper.$2215'.
Found and cleaned up 1 empty switch in `\chipus_ibex_wrapper.$2210'.
Found and cleaned up 61 empty switches in `\chipus_ibex_wrapper.$2179'.
Removing empty process `chipus_ibex_wrapper.$2178'.
Found and cleaned up 1 empty switch in `\chipus_ibex_wrapper.$2175'.
Found and cleaned up 1 empty switch in `\chipus_ibex_wrapper.$2172'.
Found and cleaned up 1 empty switch in `\chipus_ibex_wrapper.$2165'.
Found and cleaned up 1 empty switch in `\chipus_ibex_wrapper.$2161'.
Found and cleaned up 1 empty switch in `\chipus_ibex_wrapper.$2157'.
Found and cleaned up 1 empty switch in `\chipus_ibex_wrapper.$2153'.
Found and cleaned up 1 empty switch in `\chipus_ibex_wrapper.$2145'.
Found and cleaned up 1 empty switch in `\chipus_ibex_wrapper.$2137'.
Found and cleaned up 1 empty switch in `\chipus_ibex_wrapper.$2129'.
Found and cleaned up 1 empty switch in `\chipus_ibex_wrapper.$2125'.
Found and cleaned up 1 empty switch in `\chipus_ibex_wrapper.$2117'.
Found and cleaned up 1 empty switch in `\chipus_ibex_wrapper.$2113'.
Found and cleaned up 1 empty switch in `\chipus_ibex_wrapper.$2109'.
Found and cleaned up 1 empty switch in `\chipus_ibex_wrapper.$2105'.
Found and cleaned up 1 empty switch in `\chipus_ibex_wrapper.$2101'.
Found and cleaned up 1 empty switch in `\chipus_ibex_wrapper.$2093'.
Removing empty process `chipus_ibex_wrapper.$2085'.
Found and cleaned up 1 empty switch in `\chipus_ibex_wrapper.$2062'.
Removing empty process `chipus_ibex_wrapper.$2058'.
Found and cleaned up 1 empty switch in `\chipus_ibex_wrapper.$1907'.
Found and cleaned up 9 empty switches in `\chipus_ibex_wrapper.$1825'.
Removing empty process `chipus_ibex_wrapper.$1809'.
Found and cleaned up 1 empty switch in `\chipus_ibex_wrapper.$1738'.
Found and cleaned up 1 empty switch in `\chipus_ibex_wrapper.$1724'.
Found and cleaned up 1 empty switch in `\chipus_ibex_wrapper.$1597'.
Found and cleaned up 1 empty switch in `\chipus_ibex_wrapper.$1581'.
Found and cleaned up 1 empty switch in `\chipus_ibex_wrapper.$1571'.
Found and cleaned up 1 empty switch in `\chipus_ibex_wrapper.$1561'.
Found and cleaned up 1 empty switch in `\chipus_ibex_wrapper.$1559'.
Found and cleaned up 1 empty switch in `\chipus_ibex_wrapper.$1555'.
Found and cleaned up 1 empty switch in `\chipus_ibex_wrapper.$1547'.
Found and cleaned up 1 empty switch in `\chipus_ibex_wrapper.$1543'.
Found and cleaned up 1 empty switch in `\chipus_ibex_wrapper.$1531'.
Found and cleaned up 1 empty switch in `\chipus_ibex_wrapper.$1529'.
Found and cleaned up 1 empty switch in `\chipus_ibex_wrapper.$1515'.
Found and cleaned up 1 empty switch in `\chipus_ibex_wrapper.$1420'.
Found and cleaned up 1 empty switch in `\chipus_ibex_wrapper.$1410'.
Found and cleaned up 1 empty switch in `\chipus_ibex_wrapper.$1401'.
Found and cleaned up 1 empty switch in `\chipus_ibex_wrapper.$1376'.
Found and cleaned up 1 empty switch in `\chipus_ibex_wrapper.$1362'.
Found and cleaned up 1 empty switch in `\chipus_ibex_wrapper.$1356'.
Found and cleaned up 1 empty switch in `\chipus_ibex_wrapper.$1354'.
Found and cleaned up 1 empty switch in `\chipus_ibex_wrapper.$1342'.
Found and cleaned up 2 empty switches in `\chipus_ibex_wrapper.$1333'.
Found and cleaned up 1 empty switch in `\chipus_ibex_wrapper.$1329'.
Found and cleaned up 1 empty switch in `\chipus_ibex_wrapper.$1322'.
Found and cleaned up 1 empty switch in `\chipus_ibex_wrapper.$1314'.
Found and cleaned up 1 empty switch in `\chipus_ibex_wrapper.$1308'.
Found and cleaned up 1 empty switch in `\chipus_ibex_wrapper.$1305'.
Found and cleaned up 1 empty switch in `\chipus_ibex_wrapper.$1302'.
Found and cleaned up 1 empty switch in `\chipus_ibex_wrapper.$1299'.
Found and cleaned up 4 empty switches in `\chipus_ibex_wrapper.$1297'.
Found and cleaned up 7 empty switches in `\chipus_ibex_wrapper.$1176'.
Found and cleaned up 1 empty switch in `\chipus_ibex_wrapper.$1172'.
Removing empty process `chipus_ibex_wrapper.$1165'.
Removing empty process `chipus_ibex_wrapper.$1158'.
Removing empty process `chipus_ibex_wrapper.$1143'.
Found and cleaned up 6 empty switches in `\chipus_ibex_wrapper.$952'.
Removing empty process `chipus_ibex_wrapper.$949'.
Found and cleaned up 1 empty switch in `\chipus_ibex_wrapper.$928'.
Found and cleaned up 1 empty switch in `\chipus_ibex_wrapper.$841'.
Found and cleaned up 48 empty switches in `\chipus_ibex_wrapper.$698'.
Found and cleaned up 6 empty switches in `\chipus_ibex_wrapper.$401'.
Found and cleaned up 1 empty switch in `\chipus_ibex_wrapper.$394'.
Found and cleaned up 1 empty switch in `\chipus_ibex_wrapper.$386'.
Found and cleaned up 1 empty switch in `\chipus_ibex_wrapper.$379'.
Found and cleaned up 1 empty switch in `\chipus_ibex_wrapper.$375'.
Found and cleaned up 1 empty switch in `\chipus_ibex_wrapper.$370'.
Found and cleaned up 1 empty switch in `\chipus_ibex_wrapper.$368'.
Found and cleaned up 1 empty switch in `\chipus_ibex_wrapper.$331'.
Removing empty process `chipus_ibex_wrapper.$328'.
Removing empty process `chipus_ibex_wrapper.$313'.
Removing empty process `chipus_ibex_wrapper.$309'.
Found and cleaned up 28 empty switches in `\chipus_ibex_wrapper.$252'.
Removing empty process `chipus_ibex_wrapper.$193'.
Found and cleaned up 1 empty switch in `\chipus_ibex_wrapper.$169'.
Found and cleaned up 1 empty switch in `\chipus_ibex_wrapper.$160'.
Found and cleaned up 1 empty switch in `\chipus_ibex_wrapper.$144'.
Found and cleaned up 1 empty switch in `\chipus_ibex_wrapper.$141'.
Found and cleaned up 1 empty switch in `\chipus_ibex_wrapper.$138'.
Removing empty process `chipus_ibex_wrapper.$135'.
Found and cleaned up 1 empty switch in `\chipus_ibex_wrapper.$94'.
Found and cleaned up 1 empty switch in `\chipus_ibex_wrapper.$82'.
Found and cleaned up 1 empty switch in `\chipus_ibex_wrapper.$38'.
Found and cleaned up 1 empty switch in `\chipus_ibex_wrapper.$29'.
Removing empty process `chipus_ibex_wrapper.$22'.
Removing empty process `chipus_ibex_wrapper.$21'.
Found and cleaned up 1 empty switch in `\chipus_ibex_wrapper.$8'.
Removing empty process `chipus_ibex_wrapper.$0'.
Cleaned up 272 empty switches.

2.3. Executing TRIBUF pass.

2.4. Executing PROC_RMDEAD pass (remove dead branches from decision trees).
Marked 4 switch rules as full_case in process $2221 in module chipus_ibex_wrapper.
Marked 4 switch rules as full_case in process $2210 in module chipus_ibex_wrapper.
Marked 1 switch rules as full_case in process $2175 in module chipus_ibex_wrapper.
Marked 1 switch rules as full_case in process $2172 in module chipus_ibex_wrapper.
Removed 1 dead cases from process $2062 in module chipus_ibex_wrapper.
Marked 13 switch rules as full_case in process $1907 in module chipus_ibex_wrapper.
Marked 9 switch rules as full_case in process $1825 in module chipus_ibex_wrapper.
Marked 2 switch rules as full_case in process $1738 in module chipus_ibex_wrapper.
Marked 5 switch rules as full_case in process $1724 in module chipus_ibex_wrapper.
Marked 26 switch rules as full_case in process $1597 in module chipus_ibex_wrapper.
Removed 1 dead cases from process $1581 in module chipus_ibex_wrapper.
Removed 1 dead cases from process $1571 in module chipus_ibex_wrapper.
Marked 8 switch rules as full_case in process $1571 in module chipus_ibex_wrapper.
Removed 1 dead cases from process $1561 in module chipus_ibex_wrapper.
Marked 8 switch rules as full_case in process $1561 in module chipus_ibex_wrapper.
Removed 1 dead cases from process $1559 in module chipus_ibex_wrapper.
Marked 5 switch rules as full_case in process $1531 in module chipus_ibex_wrapper.
Removed 1 dead cases from process $1529 in module chipus_ibex_wrapper.
Removed 5 dead cases from process $1515 in module chipus_ibex_wrapper.
Marked 10 switch rules as full_case in process $1515 in module chipus_ibex_wrapper.
Marked 6 switch rules as full_case in process $1420 in module chipus_ibex_wrapper.
Marked 1 switch rules as full_case in process $1410 in module chipus_ibex_wrapper.
Removed 1 dead cases from process $1376 in module chipus_ibex_wrapper.
Marked 4 switch rules as full_case in process $1376 in module chipus_ibex_wrapper.
Marked 1 switch rules as full_case in process $1329 in module chipus_ibex_wrapper.
Marked 1 switch rules as full_case in process $1322 in module chipus_ibex_wrapper.
Marked 1 switch rules as full_case in process $1308 in module chipus_ibex_wrapper.
Removed 1 dead cases from process $1176 in module chipus_ibex_wrapper.
Marked 7 switch rules as full_case in process $1176 in module chipus_ibex_wrapper.
Marked 53 switch rules as full_case in process $952 in module chipus_ibex_wrapper.
Marked 14 switch rules as full_case in process $928 in module chipus_ibex_wrapper.
Marked 16 switch rules as full_case in process $841 in module chipus_ibex_wrapper.
Removed 1 dead cases from process $698 in module chipus_ibex_wrapper.
Marked 21 switch rules as full_case in process $698 in module chipus_ibex_wrapper.
Removed 2 dead cases from process $401 in module chipus_ibex_wrapper.
Marked 64 switch rules as full_case in process $401 in module chipus_ibex_wrapper.
Removed 1 dead cases from process $386 in module chipus_ibex_wrapper.
Removed 1 dead cases from process $368 in module chipus_ibex_wrapper.
Removed 6 dead cases from process $252 in module chipus_ibex_wrapper.
Marked 21 switch rules as full_case in process $252 in module chipus_ibex_wrapper.
Marked 3 switch rules as full_case in process $82 in module chipus_ibex_wrapper.
Removed 1 dead cases from process $29 in module chipus_ibex_wrapper.
Marked 1 switch rules as full_case in process $29 in module chipus_ibex_wrapper.
Removed a total of 25 dead cases.

2.5. Executing PROC_PRUNE pass (remove redundant assignments in processes).
Removed 256 redundant assignments.
Promoted 30 assignments to connections.

2.6. Executing PROC_INIT pass (extract init attributes).

2.7. Executing PROC_ROM pass (convert switches to ROMs).
Converted 1 switch.
<suppressed ~518 debug messages>

2.8. Executing PROC_MUX pass (convert decision trees to multiplexers).
Creating decoders for process `\chipus_ibex_wrapper.$2384'.
     1/1: $u_ibex_top.gen_regfile_ff.register_file_i.g_plain_rf.g_rf_flops[11].rf_reg_q$2387
Creating decoders for process `\chipus_ibex_wrapper.$2380'.
     1/1: $u_ibex_top.gen_regfile_ff.register_file_i.g_plain_rf.g_rf_flops[10].rf_reg_q$2383
Creating decoders for process `\chipus_ibex_wrapper.$2376'.
     1/1: $u_ibex_top.gen_regfile_ff.register_file_i.g_plain_rf.g_rf_flops[9].rf_reg_q$2379
Creating decoders for process `\chipus_ibex_wrapper.$2372'.
     1/1: $u_ibex_top.gen_regfile_ff.register_file_i.g_plain_rf.g_rf_flops[8].rf_reg_q$2375
Creating decoders for process `\chipus_ibex_wrapper.$2368'.
     1/1: $u_ibex_top.gen_regfile_ff.register_file_i.g_plain_rf.g_rf_flops[7].rf_reg_q$2371
Creating decoders for process `\chipus_ibex_wrapper.$2364'.
     1/1: $u_ibex_top.gen_regfile_ff.register_file_i.g_plain_rf.g_rf_flops[6].rf_reg_q$2367
Creating decoders for process `\chipus_ibex_wrapper.$2360'.
     1/1: $u_ibex_top.gen_regfile_ff.register_file_i.g_plain_rf.g_rf_flops[5].rf_reg_q$2363
Creating decoders for process `\chipus_ibex_wrapper.$2356'.
     1/1: $u_ibex_top.gen_regfile_ff.register_file_i.g_plain_rf.g_rf_flops[4].rf_reg_q$2359
Creating decoders for process `\chipus_ibex_wrapper.$2352'.
     1/1: $u_ibex_top.gen_regfile_ff.register_file_i.g_plain_rf.g_rf_flops[3].rf_reg_q$2355
Creating decoders for process `\chipus_ibex_wrapper.$2348'.
     1/1: $u_ibex_top.gen_regfile_ff.register_file_i.g_plain_rf.g_rf_flops[2].rf_reg_q$2351
Creating decoders for process `\chipus_ibex_wrapper.$2344'.
     1/1: $u_ibex_top.gen_regfile_ff.register_file_i.g_plain_rf.g_rf_flops[1].rf_reg_q$2347
Creating decoders for process `\chipus_ibex_wrapper.$2464'.
     1/1: $u_ibex_top.gen_regfile_ff.register_file_i.g_plain_rf.g_rf_flops[31].rf_reg_q$2467
Creating decoders for process `\chipus_ibex_wrapper.$2244'.
     1/1: $u_ibex_top.u_ibex_core.cs_registers_i.u_cpuctrlsts_part_csr.rdata_q$2247
Creating decoders for process `\chipus_ibex_wrapper.$2237'.
     1/1: $u_ibex_top.u_ibex_core.cs_registers_i.u_mcounteren_csr.rdata_q$2240
Creating decoders for process `\chipus_ibex_wrapper.$2460'.
     1/1: $u_ibex_top.gen_regfile_ff.register_file_i.g_plain_rf.g_rf_flops[30].rf_reg_q$2463
Creating decoders for process `\chipus_ibex_wrapper.$2456'.
     1/1: $u_ibex_top.gen_regfile_ff.register_file_i.g_plain_rf.g_rf_flops[29].rf_reg_q$2459
Creating decoders for process `\chipus_ibex_wrapper.$2221'.
     1/3: $u_ibex_top.u_ibex_core.cs_registers_i.minstret_counter_i.counter_d$2224
     2/3: $u_ibex_top.u_ibex_core.cs_registers_i.minstret_counter_i.counter_d$2225
     3/3: $u_ibex_top.u_ibex_core.cs_registers_i.minstret_counter_i.counter_load$2223
Creating decoders for process `\chipus_ibex_wrapper.$2452'.
     1/1: $u_ibex_top.gen_regfile_ff.register_file_i.g_plain_rf.g_rf_flops[28].rf_reg_q$2455
Creating decoders for process `\chipus_ibex_wrapper.$2210'.
     1/3: $u_ibex_top.u_ibex_core.cs_registers_i.mcycle_counter_i.counter_d$2213
     2/3: $u_ibex_top.u_ibex_core.cs_registers_i.mcycle_counter_i.counter_d$2214
     3/3: $u_ibex_top.u_ibex_core.cs_registers_i.mcycle_counter_i.counter_load$2212
Creating decoders for process `\chipus_ibex_wrapper.$2179'.
Creating decoders for process `\chipus_ibex_wrapper.$2448'.
     1/1: $u_ibex_top.gen_regfile_ff.register_file_i.g_plain_rf.g_rf_flops[27].rf_reg_q$2451
Creating decoders for process `\chipus_ibex_wrapper.$2175'.
     1/1: $u_ibex_top.u_ibex_core.cs_registers_i.mcounteren_d$2177
Creating decoders for process `\chipus_ibex_wrapper.$2172'.
     1/1: $u_ibex_top.u_ibex_core.cs_registers_i.mcountinhibit_d$2174
Creating decoders for process `\chipus_ibex_wrapper.$2165'.
     1/1: $u_ibex_top.u_ibex_core.cs_registers_i.u_mstack_cause_csr.rdata_q$2168
Creating decoders for process `\chipus_ibex_wrapper.$2161'.
     1/1: $u_ibex_top.u_ibex_core.cs_registers_i.u_mstack_epc_csr.rdata_q$2164
Creating decoders for process `\chipus_ibex_wrapper.$2157'.
     1/1: $u_ibex_top.u_ibex_core.cs_registers_i.u_mstack_csr.rdata_q$2160
Creating decoders for process `\chipus_ibex_wrapper.$2153'.
     1/1: $u_ibex_top.u_ibex_core.cs_registers_i.u_dscratch1_csr.rdata_q$2156
Creating decoders for process `\chipus_ibex_wrapper.$2145'.
     1/1: $u_ibex_top.u_ibex_core.cs_registers_i.u_dscratch0_csr.rdata_q$2148
Creating decoders for process `\chipus_ibex_wrapper.$2137'.
     1/1: $u_ibex_top.u_ibex_core.cs_registers_i.u_depc_csr.rdata_q$2140
Creating decoders for process `\chipus_ibex_wrapper.$2129'.
     1/1: $u_ibex_top.u_ibex_core.cs_registers_i.u_dcsr_csr.rdata_q$2132
Creating decoders for process `\chipus_ibex_wrapper.$2125'.
     1/1: $u_ibex_top.u_ibex_core.cs_registers_i.u_mtvec_csr.rdata_q$2128
Creating decoders for process `\chipus_ibex_wrapper.$2117'.
     1/1: $u_ibex_top.u_ibex_core.cs_registers_i.u_mtval_csr.rdata_q$2120
Creating decoders for process `\chipus_ibex_wrapper.$2113'.
     1/1: $u_ibex_top.u_ibex_core.cs_registers_i.u_mcause_csr.rdata_q$2116
Creating decoders for process `\chipus_ibex_wrapper.$2109'.
     1/1: $u_ibex_top.u_ibex_core.cs_registers_i.u_mscratch_csr.rdata_q$2112
Creating decoders for process `\chipus_ibex_wrapper.$2105'.
     1/1: $u_ibex_top.u_ibex_core.cs_registers_i.u_mie_csr.rdata_q$2108
Creating decoders for process `\chipus_ibex_wrapper.$2101'.
     1/1: $u_ibex_top.u_ibex_core.cs_registers_i.u_mepc_csr.rdata_q$2104
Creating decoders for process `\chipus_ibex_wrapper.$2093'.
     1/1: $u_ibex_top.u_ibex_core.cs_registers_i.u_mstatus_csr.rdata_q$2096
Creating decoders for process `\chipus_ibex_wrapper.$2444'.
     1/1: $u_ibex_top.gen_regfile_ff.register_file_i.g_plain_rf.g_rf_flops[26].rf_reg_q$2447
Creating decoders for process `\chipus_ibex_wrapper.$2062'.
     1/1: $u_ibex_top.u_ibex_core.cs_registers_i.csr_wdata_int$2066
Creating decoders for process `\chipus_ibex_wrapper.$2440'.
     1/1: $u_ibex_top.gen_regfile_ff.register_file_i.g_plain_rf.g_rf_flops[25].rf_reg_q$2443
Creating decoders for process `\chipus_ibex_wrapper.$1907'.
     1/108: $u_ibex_top.u_ibex_core.cs_registers_i.cpuctrlsts_part_d[7:6]$2056 [1]
     2/108: $u_ibex_top.u_ibex_core.cs_registers_i.cpuctrlsts_part_d[7:6]$2056 [0]
     3/108: $u_ibex_top.u_ibex_core.cs_registers_i.mcause_en$2038
     4/108: $u_ibex_top.u_ibex_core.cs_registers_i.mcause_d$2037
     5/108: $u_ibex_top.u_ibex_core.cs_registers_i.mepc_en$2036
     6/108: $u_ibex_top.u_ibex_core.cs_registers_i.mepc_d$2035
     7/108: $u_ibex_top.u_ibex_core.cs_registers_i.mstatus_d[1]$2033
     8/108: $u_ibex_top.u_ibex_core.cs_registers_i.mstatus_d[5:1]$2042 [0]
     9/108: $u_ibex_top.u_ibex_core.cs_registers_i.mstatus_d[4:2]$2034
    10/108: $u_ibex_top.u_ibex_core.cs_registers_i.double_fault_seen_o$1998
    11/108: $u_ibex_top.u_ibex_core.cs_registers_i.cpuctrlsts_part_we$2002
    12/108: $u_ibex_top.u_ibex_core.cs_registers_i.cpuctrlsts_part_d[7:6]$2001
    13/108: $u_ibex_top.u_ibex_core.cs_registers_i.double_fault_seen_o$2000
    14/108: $u_ibex_top.u_ibex_core.cs_registers_i.cpuctrlsts_part_we$2014
    15/108: $u_ibex_top.u_ibex_core.cs_registers_i.cpuctrlsts_part_d[7:6]$2013
    16/108: $u_ibex_top.u_ibex_core.cs_registers_i.mstack_en$2012
    17/108: $u_ibex_top.u_ibex_core.cs_registers_i.mtval_en$2011
    18/108: $u_ibex_top.u_ibex_core.cs_registers_i.mtval_d$2010
    19/108: $u_ibex_top.u_ibex_core.cs_registers_i.mcause_en$2009
    20/108: $u_ibex_top.u_ibex_core.cs_registers_i.mcause_d$2008
    21/108: $u_ibex_top.u_ibex_core.cs_registers_i.mepc_en$2007
    22/108: $u_ibex_top.u_ibex_core.cs_registers_i.mepc_d$2006
    23/108: $u_ibex_top.u_ibex_core.cs_registers_i.mstatus_en$2005
    24/108: $u_ibex_top.u_ibex_core.cs_registers_i.mstatus_d[5:2]$2004
    25/108: $u_ibex_top.u_ibex_core.cs_registers_i.double_fault_seen_o$2003
    26/108: $u_ibex_top.u_ibex_core.cs_registers_i.cpuctrlsts_part_we$2031
    27/108: $u_ibex_top.u_ibex_core.cs_registers_i.cpuctrlsts_part_d[7:6]$2030
    28/108: $u_ibex_top.u_ibex_core.cs_registers_i.mstack_en$2029
    29/108: $u_ibex_top.u_ibex_core.cs_registers_i.depc_en$2028
    30/108: $u_ibex_top.u_ibex_core.cs_registers_i.depc_d$2027
    31/108: $u_ibex_top.u_ibex_core.cs_registers_i.dcsr_en$2026
    32/108: $u_ibex_top.u_ibex_core.cs_registers_i.dcsr_d[8:6]$2025
    33/108: $u_ibex_top.u_ibex_core.cs_registers_i.dcsr_d[1:0]$2024
    34/108: $u_ibex_top.u_ibex_core.cs_registers_i.mtval_en$2023
    35/108: $u_ibex_top.u_ibex_core.cs_registers_i.mtval_d$2022
    36/108: $u_ibex_top.u_ibex_core.cs_registers_i.mcause_en$2021
    37/108: $u_ibex_top.u_ibex_core.cs_registers_i.mcause_d$2020
    38/108: $u_ibex_top.u_ibex_core.cs_registers_i.mepc_en$2019
    39/108: $u_ibex_top.u_ibex_core.cs_registers_i.mepc_d$2018
    40/108: $u_ibex_top.u_ibex_core.cs_registers_i.mstatus_en$2017
    41/108: $u_ibex_top.u_ibex_core.cs_registers_i.mstatus_d[5:2]$2016
    42/108: $u_ibex_top.u_ibex_core.cs_registers_i.double_fault_seen_o$2015
    43/108: $u_ibex_top.u_ibex_core.cs_registers_i.exception_pc$1994
    44/108: $u_ibex_top.u_ibex_core.cs_registers_i.cpuctrlsts_part_we$2057
    45/108: $u_ibex_top.u_ibex_core.cs_registers_i.mstatus_d[5:1]$2042 [4:1]
    46/108: $u_ibex_top.u_ibex_core.cs_registers_i.mstack_en$2055
    47/108: $u_ibex_top.u_ibex_core.cs_registers_i.depc_en$2054
    48/108: $u_ibex_top.u_ibex_core.cs_registers_i.depc_d$2053
    49/108: $u_ibex_top.u_ibex_core.cs_registers_i.dcsr_en$2052
    50/108: $u_ibex_top.u_ibex_core.cs_registers_i.dcsr_d[8:6]$2051
    51/108: $u_ibex_top.u_ibex_core.cs_registers_i.dcsr_d[1:0]$2050
    52/108: $u_ibex_top.u_ibex_core.cs_registers_i.mtval_en$2049
    53/108: $u_ibex_top.u_ibex_core.cs_registers_i.mtval_d$2048
    54/108: $u_ibex_top.u_ibex_core.cs_registers_i.mcause_en$2047
    55/108: $u_ibex_top.u_ibex_core.cs_registers_i.mcause_d$2046
    56/108: $u_ibex_top.u_ibex_core.cs_registers_i.mepc_en$2045
    57/108: $u_ibex_top.u_ibex_core.cs_registers_i.mepc_d$2044
    58/108: $u_ibex_top.u_ibex_core.cs_registers_i.mstatus_en$2043
    59/108: $u_ibex_top.u_ibex_core.cs_registers_i.cpuctrlsts_part_d[7]$1999
    60/108: $u_ibex_top.u_ibex_core.cs_registers_i.priv_lvl_d$2041
    61/108: $u_ibex_top.u_ibex_core.cs_registers_i.exception_pc$2040
    62/108: $u_ibex_top.u_ibex_core.cs_registers_i.double_fault_seen_o$2039
    63/108: $u_ibex_top.u_ibex_core.cs_registers_i.dcsr_d[1:0]$1928
    64/108: $u_ibex_top.u_ibex_core.cs_registers_i.mstatus_d[3:2]$1920
    65/108: $u_ibex_top.u_ibex_core.cs_registers_i.cpuctrlsts_part_we$1971
    66/108: $u_ibex_top.u_ibex_core.cs_registers_i.cpuctrlsts_part_d$1970
    67/108: $u_ibex_top.u_ibex_core.cs_registers_i.mhpmcounterh_we$1969
    68/108: $u_ibex_top.u_ibex_core.cs_registers_i.mhpmcounter_we$1968
    69/108: $u_ibex_top.u_ibex_core.cs_registers_i.mcounteren_we$1967
    70/108: $u_ibex_top.u_ibex_core.cs_registers_i.mcountinhibit_we$1966
    71/108: $u_ibex_top.u_ibex_core.cs_registers_i.cdbg_ctrl_en$1965
    72/108: $u_ibex_top.u_ibex_core.cs_registers_i.mshwmb_en$1964
    73/108: $u_ibex_top.u_ibex_core.cs_registers_i.mshwm_en$1963
    74/108: $u_ibex_top.u_ibex_core.cs_registers_i.dscratch1_en$1962
    75/108: $u_ibex_top.u_ibex_core.cs_registers_i.dscratch0_en$1961
    76/108: $u_ibex_top.u_ibex_core.cs_registers_i.depc_en$1960
    77/108: $u_ibex_top.u_ibex_core.cs_registers_i.dcsr_en$1959
    78/108: $u_ibex_top.u_ibex_core.cs_registers_i.dcsr_d$1958
    79/108: $u_ibex_top.u_ibex_core.cs_registers_i.mtvec_en$1957
    80/108: $u_ibex_top.u_ibex_core.cs_registers_i.mtval_en$1956
    81/108: $u_ibex_top.u_ibex_core.cs_registers_i.mcause_en$1955
    82/108: $u_ibex_top.u_ibex_core.cs_registers_i.mepc_en$1954
    83/108: $u_ibex_top.u_ibex_core.cs_registers_i.mscratch_en$1953
    84/108: $u_ibex_top.u_ibex_core.cs_registers_i.mie_en$1952
    85/108: $u_ibex_top.u_ibex_core.cs_registers_i.mstatus_en$1951
    86/108: $u_ibex_top.u_ibex_core.cs_registers_i.mstatus_d$1950
    87/108: $u_ibex_top.u_ibex_core.cs_registers_i.cpuctrlsts_part_we$1993
    88/108: $u_ibex_top.u_ibex_core.cs_registers_i.cpuctrlsts_part_d$1992
    89/108: $u_ibex_top.u_ibex_core.cs_registers_i.mhpmcounterh_we$1991
    90/108: $u_ibex_top.u_ibex_core.cs_registers_i.mhpmcounter_we$1990
    91/108: $u_ibex_top.u_ibex_core.cs_registers_i.mcounteren_we$1989
    92/108: $u_ibex_top.u_ibex_core.cs_registers_i.mcountinhibit_we$1988
    93/108: $u_ibex_top.u_ibex_core.cs_registers_i.cdbg_ctrl_en$1987
    94/108: $u_ibex_top.u_ibex_core.cs_registers_i.mshwmb_en$1986
    95/108: $u_ibex_top.u_ibex_core.cs_registers_i.mshwm_en$1985
    96/108: $u_ibex_top.u_ibex_core.cs_registers_i.dscratch1_en$1984
    97/108: $u_ibex_top.u_ibex_core.cs_registers_i.dscratch0_en$1983
    98/108: $u_ibex_top.u_ibex_core.cs_registers_i.depc_en$1982
    99/108: $u_ibex_top.u_ibex_core.cs_registers_i.dcsr_en$1981
   100/108: $u_ibex_top.u_ibex_core.cs_registers_i.dcsr_d$1980
   101/108: $u_ibex_top.u_ibex_core.cs_registers_i.mtvec_en$1979
   102/108: $u_ibex_top.u_ibex_core.cs_registers_i.mtval_en$1978
   103/108: $u_ibex_top.u_ibex_core.cs_registers_i.mcause_en$1977
   104/108: $u_ibex_top.u_ibex_core.cs_registers_i.mepc_en$1976
   105/108: $u_ibex_top.u_ibex_core.cs_registers_i.mscratch_en$1975
   106/108: $u_ibex_top.u_ibex_core.cs_registers_i.mie_en$1974
   107/108: $u_ibex_top.u_ibex_core.cs_registers_i.mstatus_en$1973
   108/108: $u_ibex_top.u_ibex_core.cs_registers_i.mstatus_d$1972
Creating decoders for process `\chipus_ibex_wrapper.$1825'.
     1/15: $u_ibex_top.u_ibex_core.cs_registers_i.illegal_csr$1906
     2/15: $u_ibex_top.u_ibex_core.cs_registers_i.illegal_csr$1905
     3/15: $u_ibex_top.u_ibex_core.cs_registers_i.illegal_csr$1880
     4/15: $u_ibex_top.u_ibex_core.cs_registers_i.csr_rdata_int$1879
     5/15: $u_ibex_top.u_ibex_core.cs_registers_i.illegal_csr$1877
     6/15: $u_ibex_top.u_ibex_core.cs_registers_i.csr_rdata_int$1876
     7/15: $u_ibex_top.u_ibex_core.cs_registers_i.illegal_csr$1874
     8/15: $u_ibex_top.u_ibex_core.cs_registers_i.csr_rdata_int$1873
     9/15: $u_ibex_top.u_ibex_core.cs_registers_i.illegal_csr$1834
    10/15: $u_ibex_top.u_ibex_core.cs_registers_i.illegal_csr$1833
    11/15: $u_ibex_top.u_ibex_core.cs_registers_i.csr_rdata_int$1830
    12/15: $u_ibex_top.u_ibex_core.cs_registers_i.csr_rdata_int$1829
    13/15: $u_ibex_top.u_ibex_core.cs_registers_i.illegal_csr$1883
    14/15: $u_ibex_top.u_ibex_core.cs_registers_i.dbg_csr$1882
    15/15: $u_ibex_top.u_ibex_core.cs_registers_i.csr_rdata_int$1881
Creating decoders for process `\chipus_ibex_wrapper.$2436'.
     1/1: $u_ibex_top.gen_regfile_ff.register_file_i.g_plain_rf.g_rf_flops[24].rf_reg_q$2439
Creating decoders for process `\chipus_ibex_wrapper.$1738'.
     1/5: $u_ibex_top.u_ibex_core.load_store_unit_i.cap_lsw_err_q$1757
     2/5: $u_ibex_top.u_ibex_core.load_store_unit_i.cap_lsw_tag_q$1751
     3/5: $u_ibex_top.u_ibex_core.load_store_unit_i.cap_lsw_data_q$1750
     4/5: $u_ibex_top.u_ibex_core.load_store_unit_i.resp_lc_clrperm_q$1742
     5/5: $u_ibex_top.u_ibex_core.load_store_unit_i.resp_is_cap_q$1741
Creating decoders for process `\chipus_ibex_wrapper.$1724'.
     1/5: $u_ibex_top.u_ibex_core.load_store_unit_i.cap_rx_fsm_d$1731
     2/5: $u_ibex_top.u_ibex_core.load_store_unit_i.cap_rx_fsm_d$1732
     3/5: $u_ibex_top.u_ibex_core.load_store_unit_i.cap_rx_fsm_d$1729
     4/5: $u_ibex_top.u_ibex_core.load_store_unit_i.cap_rx_fsm_d$1733
     5/5: $u_ibex_top.u_ibex_core.load_store_unit_i.cap_rx_fsm_d$1728
Creating decoders for process `\chipus_ibex_wrapper.$1597'.
     1/94: $u_ibex_top.u_ibex_core.load_store_unit_i.ls_fsm_ns$1709
     2/94: $u_ibex_top.u_ibex_core.load_store_unit_i.ls_fsm_ns$1706
     3/94: $u_ibex_top.u_ibex_core.load_store_unit_i.addr_incr_req_o$1708
     4/94: $u_ibex_top.u_ibex_core.load_store_unit_i.data_req_o$1707
     5/94: $u_ibex_top.u_ibex_core.load_store_unit_i.ls_fsm_ns$1704
     6/94: $u_ibex_top.u_ibex_core.load_store_unit_i.ls_fsm_ns$1700
     7/94: $u_ibex_top.u_ibex_core.load_store_unit_i.ls_fsm_ns$1701
     8/94: $u_ibex_top.u_ibex_core.load_store_unit_i.addr_incr_req_o$1703
     9/94: $u_ibex_top.u_ibex_core.load_store_unit_i.data_req_o$1702
    10/94: $u_ibex_top.u_ibex_core.load_store_unit_i.ls_fsm_ns$1695
    11/94: $u_ibex_top.u_ibex_core.load_store_unit_i.ls_fsm_ns$1690
    12/94: $u_ibex_top.u_ibex_core.load_store_unit_i.ctrl_update$1689
    13/94: $u_ibex_top.u_ibex_core.load_store_unit_i.addr_update$1688
    14/94: $u_ibex_top.u_ibex_core.load_store_unit_i.ctrl_update$1694
    15/94: $u_ibex_top.u_ibex_core.load_store_unit_i.addr_update$1693
    16/94: $u_ibex_top.u_ibex_core.load_store_unit_i.addr_incr_req_o$1692
    17/94: $u_ibex_top.u_ibex_core.load_store_unit_i.data_req_o$1691
    18/94: $u_ibex_top.u_ibex_core.load_store_unit_i.ls_fsm_ns$1686
    19/94: $u_ibex_top.u_ibex_core.load_store_unit_i.lsu_err_d$1685
    20/94: $u_ibex_top.u_ibex_core.load_store_unit_i.pmp_err_d$1684
    21/94: $u_ibex_top.u_ibex_core.load_store_unit_i.rdata_update$1683
    22/94: $u_ibex_top.u_ibex_core.load_store_unit_i.addr_update$1682
    23/94: $u_ibex_top.u_ibex_core.load_store_unit_i.ls_fsm_ns$1679
    24/94: $u_ibex_top.u_ibex_core.load_store_unit_i.handle_misaligned_d$1678
    25/94: $u_ibex_top.u_ibex_core.load_store_unit_i.ctrl_update$1677
    26/94: $u_ibex_top.u_ibex_core.load_store_unit_i.addr_update$1676
    27/94: $u_ibex_top.u_ibex_core.load_store_unit_i.ls_fsm_ns$1667
    28/94: $u_ibex_top.u_ibex_core.load_store_unit_i.handle_misaligned_d$1666
    29/94: $u_ibex_top.u_ibex_core.load_store_unit_i.ls_fsm_ns$1673
    30/94: $u_ibex_top.u_ibex_core.load_store_unit_i.handle_misaligned_d$1670
    31/94: $u_ibex_top.u_ibex_core.load_store_unit_i.lsu_err_d$1672
    32/94: $u_ibex_top.u_ibex_core.load_store_unit_i.pmp_err_d$1671
    33/94: $u_ibex_top.u_ibex_core.load_store_unit_i.rdata_update$1669
    34/94: $u_ibex_top.u_ibex_core.load_store_unit_i.addr_update$1668
    35/94: $u_ibex_top.u_ibex_core.load_store_unit_i.ls_fsm_ns$1657
    36/94: $u_ibex_top.u_ibex_core.load_store_unit_i.handle_misaligned_d$1656
    37/94: $u_ibex_top.u_ibex_core.load_store_unit_i.ctrl_update$1655
    38/94: $u_ibex_top.u_ibex_core.load_store_unit_i.addr_update$1654
    39/94: $u_ibex_top.u_ibex_core.load_store_unit_i.ls_fsm_ns$1723
    40/94: $u_ibex_top.u_ibex_core.load_store_unit_i.ls_fsm_ns$1617
    41/94: $u_ibex_top.u_ibex_core.load_store_unit_i.handle_misaligned_d$1616
    42/94: $u_ibex_top.u_ibex_core.load_store_unit_i.ctrl_update$1615
    43/94: $u_ibex_top.u_ibex_core.load_store_unit_i.addr_update$1614
    44/94: $u_ibex_top.u_ibex_core.load_store_unit_i.ls_fsm_ns$1628
    45/94: $u_ibex_top.u_ibex_core.load_store_unit_i.lsu_go$1627
    46/94: $u_ibex_top.u_ibex_core.load_store_unit_i.cheriot_err_d$1626
    47/94: $u_ibex_top.u_ibex_core.load_store_unit_i.lsu_err_d$1625
    48/94: $u_ibex_top.u_ibex_core.load_store_unit_i.pmp_err_d$1624
    49/94: $u_ibex_top.u_ibex_core.load_store_unit_i.handle_misaligned_d$1623
    50/94: $u_ibex_top.u_ibex_core.load_store_unit_i.ctrl_update$1622
    51/94: $u_ibex_top.u_ibex_core.load_store_unit_i.addr_update$1621
    52/94: $u_ibex_top.u_ibex_core.load_store_unit_i.perf_store_o$1620
    53/94: $u_ibex_top.u_ibex_core.load_store_unit_i.perf_load_o$1619
    54/94: $u_ibex_top.u_ibex_core.load_store_unit_i.data_req_o$1618
    55/94: $u_ibex_top.u_ibex_core.load_store_unit_i.ls_fsm_ns$1640
    56/94: $u_ibex_top.u_ibex_core.load_store_unit_i.lsu_go$1638
    57/94: $u_ibex_top.u_ibex_core.load_store_unit_i.cheriot_err_d$1637
    58/94: $u_ibex_top.u_ibex_core.load_store_unit_i.lsu_err_d$1636
    59/94: $u_ibex_top.u_ibex_core.load_store_unit_i.pmp_err_d$1635
    60/94: $u_ibex_top.u_ibex_core.load_store_unit_i.ctrl_update$1633
    61/94: $u_ibex_top.u_ibex_core.load_store_unit_i.addr_update$1632
    62/94: $u_ibex_top.u_ibex_core.load_store_unit_i.perf_store_o$1631
    63/94: $u_ibex_top.u_ibex_core.load_store_unit_i.perf_load_o$1630
    64/94: $u_ibex_top.u_ibex_core.load_store_unit_i.data_req_o$1629
    65/94: $u_ibex_top.u_ibex_core.load_store_unit_i.ls_fsm_ns$1610
    66/94: $u_ibex_top.u_ibex_core.load_store_unit_i.ctrl_update$1609
    67/94: $u_ibex_top.u_ibex_core.load_store_unit_i.addr_update$1608
    68/94: $u_ibex_top.u_ibex_core.load_store_unit_i.lsu_go_goodcap$1639
    69/94: $u_ibex_top.u_ibex_core.load_store_unit_i.handle_misaligned_d$1634
    70/94: $u_ibex_top.u_ibex_core.load_store_unit_i.ls_fsm_ns$1652
    71/94: $u_ibex_top.u_ibex_core.load_store_unit_i.lsu_go$1650
    72/94: $u_ibex_top.u_ibex_core.load_store_unit_i.cheriot_err_d$1649
    73/94: $u_ibex_top.u_ibex_core.load_store_unit_i.lsu_err_d$1648
    74/94: $u_ibex_top.u_ibex_core.load_store_unit_i.pmp_err_d$1647
    75/94: $u_ibex_top.u_ibex_core.load_store_unit_i.ctrl_update$1645
    76/94: $u_ibex_top.u_ibex_core.load_store_unit_i.addr_update$1644
    77/94: $u_ibex_top.u_ibex_core.load_store_unit_i.perf_load_o$1642
    78/94: $u_ibex_top.u_ibex_core.load_store_unit_i.data_req_o$1641
    79/94: $u_ibex_top.u_ibex_core.load_store_unit_i.lsu_go_goodcap$1651
    80/94: $u_ibex_top.u_ibex_core.load_store_unit_i.handle_misaligned_d$1646
    81/94: $u_ibex_top.u_ibex_core.load_store_unit_i.perf_store_o$1643
    82/94: $u_ibex_top.u_ibex_core.load_store_unit_i.lsu_go_goodcap$1722
    83/94: $u_ibex_top.u_ibex_core.load_store_unit_i.lsu_go$1721
    84/94: $u_ibex_top.u_ibex_core.load_store_unit_i.cheriot_err_d$1720
    85/94: $u_ibex_top.u_ibex_core.load_store_unit_i.lsu_err_d$1719
    86/94: $u_ibex_top.u_ibex_core.load_store_unit_i.pmp_err_d$1718
    87/94: $u_ibex_top.u_ibex_core.load_store_unit_i.handle_misaligned_d$1717
    88/94: $u_ibex_top.u_ibex_core.load_store_unit_i.rdata_update$1716
    89/94: $u_ibex_top.u_ibex_core.load_store_unit_i.ctrl_update$1715
    90/94: $u_ibex_top.u_ibex_core.load_store_unit_i.addr_update$1714
    91/94: $u_ibex_top.u_ibex_core.load_store_unit_i.perf_store_o$1713
    92/94: $u_ibex_top.u_ibex_core.load_store_unit_i.perf_load_o$1712
    93/94: $u_ibex_top.u_ibex_core.load_store_unit_i.addr_incr_req_o$1711
    94/94: $u_ibex_top.u_ibex_core.load_store_unit_i.data_req_o$1710
Creating decoders for process `\chipus_ibex_wrapper.$1581'.
     1/1: $u_ibex_top.u_ibex_core.load_store_unit_i.data_rdata_ext$1582
Creating decoders for process `\chipus_ibex_wrapper.$1571'.
     1/5: $u_ibex_top.u_ibex_core.load_store_unit_i.rdata_b_ext$1579
     2/5: $u_ibex_top.u_ibex_core.load_store_unit_i.rdata_b_ext$1577
     3/5: $u_ibex_top.u_ibex_core.load_store_unit_i.rdata_b_ext$1575
     4/5: $u_ibex_top.u_ibex_core.load_store_unit_i.rdata_b_ext$1580
     5/5: $u_ibex_top.u_ibex_core.load_store_unit_i.rdata_b_ext$1573
Creating decoders for process `\chipus_ibex_wrapper.$1561'.
     1/5: $u_ibex_top.u_ibex_core.load_store_unit_i.rdata_h_ext$1569
     2/5: $u_ibex_top.u_ibex_core.load_store_unit_i.rdata_h_ext$1567
     3/5: $u_ibex_top.u_ibex_core.load_store_unit_i.rdata_h_ext$1565
     4/5: $u_ibex_top.u_ibex_core.load_store_unit_i.rdata_h_ext$1570
     5/5: $u_ibex_top.u_ibex_core.load_store_unit_i.rdata_h_ext$1563
Creating decoders for process `\chipus_ibex_wrapper.$1559'.
     1/1: $u_ibex_top.u_ibex_core.load_store_unit_i.rdata_w_ext$1560
Creating decoders for process `\chipus_ibex_wrapper.$1555'.
     1/1: $u_ibex_top.u_ibex_core.load_store_unit_i.addr_last_q$1558
Creating decoders for process `\chipus_ibex_wrapper.$1547'.
     1/4: $u_ibex_top.u_ibex_core.load_store_unit_i.data_we_q$1553
     2/4: $u_ibex_top.u_ibex_core.load_store_unit_i.data_sign_ext_q$1552
     3/4: $u_ibex_top.u_ibex_core.load_store_unit_i.data_type_q$1551
     4/4: $u_ibex_top.u_ibex_core.load_store_unit_i.rdata_offset_q$1550
Creating decoders for process `\chipus_ibex_wrapper.$1543'.
     1/1: $u_ibex_top.u_ibex_core.load_store_unit_i.rdata_q$1546
Creating decoders for process `\chipus_ibex_wrapper.$1531'.
     1/6: $u_ibex_top.u_ibex_core.load_store_unit_i.data_wdata_tag$1542
     2/6: $u_ibex_top.u_ibex_core.load_store_unit_i.data_wdata_data$1541
     3/6: $u_ibex_top.u_ibex_core.load_store_unit_i.data_wdata_tag$1538
     4/6: $u_ibex_top.u_ibex_core.load_store_unit_i.data_wdata_data$1537
     5/6: $u_ibex_top.u_ibex_core.load_store_unit_i.data_wdata_tag$1540
     6/6: $u_ibex_top.u_ibex_core.load_store_unit_i.data_wdata_data$1539
Creating decoders for process `\chipus_ibex_wrapper.$1529'.
     1/1: $u_ibex_top.u_ibex_core.load_store_unit_i.wdata_int$1530
Creating decoders for process `\chipus_ibex_wrapper.$1515'.
     1/8: $u_ibex_top.u_ibex_core.load_store_unit_i.data_be$1526
     2/8: $u_ibex_top.u_ibex_core.load_store_unit_i.data_be$1525
     3/8: $u_ibex_top.u_ibex_core.load_store_unit_i.data_be$1524
     4/8: $u_ibex_top.u_ibex_core.load_store_unit_i.data_be$1527
     5/8: $u_ibex_top.u_ibex_core.load_store_unit_i.data_be$1521
     6/8: $u_ibex_top.u_ibex_core.load_store_unit_i.data_be$1522
     7/8: $u_ibex_top.u_ibex_core.load_store_unit_i.data_be$1520
     8/8: $u_ibex_top.u_ibex_core.load_store_unit_i.data_be$1528
Creating decoders for process `\chipus_ibex_wrapper.$1420'.
     1/16: $u_ibex_top.u_ibex_core.ex_block_i.gen_multdiv_fast.multdiv_i.op_remainder_d$1450
     2/16: $u_ibex_top.u_ibex_core.ex_block_i.gen_multdiv_fast.multdiv_i.op_remainder_d$1445
     3/16: $u_ibex_top.u_ibex_core.ex_block_i.gen_multdiv_fast.multdiv_i.md_state_d$1463
     4/16: $u_ibex_top.u_ibex_core.ex_block_i.gen_multdiv_fast.multdiv_i.md_state_d$1432
     5/16: $u_ibex_top.u_ibex_core.ex_block_i.gen_multdiv_fast.multdiv_i.op_remainder_d$1430
     6/16: $u_ibex_top.u_ibex_core.ex_block_i.gen_multdiv_fast.multdiv_i.div_by_zero_d$1431
     7/16: $u_ibex_top.u_ibex_core.ex_block_i.gen_multdiv_fast.multdiv_i.div_by_zero_d$1462
     8/16: $u_ibex_top.u_ibex_core.ex_block_i.gen_multdiv_fast.multdiv_i.div_hold$1461
     9/16: $u_ibex_top.u_ibex_core.ex_block_i.gen_multdiv_fast.multdiv_i.div_counter_d$1460
    10/16: $u_ibex_top.u_ibex_core.ex_block_i.gen_multdiv_fast.multdiv_i.div_valid$1459
    11/16: $u_ibex_top.u_ibex_core.ex_block_i.gen_multdiv_fast.multdiv_i.op_quotient_d$1458
    12/16: $u_ibex_top.u_ibex_core.ex_block_i.gen_multdiv_fast.multdiv_i.op_numerator_d$1457
    13/16: $u_ibex_top.u_ibex_core.ex_block_i.gen_multdiv_fast.multdiv_i.op_denominator_d$1456
    14/16: $u_ibex_top.u_ibex_core.ex_block_i.gen_multdiv_fast.multdiv_i.op_remainder_d$1455
    15/16: $u_ibex_top.u_ibex_core.ex_block_i.gen_multdiv_fast.multdiv_i.alu_operand_b_o$1454
    16/16: $u_ibex_top.u_ibex_core.ex_block_i.gen_multdiv_fast.multdiv_i.alu_operand_a_o$1453
Creating decoders for process `\chipus_ibex_wrapper.$1410'.
     1/1: $u_ibex_top.u_ibex_core.ex_block_i.gen_multdiv_fast.multdiv_i.is_greater_equal$1414
Creating decoders for process `\chipus_ibex_wrapper.$1401'.
     1/1: $u_ibex_top.u_ibex_core.ex_block_i.gen_multdiv_fast.multdiv_i.gen_mult_fast.mult_state_q$1404
Creating decoders for process `\chipus_ibex_wrapper.$1376'.
     1/15: $u_ibex_top.u_ibex_core.ex_block_i.gen_multdiv_fast.multdiv_i.gen_mult_fast.mult_state_d$1387
     2/15: $u_ibex_top.u_ibex_core.ex_block_i.gen_multdiv_fast.multdiv_i.mac_res_d$1385
     3/15: $u_ibex_top.u_ibex_core.ex_block_i.gen_multdiv_fast.multdiv_i.accum$1383
     4/15: $u_ibex_top.u_ibex_core.ex_block_i.gen_multdiv_fast.multdiv_i.mult_hold$1386
     5/15: $u_ibex_top.u_ibex_core.ex_block_i.gen_multdiv_fast.multdiv_i.mult_valid$1384
     6/15: $u_ibex_top.u_ibex_core.ex_block_i.gen_multdiv_fast.multdiv_i.mac_res_d$1379
     7/15: $u_ibex_top.u_ibex_core.ex_block_i.gen_multdiv_fast.multdiv_i.gen_mult_fast.mult_state_d$1400
     8/15: $u_ibex_top.u_ibex_core.ex_block_i.gen_multdiv_fast.multdiv_i.gen_mult_fast.mult_op_b$1399
     9/15: $u_ibex_top.u_ibex_core.ex_block_i.gen_multdiv_fast.multdiv_i.gen_mult_fast.mult_op_a$1398
    10/15: $u_ibex_top.u_ibex_core.ex_block_i.gen_multdiv_fast.multdiv_i.mac_res_d$1396
    11/15: $u_ibex_top.u_ibex_core.ex_block_i.gen_multdiv_fast.multdiv_i.sign_b$1394
    12/15: $u_ibex_top.u_ibex_core.ex_block_i.gen_multdiv_fast.multdiv_i.sign_a$1393
    13/15: $u_ibex_top.u_ibex_core.ex_block_i.gen_multdiv_fast.multdiv_i.accum$1392
    14/15: $u_ibex_top.u_ibex_core.ex_block_i.gen_multdiv_fast.multdiv_i.mult_hold$1397
    15/15: $u_ibex_top.u_ibex_core.ex_block_i.gen_multdiv_fast.multdiv_i.mult_valid$1395
Creating decoders for process `\chipus_ibex_wrapper.$1362'.
     1/5: $u_ibex_top.u_ibex_core.ex_block_i.gen_multdiv_fast.multdiv_i.md_state_q$1369
     2/5: $u_ibex_top.u_ibex_core.ex_block_i.gen_multdiv_fast.multdiv_i.div_by_zero_q$1368
     3/5: $u_ibex_top.u_ibex_core.ex_block_i.gen_multdiv_fast.multdiv_i.div_counter_q$1367
     4/5: $u_ibex_top.u_ibex_core.ex_block_i.gen_multdiv_fast.multdiv_i.op_quotient_q$1366
     5/5: $u_ibex_top.u_ibex_core.ex_block_i.gen_multdiv_fast.multdiv_i.op_numerator_q$1365
Creating decoders for process `\chipus_ibex_wrapper.$1356'.
     1/1: $u_ibex_top.u_ibex_core.ex_block_i.alu_i.result_o$1357
Creating decoders for process `\chipus_ibex_wrapper.$1354'.
     1/1: $u_ibex_top.u_ibex_core.ex_block_i.alu_i.bwlogic_result$1355
Creating decoders for process `\chipus_ibex_wrapper.$1342'.
     1/1: $u_ibex_top.u_ibex_core.ex_block_i.alu_i.bwlogic_op_b_negate$1343
Creating decoders for process `\chipus_ibex_wrapper.$1333'.
Creating decoders for process `\chipus_ibex_wrapper.$1329'.
     1/2: $u_ibex_top.u_ibex_core.ex_block_i.alu_i.shift_left$1331
     2/2: $u_ibex_top.u_ibex_core.ex_block_i.alu_i.shift_left$1330
Creating decoders for process `\chipus_ibex_wrapper.$1322'.
     1/1: $u_ibex_top.u_ibex_core.ex_block_i.alu_i.shift_amt[4:0]$1328
Creating decoders for process `\chipus_ibex_wrapper.$1314'.
     1/1: $u_ibex_top.u_ibex_core.ex_block_i.alu_i.cmp_result$1317
Creating decoders for process `\chipus_ibex_wrapper.$1308'.
     1/1: $u_ibex_top.u_ibex_core.ex_block_i.alu_i.is_greater_equal$1313
Creating decoders for process `\chipus_ibex_wrapper.$1305'.
     1/1: $u_ibex_top.u_ibex_core.ex_block_i.alu_i.cmp_signed$1306
Creating decoders for process `\chipus_ibex_wrapper.$1302'.
     1/1: $u_ibex_top.u_ibex_core.ex_block_i.alu_i.adder_in_b$1303
Creating decoders for process `\chipus_ibex_wrapper.$1299'.
     1/1: $u_ibex_top.u_ibex_core.ex_block_i.alu_i.adder_in_a$1300
Creating decoders for process `\chipus_ibex_wrapper.$1297'.
     1/1: $u_ibex_top.u_ibex_core.ex_block_i.alu_i.adder_op_b_negate$1298
Creating decoders for process `\chipus_ibex_wrapper.$1176'.
     1/38: $u_ibex_top.u_ibex_core.id_stage_i.id_fsm_d$1210
     2/38: $u_ibex_top.u_ibex_core.id_stage_i.stall_jump$1209
     3/38: $u_ibex_top.u_ibex_core.id_stage_i.stall_branch$1208
     4/38: $u_ibex_top.u_ibex_core.id_stage_i.stall_multdiv$1207
     5/38: $u_ibex_top.u_ibex_core.id_stage_i.rf_we_raw$1205
     6/38: $u_ibex_top.u_ibex_core.id_stage_i.id_fsm_d$1219
     7/38: $u_ibex_top.u_ibex_core.id_stage_i.rf_we_raw$1217
     8/38: $u_ibex_top.u_ibex_core.id_stage_i.stall_jump$1216
     9/38: $u_ibex_top.u_ibex_core.id_stage_i.stall_branch$1215
    10/38: $u_ibex_top.u_ibex_core.id_stage_i.stall_multdiv$1214
    11/38: $u_ibex_top.u_ibex_core.id_stage_i.id_fsm_d$1188
    12/38: $u_ibex_top.u_ibex_core.id_stage_i.rf_we_raw$1187
    13/38: $u_ibex_top.u_ibex_core.id_stage_i.stall_multdiv$1186
    14/38: $u_ibex_top.u_ibex_core.id_stage_i.id_fsm_d$1183
    15/38: $u_ibex_top.u_ibex_core.id_stage_i.id_fsm_d$1184
    16/38: $u_ibex_top.u_ibex_core.id_stage_i.id_fsm_d$1203
    17/38: $u_ibex_top.u_ibex_core.id_stage_i.id_fsm_d$1179
    18/38: $u_ibex_top.u_ibex_core.id_stage_i.stall_alu$1202
    19/38: $u_ibex_top.u_ibex_core.id_stage_i.rf_we_raw$1201
    20/38: $u_ibex_top.u_ibex_core.id_stage_i.stall_jump$1200
    21/38: $u_ibex_top.u_ibex_core.id_stage_i.stall_branch$1199
    22/38: $u_ibex_top.u_ibex_core.id_stage_i.stall_multdiv$1198
    23/38: $u_ibex_top.u_ibex_core.id_stage_i.jump_set_raw$1197
    24/38: $u_ibex_top.u_ibex_core.id_stage_i.branch_set_raw_d$1196
    25/38: $u_ibex_top.u_ibex_core.id_stage_i.perf_branch_o$1195
    26/38: $u_ibex_top.u_ibex_core.id_stage_i.stall_alu$1218
    27/38: $u_ibex_top.u_ibex_core.id_stage_i.jump_set_raw$1213
    28/38: $u_ibex_top.u_ibex_core.id_stage_i.branch_set_raw_d$1212
    29/38: $u_ibex_top.u_ibex_core.id_stage_i.perf_branch_o$1211
    30/38: $u_ibex_top.u_ibex_core.id_stage_i.id_fsm_d$1228
    31/38: $u_ibex_top.u_ibex_core.id_stage_i.stall_alu$1227
    32/38: $u_ibex_top.u_ibex_core.id_stage_i.rf_we_raw$1226
    33/38: $u_ibex_top.u_ibex_core.id_stage_i.stall_jump$1225
    34/38: $u_ibex_top.u_ibex_core.id_stage_i.stall_branch$1224
    35/38: $u_ibex_top.u_ibex_core.id_stage_i.stall_multdiv$1223
    36/38: $u_ibex_top.u_ibex_core.id_stage_i.jump_set_raw$1222
    37/38: $u_ibex_top.u_ibex_core.id_stage_i.branch_set_raw_d$1221
    38/38: $u_ibex_top.u_ibex_core.id_stage_i.perf_branch_o$1220
Creating decoders for process `\chipus_ibex_wrapper.$1172'.
     1/1: $u_ibex_top.u_ibex_core.id_stage_i.id_fsm_q$1175
Creating decoders for process `\chipus_ibex_wrapper.$2432'.
     1/1: $u_ibex_top.gen_regfile_ff.register_file_i.g_plain_rf.g_rf_flops[23].rf_reg_q$2435
Creating decoders for process `\chipus_ibex_wrapper.$2428'.
     1/1: $u_ibex_top.gen_regfile_ff.register_file_i.g_plain_rf.g_rf_flops[22].rf_reg_q$2431
Creating decoders for process `\chipus_ibex_wrapper.$2424'.
     1/1: $u_ibex_top.gen_regfile_ff.register_file_i.g_plain_rf.g_rf_flops[21].rf_reg_q$2427
Creating decoders for process `\chipus_ibex_wrapper.$952'.
     1/125: $u_ibex_top.u_ibex_core.id_stage_i.controller_i.halt_if$1133
     2/125: $u_ibex_top.u_ibex_core.id_stage_i.controller_i.ctrl_fsm_ns$1107
     3/125: $u_ibex_top.u_ibex_core.id_stage_i.controller_i.ctrl_fsm_ns$1077
     4/125: $u_ibex_top.u_ibex_core.id_stage_i.controller_i.debug_mode_d$1082
     5/125: $u_ibex_top.u_ibex_core.id_stage_i.controller_i.ctrl_fsm_ns$1081
     6/125: $u_ibex_top.u_ibex_core.id_stage_i.controller_i.csr_restore_dret_id_o$1080
     7/125: $u_ibex_top.u_ibex_core.id_stage_i.controller_i.pc_mux_o$1079
     8/125: $u_ibex_top.u_ibex_core.id_stage_i.controller_i.pc_set_o$1078
     9/125: $u_ibex_top.u_ibex_core.id_stage_i.controller_i.pc_mux_o$1084
    10/125: $u_ibex_top.u_ibex_core.id_stage_i.controller_i.pc_set_o$1083
    11/125: $u_ibex_top.u_ibex_core.id_stage_i.controller_i.nmi_mode_d$1076
    12/125: $u_ibex_top.u_ibex_core.id_stage_i.controller_i.debug_mode_d$1089
    13/125: $u_ibex_top.u_ibex_core.id_stage_i.controller_i.nmi_mode_d$1088
    14/125: $u_ibex_top.u_ibex_core.id_stage_i.controller_i.ctrl_fsm_ns$1087
    15/125: $u_ibex_top.u_ibex_core.id_stage_i.controller_i.csr_restore_dret_id_o$1086
    16/125: $u_ibex_top.u_ibex_core.id_stage_i.controller_i.csr_restore_mret_id_o$1085
    17/125: $u_ibex_top.u_ibex_core.id_stage_i.controller_i.ctrl_fsm_ns$1100
    18/125: $u_ibex_top.u_ibex_core.id_stage_i.controller_i.pc_mux_o$1091
    19/125: $u_ibex_top.u_ibex_core.id_stage_i.controller_i.pc_set_o$1090
    20/125: $u_ibex_top.u_ibex_core.id_stage_i.controller_i.csr_mtval_o$1065
    21/125: $u_ibex_top.u_ibex_core.id_stage_i.controller_i.exc_cause_o$1064
    22/125: $u_ibex_top.u_ibex_core.id_stage_i.controller_i.csr_mtval_o$1067
    23/125: $u_ibex_top.u_ibex_core.id_stage_i.controller_i.exc_cause_o$1066
    24/125: $u_ibex_top.u_ibex_core.id_stage_i.controller_i.csr_mtval_o$1062
    25/125: $u_ibex_top.u_ibex_core.id_stage_i.controller_i.exc_cause_o$1061
    26/125: $u_ibex_top.u_ibex_core.id_stage_i.controller_i.csr_mtval_o$1059
    27/125: $u_ibex_top.u_ibex_core.id_stage_i.controller_i.exc_cause_o$1058
    28/125: $u_ibex_top.u_ibex_core.id_stage_i.controller_i.csr_mtval_o$1057
    29/125: $u_ibex_top.u_ibex_core.id_stage_i.controller_i.exc_cause_o$1056
    30/125: $u_ibex_top.u_ibex_core.id_stage_i.controller_i.csr_mtval_o$1053
    31/125: $u_ibex_top.u_ibex_core.id_stage_i.controller_i.exc_cause_o$1052
    32/125: $u_ibex_top.u_ibex_core.id_stage_i.controller_i.csr_mtval_o$1051
    33/125: $u_ibex_top.u_ibex_core.id_stage_i.controller_i.exc_cause_o$1050
    34/125: $u_ibex_top.u_ibex_core.id_stage_i.controller_i.flush_id$1047
    35/125: $u_ibex_top.u_ibex_core.id_stage_i.controller_i.ctrl_fsm_ns$1046
    36/125: $u_ibex_top.u_ibex_core.id_stage_i.controller_i.csr_save_cause_o$1045
    37/125: $u_ibex_top.u_ibex_core.id_stage_i.controller_i.csr_save_id_o$1044
    38/125: $u_ibex_top.u_ibex_core.id_stage_i.controller_i.exc_cause_o$1043
    39/125: $u_ibex_top.u_ibex_core.id_stage_i.controller_i.pc_set_o$1042
    40/125: $u_ibex_top.u_ibex_core.id_stage_i.controller_i.csr_mtval_o$1031
    41/125: $u_ibex_top.u_ibex_core.id_stage_i.controller_i.exc_cause_o$1029
    42/125: $u_ibex_top.u_ibex_core.id_stage_i.controller_i.csr_mepcc_clrtag_o$1030
    43/125: $u_ibex_top.u_ibex_core.id_stage_i.controller_i.csr_mtval_o$1034
    44/125: $u_ibex_top.u_ibex_core.id_stage_i.controller_i.exc_cause_o$1032
    45/125: $u_ibex_top.u_ibex_core.id_stage_i.controller_i.csr_mepcc_clrtag_o$1033
    46/125: $u_ibex_top.u_ibex_core.id_stage_i.controller_i.flush_id$1075
    47/125: $u_ibex_top.u_ibex_core.id_stage_i.controller_i.ctrl_fsm_ns$1074
    48/125: $u_ibex_top.u_ibex_core.id_stage_i.controller_i.csr_mtval_o$1073
    49/125: $u_ibex_top.u_ibex_core.id_stage_i.controller_i.csr_mepcc_clrtag_o$1072
    50/125: $u_ibex_top.u_ibex_core.id_stage_i.controller_i.csr_save_cause_o$1071
    51/125: $u_ibex_top.u_ibex_core.id_stage_i.controller_i.csr_save_id_o$1070
    52/125: $u_ibex_top.u_ibex_core.id_stage_i.controller_i.exc_cause_o$1069
    53/125: $u_ibex_top.u_ibex_core.id_stage_i.controller_i.pc_set_o$1068
    54/125: $u_ibex_top.u_ibex_core.id_stage_i.controller_i.csr_save_id_o$1020
    55/125: $u_ibex_top.u_ibex_core.id_stage_i.controller_i.flush_id$1103
    56/125: $u_ibex_top.u_ibex_core.id_stage_i.controller_i.debug_mode_d$1102
    57/125: $u_ibex_top.u_ibex_core.id_stage_i.controller_i.nmi_mode_d$1101
    58/125: $u_ibex_top.u_ibex_core.id_stage_i.controller_i.csr_mtval_o$1099
    59/125: $u_ibex_top.u_ibex_core.id_stage_i.controller_i.csr_mepcc_clrtag_o$1098
    60/125: $u_ibex_top.u_ibex_core.id_stage_i.controller_i.csr_save_cause_o$1097
    61/125: $u_ibex_top.u_ibex_core.id_stage_i.controller_i.csr_restore_dret_id_o$1096
    62/125: $u_ibex_top.u_ibex_core.id_stage_i.controller_i.csr_restore_mret_id_o$1095
    63/125: $u_ibex_top.u_ibex_core.id_stage_i.controller_i.csr_save_id_o$1094
    64/125: $u_ibex_top.u_ibex_core.id_stage_i.controller_i.exc_cause_o$1093
    65/125: $u_ibex_top.u_ibex_core.id_stage_i.controller_i.exc_pc_mux_o$1092
    66/125: $u_ibex_top.u_ibex_core.id_stage_i.controller_i.csr_save_cause_o$1013
    67/125: $u_ibex_top.u_ibex_core.id_stage_i.controller_i.csr_save_id_o$1012
    68/125: $u_ibex_top.u_ibex_core.id_stage_i.controller_i.debug_csr_save_o$1011
    69/125: $u_ibex_top.u_ibex_core.id_stage_i.controller_i.exc_cause_o$997
    70/125: $u_ibex_top.u_ibex_core.id_stage_i.controller_i.exc_cause_o$998
    71/125: $u_ibex_top.u_ibex_core.id_stage_i.controller_i.exc_cause_o$999
    72/125: $u_ibex_top.u_ibex_core.id_stage_i.controller_i.exc_cause_o$1000
    73/125: $u_ibex_top.u_ibex_core.id_stage_i.controller_i.csr_mtval_o$995
    74/125: $u_ibex_top.u_ibex_core.id_stage_i.controller_i.nmi_mode_d$1002
    75/125: $u_ibex_top.u_ibex_core.id_stage_i.controller_i.csr_mtval_o$1001
    76/125: $u_ibex_top.u_ibex_core.id_stage_i.controller_i.nmi_mode_d$1008
    77/125: $u_ibex_top.u_ibex_core.id_stage_i.controller_i.csr_mtval_o$1007
    78/125: $u_ibex_top.u_ibex_core.id_stage_i.controller_i.csr_save_cause_o$1006
    79/125: $u_ibex_top.u_ibex_core.id_stage_i.controller_i.csr_save_if_o$1005
    80/125: $u_ibex_top.u_ibex_core.id_stage_i.controller_i.exc_cause_o$1004
    81/125: $u_ibex_top.u_ibex_core.id_stage_i.controller_i.pc_set_o$1003
    82/125: $u_ibex_top.u_ibex_core.id_stage_i.controller_i.halt_if$985
    83/125: $u_ibex_top.u_ibex_core.id_stage_i.controller_i.ctrl_fsm_ns$984
    84/125: $u_ibex_top.u_ibex_core.id_stage_i.controller_i.halt_if$987
    85/125: $u_ibex_top.u_ibex_core.id_stage_i.controller_i.ctrl_fsm_ns$986
    86/125: $u_ibex_top.u_ibex_core.id_stage_i.controller_i.halt_if$989
    87/125: $u_ibex_top.u_ibex_core.id_stage_i.controller_i.ctrl_fsm_ns$988
    88/125: $u_ibex_top.u_ibex_core.id_stage_i.controller_i.halt_if$978
    89/125: $u_ibex_top.u_ibex_core.id_stage_i.controller_i.perf_tbranch_o$974
    90/125: $u_ibex_top.u_ibex_core.id_stage_i.controller_i.perf_jump_o$973
    91/125: $u_ibex_top.u_ibex_core.id_stage_i.controller_i.pc_set_o$972
    92/125: $u_ibex_top.u_ibex_core.id_stage_i.controller_i.ctrl_fsm_ns$965
    93/125: $u_ibex_top.u_ibex_core.id_stage_i.controller_i.retain_id$967
    94/125: $u_ibex_top.u_ibex_core.id_stage_i.controller_i.ctrl_fsm_ns$966
    95/125: $u_ibex_top.u_ibex_core.id_stage_i.controller_i.halt_if$963
    96/125: $u_ibex_top.u_ibex_core.id_stage_i.controller_i.ctrl_fsm_ns$962
    97/125: $u_ibex_top.u_ibex_core.id_stage_i.controller_i.halt_if$961
    98/125: $u_ibex_top.u_ibex_core.id_stage_i.controller_i.ctrl_fsm_ns$960
    99/125: $u_ibex_top.u_ibex_core.id_stage_i.controller_i.ctrl_fsm_ns$959
   100/125: $u_ibex_top.u_ibex_core.id_stage_i.controller_i.ctrl_fsm_ns$958
   101/125: $u_ibex_top.u_ibex_core.id_stage_i.controller_i.ctrl_busy_o$957
   102/125: $u_ibex_top.u_ibex_core.id_stage_i.controller_i.ctrl_fsm_ns$1126
   103/125: $u_ibex_top.u_ibex_core.id_stage_i.controller_i.flush_id$1131
   104/125: $u_ibex_top.u_ibex_core.id_stage_i.controller_i.retain_id$1130
   105/125: $u_ibex_top.u_ibex_core.id_stage_i.controller_i.halt_if$1129
   106/125: $u_ibex_top.u_ibex_core.id_stage_i.controller_i.debug_mode_d$1128
   107/125: $u_ibex_top.u_ibex_core.id_stage_i.controller_i.nmi_mode_d$1127
   108/125: $u_ibex_top.u_ibex_core.id_stage_i.controller_i.perf_tbranch_o$1125
   109/125: $u_ibex_top.u_ibex_core.id_stage_i.controller_i.perf_jump_o$1124
   110/125: $u_ibex_top.u_ibex_core.id_stage_i.controller_i.csr_mtval_o$1123
   111/125: $u_ibex_top.u_ibex_core.id_stage_i.controller_i.csr_mepcc_clrtag_o$1122
   112/125: $u_ibex_top.u_ibex_core.id_stage_i.controller_i.csr_save_cause_o$1121
   113/125: $u_ibex_top.u_ibex_core.id_stage_i.controller_i.csr_restore_dret_id_o$1120
   114/125: $u_ibex_top.u_ibex_core.id_stage_i.controller_i.csr_restore_mret_id_o$1119
   115/125: $u_ibex_top.u_ibex_core.id_stage_i.controller_i.csr_save_id_o$1118
   116/125: $u_ibex_top.u_ibex_core.id_stage_i.controller_i.csr_save_if_o$1117
   117/125: $u_ibex_top.u_ibex_core.id_stage_i.controller_i.debug_mode_entering_o$1116
   118/125: $u_ibex_top.u_ibex_core.id_stage_i.controller_i.debug_csr_save_o$1115
   119/125: $u_ibex_top.u_ibex_core.id_stage_i.controller_i.exc_cause_o$1114
   120/125: $u_ibex_top.u_ibex_core.id_stage_i.controller_i.exc_pc_mux_o$1113
   121/125: $u_ibex_top.u_ibex_core.id_stage_i.controller_i.pc_mux_o$1112
   122/125: $u_ibex_top.u_ibex_core.id_stage_i.controller_i.pc_set_o$1111
   123/125: $u_ibex_top.u_ibex_core.id_stage_i.controller_i.instr_req_o$1110
   124/125: $u_ibex_top.u_ibex_core.id_stage_i.controller_i.controller_run_o$1109
   125/125: $u_ibex_top.u_ibex_core.id_stage_i.controller_i.ctrl_busy_o$1108
Creating decoders for process `\chipus_ibex_wrapper.$2420'.
     1/1: $u_ibex_top.gen_regfile_ff.register_file_i.g_plain_rf.g_rf_flops[20].rf_reg_q$2423
Creating decoders for process `\chipus_ibex_wrapper.$928'.
     1/15: $u_ibex_top.u_ibex_core.id_stage_i.controller_i.mfip_id$943
     2/15: $u_ibex_top.u_ibex_core.id_stage_i.controller_i.mfip_id$942
     3/15: $u_ibex_top.u_ibex_core.id_stage_i.controller_i.mfip_id$941
     4/15: $u_ibex_top.u_ibex_core.id_stage_i.controller_i.mfip_id$940
     5/15: $u_ibex_top.u_ibex_core.id_stage_i.controller_i.mfip_id$939
     6/15: $u_ibex_top.u_ibex_core.id_stage_i.controller_i.mfip_id$938
     7/15: $u_ibex_top.u_ibex_core.id_stage_i.controller_i.mfip_id$937
     8/15: $u_ibex_top.u_ibex_core.id_stage_i.controller_i.mfip_id$936
     9/15: $u_ibex_top.u_ibex_core.id_stage_i.controller_i.mfip_id$935
    10/15: $u_ibex_top.u_ibex_core.id_stage_i.controller_i.mfip_id$934
    11/15: $u_ibex_top.u_ibex_core.id_stage_i.controller_i.mfip_id$933
    12/15: $u_ibex_top.u_ibex_core.id_stage_i.controller_i.mfip_id$932
    13/15: $u_ibex_top.u_ibex_core.id_stage_i.controller_i.mfip_id$931
    14/15: $u_ibex_top.u_ibex_core.id_stage_i.controller_i.mfip_id$930
    15/15: $u_ibex_top.u_ibex_core.id_stage_i.controller_i.mfip_id$929
Creating decoders for process `\chipus_ibex_wrapper.$841'.
     1/45: $u_ibex_top.u_ibex_core.id_stage_i.controller_i.cheriot_asr_err_prio$846
     2/45: $u_ibex_top.u_ibex_core.id_stage_i.controller_i.cheriot_asr_err_prio$848
     3/45: $u_ibex_top.u_ibex_core.id_stage_i.controller_i.cheriot_wb_err_prio$847
     4/45: $u_ibex_top.u_ibex_core.id_stage_i.controller_i.cheriot_asr_err_prio$851
     5/45: $u_ibex_top.u_ibex_core.id_stage_i.controller_i.cheriot_wb_err_prio$850
     6/45: $u_ibex_top.u_ibex_core.id_stage_i.controller_i.load_err_prio$849
     7/45: $u_ibex_top.u_ibex_core.id_stage_i.controller_i.cheriot_asr_err_prio$855
     8/45: $u_ibex_top.u_ibex_core.id_stage_i.controller_i.cheriot_wb_err_prio$854
     9/45: $u_ibex_top.u_ibex_core.id_stage_i.controller_i.load_err_prio$853
    10/45: $u_ibex_top.u_ibex_core.id_stage_i.controller_i.store_err_prio$852
    11/45: $u_ibex_top.u_ibex_core.id_stage_i.controller_i.cheriot_asr_err_prio$860
    12/45: $u_ibex_top.u_ibex_core.id_stage_i.controller_i.cheriot_wb_err_prio$859
    13/45: $u_ibex_top.u_ibex_core.id_stage_i.controller_i.cheriot_ex_err_prio$858
    14/45: $u_ibex_top.u_ibex_core.id_stage_i.controller_i.load_err_prio$857
    15/45: $u_ibex_top.u_ibex_core.id_stage_i.controller_i.store_err_prio$856
    16/45: $u_ibex_top.u_ibex_core.id_stage_i.controller_i.cheriot_asr_err_prio$866
    17/45: $u_ibex_top.u_ibex_core.id_stage_i.controller_i.cheriot_wb_err_prio$865
    18/45: $u_ibex_top.u_ibex_core.id_stage_i.controller_i.cheriot_ex_err_prio$864
    19/45: $u_ibex_top.u_ibex_core.id_stage_i.controller_i.load_err_prio$863
    20/45: $u_ibex_top.u_ibex_core.id_stage_i.controller_i.store_err_prio$862
    21/45: $u_ibex_top.u_ibex_core.id_stage_i.controller_i.ebrk_insn_prio$861
    22/45: $u_ibex_top.u_ibex_core.id_stage_i.controller_i.cheriot_asr_err_prio$873
    23/45: $u_ibex_top.u_ibex_core.id_stage_i.controller_i.cheriot_wb_err_prio$872
    24/45: $u_ibex_top.u_ibex_core.id_stage_i.controller_i.cheriot_ex_err_prio$871
    25/45: $u_ibex_top.u_ibex_core.id_stage_i.controller_i.load_err_prio$870
    26/45: $u_ibex_top.u_ibex_core.id_stage_i.controller_i.store_err_prio$869
    27/45: $u_ibex_top.u_ibex_core.id_stage_i.controller_i.ebrk_insn_prio$868
    28/45: $u_ibex_top.u_ibex_core.id_stage_i.controller_i.ecall_insn_prio$867
    29/45: $u_ibex_top.u_ibex_core.id_stage_i.controller_i.cheriot_asr_err_prio$881
    30/45: $u_ibex_top.u_ibex_core.id_stage_i.controller_i.cheriot_wb_err_prio$880
    31/45: $u_ibex_top.u_ibex_core.id_stage_i.controller_i.cheriot_ex_err_prio$879
    32/45: $u_ibex_top.u_ibex_core.id_stage_i.controller_i.load_err_prio$878
    33/45: $u_ibex_top.u_ibex_core.id_stage_i.controller_i.store_err_prio$877
    34/45: $u_ibex_top.u_ibex_core.id_stage_i.controller_i.ebrk_insn_prio$876
    35/45: $u_ibex_top.u_ibex_core.id_stage_i.controller_i.ecall_insn_prio$875
    36/45: $u_ibex_top.u_ibex_core.id_stage_i.controller_i.illegal_insn_prio$874
    37/45: $u_ibex_top.u_ibex_core.id_stage_i.controller_i.cheriot_asr_err_prio$890
    38/45: $u_ibex_top.u_ibex_core.id_stage_i.controller_i.cheriot_wb_err_prio$889
    39/45: $u_ibex_top.u_ibex_core.id_stage_i.controller_i.cheriot_ex_err_prio$888
    40/45: $u_ibex_top.u_ibex_core.id_stage_i.controller_i.load_err_prio$887
    41/45: $u_ibex_top.u_ibex_core.id_stage_i.controller_i.store_err_prio$886
    42/45: $u_ibex_top.u_ibex_core.id_stage_i.controller_i.ebrk_insn_prio$885
    43/45: $u_ibex_top.u_ibex_core.id_stage_i.controller_i.ecall_insn_prio$884
    44/45: $u_ibex_top.u_ibex_core.id_stage_i.controller_i.illegal_insn_prio$883
    45/45: $u_ibex_top.u_ibex_core.id_stage_i.controller_i.instr_fetch_err_prio$882
Creating decoders for process `\chipus_ibex_wrapper.$698'.
     1/49: $u_ibex_top.u_ibex_core.id_stage_i.decoder_i.alu_op_a_mux_sel_o$744
     2/49: $u_ibex_top.u_ibex_core.id_stage_i.decoder_i.alu_op_a_mux_sel_o$746
     3/49: $u_ibex_top.u_ibex_core.id_stage_i.decoder_i.alu_op_b_mux_sel_o$747
     4/49: $u_ibex_top.u_ibex_core.id_stage_i.decoder_i.imm_a_mux_sel_o$745
     5/49: $u_ibex_top.u_ibex_core.id_stage_i.decoder_i.alu_op_b_mux_sel_o$738
     6/49: $u_ibex_top.u_ibex_core.id_stage_i.decoder_i.alu_op_a_mux_sel_o$737
     7/49: $u_ibex_top.u_ibex_core.id_stage_i.decoder_i.alu_operator_o$736
     8/49: $u_ibex_top.u_ibex_core.id_stage_i.decoder_i.imm_b_mux_sel_o$735
     9/49: $u_ibex_top.u_ibex_core.id_stage_i.decoder_i.alu_op_b_mux_sel_o$742
    10/49: $u_ibex_top.u_ibex_core.id_stage_i.decoder_i.alu_op_a_mux_sel_o$741
    11/49: $u_ibex_top.u_ibex_core.id_stage_i.decoder_i.alu_operator_o$740
    12/49: $u_ibex_top.u_ibex_core.id_stage_i.decoder_i.imm_b_mux_sel_o$739
    13/49: $u_ibex_top.u_ibex_core.id_stage_i.decoder_i.div_sel_o$731
    14/49: $u_ibex_top.u_ibex_core.id_stage_i.decoder_i.mult_sel_o$730
    15/49: $u_ibex_top.u_ibex_core.id_stage_i.decoder_i.alu_operator_o$729
    16/49: $u_ibex_top.u_ibex_core.id_stage_i.decoder_i.div_sel_o$734
    17/49: $u_ibex_top.u_ibex_core.id_stage_i.decoder_i.mult_sel_o$733
    18/49: $u_ibex_top.u_ibex_core.id_stage_i.decoder_i.alu_operator_o$732
    19/49: $u_ibex_top.u_ibex_core.id_stage_i.decoder_i.alu_operator_o$727
    20/49: $u_ibex_top.u_ibex_core.id_stage_i.decoder_i.alu_operator_o$725
    21/49: $u_ibex_top.u_ibex_core.id_stage_i.decoder_i.alu_operator_o$726
    22/49: $u_ibex_top.u_ibex_core.id_stage_i.decoder_i.alu_operator_o$722
    23/49: $u_ibex_top.u_ibex_core.id_stage_i.decoder_i.alu_operator_o$728
    24/49: $u_ibex_top.u_ibex_core.id_stage_i.decoder_i.alu_op_b_mux_sel_o$721
    25/49: $u_ibex_top.u_ibex_core.id_stage_i.decoder_i.imm_b_mux_sel_o$720
    26/49: $u_ibex_top.u_ibex_core.id_stage_i.decoder_i.alu_op_b_mux_sel_o$714
    27/49: $u_ibex_top.u_ibex_core.id_stage_i.decoder_i.alu_op_a_mux_sel_o$713
    28/49: $u_ibex_top.u_ibex_core.id_stage_i.decoder_i.alu_operator_o$712
    29/49: $u_ibex_top.u_ibex_core.id_stage_i.decoder_i.imm_b_mux_sel_o$711
    30/49: $u_ibex_top.u_ibex_core.id_stage_i.decoder_i.alu_op_b_mux_sel_o$718
    31/49: $u_ibex_top.u_ibex_core.id_stage_i.decoder_i.alu_op_a_mux_sel_o$717
    32/49: $u_ibex_top.u_ibex_core.id_stage_i.decoder_i.alu_operator_o$716
    33/49: $u_ibex_top.u_ibex_core.id_stage_i.decoder_i.imm_b_mux_sel_o$715
    34/49: $u_ibex_top.u_ibex_core.id_stage_i.decoder_i.alu_operator_o$709
    35/49: $u_ibex_top.u_ibex_core.id_stage_i.decoder_i.alu_op_b_mux_sel_o$708
    36/49: $u_ibex_top.u_ibex_core.id_stage_i.decoder_i.alu_op_a_mux_sel_o$707
    37/49: $u_ibex_top.u_ibex_core.id_stage_i.decoder_i.alu_operator_o$706
    38/49: $u_ibex_top.u_ibex_core.id_stage_i.decoder_i.imm_b_mux_sel_o$705
    39/49: $u_ibex_top.u_ibex_core.id_stage_i.decoder_i.alu_op_b_mux_sel_o$703
    40/49: $u_ibex_top.u_ibex_core.id_stage_i.decoder_i.alu_op_a_mux_sel_o$702
    41/49: $u_ibex_top.u_ibex_core.id_stage_i.decoder_i.alu_operator_o$701
    42/49: $u_ibex_top.u_ibex_core.id_stage_i.decoder_i.imm_b_mux_sel_o$700
    43/49: $u_ibex_top.u_ibex_core.id_stage_i.decoder_i.div_sel_o$754
    44/49: $u_ibex_top.u_ibex_core.id_stage_i.decoder_i.mult_sel_o$753
    45/49: $u_ibex_top.u_ibex_core.id_stage_i.decoder_i.alu_op_b_mux_sel_o$752
    46/49: $u_ibex_top.u_ibex_core.id_stage_i.decoder_i.alu_op_a_mux_sel_o$751
    47/49: $u_ibex_top.u_ibex_core.id_stage_i.decoder_i.alu_operator_o$750
    48/49: $u_ibex_top.u_ibex_core.id_stage_i.decoder_i.imm_b_mux_sel_o$749
    49/49: $u_ibex_top.u_ibex_core.id_stage_i.decoder_i.imm_a_mux_sel_o$748
Creating decoders for process `\chipus_ibex_wrapper.$401'.
     1/260: $u_ibex_top.u_ibex_core.id_stage_i.decoder_i.rf_we$697
     2/260: $u_ibex_top.u_ibex_core.id_stage_i.decoder_i.branch_in_dec_o$696
     3/260: $u_ibex_top.u_ibex_core.id_stage_i.decoder_i.jump_in_dec_o$695
     4/260: $u_ibex_top.u_ibex_core.id_stage_i.decoder_i.data_we_o$694
     5/260: $u_ibex_top.u_ibex_core.id_stage_i.decoder_i.data_req_o$693
     6/260: $u_ibex_top.u_ibex_core.id_stage_i.decoder_i.csr_access_o$692
     7/260: $u_ibex_top.u_ibex_core.id_stage_i.decoder_i.jump_set_o$691
     8/260: $u_ibex_top.u_ibex_core.id_stage_i.decoder_i.illegal_insn$690
     9/260: $u_ibex_top.u_ibex_core.id_stage_i.decoder_i.illegal_insn$656
    10/260: $u_ibex_top.u_ibex_core.id_stage_i.decoder_i.rf_we$657
    11/260: $u_ibex_top.u_ibex_core.id_stage_i.decoder_i.cheriot_setaddr_sel_o$655
    12/260: $u_ibex_top.u_ibex_core.id_stage_i.decoder_i.cheriot_adder_b_sel_o$654
    13/260: $u_ibex_top.u_ibex_core.id_stage_i.decoder_i.cheriot_adder_a_sel_o$653
    14/260: $u_ibex_top.u_ibex_core.id_stage_i.decoder_i.cheriot_operator_o[22]$652
    15/260: $u_ibex_top.u_ibex_core.id_stage_i.decoder_i.instr_is_cheriot_o$651
    16/260: $u_ibex_top.u_ibex_core.id_stage_i.decoder_i.rf_ren_a_o$650
    17/260: $u_ibex_top.u_ibex_core.id_stage_i.decoder_i.cheriot_operator_o$680 [25:23]
    18/260: $u_ibex_top.u_ibex_core.id_stage_i.decoder_i.cheriot_operator_o$680 [22]
    19/260: $u_ibex_top.u_ibex_core.id_stage_i.decoder_i.illegal_insn$613
    20/260: $u_ibex_top.u_ibex_core.id_stage_i.decoder_i.cheriot_setbounds_sel_o$612
    21/260: $u_ibex_top.u_ibex_core.id_stage_i.decoder_i.cheriot_operator_o[9]$611
    22/260: $u_ibex_top.u_ibex_core.id_stage_i.decoder_i.illegal_insn$620
    23/260: $u_ibex_top.u_ibex_core.id_stage_i.decoder_i.cheriot_setbounds_sel_o$619
    24/260: $u_ibex_top.u_ibex_core.id_stage_i.decoder_i.cheriot_setaddr_sel_o$618
    25/260: $u_ibex_top.u_ibex_core.id_stage_i.decoder_i.cheriot_adder_b_sel_o$617
    26/260: $u_ibex_top.u_ibex_core.id_stage_i.decoder_i.cheriot_adder_a_sel_o$616
    27/260: $u_ibex_top.u_ibex_core.id_stage_i.decoder_i.cheriot_operator_o[9]$615
    28/260: $u_ibex_top.u_ibex_core.id_stage_i.decoder_i.cheriot_operator_o[6]$614
    29/260: $u_ibex_top.u_ibex_core.id_stage_i.decoder_i.illegal_insn$631
    30/260: $u_ibex_top.u_ibex_core.id_stage_i.decoder_i.cheriot_setbounds_sel_o$630
    31/260: $u_ibex_top.u_ibex_core.id_stage_i.decoder_i.cheriot_setaddr_sel_o$629
    32/260: $u_ibex_top.u_ibex_core.id_stage_i.decoder_i.cheriot_adder_b_sel_o$628
    33/260: $u_ibex_top.u_ibex_core.id_stage_i.decoder_i.cheriot_adder_a_sel_o$627
    34/260: $u_ibex_top.u_ibex_core.id_stage_i.decoder_i.cheriot_operator_o[14:0]$622 [14:10]
    35/260: $u_ibex_top.u_ibex_core.id_stage_i.decoder_i.cheriot_operator_o[14:0]$622 [9]
    36/260: $u_ibex_top.u_ibex_core.id_stage_i.decoder_i.cheriot_operator_o[14:0]$622 [8:7]
    37/260: $u_ibex_top.u_ibex_core.id_stage_i.decoder_i.cheriot_operator_o[14:0]$622 [6]
    38/260: $u_ibex_top.u_ibex_core.id_stage_i.decoder_i.cheriot_operator_o[14:0]$622 [5:0]
    39/260: $u_ibex_top.u_ibex_core.id_stage_i.decoder_i.cheriot_operator_o[11:10]$574 [0]
    40/260: $u_ibex_top.u_ibex_core.id_stage_i.decoder_i.cheriot_operator_o[5:1]$572 [3]
    41/260: $u_ibex_top.u_ibex_core.id_stage_i.decoder_i.cheriot_operator_o[5:1]$572 [2]
    42/260: $u_ibex_top.u_ibex_core.id_stage_i.decoder_i.cheriot_operator_o[5:1]$572 [1]
    43/260: $u_ibex_top.u_ibex_core.id_stage_i.decoder_i.cheriot_operator_o[5:1]$572 [0]
    44/260: $u_ibex_top.u_ibex_core.id_stage_i.decoder_i.cheriot_operator_o[8:7]$573 [0]
    45/260: $u_ibex_top.u_ibex_core.id_stage_i.decoder_i.cheriot_setbounds_sel_o$581
    46/260: $u_ibex_top.u_ibex_core.id_stage_i.decoder_i.cheriot_setaddr_sel_o$580
    47/260: $u_ibex_top.u_ibex_core.id_stage_i.decoder_i.cheriot_adder_b_sel_o$579
    48/260: $u_ibex_top.u_ibex_core.id_stage_i.decoder_i.cheriot_adder_a_sel_o$578
    49/260: $u_ibex_top.u_ibex_core.id_stage_i.decoder_i.cheriot_operator_o[25]$577
    50/260: $u_ibex_top.u_ibex_core.id_stage_i.decoder_i.cheriot_operator_o[16]$576
    51/260: $u_ibex_top.u_ibex_core.id_stage_i.decoder_i.cheriot_operator_o[13]$575
    52/260: $u_ibex_top.u_ibex_core.id_stage_i.decoder_i.cheriot_operator_o[5:1]$572 [4]
    53/260: $u_ibex_top.u_ibex_core.id_stage_i.decoder_i.illegal_insn$582
    54/260: $u_ibex_top.u_ibex_core.id_stage_i.decoder_i.cheriot_operator_o[8:7]$573 [1]
    55/260: $u_ibex_top.u_ibex_core.id_stage_i.decoder_i.cheriot_setaddr_sel_o$593
    56/260: $u_ibex_top.u_ibex_core.id_stage_i.decoder_i.illegal_insn$595
    57/260: $u_ibex_top.u_ibex_core.id_stage_i.decoder_i.cheriot_setbounds_sel_o$594
    58/260: $u_ibex_top.u_ibex_core.id_stage_i.decoder_i.cheriot_adder_b_sel_o$592
    59/260: $u_ibex_top.u_ibex_core.id_stage_i.decoder_i.cheriot_adder_a_sel_o$591
    60/260: $u_ibex_top.u_ibex_core.id_stage_i.decoder_i.cheriot_operator_o[25]$590
    61/260: $u_ibex_top.u_ibex_core.id_stage_i.decoder_i.cheriot_operator_o[18]$589
    62/260: $u_ibex_top.u_ibex_core.id_stage_i.decoder_i.cheriot_operator_o[16]$588
    63/260: $u_ibex_top.u_ibex_core.id_stage_i.decoder_i.cheriot_operator_o[13]$587
    64/260: $u_ibex_top.u_ibex_core.id_stage_i.decoder_i.cheriot_operator_o[11:10]$586
    65/260: $u_ibex_top.u_ibex_core.id_stage_i.decoder_i.cheriot_operator_o[8:7]$585
    66/260: $u_ibex_top.u_ibex_core.id_stage_i.decoder_i.cheriot_operator_o[5:1]$584
    67/260: $u_ibex_top.u_ibex_core.id_stage_i.decoder_i.rf_ren_b_o$583
    68/260: $u_ibex_top.u_ibex_core.id_stage_i.decoder_i.illegal_insn$608
    69/260: $u_ibex_top.u_ibex_core.id_stage_i.decoder_i.cheriot_setbounds_sel_o$607
    70/260: $u_ibex_top.u_ibex_core.id_stage_i.decoder_i.cheriot_operator_o[25:23]$602 [2]
    71/260: $u_ibex_top.u_ibex_core.id_stage_i.decoder_i.cheriot_operator_o[25:23]$602 [1:0]
    72/260: $u_ibex_top.u_ibex_core.id_stage_i.decoder_i.cheriot_operator_o[14:10]$599 [3]
    73/260: $u_ibex_top.u_ibex_core.id_stage_i.decoder_i.cheriot_operator_o[14:10]$599 [2]
    74/260: $u_ibex_top.u_ibex_core.id_stage_i.decoder_i.cheriot_operator_o[14:10]$599 [1:0]
    75/260: $u_ibex_top.u_ibex_core.id_stage_i.decoder_i.cheriot_operator_o[5:0]$597 [0]
    76/260: $u_ibex_top.u_ibex_core.id_stage_i.decoder_i.cheriot_operator_o[24:23]$567 [0]
    77/260: $u_ibex_top.u_ibex_core.id_stage_i.decoder_i.cheriot_setbounds_sel_o$569
    78/260: $u_ibex_top.u_ibex_core.id_stage_i.decoder_i.cheriot_cap_field_sel_o$568
    79/260: $u_ibex_top.u_ibex_core.id_stage_i.decoder_i.illegal_insn$570
    80/260: $u_ibex_top.u_ibex_core.id_stage_i.decoder_i.cheriot_operator_o[14]$566
    81/260: $u_ibex_top.u_ibex_core.id_stage_i.decoder_i.cheriot_operator_o[12]$565
    82/260: $u_ibex_top.u_ibex_core.id_stage_i.decoder_i.cheriot_operator_o[0]$564
    83/260: $u_ibex_top.u_ibex_core.id_stage_i.decoder_i.cheriot_setaddr_sel_o$606
    84/260: $u_ibex_top.u_ibex_core.id_stage_i.decoder_i.cheriot_adder_b_sel_o$605
    85/260: $u_ibex_top.u_ibex_core.id_stage_i.decoder_i.cheriot_adder_a_sel_o$604
    86/260: $u_ibex_top.u_ibex_core.id_stage_i.decoder_i.cheriot_cap_field_sel_o$603
    87/260: $u_ibex_top.u_ibex_core.id_stage_i.decoder_i.cheriot_operator_o[14:10]$599 [4]
    88/260: $u_ibex_top.u_ibex_core.id_stage_i.decoder_i.cheriot_operator_o[18]$601
    89/260: $u_ibex_top.u_ibex_core.id_stage_i.decoder_i.cheriot_operator_o[16]$600
    90/260: $u_ibex_top.u_ibex_core.id_stage_i.decoder_i.cheriot_operator_o[5:0]$597 [5:1]
    91/260: $u_ibex_top.u_ibex_core.id_stage_i.decoder_i.cheriot_operator_o[8:7]$598
    92/260: $u_ibex_top.u_ibex_core.id_stage_i.decoder_i.cheriot_operator_o[24:23]$567 [1]
    93/260: $u_ibex_top.u_ibex_core.id_stage_i.decoder_i.rf_ren_b_o$596
    94/260: $u_ibex_top.u_ibex_core.id_stage_i.decoder_i.cheriot_cap_field_sel_o$626
    95/260: $u_ibex_top.u_ibex_core.id_stage_i.decoder_i.cheriot_operator_o[25:23]$625
    96/260: $u_ibex_top.u_ibex_core.id_stage_i.decoder_i.cheriot_operator_o[18]$624
    97/260: $u_ibex_top.u_ibex_core.id_stage_i.decoder_i.cheriot_operator_o[16]$623
    98/260: $u_ibex_top.u_ibex_core.id_stage_i.decoder_i.cheriot_operator_o[11:10]$574 [1]
    99/260: $u_ibex_top.u_ibex_core.id_stage_i.decoder_i.rf_ren_b_o$621
   100/260: $u_ibex_top.u_ibex_core.id_stage_i.decoder_i.rf_we$645
   101/260: $u_ibex_top.u_ibex_core.id_stage_i.decoder_i.cheriot_setbounds_sel_o$643
   102/260: $u_ibex_top.u_ibex_core.id_stage_i.decoder_i.cheriot_setaddr_sel_o$642
   103/260: $u_ibex_top.u_ibex_core.id_stage_i.decoder_i.cheriot_adder_b_sel_o$641
   104/260: $u_ibex_top.u_ibex_core.id_stage_i.decoder_i.cheriot_adder_a_sel_o$640
   105/260: $u_ibex_top.u_ibex_core.id_stage_i.decoder_i.cheriot_cap_field_sel_o$639
   106/260: $u_ibex_top.u_ibex_core.id_stage_i.decoder_i.cheriot_operator_o[25:23]$638
   107/260: $u_ibex_top.u_ibex_core.id_stage_i.decoder_i.cheriot_operator_o[18]$637
   108/260: $u_ibex_top.u_ibex_core.id_stage_i.decoder_i.cheriot_operator_o[16]$636
   109/260: $u_ibex_top.u_ibex_core.id_stage_i.decoder_i.cheriot_operator_o[14:0]$635
   110/260: $u_ibex_top.u_ibex_core.id_stage_i.decoder_i.instr_is_cheriot_o$634
   111/260: $u_ibex_top.u_ibex_core.id_stage_i.decoder_i.rf_ren_b_o$633
   112/260: $u_ibex_top.u_ibex_core.id_stage_i.decoder_i.rf_ren_a_o$632
   113/260: $u_ibex_top.u_ibex_core.id_stage_i.decoder_i.csr_op$536
   114/260: $u_ibex_top.u_ibex_core.id_stage_i.decoder_i.csr_illegal$535
   115/260: $u_ibex_top.u_ibex_core.id_stage_i.decoder_i.rf_ren_a_o$534
   116/260: $u_ibex_top.u_ibex_core.id_stage_i.decoder_i.illegal_insn$554
   117/260: $u_ibex_top.u_ibex_core.id_stage_i.decoder_i.illegal_insn$532
   118/260: $u_ibex_top.u_ibex_core.id_stage_i.decoder_i.illegal_insn$528
   119/260: $u_ibex_top.u_ibex_core.id_stage_i.decoder_i.wfi_insn_o$527
   120/260: $u_ibex_top.u_ibex_core.id_stage_i.decoder_i.ecall_insn_o$526
   121/260: $u_ibex_top.u_ibex_core.id_stage_i.decoder_i.dret_insn_o$525
   122/260: $u_ibex_top.u_ibex_core.id_stage_i.decoder_i.mret_insn_o$524
   123/260: $u_ibex_top.u_ibex_core.id_stage_i.decoder_i.ebrk_insn_o$523
   124/260: $u_ibex_top.u_ibex_core.id_stage_i.decoder_i.csr_op$557
   125/260: $u_ibex_top.u_ibex_core.id_stage_i.decoder_i.rf_we$556
   126/260: $u_ibex_top.u_ibex_core.id_stage_i.decoder_i.csr_illegal$555
   127/260: $u_ibex_top.u_ibex_core.id_stage_i.decoder_i.csr_cheriot_always_ok_o$553
   128/260: $u_ibex_top.u_ibex_core.id_stage_i.decoder_i.csr_access_o$552
   129/260: $u_ibex_top.u_ibex_core.id_stage_i.decoder_i.rf_ren_a_o$551
   130/260: $u_ibex_top.u_ibex_core.id_stage_i.decoder_i.rf_wdata_sel_o$550
   131/260: $u_ibex_top.u_ibex_core.id_stage_i.decoder_i.wfi_insn_o$549
   132/260: $u_ibex_top.u_ibex_core.id_stage_i.decoder_i.ecall_insn_o$548
   133/260: $u_ibex_top.u_ibex_core.id_stage_i.decoder_i.dret_insn_o$547
   134/260: $u_ibex_top.u_ibex_core.id_stage_i.decoder_i.mret_insn_o$546
   135/260: $u_ibex_top.u_ibex_core.id_stage_i.decoder_i.ebrk_insn_o$545
   136/260: $u_ibex_top.u_ibex_core.id_stage_i.decoder_i.icache_inval_o$516
   137/260: $u_ibex_top.u_ibex_core.id_stage_i.decoder_i.jump_set_o$515
   138/260: $u_ibex_top.u_ibex_core.id_stage_i.decoder_i.rf_we$521
   139/260: $u_ibex_top.u_ibex_core.id_stage_i.decoder_i.illegal_insn$520
   140/260: $u_ibex_top.u_ibex_core.id_stage_i.decoder_i.jump_in_dec_o$519
   141/260: $u_ibex_top.u_ibex_core.id_stage_i.decoder_i.icache_inval_o$518
   142/260: $u_ibex_top.u_ibex_core.id_stage_i.decoder_i.jump_set_o$517
   143/260: $u_ibex_top.u_ibex_core.id_stage_i.decoder_i.illegal_insn$511
   144/260: $u_ibex_top.u_ibex_core.id_stage_i.decoder_i.multdiv_signed_mode_o$510
   145/260: $u_ibex_top.u_ibex_core.id_stage_i.decoder_i.multdiv_operator_o$509
   146/260: $u_ibex_top.u_ibex_core.id_stage_i.decoder_i.illegal_insn$514
   147/260: $u_ibex_top.u_ibex_core.id_stage_i.decoder_i.multdiv_signed_mode_o$513
   148/260: $u_ibex_top.u_ibex_core.id_stage_i.decoder_i.multdiv_operator_o$512
   149/260: $u_ibex_top.u_ibex_core.id_stage_i.decoder_i.illegal_insn$504
   150/260: $u_ibex_top.u_ibex_core.id_stage_i.decoder_i.illegal_insn$503
   151/260: $u_ibex_top.u_ibex_core.id_stage_i.decoder_i.illegal_insn$501
   152/260: $u_ibex_top.u_ibex_core.id_stage_i.decoder_i.illegal_insn$500
   153/260: $u_ibex_top.u_ibex_core.id_stage_i.decoder_i.illegal_insn$505
   154/260: $u_ibex_top.u_ibex_core.id_stage_i.decoder_i.illegal_insn$506
   155/260: $u_ibex_top.u_ibex_core.id_stage_i.decoder_i.illegal_insn$496
   156/260: $u_ibex_top.u_ibex_core.id_stage_i.decoder_i.illegal_insn$495
   157/260: $u_ibex_top.u_ibex_core.id_stage_i.decoder_i.illegal_insn$497
   158/260: $u_ibex_top.u_ibex_core.id_stage_i.decoder_i.illegal_insn$507
   159/260: $u_ibex_top.u_ibex_core.id_stage_i.decoder_i.illegal_insn$644
   160/260: $u_ibex_top.u_ibex_core.id_stage_i.decoder_i.cheriot_operator_o$680 [21]
   161/260: $u_ibex_top.u_ibex_core.id_stage_i.decoder_i.illegal_insn$490
   162/260: $u_ibex_top.u_ibex_core.id_stage_i.decoder_i.cheriot_setaddr_sel_o$489
   163/260: $u_ibex_top.u_ibex_core.id_stage_i.decoder_i.cheriot_adder_b_sel_o$488
   164/260: $u_ibex_top.u_ibex_core.id_stage_i.decoder_i.cheriot_adder_a_sel_o$487
   165/260: $u_ibex_top.u_ibex_core.id_stage_i.decoder_i.cheriot_operator_o[21]$486
   166/260: $u_ibex_top.u_ibex_core.id_stage_i.decoder_i.instr_is_cheriot_o$485
   167/260: $u_ibex_top.u_ibex_core.id_stage_i.decoder_i.cheriot_operator_o$680 [16]
   168/260: $u_ibex_top.u_ibex_core.id_stage_i.decoder_i.cheriot_operator_o$680 [15]
   169/260: $u_ibex_top.u_ibex_core.id_stage_i.decoder_i.cheriot_operator_o$680 [14:0]
   170/260: $u_ibex_top.u_ibex_core.id_stage_i.decoder_i.cheriot_data_req_o$471
   171/260: $u_ibex_top.u_ibex_core.id_stage_i.decoder_i.cheriot_operator_o[15]$473
   172/260: $u_ibex_top.u_ibex_core.id_stage_i.decoder_i.instr_is_cheriot_o$472
   173/260: $u_ibex_top.u_ibex_core.id_stage_i.decoder_i.data_req_o$470
   174/260: $u_ibex_top.u_ibex_core.id_stage_i.decoder_i.illegal_insn$463
   175/260: $u_ibex_top.u_ibex_core.id_stage_i.decoder_i.illegal_insn$480
   176/260: $u_ibex_top.u_ibex_core.id_stage_i.decoder_i.cheriot_operator_o[15]$479
   177/260: $u_ibex_top.u_ibex_core.id_stage_i.decoder_i.instr_is_cheriot_o$478
   178/260: $u_ibex_top.u_ibex_core.id_stage_i.decoder_i.data_type_o$477
   179/260: $u_ibex_top.u_ibex_core.id_stage_i.decoder_i.cheriot_data_req_o$476
   180/260: $u_ibex_top.u_ibex_core.id_stage_i.decoder_i.data_req_o$475
   181/260: $u_ibex_top.u_ibex_core.id_stage_i.decoder_i.cheriot_operator_o$680 [18]
   182/260: $u_ibex_top.u_ibex_core.id_stage_i.decoder_i.cheriot_operator_o$680 [17]
   183/260: $u_ibex_top.u_ibex_core.id_stage_i.decoder_i.illegal_insn$474
   184/260: $u_ibex_top.u_ibex_core.id_stage_i.decoder_i.illegal_insn$450
   185/260: $u_ibex_top.u_ibex_core.id_stage_i.decoder_i.cheriot_data_req_o$447
   186/260: $u_ibex_top.u_ibex_core.id_stage_i.decoder_i.cheriot_operator_o[17]$449
   187/260: $u_ibex_top.u_ibex_core.id_stage_i.decoder_i.instr_is_cheriot_o$448
   188/260: $u_ibex_top.u_ibex_core.id_stage_i.decoder_i.data_req_o$446
   189/260: $u_ibex_top.u_ibex_core.id_stage_i.decoder_i.illegal_insn$455
   190/260: $u_ibex_top.u_ibex_core.id_stage_i.decoder_i.cheriot_operator_o[17]$454
   191/260: $u_ibex_top.u_ibex_core.id_stage_i.decoder_i.instr_is_cheriot_o$453
   192/260: $u_ibex_top.u_ibex_core.id_stage_i.decoder_i.cheriot_data_req_o$452
   193/260: $u_ibex_top.u_ibex_core.id_stage_i.decoder_i.data_req_o$451
   194/260: $u_ibex_top.u_ibex_core.id_stage_i.decoder_i.illegal_insn$460
   195/260: $u_ibex_top.u_ibex_core.id_stage_i.decoder_i.cheriot_operator_o[17]$459
   196/260: $u_ibex_top.u_ibex_core.id_stage_i.decoder_i.instr_is_cheriot_o$458
   197/260: $u_ibex_top.u_ibex_core.id_stage_i.decoder_i.cheriot_data_req_o$457
   198/260: $u_ibex_top.u_ibex_core.id_stage_i.decoder_i.data_req_o$456
   199/260: $u_ibex_top.u_ibex_core.id_stage_i.decoder_i.illegal_insn$439
   200/260: $u_ibex_top.u_ibex_core.id_stage_i.decoder_i.cheriot_operator_o$680 [19]
   201/260: $u_ibex_top.u_ibex_core.id_stage_i.decoder_i.data_type_o$461
   202/260: $u_ibex_top.u_ibex_core.id_stage_i.decoder_i.rf_we$426
   203/260: $u_ibex_top.u_ibex_core.id_stage_i.decoder_i.jump_set_o$425
   204/260: $u_ibex_top.u_ibex_core.id_stage_i.decoder_i.rf_we$438
   205/260: $u_ibex_top.u_ibex_core.id_stage_i.decoder_i.illegal_insn$437
   206/260: $u_ibex_top.u_ibex_core.id_stage_i.decoder_i.rf_ren_a_o$430
   207/260: $u_ibex_top.u_ibex_core.id_stage_i.decoder_i.illegal_insn$424
   208/260: $u_ibex_top.u_ibex_core.id_stage_i.decoder_i.cheriot_operator_o[19]$422
   209/260: $u_ibex_top.u_ibex_core.id_stage_i.decoder_i.cheriot_setaddr_sel_o$436
   210/260: $u_ibex_top.u_ibex_core.id_stage_i.decoder_i.cheriot_adder_b_sel_o$435
   211/260: $u_ibex_top.u_ibex_core.id_stage_i.decoder_i.cheriot_adder_a_sel_o$434
   212/260: $u_ibex_top.u_ibex_core.id_stage_i.decoder_i.cheriot_operator_o[19]$433
   213/260: $u_ibex_top.u_ibex_core.id_stage_i.decoder_i.instr_is_cheriot_o$432
   214/260: $u_ibex_top.u_ibex_core.id_stage_i.decoder_i.jump_in_dec_o$431
   215/260: $u_ibex_top.u_ibex_core.id_stage_i.decoder_i.jump_set_o$429
   216/260: $u_ibex_top.u_ibex_core.id_stage_i.decoder_i.rf_we$491
   217/260: $u_ibex_top.u_ibex_core.id_stage_i.decoder_i.cheriot_operator_o$680 [20]
   218/260: $u_ibex_top.u_ibex_core.id_stage_i.decoder_i.illegal_insn$428
   219/260: $u_ibex_top.u_ibex_core.id_stage_i.decoder_i.jump_set_o$406
   220/260: $u_ibex_top.u_ibex_core.id_stage_i.decoder_i.rf_we$416
   221/260: $u_ibex_top.u_ibex_core.id_stage_i.decoder_i.illegal_insn$415
   222/260: $u_ibex_top.u_ibex_core.id_stage_i.decoder_i.cheriot_setaddr_sel_o$414
   223/260: $u_ibex_top.u_ibex_core.id_stage_i.decoder_i.cheriot_adder_b_sel_o$413
   224/260: $u_ibex_top.u_ibex_core.id_stage_i.decoder_i.cheriot_adder_a_sel_o$412
   225/260: $u_ibex_top.u_ibex_core.id_stage_i.decoder_i.cheriot_operator_o[20]$411
   226/260: $u_ibex_top.u_ibex_core.id_stage_i.decoder_i.instr_is_cheriot_o$410
   227/260: $u_ibex_top.u_ibex_core.id_stage_i.decoder_i.jump_in_dec_o$409
   228/260: $u_ibex_top.u_ibex_core.id_stage_i.decoder_i.jump_set_o$408
   229/260: $u_ibex_top.u_ibex_core.id_stage_i.decoder_i.csr_op$689
   230/260: $u_ibex_top.u_ibex_core.id_stage_i.decoder_i.rf_we$688
   231/260: $u_ibex_top.u_ibex_core.id_stage_i.decoder_i.csr_illegal$687
   232/260: $u_ibex_top.u_ibex_core.id_stage_i.decoder_i.illegal_insn$686
   233/260: $u_ibex_top.u_ibex_core.id_stage_i.decoder_i.cheriot_setbounds_sel_o$685
   234/260: $u_ibex_top.u_ibex_core.id_stage_i.decoder_i.cheriot_setaddr_sel_o$684
   235/260: $u_ibex_top.u_ibex_core.id_stage_i.decoder_i.cheriot_adder_b_sel_o$683
   236/260: $u_ibex_top.u_ibex_core.id_stage_i.decoder_i.cheriot_adder_a_sel_o$682
   237/260: $u_ibex_top.u_ibex_core.id_stage_i.decoder_i.cheriot_cap_field_sel_o$681
   238/260: $u_ibex_top.u_ibex_core.id_stage_i.decoder_i.rf_we$407
   239/260: $u_ibex_top.u_ibex_core.id_stage_i.decoder_i.instr_is_cheriot_o$679
   240/260: $u_ibex_top.u_ibex_core.id_stage_i.decoder_i.branch_in_dec_o$678
   241/260: $u_ibex_top.u_ibex_core.id_stage_i.decoder_i.jump_in_dec_o$677
   242/260: $u_ibex_top.u_ibex_core.id_stage_i.decoder_i.data_sign_extension_o$676
   243/260: $u_ibex_top.u_ibex_core.id_stage_i.decoder_i.data_type_o$675
   244/260: $u_ibex_top.u_ibex_core.id_stage_i.decoder_i.data_we_o$674
   245/260: $u_ibex_top.u_ibex_core.id_stage_i.decoder_i.cheriot_data_req_o$673
   246/260: $u_ibex_top.u_ibex_core.id_stage_i.decoder_i.data_req_o$672
   247/260: $u_ibex_top.u_ibex_core.id_stage_i.decoder_i.csr_cheriot_always_ok_o$671
   248/260: $u_ibex_top.u_ibex_core.id_stage_i.decoder_i.csr_access_o$670
   249/260: $u_ibex_top.u_ibex_core.id_stage_i.decoder_i.multdiv_signed_mode_o$669
   250/260: $u_ibex_top.u_ibex_core.id_stage_i.decoder_i.multdiv_operator_o$668
   251/260: $u_ibex_top.u_ibex_core.id_stage_i.decoder_i.rf_ren_b_o$667
   252/260: $u_ibex_top.u_ibex_core.id_stage_i.decoder_i.rf_ren_a_o$666
   253/260: $u_ibex_top.u_ibex_core.id_stage_i.decoder_i.rf_wdata_sel_o$665
   254/260: $u_ibex_top.u_ibex_core.id_stage_i.decoder_i.icache_inval_o$664
   255/260: $u_ibex_top.u_ibex_core.id_stage_i.decoder_i.jump_set_o$663
   256/260: $u_ibex_top.u_ibex_core.id_stage_i.decoder_i.wfi_insn_o$662
   257/260: $u_ibex_top.u_ibex_core.id_stage_i.decoder_i.ecall_insn_o$661
   258/260: $u_ibex_top.u_ibex_core.id_stage_i.decoder_i.dret_insn_o$660
   259/260: $u_ibex_top.u_ibex_core.id_stage_i.decoder_i.mret_insn_o$659
   260/260: $u_ibex_top.u_ibex_core.id_stage_i.decoder_i.ebrk_insn_o$658
Creating decoders for process `\chipus_ibex_wrapper.$394'.
     1/1: $u_ibex_top.u_ibex_core.id_stage_i.decoder_i.csr_op_o$400
Creating decoders for process `\chipus_ibex_wrapper.$386'.
     1/1: $u_ibex_top.u_ibex_core.id_stage_i.rf_wdata_id_o$387
Creating decoders for process `\chipus_ibex_wrapper.$379'.
     1/1: $u_ibex_top.u_ibex_core.id_stage_i.imd_val_q[33:0]$382
Creating decoders for process `\chipus_ibex_wrapper.$375'.
     1/1: $u_ibex_top.u_ibex_core.id_stage_i.imd_val_q[67:34]$378
Creating decoders for process `\chipus_ibex_wrapper.$370'.
     1/1: $u_ibex_top.u_ibex_core.id_stage_i.imm_b$372
Creating decoders for process `\chipus_ibex_wrapper.$368'.
     1/1: $u_ibex_top.u_ibex_core.id_stage_i.alu_operand_a$369
Creating decoders for process `\chipus_ibex_wrapper.$331'.
     1/10: $u_ibex_top.u_ibex_core.if_stage_i.pc_id_o$341
     2/10: $u_ibex_top.u_ibex_core.if_stage_i.illegal_c_insn_id_o$340
     3/10: $u_ibex_top.u_ibex_core.if_stage_i.instr_fetch_err_plus2_o$339
     4/10: $u_ibex_top.u_ibex_core.if_stage_i.instr_fetch_err_o$338
     5/10: $u_ibex_top.u_ibex_core.if_stage_i.instr_expanded_id_o$337
     6/10: $u_ibex_top.u_ibex_core.if_stage_i.instr_gets_expanded_id_o$336
     7/10: $u_ibex_top.u_ibex_core.if_stage_i.instr_is_compressed_id_o$335
     8/10: $u_ibex_top.u_ibex_core.if_stage_i.instr_rdata_c_id_o$334
     9/10: $u_ibex_top.u_ibex_core.if_stage_i.instr_rdata_alu_id_o$333
    10/10: $u_ibex_top.u_ibex_core.if_stage_i.instr_rdata_id_o$332
Creating decoders for process `\chipus_ibex_wrapper.$2416'.
     1/1: $u_ibex_top.gen_regfile_ff.register_file_i.g_plain_rf.g_rf_flops[19].rf_reg_q$2419
Creating decoders for process `\chipus_ibex_wrapper.$2412'.
     1/1: $u_ibex_top.gen_regfile_ff.register_file_i.g_plain_rf.g_rf_flops[18].rf_reg_q$2415
Creating decoders for process `\chipus_ibex_wrapper.$2408'.
     1/1: $u_ibex_top.gen_regfile_ff.register_file_i.g_plain_rf.g_rf_flops[17].rf_reg_q$2411
Creating decoders for process `\chipus_ibex_wrapper.$252'.
     1/43: $u_ibex_top.u_ibex_core.if_stage_i.compressed_decoder_i.illegal_instr_o$303
     2/43: $u_ibex_top.u_ibex_core.if_stage_i.compressed_decoder_i.instr_o$302
     3/43: $u_ibex_top.u_ibex_core.if_stage_i.compressed_decoder_i.illegal_instr_o$301
     4/43: $u_ibex_top.u_ibex_core.if_stage_i.compressed_decoder_i.illegal_instr_o$300
     5/43: $u_ibex_top.u_ibex_core.if_stage_i.compressed_decoder_i.instr_o$296
     6/43: $u_ibex_top.u_ibex_core.if_stage_i.compressed_decoder_i.instr_o$297
     7/43: $u_ibex_top.u_ibex_core.if_stage_i.compressed_decoder_i.instr_o$298
     8/43: $u_ibex_top.u_ibex_core.if_stage_i.compressed_decoder_i.illegal_instr_o$291
     9/43: $u_ibex_top.u_ibex_core.if_stage_i.compressed_decoder_i.instr_o$292
    10/43: $u_ibex_top.u_ibex_core.if_stage_i.compressed_decoder_i.illegal_instr_o$293
    11/43: $u_ibex_top.u_ibex_core.if_stage_i.compressed_decoder_i.illegal_instr_o$299
    12/43: $u_ibex_top.u_ibex_core.if_stage_i.compressed_decoder_i.illegal_instr_o$287
    13/43: $u_ibex_top.u_ibex_core.if_stage_i.compressed_decoder_i.instr_o$286
    14/43: $u_ibex_top.u_ibex_core.if_stage_i.compressed_decoder_i.illegal_instr_o$285
    15/43: $u_ibex_top.u_ibex_core.if_stage_i.compressed_decoder_i.illegal_instr_o$283
    16/43: $u_ibex_top.u_ibex_core.if_stage_i.compressed_decoder_i.instr_o$281
    17/43: $u_ibex_top.u_ibex_core.if_stage_i.compressed_decoder_i.illegal_instr_o$305
    18/43: $u_ibex_top.u_ibex_core.if_stage_i.compressed_decoder_i.instr_o$304
    19/43: $u_ibex_top.u_ibex_core.if_stage_i.compressed_decoder_i.illegal_instr_o$274
    20/43: $u_ibex_top.u_ibex_core.if_stage_i.compressed_decoder_i.illegal_instr_o$273
    21/43: $u_ibex_top.u_ibex_core.if_stage_i.compressed_decoder_i.illegal_instr_o$276
    22/43: $u_ibex_top.u_ibex_core.if_stage_i.compressed_decoder_i.instr_o$275
    23/43: $u_ibex_top.u_ibex_core.if_stage_i.compressed_decoder_i.instr_o$277
    24/43: $u_ibex_top.u_ibex_core.if_stage_i.compressed_decoder_i.illegal_instr_o$272
    25/43: $u_ibex_top.u_ibex_core.if_stage_i.compressed_decoder_i.instr_o$270
    26/43: $u_ibex_top.u_ibex_core.if_stage_i.compressed_decoder_i.illegal_instr_o$278
    27/43: $u_ibex_top.u_ibex_core.if_stage_i.compressed_decoder_i.illegal_instr_o$269
    28/43: $u_ibex_top.u_ibex_core.if_stage_i.compressed_decoder_i.instr_o$267
    29/43: $u_ibex_top.u_ibex_core.if_stage_i.compressed_decoder_i.instr_o$266
    30/43: $u_ibex_top.u_ibex_core.if_stage_i.compressed_decoder_i.instr_o$279
    31/43: $u_ibex_top.u_ibex_core.if_stage_i.compressed_decoder_i.instr_o$263
    32/43: $u_ibex_top.u_ibex_core.if_stage_i.compressed_decoder_i.illegal_instr_o$280
    33/43: $u_ibex_top.u_ibex_core.if_stage_i.compressed_decoder_i.illegal_instr_o$260
    34/43: $u_ibex_top.u_ibex_core.if_stage_i.compressed_decoder_i.instr_o$259
    35/43: $u_ibex_top.u_ibex_core.if_stage_i.compressed_decoder_i.illegal_instr_o$258
    36/43: $u_ibex_top.u_ibex_core.if_stage_i.compressed_decoder_i.illegal_instr_o$257
    37/43: $u_ibex_top.u_ibex_core.if_stage_i.compressed_decoder_i.instr_o$256
    38/43: $u_ibex_top.u_ibex_core.if_stage_i.compressed_decoder_i.illegal_instr_o$255
    39/43: $u_ibex_top.u_ibex_core.if_stage_i.compressed_decoder_i.instr_o$253
    40/43: $u_ibex_top.u_ibex_core.if_stage_i.compressed_decoder_i.illegal_instr_o$262
    41/43: $u_ibex_top.u_ibex_core.if_stage_i.compressed_decoder_i.instr_o$261
    42/43: $u_ibex_top.u_ibex_core.if_stage_i.compressed_decoder_i.illegal_instr_o$307
    43/43: $u_ibex_top.u_ibex_core.if_stage_i.compressed_decoder_i.instr_o$306
Creating decoders for process `\chipus_ibex_wrapper.$2404'.
     1/1: $u_ibex_top.gen_regfile_ff.register_file_i.g_plain_rf.g_rf_flops[16].rf_reg_q$2407
Creating decoders for process `\chipus_ibex_wrapper.$169'.
     1/1: $u_ibex_top.u_ibex_core.if_stage_i.gen_prefetch_buffer.prefetch_buffer_i.fetch_addr_q$170
Creating decoders for process `\chipus_ibex_wrapper.$160'.
     1/1: $u_ibex_top.u_ibex_core.if_stage_i.gen_prefetch_buffer.prefetch_buffer_i.stored_addr_q$161
Creating decoders for process `\chipus_ibex_wrapper.$144'.
     1/2: $u_ibex_top.u_ibex_core.if_stage_i.gen_prefetch_buffer.prefetch_buffer_i.fifo_i.err_q[2]$146
     2/2: $u_ibex_top.u_ibex_core.if_stage_i.gen_prefetch_buffer.prefetch_buffer_i.fifo_i.rdata_q[95:64]$145
Creating decoders for process `\chipus_ibex_wrapper.$141'.
     1/2: $u_ibex_top.u_ibex_core.if_stage_i.gen_prefetch_buffer.prefetch_buffer_i.fifo_i.err_q[1]$143
     2/2: $u_ibex_top.u_ibex_core.if_stage_i.gen_prefetch_buffer.prefetch_buffer_i.fifo_i.rdata_q[63:32]$142
Creating decoders for process `\chipus_ibex_wrapper.$138'.
     1/2: $u_ibex_top.u_ibex_core.if_stage_i.gen_prefetch_buffer.prefetch_buffer_i.fifo_i.err_q[0]$140
     2/2: $u_ibex_top.u_ibex_core.if_stage_i.gen_prefetch_buffer.prefetch_buffer_i.fifo_i.rdata_q[31:0]$139
Creating decoders for process `\chipus_ibex_wrapper.$2400'.
     1/1: $u_ibex_top.gen_regfile_ff.register_file_i.g_plain_rf.g_rf_flops[15].rf_reg_q$2403
Creating decoders for process `\chipus_ibex_wrapper.$94'.
     1/1: $u_ibex_top.u_ibex_core.if_stage_i.gen_prefetch_buffer.prefetch_buffer_i.fifo_i.instr_addr_q$95
Creating decoders for process `\chipus_ibex_wrapper.$82'.
     1/5: $u_ibex_top.u_ibex_core.if_stage_i.gen_prefetch_buffer.prefetch_buffer_i.fifo_i.out_err_plus2_o$87
     2/5: $u_ibex_top.u_ibex_core.if_stage_i.gen_prefetch_buffer.prefetch_buffer_i.fifo_i.out_err_o$86
     3/5: $u_ibex_top.u_ibex_core.if_stage_i.gen_prefetch_buffer.prefetch_buffer_i.fifo_i.out_rdata_o$85
     4/5: $u_ibex_top.u_ibex_core.if_stage_i.gen_prefetch_buffer.prefetch_buffer_i.fifo_i.out_valid_o$84
     5/5: $u_ibex_top.u_ibex_core.if_stage_i.gen_prefetch_buffer.prefetch_buffer_i.fifo_i.out_valid_o$83
Creating decoders for process `\chipus_ibex_wrapper.$38'.
     1/1: $u_ibex_top.u_ibex_core.if_stage_i.fetch_addr_n$39
Creating decoders for process `\chipus_ibex_wrapper.$29'.
     1/2: $u_ibex_top.u_ibex_core.if_stage_i.exc_pc$37
     2/2: $u_ibex_top.u_ibex_core.if_stage_i.irq_vec$30
Creating decoders for process `\chipus_ibex_wrapper.$2396'.
     1/1: $u_ibex_top.gen_regfile_ff.register_file_i.g_plain_rf.g_rf_flops[14].rf_reg_q$2399
Creating decoders for process `\chipus_ibex_wrapper.$2392'.
     1/1: $u_ibex_top.gen_regfile_ff.register_file_i.g_plain_rf.g_rf_flops[13].rf_reg_q$2395
Creating decoders for process `\chipus_ibex_wrapper.$8'.
     1/3: $u_ibex_top.core_clock_gate_i.en_latch$11
     2/3: $13
     3/3: $12
Creating decoders for process `\chipus_ibex_wrapper.$2388'.
     1/1: $u_ibex_top.gen_regfile_ff.register_file_i.g_plain_rf.g_rf_flops[12].rf_reg_q$2391

2.9. Executing PROC_CLEAN pass (remove empty switches from decision trees).
Found and cleaned up 1 empty switch in `\chipus_ibex_wrapper.$2384'.
Removing empty process `chipus_ibex_wrapper.$2384'.
Found and cleaned up 1 empty switch in `\chipus_ibex_wrapper.$2380'.
Removing empty process `chipus_ibex_wrapper.$2380'.
Found and cleaned up 1 empty switch in `\chipus_ibex_wrapper.$2376'.
Removing empty process `chipus_ibex_wrapper.$2376'.
Found and cleaned up 1 empty switch in `\chipus_ibex_wrapper.$2372'.
Removing empty process `chipus_ibex_wrapper.$2372'.
Found and cleaned up 1 empty switch in `\chipus_ibex_wrapper.$2368'.
Removing empty process `chipus_ibex_wrapper.$2368'.
Found and cleaned up 1 empty switch in `\chipus_ibex_wrapper.$2364'.
Removing empty process `chipus_ibex_wrapper.$2364'.
Found and cleaned up 1 empty switch in `\chipus_ibex_wrapper.$2360'.
Removing empty process `chipus_ibex_wrapper.$2360'.
Found and cleaned up 1 empty switch in `\chipus_ibex_wrapper.$2356'.
Removing empty process `chipus_ibex_wrapper.$2356'.
Found and cleaned up 1 empty switch in `\chipus_ibex_wrapper.$2352'.
Removing empty process `chipus_ibex_wrapper.$2352'.
Found and cleaned up 1 empty switch in `\chipus_ibex_wrapper.$2348'.
Removing empty process `chipus_ibex_wrapper.$2348'.
Found and cleaned up 1 empty switch in `\chipus_ibex_wrapper.$2344'.
Removing empty process `chipus_ibex_wrapper.$2344'.
Found and cleaned up 1 empty switch in `\chipus_ibex_wrapper.$2464'.
Removing empty process `chipus_ibex_wrapper.$2464'.
Found and cleaned up 1 empty switch in `\chipus_ibex_wrapper.$2244'.
Removing empty process `chipus_ibex_wrapper.$2244'.
Found and cleaned up 1 empty switch in `\chipus_ibex_wrapper.$2237'.
Removing empty process `chipus_ibex_wrapper.$2237'.
Found and cleaned up 1 empty switch in `\chipus_ibex_wrapper.$2460'.
Removing empty process `chipus_ibex_wrapper.$2460'.
Found and cleaned up 1 empty switch in `\chipus_ibex_wrapper.$2456'.
Removing empty process `chipus_ibex_wrapper.$2456'.
Found and cleaned up 5 empty switches in `\chipus_ibex_wrapper.$2221'.
Removing empty process `chipus_ibex_wrapper.$2221'.
Found and cleaned up 1 empty switch in `\chipus_ibex_wrapper.$2452'.
Removing empty process `chipus_ibex_wrapper.$2452'.
Found and cleaned up 5 empty switches in `\chipus_ibex_wrapper.$2210'.
Removing empty process `chipus_ibex_wrapper.$2210'.
Removing empty process `chipus_ibex_wrapper.$2179'.
Found and cleaned up 1 empty switch in `\chipus_ibex_wrapper.$2448'.
Removing empty process `chipus_ibex_wrapper.$2448'.
Found and cleaned up 1 empty switch in `\chipus_ibex_wrapper.$2175'.
Removing empty process `chipus_ibex_wrapper.$2175'.
Found and cleaned up 1 empty switch in `\chipus_ibex_wrapper.$2172'.
Removing empty process `chipus_ibex_wrapper.$2172'.
Found and cleaned up 1 empty switch in `\chipus_ibex_wrapper.$2165'.
Removing empty process `chipus_ibex_wrapper.$2165'.
Found and cleaned up 1 empty switch in `\chipus_ibex_wrapper.$2161'.
Removing empty process `chipus_ibex_wrapper.$2161'.
Found and cleaned up 1 empty switch in `\chipus_ibex_wrapper.$2157'.
Removing empty process `chipus_ibex_wrapper.$2157'.
Found and cleaned up 1 empty switch in `\chipus_ibex_wrapper.$2153'.
Removing empty process `chipus_ibex_wrapper.$2153'.
Found and cleaned up 1 empty switch in `\chipus_ibex_wrapper.$2145'.
Removing empty process `chipus_ibex_wrapper.$2145'.
Found and cleaned up 1 empty switch in `\chipus_ibex_wrapper.$2137'.
Removing empty process `chipus_ibex_wrapper.$2137'.
Found and cleaned up 1 empty switch in `\chipus_ibex_wrapper.$2129'.
Removing empty process `chipus_ibex_wrapper.$2129'.
Found and cleaned up 1 empty switch in `\chipus_ibex_wrapper.$2125'.
Removing empty process `chipus_ibex_wrapper.$2125'.
Found and cleaned up 1 empty switch in `\chipus_ibex_wrapper.$2117'.
Removing empty process `chipus_ibex_wrapper.$2117'.
Found and cleaned up 1 empty switch in `\chipus_ibex_wrapper.$2113'.
Removing empty process `chipus_ibex_wrapper.$2113'.
Found and cleaned up 1 empty switch in `\chipus_ibex_wrapper.$2109'.
Removing empty process `chipus_ibex_wrapper.$2109'.
Found and cleaned up 1 empty switch in `\chipus_ibex_wrapper.$2105'.
Removing empty process `chipus_ibex_wrapper.$2105'.
Found and cleaned up 1 empty switch in `\chipus_ibex_wrapper.$2101'.
Removing empty process `chipus_ibex_wrapper.$2101'.
Found and cleaned up 1 empty switch in `\chipus_ibex_wrapper.$2093'.
Removing empty process `chipus_ibex_wrapper.$2093'.
Found and cleaned up 1 empty switch in `\chipus_ibex_wrapper.$2444'.
Removing empty process `chipus_ibex_wrapper.$2444'.
Found and cleaned up 1 empty switch in `\chipus_ibex_wrapper.$2062'.
Removing empty process `chipus_ibex_wrapper.$2062'.
Found and cleaned up 1 empty switch in `\chipus_ibex_wrapper.$2440'.
Removing empty process `chipus_ibex_wrapper.$2440'.
Found and cleaned up 23 empty switches in `\chipus_ibex_wrapper.$1907'.
Removing empty process `chipus_ibex_wrapper.$1907'.
Found and cleaned up 11 empty switches in `\chipus_ibex_wrapper.$1825'.
Removing empty process `chipus_ibex_wrapper.$1825'.
Found and cleaned up 1 empty switch in `\chipus_ibex_wrapper.$2436'.
Removing empty process `chipus_ibex_wrapper.$2436'.
Found and cleaned up 5 empty switches in `\chipus_ibex_wrapper.$1738'.
Removing empty process `chipus_ibex_wrapper.$1738'.
Found and cleaned up 9 empty switches in `\chipus_ibex_wrapper.$1724'.
Removing empty process `chipus_ibex_wrapper.$1724'.
Found and cleaned up 35 empty switches in `\chipus_ibex_wrapper.$1597'.
Removing empty process `chipus_ibex_wrapper.$1597'.
Found and cleaned up 1 empty switch in `\chipus_ibex_wrapper.$1581'.
Removing empty process `chipus_ibex_wrapper.$1581'.
Found and cleaned up 9 empty switches in `\chipus_ibex_wrapper.$1571'.
Removing empty process `chipus_ibex_wrapper.$1571'.
Found and cleaned up 9 empty switches in `\chipus_ibex_wrapper.$1561'.
Removing empty process `chipus_ibex_wrapper.$1561'.
Found and cleaned up 1 empty switch in `\chipus_ibex_wrapper.$1559'.
Removing empty process `chipus_ibex_wrapper.$1559'.
Found and cleaned up 1 empty switch in `\chipus_ibex_wrapper.$1555'.
Removing empty process `chipus_ibex_wrapper.$1555'.
Found and cleaned up 1 empty switch in `\chipus_ibex_wrapper.$1547'.
Removing empty process `chipus_ibex_wrapper.$1547'.
Found and cleaned up 1 empty switch in `\chipus_ibex_wrapper.$1543'.
Removing empty process `chipus_ibex_wrapper.$1543'.
Found and cleaned up 5 empty switches in `\chipus_ibex_wrapper.$1531'.
Removing empty process `chipus_ibex_wrapper.$1531'.
Found and cleaned up 1 empty switch in `\chipus_ibex_wrapper.$1529'.
Removing empty process `chipus_ibex_wrapper.$1529'.
Found and cleaned up 15 empty switches in `\chipus_ibex_wrapper.$1515'.
Removing empty process `chipus_ibex_wrapper.$1515'.
Found and cleaned up 7 empty switches in `\chipus_ibex_wrapper.$1420'.
Removing empty process `chipus_ibex_wrapper.$1420'.
Found and cleaned up 1 empty switch in `\chipus_ibex_wrapper.$1410'.
Removing empty process `chipus_ibex_wrapper.$1410'.
Found and cleaned up 1 empty switch in `\chipus_ibex_wrapper.$1401'.
Removing empty process `chipus_ibex_wrapper.$1401'.
Found and cleaned up 5 empty switches in `\chipus_ibex_wrapper.$1376'.
Removing empty process `chipus_ibex_wrapper.$1376'.
Found and cleaned up 1 empty switch in `\chipus_ibex_wrapper.$1362'.
Removing empty process `chipus_ibex_wrapper.$1362'.
Found and cleaned up 1 empty switch in `\chipus_ibex_wrapper.$1356'.
Removing empty process `chipus_ibex_wrapper.$1356'.
Found and cleaned up 1 empty switch in `\chipus_ibex_wrapper.$1354'.
Removing empty process `chipus_ibex_wrapper.$1354'.
Found and cleaned up 1 empty switch in `\chipus_ibex_wrapper.$1342'.
Removing empty process `chipus_ibex_wrapper.$1342'.
Removing empty process `chipus_ibex_wrapper.$1333'.
Found and cleaned up 3 empty switches in `\chipus_ibex_wrapper.$1329'.
Removing empty process `chipus_ibex_wrapper.$1329'.
Found and cleaned up 1 empty switch in `\chipus_ibex_wrapper.$1322'.
Removing empty process `chipus_ibex_wrapper.$1322'.
Found and cleaned up 1 empty switch in `\chipus_ibex_wrapper.$1314'.
Removing empty process `chipus_ibex_wrapper.$1314'.
Found and cleaned up 1 empty switch in `\chipus_ibex_wrapper.$1308'.
Removing empty process `chipus_ibex_wrapper.$1308'.
Found and cleaned up 1 empty switch in `\chipus_ibex_wrapper.$1305'.
Removing empty process `chipus_ibex_wrapper.$1305'.
Found and cleaned up 1 empty switch in `\chipus_ibex_wrapper.$1302'.
Removing empty process `chipus_ibex_wrapper.$1302'.
Found and cleaned up 1 empty switch in `\chipus_ibex_wrapper.$1299'.
Removing empty process `chipus_ibex_wrapper.$1299'.
Found and cleaned up 1 empty switch in `\chipus_ibex_wrapper.$1297'.
Removing empty process `chipus_ibex_wrapper.$1297'.
Found and cleaned up 13 empty switches in `\chipus_ibex_wrapper.$1176'.
Removing empty process `chipus_ibex_wrapper.$1176'.
Found and cleaned up 1 empty switch in `\chipus_ibex_wrapper.$1172'.
Removing empty process `chipus_ibex_wrapper.$1172'.
Found and cleaned up 1 empty switch in `\chipus_ibex_wrapper.$2432'.
Removing empty process `chipus_ibex_wrapper.$2432'.
Found and cleaned up 1 empty switch in `\chipus_ibex_wrapper.$2428'.
Removing empty process `chipus_ibex_wrapper.$2428'.
Found and cleaned up 1 empty switch in `\chipus_ibex_wrapper.$2424'.
Removing empty process `chipus_ibex_wrapper.$2424'.
Found and cleaned up 73 empty switches in `\chipus_ibex_wrapper.$952'.
Removing empty process `chipus_ibex_wrapper.$952'.
Found and cleaned up 1 empty switch in `\chipus_ibex_wrapper.$2420'.
Removing empty process `chipus_ibex_wrapper.$2420'.
Found and cleaned up 29 empty switches in `\chipus_ibex_wrapper.$928'.
Removing empty process `chipus_ibex_wrapper.$928'.
Found and cleaned up 17 empty switches in `\chipus_ibex_wrapper.$841'.
Removing empty process `chipus_ibex_wrapper.$841'.
Found and cleaned up 28 empty switches in `\chipus_ibex_wrapper.$698'.
Removing empty process `chipus_ibex_wrapper.$698'.
Found and cleaned up 88 empty switches in `\chipus_ibex_wrapper.$401'.
Removing empty process `chipus_ibex_wrapper.$401'.
Found and cleaned up 1 empty switch in `\chipus_ibex_wrapper.$394'.
Removing empty process `chipus_ibex_wrapper.$394'.
Found and cleaned up 1 empty switch in `\chipus_ibex_wrapper.$386'.
Removing empty process `chipus_ibex_wrapper.$386'.
Found and cleaned up 1 empty switch in `\chipus_ibex_wrapper.$379'.
Removing empty process `chipus_ibex_wrapper.$379'.
Found and cleaned up 1 empty switch in `\chipus_ibex_wrapper.$375'.
Removing empty process `chipus_ibex_wrapper.$375'.
Found and cleaned up 1 empty switch in `\chipus_ibex_wrapper.$370'.
Removing empty process `chipus_ibex_wrapper.$370'.
Found and cleaned up 1 empty switch in `\chipus_ibex_wrapper.$368'.
Removing empty process `chipus_ibex_wrapper.$368'.
Found and cleaned up 1 empty switch in `\chipus_ibex_wrapper.$331'.
Removing empty process `chipus_ibex_wrapper.$331'.
Found and cleaned up 1 empty switch in `\chipus_ibex_wrapper.$2416'.
Removing empty process `chipus_ibex_wrapper.$2416'.
Found and cleaned up 1 empty switch in `\chipus_ibex_wrapper.$2412'.
Removing empty process `chipus_ibex_wrapper.$2412'.
Found and cleaned up 1 empty switch in `\chipus_ibex_wrapper.$2408'.
Removing empty process `chipus_ibex_wrapper.$2408'.
Found and cleaned up 34 empty switches in `\chipus_ibex_wrapper.$252'.
Removing empty process `chipus_ibex_wrapper.$252'.
Found and cleaned up 1 empty switch in `\chipus_ibex_wrapper.$2404'.
Removing empty process `chipus_ibex_wrapper.$2404'.
Found and cleaned up 1 empty switch in `\chipus_ibex_wrapper.$169'.
Removing empty process `chipus_ibex_wrapper.$169'.
Found and cleaned up 1 empty switch in `\chipus_ibex_wrapper.$160'.
Removing empty process `chipus_ibex_wrapper.$160'.
Found and cleaned up 1 empty switch in `\chipus_ibex_wrapper.$144'.
Removing empty process `chipus_ibex_wrapper.$144'.
Found and cleaned up 1 empty switch in `\chipus_ibex_wrapper.$141'.
Removing empty process `chipus_ibex_wrapper.$141'.
Found and cleaned up 1 empty switch in `\chipus_ibex_wrapper.$138'.
Removing empty process `chipus_ibex_wrapper.$138'.
Found and cleaned up 1 empty switch in `\chipus_ibex_wrapper.$2400'.
Removing empty process `chipus_ibex_wrapper.$2400'.
Found and cleaned up 1 empty switch in `\chipus_ibex_wrapper.$94'.
Removing empty process `chipus_ibex_wrapper.$94'.
Found and cleaned up 3 empty switches in `\chipus_ibex_wrapper.$82'.
Removing empty process `chipus_ibex_wrapper.$82'.
Found and cleaned up 1 empty switch in `\chipus_ibex_wrapper.$38'.
Removing empty process `chipus_ibex_wrapper.$38'.
Found and cleaned up 3 empty switches in `\chipus_ibex_wrapper.$29'.
Removing empty process `chipus_ibex_wrapper.$29'.
Found and cleaned up 1 empty switch in `\chipus_ibex_wrapper.$2396'.
Removing empty process `chipus_ibex_wrapper.$2396'.
Found and cleaned up 1 empty switch in `\chipus_ibex_wrapper.$2392'.
Removing empty process `chipus_ibex_wrapper.$2392'.
Found and cleaned up 1 empty switch in `\chipus_ibex_wrapper.$8'.
Removing empty process `chipus_ibex_wrapper.$8'.
Found and cleaned up 1 empty switch in `\chipus_ibex_wrapper.$2388'.
Removing empty process `chipus_ibex_wrapper.$2388'.
Cleaned up 519 empty switches.

2.10. Executing OPT_EXPR pass (perform const folding).
Optimizing module chipus_ibex_wrapper.
<suppressed ~1341 debug messages>

3. Executing HIERARCHY pass (managing design hierarchy).

3.1. Analyzing design hierarchy..
Top module:  \chipus_ibex_wrapper

3.2. Analyzing design hierarchy..
Top module:  \chipus_ibex_wrapper
Removed 0 unused modules.
Renaming module chipus_ibex_wrapper to chipus_ibex_wrapper.

4. Executing ATTRMAP pass (move or copy attributes).

5. Executing TRIBUF pass.

6. Executing HIERARCHY pass (managing design hierarchy).

6.1. Analyzing design hierarchy..
Top module:  \chipus_ibex_wrapper

6.2. Analyzing design hierarchy..
Top module:  \chipus_ibex_wrapper
Removed 0 unused modules.

7. Executing PROC_CLEAN pass (remove empty switches from decision trees).
Cleaned up 0 empty switches.

8. Executing PROC_RMDEAD pass (remove dead branches from decision trees).
Removed a total of 0 dead cases.

9. Executing PROC_PRUNE pass (remove redundant assignments in processes).
Removed 0 redundant assignments.
Promoted 0 assignments to connections.

10. Executing PROC_INIT pass (extract init attributes).

11. Executing PROC_ARST pass (detect async resets in processes).

12. Executing PROC_ROM pass (convert switches to ROMs).
Converted 0 switches.

13. Executing PROC_MUX pass (convert decision trees to multiplexers).

14. Executing PROC_DLATCH pass (convert process syncs to latches).

15. Executing PROC_DFF pass (convert process syncs to FFs).

16. Executing PROC_MEMWR pass (convert process memory writes to cells).

17. Executing PROC_CLEAN pass (remove empty switches from decision trees).
Cleaned up 0 empty switches.

18. Executing CHECK pass (checking for obvious problems).
Checking module chipus_ibex_wrapper...
Found and reported 0 problems.

19. Executing OPT_EXPR pass (perform const folding).
Optimizing module chipus_ibex_wrapper.

20. Executing FLATTEN pass (flatten design).

21. Executing OPT_EXPR pass (perform const folding).
Optimizing module chipus_ibex_wrapper.

22. Executing OPT_CLEAN pass (remove unused cells and wires).
Finding unused cells or wires in module \chipus_ibex_wrapper..
Removed 968 unused cells and 4814 unused wires.
<suppressed ~1151 debug messages>

23. Executing OPT_EXPR pass (perform const folding).
Optimizing module chipus_ibex_wrapper.

24. Executing OPT_MERGE pass (detect identical cells).
Finding identical cells in module `\chipus_ibex_wrapper'.
Computing hashes of 3676 cells of `\chipus_ibex_wrapper'.
Finding duplicate cells in `\chipus_ibex_wrapper'.
Computing hashes of 2522 cells of `\chipus_ibex_wrapper'.
Finding duplicate cells in `\chipus_ibex_wrapper'.
Computing hashes of 2493 cells of `\chipus_ibex_wrapper'.
Finding duplicate cells in `\chipus_ibex_wrapper'.
Computing hashes of 2492 cells of `\chipus_ibex_wrapper'.
Finding duplicate cells in `\chipus_ibex_wrapper'.
<suppressed ~3552 debug messages>
Removed a total of 1184 cells.

25. Executing OPT_MUXTREE pass (detect dead branches in mux trees).
Running muxtree optimizer on module \chipus_ibex_wrapper..
  Creating internal representation of mux trees.
  Evaluating internal representation of mux trees.
      Replacing known input bits on port A of cell $procmux$3304: \u_ibex_top.u_ibex_core.id_stage_i.id_fsm_q -> 1'1
      Replacing known input bits on port B of cell $procmux$3380: \u_ibex_top.u_ibex_core.id_stage_i.id_fsm_q -> 1'0
      Replacing known input bits on port B of cell $procmux$3436: \u_ibex_top.u_ibex_core.id_stage_i.id_fsm_q -> 1'0
      Replacing known input bits on port A of cell $procmux$3715: \u_ibex_top.u_ibex_core.id_stage_i.controller_i.nmi_mode_q -> 1'0
  Analyzing evaluation results.
    dead port 2/2 on $mux $procmux$141.
    dead port 2/2 on $mux $procmux$148.
    dead port 2/2 on $mux $procmux$1497.
    dead port 2/2 on $mux $procmux$1512.
    dead port 2/2 on $mux $procmux$1518.
    dead port 2/2 on $mux $procmux$1526.
    dead port 2/2 on $mux $procmux$153.
    dead port 2/2 on $mux $procmux$1557.
    dead port 2/2 on $mux $procmux$1565.
    dead port 2/2 on $mux $procmux$1574.
    dead port 2/2 on $mux $procmux$1613.
    dead port 2/2 on $mux $procmux$1622.
    dead port 2/2 on $mux $procmux$1630.
    dead port 2/2 on $mux $procmux$1639.
    dead port 2/2 on $mux $procmux$164.
    dead port 2/2 on $mux $procmux$1647.
    dead port 2/2 on $mux $procmux$1655.
    dead port 2/2 on $mux $procmux$1663.
    dead port 2/2 on $mux $procmux$1671.
    dead port 2/2 on $mux $procmux$1679.
    dead port 2/2 on $mux $procmux$1688.
    dead port 2/2 on $mux $procmux$1697.
    dead port 2/2 on $mux $procmux$1706.
    dead port 2/2 on $mux $procmux$1715.
    dead port 1/2 on $mux $procmux$1726.
    dead port 2/2 on $mux $procmux$1728.
    dead port 1/2 on $mux $procmux$1739.
    dead port 2/2 on $mux $procmux$1741.
    dead port 2/2 on $mux $procmux$1753.
    dead port 2/2 on $mux $procmux$1765.
    dead port 2/2 on $mux $procmux$1776.
    dead port 2/2 on $mux $procmux$1787.
    dead port 2/2 on $mux $procmux$1798.
    dead port 2/2 on $mux $procmux$1809.
    dead port 2/2 on $mux $procmux$1820.
    dead port 2/2 on $mux $procmux$1831.
    dead port 2/2 on $mux $procmux$1842.
    dead port 2/2 on $mux $procmux$1853.
    dead port 1/2 on $mux $procmux$186.
    dead port 2/2 on $mux $procmux$1884.
    dead port 1/2 on $mux $procmux$189.
    dead port 2/2 on $mux $procmux$1892.
    dead port 2/2 on $mux $procmux$1905.
    dead port 2/2 on $mux $procmux$191.
    dead port 2/2 on $mux $procmux$1913.
    dead port 2/2 on $mux $procmux$1926.
    dead port 2/2 on $mux $procmux$1934.
    dead port 2/2 on $mux $procmux$1947.
    dead port 2/2 on $mux $procmux$1955.
    dead port 2/2 on $mux $procmux$1974.
    dead port 1/2 on $mux $procmux$199.
    dead port 1/2 on $mux $procmux$202.
    dead port 2/2 on $mux $procmux$2030.
    dead port 2/2 on $mux $procmux$204.
    dead port 2/2 on $mux $procmux$2048.
    dead port 2/2 on $mux $procmux$2067.
    dead port 2/2 on $mux $procmux$2086.
    dead port 2/2 on $mux $procmux$2105.
    dead port 2/2 on $mux $procmux$2162.
    dead port 2/2 on $mux $procmux$2180.
    dead port 2/2 on $mux $procmux$2234.
    dead port 2/2 on $mux $procmux$2252.
    dead port 1/2 on $mux $procmux$226.
    dead port 2/2 on $mux $procmux$2270.
    dead port 2/2 on $mux $procmux$228.
    dead port 2/2 on $mux $procmux$2288.
    dead port 2/2 on $mux $procmux$2342.
    dead port 1/2 on $mux $procmux$237.
    dead port 2/2 on $mux $procmux$239.
    dead port 2/2 on $mux $procmux$2433.
    dead port 2/2 on $mux $procmux$2447.
    dead port 1/2 on $mux $procmux$248.
    dead port 2/2 on $mux $procmux$2489.
    dead port 2/2 on $mux $procmux$250.
    dead port 2/2 on $mux $procmux$2503.
    dead port 2/2 on $mux $procmux$2517.
    dead port 2/2 on $mux $procmux$2531.
    dead port 2/2 on $mux $procmux$2559.
    dead port 2/2 on $mux $procmux$2587.
    dead port 1/2 on $mux $procmux$259.
    dead port 2/2 on $mux $procmux$261.
    dead port 1/2 on $mux $procmux$270.
    dead port 2/2 on $mux $procmux$272.
    dead port 2/2 on $mux $procmux$2768.
    dead port 2/2 on $mux $procmux$2774.
    dead port 2/2 on $mux $procmux$2781.
    dead port 2/2 on $mux $procmux$2798.
    dead port 2/2 on $mux $procmux$2803.
    dead port 2/2 on $mux $procmux$2809.
    dead port 1/2 on $mux $procmux$281.
    dead port 2/2 on $mux $procmux$2816.
    dead port 2/2 on $mux $procmux$283.
    dead port 2/2 on $mux $procmux$2833.
    dead port 2/2 on $mux $procmux$2901.
    dead port 2/2 on $mux $procmux$2911.
    dead port 1/2 on $mux $procmux$292.
    dead port 1/2 on $mux $procmux$2923.
    dead port 2/2 on $mux $procmux$2925.
    dead port 2/2 on $mux $procmux$294.
    dead port 2/2 on $mux $45.
    dead port 2/2 on $mux $procmux$2948.
    dead port 2/2 on $mux $procmux$2950.
    dead port 2/2 on $mux $procmux$2962.
    dead port 1/2 on $mux $procmux$2975.
    dead port 2/2 on $mux $procmux$2977.
    dead port 2/2 on $mux $procmux$2991.
    dead port 2/2 on $mux $procmux$2999.
    dead port 2/2 on $mux $procmux$3023.
    dead port 1/2 on $mux $procmux$303.
    dead port 2/2 on $mux $procmux$3035.
    dead port 2/2 on $mux $procmux$3047.
    dead port 2/2 on $mux $procmux$305.
    dead port 2/2 on $mux $procmux$3138.
    dead port 1/2 on $mux $procmux$314.
    dead port 2/2 on $mux $procmux$3144.
    dead port 2/2 on $mux $procmux$3150.
    dead port 2/2 on $mux $procmux$3156.
    dead port 2/2 on $mux $procmux$316.
    dead port 2/2 on $mux $procmux$3162.
    dead port 2/2 on $mux $procmux$3169.
    dead port 1/2 on $mux $procmux$325.
    dead port 2/2 on $mux $procmux$327.
    dead port 1/5 on $pmux $procmux$3291.
    dead port 2/5 on $pmux $procmux$3291.
    dead port 3/5 on $pmux $procmux$3291.
    dead port 2/2 on $mux $procmux$3306.
    dead port 2/2 on $mux $procmux$3308.
    dead port 2/2 on $mux $procmux$3314.
    dead port 2/2 on $mux $procmux$3316.
    dead port 2/2 on $mux $procmux$3322.
    dead port 2/2 on $mux $procmux$3324.
    dead port 2/2 on $mux $procmux$3330.
    dead port 2/2 on $mux $procmux$3332.
    dead port 2/2 on $mux $procmux$3336.
    dead port 2/2 on $mux $procmux$3338.
    dead port 2/2 on $mux $procmux$3345.
    dead port 2/2 on $mux $procmux$3352.
    dead port 2/2 on $mux $procmux$3359.
    dead port 1/2 on $mux $procmux$336.
    dead port 2/2 on $mux $procmux$3366.
    dead port 2/2 on $mux $procmux$3373.
    dead port 2/2 on $mux $procmux$338.
    dead port 2/2 on $mux $procmux$3382.
    dead port 1/2 on $mux $procmux$3384.
    dead port 2/2 on $mux $procmux$3386.
    dead port 2/2 on $mux $procmux$3395.
    dead port 1/2 on $mux $procmux$3397.
    dead port 2/2 on $mux $procmux$3399.
    dead port 2/2 on $mux $procmux$3408.
    dead port 1/2 on $mux $procmux$3410.
    dead port 2/2 on $mux $procmux$3412.
    dead port 2/2 on $mux $procmux$3436.
    dead port 1/2 on $mux $procmux$3438.
    dead port 2/2 on $mux $procmux$3440.
    dead port 1/7 on $pmux $procmux$3444.
    dead port 1/2 on $mux $procmux$3453.
    dead port 2/2 on $mux $procmux$3455.
    dead port 2/2 on $mux $procmux$3464.
    dead port 1/2 on $mux $procmux$3466.
    dead port 2/2 on $mux $procmux$3468.
    dead port 1/2 on $mux $procmux$3474.
    dead port 2/2 on $mux $procmux$3476.
    dead port 1/3 on $pmux $procmux$3480.
    dead port 1/2 on $mux $procmux$3484.
    dead port 2/2 on $mux $procmux$3486.
    dead port 1/2 on $mux $procmux$3493.
    dead port 2/2 on $mux $procmux$3495.
    dead port 1/2 on $mux $procmux$3503.
    dead port 2/2 on $mux $procmux$3505.
    dead port 1/2 on $mux $procmux$3515.
    dead port 2/2 on $mux $procmux$3517.
    dead port 1/2 on $mux $procmux$3524.
    dead port 2/2 on $mux $procmux$3526.
    dead port 1/2 on $mux $procmux$3534.
    dead port 2/2 on $mux $procmux$3536.
    dead port 2/2 on $mux $procmux$3552.
    dead port 2/2 on $mux $procmux$3558.
    dead port 2/2 on $mux $procmux$3564.
    dead port 2/2 on $mux $procmux$3573.
    dead port 2/2 on $mux $procmux$359.
    dead port 2/2 on $mux $procmux$3614.
    dead port 1/2 on $mux $procmux$3620.
    dead port 1/2 on $mux $procmux$3623.
    dead port 1/2 on $mux $procmux$3626.
    dead port 2/2 on $mux $procmux$3628.
    dead port 1/2 on $mux $procmux$3635.
    dead port 1/2 on $mux $procmux$3638.
    dead port 2/2 on $mux $procmux$3640.
    dead port 1/2 on $mux $procmux$3648.
    dead port 1/2 on $mux $procmux$3651.
    dead port 2/2 on $mux $procmux$3653.
    dead port 1/2 on $mux $procmux$3660.
    dead port 1/2 on $mux $procmux$3663.
    dead port 2/2 on $mux $procmux$3665.
    dead port 1/2 on $mux $procmux$3672.
    dead port 1/2 on $mux $procmux$3675.
    dead port 2/2 on $mux $procmux$3677.
    dead port 1/2 on $mux $procmux$3684.
    dead port 1/2 on $mux $procmux$3687.
    dead port 2/2 on $mux $procmux$3689.
    dead port 2/2 on $mux $procmux$369.
    dead port 1/2 on $mux $procmux$3698.
    dead port 2/2 on $mux $procmux$3700.
    dead port 1/2 on $mux $procmux$3709.
    dead port 2/2 on $mux $procmux$3711.
    dead port 2/2 on $mux $procmux$3717.
    dead port 1/2 on $mux $procmux$3720.
    dead port 2/2 on $mux $procmux$3722.
    dead port 1/2 on $mux $procmux$3730.
    dead port 2/2 on $mux $procmux$3732.
    dead port 1/2 on $mux $procmux$3740.
    dead port 2/2 on $mux $procmux$3742.
    dead port 1/2 on $mux $procmux$3750.
    dead port 2/2 on $mux $procmux$3752.
    dead port 1/2 on $mux $procmux$3760.
    dead port 2/2 on $mux $procmux$3762.
    dead port 1/2 on $mux $procmux$3770.
    dead port 2/2 on $mux $procmux$3772.
    dead port 2/2 on $mux $procmux$3780.
    dead port 2/2 on $mux $procmux$3788.
    dead port 2/2 on $mux $procmux$379.
    dead port 2/2 on $mux $procmux$3796.
    dead port 2/2 on $mux $procmux$3834.
    dead port 2/2 on $mux $procmux$3836.
    dead port 2/2 on $mux $procmux$3838.
    dead port 2/2 on $mux $procmux$3847.
    dead port 2/2 on $mux $procmux$3849.
    dead port 2/2 on $mux $procmux$3851.
    dead port 2/2 on $mux $procmux$3859.
    dead port 2/2 on $mux $procmux$3861.
    dead port 2/2 on $mux $procmux$3863.
    dead port 2/2 on $mux $procmux$3872.
    dead port 2/2 on $mux $procmux$3874.
    dead port 2/2 on $mux $procmux$3876.
    dead port 2/2 on $mux $procmux$388.
    dead port 2/2 on $mux $procmux$3888.
    dead port 2/2 on $mux $procmux$3890.
    dead port 2/2 on $mux $procmux$3892.
    dead port 2/2 on $mux $procmux$3904.
    dead port 2/2 on $mux $procmux$3906.
    dead port 2/2 on $mux $procmux$3908.
    dead port 2/2 on $mux $procmux$3957.
    dead port 2/2 on $mux $procmux$3959.
    dead port 2/2 on $mux $procmux$3961.
    dead port 2/2 on $mux $procmux$397.
    dead port 2/2 on $mux $procmux$3974.
    dead port 2/2 on $mux $procmux$3976.
    dead port 2/2 on $mux $procmux$3978.
    dead port 2/2 on $mux $procmux$4029.
    dead port 2/2 on $mux $procmux$4031.
    dead port 2/2 on $mux $procmux$4033.
    dead port 2/2 on $mux $procmux$4046.
    dead port 2/2 on $mux $procmux$4048.
    dead port 2/2 on $mux $procmux$4050.
    dead port 2/2 on $mux $procmux$406.
    dead port 2/2 on $mux $procmux$4063.
    dead port 2/2 on $mux $procmux$4065.
    dead port 2/2 on $mux $procmux$4067.
    dead port 2/2 on $mux $procmux$4097.
    dead port 2/2 on $mux $procmux$4099.
    dead port 1/2 on $mux $procmux$41.
    dead port 2/2 on $mux $procmux$4101.
    dead port 2/2 on $mux $procmux$4114.
    dead port 2/2 on $mux $procmux$4116.
    dead port 2/2 on $mux $procmux$4118.
    dead port 2/2 on $mux $procmux$4137.
    dead port 2/2 on $mux $procmux$4139.
    dead port 2/2 on $mux $procmux$4141.
    dead port 2/2 on $mux $procmux$415.
    dead port 2/2 on $mux $procmux$4160.
    dead port 2/2 on $mux $procmux$4162.
    dead port 2/2 on $mux $procmux$4164.
    dead port 2/2 on $mux $procmux$4204.
    dead port 2/2 on $mux $procmux$4206.
    dead port 2/2 on $mux $procmux$4208.
    dead port 2/2 on $mux $procmux$4225.
    dead port 2/2 on $mux $procmux$4227.
    dead port 2/2 on $mux $procmux$4229.
    dead port 2/2 on $mux $procmux$424.
    dead port 2/2 on $mux $procmux$4263.
    dead port 2/2 on $mux $procmux$4265.
    dead port 2/2 on $mux $procmux$4278.
    dead port 2/2 on $mux $procmux$4280.
    dead port 2/2 on $mux $procmux$4298.
    dead port 2/2 on $mux $procmux$4300.
    dead port 2/2 on $mux $procmux$4331.
    dead port 2/2 on $mux $procmux$4333.
    dead port 2/2 on $mux $procmux$434.
    dead port 2/2 on $mux $procmux$4369.
    dead port 2/2 on $mux $procmux$4371.
    dead port 2/2 on $mux $procmux$4384.
    dead port 2/2 on $mux $procmux$4386.
    dead port 2/2 on $mux $procmux$4399.
    dead port 2/2 on $mux $procmux$4406.
    dead port 2/2 on $mux $procmux$4413.
    dead port 2/2 on $mux $procmux$4420.
    dead port 2/2 on $mux $procmux$4434.
    dead port 2/2 on $mux $procmux$444.
    dead port 2/2 on $mux $procmux$4441.
    dead port 2/2 on $mux $procmux$4448.
    dead port 2/2 on $mux $procmux$4462.
    dead port 2/2 on $mux $procmux$4469.
    dead port 2/2 on $mux $procmux$4475.
    dead port 2/2 on $mux $procmux$4487.
    dead port 1/2 on $mux $procmux$4497.
    dead port 1/2 on $mux $procmux$4500.
    dead port 1/2 on $mux $procmux$4503.
    dead port 2/2 on $mux $procmux$4505.
    dead port 2/2 on $mux $procmux$4507.
    dead port 1/2 on $mux $procmux$4518.
    dead port 1/2 on $mux $procmux$4521.
    dead port 2/2 on $mux $procmux$4523.
    dead port 2/2 on $mux $procmux$4525.
    dead port 1/2 on $mux $procmux$4536.
    dead port 2/2 on $mux $procmux$4538.
    dead port 2/2 on $mux $procmux$454.
    dead port 2/2 on $mux $procmux$4540.
    dead port 2/2 on $mux $procmux$4551.
    dead port 2/2 on $mux $procmux$4553.
    dead port 2/2 on $mux $procmux$4561.
    dead port 2/2 on $mux $procmux$4563.
    dead port 2/2 on $mux $procmux$4565.
    dead port 2/2 on $mux $procmux$4575.
    dead port 2/2 on $mux $procmux$4577.
    dead port 2/2 on $mux $procmux$4587.
    dead port 2/2 on $mux $procmux$4589.
    dead port 2/2 on $mux $procmux$4598.
    dead port 2/2 on $mux $procmux$4607.
    dead port 2/2 on $mux $procmux$4616.
    dead port 2/2 on $mux $procmux$4625.
    dead port 2/2 on $mux $procmux$4634.
    dead port 2/2 on $mux $procmux$464.
    dead port 2/2 on $mux $procmux$4643.
    dead port 1/2 on $mux $procmux$4653.
    dead port 2/2 on $mux $procmux$4655.
    dead port 2/2 on $mux $procmux$4657.
    dead port 1/2 on $mux $procmux$4667.
    dead port 2/2 on $mux $procmux$4669.
    dead port 2/2 on $mux $procmux$4671.
    dead port 2/2 on $mux $procmux$4682.
    dead port 2/2 on $mux $procmux$4684.
    dead port 2/2 on $mux $procmux$4695.
    dead port 2/2 on $mux $procmux$4697.
    dead port 2/2 on $mux $procmux$4708.
    dead port 2/2 on $mux $procmux$4719.
    dead port 2/2 on $mux $procmux$4729.
    dead port 2/2 on $mux $procmux$474.
    dead port 2/2 on $mux $procmux$4759.
    dead port 2/2 on $mux $procmux$4768.
    dead port 2/2 on $mux $procmux$4770.
    dead port 2/2 on $mux $procmux$4780.
    dead port 2/2 on $mux $procmux$4790.
    dead port 2/2 on $mux $procmux$4801.
    dead port 2/2 on $mux $procmux$4812.
    dead port 2/2 on $mux $procmux$4823.
    dead port 2/2 on $mux $procmux$4834.
    dead port 2/2 on $mux $procmux$484.
    dead port 2/2 on $mux $procmux$4844.
    dead port 2/2 on $mux $procmux$4856.
    dead port 2/2 on $mux $procmux$4868.
    dead port 2/2 on $mux $procmux$494.
    dead port 2/2 on $mux $procmux$504.
    dead port 1/2 on $mux $procmux$5117.
    dead port 1/2 on $mux $procmux$5120.
    dead port 1/2 on $mux $procmux$5126.
    dead port 1/2 on $mux $procmux$5129.
    dead port 1/2 on $mux $procmux$5132.
    dead port 1/2 on $mux $procmux$5135.
    dead port 1/2 on $mux $procmux$5142.
    dead port 1/2 on $mux $procmux$5145.
    dead port 1/2 on $mux $procmux$5151.
    dead port 1/2 on $mux $procmux$5154.
    dead port 1/2 on $mux $procmux$5157.
    dead port 1/2 on $mux $procmux$5160.
    dead port 1/2 on $mux $procmux$5166.
    dead port 1/2 on $mux $procmux$5169.
    dead port 1/2 on $mux $procmux$5175.
    dead port 1/2 on $mux $procmux$5178.
    dead port 1/2 on $mux $procmux$5181.
    dead port 1/2 on $mux $procmux$5184.
    dead port 1/2 on $mux $procmux$5191.
    dead port 1/2 on $mux $procmux$5197.
    dead port 1/3 on $pmux $procmux$520.
    dead port 1/2 on $mux $procmux$5200.
    dead port 1/2 on $mux $procmux$5203.
    dead port 1/2 on $mux $procmux$5206.
    dead port 1/2 on $mux $procmux$5213.
    dead port 1/2 on $mux $procmux$5219.
    dead port 1/2 on $mux $procmux$5222.
    dead port 1/2 on $mux $procmux$5225.
    dead port 1/2 on $mux $procmux$5228.
    dead port 2/2 on $mux $procmux$523.
    dead port 1/2 on $mux $procmux$5234.
    dead port 1/2 on $mux $procmux$5240.
    dead port 1/2 on $mux $procmux$5243.
    dead port 1/2 on $mux $procmux$5246.
    dead port 1/2 on $mux $procmux$5249.
    dead port 1/2 on $mux $procmux$5259.
    dead port 1/2 on $mux $procmux$5262.
    dead port 1/2 on $mux $procmux$5265.
    dead port 1/2 on $mux $procmux$5268.
    dead port 1/2 on $mux $procmux$5278.
    dead port 1/2 on $mux $procmux$5281.
    dead port 1/2 on $mux $procmux$5284.
    dead port 1/2 on $mux $procmux$5287.
    dead port 1/2 on $mux $procmux$5297.
    dead port 1/2 on $mux $procmux$5300.
    dead port 1/2 on $mux $procmux$5303.
    dead port 1/2 on $mux $procmux$5306.
    dead port 1/2 on $mux $procmux$5315.
    dead port 1/2 on $mux $procmux$5318.
    dead port 1/2 on $mux $procmux$5321.
    dead port 1/2 on $mux $procmux$5324.
    dead port 1/2 on $mux $procmux$5331.
    dead port 1/2 on $mux $procmux$5334.
    dead port 1/2 on $mux $procmux$5337.
    dead port 1/2 on $mux $procmux$5340.
    dead port 1/2 on $mux $procmux$5347.
    dead port 1/2 on $mux $procmux$5350.
    dead port 1/2 on $mux $procmux$5353.
    dead port 1/2 on $mux $procmux$5356.
    dead port 1/2 on $mux $procmux$5362.
    dead port 1/2 on $mux $procmux$5365.
    dead port 1/2 on $mux $procmux$5368.
    dead port 1/2 on $mux $procmux$5371.
    dead port 1/2 on $mux $procmux$5378.
    dead port 1/2 on $mux $procmux$5381.
    dead port 1/2 on $mux $procmux$5384.
    dead port 1/2 on $mux $procmux$5387.
    dead port 1/2 on $mux $procmux$5394.
    dead port 1/2 on $mux $procmux$5397.
    dead port 1/2 on $mux $procmux$5400.
    dead port 1/2 on $mux $procmux$5403.
    dead port 1/2 on $mux $procmux$5410.
    dead port 1/2 on $mux $procmux$5413.
    dead port 1/2 on $mux $procmux$5416.
    dead port 1/2 on $mux $procmux$5423.
    dead port 1/2 on $mux $procmux$5426.
    dead port 1/2 on $mux $procmux$5429.
    dead port 1/2 on $mux $procmux$5436.
    dead port 1/2 on $mux $procmux$5439.
    dead port 1/2 on $mux $procmux$5442.
    dead port 1/2 on $mux $procmux$5449.
    dead port 1/2 on $mux $procmux$5452.
    dead port 1/2 on $mux $procmux$5455.
    dead port 1/2 on $mux $procmux$5462.
    dead port 1/2 on $mux $procmux$5465.
    dead port 1/2 on $mux $procmux$5468.
    dead port 1/2 on $mux $procmux$5474.
    dead port 1/2 on $mux $procmux$5477.
    dead port 1/2 on $mux $procmux$5480.
    dead port 1/2 on $mux $procmux$5487.
    dead port 1/2 on $mux $procmux$5490.
    dead port 1/2 on $mux $procmux$5497.
    dead port 1/2 on $mux $procmux$55.
    dead port 1/2 on $mux $procmux$5500.
    dead port 1/2 on $mux $procmux$5507.
    dead port 1/2 on $mux $procmux$5510.
    dead port 1/2 on $mux $procmux$5517.
    dead port 1/2 on $mux $procmux$5520.
    dead port 1/2 on $mux $procmux$5527.
    dead port 1/2 on $mux $procmux$5530.
    dead port 1/2 on $mux $procmux$5537.
    dead port 1/2 on $mux $procmux$5540.
    dead port 1/2 on $mux $procmux$5546.
    dead port 1/2 on $mux $procmux$5549.
    dead port 1/2 on $mux $procmux$5556.
    dead port 1/2 on $mux $procmux$5563.
    dead port 1/2 on $mux $procmux$5570.
    dead port 1/2 on $mux $procmux$5577.
    dead port 1/2 on $mux $procmux$5584.
    dead port 1/2 on $mux $procmux$5591.
    dead port 1/2 on $mux $procmux$5598.
    dead port 1/2 on $mux $procmux$5604.
    dead port 1/2 on $mux $procmux$5646.
    dead port 2/2 on $mux $procmux$5648.
    dead port 2/2 on $mux $procmux$5655.
    dead port 2/2 on $mux $procmux$5660.
    dead port 2/2 on $mux $procmux$5667.
    dead port 2/2 on $mux $procmux$5672.
    dead port 2/2 on $mux $procmux$5674.
    dead port 2/2 on $mux $procmux$5679.
    dead port 2/2 on $mux $procmux$5681.
    dead port 2/2 on $mux $procmux$5686.
    dead port 2/2 on $mux $procmux$5688.
    dead port 2/2 on $mux $procmux$5693.
    dead port 2/2 on $mux $procmux$5695.
    dead port 2/2 on $mux $procmux$5702.
    dead port 2/2 on $mux $procmux$5710.
    dead port 2/2 on $mux $procmux$5718.
    dead port 2/2 on $mux $procmux$1000.
    dead port 1/2 on $mux $procmux$10000.
    dead port 2/2 on $mux $procmux$5725.
    dead port 2/2 on $mux $procmux$10002.
    dead port 1/2 on $mux $procmux$5737.
    dead port 2/2 on $mux $procmux$5739.
    dead port 1/2 on $mux $procmux$5755.
    dead port 2/2 on $mux $procmux$5757.
    dead port 2/2 on $mux $procmux$10004.
    dead port 1/2 on $mux $procmux$10016.
    dead port 2/2 on $mux $procmux$10018.
    dead port 2/2 on $mux $procmux$10020.
    dead port 1/2 on $mux $procmux$5782.
    dead port 2/2 on $mux $procmux$5784.
    dead port 2/2 on $mux $procmux$5793.
    dead port 1/2 on $mux $procmux$10032.
    dead port 2/2 on $mux $procmux$5802.
    dead port 2/2 on $mux $procmux$10034.
    dead port 2/2 on $mux $procmux$5811.
    dead port 2/2 on $mux $procmux$5818.
    dead port 2/2 on $mux $procmux$5820.
    dead port 1/2 on $mux $procmux$5829.
    dead port 2/2 on $mux $procmux$5831.
    dead port 2/2 on $mux $procmux$10036.
    dead port 2/2 on $mux $procmux$5833.
    dead port 2/2 on $mux $procmux$5843.
    dead port 2/2 on $mux $procmux$5845.
    dead port 2/2 on $mux $procmux$10047.
    dead port 2/2 on $mux $procmux$5852.
    dead port 2/2 on $mux $procmux$5854.
    dead port 2/2 on $mux $procmux$10049.
    dead port 2/2 on $mux $procmux$10057.
    dead port 2/2 on $mux $procmux$5870.
    dead port 2/2 on $mux $procmux$10059.
    dead port 2/2 on $mux $procmux$5882.
    dead port 2/2 on $mux $procmux$5894.
    dead port 1/2 on $mux $procmux$5906.
    dead port 2/2 on $mux $procmux$5908.
    dead port 1/2 on $mux $procmux$5920.
    dead port 2/2 on $mux $procmux$5922.
    dead port 2/2 on $mux $procmux$10067.
    dead port 1/2 on $mux $procmux$5934.
    dead port 2/2 on $mux $procmux$5936.
    dead port 1/2 on $mux $procmux$5948.
    dead port 2/2 on $mux $procmux$5950.
    dead port 2/2 on $mux $procmux$10069.
    dead port 2/2 on $mux $procmux$5964.
    dead port 2/2 on $mux $procmux$5978.
    dead port 2/2 on $mux $procmux$5993.
    dead port 2/2 on $mux $procmux$10080.
    dead port 2/2 on $mux $procmux$6008.
    dead port 2/2 on $mux $procmux$10082.
    dead port 2/2 on $mux $procmux$10094.
    dead port 2/2 on $mux $procmux$10096.
    dead port 2/2 on $mux $procmux$6027.
    dead port 2/2 on $mux $procmux$6041.
    dead port 2/2 on $mux $procmux$6056.
    dead port 2/2 on $mux $procmux$6070.
    dead port 2/2 on $mux $procmux$10106.
    dead port 2/2 on $mux $procmux$6085.
    dead port 2/2 on $mux $procmux$6100.
    dead port 2/2 on $mux $procmux$6115.
    dead port 2/2 on $mux $procmux$10108.
    dead port 2/2 on $mux $procmux$6130.
    dead port 2/2 on $mux $procmux$134.
    dead port 2/2 on $mux $procmux$6146.
    dead port 2/2 on $mux $procmux$10122.
    dead port 2/2 on $mux $procmux$10136.
    dead port 2/2 on $mux $procmux$10141.
    dead port 2/2 on $mux $procmux$10143.
    dead port 2/2 on $mux $procmux$10145.
    dead port 2/2 on $mux $procmux$10147.
    dead port 2/2 on $mux $procmux$10153.
    dead port 2/2 on $mux $procmux$10155.
    dead port 2/2 on $mux $procmux$10157.
    dead port 2/2 on $mux $procmux$10159.
    dead port 2/2 on $mux $procmux$6265.
    dead port 2/2 on $mux $procmux$6271.
    dead port 2/2 on $mux $procmux$6295.
    dead port 2/2 on $mux $procmux$6301.
    dead port 1/2 on $mux $procmux$635.
    dead port 1/2 on $mux $procmux$637.
    dead port 1/2 on $mux $procmux$640.
    dead port 2/2 on $mux $procmux$642.
    dead port 2/2 on $mux $procmux$66.
    dead port 2/2 on $mux $procmux$680.
    dead port 2/2 on $mux $procmux$682.
    dead port 2/2 on $mux $procmux$705.
    dead port 2/2 on $mux $procmux$707.
    dead port 2/2 on $mux $procmux$10168.
    dead port 2/2 on $mux $procmux$715.
    dead port 2/2 on $mux $procmux$723.
    dead port 2/2 on $mux $procmux$10170.
    dead port 2/2 on $mux $procmux$10172.
    dead port 2/2 on $mux $procmux$10185.
    dead port 2/2 on $mux $procmux$10187.
    dead port 2/2 on $mux $procmux$10189.
    dead port 2/2 on $mux $procmux$10200.
    dead port 2/2 on $mux $procmux$10202.
    dead port 2/2 on $mux $procmux$10211.
    dead port 2/2 on $mux $procmux$10213.
    dead port 2/2 on $mux $procmux$732.
    dead port 2/2 on $mux $procmux$10215.
    dead port 2/2 on $mux $procmux$10222.
    dead port 2/2 on $mux $procmux$10224.
    dead port 2/2 on $mux $procmux$10226.
    dead port 2/2 on $mux $procmux$10236.
    dead port 2/2 on $mux $procmux$10238.
    dead port 2/2 on $mux $procmux$1024.
    dead port 2/2 on $mux $procmux$10247.
    dead port 2/2 on $mux $procmux$10249.
    dead port 2/2 on $mux $procmux$10256.
    dead port 2/2 on $mux $procmux$10258.
    dead port 2/2 on $mux $procmux$742.
    dead port 2/2 on $mux $procmux$754.
    dead port 2/2 on $mux $procmux$765.
    dead port 2/2 on $mux $procmux$7711.
    dead port 2/2 on $mux $procmux$7791.
    dead port 2/2 on $mux $procmux$10266.
    dead port 1/2 on $mux $procmux$7819.
    dead port 2/2 on $mux $procmux$7821.
    dead port 2/2 on $mux $procmux$10268.
    dead port 1/2 on $mux $procmux$7833.
    dead port 2/2 on $mux $procmux$7835.
    dead port 2/2 on $mux $procmux$7855.
    dead port 2/2 on $mux $procmux$7864.
    dead port 2/2 on $mux $procmux$7866.
    dead port 2/2 on $mux $procmux$7879.
    dead port 2/2 on $mux $procmux$7881.
    dead port 2/2 on $mux $procmux$7890.
    dead port 2/2 on $mux $procmux$7892.
    dead port 2/2 on $mux $procmux$7905.
    dead port 2/2 on $mux $procmux$7907.
    dead port 2/2 on $mux $procmux$7917.
    dead port 2/2 on $mux $procmux$7919.
    dead port 2/2 on $mux $procmux$10281.
    dead port 2/2 on $mux $procmux$7930.
    dead port 2/2 on $mux $procmux$7932.
    dead port 2/2 on $mux $procmux$10290.
    dead port 2/2 on $mux $procmux$7944.
    dead port 2/2 on $mux $procmux$7946.
    dead port 2/2 on $mux $procmux$7955.
    dead port 2/2 on $mux $procmux$10292.
    dead port 2/2 on $mux $procmux$796.
    dead port 2/2 on $mux $procmux$7964.
    dead port 2/2 on $mux $procmux$7991.
    dead port 2/2 on $mux $procmux$8009.
    dead port 2/2 on $mux $procmux$8018.
    dead port 2/2 on $mux $procmux$8027.
    dead port 2/2 on $mux $procmux$8036.
    dead port 2/2 on $mux $procmux$10302.
    dead port 2/2 on $mux $procmux$8045.
    dead port 2/2 on $mux $procmux$8054.
    dead port 2/2 on $mux $procmux$10308.
    dead port 2/2 on $mux $procmux$8074.
    dead port 2/2 on $mux $procmux$8076.
    dead port 2/2 on $mux $procmux$8086.
    dead port 2/2 on $mux $procmux$10310.
    dead port 2/2 on $mux $procmux$8096.
    dead port 2/2 on $mux $procmux$10316.
    dead port 2/2 on $mux $procmux$810.
    dead port 2/2 on $mux $procmux$10318.
    dead port 2/2 on $mux $procmux$8106.
    dead port 2/2 on $mux $procmux$10325.
    dead port 2/2 on $mux $procmux$8126.
    dead port 1/2 on $mux $procmux$8145.
    dead port 2/2 on $mux $procmux$8147.
    dead port 2/2 on $mux $procmux$10327.
    dead port 2/2 on $mux $procmux$10336.
    dead port 1/2 on $mux $procmux$8162.
    dead port 2/2 on $mux $procmux$8164.
    dead port 2/2 on $mux $procmux$10338.
    dead port 2/2 on $mux $procmux$10347.
    dead port 2/2 on $mux $procmux$10349.
    dead port 1/2 on $mux $procmux$8181.
    dead port 2/2 on $mux $procmux$8183.
    dead port 2/2 on $mux $procmux$8194.
    dead port 2/2 on $mux $procmux$10362.
    dead port 2/2 on $mux $procmux$8205.
    dead port 2/2 on $mux $procmux$8216.
    dead port 2/2 on $mux $procmux$10364.
    dead port 2/2 on $mux $procmux$8227.
    dead port 1/2 on $mux $procmux$8230.
    dead port 2/2 on $mux $procmux$8232.
    dead port 2/2 on $mux $procmux$8234.
    dead port 2/2 on $mux $procmux$8246.
    dead port 1/2 on $mux $procmux$8249.
    dead port 2/2 on $mux $procmux$10375.
    dead port 2/2 on $mux $procmux$825.
    dead port 2/2 on $mux $procmux$8251.
    dead port 2/2 on $mux $procmux$8253.
    dead port 2/2 on $mux $procmux$10377.
    dead port 2/2 on $mux $procmux$8264.
    dead port 1/2 on $mux $procmux$8267.
    dead port 2/2 on $mux $procmux$8269.
    dead port 2/2 on $mux $procmux$8271.
    dead port 2/2 on $mux $procmux$8282.
    dead port 1/2 on $mux $procmux$8285.
    dead port 2/2 on $mux $procmux$8287.
    dead port 2/2 on $mux $procmux$8289.
    dead port 1/2 on $mux $procmux$8305.
    dead port 2/2 on $mux $procmux$8307.
    dead port 2/2 on $mux $procmux$8309.
    dead port 2/2 on $mux $procmux$8321.
    dead port 2/2 on $mux $procmux$10389.
    dead port 2/2 on $mux $procmux$8323.
    dead port 2/2 on $mux $procmux$8336.
    dead port 2/2 on $mux $procmux$8338.
    dead port 2/2 on $mux $procmux$8340.
    dead port 2/2 on $mux $procmux$8353.
    dead port 2/2 on $mux $procmux$8355.
    dead port 2/2 on $mux $procmux$8357.
    dead port 2/2 on $mux $procmux$8373.
    dead port 2/2 on $mux $procmux$10402.
    dead port 2/2 on $mux $procmux$8375.
    dead port 2/2 on $mux $procmux$8389.
    dead port 2/2 on $mux $procmux$8397.
    dead port 2/2 on $mux $procmux$8418.
    dead port 2/2 on $mux $procmux$842.
    dead port 2/2 on $mux $procmux$8478.
    dead port 2/2 on $mux $procmux$8514.
    dead port 2/2 on $mux $procmux$8516.
    dead port 2/2 on $mux $procmux$8546.
    dead port 2/2 on $mux $procmux$8548.
    dead port 2/2 on $mux $procmux$8562.
    dead port 2/2 on $mux $procmux$8564.
    dead port 2/2 on $mux $procmux$8578.
    dead port 2/2 on $mux $procmux$8580.
    dead port 2/2 on $mux $procmux$859.
    dead port 2/2 on $mux $procmux$8596.
    dead port 2/2 on $mux $procmux$8624.
    dead port 2/2 on $mux $procmux$8641.
    dead port 2/2 on $mux $procmux$8655.
    dead port 2/2 on $mux $procmux$8669.
    dead port 2/2 on $mux $procmux$10462.
    dead port 2/2 on $mux $procmux$8701.
    dead port 2/2 on $mux $procmux$8703.
    dead port 2/2 on $mux $procmux$8718.
    dead port 1/2 on $mux $procmux$8721.
    dead port 2/2 on $mux $procmux$8723.
    dead port 2/2 on $mux $procmux$8738.
    dead port 1/2 on $mux $procmux$8741.
    dead port 2/2 on $mux $procmux$8743.
    dead port 2/2 on $mux $procmux$876.
    dead port 2/2 on $mux $procmux$8778.
    dead port 1/2 on $mux $procmux$8781.
    dead port 2/2 on $mux $procmux$8783.
    dead port 2/2 on $mux $procmux$8798.
    dead port 1/2 on $mux $procmux$8801.
    dead port 2/2 on $mux $procmux$8803.
    dead port 1/2 on $mux $procmux$8819.
    dead port 2/2 on $mux $procmux$8821.
    dead port 1/2 on $mux $procmux$8855.
    dead port 2/2 on $mux $procmux$8857.
    dead port 1/2 on $mux $procmux$8873.
    dead port 2/2 on $mux $procmux$8875.
    dead port 1/2 on $mux $procmux$8891.
    dead port 2/2 on $mux $procmux$8893.
    dead port 2/2 on $mux $procmux$8909.
    dead port 2/2 on $mux $procmux$894.
    dead port 2/2 on $mux $procmux$8941.
    dead port 2/2 on $mux $procmux$8957.
    dead port 2/2 on $mux $procmux$8973.
    dead port 2/2 on $mux $procmux$8989.
    dead port 2/2 on $mux $procmux$9021.
    dead port 2/2 on $mux $procmux$9041.
    dead port 2/2 on $mux $procmux$9061.
    dead port 2/2 on $mux $procmux$9080.
    dead port 2/2 on $mux $procmux$9099.
    dead port 2/2 on $mux $procmux$913.
    dead port 2/2 on $mux $procmux$9246.
    dead port 2/2 on $mux $procmux$9264.
    dead port 2/2 on $mux $procmux$9282.
    dead port 2/2 on $mux $procmux$9293.
    dead port 2/2 on $mux $procmux$9329.
    dead port 2/2 on $mux $procmux$933.
    dead port 2/2 on $mux $procmux$1101.
    dead port 2/2 on $mux $procmux$9350.
    dead port 2/2 on $mux $procmux$9369.
    dead port 2/2 on $mux $procmux$9386.
    dead port 2/2 on $mux $procmux$1106.
    dead port 2/2 on $mux $procmux$9476.
    dead port 2/2 on $mux $procmux$9495.
    dead port 2/2 on $mux $procmux$1113.
    dead port 2/2 on $mux $procmux$9514.
    dead port 2/2 on $mux $procmux$1119.
    dead port 2/2 on $mux $procmux$1127.
    dead port 2/2 on $mux $procmux$1134.
    dead port 2/2 on $mux $procmux$1179.
    dead port 2/2 on $mux $procmux$954.
    dead port 2/2 on $mux $procmux$1225.
    dead port 2/2 on $mux $procmux$127.
    dead port 2/2 on $mux $procmux$1275.
    dead port 2/2 on $mux $procmux$1326.
    dead port 2/2 on $mux $procmux$9641.
    dead port 2/2 on $mux $procmux$976.
    dead port 2/2 on $mux $procmux$9915.
    dead port 2/2 on $mux $procmux$9917.
    dead port 2/2 on $mux $procmux$9921.
    dead port 2/2 on $mux $procmux$9923.
    dead port 2/2 on $mux $procmux$9929.
    dead port 2/2 on $mux $procmux$9931.
    dead port 2/2 on $mux $procmux$9937.
    dead port 2/2 on $mux $procmux$9939.
    dead port 1/2 on $mux $procmux$9950.
    dead port 2/2 on $mux $procmux$9953.
    dead port 2/2 on $mux $procmux$9955.
    dead port 2/2 on $mux $procmux$9957.
    dead port 2/2 on $mux $procmux$9969.
    dead port 2/2 on $mux $procmux$9971.
    dead port 2/2 on $mux $procmux$9973.
    dead port 2/2 on $mux $procmux$9985.
    dead port 2/2 on $mux $procmux$9987.
    dead port 1/2 on $mux $procmux$9998.
Removed 804 multiplexer ports.
<suppressed ~2089 debug messages>

26. Executing OPT_REDUCE pass (consolidate $*mux and $reduce_* inputs).
  Optimizing cells in module \chipus_ibex_wrapper.
    New ctrl vector for $pmux cell $procmux$1406: $auto$opt_reduce.cc:137:opt_pmux$10497
    New ctrl vector for $pmux cell $procmux$1413: { $procmux$1385_CMP $procmux$1023_CMP $procmux$1378_CMP $procmux$1377_CMP $procmux$1376_CMP $774y $procmux$1327_CMP $775y $procmux$1372_CMP $procmux$1371_CMP $procmux$1370_CMP $procmux$1347_CMP $procmux$1346_CMP $procmux$1345_CMP $procmux$1344_CMP $procmux$1343_CMP $procmux$1342_CTRL $procmux$1341_CTRL $procmux$1340_CTRL $procmux$1421_CTRL $procmux$1420_CTRL $procmux$1337_CMP }
    New ctrl vector for $pmux cell $procmux$3444: { \u_ibex_top.u_ibex_core.id_stage_i.multdiv_en_dec \u_ibex_top.u_ibex_core.id_stage_i.branch_in_dec $auto$opt_reduce.cc:137:opt_pmux$10499 }
    New ctrl vector for $pmux cell $procmux$4285: { \u_ibex_top.u_ibex_core.id_stage_i.controller_i.instr_fetch_err_prio \u_ibex_top.u_ibex_core.id_stage_i.controller_i.illegal_insn_prio $auto$opt_reduce.cc:137:opt_pmux$10501 \u_ibex_top.u_ibex_core.id_stage_i.controller_i.cheriot_asr_err_prio }
    New ctrl vector for $pmux cell $procmux$4353: { \u_ibex_top.u_ibex_core.id_stage_i.controller_i.instr_fetch_err_prio \u_ibex_top.u_ibex_core.id_stage_i.controller_i.illegal_insn_prio \u_ibex_top.u_ibex_core.id_stage_i.controller_i.ecall_insn_prio \u_ibex_top.u_ibex_core.id_stage_i.controller_i.ebrk_insn_prio \u_ibex_top.u_ibex_core.id_stage_i.controller_i.store_err_prio \u_ibex_top.u_ibex_core.id_stage_i.controller_i.load_err_prio \u_ibex_top.u_ibex_core.id_stage_i.controller_i.cheriot_asr_err_prio }
    New ctrl vector for $pmux cell $procmux$4872: { $procmux$4887_CMP $procmux$4886_CMP $procmux$4885_CMP $procmux$4857_CMP $procmux$4802_CMP $procmux$4658_CMP $auto$opt_reduce.cc:137:opt_pmux$10503 $procmux$3615_CMP }
    New ctrl vector for $pmux cell $procmux$4890: { $auto$opt_reduce.cc:137:opt_pmux$10505 $procmux$3615_CMP }
    New ctrl vector for $pmux cell $procmux$4908: { $procmux$4802_CMP $procmux$4658_CMP $auto$opt_reduce.cc:137:opt_pmux$10507 }
    New ctrl vector for $pmux cell $procmux$4919: { $auto$opt_reduce.cc:137:opt_pmux$10509 $procmux$3615_CMP }
    New ctrl vector for $pmux cell $procmux$4948: $procmux$3615_CMP
    New ctrl vector for $pmux cell $procmux$5006: { $auto$opt_reduce.cc:137:opt_pmux$10511 $procmux$3615_CMP }
    New ctrl vector for $pmux cell $procmux$5014: { $procmux$4658_CMP $auto$opt_reduce.cc:137:opt_pmux$10513 $procmux$3615_CMP }
    New ctrl vector for $pmux cell $procmux$5025: { $procmux$4658_CMP $procmux$4508_CMP $auto$opt_reduce.cc:137:opt_pmux$10515 $procmux$3615_CMP }
    New ctrl vector for $pmux cell $procmux$5037: $auto$opt_reduce.cc:137:opt_pmux$10517
    New ctrl vector for $pmux cell $procmux$1857: { $1769y $procmux$1821_CMP $procmux$1729_CMP $procmux$1689_CMP $procmux$1648_CMP }
    New ctrl vector for $pmux cell $procmux$5715: $auto$opt_reduce.cc:137:opt_pmux$10519
    New ctrl vector for $pmux cell $procmux$5731: $auto$opt_reduce.cc:137:opt_pmux$10521
    New ctrl vector for $pmux cell $procmux$5749: $auto$opt_reduce.cc:137:opt_pmux$10523
    New ctrl vector for $pmux cell $procmux$5763: { $procmux$5779_CMP $procmux$5778_CMP $procmux$5777_CMP $procmux$5776_CMP $procmux$5775_CMP $procmux$5774_CMP $procmux$5773_CMP $procmux$5772_CMP $auto$opt_reduce.cc:137:opt_pmux$10525 }
    New ctrl vector for $pmux cell $procmux$2685: { $1769y $procmux$1821_CMP $procmux$1689_CMP }
    New ctrl vector for $pmux cell $procmux$2697: { $1769y $procmux$1821_CMP $procmux$1729_CMP $procmux$1689_CMP $procmux$1648_CMP }
    New ctrl vector for $pmux cell $procmux$101: { $1266y $1267y $auto$opt_reduce.cc:137:opt_pmux$10527 }
    New ctrl vector for $pmux cell $procmux$2733: { $procmux$1689_CMP $auto$opt_reduce.cc:137:opt_pmux$10529 }
    New ctrl vector for $pmux cell $procmux$2747: { $1769y $auto$opt_reduce.cc:137:opt_pmux$10531 }
    New ctrl vector for $pmux cell $procmux$10111: { $procmux$10095_CMP $procmux$10081_CMP $procmux$10003_CMP $auto$opt_reduce.cc:137:opt_pmux$10533 }
    New ctrl vector for $pmux cell $procmux$6162: { $procmux$5909_CMP $procmux$5883_CMP $procmux$5740_CMP }
    New ctrl vector for $pmux cell $procmux$6179: { $procmux$6042_CMP $procmux$5909_CMP $auto$opt_reduce.cc:137:opt_pmux$10537 $auto$opt_reduce.cc:137:opt_pmux$10535 $procmux$5675_CMP $procmux$5649_CMP }
    New ctrl vector for $pmux cell $procmux$10126: { $procmux$10095_CMP $procmux$10081_CMP $procmux$10003_CMP $procmux$10128_CMP }
    New ctrl vector for $pmux cell $procmux$6200: { $procmux$5909_CMP $auto$opt_reduce.cc:137:opt_pmux$10539 $procmux$5821_CMP $procmux$5740_CMP $procmux$5675_CMP }
    New ctrl vector for $pmux cell $procmux$6220: { $procmux$6101_CMP $procmux$6042_CMP $procmux$5909_CMP $procmux$5883_CMP $auto$opt_reduce.cc:137:opt_pmux$10541 $procmux$5675_CMP }
    New ctrl vector for $pmux cell $procmux$10164: $auto$opt_reduce.cc:137:opt_pmux$10543
    New ctrl vector for $pmux cell $procmux$7828: $auto$opt_reduce.cc:137:opt_pmux$10545
    New ctrl vector for $pmux cell $procmux$7873: $auto$opt_reduce.cc:137:opt_pmux$10547
    New ctrl vector for $pmux cell $procmux$8093: $auto$opt_reduce.cc:137:opt_pmux$10549
    New ctrl vector for $pmux cell $procmux$8134: $auto$opt_reduce.cc:137:opt_pmux$10551
    New ctrl vector for $pmux cell $procmux$8156: { $procmux$8140_CMP $auto$opt_reduce.cc:137:opt_pmux$10553 }
    New ctrl vector for $pmux cell $procmux$8172: { $auto$opt_reduce.cc:137:opt_pmux$10559 $auto$opt_reduce.cc:137:opt_pmux$10557 $auto$opt_reduce.cc:137:opt_pmux$10555 }
    New ctrl vector for $pmux cell $procmux$10382: { $procmux$10095_CMP $auto$opt_reduce.cc:137:opt_pmux$10561 }
    New ctrl vector for $pmux cell $procmux$8300: $procmux$8303_CTRL
    New ctrl vector for $pmux cell $procmux$3067: $auto$opt_reduce.cc:137:opt_pmux$10563
    New ctrl vector for $pmux cell $procmux$10395: { $procmux$10095_CMP $procmux$10081_CMP $procmux$10128_CMP }
    New ctrl vector for $pmux cell $procmux$8368: { $procmux$8303_CMP [0] $procmux$8337_CMP }
    New ctrl vector for $pmux cell $procmux$3111: { $procmux$3010_CMP $auto$opt_reduce.cc:137:opt_pmux$10565 $procmux$2992_CMP }
    New ctrl vector for $pmux cell $procmux$3125: $auto$opt_reduce.cc:137:opt_pmux$10567
    New ctrl vector for $pmux cell $procmux$3178: { $auto$opt_reduce.cc:137:opt_pmux$10571 $auto$opt_reduce.cc:137:opt_pmux$10569 }
    New ctrl vector for $pmux cell $procmux$3185: { $auto$opt_reduce.cc:137:opt_pmux$10575 $auto$opt_reduce.cc:137:opt_pmux$10573 }
    New ctrl vector for $pmux cell $procmux$3192: { $procmux$3170_CMP $procmux$3139_CMP $auto$opt_reduce.cc:137:opt_pmux$10577 }
    New ctrl vector for $pmux cell $procmux$3199: { $auto$opt_reduce.cc:137:opt_pmux$10581 $auto$opt_reduce.cc:137:opt_pmux$10579 }
    New ctrl vector for $pmux cell $procmux$3206: { $auto$opt_reduce.cc:137:opt_pmux$10585 $auto$opt_reduce.cc:137:opt_pmux$10583 }
    New ctrl vector for $pmux cell $procmux$9524: { $procmux$9351_CMP $procmux$9042_CMP $auto$opt_reduce.cc:137:opt_pmux$10587 $procmux$7822_CMP }
    New ctrl vector for $pmux cell $procmux$9551: { $procmux$9042_CMP $procmux$8990_CMP $procmux$8724_CMP $procmux$8517_CMP $auto$opt_reduce.cc:137:opt_pmux$10589 $procmux$8235_CMP $procmux$8148_CMP $procmux$8077_CMP $procmux$7822_CMP }
    New ctrl vector for $pmux cell $procmux$1330: { $procmux$1421_CTRL $procmux$1420_CTRL $auto$opt_reduce.cc:137:opt_pmux$10591 }
    New ctrl vector for $pmux cell $procmux$9678: { $auto$opt_reduce.cc:137:opt_pmux$10593 $procmux$8077_CMP }
    New ctrl vector for $pmux cell $procmux$9747: $auto$opt_reduce.cc:137:opt_pmux$10595
    New input vector for $reduce_or cell $auto$opt_reduce.cc:131:opt_pmux$10590: { $procmux$1386_CMP $procmux$1385_CMP $procmux$1384_CMP $procmux$1383_CMP $procmux$1382_CMP $procmux$1380_CMP $procmux$1379_CMP $procmux$1378_CMP $procmux$1377_CMP $procmux$1376_CMP $procmux$1372_CMP $procmux$1371_CMP $procmux$1370_CMP $procmux$1347_CMP $procmux$1346_CMP $procmux$1345_CMP $procmux$1344_CMP $procmux$1343_CMP $procmux$1342_CMP $procmux$1341_CMP [30:2] $procmux$1341_CMP [0] $procmux$1340_CMP [30:2] $procmux$1340_CMP [0] $procmux$1337_CMP $procmux$1336_CMP $procmux$1327_CMP $procmux$1023_CMP $1903y $1902y $1901y $1900y $1899y $1898y $1897y $1896y $1895y $1894y $1893y $1892y $1891y $1890y $1889y $1888y $1887y $1886y $1885y $1884y $1271y $1270y $775y $774y }
    New input vector for $reduce_or cell $auto$opt_reduce.cc:131:opt_pmux$10560: { $procmux$10114_CMP $procmux$10113_CMP $procmux$10112_CMP $procmux$10058_CMP $procmux$10003_CMP }
    New input vector for $reduce_or cell $auto$opt_reduce.cc:131:opt_pmux$10542: { $procmux$10167_CMP $procmux$10154_CMP $procmux$10142_CMP }
    New input vector for $reduce_or cell $auto$opt_reduce.cc:131:opt_pmux$10550: { $procmux$8143_CMP $procmux$8142_CMP $procmux$8141_CMP $procmux$8140_CMP $procmux$8139_CMP $procmux$8138_CMP $procmux$8137_CMP $procmux$8136_CMP $procmux$8135_CMP }
  Optimizing cells in module \chipus_ibex_wrapper.
Performed a total of 93 changes.

27. Executing OPT_MERGE pass (detect identical cells).
Finding identical cells in module `\chipus_ibex_wrapper'.
Computing hashes of 1709 cells of `\chipus_ibex_wrapper'.
Finding duplicate cells in `\chipus_ibex_wrapper'.
Computing hashes of 1671 cells of `\chipus_ibex_wrapper'.
Finding duplicate cells in `\chipus_ibex_wrapper'.
Computing hashes of 1662 cells of `\chipus_ibex_wrapper'.
Finding duplicate cells in `\chipus_ibex_wrapper'.
Computing hashes of 1661 cells of `\chipus_ibex_wrapper'.
Finding duplicate cells in `\chipus_ibex_wrapper'.
<suppressed ~144 debug messages>
Removed a total of 48 cells.

28. Executing OPT_DFF pass (perform DFF optimizations).
Changing const-value async load to async reset on $driver$u_ibex_top.u_ibex_core.load_store_unit_i.rdata_q ($aldff) from module chipus_ibex_wrapper.
Changing const-value async load to async reset on $driver$u_ibex_top.u_ibex_core.load_store_unit_i.rdata_offset_q ($aldff) from module chipus_ibex_wrapper.
Changing const-value async load to async reset on $driver$u_ibex_top.u_ibex_core.load_store_unit_i.pmp_err_q ($aldff) from module chipus_ibex_wrapper.
Changing const-value async load to async reset on $driver$u_ibex_top.u_ibex_core.load_store_unit_i.lsu_err_q ($aldff) from module chipus_ibex_wrapper.
Changing const-value async load to async reset on $driver$u_ibex_top.u_ibex_core.load_store_unit_i.ls_fsm_cs ($aldff) from module chipus_ibex_wrapper.
Changing const-value async load to async reset on $driver$u_ibex_top.u_ibex_core.load_store_unit_i.handle_misaligned_q ($aldff) from module chipus_ibex_wrapper.
Changing const-value async load to async reset on $driver$u_ibex_top.u_ibex_core.load_store_unit_i.data_we_q ($aldff) from module chipus_ibex_wrapper.
Changing const-value async load to async reset on $driver$u_ibex_top.u_ibex_core.load_store_unit_i.data_type_q ($aldff) from module chipus_ibex_wrapper.
Changing const-value async load to async reset on $driver$u_ibex_top.u_ibex_core.load_store_unit_i.data_sign_ext_q ($aldff) from module chipus_ibex_wrapper.
Changing const-value async load to async reset on $driver$u_ibex_top.u_ibex_core.load_store_unit_i.addr_last_q ($aldff) from module chipus_ibex_wrapper.
Changing const-value async load to async reset on $driver$u_ibex_top.u_ibex_core.if_stage_i.instr_valid_id_q ($aldff) from module chipus_ibex_wrapper.
Changing const-value async load to async reset on $driver$u_ibex_top.u_ibex_core.if_stage_i.gen_prefetch_buffer.prefetch_buffer_i.valid_req_q ($aldff) from module chipus_ibex_wrapper.
Changing const-value async load to async reset on $driver$u_ibex_top.u_ibex_core.if_stage_i.gen_prefetch_buffer.prefetch_buffer_i.rdata_outstanding_q ($aldff) from module chipus_ibex_wrapper.
Changing const-value async load to async reset on $driver$u_ibex_top.u_ibex_core.if_stage_i.gen_prefetch_buffer.prefetch_buffer_i.fifo_i.valid_q ($aldff) from module chipus_ibex_wrapper.
Changing const-value async load to async reset on $driver$u_ibex_top.u_ibex_core.if_stage_i.gen_prefetch_buffer.prefetch_buffer_i.discard_req_q ($aldff) from module chipus_ibex_wrapper.
Changing const-value async load to async reset on $driver$u_ibex_top.u_ibex_core.if_stage_i.gen_prefetch_buffer.prefetch_buffer_i.branch_discard_q ($aldff) from module chipus_ibex_wrapper.
Changing const-value async load to async reset on $driver$u_ibex_top.u_ibex_core.id_stage_i.imd_val_q[1] ($aldff) from module chipus_ibex_wrapper.
Changing const-value async load to async reset on $driver$u_ibex_top.u_ibex_core.id_stage_i.imd_val_q[0] ($aldff) from module chipus_ibex_wrapper.
Changing const-value async load to async reset on $driver$u_ibex_top.u_ibex_core.id_stage_i.id_fsm_q ($aldff) from module chipus_ibex_wrapper.
Changing const-value async load to async reset on $driver$u_ibex_top.u_ibex_core.id_stage_i.g_branch_set_flop.branch_set_raw_q ($aldff) from module chipus_ibex_wrapper.
Changing const-value async load to async reset on $driver$u_ibex_top.u_ibex_core.id_stage_i.controller_i.store_err_q ($aldff) from module chipus_ibex_wrapper.
Changing const-value async load to async reset on $driver$u_ibex_top.u_ibex_core.id_stage_i.controller_i.nmi_mode_q ($aldff) from module chipus_ibex_wrapper.
Changing const-value async load to async reset on $driver$u_ibex_top.u_ibex_core.id_stage_i.controller_i.load_err_q ($aldff) from module chipus_ibex_wrapper.
Changing const-value async load to async reset on $driver$u_ibex_top.u_ibex_core.id_stage_i.controller_i.illegal_insn_q ($aldff) from module chipus_ibex_wrapper.
Changing const-value async load to async reset on $driver$u_ibex_top.u_ibex_core.id_stage_i.controller_i.exc_req_q ($aldff) from module chipus_ibex_wrapper.
Changing const-value async load to async reset on $driver$u_ibex_top.u_ibex_core.id_stage_i.controller_i.enter_debug_mode_prio_q ($aldff) from module chipus_ibex_wrapper.
Changing const-value async load to async reset on $driver$u_ibex_top.u_ibex_core.id_stage_i.controller_i.do_single_step_q ($aldff) from module chipus_ibex_wrapper.
Changing const-value async load to async reset on $driver$u_ibex_top.u_ibex_core.id_stage_i.controller_i.debug_mode_q ($aldff) from module chipus_ibex_wrapper.
Changing const-value async load to async reset on $driver$u_ibex_top.u_ibex_core.id_stage_i.controller_i.debug_cause_q ($aldff) from module chipus_ibex_wrapper.
Changing const-value async load to async reset on $driver$u_ibex_top.u_ibex_core.id_stage_i.controller_i.ctrl_fsm_cs ($aldff) from module chipus_ibex_wrapper.
Changing const-value async load to async reset on $driver$u_ibex_top.u_ibex_core.id_stage_i.branch_jump_set_done_q ($aldff) from module chipus_ibex_wrapper.
Changing const-value async load to async reset on $driver$u_ibex_top.u_ibex_core.ex_block_i.gen_multdiv_fast.multdiv_i.op_quotient_q ($aldff) from module chipus_ibex_wrapper.
Changing const-value async load to async reset on $driver$u_ibex_top.u_ibex_core.ex_block_i.gen_multdiv_fast.multdiv_i.op_numerator_q ($aldff) from module chipus_ibex_wrapper.
Changing const-value async load to async reset on $driver$u_ibex_top.u_ibex_core.ex_block_i.gen_multdiv_fast.multdiv_i.md_state_q ($aldff) from module chipus_ibex_wrapper.
Changing const-value async load to async reset on $driver$u_ibex_top.u_ibex_core.ex_block_i.gen_multdiv_fast.multdiv_i.gen_mult_fast.mult_state_q ($aldff) from module chipus_ibex_wrapper.
Changing const-value async load to async reset on $driver$u_ibex_top.u_ibex_core.ex_block_i.gen_multdiv_fast.multdiv_i.div_counter_q ($aldff) from module chipus_ibex_wrapper.
Changing const-value async load to async reset on $driver$u_ibex_top.u_ibex_core.ex_block_i.gen_multdiv_fast.multdiv_i.div_by_zero_q ($aldff) from module chipus_ibex_wrapper.
Changing const-value async load to async reset on $driver$u_ibex_top.u_ibex_core.cs_registers_i.u_mtvec_csr.rdata_q ($aldff) from module chipus_ibex_wrapper.
Changing const-value async load to async reset on $driver$u_ibex_top.u_ibex_core.cs_registers_i.u_mtval_csr.rdata_q ($aldff) from module chipus_ibex_wrapper.
Changing const-value async load to async reset on $driver$u_ibex_top.u_ibex_core.cs_registers_i.u_mstatus_csr.rdata_q ($aldff) from module chipus_ibex_wrapper.
Changing const-value async load to async reset on $driver$u_ibex_top.u_ibex_core.cs_registers_i.u_mstack_epc_csr.rdata_q ($aldff) from module chipus_ibex_wrapper.
Changing const-value async load to async reset on $driver$u_ibex_top.u_ibex_core.cs_registers_i.u_mstack_csr.rdata_q ($aldff) from module chipus_ibex_wrapper.
Changing const-value async load to async reset on $driver$u_ibex_top.u_ibex_core.cs_registers_i.u_mstack_cause_csr.rdata_q ($aldff) from module chipus_ibex_wrapper.
Changing const-value async load to async reset on $driver$u_ibex_top.u_ibex_core.cs_registers_i.u_mscratch_csr.rdata_q ($aldff) from module chipus_ibex_wrapper.
Changing const-value async load to async reset on $driver$u_ibex_top.u_ibex_core.cs_registers_i.u_mie_csr.rdata_q ($aldff) from module chipus_ibex_wrapper.
Changing const-value async load to async reset on $driver$u_ibex_top.u_ibex_core.cs_registers_i.u_mepc_csr.rdata_q ($aldff) from module chipus_ibex_wrapper.
Changing const-value async load to async reset on $driver$u_ibex_top.u_ibex_core.cs_registers_i.u_mcounteren_csr.rdata_q ($aldff) from module chipus_ibex_wrapper.
Changing const-value async load to async reset on $driver$u_ibex_top.u_ibex_core.cs_registers_i.u_mcause_csr.rdata_q ($aldff) from module chipus_ibex_wrapper.
Changing const-value async load to async reset on $driver$u_ibex_top.u_ibex_core.cs_registers_i.u_dscratch1_csr.rdata_q ($aldff) from module chipus_ibex_wrapper.
Changing const-value async load to async reset on $driver$u_ibex_top.u_ibex_core.cs_registers_i.u_dscratch0_csr.rdata_q ($aldff) from module chipus_ibex_wrapper.
Changing const-value async load to async reset on $driver$u_ibex_top.u_ibex_core.cs_registers_i.u_depc_csr.rdata_q ($aldff) from module chipus_ibex_wrapper.
Changing const-value async load to async reset on $driver$u_ibex_top.u_ibex_core.cs_registers_i.u_dcsr_csr.rdata_q ($aldff) from module chipus_ibex_wrapper.
Changing const-value async load to async reset on $driver$u_ibex_top.u_ibex_core.cs_registers_i.u_cpuctrlsts_part_csr.rdata_q ($aldff) from module chipus_ibex_wrapper.
Changing const-value async load to async reset on $driver$u_ibex_top.u_ibex_core.cs_registers_i.priv_lvl_q ($aldff) from module chipus_ibex_wrapper.
Changing const-value async load to async reset on $driver$u_ibex_top.u_ibex_core.cs_registers_i.minstret_counter_i.counter_q ($aldff) from module chipus_ibex_wrapper.
Changing const-value async load to async reset on $driver$u_ibex_top.u_ibex_core.cs_registers_i.mcycle_counter_i.counter_q ($aldff) from module chipus_ibex_wrapper.
Changing const-value async load to async reset on $driver$u_ibex_top.u_ibex_core.cs_registers_i.mcountinhibit_q ($aldff) from module chipus_ibex_wrapper.
Changing const-value async load to async reset on $driver$u_ibex_top.gen_regfile_ff.register_file_i.g_plain_rf.g_rf_flops[9].rf_reg_q ($aldff) from module chipus_ibex_wrapper.
Changing const-value async load to async reset on $driver$u_ibex_top.gen_regfile_ff.register_file_i.g_plain_rf.g_rf_flops[8].rf_reg_q ($aldff) from module chipus_ibex_wrapper.
Changing const-value async load to async reset on $driver$u_ibex_top.gen_regfile_ff.register_file_i.g_plain_rf.g_rf_flops[7].rf_reg_q ($aldff) from module chipus_ibex_wrapper.
Changing const-value async load to async reset on $driver$u_ibex_top.gen_regfile_ff.register_file_i.g_plain_rf.g_rf_flops[6].rf_reg_q ($aldff) from module chipus_ibex_wrapper.
Changing const-value async load to async reset on $driver$u_ibex_top.gen_regfile_ff.register_file_i.g_plain_rf.g_rf_flops[5].rf_reg_q ($aldff) from module chipus_ibex_wrapper.
Changing const-value async load to async reset on $driver$u_ibex_top.gen_regfile_ff.register_file_i.g_plain_rf.g_rf_flops[4].rf_reg_q ($aldff) from module chipus_ibex_wrapper.
Changing const-value async load to async reset on $driver$u_ibex_top.gen_regfile_ff.register_file_i.g_plain_rf.g_rf_flops[3].rf_reg_q ($aldff) from module chipus_ibex_wrapper.
Changing const-value async load to async reset on $driver$u_ibex_top.gen_regfile_ff.register_file_i.g_plain_rf.g_rf_flops[31].rf_reg_q ($aldff) from module chipus_ibex_wrapper.
Changing const-value async load to async reset on $driver$u_ibex_top.gen_regfile_ff.register_file_i.g_plain_rf.g_rf_flops[30].rf_reg_q ($aldff) from module chipus_ibex_wrapper.
Changing const-value async load to async reset on $driver$u_ibex_top.gen_regfile_ff.register_file_i.g_plain_rf.g_rf_flops[2].rf_reg_q ($aldff) from module chipus_ibex_wrapper.
Changing const-value async load to async reset on $driver$u_ibex_top.gen_regfile_ff.register_file_i.g_plain_rf.g_rf_flops[29].rf_reg_q ($aldff) from module chipus_ibex_wrapper.
Changing const-value async load to async reset on $driver$u_ibex_top.gen_regfile_ff.register_file_i.g_plain_rf.g_rf_flops[28].rf_reg_q ($aldff) from module chipus_ibex_wrapper.
Changing const-value async load to async reset on $driver$u_ibex_top.gen_regfile_ff.register_file_i.g_plain_rf.g_rf_flops[27].rf_reg_q ($aldff) from module chipus_ibex_wrapper.
Changing const-value async load to async reset on $driver$u_ibex_top.gen_regfile_ff.register_file_i.g_plain_rf.g_rf_flops[26].rf_reg_q ($aldff) from module chipus_ibex_wrapper.
Changing const-value async load to async reset on $driver$u_ibex_top.gen_regfile_ff.register_file_i.g_plain_rf.g_rf_flops[25].rf_reg_q ($aldff) from module chipus_ibex_wrapper.
Changing const-value async load to async reset on $driver$u_ibex_top.gen_regfile_ff.register_file_i.g_plain_rf.g_rf_flops[24].rf_reg_q ($aldff) from module chipus_ibex_wrapper.
Changing const-value async load to async reset on $driver$u_ibex_top.gen_regfile_ff.register_file_i.g_plain_rf.g_rf_flops[23].rf_reg_q ($aldff) from module chipus_ibex_wrapper.
Changing const-value async load to async reset on $driver$u_ibex_top.gen_regfile_ff.register_file_i.g_plain_rf.g_rf_flops[22].rf_reg_q ($aldff) from module chipus_ibex_wrapper.
Changing const-value async load to async reset on $driver$u_ibex_top.gen_regfile_ff.register_file_i.g_plain_rf.g_rf_flops[21].rf_reg_q ($aldff) from module chipus_ibex_wrapper.
Changing const-value async load to async reset on $driver$u_ibex_top.gen_regfile_ff.register_file_i.g_plain_rf.g_rf_flops[20].rf_reg_q ($aldff) from module chipus_ibex_wrapper.
Changing const-value async load to async reset on $driver$u_ibex_top.gen_regfile_ff.register_file_i.g_plain_rf.g_rf_flops[1].rf_reg_q ($aldff) from module chipus_ibex_wrapper.
Changing const-value async load to async reset on $driver$u_ibex_top.gen_regfile_ff.register_file_i.g_plain_rf.g_rf_flops[19].rf_reg_q ($aldff) from module chipus_ibex_wrapper.
Changing const-value async load to async reset on $driver$u_ibex_top.gen_regfile_ff.register_file_i.g_plain_rf.g_rf_flops[18].rf_reg_q ($aldff) from module chipus_ibex_wrapper.
Changing const-value async load to async reset on $driver$u_ibex_top.gen_regfile_ff.register_file_i.g_plain_rf.g_rf_flops[17].rf_reg_q ($aldff) from module chipus_ibex_wrapper.
Changing const-value async load to async reset on $driver$u_ibex_top.gen_regfile_ff.register_file_i.g_plain_rf.g_rf_flops[16].rf_reg_q ($aldff) from module chipus_ibex_wrapper.
Changing const-value async load to async reset on $driver$u_ibex_top.gen_regfile_ff.register_file_i.g_plain_rf.g_rf_flops[15].rf_reg_q ($aldff) from module chipus_ibex_wrapper.
Changing const-value async load to async reset on $driver$u_ibex_top.gen_regfile_ff.register_file_i.g_plain_rf.g_rf_flops[14].rf_reg_q ($aldff) from module chipus_ibex_wrapper.
Changing const-value async load to async reset on $driver$u_ibex_top.gen_regfile_ff.register_file_i.g_plain_rf.g_rf_flops[13].rf_reg_q ($aldff) from module chipus_ibex_wrapper.
Changing const-value async load to async reset on $driver$u_ibex_top.gen_regfile_ff.register_file_i.g_plain_rf.g_rf_flops[12].rf_reg_q ($aldff) from module chipus_ibex_wrapper.
Changing const-value async load to async reset on $driver$u_ibex_top.gen_regfile_ff.register_file_i.g_plain_rf.g_rf_flops[11].rf_reg_q ($aldff) from module chipus_ibex_wrapper.
Changing const-value async load to async reset on $driver$u_ibex_top.gen_regfile_ff.register_file_i.g_plain_rf.g_rf_flops[10].rf_reg_q ($aldff) from module chipus_ibex_wrapper.
Changing const-value async load to async reset on $driver$u_ibex_top.core_busy_q ($aldff) from module chipus_ibex_wrapper.

29. Executing OPT_CLEAN pass (remove unused cells and wires).
Finding unused cells or wires in module \chipus_ibex_wrapper..
Removed 16 unused cells and 1820 unused wires.
<suppressed ~17 debug messages>

30. Executing OPT_EXPR pass (perform const folding).
Optimizing module chipus_ibex_wrapper.
<suppressed ~9 debug messages>

31. Rerunning OPT passes. (Maybe there is more to do…)

32. Executing OPT_MUXTREE pass (detect dead branches in mux trees).
Running muxtree optimizer on module \chipus_ibex_wrapper..
  Creating internal representation of mux trees.
  Evaluating internal representation of mux trees.
  Analyzing evaluation results.
    dead port 1/5 on $pmux $procmux$4285.
    dead port 1/8 on $pmux $procmux$4353.
Removed 2 multiplexer ports.
<suppressed ~1114 debug messages>

33. Executing OPT_REDUCE pass (consolidate $*mux and $reduce_* inputs).
  Optimizing cells in module \chipus_ibex_wrapper.
    New ctrl vector for $pmux cell $procmux$1330: { $auto$opt_reduce.cc:137:opt_pmux$10597 $auto$opt_reduce.cc:137:opt_pmux$10591 }
    New ctrl vector for $pmux cell $procmux$1413: { $procmux$1385_CMP $procmux$1023_CMP $procmux$1378_CMP $procmux$1377_CMP $procmux$1376_CMP $774y $procmux$1327_CMP $775y $procmux$1372_CMP $procmux$1371_CMP $procmux$1370_CMP $procmux$1347_CMP $procmux$1346_CMP $procmux$1345_CMP $procmux$1344_CMP $procmux$1343_CMP $procmux$1342_CTRL $auto$opt_reduce.cc:137:opt_pmux$10601 $auto$opt_reduce.cc:137:opt_pmux$10599 $procmux$1337_CMP }
    New ctrl vector for $pmux cell $procmux$2685: { $1769y $auto$opt_reduce.cc:137:opt_pmux$10603 }
    New ctrl vector for $pmux cell $procmux$3192: { $auto$opt_reduce.cc:137:opt_pmux$10605 $auto$opt_reduce.cc:137:opt_pmux$10577 }
    New ctrl vector for $pmux cell $procmux$6179: { $auto$opt_reduce.cc:137:opt_pmux$10607 $auto$opt_reduce.cc:137:opt_pmux$10537 $auto$opt_reduce.cc:137:opt_pmux$10535 $procmux$5675_CMP $procmux$5649_CMP }
    New ctrl vector for $pmux cell $procmux$9524: { $auto$opt_reduce.cc:137:opt_pmux$10609 $auto$opt_reduce.cc:137:opt_pmux$10587 $procmux$7822_CMP }
    New ctrl vector for $pmux cell $procmux$9706: $auto$opt_reduce.cc:137:opt_pmux$10611
    New ctrl vector for $pmux cell $procmux$9828: { $auto$opt_reduce.cc:137:opt_pmux$10613 $procmux$8077_CMP }
    New input vector for $reduce_or cell $auto$opt_reduce.cc:131:opt_pmux$10596: { $procmux$1339_CMP $procmux$1338_CMP }
    New input vector for $reduce_or cell $auto$opt_reduce.cc:131:opt_pmux$10598: { $procmux$1340_CMP [30:2] $procmux$1340_CMP [0] $procmux$1338_CMP $1271y }
    New input vector for $reduce_or cell $auto$opt_reduce.cc:131:opt_pmux$10600: { $procmux$1341_CMP [30:2] $procmux$1341_CMP [0] $procmux$1339_CMP $1270y }
  Optimizing cells in module \chipus_ibex_wrapper.
Performed a total of 11 changes.

34. Executing OPT_MERGE pass (detect identical cells).
Finding identical cells in module `\chipus_ibex_wrapper'.
Computing hashes of 1645 cells of `\chipus_ibex_wrapper'.
Finding duplicate cells in `\chipus_ibex_wrapper'.
Computing hashes of 1642 cells of `\chipus_ibex_wrapper'.
Finding duplicate cells in `\chipus_ibex_wrapper'.
<suppressed ~9 debug messages>
Removed a total of 3 cells.

35. Executing OPT_DFF pass (perform DFF optimizations).

36. Executing OPT_CLEAN pass (remove unused cells and wires).
Finding unused cells or wires in module \chipus_ibex_wrapper..
Removed 2 unused cells and 9 unused wires.
<suppressed ~3 debug messages>

37. Executing OPT_EXPR pass (perform const folding).
Optimizing module chipus_ibex_wrapper.

38. Rerunning OPT passes. (Maybe there is more to do…)

39. Executing OPT_MUXTREE pass (detect dead branches in mux trees).
Running muxtree optimizer on module \chipus_ibex_wrapper..
  Creating internal representation of mux trees.
  Evaluating internal representation of mux trees.
  Analyzing evaluation results.
Removed 0 multiplexer ports.
<suppressed ~1102 debug messages>

40. Executing OPT_REDUCE pass (consolidate $*mux and $reduce_* inputs).
  Optimizing cells in module \chipus_ibex_wrapper.
Performed a total of 0 changes.

41. Executing OPT_MERGE pass (detect identical cells).
Finding identical cells in module `\chipus_ibex_wrapper'.
Computing hashes of 1640 cells of `\chipus_ibex_wrapper'.
Finding duplicate cells in `\chipus_ibex_wrapper'.
Removed a total of 0 cells.

42. Executing OPT_DFF pass (perform DFF optimizations).

43. Executing OPT_CLEAN pass (remove unused cells and wires).
Finding unused cells or wires in module \chipus_ibex_wrapper..

44. Executing OPT_EXPR pass (perform const folding).
Optimizing module chipus_ibex_wrapper.

45. Executing FSM pass (extract and optimize FSM).

45.1. Executing FSM_DETECT pass (finding FSMs in design).
Not marking chipus_ibex_wrapper.u_ibex_top.core_busy_q as FSM state register:
    Users of register don't seem to benefit from recoding.
Found FSM state register chipus_ibex_wrapper.u_ibex_top.u_ibex_core.ex_block_i.gen_multdiv_fast.multdiv_i.gen_mult_fast.mult_state_q.
Found FSM state register chipus_ibex_wrapper.u_ibex_top.u_ibex_core.ex_block_i.gen_multdiv_fast.multdiv_i.md_state_q.
Found FSM state register chipus_ibex_wrapper.u_ibex_top.u_ibex_core.id_stage_i.controller_i.ctrl_fsm_cs.
Not marking chipus_ibex_wrapper.u_ibex_top.u_ibex_core.id_stage_i.controller_i.debug_cause_q as FSM state register:
    Users of register don't seem to benefit from recoding.
Found FSM state register chipus_ibex_wrapper.u_ibex_top.u_ibex_core.if_stage_i.instr_gets_expanded_id_o.
Found FSM state register chipus_ibex_wrapper.u_ibex_top.u_ibex_core.load_store_unit_i.data_type_q.
Not marking chipus_ibex_wrapper.u_ibex_top.u_ibex_core.load_store_unit_i.ls_fsm_cs as FSM state register:
    Users of register don't seem to benefit from recoding.

45.2. Executing FSM_EXTRACT pass (extracting FSM from design).
Extracting FSM `\u_ibex_top.u_ibex_core.ex_block_i.gen_multdiv_fast.multdiv_i.gen_mult_fast.mult_state_q' from module `\chipus_ibex_wrapper'.
  found $adff cell for state register: $driver$u_ibex_top.u_ibex_core.ex_block_i.gen_multdiv_fast.multdiv_i.gen_mult_fast.mult_state_q
  root of input selection tree: $procmux$3132_Y
  found reset state: 2'00 (from async reset)
  found ctrl input: \u_ibex_top.u_ibex_core.ex_block_i.gen_multdiv_fast.multdiv_i.mult_en_i
  found ctrl input: $procmux$3172_CMP
  found ctrl input: $procmux$3139_CMP
  found ctrl input: $procmux$3170_CMP
  found ctrl input: $procmux$3177_CMP
  found ctrl input: $1378y
  found state code: 2'11
  found state code: 2'10
  found state code: 2'01
  found ctrl output: $procmux$3139_CMP
  found ctrl output: $procmux$3170_CMP
  found ctrl output: $procmux$3172_CMP
  found ctrl output: $procmux$3177_CMP
  ctrl inputs: { $1378y \u_ibex_top.u_ibex_core.ex_block_i.gen_multdiv_fast.multdiv_i.mult_en_i }
  ctrl outputs: { $procmux$3177_CMP $procmux$3172_CMP $procmux$3170_CMP $procmux$3139_CMP $procmux$3132_Y }
  transition:       2'00 2'-0 ->       2'00 6'100000
  transition:       2'00 2'-1 ->       2'01 6'100001
  transition:       2'10 2'-0 ->       2'10 6'000110
  transition:       2'10 2'01 ->       2'11 6'000111
  transition:       2'10 2'11 ->       2'00 6'000100
  transition:       2'01 2'-0 ->       2'01 6'001001
  transition:       2'01 2'-1 ->       2'10 6'001010
  transition:       2'11 2'-0 ->       2'11 6'010011
  transition:       2'11 2'-1 ->       2'00 6'010000
Extracting FSM `\u_ibex_top.u_ibex_core.ex_block_i.gen_multdiv_fast.multdiv_i.md_state_q' from module `\chipus_ibex_wrapper'.
  found $adff cell for state register: $driver$u_ibex_top.u_ibex_core.ex_block_i.gen_multdiv_fast.multdiv_i.md_state_q
  root of input selection tree: $procmux$3228_Y
  found reset state: 3'000 (from async reset)
  found ctrl input: \u_ibex_top.u_ibex_core.ex_block_i.gen_multdiv_fast.multdiv_i.div_en_internal
  found ctrl input: $procmux$2992_CMP
  found ctrl input: $procmux$3000_CMP
  found ctrl input: $procmux$3008_CMP
  found ctrl input: $procmux$3009_CMP
  found ctrl input: $procmux$3010_CMP
  found ctrl input: $procmux$3012_CMP
  found state code: 3'110
  found state code: 3'101
  found ctrl input: $1441y
  found state code: 3'011
  found state code: 3'100
  found state code: 3'010
  found ctrl input: $1425y
  found state code: 3'001
  found ctrl output: $procmux$2992_CMP
  found ctrl output: $procmux$3000_CMP
  found ctrl output: $procmux$3008_CMP
  found ctrl output: $procmux$3009_CMP
  found ctrl output: $procmux$3010_CMP
  found ctrl output: $procmux$3012_CMP
  found ctrl output: $procmux$3074_CMP
  ctrl inputs: { $1441y $1425y \u_ibex_top.u_ibex_core.ex_block_i.gen_multdiv_fast.multdiv_i.div_en_internal }
  ctrl outputs: { $procmux$3228_Y $procmux$3074_CMP $procmux$3012_CMP $procmux$3010_CMP $procmux$3009_CMP $procmux$3008_CMP $procmux$3000_CMP $procmux$2992_CMP }
  transition:      3'000 3'--0 ->      3'000 10'0000100000
  transition:      3'000 3'-01 ->      3'001 10'0010100000
  transition:      3'000 3'-11 ->      3'110 10'1100100000
  transition:      3'100 3'--0 ->      3'100 10'1000000010
  transition:      3'100 3'--1 ->      3'101 10'1010000010
  transition:      3'010 3'--0 ->      3'010 10'0100001000
  transition:      3'010 3'--1 ->      3'011 10'0110001000
  transition:      3'110 3'--0 ->      3'110 10'1101000000
  transition:      3'110 3'--1 ->      3'000 10'0001000000
  transition:      3'001 3'--0 ->      3'001 10'0010010000
  transition:      3'001 3'--1 ->      3'010 10'0100010000
  transition:      3'101 3'--0 ->      3'101 10'1010000001
  transition:      3'101 3'--1 ->      3'110 10'1100000001
  transition:      3'011 3'--0 ->      3'011 10'0110000100
  transition:      3'011 3'0-1 ->      3'011 10'0110000100
  transition:      3'011 3'1-1 ->      3'100 10'1000000100
Extracting FSM `\u_ibex_top.u_ibex_core.id_stage_i.controller_i.ctrl_fsm_cs' from module `\chipus_ibex_wrapper'.
  found $adff cell for state register: $driver$u_ibex_top.u_ibex_core.id_stage_i.controller_i.ctrl_fsm_cs
  root of input selection tree: \u_ibex_top.u_ibex_core.id_stage_i.controller_i.ctrl_fsm_ns
  found reset state: 4'0000 (from async reset)
  found ctrl input: $procmux$3615_CMP
  found ctrl input: $auto$opt_reduce.cc:137:opt_pmux$10503
  found ctrl input: $procmux$4658_CMP
  found ctrl input: $procmux$4802_CMP
  found ctrl input: $procmux$4857_CMP
  found ctrl input: $procmux$4885_CMP
  found ctrl input: $procmux$4886_CMP
  found ctrl input: $procmux$4887_CMP
  found ctrl input: $1106y
  found ctrl input: $1015y
  found ctrl input: \u_ibex_top.u_ibex_core.id_stage_i.controller_i.mret_insn
  found ctrl input: \u_ibex_top.u_ibex_core.id_stage_i.controller_i.dret_insn
  found ctrl input: \u_ibex_top.u_ibex_core.id_stage_i.controller_i.wfi_insn
  found state code: 4'0101
  found state code: 4'0010
  found ctrl input: \u_ibex_top.u_ibex_core.id_stage_i.controller_i.ebrk_insn_prio
  found ctrl input: $1041y
  found state code: 4'1001
  found state code: 4'1000
  found ctrl input: $983y
  found ctrl input: \u_ibex_top.u_ibex_core.id_stage_i.controller_i.special_req
  found state code: 4'0110
  found ctrl input: \u_ibex_top.u_ibex_core.id_stage_i.controller_i.enter_debug_mode
  found ctrl input: \u_ibex_top.u_ibex_core.id_stage_i.controller_i.handle_irq
  found state code: 4'0111
  found ctrl input: \u_ibex_top.u_ibex_core.if_stage_i.gen_prefetch_buffer.prefetch_buffer_i.fifo_i.out_ready_i
  found ctrl input: $956y
  found state code: 4'0100
  found state code: 4'0011
  found state code: 4'0001
  found ctrl output: $806y
  found ctrl output: $procmux$3615_CMP
  found ctrl output: $procmux$4476_CMP
  found ctrl output: $procmux$4508_CMP
  found ctrl output: $procmux$4658_CMP
  found ctrl output: $procmux$4802_CMP
  found ctrl output: $procmux$4857_CMP
  found ctrl output: $procmux$4876_CMP
  found ctrl output: $procmux$4885_CMP
  found ctrl output: $procmux$4886_CMP
  found ctrl output: $procmux$4887_CMP
  ctrl inputs: { $1106y $1041y $1015y $983y $956y \u_ibex_top.u_ibex_core.id_stage_i.controller_i.wfi_insn \u_ibex_top.u_ibex_core.id_stage_i.controller_i.dret_insn \u_ibex_top.u_ibex_core.id_stage_i.controller_i.mret_insn \u_ibex_top.u_ibex_core.id_stage_i.controller_i.handle_irq \u_ibex_top.u_ibex_core.id_stage_i.controller_i.enter_debug_mode \u_ibex_top.u_ibex_core.id_stage_i.controller_i.special_req \u_ibex_top.u_ibex_core.id_stage_i.controller_i.ebrk_insn_prio \u_ibex_top.u_ibex_core.if_stage_i.gen_prefetch_buffer.prefetch_buffer_i.fifo_i.out_ready_i $auto$opt_reduce.cc:137:opt_pmux$10503 }
  ctrl outputs: { $procmux$4887_CMP $procmux$4886_CMP $procmux$4885_CMP $procmux$4876_CMP $procmux$4857_CMP $procmux$4802_CMP $procmux$4658_CMP $procmux$4508_CMP $procmux$4476_CMP $procmux$3615_CMP $806y \u_ibex_top.u_ibex_core.id_stage_i.controller_i.ctrl_fsm_ns }
  transition:     4'0000 14'-------------- ->     4'0001 15'100000000010001
  transition:     4'1000 14'-------------- ->     4'0101 15'000100000010101
  transition:     4'0100 14'--------00--0- ->     4'0100 15'000001000010100
  transition:     4'0100 14'--------00--1- ->     4'0101 15'000001000010101
  transition:     4'0100 14'--------10---- ->     4'0111 15'000001000010111
  transition:     4'0100 14'---------1---- ->     4'1000 15'000001000011000
  transition:     4'0010 14'-------------- ->     4'0011 15'001000000010011
  transition:     4'0110 14'0-0--000------ ->     4'0101 15'000000000100101
  transition:     4'0110 14'0-0--100------ ->     4'0010 15'000000000100010
  transition:     4'0110 14'0-0---10------ ->     4'0101 15'000000000100101
  transition:     4'0110 14'0-0----1------ ->     4'0101 15'000000000100101
  transition:     4'0110 14'0-1--------0-- ->     4'0101 15'000000000100101
  transition:     4'0110 14'001--------1-- ->     4'0101 15'000000000100101
  transition:     4'0110 14'011--------1-- ->     4'1001 15'000000000101001
  transition:     4'0110 14'1------------- ->     4'1000 15'000000000101000
  transition:     4'0001 14'-------------- ->     4'0100 15'010000000010100
  transition:     4'1001 14'-------------- ->     4'0101 15'000000001010101
  transition:     4'0101 14'---0------0--- ->     4'0101 15'000000100010101
  transition:     4'0101 14'---0------1--- ->     4'0110 15'000000100010110
  transition:     4'0101 14'---1----000--- ->     4'0101 15'000000100010101
  transition:     4'0101 14'---1----001--- ->     4'0110 15'000000100010110
  transition:     4'0101 14'---1----10---- ->     4'0111 15'000000100010111
  transition:     4'0101 14'---1-----1---- ->     4'1000 15'000000100011000
  transition:     4'0011 14'----0--------- ->     4'0011 15'000010000010011
  transition:     4'0011 14'----1--------- ->     4'0100 15'000010000010100
  transition:     4'0111 14'-------------- ->     4'0101 15'000000010010101
Extracting FSM `\u_ibex_top.u_ibex_core.if_stage_i.instr_gets_expanded_id_o' from module `\chipus_ibex_wrapper'.
  found $dff cell for state register: $driver$u_ibex_top.u_ibex_core.if_stage_i.instr_gets_expanded_id_o
  root of input selection tree: $procmux$9897_Y
  found reset state: 2'00 (guessed from mux tree)
  found ctrl input: \u_ibex_top.u_ibex_core.if_stage_i.if_id_pipe_reg_we
  found state code: 2'00
  fsm extraction failed: at least two states are required.
Extracting FSM `\u_ibex_top.u_ibex_core.load_store_unit_i.data_type_q' from module `\chipus_ibex_wrapper'.
  found $adff cell for state register: $driver$u_ibex_top.u_ibex_core.load_store_unit_i.data_type_q
  root of input selection tree: $procmux$2846_Y
  found reset state: 2'00 (from async reset)
  found ctrl input: \u_ibex_top.u_ibex_core.load_store_unit_i.ctrl_update
  found ctrl input: $auto$opt_reduce.cc:137:opt_pmux$10595
  found ctrl input: $procmux$7817_CMP
  found ctrl input: $procmux$8640_CMP
  found state code: 2'01
  found state code: 2'10
  found ctrl output: $procmux$2762_CMP [0]
  found ctrl output: $procmux$2762_CMP [1]
  found ctrl output: $procmux$2763_CMP
  found ctrl output: $procmux$2764_CMP
  ctrl inputs: { $procmux$8640_CMP $procmux$7817_CMP \u_ibex_top.u_ibex_core.load_store_unit_i.ctrl_update $auto$opt_reduce.cc:137:opt_pmux$10595 }
  ctrl outputs: { $procmux$2846_Y $procmux$2764_CMP $procmux$2763_CMP $procmux$2762_CMP }
  transition:       2'00 4'--0- ->       2'00 6'001000
  transition:       2'00 4'--10 ->       2'00 6'001000
  transition:       2'00 4'0011 ->       2'00 6'001000
  transition:       2'00 4'1-11 ->       2'10 6'101000
  transition:       2'00 4'-111 ->       2'01 6'011000
  transition:       2'10 4'--0- ->       2'10 6'100001
  transition:       2'10 4'--10 ->       2'00 6'000001
  transition:       2'10 4'0011 ->       2'00 6'000001
  transition:       2'10 4'1-11 ->       2'10 6'100001
  transition:       2'10 4'-111 ->       2'01 6'010001
  transition:       2'01 4'--0- ->       2'01 6'010100
  transition:       2'01 4'--10 ->       2'00 6'000100
  transition:       2'01 4'0011 ->       2'00 6'000100
  transition:       2'01 4'1-11 ->       2'10 6'100100
  transition:       2'01 4'-111 ->       2'01 6'010100

45.3. Executing FSM_OPT pass (simple optimizations of FSMs).
Optimizing FSM `$fsm$\u_ibex_top.u_ibex_core.load_store_unit_i.data_type_q$10642' from module `\chipus_ibex_wrapper'.
Optimizing FSM `$fsm$\u_ibex_top.u_ibex_core.id_stage_i.controller_i.ctrl_fsm_cs$10629' from module `\chipus_ibex_wrapper'.
  Removing unused input signal $auto$opt_reduce.cc:137:opt_pmux$10503.
Optimizing FSM `$fsm$\u_ibex_top.u_ibex_core.ex_block_i.gen_multdiv_fast.multdiv_i.md_state_q$10620' from module `\chipus_ibex_wrapper'.
Optimizing FSM `$fsm$\u_ibex_top.u_ibex_core.ex_block_i.gen_multdiv_fast.multdiv_i.gen_mult_fast.mult_state_q$10614' from module `\chipus_ibex_wrapper'.

45.4. Executing OPT_CLEAN pass (remove unused cells and wires).
Finding unused cells or wires in module \chipus_ibex_wrapper..
Removed 54 unused cells and 54 unused wires.
<suppressed ~57 debug messages>

45.5. Executing FSM_OPT pass (simple optimizations of FSMs).
Optimizing FSM `$fsm$\u_ibex_top.u_ibex_core.ex_block_i.gen_multdiv_fast.multdiv_i.gen_mult_fast.mult_state_q$10614' from module `\chipus_ibex_wrapper'.
  Removing unused output signal $procmux$3132_Y [0].
  Removing unused output signal $procmux$3132_Y [1].
Optimizing FSM `$fsm$\u_ibex_top.u_ibex_core.ex_block_i.gen_multdiv_fast.multdiv_i.md_state_q$10620' from module `\chipus_ibex_wrapper'.
  Removing unused output signal $procmux$3228_Y [0].
  Removing unused output signal $procmux$3228_Y [1].
  Removing unused output signal $procmux$3228_Y [2].
Optimizing FSM `$fsm$\u_ibex_top.u_ibex_core.id_stage_i.controller_i.ctrl_fsm_cs$10629' from module `\chipus_ibex_wrapper'.
  Removing unused output signal \u_ibex_top.u_ibex_core.id_stage_i.controller_i.ctrl_fsm_ns [0].
  Removing unused output signal \u_ibex_top.u_ibex_core.id_stage_i.controller_i.ctrl_fsm_ns [1].
  Removing unused output signal \u_ibex_top.u_ibex_core.id_stage_i.controller_i.ctrl_fsm_ns [2].
  Removing unused output signal \u_ibex_top.u_ibex_core.id_stage_i.controller_i.ctrl_fsm_ns [3].
Optimizing FSM `$fsm$\u_ibex_top.u_ibex_core.load_store_unit_i.data_type_q$10642' from module `\chipus_ibex_wrapper'.
  Removing unused output signal $procmux$2846_Y [0].
  Removing unused output signal $procmux$2846_Y [1].

45.6. Executing FSM_RECODE pass (re-assigning FSM state encoding).
Recoding FSM `$fsm$\u_ibex_top.u_ibex_core.ex_block_i.gen_multdiv_fast.multdiv_i.gen_mult_fast.mult_state_q$10614' from module `\chipus_ibex_wrapper' using `auto' encoding:
  mapping auto encoding to `one-hot` for this FSM.
  00 -> ---1
  10 -> --1-
  01 -> -1--
  11 -> 1---
Recoding FSM `$fsm$\u_ibex_top.u_ibex_core.ex_block_i.gen_multdiv_fast.multdiv_i.md_state_q$10620' from module `\chipus_ibex_wrapper' using `auto' encoding:
  mapping auto encoding to `one-hot` for this FSM.
  000 -> ------1
  100 -> -----1-
  010 -> ----1--
  110 -> ---1---
  001 -> --1----
  101 -> -1-----
  011 -> 1------
Recoding FSM `$fsm$\u_ibex_top.u_ibex_core.id_stage_i.controller_i.ctrl_fsm_cs$10629' from module `\chipus_ibex_wrapper' using `auto' encoding:
  mapping auto encoding to `one-hot` for this FSM.
  0000 -> ---------1
  1000 -> --------1-
  0100 -> -------1--
  0010 -> ------1---
  0110 -> -----1----
  0001 -> ----1-----
  1001 -> ---1------
  0101 -> --1-------
  0011 -> -1--------
  0111 -> 1---------
Recoding FSM `$fsm$\u_ibex_top.u_ibex_core.load_store_unit_i.data_type_q$10642' from module `\chipus_ibex_wrapper' using `auto' encoding:
  mapping auto encoding to `one-hot` for this FSM.
  00 -> --1
  10 -> -1-
  01 -> 1--

45.7. Executing FSM_INFO pass (dumping all available information on FSM cells).

FSM `$fsm$\u_ibex_top.u_ibex_core.ex_block_i.gen_multdiv_fast.multdiv_i.gen_mult_fast.mult_state_q$10614' from module `chipus_ibex_wrapper':
-------------------------------------

  Information on FSM $fsm$\u_ibex_top.u_ibex_core.ex_block_i.gen_multdiv_fast.multdiv_i.gen_mult_fast.mult_state_q$10614 (\u_ibex_top.u_ibex_core.ex_block_i.gen_multdiv_fast.multdiv_i.gen_mult_fast.mult_state_q):

  Number of input signals:    2
  Number of output signals:   4
  Number of state bits:       4

  Input signals:
    0: \u_ibex_top.u_ibex_core.ex_block_i.gen_multdiv_fast.multdiv_i.mult_en_i
    1: $1378y

  Output signals:
    0: $procmux$3139_CMP
    1: $procmux$3170_CMP
    2: $procmux$3172_CMP
    3: $procmux$3177_CMP

  State encoding:
    0:     4'---1  <RESET STATE>
    1:     4'--1-
    2:     4'-1--
    3:     4'1---

  Transition Table (state_in, ctrl_in, state_out, ctrl_out):
      0:     0 2'-0   ->     0 4'1000
      1:     0 2'-1   ->     2 4'1000
      2:     1 2'11   ->     0 4'0001
      3:     1 2'-0   ->     1 4'0001
      4:     1 2'01   ->     3 4'0001
      5:     2 2'-1   ->     1 4'0010
      6:     2 2'-0   ->     2 4'0010
      7:     3 2'-1   ->     0 4'0100
      8:     3 2'-0   ->     3 4'0100

-------------------------------------

FSM `$fsm$\u_ibex_top.u_ibex_core.ex_block_i.gen_multdiv_fast.multdiv_i.md_state_q$10620' from module `chipus_ibex_wrapper':
-------------------------------------

  Information on FSM $fsm$\u_ibex_top.u_ibex_core.ex_block_i.gen_multdiv_fast.multdiv_i.md_state_q$10620 (\u_ibex_top.u_ibex_core.ex_block_i.gen_multdiv_fast.multdiv_i.md_state_q):

  Number of input signals:    3
  Number of output signals:   7
  Number of state bits:       7

  Input signals:
    0: \u_ibex_top.u_ibex_core.ex_block_i.gen_multdiv_fast.multdiv_i.div_en_internal
    1: $1425y
    2: $1441y

  Output signals:
    0: $procmux$2992_CMP
    1: $procmux$3000_CMP
    2: $procmux$3008_CMP
    3: $procmux$3009_CMP
    4: $procmux$3010_CMP
    5: $procmux$3012_CMP
    6: $procmux$3074_CMP

  State encoding:
    0:  7'------1  <RESET STATE>
    1:  7'-----1-
    2:  7'----1--
    3:  7'---1---
    4:  7'--1----
    5:  7'-1-----
    6:  7'1------

  Transition Table (state_in, ctrl_in, state_out, ctrl_out):
      0:     0 3'--0   ->     0 7'0100000
      1:     0 3'-11   ->     3 7'0100000
      2:     0 3'-01   ->     4 7'0100000
      3:     1 3'--0   ->     1 7'0000010
      4:     1 3'--1   ->     5 7'0000010
      5:     2 3'--0   ->     2 7'0001000
      6:     2 3'--1   ->     6 7'0001000
      7:     3 3'--1   ->     0 7'1000000
      8:     3 3'--0   ->     3 7'1000000
      9:     4 3'--1   ->     2 7'0010000
     10:     4 3'--0   ->     4 7'0010000
     11:     5 3'--1   ->     3 7'0000001
     12:     5 3'--0   ->     5 7'0000001
     13:     6 3'1-1   ->     1 7'0000100
     14:     6 3'--0   ->     6 7'0000100
     15:     6 3'0-1   ->     6 7'0000100

-------------------------------------

FSM `$fsm$\u_ibex_top.u_ibex_core.id_stage_i.controller_i.ctrl_fsm_cs$10629' from module `chipus_ibex_wrapper':
-------------------------------------

  Information on FSM $fsm$\u_ibex_top.u_ibex_core.id_stage_i.controller_i.ctrl_fsm_cs$10629 (\u_ibex_top.u_ibex_core.id_stage_i.controller_i.ctrl_fsm_cs):

  Number of input signals:   13
  Number of output signals:  11
  Number of state bits:      10

  Input signals:
    0: \u_ibex_top.u_ibex_core.if_stage_i.gen_prefetch_buffer.prefetch_buffer_i.fifo_i.out_ready_i
    1: \u_ibex_top.u_ibex_core.id_stage_i.controller_i.ebrk_insn_prio
    2: \u_ibex_top.u_ibex_core.id_stage_i.controller_i.special_req
    3: \u_ibex_top.u_ibex_core.id_stage_i.controller_i.enter_debug_mode
    4: \u_ibex_top.u_ibex_core.id_stage_i.controller_i.handle_irq
    5: \u_ibex_top.u_ibex_core.id_stage_i.controller_i.mret_insn
    6: \u_ibex_top.u_ibex_core.id_stage_i.controller_i.dret_insn
    7: \u_ibex_top.u_ibex_core.id_stage_i.controller_i.wfi_insn
    8: $956y
    9: $983y
   10: $1015y
   11: $1041y
   12: $1106y

  Output signals:
    0: $806y
    1: $procmux$3615_CMP
    2: $procmux$4476_CMP
    3: $procmux$4508_CMP
    4: $procmux$4658_CMP
    5: $procmux$4802_CMP
    6: $procmux$4857_CMP
    7: $procmux$4876_CMP
    8: $procmux$4885_CMP
    9: $procmux$4886_CMP
   10: $procmux$4887_CMP

  State encoding:
    0: 10'---------1  <RESET STATE>
    1: 10'--------1-
    2: 10'-------1--
    3: 10'------1---
    4: 10'-----1----
    5: 10'----1-----
    6: 10'---1------
    7: 10'--1-------
    8: 10'-1--------
    9: 10'1---------

  Transition Table (state_in, ctrl_in, state_out, ctrl_out):
      0:     0 13'-------------   ->     5 11'10000000001
      1:     1 13'-------------   ->     7 11'00010000001
      2:     2 13'---------1---   ->     1 11'00000100001
      3:     2 13'--------00--0   ->     2 11'00000100001
      4:     2 13'--------00--1   ->     7 11'00000100001
      5:     2 13'--------10---   ->     9 11'00000100001
      6:     3 13'-------------   ->     8 11'00100000001
      7:     4 13'1------------   ->     1 11'00000000010
      8:     4 13'0-0--100-----   ->     3 11'00000000010
      9:     4 13'011--------1-   ->     6 11'00000000010
     10:     4 13'0-1--------0-   ->     7 11'00000000010
     11:     4 13'001--------1-   ->     7 11'00000000010
     12:     4 13'0-0--000-----   ->     7 11'00000000010
     13:     4 13'0-0---10-----   ->     7 11'00000000010
     14:     4 13'0-0----1-----   ->     7 11'00000000010
     15:     5 13'-------------   ->     2 11'01000000001
     16:     6 13'-------------   ->     7 11'00000000101
     17:     7 13'---1-----1---   ->     1 11'00000010001
     18:     7 13'---1----001--   ->     4 11'00000010001
     19:     7 13'---0------1--   ->     4 11'00000010001
     20:     7 13'---1----000--   ->     7 11'00000010001
     21:     7 13'---0------0--   ->     7 11'00000010001
     22:     7 13'---1----10---   ->     9 11'00000010001
     23:     8 13'----1--------   ->     2 11'00001000001
     24:     8 13'----0--------   ->     8 11'00001000001
     25:     9 13'-------------   ->     7 11'00000001001

-------------------------------------

FSM `$fsm$\u_ibex_top.u_ibex_core.load_store_unit_i.data_type_q$10642' from module `chipus_ibex_wrapper':
-------------------------------------

  Information on FSM $fsm$\u_ibex_top.u_ibex_core.load_store_unit_i.data_type_q$10642 (\u_ibex_top.u_ibex_core.load_store_unit_i.data_type_q):

  Number of input signals:    4
  Number of output signals:   4
  Number of state bits:       3

  Input signals:
    0: $auto$opt_reduce.cc:137:opt_pmux$10595
    1: \u_ibex_top.u_ibex_core.load_store_unit_i.ctrl_update
    2: $procmux$7817_CMP
    3: $procmux$8640_CMP

  Output signals:
    0: $procmux$2762_CMP [0]
    1: $procmux$2762_CMP [1]
    2: $procmux$2763_CMP
    3: $procmux$2764_CMP

  State encoding:
    0:      3'--1  <RESET STATE>
    1:      3'-1-
    2:      3'1--

  Transition Table (state_in, ctrl_in, state_out, ctrl_out):
      0:     0 4'--10   ->     0 4'1000
      1:     0 4'0011   ->     0 4'1000
      2:     0 4'--0-   ->     0 4'1000
      3:     0 4'1-11   ->     1 4'1000
      4:     0 4'-111   ->     2 4'1000
      5:     1 4'--10   ->     0 4'0001
      6:     1 4'0011   ->     0 4'0001
      7:     1 4'1-11   ->     1 4'0001
      8:     1 4'--0-   ->     1 4'0001
      9:     1 4'-111   ->     2 4'0001
     10:     2 4'--10   ->     0 4'0100
     11:     2 4'0011   ->     0 4'0100
     12:     2 4'1-11   ->     1 4'0100
     13:     2 4'-111   ->     2 4'0100
     14:     2 4'--0-   ->     2 4'0100

-------------------------------------

45.8. Executing FSM_MAP pass (mapping FSMs to basic logic).
Mapping FSM `$fsm$\u_ibex_top.u_ibex_core.ex_block_i.gen_multdiv_fast.multdiv_i.gen_mult_fast.mult_state_q$10614' from module `\chipus_ibex_wrapper'.
Mapping FSM `$fsm$\u_ibex_top.u_ibex_core.ex_block_i.gen_multdiv_fast.multdiv_i.md_state_q$10620' from module `\chipus_ibex_wrapper'.
Mapping FSM `$fsm$\u_ibex_top.u_ibex_core.id_stage_i.controller_i.ctrl_fsm_cs$10629' from module `\chipus_ibex_wrapper'.
Mapping FSM `$fsm$\u_ibex_top.u_ibex_core.load_store_unit_i.data_type_q$10642' from module `\chipus_ibex_wrapper'.

46. Executing OPT_EXPR pass (perform const folding).
Optimizing module chipus_ibex_wrapper.
<suppressed ~30 debug messages>

47. Executing OPT_MERGE pass (detect identical cells).
Finding identical cells in module `\chipus_ibex_wrapper'.
Computing hashes of 1699 cells of `\chipus_ibex_wrapper'.
Finding duplicate cells in `\chipus_ibex_wrapper'.
Computing hashes of 1688 cells of `\chipus_ibex_wrapper'.
Finding duplicate cells in `\chipus_ibex_wrapper'.
<suppressed ~33 debug messages>
Removed a total of 11 cells.

48. Executing OPT_MUXTREE pass (detect dead branches in mux trees).
Running muxtree optimizer on module \chipus_ibex_wrapper..
  Creating internal representation of mux trees.
  Evaluating internal representation of mux trees.
  Analyzing evaluation results.
Removed 0 multiplexer ports.
<suppressed ~1071 debug messages>

49. Executing OPT_REDUCE pass (consolidate $*mux and $reduce_* inputs).
  Optimizing cells in module \chipus_ibex_wrapper.
Performed a total of 0 changes.

50. Executing OPT_MERGE pass (detect identical cells).
Finding identical cells in module `\chipus_ibex_wrapper'.
Computing hashes of 1688 cells of `\chipus_ibex_wrapper'.
Finding duplicate cells in `\chipus_ibex_wrapper'.
Removed a total of 0 cells.

51. Executing OPT_DFF pass (perform DFF optimizations).
Adding EN signal on $driver$u_ibex_top.u_ibex_core.load_store_unit_i.rdata_q ($adff) from module chipus_ibex_wrapper (D = \data_rdata_i [31:8], Q = \u_ibex_top.u_ibex_core.load_store_unit_i.rdata_q).
Adding EN signal on $driver$u_ibex_top.u_ibex_core.load_store_unit_i.rdata_offset_q ($adff) from module chipus_ibex_wrapper (D = \u_ibex_top.u_ibex_core.ex_block_i.alu_adder_result_ext [2:1], Q = \u_ibex_top.u_ibex_core.load_store_unit_i.rdata_offset_q).
Adding EN signal on $driver$u_ibex_top.u_ibex_core.load_store_unit_i.pmp_err_q ($adff) from module chipus_ibex_wrapper (D = \u_ibex_top.u_ibex_core.load_store_unit_i.pmp_err_d, Q = \u_ibex_top.u_ibex_core.load_store_unit_i.pmp_err_q).
Adding EN signal on $driver$u_ibex_top.u_ibex_core.load_store_unit_i.lsu_err_q ($adff) from module chipus_ibex_wrapper (D = \u_ibex_top.u_ibex_core.load_store_unit_i.lsu_err_d, Q = \u_ibex_top.u_ibex_core.load_store_unit_i.lsu_err_q).
Adding EN signal on $driver$u_ibex_top.u_ibex_core.load_store_unit_i.ls_fsm_cs ($adff) from module chipus_ibex_wrapper (D = \u_ibex_top.u_ibex_core.load_store_unit_i.ls_fsm_ns, Q = \u_ibex_top.u_ibex_core.load_store_unit_i.ls_fsm_cs).
Adding EN signal on $driver$u_ibex_top.u_ibex_core.load_store_unit_i.handle_misaligned_q ($adff) from module chipus_ibex_wrapper (D = \u_ibex_top.u_ibex_core.load_store_unit_i.handle_misaligned_d, Q = \u_ibex_top.u_ibex_core.load_store_unit_i.handle_misaligned_q).
Adding EN signal on $driver$u_ibex_top.u_ibex_core.load_store_unit_i.data_we_q ($adff) from module chipus_ibex_wrapper (D = \data_we_o, Q = \u_ibex_top.u_ibex_core.load_store_unit_i.data_we_q).
Adding EN signal on $driver$u_ibex_top.u_ibex_core.load_store_unit_i.data_sign_ext_q ($adff) from module chipus_ibex_wrapper (D = \u_ibex_top.u_ibex_core.id_stage_i.decoder_i.data_sign_extension_o, Q = \u_ibex_top.u_ibex_core.load_store_unit_i.data_sign_ext_q).
Adding EN signal on $driver$u_ibex_top.u_ibex_core.load_store_unit_i.addr_last_q ($adff) from module chipus_ibex_wrapper (D = \u_ibex_top.u_ibex_core.load_store_unit_i.addr_last_d, Q = \u_ibex_top.u_ibex_core.load_store_unit_i.addr_last_q).
Adding EN signal on $driver$u_ibex_top.u_ibex_core.if_stage_i.pc_id_o ($dff) from module chipus_ibex_wrapper (D = { \u_ibex_top.u_ibex_core.if_stage_i.gen_prefetch_buffer.prefetch_buffer_i.fifo_i.instr_addr_q 1'0 }, Q = \u_ibex_top.u_ibex_core.if_stage_i.pc_id_o).
Adding EN signal on $driver$u_ibex_top.u_ibex_core.if_stage_i.instr_rdata_id_o ($dff) from module chipus_ibex_wrapper (D = \u_ibex_top.u_ibex_core.if_stage_i.compressed_decoder_i.instr_o, Q = \u_ibex_top.u_ibex_core.if_stage_i.instr_rdata_id_o).
Adding EN signal on $driver$u_ibex_top.u_ibex_core.if_stage_i.instr_rdata_c_id_o ($dff) from module chipus_ibex_wrapper (D = \u_ibex_top.u_ibex_core.if_stage_i.compressed_decoder_i.instr_i [15:0], Q = \u_ibex_top.u_ibex_core.if_stage_i.instr_rdata_c_id_o).
Adding EN signal on $driver$u_ibex_top.u_ibex_core.if_stage_i.instr_rdata_alu_id_o ($dff) from module chipus_ibex_wrapper (D = \u_ibex_top.u_ibex_core.if_stage_i.compressed_decoder_i.instr_o, Q = \u_ibex_top.u_ibex_core.if_stage_i.instr_rdata_alu_id_o).
Adding EN signal on $driver$u_ibex_top.u_ibex_core.if_stage_i.instr_is_compressed_id_o ($dff) from module chipus_ibex_wrapper (D = \u_ibex_top.u_ibex_core.if_stage_i.compressed_decoder_i.is_compressed_o, Q = \u_ibex_top.u_ibex_core.if_stage_i.instr_is_compressed_id_o).
Adding EN signal on $driver$u_ibex_top.u_ibex_core.if_stage_i.instr_gets_expanded_id_o ($dff) from module chipus_ibex_wrapper (D = 2'00, Q = \u_ibex_top.u_ibex_core.if_stage_i.instr_gets_expanded_id_o).
Adding EN signal on $driver$u_ibex_top.u_ibex_core.if_stage_i.instr_fetch_err_plus2_o ($dff) from module chipus_ibex_wrapper (D = \u_ibex_top.u_ibex_core.if_stage_i.fetch_err_plus2, Q = \u_ibex_top.u_ibex_core.if_stage_i.instr_fetch_err_plus2_o).
Adding SRST signal on $auto$ff.cc:337:slice$10944 ($dffe) from module chipus_ibex_wrapper (D = \u_ibex_top.u_ibex_core.if_stage_i.gen_prefetch_buffer.prefetch_buffer_i.fifo_i.err_plus2, Q = \u_ibex_top.u_ibex_core.if_stage_i.instr_fetch_err_plus2_o, rval = 1'0).
Adding EN signal on $driver$u_ibex_top.u_ibex_core.if_stage_i.instr_fetch_err_o ($dff) from module chipus_ibex_wrapper (D = \u_ibex_top.u_ibex_core.if_stage_i.fetch_err, Q = \u_ibex_top.u_ibex_core.if_stage_i.instr_fetch_err_o).
Adding EN signal on $driver$u_ibex_top.u_ibex_core.if_stage_i.illegal_c_insn_id_o ($dff) from module chipus_ibex_wrapper (D = \u_ibex_top.u_ibex_core.if_stage_i.compressed_decoder_i.illegal_instr_o, Q = \u_ibex_top.u_ibex_core.if_stage_i.illegal_c_insn_id_o).
Adding EN signal on $driver$u_ibex_top.u_ibex_core.if_stage_i.gen_prefetch_buffer.prefetch_buffer_i.stored_addr_q ($dff) from module chipus_ibex_wrapper (D = $171y [1:0], Q = \u_ibex_top.u_ibex_core.if_stage_i.gen_prefetch_buffer.prefetch_buffer_i.stored_addr_q [1:0]).
Adding EN signal on $driver$u_ibex_top.u_ibex_core.if_stage_i.gen_prefetch_buffer.prefetch_buffer_i.stored_addr_q ($dff) from module chipus_ibex_wrapper (D = \u_ibex_top.u_ibex_core.if_stage_i.gen_prefetch_buffer.prefetch_buffer_i.instr_addr [31:2], Q = \u_ibex_top.u_ibex_core.if_stage_i.gen_prefetch_buffer.prefetch_buffer_i.stored_addr_q [31:2]).
Adding SRST signal on $auto$ff.cc:337:slice$10948 ($dffe) from module chipus_ibex_wrapper (D = \u_ibex_top.u_ibex_core.if_stage_i.gen_prefetch_buffer.prefetch_buffer_i.fetch_addr_q [0], Q = \u_ibex_top.u_ibex_core.if_stage_i.gen_prefetch_buffer.prefetch_buffer_i.stored_addr_q [0], rval = 1'0).
Adding EN signal on $driver$u_ibex_top.u_ibex_core.if_stage_i.gen_prefetch_buffer.prefetch_buffer_i.fifo_i.rdata_q[2] ($dff) from module chipus_ibex_wrapper (D = \instr_rdata_i, Q = \u_ibex_top.u_ibex_core.if_stage_i.gen_prefetch_buffer.prefetch_buffer_i.fifo_i.rdata_q [95:64]).
Adding EN signal on $driver$u_ibex_top.u_ibex_core.if_stage_i.gen_prefetch_buffer.prefetch_buffer_i.fifo_i.rdata_q[1] ($dff) from module chipus_ibex_wrapper (D = \u_ibex_top.u_ibex_core.if_stage_i.gen_prefetch_buffer.prefetch_buffer_i.fifo_i.rdata_d [63:32], Q = \u_ibex_top.u_ibex_core.if_stage_i.gen_prefetch_buffer.prefetch_buffer_i.fifo_i.rdata_q [63:32]).
Adding EN signal on $driver$u_ibex_top.u_ibex_core.if_stage_i.gen_prefetch_buffer.prefetch_buffer_i.fifo_i.rdata_q[0] ($dff) from module chipus_ibex_wrapper (D = \u_ibex_top.u_ibex_core.if_stage_i.gen_prefetch_buffer.prefetch_buffer_i.fifo_i.rdata_d [31:0], Q = \u_ibex_top.u_ibex_core.if_stage_i.gen_prefetch_buffer.prefetch_buffer_i.fifo_i.rdata_q [31:0]).
Adding EN signal on $driver$u_ibex_top.u_ibex_core.if_stage_i.gen_prefetch_buffer.prefetch_buffer_i.fifo_i.instr_addr_q ($dff) from module chipus_ibex_wrapper (D = \u_ibex_top.u_ibex_core.if_stage_i.gen_prefetch_buffer.prefetch_buffer_i.fifo_i.instr_addr_d, Q = \u_ibex_top.u_ibex_core.if_stage_i.gen_prefetch_buffer.prefetch_buffer_i.fifo_i.instr_addr_q).
Adding EN signal on $driver$u_ibex_top.u_ibex_core.if_stage_i.gen_prefetch_buffer.prefetch_buffer_i.fifo_i.err_q[2:2] ($dff) from module chipus_ibex_wrapper (D = \instr_err_i, Q = \u_ibex_top.u_ibex_core.if_stage_i.gen_prefetch_buffer.prefetch_buffer_i.fifo_i.err_q [2]).
Adding EN signal on $driver$u_ibex_top.u_ibex_core.if_stage_i.gen_prefetch_buffer.prefetch_buffer_i.fifo_i.err_q[1:1] ($dff) from module chipus_ibex_wrapper (D = \u_ibex_top.u_ibex_core.if_stage_i.gen_prefetch_buffer.prefetch_buffer_i.fifo_i.err_d [1], Q = \u_ibex_top.u_ibex_core.if_stage_i.gen_prefetch_buffer.prefetch_buffer_i.fifo_i.err_q [1]).
Adding EN signal on $driver$u_ibex_top.u_ibex_core.if_stage_i.gen_prefetch_buffer.prefetch_buffer_i.fifo_i.err_q[0:0] ($dff) from module chipus_ibex_wrapper (D = \u_ibex_top.u_ibex_core.if_stage_i.gen_prefetch_buffer.prefetch_buffer_i.fifo_i.err_d [0], Q = \u_ibex_top.u_ibex_core.if_stage_i.gen_prefetch_buffer.prefetch_buffer_i.fifo_i.err_q [0]).
Adding EN signal on $driver$u_ibex_top.u_ibex_core.if_stage_i.gen_prefetch_buffer.prefetch_buffer_i.fetch_addr_q ($dff) from module chipus_ibex_wrapper (D = \u_ibex_top.u_ibex_core.if_stage_i.gen_prefetch_buffer.prefetch_buffer_i.fetch_addr_d, Q = \u_ibex_top.u_ibex_core.if_stage_i.gen_prefetch_buffer.prefetch_buffer_i.fetch_addr_q).
Adding EN signal on $driver$u_ibex_top.u_ibex_core.id_stage_i.imd_val_q[1] ($adff) from module chipus_ibex_wrapper (D = \u_ibex_top.u_ibex_core.ex_block_i.imd_val_d_o [33:32], Q = \u_ibex_top.u_ibex_core.id_stage_i.imd_val_q [33:32]).
Adding EN signal on $driver$u_ibex_top.u_ibex_core.id_stage_i.imd_val_q[1] ($adff) from module chipus_ibex_wrapper (D = \u_ibex_top.u_ibex_core.ex_block_i.imd_val_d_o [31:0], Q = \u_ibex_top.u_ibex_core.id_stage_i.imd_val_q [31:0]).
Adding EN signal on $driver$u_ibex_top.u_ibex_core.id_stage_i.imd_val_q[0] ($adff) from module chipus_ibex_wrapper (D = \u_ibex_top.u_ibex_core.ex_block_i.imd_val_d_o [67:34], Q = \u_ibex_top.u_ibex_core.id_stage_i.imd_val_q [67:34]).
Adding EN signal on $driver$u_ibex_top.u_ibex_core.id_stage_i.id_fsm_q ($adff) from module chipus_ibex_wrapper (D = \u_ibex_top.u_ibex_core.id_stage_i.id_fsm_d, Q = \u_ibex_top.u_ibex_core.id_stage_i.id_fsm_q).
Adding EN signal on $driver$u_ibex_top.u_ibex_core.id_stage_i.controller_i.nmi_mode_q ($adff) from module chipus_ibex_wrapper (D = \u_ibex_top.u_ibex_core.id_stage_i.controller_i.nmi_mode_d, Q = \u_ibex_top.u_ibex_core.id_stage_i.controller_i.nmi_mode_q).
Adding EN signal on $driver$u_ibex_top.u_ibex_core.id_stage_i.controller_i.debug_mode_q ($adff) from module chipus_ibex_wrapper (D = \u_ibex_top.u_ibex_core.id_stage_i.controller_i.debug_mode_d, Q = \u_ibex_top.u_ibex_core.id_stage_i.controller_i.debug_mode_q).
Adding EN signal on $driver$u_ibex_top.u_ibex_core.ex_block_i.gen_multdiv_fast.multdiv_i.op_quotient_q ($adff) from module chipus_ibex_wrapper (D = \u_ibex_top.u_ibex_core.ex_block_i.gen_multdiv_fast.multdiv_i.op_quotient_d, Q = \u_ibex_top.u_ibex_core.ex_block_i.gen_multdiv_fast.multdiv_i.op_quotient_q).
Adding EN signal on $driver$u_ibex_top.u_ibex_core.ex_block_i.gen_multdiv_fast.multdiv_i.op_numerator_q ($adff) from module chipus_ibex_wrapper (D = $1434y, Q = \u_ibex_top.u_ibex_core.ex_block_i.gen_multdiv_fast.multdiv_i.op_numerator_q).
Adding EN signal on $driver$u_ibex_top.u_ibex_core.ex_block_i.gen_multdiv_fast.multdiv_i.div_counter_q ($adff) from module chipus_ibex_wrapper (D = \u_ibex_top.u_ibex_core.ex_block_i.gen_multdiv_fast.multdiv_i.div_counter_d, Q = \u_ibex_top.u_ibex_core.ex_block_i.gen_multdiv_fast.multdiv_i.div_counter_q).
Adding EN signal on $driver$u_ibex_top.u_ibex_core.ex_block_i.gen_multdiv_fast.multdiv_i.div_by_zero_q ($adff) from module chipus_ibex_wrapper (D = \u_ibex_top.u_ibex_core.ex_block_i.alu_i.is_equal, Q = \u_ibex_top.u_ibex_core.ex_block_i.gen_multdiv_fast.multdiv_i.div_by_zero_q).
Adding EN signal on $driver$u_ibex_top.u_ibex_core.cs_registers_i.u_mtvec_csr.rdata_q ($adff) from module chipus_ibex_wrapper (D = \u_ibex_top.u_ibex_core.cs_registers_i.mtvec_d_combi, Q = \u_ibex_top.u_ibex_core.cs_registers_i.u_mtvec_csr.rdata_q).
Adding EN signal on $driver$u_ibex_top.u_ibex_core.cs_registers_i.u_mtval_csr.rdata_q ($adff) from module chipus_ibex_wrapper (D = \u_ibex_top.u_ibex_core.cs_registers_i.mtval_d, Q = \u_ibex_top.u_ibex_core.cs_registers_i.u_mtval_csr.rdata_q).
Adding EN signal on $driver$u_ibex_top.u_ibex_core.cs_registers_i.u_mstatus_csr.rdata_q ($adff) from module chipus_ibex_wrapper (D = \u_ibex_top.u_ibex_core.cs_registers_i.mstatus_d [5:1], Q = \u_ibex_top.u_ibex_core.cs_registers_i.u_mstatus_csr.rdata_q [5:1]).
Adding EN signal on $driver$u_ibex_top.u_ibex_core.cs_registers_i.u_mstatus_csr.rdata_q ($adff) from module chipus_ibex_wrapper (D = \u_ibex_top.u_ibex_core.cs_registers_i.csr_wdata_int [21], Q = \u_ibex_top.u_ibex_core.cs_registers_i.u_mstatus_csr.rdata_q [0]).
Adding EN signal on $driver$u_ibex_top.u_ibex_core.cs_registers_i.u_mstack_epc_csr.rdata_q ($adff) from module chipus_ibex_wrapper (D = \u_ibex_top.u_ibex_core.cs_registers_i.u_mepc_csr.rdata_q, Q = \u_ibex_top.u_ibex_core.cs_registers_i.u_mstack_epc_csr.rdata_q).
Adding EN signal on $driver$u_ibex_top.u_ibex_core.cs_registers_i.u_mstack_csr.rdata_q ($adff) from module chipus_ibex_wrapper (D = \u_ibex_top.u_ibex_core.cs_registers_i.u_mstatus_csr.rdata_q [4:2], Q = \u_ibex_top.u_ibex_core.cs_registers_i.u_mstack_csr.rdata_q).
Adding EN signal on $driver$u_ibex_top.u_ibex_core.cs_registers_i.u_mstack_cause_csr.rdata_q ($adff) from module chipus_ibex_wrapper (D = \u_ibex_top.u_ibex_core.cs_registers_i.u_mcause_csr.rdata_q, Q = \u_ibex_top.u_ibex_core.cs_registers_i.u_mstack_cause_csr.rdata_q).
Adding EN signal on $driver$u_ibex_top.u_ibex_core.cs_registers_i.u_mscratch_csr.rdata_q ($adff) from module chipus_ibex_wrapper (D = \u_ibex_top.u_ibex_core.cs_registers_i.csr_wdata_int, Q = \u_ibex_top.u_ibex_core.cs_registers_i.u_mscratch_csr.rdata_q).
Adding EN signal on $driver$u_ibex_top.u_ibex_core.cs_registers_i.u_mie_csr.rdata_q ($adff) from module chipus_ibex_wrapper (D = { \u_ibex_top.u_ibex_core.cs_registers_i.csr_wdata_int [3] \u_ibex_top.u_ibex_core.cs_registers_i.csr_wdata_int [7] \u_ibex_top.u_ibex_core.cs_registers_i.csr_wdata_int [11] \u_ibex_top.u_ibex_core.cs_registers_i.csr_wdata_int [30:16] }, Q = \u_ibex_top.u_ibex_core.cs_registers_i.u_mie_csr.rdata_q).
Adding EN signal on $driver$u_ibex_top.u_ibex_core.cs_registers_i.u_mepc_csr.rdata_q ($adff) from module chipus_ibex_wrapper (D = \u_ibex_top.u_ibex_core.cs_registers_i.mepc_d_combi, Q = \u_ibex_top.u_ibex_core.cs_registers_i.u_mepc_csr.rdata_q).
Adding EN signal on $driver$u_ibex_top.u_ibex_core.cs_registers_i.u_mcounteren_csr.rdata_q ($adff) from module chipus_ibex_wrapper (D = { \u_ibex_top.u_ibex_core.cs_registers_i.csr_wdata_int [2] 1'0 \u_ibex_top.u_ibex_core.cs_registers_i.csr_wdata_int [0] }, Q = \u_ibex_top.u_ibex_core.cs_registers_i.u_mcounteren_csr.rdata_q).
Adding EN signal on $driver$u_ibex_top.u_ibex_core.cs_registers_i.u_mcause_csr.rdata_q ($adff) from module chipus_ibex_wrapper (D = \u_ibex_top.u_ibex_core.cs_registers_i.mcause_d, Q = \u_ibex_top.u_ibex_core.cs_registers_i.u_mcause_csr.rdata_q).
Adding EN signal on $driver$u_ibex_top.u_ibex_core.cs_registers_i.u_dscratch1_csr.rdata_q ($adff) from module chipus_ibex_wrapper (D = \u_ibex_top.u_ibex_core.cs_registers_i.dscratch1_d_combi, Q = \u_ibex_top.u_ibex_core.cs_registers_i.u_dscratch1_csr.rdata_q).
Adding EN signal on $driver$u_ibex_top.u_ibex_core.cs_registers_i.u_dscratch0_csr.rdata_q ($adff) from module chipus_ibex_wrapper (D = \u_ibex_top.u_ibex_core.cs_registers_i.dscratch0_d_combi, Q = \u_ibex_top.u_ibex_core.cs_registers_i.u_dscratch0_csr.rdata_q).
Adding EN signal on $driver$u_ibex_top.u_ibex_core.cs_registers_i.u_depc_csr.rdata_q ($adff) from module chipus_ibex_wrapper (D = \u_ibex_top.u_ibex_core.cs_registers_i.depc_d_combi, Q = \u_ibex_top.u_ibex_core.cs_registers_i.u_depc_csr.rdata_q).
Adding EN signal on $driver$u_ibex_top.u_ibex_core.cs_registers_i.u_dcsr_csr.rdata_q ($adff) from module chipus_ibex_wrapper (D = { \u_ibex_top.u_ibex_core.cs_registers_i.dcsr_d [8:6] \u_ibex_top.u_ibex_core.cs_registers_i.dcsr_d [1:0] }, Q = { \u_ibex_top.u_ibex_core.cs_registers_i.u_dcsr_csr.rdata_q [8:6] \u_ibex_top.u_ibex_core.cs_registers_i.u_dcsr_csr.rdata_q [1:0] }).
Adding EN signal on $driver$u_ibex_top.u_ibex_core.cs_registers_i.u_dcsr_csr.rdata_q ($adff) from module chipus_ibex_wrapper (D = { 16'0100000000000000 \u_ibex_top.u_ibex_core.cs_registers_i.csr_wdata_int [15] 1'0 \u_ibex_top.u_ibex_core.cs_registers_i.csr_wdata_int [13:12] 6'000000 \u_ibex_top.u_ibex_core.cs_registers_i.csr_wdata_int [2] }, Q = { \u_ibex_top.u_ibex_core.cs_registers_i.u_dcsr_csr.rdata_q [31:9] \u_ibex_top.u_ibex_core.cs_registers_i.u_dcsr_csr.rdata_q [5:2] }).
Adding EN signal on $driver$u_ibex_top.u_ibex_core.cs_registers_i.u_cpuctrlsts_part_csr.rdata_q ($adff) from module chipus_ibex_wrapper (D = \u_ibex_top.u_ibex_core.cs_registers_i.cpuctrlsts_part_d [7:6], Q = \u_ibex_top.u_ibex_core.cs_registers_i.u_cpuctrlsts_part_csr.rdata_q [7:6]).
Adding EN signal on $driver$u_ibex_top.u_ibex_core.cs_registers_i.u_cpuctrlsts_part_csr.rdata_q ($adff) from module chipus_ibex_wrapper (D = 6'000000, Q = \u_ibex_top.u_ibex_core.cs_registers_i.u_cpuctrlsts_part_csr.rdata_q [5:0]).
Adding EN signal on $driver$u_ibex_top.u_ibex_core.cs_registers_i.priv_lvl_q ($adff) from module chipus_ibex_wrapper (D = \u_ibex_top.u_ibex_core.cs_registers_i.priv_lvl_d, Q = \u_ibex_top.u_ibex_core.cs_registers_i.priv_lvl_q).
Adding EN signal on $driver$u_ibex_top.u_ibex_core.cs_registers_i.minstret_counter_i.counter_q ($adff) from module chipus_ibex_wrapper (D = \u_ibex_top.u_ibex_core.cs_registers_i.minstret_counter_i.counter_d [63:32], Q = \u_ibex_top.u_ibex_core.cs_registers_i.minstret_counter_i.counter_q [63:32]).
Adding EN signal on $driver$u_ibex_top.u_ibex_core.cs_registers_i.minstret_counter_i.counter_q ($adff) from module chipus_ibex_wrapper (D = \u_ibex_top.u_ibex_core.cs_registers_i.minstret_counter_i.counter_d [31:0], Q = \u_ibex_top.u_ibex_core.cs_registers_i.minstret_counter_i.counter_q [31:0]).
Adding EN signal on $driver$u_ibex_top.u_ibex_core.cs_registers_i.mcycle_counter_i.counter_q ($adff) from module chipus_ibex_wrapper (D = \u_ibex_top.u_ibex_core.cs_registers_i.mcycle_counter_i.counter_d [63:32], Q = \u_ibex_top.u_ibex_core.cs_registers_i.mcycle_counter_i.counter_q [63:32]).
Adding EN signal on $driver$u_ibex_top.u_ibex_core.cs_registers_i.mcycle_counter_i.counter_q ($adff) from module chipus_ibex_wrapper (D = \u_ibex_top.u_ibex_core.cs_registers_i.mcycle_counter_i.counter_d [31:0], Q = \u_ibex_top.u_ibex_core.cs_registers_i.mcycle_counter_i.counter_q [31:0]).
Adding EN signal on $driver$u_ibex_top.u_ibex_core.cs_registers_i.mcountinhibit_q ($adff) from module chipus_ibex_wrapper (D = { \u_ibex_top.u_ibex_core.cs_registers_i.csr_wdata_int [2] 1'0 \u_ibex_top.u_ibex_core.cs_registers_i.csr_wdata_int [0] }, Q = \u_ibex_top.u_ibex_core.cs_registers_i.mcountinhibit_q).
Adding EN signal on $driver$u_ibex_top.gen_regfile_ff.register_file_i.g_plain_rf.g_rf_flops[9].rf_reg_q ($adff) from module chipus_ibex_wrapper (D = \u_ibex_top.gen_regfile_ff.register_file_i.wdata_a_i, Q = \u_ibex_top.gen_regfile_ff.register_file_i.g_plain_rf.g_rf_flops[9].rf_reg_q).
Adding EN signal on $driver$u_ibex_top.gen_regfile_ff.register_file_i.g_plain_rf.g_rf_flops[8].rf_reg_q ($adff) from module chipus_ibex_wrapper (D = \u_ibex_top.gen_regfile_ff.register_file_i.wdata_a_i, Q = \u_ibex_top.gen_regfile_ff.register_file_i.g_plain_rf.g_rf_flops[8].rf_reg_q).
Adding EN signal on $driver$u_ibex_top.gen_regfile_ff.register_file_i.g_plain_rf.g_rf_flops[7].rf_reg_q ($adff) from module chipus_ibex_wrapper (D = \u_ibex_top.gen_regfile_ff.register_file_i.wdata_a_i, Q = \u_ibex_top.gen_regfile_ff.register_file_i.g_plain_rf.g_rf_flops[7].rf_reg_q).
Adding EN signal on $driver$u_ibex_top.gen_regfile_ff.register_file_i.g_plain_rf.g_rf_flops[6].rf_reg_q ($adff) from module chipus_ibex_wrapper (D = \u_ibex_top.gen_regfile_ff.register_file_i.wdata_a_i, Q = \u_ibex_top.gen_regfile_ff.register_file_i.g_plain_rf.g_rf_flops[6].rf_reg_q).
Adding EN signal on $driver$u_ibex_top.gen_regfile_ff.register_file_i.g_plain_rf.g_rf_flops[5].rf_reg_q ($adff) from module chipus_ibex_wrapper (D = \u_ibex_top.gen_regfile_ff.register_file_i.wdata_a_i, Q = \u_ibex_top.gen_regfile_ff.register_file_i.g_plain_rf.g_rf_flops[5].rf_reg_q).
Adding EN signal on $driver$u_ibex_top.gen_regfile_ff.register_file_i.g_plain_rf.g_rf_flops[4].rf_reg_q ($adff) from module chipus_ibex_wrapper (D = \u_ibex_top.gen_regfile_ff.register_file_i.wdata_a_i, Q = \u_ibex_top.gen_regfile_ff.register_file_i.g_plain_rf.g_rf_flops[4].rf_reg_q).
Adding EN signal on $driver$u_ibex_top.gen_regfile_ff.register_file_i.g_plain_rf.g_rf_flops[3].rf_reg_q ($adff) from module chipus_ibex_wrapper (D = \u_ibex_top.gen_regfile_ff.register_file_i.wdata_a_i, Q = \u_ibex_top.gen_regfile_ff.register_file_i.g_plain_rf.g_rf_flops[3].rf_reg_q).
Adding EN signal on $driver$u_ibex_top.gen_regfile_ff.register_file_i.g_plain_rf.g_rf_flops[31].rf_reg_q ($adff) from module chipus_ibex_wrapper (D = \u_ibex_top.gen_regfile_ff.register_file_i.wdata_a_i, Q = \u_ibex_top.gen_regfile_ff.register_file_i.g_plain_rf.g_rf_flops[31].rf_reg_q).
Adding EN signal on $driver$u_ibex_top.gen_regfile_ff.register_file_i.g_plain_rf.g_rf_flops[30].rf_reg_q ($adff) from module chipus_ibex_wrapper (D = \u_ibex_top.gen_regfile_ff.register_file_i.wdata_a_i, Q = \u_ibex_top.gen_regfile_ff.register_file_i.g_plain_rf.g_rf_flops[30].rf_reg_q).
Adding EN signal on $driver$u_ibex_top.gen_regfile_ff.register_file_i.g_plain_rf.g_rf_flops[2].rf_reg_q ($adff) from module chipus_ibex_wrapper (D = \u_ibex_top.gen_regfile_ff.register_file_i.wdata_a_i, Q = \u_ibex_top.gen_regfile_ff.register_file_i.g_plain_rf.g_rf_flops[2].rf_reg_q).
Adding EN signal on $driver$u_ibex_top.gen_regfile_ff.register_file_i.g_plain_rf.g_rf_flops[29].rf_reg_q ($adff) from module chipus_ibex_wrapper (D = \u_ibex_top.gen_regfile_ff.register_file_i.wdata_a_i, Q = \u_ibex_top.gen_regfile_ff.register_file_i.g_plain_rf.g_rf_flops[29].rf_reg_q).
Adding EN signal on $driver$u_ibex_top.gen_regfile_ff.register_file_i.g_plain_rf.g_rf_flops[28].rf_reg_q ($adff) from module chipus_ibex_wrapper (D = \u_ibex_top.gen_regfile_ff.register_file_i.wdata_a_i, Q = \u_ibex_top.gen_regfile_ff.register_file_i.g_plain_rf.g_rf_flops[28].rf_reg_q).
Adding EN signal on $driver$u_ibex_top.gen_regfile_ff.register_file_i.g_plain_rf.g_rf_flops[27].rf_reg_q ($adff) from module chipus_ibex_wrapper (D = \u_ibex_top.gen_regfile_ff.register_file_i.wdata_a_i, Q = \u_ibex_top.gen_regfile_ff.register_file_i.g_plain_rf.g_rf_flops[27].rf_reg_q).
Adding EN signal on $driver$u_ibex_top.gen_regfile_ff.register_file_i.g_plain_rf.g_rf_flops[26].rf_reg_q ($adff) from module chipus_ibex_wrapper (D = \u_ibex_top.gen_regfile_ff.register_file_i.wdata_a_i, Q = \u_ibex_top.gen_regfile_ff.register_file_i.g_plain_rf.g_rf_flops[26].rf_reg_q).
Adding EN signal on $driver$u_ibex_top.gen_regfile_ff.register_file_i.g_plain_rf.g_rf_flops[25].rf_reg_q ($adff) from module chipus_ibex_wrapper (D = \u_ibex_top.gen_regfile_ff.register_file_i.wdata_a_i, Q = \u_ibex_top.gen_regfile_ff.register_file_i.g_plain_rf.g_rf_flops[25].rf_reg_q).
Adding EN signal on $driver$u_ibex_top.gen_regfile_ff.register_file_i.g_plain_rf.g_rf_flops[24].rf_reg_q ($adff) from module chipus_ibex_wrapper (D = \u_ibex_top.gen_regfile_ff.register_file_i.wdata_a_i, Q = \u_ibex_top.gen_regfile_ff.register_file_i.g_plain_rf.g_rf_flops[24].rf_reg_q).
Adding EN signal on $driver$u_ibex_top.gen_regfile_ff.register_file_i.g_plain_rf.g_rf_flops[23].rf_reg_q ($adff) from module chipus_ibex_wrapper (D = \u_ibex_top.gen_regfile_ff.register_file_i.wdata_a_i, Q = \u_ibex_top.gen_regfile_ff.register_file_i.g_plain_rf.g_rf_flops[23].rf_reg_q).
Adding EN signal on $driver$u_ibex_top.gen_regfile_ff.register_file_i.g_plain_rf.g_rf_flops[22].rf_reg_q ($adff) from module chipus_ibex_wrapper (D = \u_ibex_top.gen_regfile_ff.register_file_i.wdata_a_i, Q = \u_ibex_top.gen_regfile_ff.register_file_i.g_plain_rf.g_rf_flops[22].rf_reg_q).
Adding EN signal on $driver$u_ibex_top.gen_regfile_ff.register_file_i.g_plain_rf.g_rf_flops[21].rf_reg_q ($adff) from module chipus_ibex_wrapper (D = \u_ibex_top.gen_regfile_ff.register_file_i.wdata_a_i, Q = \u_ibex_top.gen_regfile_ff.register_file_i.g_plain_rf.g_rf_flops[21].rf_reg_q).
Adding EN signal on $driver$u_ibex_top.gen_regfile_ff.register_file_i.g_plain_rf.g_rf_flops[20].rf_reg_q ($adff) from module chipus_ibex_wrapper (D = \u_ibex_top.gen_regfile_ff.register_file_i.wdata_a_i, Q = \u_ibex_top.gen_regfile_ff.register_file_i.g_plain_rf.g_rf_flops[20].rf_reg_q).
Adding EN signal on $driver$u_ibex_top.gen_regfile_ff.register_file_i.g_plain_rf.g_rf_flops[1].rf_reg_q ($adff) from module chipus_ibex_wrapper (D = \u_ibex_top.gen_regfile_ff.register_file_i.wdata_a_i, Q = \u_ibex_top.gen_regfile_ff.register_file_i.g_plain_rf.g_rf_flops[1].rf_reg_q).
Adding EN signal on $driver$u_ibex_top.gen_regfile_ff.register_file_i.g_plain_rf.g_rf_flops[19].rf_reg_q ($adff) from module chipus_ibex_wrapper (D = \u_ibex_top.gen_regfile_ff.register_file_i.wdata_a_i, Q = \u_ibex_top.gen_regfile_ff.register_file_i.g_plain_rf.g_rf_flops[19].rf_reg_q).
Adding EN signal on $driver$u_ibex_top.gen_regfile_ff.register_file_i.g_plain_rf.g_rf_flops[18].rf_reg_q ($adff) from module chipus_ibex_wrapper (D = \u_ibex_top.gen_regfile_ff.register_file_i.wdata_a_i, Q = \u_ibex_top.gen_regfile_ff.register_file_i.g_plain_rf.g_rf_flops[18].rf_reg_q).
Adding EN signal on $driver$u_ibex_top.gen_regfile_ff.register_file_i.g_plain_rf.g_rf_flops[17].rf_reg_q ($adff) from module chipus_ibex_wrapper (D = \u_ibex_top.gen_regfile_ff.register_file_i.wdata_a_i, Q = \u_ibex_top.gen_regfile_ff.register_file_i.g_plain_rf.g_rf_flops[17].rf_reg_q).
Adding EN signal on $driver$u_ibex_top.gen_regfile_ff.register_file_i.g_plain_rf.g_rf_flops[16].rf_reg_q ($adff) from module chipus_ibex_wrapper (D = \u_ibex_top.gen_regfile_ff.register_file_i.wdata_a_i, Q = \u_ibex_top.gen_regfile_ff.register_file_i.g_plain_rf.g_rf_flops[16].rf_reg_q).
Adding EN signal on $driver$u_ibex_top.gen_regfile_ff.register_file_i.g_plain_rf.g_rf_flops[15].rf_reg_q ($adff) from module chipus_ibex_wrapper (D = \u_ibex_top.gen_regfile_ff.register_file_i.wdata_a_i, Q = \u_ibex_top.gen_regfile_ff.register_file_i.g_plain_rf.g_rf_flops[15].rf_reg_q).
Adding EN signal on $driver$u_ibex_top.gen_regfile_ff.register_file_i.g_plain_rf.g_rf_flops[14].rf_reg_q ($adff) from module chipus_ibex_wrapper (D = \u_ibex_top.gen_regfile_ff.register_file_i.wdata_a_i, Q = \u_ibex_top.gen_regfile_ff.register_file_i.g_plain_rf.g_rf_flops[14].rf_reg_q).
Adding EN signal on $driver$u_ibex_top.gen_regfile_ff.register_file_i.g_plain_rf.g_rf_flops[13].rf_reg_q ($adff) from module chipus_ibex_wrapper (D = \u_ibex_top.gen_regfile_ff.register_file_i.wdata_a_i, Q = \u_ibex_top.gen_regfile_ff.register_file_i.g_plain_rf.g_rf_flops[13].rf_reg_q).
Adding EN signal on $driver$u_ibex_top.gen_regfile_ff.register_file_i.g_plain_rf.g_rf_flops[12].rf_reg_q ($adff) from module chipus_ibex_wrapper (D = \u_ibex_top.gen_regfile_ff.register_file_i.wdata_a_i, Q = \u_ibex_top.gen_regfile_ff.register_file_i.g_plain_rf.g_rf_flops[12].rf_reg_q).
Adding EN signal on $driver$u_ibex_top.gen_regfile_ff.register_file_i.g_plain_rf.g_rf_flops[11].rf_reg_q ($adff) from module chipus_ibex_wrapper (D = \u_ibex_top.gen_regfile_ff.register_file_i.wdata_a_i, Q = \u_ibex_top.gen_regfile_ff.register_file_i.g_plain_rf.g_rf_flops[11].rf_reg_q).
Adding EN signal on $driver$u_ibex_top.gen_regfile_ff.register_file_i.g_plain_rf.g_rf_flops[10].rf_reg_q ($adff) from module chipus_ibex_wrapper (D = \u_ibex_top.gen_regfile_ff.register_file_i.wdata_a_i, Q = \u_ibex_top.gen_regfile_ff.register_file_i.g_plain_rf.g_rf_flops[10].rf_reg_q).
Setting constant 0-bit at position 1 on $auto$ff.cc:337:slice$11072 ($adffe) from module chipus_ibex_wrapper.
Setting constant 0-bit at position 0 on $auto$ff.cc:337:slice$11038 ($adffe) from module chipus_ibex_wrapper.
Setting constant 0-bit at position 1 on $auto$ff.cc:337:slice$11038 ($adffe) from module chipus_ibex_wrapper.
Setting constant 0-bit at position 2 on $auto$ff.cc:337:slice$11038 ($adffe) from module chipus_ibex_wrapper.
Setting constant 0-bit at position 3 on $auto$ff.cc:337:slice$11038 ($adffe) from module chipus_ibex_wrapper.
Setting constant 0-bit at position 4 on $auto$ff.cc:337:slice$11038 ($adffe) from module chipus_ibex_wrapper.
Setting constant 0-bit at position 5 on $auto$ff.cc:337:slice$11038 ($adffe) from module chipus_ibex_wrapper.
Setting constant 0-bit at position 1 on $auto$ff.cc:337:slice$11034 ($adffe) from module chipus_ibex_wrapper.
Setting constant 0-bit at position 2 on $auto$ff.cc:337:slice$11034 ($adffe) from module chipus_ibex_wrapper.
Setting constant 0-bit at position 3 on $auto$ff.cc:337:slice$11034 ($adffe) from module chipus_ibex_wrapper.
Setting constant 0-bit at position 4 on $auto$ff.cc:337:slice$11034 ($adffe) from module chipus_ibex_wrapper.
Setting constant 0-bit at position 5 on $auto$ff.cc:337:slice$11034 ($adffe) from module chipus_ibex_wrapper.
Setting constant 0-bit at position 6 on $auto$ff.cc:337:slice$11034 ($adffe) from module chipus_ibex_wrapper.
Setting constant 0-bit at position 9 on $auto$ff.cc:337:slice$11034 ($adffe) from module chipus_ibex_wrapper.
Setting constant 0-bit at position 11 on $auto$ff.cc:337:slice$11034 ($adffe) from module chipus_ibex_wrapper.
Setting constant 0-bit at position 12 on $auto$ff.cc:337:slice$11034 ($adffe) from module chipus_ibex_wrapper.
Setting constant 0-bit at position 13 on $auto$ff.cc:337:slice$11034 ($adffe) from module chipus_ibex_wrapper.
Setting constant 0-bit at position 14 on $auto$ff.cc:337:slice$11034 ($adffe) from module chipus_ibex_wrapper.
Setting constant 0-bit at position 15 on $auto$ff.cc:337:slice$11034 ($adffe) from module chipus_ibex_wrapper.
Setting constant 0-bit at position 16 on $auto$ff.cc:337:slice$11034 ($adffe) from module chipus_ibex_wrapper.
Setting constant 0-bit at position 17 on $auto$ff.cc:337:slice$11034 ($adffe) from module chipus_ibex_wrapper.
Setting constant 0-bit at position 18 on $auto$ff.cc:337:slice$11034 ($adffe) from module chipus_ibex_wrapper.
Setting constant 0-bit at position 19 on $auto$ff.cc:337:slice$11034 ($adffe) from module chipus_ibex_wrapper.
Setting constant 0-bit at position 20 on $auto$ff.cc:337:slice$11034 ($adffe) from module chipus_ibex_wrapper.
Setting constant 0-bit at position 21 on $auto$ff.cc:337:slice$11034 ($adffe) from module chipus_ibex_wrapper.
Setting constant 0-bit at position 22 on $auto$ff.cc:337:slice$11034 ($adffe) from module chipus_ibex_wrapper.
Setting constant 0-bit at position 23 on $auto$ff.cc:337:slice$11034 ($adffe) from module chipus_ibex_wrapper.
Setting constant 0-bit at position 24 on $auto$ff.cc:337:slice$11034 ($adffe) from module chipus_ibex_wrapper.
Setting constant 1-bit at position 25 on $auto$ff.cc:337:slice$11034 ($adffe) from module chipus_ibex_wrapper.
Setting constant 0-bit at position 26 on $auto$ff.cc:337:slice$11034 ($adffe) from module chipus_ibex_wrapper.
Setting constant 0-bit at position 1 on $auto$ff.cc:337:slice$11028 ($adffe) from module chipus_ibex_wrapper.
Setting constant 0-bit at position 0 on $auto$ff.cc:337:slice$10943 ($dffe) from module chipus_ibex_wrapper.
Setting constant 0-bit at position 1 on $auto$ff.cc:337:slice$10943 ($dffe) from module chipus_ibex_wrapper.
Setting constant 0-bit at position 0 on $auto$ff.cc:337:slice$10938 ($dffe) from module chipus_ibex_wrapper.

52. Executing OPT_CLEAN pass (remove unused cells and wires).
Finding unused cells or wires in module \chipus_ibex_wrapper..
Removed 84 unused cells and 145 unused wires.
<suppressed ~93 debug messages>

53. Executing OPT_EXPR pass (perform const folding).
Optimizing module chipus_ibex_wrapper.
<suppressed ~21 debug messages>

54. Rerunning OPT passes. (Maybe there is more to do…)

55. Executing OPT_MUXTREE pass (detect dead branches in mux trees).
Running muxtree optimizer on module \chipus_ibex_wrapper..
  Creating internal representation of mux trees.
  Evaluating internal representation of mux trees.
  Analyzing evaluation results.
Removed 0 multiplexer ports.
<suppressed ~953 debug messages>

56. Executing OPT_REDUCE pass (consolidate $*mux and $reduce_* inputs).
  Optimizing cells in module \chipus_ibex_wrapper.
Performed a total of 0 changes.

57. Executing OPT_MERGE pass (detect identical cells).
Finding identical cells in module `\chipus_ibex_wrapper'.
Computing hashes of 1659 cells of `\chipus_ibex_wrapper'.
Finding duplicate cells in `\chipus_ibex_wrapper'.
Computing hashes of 1645 cells of `\chipus_ibex_wrapper'.
Finding duplicate cells in `\chipus_ibex_wrapper'.
Computing hashes of 1607 cells of `\chipus_ibex_wrapper'.
Finding duplicate cells in `\chipus_ibex_wrapper'.
Computing hashes of 1606 cells of `\chipus_ibex_wrapper'.
Finding duplicate cells in `\chipus_ibex_wrapper'.
<suppressed ~159 debug messages>
Removed a total of 53 cells.

58. Executing OPT_DFF pass (perform DFF optimizations).

59. Executing OPT_CLEAN pass (remove unused cells and wires).
Finding unused cells or wires in module \chipus_ibex_wrapper..
Removed 0 unused cells and 50 unused wires.
<suppressed ~1 debug messages>

60. Executing OPT_EXPR pass (perform const folding).
Optimizing module chipus_ibex_wrapper.

61. Rerunning OPT passes. (Maybe there is more to do…)

62. Executing OPT_MUXTREE pass (detect dead branches in mux trees).
Running muxtree optimizer on module \chipus_ibex_wrapper..
  Creating internal representation of mux trees.
  Evaluating internal representation of mux trees.
  Analyzing evaluation results.
Removed 0 multiplexer ports.
<suppressed ~953 debug messages>

63. Executing OPT_REDUCE pass (consolidate $*mux and $reduce_* inputs).
  Optimizing cells in module \chipus_ibex_wrapper.
Performed a total of 0 changes.

64. Executing OPT_MERGE pass (detect identical cells).
Finding identical cells in module `\chipus_ibex_wrapper'.
Computing hashes of 1606 cells of `\chipus_ibex_wrapper'.
Finding duplicate cells in `\chipus_ibex_wrapper'.
Removed a total of 0 cells.

65. Executing OPT_DFF pass (perform DFF optimizations).

66. Executing OPT_CLEAN pass (remove unused cells and wires).
Finding unused cells or wires in module \chipus_ibex_wrapper..

67. Executing OPT_EXPR pass (perform const folding).
Optimizing module chipus_ibex_wrapper.

68. Executing WREDUCE pass (reducing word size of cells).
Removed top 27 address bits (of 32) from memory init port chipus_ibex_wrapper.$auto$mem.cc:351:emit$4 ($auto$proc_rom.cc:155:do_switch$2).
Removed top 1 bits (of 2) from port B of cell chipus_ibex_wrapper.$auto$opt_dff.cc:235:make_patterns_logic$11060 ($ne).
Removed top 1 bits (of 2) from port B of cell chipus_ibex_wrapper.$auto$opt_dff.cc:235:make_patterns_logic$10999 ($ne).
Removed top 1 bits (of 2) from port B of cell chipus_ibex_wrapper.$auto$opt_dff.cc:235:make_patterns_logic$10990 ($ne).
Removed top 1 bits (of 2) from port B of cell chipus_ibex_wrapper.$auto$opt_dff.cc:235:make_patterns_logic$10988 ($ne).
Removed top 1 bits (of 2) from port B of cell chipus_ibex_wrapper.$auto$opt_dff.cc:235:make_patterns_logic$10984 ($ne).
Removed top 5 bits (of 7) from port B of cell chipus_ibex_wrapper.$auto$opt_dff.cc:235:make_patterns_logic$10976 ($ne).
Removed top 1 bits (of 5) from port B of cell chipus_ibex_wrapper.$auto$opt_dff.cc:235:make_patterns_logic$10972 ($ne).
Removed top 1 bits (of 2) from port B of cell chipus_ibex_wrapper.$auto$opt_dff.cc:235:make_patterns_logic$10967 ($ne).
Removed top 2 bits (of 4) from port B of cell chipus_ibex_wrapper.$auto$fsm_map.cc:77:implement_pattern_cache$10865 ($eq).
Removed top 2 bits (of 3) from port B of cell chipus_ibex_wrapper.$auto$fsm_map.cc:77:implement_pattern_cache$10839 ($eq).
Removed top 2 bits (of 4) from port B of cell chipus_ibex_wrapper.$auto$fsm_map.cc:77:implement_pattern_cache$10835 ($eq).
Removed top 2 bits (of 4) from port B of cell chipus_ibex_wrapper.$auto$fsm_map.cc:77:implement_pattern_cache$10819 ($eq).
Removed top 1 bits (of 3) from port B of cell chipus_ibex_wrapper.$auto$fsm_map.cc:77:implement_pattern_cache$10815 ($eq).
Removed top 2 bits (of 3) from port B of cell chipus_ibex_wrapper.$auto$fsm_map.cc:77:implement_pattern_cache$10811 ($eq).
Removed top 1 bits (of 4) from port B of cell chipus_ibex_wrapper.$auto$fsm_map.cc:77:implement_pattern_cache$10807 ($eq).
Removed top 1 bits (of 2) from port B of cell chipus_ibex_wrapper.$auto$fsm_map.cc:77:implement_pattern_cache$10802 ($eq).
Removed top 2 bits (of 5) from port B of cell chipus_ibex_wrapper.$auto$fsm_map.cc:77:implement_pattern_cache$10794 ($eq).
Removed top 1 bits (of 2) from port B of cell chipus_ibex_wrapper.$auto$fsm_map.cc:77:implement_pattern_cache$10759 ($eq).
Removed top 1 bits (of 2) from port B of cell chipus_ibex_wrapper.$auto$fsm_map.cc:77:implement_pattern_cache$10741 ($eq).
Removed top 1 bits (of 2) from port B of cell chipus_ibex_wrapper.$auto$fsm_map.cc:77:implement_pattern_cache$10688 ($eq).
Removed top 3 bits (of 4) from FF cell chipus_ibex_wrapper.$driver$u_ibex_top.core_busy_q ($adff).
Removed top 3 bits (of 4) from mux cell chipus_ibex_wrapper.$25 ($mux).
Removed top 29 bits (of 31) from port B of cell chipus_ibex_wrapper.$92 ($add).
Removed top 29 bits (of 32) from port B of cell chipus_ibex_wrapper.$168 ($add).
Removed top 3 bits (of 5) from port B of cell chipus_ibex_wrapper.$265 ($eq).
Removed top 27 bits (of 32) from mux cell chipus_ibex_wrapper.$367 ($mux).
Removed top 29 bits (of 32) from mux cell chipus_ibex_wrapper.$371 ($mux).
Removed top 1 bits (of 5) from port B of cell chipus_ibex_wrapper.$724 ($eq).
Removed top 2 bits (of 12) from port B of cell chipus_ibex_wrapper.$774 ($eq).
Removed top 2 bits (of 12) from port B of cell chipus_ibex_wrapper.$775 ($eq).
Removed top 30 bits (of 32) from port B of cell chipus_ibex_wrapper.$1027 ($add).
Removed top 5 bits (of 7) from mux cell chipus_ibex_wrapper.$1040 ($mux).
Removed top 1 bits (of 2) from port B of cell chipus_ibex_wrapper.$1265 ($eq).
Removed top 2 bits (of 34) from mux cell chipus_ibex_wrapper.$1294 ($mux).
Removed top 1 bits (of 34) from port A of cell chipus_ibex_wrapper.$1304 ($add).
Removed top 1 bits (of 34) from port B of cell chipus_ibex_wrapper.$1304 ($add).
Removed top 1 bits (of 34) from port Y of cell chipus_ibex_wrapper.$1304 ($add).
Removed top 26 bits (of 32) from port A of cell chipus_ibex_wrapper.$1321 ($sub).
Removed top 27 bits (of 32) from port B of cell chipus_ibex_wrapper.$1321 ($sub).
Removed top 27 bits (of 32) from port Y of cell chipus_ibex_wrapper.$1321 ($sub).
Removed top 5 bits (of 6) from port A of cell chipus_ibex_wrapper.$1321 ($sub).
Removed top 3 bits (of 7) from port B of cell chipus_ibex_wrapper.$1332 ($eq).
Removed top 1 bits (of 33) from port Y of cell chipus_ibex_wrapper.$1340 ($sshr).
Removed top 5 bits (of 7) from port B of cell chipus_ibex_wrapper.$1348 ($eq).
Removed top 4 bits (of 7) from port B of cell chipus_ibex_wrapper.$1349 ($eq).
Removed top 4 bits (of 7) from port B of cell chipus_ibex_wrapper.$1351 ($eq).
Removed top 4 bits (of 7) from port B of cell chipus_ibex_wrapper.$1352 ($eq).
Converting cell chipus_ibex_wrapper.$1374 ($mul) from unsigned to signed.
Removed top 18 bits (of 35) from port A of cell chipus_ibex_wrapper.$1374 ($mul).
Removed top 18 bits (of 35) from port B of cell chipus_ibex_wrapper.$1374 ($mul).
Removed top 1 bits (of 35) from port Y of cell chipus_ibex_wrapper.$1374 ($mul).
Converting cell chipus_ibex_wrapper.$1375 ($add) from unsigned to signed.
Removed top 1 bits (of 35) from port A of cell chipus_ibex_wrapper.$1375 ($add).
Removed top 1 bits (of 35) from port B of cell chipus_ibex_wrapper.$1375 ($add).
Removed top 1 bits (of 35) from port Y of cell chipus_ibex_wrapper.$1375 ($add).
Removed top 1 bits (of 33) from port A of cell chipus_ibex_wrapper.$1407 ($or).
Removed top 1 bits (of 33) from port B of cell chipus_ibex_wrapper.$1407 ($or).
Removed top 1 bits (of 33) from port Y of cell chipus_ibex_wrapper.$1407 ($or).
Removed top 1 bits (of 33) from mux cell chipus_ibex_wrapper.$1408 ($mux).
Removed top 31 bits (of 32) from port A of cell chipus_ibex_wrapper.$1409 ($shl).
Removed top 4 bits (of 5) from port B of cell chipus_ibex_wrapper.$1421 ($sub).
Converting cell chipus_ibex_wrapper.$1438 ($lt) from signed to unsigned.
Removed top 1 bits (of 6) from port A of cell chipus_ibex_wrapper.$1438 ($lt).
Removed top 1 bits (of 7) from port B of cell chipus_ibex_wrapper.$1438 ($lt).
Removed top 4 bits (of 5) from port B of cell chipus_ibex_wrapper.$1441 ($eq).
Removed top 30 bits (of 32) from mux cell chipus_ibex_wrapper.$1554 ($mux).
Removed top 1 bits (of 2) from port B of cell chipus_ibex_wrapper.$1586 ($eq).
Removed top 2 bits (of 4) from mux cell chipus_ibex_wrapper.$1612 ($mux).
Removed top 2 bits (of 4) from mux cell chipus_ibex_wrapper.$1613 ($mux).
Removed top 2 bits (of 4) from mux cell chipus_ibex_wrapper.$1661 ($mux).
Removed top 1 bits (of 6) from port A of cell chipus_ibex_wrapper.$1835 ($not).
Converting cell chipus_ibex_wrapper.$1856 ($lt) from signed to unsigned.
Removed top 1 bits (of 6) from port A of cell chipus_ibex_wrapper.$1856 ($lt).
Removed top 1 bits (of 7) from port B of cell chipus_ibex_wrapper.$1856 ($lt).
Removed top 2 bits (of 12) from port B of cell chipus_ibex_wrapper.$1884 ($eq).
Removed top 2 bits (of 12) from port B of cell chipus_ibex_wrapper.$1885 ($eq).
Removed top 2 bits (of 12) from port B of cell chipus_ibex_wrapper.$1886 ($eq).
Removed top 2 bits (of 12) from port B of cell chipus_ibex_wrapper.$1887 ($eq).
Removed top 2 bits (of 12) from port B of cell chipus_ibex_wrapper.$1888 ($eq).
Removed top 2 bits (of 12) from port B of cell chipus_ibex_wrapper.$1889 ($eq).
Removed top 2 bits (of 12) from port B of cell chipus_ibex_wrapper.$1890 ($eq).
Removed top 2 bits (of 12) from port B of cell chipus_ibex_wrapper.$1891 ($eq).
Removed top 2 bits (of 12) from port B of cell chipus_ibex_wrapper.$1892 ($eq).
Removed top 2 bits (of 12) from port B of cell chipus_ibex_wrapper.$1893 ($eq).
Removed top 2 bits (of 12) from port B of cell chipus_ibex_wrapper.$1894 ($eq).
Removed top 2 bits (of 12) from port B of cell chipus_ibex_wrapper.$1895 ($eq).
Removed top 2 bits (of 12) from port B of cell chipus_ibex_wrapper.$1896 ($eq).
Removed top 2 bits (of 12) from port B of cell chipus_ibex_wrapper.$1897 ($eq).
Removed top 2 bits (of 12) from port B of cell chipus_ibex_wrapper.$1898 ($eq).
Removed top 2 bits (of 12) from port B of cell chipus_ibex_wrapper.$1899 ($eq).
Removed top 2 bits (of 12) from port B of cell chipus_ibex_wrapper.$1900 ($eq).
Removed top 2 bits (of 12) from port B of cell chipus_ibex_wrapper.$1901 ($eq).
Removed top 2 bits (of 12) from port B of cell chipus_ibex_wrapper.$1902 ($eq).
Removed top 2 bits (of 12) from port B of cell chipus_ibex_wrapper.$1903 ($eq).
Converting cell chipus_ibex_wrapper.$1930 ($ge) from signed to unsigned.
Removed top 1 bits (of 6) from port A of cell chipus_ibex_wrapper.$1930 ($ge).
Removed top 63 bits (of 64) from port B of cell chipus_ibex_wrapper.$2209 ($add).
Removed top 63 bits (of 64) from port B of cell chipus_ibex_wrapper.$2220 ($add).
Removed top 4 bits (of 5) from port B of cell chipus_ibex_wrapper.$2282 ($eq).
Removed top 3 bits (of 5) from port B of cell chipus_ibex_wrapper.$2284 ($eq).
Removed top 3 bits (of 5) from port B of cell chipus_ibex_wrapper.$2286 ($eq).
Removed top 2 bits (of 5) from port B of cell chipus_ibex_wrapper.$2288 ($eq).
Removed top 2 bits (of 5) from port B of cell chipus_ibex_wrapper.$2290 ($eq).
Removed top 2 bits (of 5) from port B of cell chipus_ibex_wrapper.$2292 ($eq).
Removed top 2 bits (of 5) from port B of cell chipus_ibex_wrapper.$2294 ($eq).
Removed top 1 bits (of 5) from port B of cell chipus_ibex_wrapper.$2296 ($eq).
Removed top 1 bits (of 5) from port B of cell chipus_ibex_wrapper.$2298 ($eq).
Removed top 1 bits (of 5) from port B of cell chipus_ibex_wrapper.$2300 ($eq).
Removed top 1 bits (of 5) from port B of cell chipus_ibex_wrapper.$2302 ($eq).
Removed top 1 bits (of 5) from port B of cell chipus_ibex_wrapper.$2304 ($eq).
Removed top 1 bits (of 5) from port B of cell chipus_ibex_wrapper.$2306 ($eq).
Removed top 1 bits (of 5) from port B of cell chipus_ibex_wrapper.$2308 ($eq).
Removed top 1 bits (of 5) from port B of cell chipus_ibex_wrapper.$2310 ($eq).
Removed top 1 bits (of 6) from port A of cell chipus_ibex_wrapper.$2469 ($not).
Removed top 16 bits (of 32) from mux cell chipus_ibex_wrapper.$procmux$857 ($mux).
Removed top 2 bits (of 12) from port B of cell chipus_ibex_wrapper.$procmux$1023_CMP0 ($eq).
Removed top 29 bits (of 32) from mux cell chipus_ibex_wrapper.$procmux$1033 ($mux).
Removed top 29 bits (of 32) from mux cell chipus_ibex_wrapper.$procmux$1036 ($mux).
Removed top 23 bits (of 32) from mux cell chipus_ibex_wrapper.$procmux$1066 ($mux).
Removed top 2 bits (of 12) from port B of cell chipus_ibex_wrapper.$procmux$1327_CMP0 ($eq).
Removed top 1 bits (of 12) from port B of cell chipus_ibex_wrapper.$procmux$1336_CMP0 ($eq).
Removed top 1 bits (of 12) from port B of cell chipus_ibex_wrapper.$procmux$1337_CMP0 ($eq).
Removed top 2 bits (of 12) from port B of cell chipus_ibex_wrapper.$procmux$1342_CMP0 ($eq).
Removed top 2 bits (of 12) from port B of cell chipus_ibex_wrapper.$procmux$1342_CMP1 ($eq).
Removed top 2 bits (of 12) from port B of cell chipus_ibex_wrapper.$procmux$1342_CMP2 ($eq).
Removed top 2 bits (of 12) from port B of cell chipus_ibex_wrapper.$procmux$1342_CMP3 ($eq).
Removed top 2 bits (of 12) from port B of cell chipus_ibex_wrapper.$procmux$1342_CMP4 ($eq).
Removed top 2 bits (of 12) from port B of cell chipus_ibex_wrapper.$procmux$1342_CMP5 ($eq).
Removed top 2 bits (of 12) from port B of cell chipus_ibex_wrapper.$procmux$1342_CMP6 ($eq).
Removed top 2 bits (of 12) from port B of cell chipus_ibex_wrapper.$procmux$1342_CMP7 ($eq).
Removed top 2 bits (of 12) from port B of cell chipus_ibex_wrapper.$procmux$1342_CMP8 ($eq).
Removed top 2 bits (of 12) from port B of cell chipus_ibex_wrapper.$procmux$1342_CMP9 ($eq).
Removed top 2 bits (of 12) from port B of cell chipus_ibex_wrapper.$procmux$1342_CMP10 ($eq).
Removed top 2 bits (of 12) from port B of cell chipus_ibex_wrapper.$procmux$1342_CMP11 ($eq).
Removed top 2 bits (of 12) from port B of cell chipus_ibex_wrapper.$procmux$1342_CMP12 ($eq).
Removed top 2 bits (of 12) from port B of cell chipus_ibex_wrapper.$procmux$1342_CMP13 ($eq).
Removed top 2 bits (of 12) from port B of cell chipus_ibex_wrapper.$procmux$1342_CMP14 ($eq).
Removed top 2 bits (of 12) from port B of cell chipus_ibex_wrapper.$procmux$1342_CMP15 ($eq).
Removed top 2 bits (of 12) from port B of cell chipus_ibex_wrapper.$procmux$1342_CMP16 ($eq).
Removed top 2 bits (of 12) from port B of cell chipus_ibex_wrapper.$procmux$1342_CMP17 ($eq).
Removed top 2 bits (of 12) from port B of cell chipus_ibex_wrapper.$procmux$1342_CMP18 ($eq).
Removed top 2 bits (of 12) from port B of cell chipus_ibex_wrapper.$procmux$1342_CMP19 ($eq).
Removed top 2 bits (of 12) from port B of cell chipus_ibex_wrapper.$procmux$1342_CMP20 ($eq).
Removed top 2 bits (of 12) from port B of cell chipus_ibex_wrapper.$procmux$1342_CMP21 ($eq).
Removed top 2 bits (of 12) from port B of cell chipus_ibex_wrapper.$procmux$1342_CMP22 ($eq).
Removed top 2 bits (of 12) from port B of cell chipus_ibex_wrapper.$procmux$1342_CMP23 ($eq).
Removed top 2 bits (of 12) from port B of cell chipus_ibex_wrapper.$procmux$1342_CMP24 ($eq).
Removed top 2 bits (of 12) from port B of cell chipus_ibex_wrapper.$procmux$1342_CMP25 ($eq).
Removed top 2 bits (of 12) from port B of cell chipus_ibex_wrapper.$procmux$1342_CMP26 ($eq).
Removed top 2 bits (of 12) from port B of cell chipus_ibex_wrapper.$procmux$1342_CMP27 ($eq).
Removed top 2 bits (of 12) from port B of cell chipus_ibex_wrapper.$procmux$1342_CMP28 ($eq).
Removed top 2 bits (of 12) from port B of cell chipus_ibex_wrapper.$procmux$1343_CMP0 ($eq).
Removed top 1 bits (of 12) from port B of cell chipus_ibex_wrapper.$procmux$1344_CMP0 ($eq).
Removed top 1 bits (of 12) from port B of cell chipus_ibex_wrapper.$procmux$1345_CMP0 ($eq).
Removed top 1 bits (of 12) from port B of cell chipus_ibex_wrapper.$procmux$1346_CMP0 ($eq).
Removed top 1 bits (of 12) from port B of cell chipus_ibex_wrapper.$procmux$1347_CMP0 ($eq).
Removed top 2 bits (of 12) from port B of cell chipus_ibex_wrapper.$procmux$1370_CMP0 ($eq).
Removed top 2 bits (of 12) from port B of cell chipus_ibex_wrapper.$procmux$1371_CMP0 ($eq).
Removed top 2 bits (of 12) from port B of cell chipus_ibex_wrapper.$procmux$1372_CMP0 ($eq).
Removed top 2 bits (of 12) from port B of cell chipus_ibex_wrapper.$procmux$1376_CMP0 ($eq).
Removed top 2 bits (of 12) from port B of cell chipus_ibex_wrapper.$procmux$1377_CMP0 ($eq).
Removed top 2 bits (of 12) from port B of cell chipus_ibex_wrapper.$procmux$1378_CMP0 ($eq).
Removed top 2 bits (of 12) from port B of cell chipus_ibex_wrapper.$procmux$1379_CMP0 ($eq).
Removed top 2 bits (of 12) from port B of cell chipus_ibex_wrapper.$procmux$1379_CMP1 ($eq).
Removed top 2 bits (of 12) from port B of cell chipus_ibex_wrapper.$procmux$1380_CMP0 ($eq).
Removed top 1 bits (of 4) from port B of cell chipus_ibex_wrapper.$procmux$1648_CMP0 ($eq).
Removed top 2 bits (of 4) from port B of cell chipus_ibex_wrapper.$procmux$1689_CMP0 ($eq).
Removed top 2 bits (of 4) from port B of cell chipus_ibex_wrapper.$procmux$1729_CMP0 ($eq).
Removed top 3 bits (of 4) from port B of cell chipus_ibex_wrapper.$procmux$1821_CMP0 ($eq).
Removed top 2 bits (of 4) from mux cell chipus_ibex_wrapper.$procmux$1882 ($mux).
Removed top 1 bits (of 2) from port B of cell chipus_ibex_wrapper.$procmux$2782_CMP0 ($eq).
Removed top 1 bits (of 2) from port B of cell chipus_ibex_wrapper.$procmux$2894_CMP0 ($eq).
Removed top 2 bits (of 34) from mux cell chipus_ibex_wrapper.$procmux$2997 ($mux).
Removed top 2 bits (of 7) from port B of cell chipus_ibex_wrapper.$procmux$3249_CMP0 ($eq).
Removed top 2 bits (of 7) from port B of cell chipus_ibex_wrapper.$procmux$3249_CMP1 ($eq).
Removed top 2 bits (of 7) from port B of cell chipus_ibex_wrapper.$procmux$3249_CMP2 ($eq).
Removed top 2 bits (of 7) from port B of cell chipus_ibex_wrapper.$procmux$3249_CMP3 ($eq).
Removed top 2 bits (of 7) from port B of cell chipus_ibex_wrapper.$procmux$3249_CMP4 ($eq).
Removed top 2 bits (of 7) from port B of cell chipus_ibex_wrapper.$procmux$3249_CMP5 ($eq).
Removed top 1 bits (of 7) from port B of cell chipus_ibex_wrapper.$procmux$3249_CMP6 ($eq).
Removed top 1 bits (of 7) from port B of cell chipus_ibex_wrapper.$procmux$3249_CMP7 ($eq).
Removed top 3 bits (of 7) from port B of cell chipus_ibex_wrapper.$procmux$3250_CMP0 ($eq).
Removed top 3 bits (of 7) from port B of cell chipus_ibex_wrapper.$procmux$3250_CMP1 ($eq).
Removed top 3 bits (of 7) from port B of cell chipus_ibex_wrapper.$procmux$3250_CMP3 ($eq).
Removed top 3 bits (of 7) from port B of cell chipus_ibex_wrapper.$procmux$3250_CMP4 ($eq).
Removed top 6 bits (of 7) from port B of cell chipus_ibex_wrapper.$procmux$3251_CMP1 ($eq).
Removed top 2 bits (of 7) from port B of cell chipus_ibex_wrapper.$procmux$3251_CMP2 ($eq).
Removed top 2 bits (of 7) from port B of cell chipus_ibex_wrapper.$procmux$3251_CMP3 ($eq).
Removed top 2 bits (of 7) from port B of cell chipus_ibex_wrapper.$procmux$3251_CMP4 ($eq).
Removed top 5 bits (of 7) from port B of cell chipus_ibex_wrapper.$procmux$3252_CMP0 ($eq).
Removed top 4 bits (of 7) from port B of cell chipus_ibex_wrapper.$procmux$3252_CMP1 ($eq).
Removed top 2 bits (of 7) from port B of cell chipus_ibex_wrapper.$procmux$3277_CMP2 ($eq).
Removed top 1 bits (of 7) from port B of cell chipus_ibex_wrapper.$procmux$3277_CMP3 ($eq).
Removed top 1 bits (of 7) from port B of cell chipus_ibex_wrapper.$procmux$3278_CMP2 ($eq).
Removed top 1 bits (of 7) from port B of cell chipus_ibex_wrapper.$procmux$3278_CMP3 ($eq).
Removed top 5 bits (of 7) from mux cell chipus_ibex_wrapper.$procmux$4095 ($mux).
Removed top 3 bits (of 7) from mux cell chipus_ibex_wrapper.$procmux$4353 ($pmux).
Removed top 3 bits (of 7) from mux cell chipus_ibex_wrapper.$procmux$4460 ($mux).
Removed top 4 bits (of 7) from mux cell chipus_ibex_wrapper.$procmux$4494 ($mux).
Removed top 3 bits (of 7) from mux cell chipus_ibex_wrapper.$procmux$4515 ($mux).
Removed top 2 bits (of 7) from mux cell chipus_ibex_wrapper.$procmux$4533 ($mux).
Removed top 2 bits (of 3) from port B of cell chipus_ibex_wrapper.$procmux$5673_CMP0 ($eq).
Removed top 3 bits (of 7) from port B of cell chipus_ibex_wrapper.$procmux$5675_CMP0 ($eq).
Removed top 1 bits (of 7) from mux cell chipus_ibex_wrapper.$procmux$5715 ($mux).
Removed top 6 bits (of 10) from port B of cell chipus_ibex_wrapper.$procmux$5732_CMP0 ($eq).
Removed top 6 bits (of 10) from port B of cell chipus_ibex_wrapper.$procmux$5733_CMP0 ($eq).
Removed top 6 bits (of 10) from port B of cell chipus_ibex_wrapper.$procmux$5734_CMP0 ($eq).
Removed top 6 bits (of 10) from port B of cell chipus_ibex_wrapper.$procmux$5735_CMP0 ($eq).
Removed top 1 bits (of 7) from port B of cell chipus_ibex_wrapper.$procmux$5740_CMP0 ($eq).
Removed top 6 bits (of 10) from port B of cell chipus_ibex_wrapper.$procmux$5750_CMP0 ($eq).
Removed top 6 bits (of 10) from port B of cell chipus_ibex_wrapper.$procmux$5751_CMP0 ($eq).
Removed top 6 bits (of 10) from port B of cell chipus_ibex_wrapper.$procmux$5752_CMP0 ($eq).
Removed top 6 bits (of 10) from port B of cell chipus_ibex_wrapper.$procmux$5753_CMP0 ($eq).
Removed top 1 bits (of 7) from mux cell chipus_ibex_wrapper.$procmux$5763 ($pmux).
Removed top 1 bits (of 10) from port B of cell chipus_ibex_wrapper.$procmux$5772_CMP0 ($eq).
Removed top 7 bits (of 10) from port B of cell chipus_ibex_wrapper.$procmux$5773_CMP0 ($eq).
Removed top 9 bits (of 10) from port B of cell chipus_ibex_wrapper.$procmux$5774_CMP0 ($eq).
Removed top 7 bits (of 10) from port B of cell chipus_ibex_wrapper.$procmux$5775_CMP0 ($eq).
Removed top 7 bits (of 10) from port B of cell chipus_ibex_wrapper.$procmux$5776_CMP0 ($eq).
Removed top 7 bits (of 10) from port B of cell chipus_ibex_wrapper.$procmux$5777_CMP0 ($eq).
Removed top 8 bits (of 10) from port B of cell chipus_ibex_wrapper.$procmux$5778_CMP0 ($eq).
Removed top 1 bits (of 10) from port B of cell chipus_ibex_wrapper.$procmux$5779_CMP0 ($eq).
Removed top 1 bits (of 7) from mux cell chipus_ibex_wrapper.$procmux$5809 ($mux).
Removed top 2 bits (of 7) from port B of cell chipus_ibex_wrapper.$procmux$5821_CMP0 ($eq).
Removed top 1 bits (of 7) from mux cell chipus_ibex_wrapper.$procmux$5826 ($mux).
Removed top 1 bits (of 7) from mux cell chipus_ibex_wrapper.$procmux$5841 ($mux).
Removed top 1 bits (of 3) from port B of cell chipus_ibex_wrapper.$procmux$5867_CMP0 ($eq).
Removed top 1 bits (of 3) from port B of cell chipus_ibex_wrapper.$procmux$5868_CMP0 ($eq).
Removed top 1 bits (of 7) from port B of cell chipus_ibex_wrapper.$procmux$5883_CMP0 ($eq).
Removed top 2 bits (of 3) from mux cell chipus_ibex_wrapper.$procmux$5892 ($mux).
Removed top 1 bits (of 3) from mux cell chipus_ibex_wrapper.$procmux$6006 ($mux).
Removed top 1 bits (of 7) from mux cell chipus_ibex_wrapper.$procmux$6020 ($pmux).
Removed top 2 bits (of 3) from mux cell chipus_ibex_wrapper.$procmux$6144 ($mux).
Removed top 2 bits (of 7) from port B of cell chipus_ibex_wrapper.$procmux$6187_CMP0 ($eq).
Removed top 5 bits (of 7) from port B of cell chipus_ibex_wrapper.$procmux$6188_CMP0 ($eq).
Removed top 1 bits (of 7) from port B of cell chipus_ibex_wrapper.$procmux$6207_CMP0 ($eq).
Removed top 1 bits (of 2) from port B of cell chipus_ibex_wrapper.$procmux$7817_CMP0 ($eq).
Removed top 3 bits (of 12) from port B of cell chipus_ibex_wrapper.$procmux$7874_CMP0 ($eq).
Removed top 2 bits (of 12) from port B of cell chipus_ibex_wrapper.$procmux$7876_CMP0 ($eq).
Removed top 11 bits (of 12) from port B of cell chipus_ibex_wrapper.$procmux$7877_CMP0 ($eq).
Removed top 8 bits (of 10) from port B of cell chipus_ibex_wrapper.$procmux$8143_CMP3 ($eq).
Removed top 1 bits (of 5) from port B of cell chipus_ibex_wrapper.$procmux$8337_CMP0 ($eq).
Removed top 1 bits (of 3) from port B of cell chipus_ibex_wrapper.$procmux$9878_CMP0 ($eq).
Removed top 1 bits (of 3) from port B of cell chipus_ibex_wrapper.$procmux$9879_CMP0 ($eq).
Removed top 2 bits (of 3) from port B of cell chipus_ibex_wrapper.$procmux$9880_CMP0 ($eq).
Removed top 1 bits (of 2) from port B of cell chipus_ibex_wrapper.$procmux$9885_CMP0 ($eq).
Removed top 11 bits (of 32) from mux cell chipus_ibex_wrapper.$procmux$9947 ($mux).
Removed top 7 bits (of 32) from mux cell chipus_ibex_wrapper.$procmux$9966 ($mux).
Removed top 7 bits (of 32) from mux cell chipus_ibex_wrapper.$procmux$10014 ($mux).
Removed top 1 bits (of 3) from port B of cell chipus_ibex_wrapper.$procmux$10058_CMP0 ($eq).
Removed top 1 bits (of 3) from port B of cell chipus_ibex_wrapper.$procmux$10081_CMP0 ($eq).
Removed top 2 bits (of 3) from port B of cell chipus_ibex_wrapper.$procmux$10112_CMP0 ($eq).
Removed top 1 bits (of 2) from port B of cell chipus_ibex_wrapper.$procmux$10148_CMP0 ($eq).
Removed top 1 bits (of 3) from port B of cell chipus_ibex_wrapper.$procmux$10181_CMP0 ($eq).
Removed top 1 bits (of 3) from port B of cell chipus_ibex_wrapper.$procmux$10182_CMP0 ($eq).
Removed top 2 bits (of 3) from port B of cell chipus_ibex_wrapper.$procmux$10183_CMP0 ($eq).
Removed top 1 bits (of 2) from port B of cell chipus_ibex_wrapper.$procmux$10199_CMP1 ($eq).
Removed top 3 bits (of 32) from mux cell chipus_ibex_wrapper.$procmux$10264 ($mux).
Removed top 1 bits (of 3) from port B of cell chipus_ibex_wrapper.$procmux$10468_CMP0 ($eq).
Removed top 1 bits (of 3) from port B of cell chipus_ibex_wrapper.$procmux$10469_CMP0 ($eq).
Removed top 2 bits (of 3) from port B of cell chipus_ibex_wrapper.$procmux$10470_CMP0 ($eq).
Removed top 1 bits (of 2) from port B of cell chipus_ibex_wrapper.$procmux$10474_CMP0 ($eq).
Removed top 29 bits (of 32) from mux cell chipus_ibex_wrapper.$procmux$730 ($mux).
Removed top 29 bits (of 32) from mux cell chipus_ibex_wrapper.$procmux$740 ($mux).
Removed top 13 bits (of 16) from mux cell chipus_ibex_wrapper.$procmux$857 ($mux).
Removed top 7 bits (of 32) from mux cell chipus_ibex_wrapper.$procmux$9983 ($mux).
Removed top 7 bits (of 9) from mux cell chipus_ibex_wrapper.$procmux$1066 ($mux).
Removed top 1 bits (of 3) from mux cell chipus_ibex_wrapper.$procmux$857 ($mux).
Removed top 5 bits (of 7) from wire chipus_ibex_wrapper.$1040y.
Removed top 27 bits (of 32) from wire chipus_ibex_wrapper.$1321y.
Removed top 1 bits (of 33) from wire chipus_ibex_wrapper.$1407y.
Removed top 2 bits (of 4) from wire chipus_ibex_wrapper.$1612y.
Removed top 2 bits (of 4) from wire chipus_ibex_wrapper.$1613y.
Removed top 2 bits (of 4) from wire chipus_ibex_wrapper.$1661y.
Removed top 29 bits (of 32) from wire chipus_ibex_wrapper.$371y.
Removed top 7 bits (of 32) from wire chipus_ibex_wrapper.$procmux$10014_Y.
Removed top 23 bits (of 32) from wire chipus_ibex_wrapper.$procmux$1066_Y.
Removed top 2 bits (of 4) from wire chipus_ibex_wrapper.$procmux$1882_Y.
Removed top 2 bits (of 34) from wire chipus_ibex_wrapper.$procmux$2997_Y.
Removed top 5 bits (of 7) from wire chipus_ibex_wrapper.$procmux$4095_Y.
Removed top 3 bits (of 7) from wire chipus_ibex_wrapper.$procmux$4353_Y.
Removed top 3 bits (of 7) from wire chipus_ibex_wrapper.$procmux$4460_Y.
Removed top 4 bits (of 7) from wire chipus_ibex_wrapper.$procmux$4494_Y.
Removed top 3 bits (of 7) from wire chipus_ibex_wrapper.$procmux$4515_Y.
Removed top 2 bits (of 7) from wire chipus_ibex_wrapper.$procmux$4533_Y.
Removed top 1 bits (of 7) from wire chipus_ibex_wrapper.$procmux$5715_Y.
Removed top 1 bits (of 7) from wire chipus_ibex_wrapper.$procmux$5763_Y.
Removed top 1 bits (of 7) from wire chipus_ibex_wrapper.$procmux$5809_Y.
Removed top 1 bits (of 7) from wire chipus_ibex_wrapper.$procmux$5818_Y.
Removed top 1 bits (of 7) from wire chipus_ibex_wrapper.$procmux$5826_Y.
Removed top 2 bits (of 3) from wire chipus_ibex_wrapper.$procmux$5892_Y.
Removed top 1 bits (of 3) from wire chipus_ibex_wrapper.$procmux$6006_Y.
Removed top 1 bits (of 7) from wire chipus_ibex_wrapper.$procmux$6020_Y.
Removed top 2 bits (of 3) from wire chipus_ibex_wrapper.$procmux$6144_Y.
Removed top 29 bits (of 32) from wire chipus_ibex_wrapper.$procmux$730_Y.
Removed top 29 bits (of 32) from wire chipus_ibex_wrapper.$procmux$740_Y.
Removed top 23 bits (of 32) from wire chipus_ibex_wrapper.$procmux$857_Y.
Removed top 11 bits (of 32) from wire chipus_ibex_wrapper.$procmux$9947_Y.
Removed top 7 bits (of 32) from wire chipus_ibex_wrapper.$procmux$9966_Y.

69. Executing PEEPOPT pass (run peephole optimizers).

70. Executing OPT_CLEAN pass (remove unused cells and wires).
Finding unused cells or wires in module \chipus_ibex_wrapper..
Removed 0 unused cells and 32 unused wires.
<suppressed ~1 debug messages>

71. Executing ALUMACC pass (create $alu and $macc cells).
Extracting $alu and $macc cells in module chipus_ibex_wrapper:
  creating $macc model for $1027 ($add).
  creating $macc model for $1304 ($add).
  creating $macc model for $1321 ($sub).
  creating $macc model for $1374 ($mul).
  creating $macc model for $1375 ($add).
  creating $macc model for $1421 ($sub).
  creating $macc model for $168 ($add).
  creating $macc model for $2209 ($add).
  creating $macc model for $2220 ($add).
  creating $macc model for $92 ($add).
  merging $macc model for $1374 into $1375.
  creating $alu model for $macc $2220.
  creating $alu model for $macc $2209.
  creating $alu model for $macc $168.
  creating $alu model for $macc $1421.
  creating $alu model for $macc $92.
  creating $alu model for $macc $1321.
  creating $alu model for $macc $1304.
  creating $alu model for $macc $1027.
  creating $macc cell for $1375: $auto$alumacc.cc:382:replace_macc$11139
  creating $alu model for $1438 ($lt): new $alu
  creating $alu model for $1818 ($gt): new $alu
  creating $alu model for $1836 ($ge): new $alu
  creating $alu model for $1856 ($lt): new $alu
  creating $alu model for $1930 ($ge): new $alu
  creating $alu model for $2470 ($ge): new $alu
  creating $alu model for $1441 ($eq): merged with $1421.
  creating $alu cell for $2470: $auto$alumacc.cc:512:replace_alu$11146
  creating $alu cell for $1930: $auto$alumacc.cc:512:replace_alu$11161
  creating $alu cell for $1856: $auto$alumacc.cc:512:replace_alu$11174
  creating $alu cell for $1836: $auto$alumacc.cc:512:replace_alu$11179
  creating $alu cell for $1818: $auto$alumacc.cc:512:replace_alu$11194
  creating $alu cell for $1438: $auto$alumacc.cc:512:replace_alu$11205
  creating $alu cell for $1027: $auto$alumacc.cc:512:replace_alu$11210
  creating $alu cell for $1304: $auto$alumacc.cc:512:replace_alu$11213
  creating $alu cell for $1321: $auto$alumacc.cc:512:replace_alu$11216
  creating $alu cell for $92: $auto$alumacc.cc:512:replace_alu$11219
  creating $alu cell for $1421, $1441: $auto$alumacc.cc:512:replace_alu$11222
  creating $alu cell for $168: $auto$alumacc.cc:512:replace_alu$11227
  creating $alu cell for $2209: $auto$alumacc.cc:512:replace_alu$11230
  creating $alu cell for $2220: $auto$alumacc.cc:512:replace_alu$11233
  created 14 $alu and 1 $macc cells.

72. Executing SHARE pass (SAT-based resource sharing).
Found 4 cells in module chipus_ibex_wrapper that may be considered for resource sharing.
  Analyzing resource sharing options for $auto$mem.cc:305:emit$3 ($memrd_v2):
    Found 1 activation_patterns using ctrl signal { $procmux$8337_CMP $procmux$5821_CMP $procmux$5673_CMP $492y \u_ibex_top.u_ibex_core.if_stage_i.illegal_c_insn_id_o }.
    No candidates found.
  Analyzing resource sharing options for $1409 ($shl):
    Found 2 activation_patterns using ctrl signal { $1423y \u_ibex_top.u_ibex_core.ex_block_i.gen_multdiv_fast.multdiv_i.md_state_q [6] \u_ibex_top.u_ibex_core.ex_block_i.gen_multdiv_fast.multdiv_i.md_state_q [1] \u_ibex_top.u_ibex_core.ex_block_i.gen_multdiv_fast.multdiv_i.is_greater_equal \u_ibex_top.u_ibex_core.ex_block_i.multdiv_sel \u_ibex_top.u_ibex_core.ex_block_i.div_sel_i }.
    No candidates found.
  Analyzing resource sharing options for $1374 ($mul):
    Found cell that is never activated: $1374
    Cell is never active. Sharing is pointless, we simply remove it.
  Analyzing resource sharing options for $1340 ($sshr):
    Found 1 activation_patterns using ctrl signal { $procmux$9868_CMP $procmux$3250_CTRL \u_ibex_top.u_ibex_core.ex_block_i.multdiv_sel }.
    No candidates found.
Removing 1 cells in module chipus_ibex_wrapper:
  Removing cell $1374 ($mul).

73. Executing OPT_EXPR pass (perform const folding).
Optimizing module chipus_ibex_wrapper.
<suppressed ~8 debug messages>

74. Executing OPT_MERGE pass (detect identical cells).
Finding identical cells in module `\chipus_ibex_wrapper'.
Computing hashes of 1625 cells of `\chipus_ibex_wrapper'.
Finding duplicate cells in `\chipus_ibex_wrapper'.
Removed a total of 0 cells.

75. Executing OPT_MUXTREE pass (detect dead branches in mux trees).
Running muxtree optimizer on module \chipus_ibex_wrapper..
  Creating internal representation of mux trees.
  Evaluating internal representation of mux trees.
  Analyzing evaluation results.
Removed 0 multiplexer ports.
<suppressed ~947 debug messages>

76. Executing OPT_REDUCE pass (consolidate $*mux and $reduce_* inputs).
  Optimizing cells in module \chipus_ibex_wrapper.
Performed a total of 0 changes.

77. Executing OPT_MERGE pass (detect identical cells).
Finding identical cells in module `\chipus_ibex_wrapper'.
Computing hashes of 1625 cells of `\chipus_ibex_wrapper'.
Finding duplicate cells in `\chipus_ibex_wrapper'.
Computing hashes of 1622 cells of `\chipus_ibex_wrapper'.
Finding duplicate cells in `\chipus_ibex_wrapper'.
<suppressed ~9 debug messages>
Removed a total of 3 cells.

78. Executing OPT_DFF pass (perform DFF optimizations).
Adding EN signal on $auto$ff.cc:337:slice$11033 ($adffe) from module chipus_ibex_wrapper (D = \u_ibex_top.u_ibex_core.id_stage_i.controller_i.debug_cause_q, Q = \u_ibex_top.u_ibex_core.cs_registers_i.u_dcsr_csr.rdata_q [8:6]).

79. Executing OPT_CLEAN pass (remove unused cells and wires).
Finding unused cells or wires in module \chipus_ibex_wrapper..
Removed 7 unused cells and 24 unused wires.
<suppressed ~9 debug messages>

80. Executing OPT_EXPR pass (perform const folding).
Optimizing module chipus_ibex_wrapper.

81. Rerunning OPT passes. (Maybe there is more to do…)

82. Executing OPT_MUXTREE pass (detect dead branches in mux trees).
Running muxtree optimizer on module \chipus_ibex_wrapper..
  Creating internal representation of mux trees.
  Evaluating internal representation of mux trees.
  Analyzing evaluation results.
Removed 0 multiplexer ports.
<suppressed ~948 debug messages>

83. Executing OPT_REDUCE pass (consolidate $*mux and $reduce_* inputs).
  Optimizing cells in module \chipus_ibex_wrapper.
Performed a total of 0 changes.

84. Executing OPT_MERGE pass (detect identical cells).
Finding identical cells in module `\chipus_ibex_wrapper'.
Computing hashes of 1616 cells of `\chipus_ibex_wrapper'.
Finding duplicate cells in `\chipus_ibex_wrapper'.
Removed a total of 0 cells.

85. Executing OPT_DFF pass (perform DFF optimizations).

86. Executing OPT_CLEAN pass (remove unused cells and wires).
Finding unused cells or wires in module \chipus_ibex_wrapper..

87. Executing OPT_EXPR pass (perform const folding).
Optimizing module chipus_ibex_wrapper.

88. Executing MEMORY pass.

88.1. Executing OPT_MEM pass (optimize memories).
chipus_ibex_wrapper.$auto$proc_rom.cc:155:do_switch$2: removing const-1 lane 0
Performed a total of 1 transformations.

88.2. Executing OPT_MEM_PRIORITY pass (removing unnecessary memory write priority relations).
Performed a total of 0 transformations.

88.3. Executing OPT_MEM_FEEDBACK pass (finding memory read-to-write feedback paths).

88.4. Executing MEMORY_BMUX2ROM pass (converting muxes to ROMs).

88.5. Executing MEMORY_DFF pass (merging $dff cells to $memrd).
Checking read port `$auto$memory_bmux2rom.cc:63:execute$11242'[0] in module `\chipus_ibex_wrapper': no output FF found.
Checking read port address `$auto$memory_bmux2rom.cc:63:execute$11242'[0] in module `\chipus_ibex_wrapper': no address FF found.

88.6. Executing OPT_CLEAN pass (remove unused cells and wires).
Finding unused cells or wires in module \chipus_ibex_wrapper..
Removed 0 unused cells and 1 unused wires.
<suppressed ~1 debug messages>

88.7. Executing MEMORY_SHARE pass (consolidating $memrd/$memwr cells).

88.8. Executing OPT_MEM_WIDEN pass (optimize memories where all ports are wide).
Performed a total of 0 transformations.

88.9. Executing OPT_CLEAN pass (remove unused cells and wires).
Finding unused cells or wires in module \chipus_ibex_wrapper..

88.10. Executing MEMORY_COLLECT pass (generating $mem cells).

89. Executing OPT_CLEAN pass (remove unused cells and wires).
Finding unused cells or wires in module \chipus_ibex_wrapper..

90. Executing OPT_EXPR pass (perform const folding).
Optimizing module chipus_ibex_wrapper.
<suppressed ~349 debug messages>

91. Executing OPT_MERGE pass (detect identical cells).
Finding identical cells in module `\chipus_ibex_wrapper'.
Computing hashes of 1525 cells of `\chipus_ibex_wrapper'.
Finding duplicate cells in `\chipus_ibex_wrapper'.
Computing hashes of 1518 cells of `\chipus_ibex_wrapper'.
Finding duplicate cells in `\chipus_ibex_wrapper'.
Computing hashes of 1517 cells of `\chipus_ibex_wrapper'.
Finding duplicate cells in `\chipus_ibex_wrapper'.
<suppressed ~28 debug messages>
Removed a total of 8 cells.

92. Executing OPT_DFF pass (perform DFF optimizations).

93. Executing OPT_CLEAN pass (remove unused cells and wires).
Finding unused cells or wires in module \chipus_ibex_wrapper..
Removed 34 unused cells and 162 unused wires.
<suppressed ~35 debug messages>

94. Executing MEMORY_MAP pass (converting memories to logic and flip-flops).
Mapping memory $auto$memory_bmux2rom.cc:63:execute$11242 in module \chipus_ibex_wrapper:
  created 32 $dff cells and 0 static cells of width 32.
  read interface: 0 $dff and 31 $mux cells.
  write interface: 0 write mux blocks.

95. Executing OPT_EXPR pass (perform const folding).
Optimizing module chipus_ibex_wrapper.
<suppressed ~34 debug messages>

96. Executing OPT_MERGE pass (detect identical cells).
Finding identical cells in module `\chipus_ibex_wrapper'.
Computing hashes of 1481 cells of `\chipus_ibex_wrapper'.
Finding duplicate cells in `\chipus_ibex_wrapper'.
Removed a total of 0 cells.

97. Executing OPT_MUXTREE pass (detect dead branches in mux trees).
Running muxtree optimizer on module \chipus_ibex_wrapper..
  Creating internal representation of mux trees.
  Evaluating internal representation of mux trees.
  Analyzing evaluation results.
Removed 0 multiplexer ports.
<suppressed ~519 debug messages>

98. Executing OPT_REDUCE pass (consolidate $*mux and $reduce_* inputs).
  Optimizing cells in module \chipus_ibex_wrapper.
    Consolidated identical input bits for $mux cell $1019:
      Old ports: A=2'00, B=2'11, Y=$1019y
      New ports: A=1'0, B=1'1, Y=$1019y [0]
      New connections: $1019y [1] = $1019y [0]
    Consolidated identical input bits for $mux cell $1028:
      Old ports: A={ \u_ibex_top.u_ibex_core.if_stage_i.pc_id_o [31:1] 1'0 }, B={ $1027y [31:1] 1'0 }, Y=$1028y
      New ports: A=\u_ibex_top.u_ibex_core.if_stage_i.pc_id_o [31:1], B=$1027y [31:1], Y=$1028y [31:1]
      New connections: $1028y [0] = 1'0
    Consolidated identical input bits for $mux cell $1040:
      Old ports: A=2'00, B=2'11, Y=$1040y
      New ports: A=1'0, B=1'1, Y=$1040y [0]
      New connections: $1040y [1] = $1040y [0]
    Consolidated identical input bits for $mux cell $1612:
      Old ports: A=2'00, B=2'10, Y=$1612y
      New ports: A=1'0, B=1'1, Y=$1612y [1]
      New connections: $1612y [0] = 1'0
    Consolidated identical input bits for $mux cell $1613:
      Old ports: A=2'11, B=2'01, Y=$1613y
      New ports: A=1'1, B=1'0, Y=$1613y [1]
      New connections: $1613y [0] = 1'1
    Consolidated identical input bits for $mux cell $165:
      Old ports: A={ \u_ibex_top.u_ibex_core.if_stage_i.gen_prefetch_buffer.prefetch_buffer_i.fetch_addr_q [31:2] 2'00 }, B={ \u_ibex_top.u_ibex_core.if_stage_i.fetch_addr_n [31:1] 1'0 }, Y={ $165y [31:2] \u_ibex_top.u_ibex_core.if_stage_i.gen_prefetch_buffer.prefetch_buffer_i.fetch_addr_d [1:0] }
      New ports: A={ \u_ibex_top.u_ibex_core.if_stage_i.gen_prefetch_buffer.prefetch_buffer_i.fetch_addr_q [31:2] 1'0 }, B=\u_ibex_top.u_ibex_core.if_stage_i.fetch_addr_n [31:1], Y={ $165y [31:2] \u_ibex_top.u_ibex_core.if_stage_i.gen_prefetch_buffer.prefetch_buffer_i.fetch_addr_d [1] }
      New connections: \u_ibex_top.u_ibex_core.if_stage_i.gen_prefetch_buffer.prefetch_buffer_i.fetch_addr_d [0] = 1'0
    Consolidated identical input bits for $mux cell $1661:
      Old ports: A=2'11, B=2'00, Y=$1661y
      New ports: A=1'1, B=1'0, Y=$1661y [0]
      New connections: $1661y [1] = $1661y [0]
    Consolidated identical input bits for $mux cell $1832:
      Old ports: A=26'00000000000000000000000000, B=26'11111111111111111111111111, Y=$1832y
      New ports: A=1'0, B=1'1, Y=$1832y [0]
      New connections: $1832y [25:1] = { $1832y [0] $1832y [0] $1832y [0] $1832y [0] $1832y [0] $1832y [0] $1832y [0] $1832y [0] $1832y [0] $1832y [0] $1832y [0] $1832y [0] $1832y [0] $1832y [0] $1832y [0] $1832y [0] $1832y [0] $1832y [0] $1832y [0] $1832y [0] $1832y [0] $1832y [0] $1832y [0] $1832y [0] $1832y [0] }
    Consolidated identical input bits for $mux cell $1916:
      Old ports: A={ \u_ibex_top.u_ibex_core.cs_registers_i.csr_wdata_int [31:8] 8'00000001 }, B=1, Y=\u_ibex_top.u_ibex_core.cs_registers_i.mtvec_d
      New ports: A=\u_ibex_top.u_ibex_core.cs_registers_i.csr_wdata_int [31:8], B=24'000000000000000000000000, Y=\u_ibex_top.u_ibex_core.cs_registers_i.mtvec_d [31:8]
      New connections: \u_ibex_top.u_ibex_core.cs_registers_i.mtvec_d [7:0] = 8'00000001
    Consolidated identical input bits for $mux cell $371:
      Old ports: A=3'100, B=3'010, Y=$371y
      New ports: A=2'10, B=2'01, Y=$371y [2:1]
      New connections: $371y [0] = 1'0
    Consolidated identical input bits for $mux cell $56:
      Old ports: A={ \instr_rdata_i [15:0] \u_ibex_top.u_ibex_core.if_stage_i.gen_prefetch_buffer.prefetch_buffer_i.fifo_i.rdata [31:16] }, B={ \u_ibex_top.u_ibex_core.if_stage_i.gen_prefetch_buffer.prefetch_buffer_i.fifo_i.rdata_q [47:32] \u_ibex_top.u_ibex_core.if_stage_i.gen_prefetch_buffer.prefetch_buffer_i.fifo_i.rdata [31:16] }, Y=\u_ibex_top.u_ibex_core.if_stage_i.gen_prefetch_buffer.prefetch_buffer_i.fifo_i.rdata_unaligned
      New ports: A=\instr_rdata_i [15:0], B=\u_ibex_top.u_ibex_core.if_stage_i.gen_prefetch_buffer.prefetch_buffer_i.fifo_i.rdata_q [47:32], Y=\u_ibex_top.u_ibex_core.if_stage_i.gen_prefetch_buffer.prefetch_buffer_i.fifo_i.rdata_unaligned [31:16]
      New connections: \u_ibex_top.u_ibex_core.if_stage_i.gen_prefetch_buffer.prefetch_buffer_i.fifo_i.rdata_unaligned [15:0] = \u_ibex_top.u_ibex_core.if_stage_i.gen_prefetch_buffer.prefetch_buffer_i.fifo_i.rdata [31:16]
    Consolidated identical input bits for $mux cell $944:
      Old ports: A=3'000, B=3'100, Y=$944y
      New ports: A=1'0, B=1'1, Y=$944y [2]
      New connections: $944y [1:0] = 2'00
    Consolidated identical input bits for $mux cell $992:
      Old ports: A=7'1000000, B=7'0111111, Y=$992y
      New ports: A=2'10, B=2'01, Y={ $992y [6] $992y [0] }
      New connections: $992y [5:1] = { $992y [0] $992y [0] $992y [0] $992y [0] $992y [0] }
    Consolidated identical input bits for $mux cell $procmux$10014:
      Old ports: A={ 5'00000 \u_ibex_top.u_ibex_core.if_stage_i.compressed_decoder_i.instr_i [11:7] 15'000000001100111 }, B={ \u_ibex_top.u_ibex_core.if_stage_i.compressed_decoder_i.instr_i [6:2] 8'00000000 \u_ibex_top.u_ibex_core.if_stage_i.compressed_decoder_i.instr_i [11:7] 7'0110011 }, Y=$auto$wreduce.cc:514:run$11115 [24:0]
      New ports: A={ 5'00000 \u_ibex_top.u_ibex_core.if_stage_i.compressed_decoder_i.instr_i [11:7] 7'0000001 }, B={ \u_ibex_top.u_ibex_core.if_stage_i.compressed_decoder_i.instr_i [6:2] 5'00000 \u_ibex_top.u_ibex_core.if_stage_i.compressed_decoder_i.instr_i [11:7] 2'10 }, Y={ $auto$wreduce.cc:514:run$11115 [24:15] $auto$wreduce.cc:514:run$11115 [11:7] $auto$wreduce.cc:514:run$11115 [4] $auto$wreduce.cc:514:run$11115 [2] }
      New connections: { $auto$wreduce.cc:514:run$11115 [14:12] $auto$wreduce.cc:514:run$11115 [6:5] $auto$wreduce.cc:514:run$11115 [3] $auto$wreduce.cc:514:run$11115 [1:0] } = { 3'000 $auto$wreduce.cc:514:run$11115 [2] 4'1011 }
    Consolidated identical input bits for $pmux cell $procmux$10180:
      Old ports: A=\u_ibex_top.u_ibex_core.if_stage_i.compressed_decoder_i.instr_i, B={ 9'010000001 \u_ibex_top.u_ibex_core.if_stage_i.compressed_decoder_i.instr_i [4:2] 2'01 \u_ibex_top.u_ibex_core.if_stage_i.compressed_decoder_i.instr_i [9:7] 5'00001 \u_ibex_top.u_ibex_core.if_stage_i.compressed_decoder_i.instr_i [9:7] 16'0110011000000001 \u_ibex_top.u_ibex_core.if_stage_i.compressed_decoder_i.instr_i [4:2] 2'01 \u_ibex_top.u_ibex_core.if_stage_i.compressed_decoder_i.instr_i [9:7] 5'10001 \u_ibex_top.u_ibex_core.if_stage_i.compressed_decoder_i.instr_i [9:7] 16'0110011000000001 \u_ibex_top.u_ibex_core.if_stage_i.compressed_decoder_i.instr_i [4:2] 2'01 \u_ibex_top.u_ibex_core.if_stage_i.compressed_decoder_i.instr_i [9:7] 5'11001 \u_ibex_top.u_ibex_core.if_stage_i.compressed_decoder_i.instr_i [9:7] 16'0110011000000001 \u_ibex_top.u_ibex_core.if_stage_i.compressed_decoder_i.instr_i [4:2] 2'01 \u_ibex_top.u_ibex_core.if_stage_i.compressed_decoder_i.instr_i [9:7] 5'11101 \u_ibex_top.u_ibex_core.if_stage_i.compressed_decoder_i.instr_i [9:7] 7'0110011 }, Y=$procmux$10180_Y
      New ports: A={ \u_ibex_top.u_ibex_core.if_stage_i.compressed_decoder_i.instr_i [31:10] \u_ibex_top.u_ibex_core.if_stage_i.compressed_decoder_i.instr_i [6:0] }, B={ 9'010000001 \u_ibex_top.u_ibex_core.if_stage_i.compressed_decoder_i.instr_i [4:2] 2'01 \u_ibex_top.u_ibex_core.if_stage_i.compressed_decoder_i.instr_i [9:7] 21'000010110011000000001 \u_ibex_top.u_ibex_core.if_stage_i.compressed_decoder_i.instr_i [4:2] 2'01 \u_ibex_top.u_ibex_core.if_stage_i.compressed_decoder_i.instr_i [9:7] 21'100010110011000000001 \u_ibex_top.u_ibex_core.if_stage_i.compressed_decoder_i.instr_i [4:2] 2'01 \u_ibex_top.u_ibex_core.if_stage_i.compressed_decoder_i.instr_i [9:7] 21'110010110011000000001 \u_ibex_top.u_ibex_core.if_stage_i.compressed_decoder_i.instr_i [4:2] 2'01 \u_ibex_top.u_ibex_core.if_stage_i.compressed_decoder_i.instr_i [9:7] 12'111010110011 }, Y={ $procmux$10180_Y [31:10] $procmux$10180_Y [6:0] }
      New connections: $procmux$10180_Y [9:7] = \u_ibex_top.u_ibex_core.if_stage_i.compressed_decoder_i.instr_i [9:7]
    Consolidated identical input bits for $mux cell $procmux$10264:
      Old ports: A={ \u_ibex_top.u_ibex_core.if_stage_i.compressed_decoder_i.instr_i [12] \u_ibex_top.u_ibex_core.if_stage_i.compressed_decoder_i.instr_i [12] \u_ibex_top.u_ibex_core.if_stage_i.compressed_decoder_i.instr_i [12] \u_ibex_top.u_ibex_core.if_stage_i.compressed_decoder_i.instr_i [12] \u_ibex_top.u_ibex_core.if_stage_i.compressed_decoder_i.instr_i [12] \u_ibex_top.u_ibex_core.if_stage_i.compressed_decoder_i.instr_i [12] \u_ibex_top.u_ibex_core.if_stage_i.compressed_decoder_i.instr_i [12] \u_ibex_top.u_ibex_core.if_stage_i.compressed_decoder_i.instr_i [12] \u_ibex_top.u_ibex_core.if_stage_i.compressed_decoder_i.instr_i [12] \u_ibex_top.u_ibex_core.if_stage_i.compressed_decoder_i.instr_i [12] \u_ibex_top.u_ibex_core.if_stage_i.compressed_decoder_i.instr_i [12] \u_ibex_top.u_ibex_core.if_stage_i.compressed_decoder_i.instr_i [12] \u_ibex_top.u_ibex_core.if_stage_i.compressed_decoder_i.instr_i [6:2] \u_ibex_top.u_ibex_core.if_stage_i.compressed_decoder_i.instr_i [11:7] 7'0110111 }, B={ \u_ibex_top.u_ibex_core.if_stage_i.compressed_decoder_i.instr_i [4:3] \u_ibex_top.u_ibex_core.if_stage_i.compressed_decoder_i.instr_i [5] \u_ibex_top.u_ibex_core.if_stage_i.compressed_decoder_i.instr_i [2] \u_ibex_top.u_ibex_core.if_stage_i.compressed_decoder_i.instr_i [6] 24'000000010000000100010011 }, Y=$procmux$10256_Y [28:0]
      New ports: A={ \u_ibex_top.u_ibex_core.if_stage_i.compressed_decoder_i.instr_i [12] \u_ibex_top.u_ibex_core.if_stage_i.compressed_decoder_i.instr_i [12] \u_ibex_top.u_ibex_core.if_stage_i.compressed_decoder_i.instr_i [12] \u_ibex_top.u_ibex_core.if_stage_i.compressed_decoder_i.instr_i [12] \u_ibex_top.u_ibex_core.if_stage_i.compressed_decoder_i.instr_i [12] \u_ibex_top.u_ibex_core.if_stage_i.compressed_decoder_i.instr_i [12] \u_ibex_top.u_ibex_core.if_stage_i.compressed_decoder_i.instr_i [6:2] \u_ibex_top.u_ibex_core.if_stage_i.compressed_decoder_i.instr_i [11:7] 1'1 }, B={ \u_ibex_top.u_ibex_core.if_stage_i.compressed_decoder_i.instr_i [4:3] \u_ibex_top.u_ibex_core.if_stage_i.compressed_decoder_i.instr_i [5] \u_ibex_top.u_ibex_core.if_stage_i.compressed_decoder_i.instr_i [2] \u_ibex_top.u_ibex_core.if_stage_i.compressed_decoder_i.instr_i [6] 12'010000000100 }, Y={ $procmux$10256_Y [28:24] $procmux$10256_Y [17:7] $procmux$10256_Y [2] }
      New connections: { $procmux$10256_Y [23:18] $procmux$10256_Y [6:3] $procmux$10256_Y [1:0] } = { $procmux$10256_Y [17] $procmux$10256_Y [17] $procmux$10256_Y [17] $procmux$10256_Y [17] $procmux$10256_Y [17] $procmux$10256_Y [17] 1'0 $procmux$10256_Y [2] 4'1011 }
    Consolidated identical input bits for $pmux cell $procmux$10471:
      Old ports: A={ \u_ibex_top.u_ibex_core.cs_registers_i.u_mtvec_csr.rdata_q [31:8] 8'00000000 }, B={ \u_ibex_top.u_ibex_core.cs_registers_i.u_mtvec_csr.rdata_q [31:8] 1'0 \u_ibex_top.u_ibex_core.if_stage_i.irq_vec 66'000001101000010001000010000000000000011010000100010000100000001000 }, Y=\u_ibex_top.u_ibex_core.if_stage_i.exc_pc
      New ports: A={ \u_ibex_top.u_ibex_core.cs_registers_i.u_mtvec_csr.rdata_q [31:8] 5'00000 }, B={ \u_ibex_top.u_ibex_core.cs_registers_i.u_mtvec_csr.rdata_q [31:8] \u_ibex_top.u_ibex_core.if_stage_i.irq_vec 58'0001101000010001000010000000000011010000100010000100000010 }, Y={ \u_ibex_top.u_ibex_core.if_stage_i.exc_pc [31:8] \u_ibex_top.u_ibex_core.if_stage_i.exc_pc [6:2] }
      New connections: { \u_ibex_top.u_ibex_core.if_stage_i.exc_pc [7] \u_ibex_top.u_ibex_core.if_stage_i.exc_pc [1:0] } = 3'000
    New ctrl vector for $pmux cell $procmux$1413: { $procmux$1385_CMP $procmux$1000_Y $procmux$1378_CMP $procmux$1377_CMP $procmux$1376_CMP $774y $procmux$1327_CMP $775y $procmux$1372_CMP $procmux$1371_CMP $procmux$1370_CMP $procmux$1347_CMP $procmux$1346_CMP $procmux$1345_CMP $procmux$1344_CMP $procmux$1343_CMP $auto$opt_reduce.cc:137:opt_pmux$10601 $auto$opt_reduce.cc:137:opt_pmux$10599 $procmux$1337_CMP }
    Consolidated identical input bits for $mux cell $procmux$1751:
      Old ports: A=4'0100, B={ 2'00 $1661y }, Y=$procmux$1751_Y
      New ports: A=3'100, B={ 1'0 $1661y }, Y=$procmux$1751_Y [2:0]
      New connections: $procmux$1751_Y [3] = 1'0
    New ctrl vector for $pmux cell $procmux$1857: { $1769y $procmux$1821_CMP $procmux$1729_CMP }
    Consolidated identical input bits for $pmux cell $procmux$2652:
      Old ports: A=1'0, B=2'00, Y=\u_ibex_top.u_ibex_core.load_store_unit_i.pmp_err_d
      New connections: \u_ibex_top.u_ibex_core.load_store_unit_i.pmp_err_d = 1'0
    Consolidated identical input bits for $mux cell $procmux$2766:
      Old ports: A={ 24'000000000000000000000000 \data_rdata_i [31:24] }, B={ \data_rdata_i [31] \data_rdata_i [31] \data_rdata_i [31] \data_rdata_i [31] \data_rdata_i [31] \data_rdata_i [31] \data_rdata_i [31] \data_rdata_i [31] \data_rdata_i [31] \data_rdata_i [31] \data_rdata_i [31] \data_rdata_i [31] \data_rdata_i [31] \data_rdata_i [31] \data_rdata_i [31] \data_rdata_i [31] \data_rdata_i [31] \data_rdata_i [31] \data_rdata_i [31] \data_rdata_i [31] \data_rdata_i [31] \data_rdata_i [31] \data_rdata_i [31] \data_rdata_i [31] \data_rdata_i [31:24] }, Y=$procmux$2766_Y
      New ports: A=1'0, B=\data_rdata_i [31], Y=$procmux$2766_Y [8]
      New connections: { $procmux$2766_Y [31:9] $procmux$2766_Y [7:0] } = { $procmux$2766_Y [8] $procmux$2766_Y [8] $procmux$2766_Y [8] $procmux$2766_Y [8] $procmux$2766_Y [8] $procmux$2766_Y [8] $procmux$2766_Y [8] $procmux$2766_Y [8] $procmux$2766_Y [8] $procmux$2766_Y [8] $procmux$2766_Y [8] $procmux$2766_Y [8] $procmux$2766_Y [8] $procmux$2766_Y [8] $procmux$2766_Y [8] $procmux$2766_Y [8] $procmux$2766_Y [8] $procmux$2766_Y [8] $procmux$2766_Y [8] $procmux$2766_Y [8] $procmux$2766_Y [8] $procmux$2766_Y [8] $procmux$2766_Y [8] \data_rdata_i [31:24] }
    Consolidated identical input bits for $mux cell $procmux$2772:
      Old ports: A={ 24'000000000000000000000000 \data_rdata_i [23:16] }, B={ \data_rdata_i [23] \data_rdata_i [23] \data_rdata_i [23] \data_rdata_i [23] \data_rdata_i [23] \data_rdata_i [23] \data_rdata_i [23] \data_rdata_i [23] \data_rdata_i [23] \data_rdata_i [23] \data_rdata_i [23] \data_rdata_i [23] \data_rdata_i [23] \data_rdata_i [23] \data_rdata_i [23] \data_rdata_i [23] \data_rdata_i [23] \data_rdata_i [23] \data_rdata_i [23] \data_rdata_i [23] \data_rdata_i [23] \data_rdata_i [23] \data_rdata_i [23] \data_rdata_i [23] \data_rdata_i [23:16] }, Y=$procmux$2772_Y
      New ports: A=1'0, B=\data_rdata_i [23], Y=$procmux$2772_Y [8]
      New connections: { $procmux$2772_Y [31:9] $procmux$2772_Y [7:0] } = { $procmux$2772_Y [8] $procmux$2772_Y [8] $procmux$2772_Y [8] $procmux$2772_Y [8] $procmux$2772_Y [8] $procmux$2772_Y [8] $procmux$2772_Y [8] $procmux$2772_Y [8] $procmux$2772_Y [8] $procmux$2772_Y [8] $procmux$2772_Y [8] $procmux$2772_Y [8] $procmux$2772_Y [8] $procmux$2772_Y [8] $procmux$2772_Y [8] $procmux$2772_Y [8] $procmux$2772_Y [8] $procmux$2772_Y [8] $procmux$2772_Y [8] $procmux$2772_Y [8] $procmux$2772_Y [8] $procmux$2772_Y [8] $procmux$2772_Y [8] \data_rdata_i [23:16] }
    Consolidated identical input bits for $mux cell $procmux$2779:
      Old ports: A={ 24'000000000000000000000000 \data_rdata_i [15:8] }, B={ \data_rdata_i [15] \data_rdata_i [15] \data_rdata_i [15] \data_rdata_i [15] \data_rdata_i [15] \data_rdata_i [15] \data_rdata_i [15] \data_rdata_i [15] \data_rdata_i [15] \data_rdata_i [15] \data_rdata_i [15] \data_rdata_i [15] \data_rdata_i [15] \data_rdata_i [15] \data_rdata_i [15] \data_rdata_i [15] \data_rdata_i [15] \data_rdata_i [15] \data_rdata_i [15] \data_rdata_i [15] \data_rdata_i [15] \data_rdata_i [15] \data_rdata_i [15] \data_rdata_i [15] \data_rdata_i [15:8] }, Y=$procmux$2779_Y
      New ports: A=1'0, B=\data_rdata_i [15], Y=$procmux$2779_Y [8]
      New connections: { $procmux$2779_Y [31:9] $procmux$2779_Y [7:0] } = { $procmux$2779_Y [8] $procmux$2779_Y [8] $procmux$2779_Y [8] $procmux$2779_Y [8] $procmux$2779_Y [8] $procmux$2779_Y [8] $procmux$2779_Y [8] $procmux$2779_Y [8] $procmux$2779_Y [8] $procmux$2779_Y [8] $procmux$2779_Y [8] $procmux$2779_Y [8] $procmux$2779_Y [8] $procmux$2779_Y [8] $procmux$2779_Y [8] $procmux$2779_Y [8] $procmux$2779_Y [8] $procmux$2779_Y [8] $procmux$2779_Y [8] $procmux$2779_Y [8] $procmux$2779_Y [8] $procmux$2779_Y [8] $procmux$2779_Y [8] \data_rdata_i [15:8] }
    Consolidated identical input bits for $mux cell $procmux$2796:
      Old ports: A={ 24'000000000000000000000000 \data_rdata_i [7:0] }, B={ \data_rdata_i [7] \data_rdata_i [7] \data_rdata_i [7] \data_rdata_i [7] \data_rdata_i [7] \data_rdata_i [7] \data_rdata_i [7] \data_rdata_i [7] \data_rdata_i [7] \data_rdata_i [7] \data_rdata_i [7] \data_rdata_i [7] \data_rdata_i [7] \data_rdata_i [7] \data_rdata_i [7] \data_rdata_i [7] \data_rdata_i [7] \data_rdata_i [7] \data_rdata_i [7] \data_rdata_i [7] \data_rdata_i [7] \data_rdata_i [7] \data_rdata_i [7] \data_rdata_i [7] \data_rdata_i [7:0] }, Y=$procmux$2796_Y
      New ports: A=1'0, B=\data_rdata_i [7], Y=$procmux$2796_Y [8]
      New connections: { $procmux$2796_Y [31:9] $procmux$2796_Y [7:0] } = { $procmux$2796_Y [8] $procmux$2796_Y [8] $procmux$2796_Y [8] $procmux$2796_Y [8] $procmux$2796_Y [8] $procmux$2796_Y [8] $procmux$2796_Y [8] $procmux$2796_Y [8] $procmux$2796_Y [8] $procmux$2796_Y [8] $procmux$2796_Y [8] $procmux$2796_Y [8] $procmux$2796_Y [8] $procmux$2796_Y [8] $procmux$2796_Y [8] $procmux$2796_Y [8] $procmux$2796_Y [8] $procmux$2796_Y [8] $procmux$2796_Y [8] $procmux$2796_Y [8] $procmux$2796_Y [8] $procmux$2796_Y [8] $procmux$2796_Y [8] \data_rdata_i [7:0] }
    Consolidated identical input bits for $mux cell $procmux$2801:
      Old ports: A={ 16'0000000000000000 \data_rdata_i [7:0] \u_ibex_top.u_ibex_core.load_store_unit_i.rdata_q [23:16] }, B={ \data_rdata_i [7] \data_rdata_i [7] \data_rdata_i [7] \data_rdata_i [7] \data_rdata_i [7] \data_rdata_i [7] \data_rdata_i [7] \data_rdata_i [7] \data_rdata_i [7] \data_rdata_i [7] \data_rdata_i [7] \data_rdata_i [7] \data_rdata_i [7] \data_rdata_i [7] \data_rdata_i [7] \data_rdata_i [7] \data_rdata_i [7:0] \u_ibex_top.u_ibex_core.load_store_unit_i.rdata_q [23:16] }, Y=$procmux$2801_Y
      New ports: A=1'0, B=\data_rdata_i [7], Y=$procmux$2801_Y [16]
      New connections: { $procmux$2801_Y [31:17] $procmux$2801_Y [15:0] } = { $procmux$2801_Y [16] $procmux$2801_Y [16] $procmux$2801_Y [16] $procmux$2801_Y [16] $procmux$2801_Y [16] $procmux$2801_Y [16] $procmux$2801_Y [16] $procmux$2801_Y [16] $procmux$2801_Y [16] $procmux$2801_Y [16] $procmux$2801_Y [16] $procmux$2801_Y [16] $procmux$2801_Y [16] $procmux$2801_Y [16] $procmux$2801_Y [16] \data_rdata_i [7:0] \u_ibex_top.u_ibex_core.load_store_unit_i.rdata_q [23:16] }
    Consolidated identical input bits for $mux cell $procmux$2807:
      Old ports: A={ 16'0000000000000000 \data_rdata_i [31:16] }, B={ \data_rdata_i [31] \data_rdata_i [31] \data_rdata_i [31] \data_rdata_i [31] \data_rdata_i [31] \data_rdata_i [31] \data_rdata_i [31] \data_rdata_i [31] \data_rdata_i [31] \data_rdata_i [31] \data_rdata_i [31] \data_rdata_i [31] \data_rdata_i [31] \data_rdata_i [31] \data_rdata_i [31] \data_rdata_i [31] \data_rdata_i [31:16] }, Y=$procmux$2807_Y
      New ports: A=1'0, B=\data_rdata_i [31], Y=$procmux$2807_Y [16]
      New connections: { $procmux$2807_Y [31:17] $procmux$2807_Y [15:0] } = { $procmux$2807_Y [16] $procmux$2807_Y [16] $procmux$2807_Y [16] $procmux$2807_Y [16] $procmux$2807_Y [16] $procmux$2807_Y [16] $procmux$2807_Y [16] $procmux$2807_Y [16] $procmux$2807_Y [16] $procmux$2807_Y [16] $procmux$2807_Y [16] $procmux$2807_Y [16] $procmux$2807_Y [16] $procmux$2807_Y [16] $procmux$2807_Y [16] \data_rdata_i [31:16] }
    Consolidated identical input bits for $mux cell $procmux$2814:
      Old ports: A={ 16'0000000000000000 \data_rdata_i [23:8] }, B={ \data_rdata_i [23] \data_rdata_i [23] \data_rdata_i [23] \data_rdata_i [23] \data_rdata_i [23] \data_rdata_i [23] \data_rdata_i [23] \data_rdata_i [23] \data_rdata_i [23] \data_rdata_i [23] \data_rdata_i [23] \data_rdata_i [23] \data_rdata_i [23] \data_rdata_i [23] \data_rdata_i [23] \data_rdata_i [23] \data_rdata_i [23:8] }, Y=$procmux$2814_Y
      New ports: A=1'0, B=\data_rdata_i [23], Y=$procmux$2814_Y [16]
      New connections: { $procmux$2814_Y [31:17] $procmux$2814_Y [15:0] } = { $procmux$2814_Y [16] $procmux$2814_Y [16] $procmux$2814_Y [16] $procmux$2814_Y [16] $procmux$2814_Y [16] $procmux$2814_Y [16] $procmux$2814_Y [16] $procmux$2814_Y [16] $procmux$2814_Y [16] $procmux$2814_Y [16] $procmux$2814_Y [16] $procmux$2814_Y [16] $procmux$2814_Y [16] $procmux$2814_Y [16] $procmux$2814_Y [16] \data_rdata_i [23:8] }
    Consolidated identical input bits for $mux cell $procmux$2831:
      Old ports: A={ 16'0000000000000000 \data_rdata_i [15:0] }, B={ \data_rdata_i [15] \data_rdata_i [15] \data_rdata_i [15] \data_rdata_i [15] \data_rdata_i [15] \data_rdata_i [15] \data_rdata_i [15] \data_rdata_i [15] \data_rdata_i [15] \data_rdata_i [15] \data_rdata_i [15] \data_rdata_i [15] \data_rdata_i [15] \data_rdata_i [15] \data_rdata_i [15] \data_rdata_i [15] \data_rdata_i [15:0] }, Y=$procmux$2831_Y
      New ports: A=1'0, B=\data_rdata_i [15], Y=$procmux$2831_Y [16]
      New connections: { $procmux$2831_Y [31:17] $procmux$2831_Y [15:0] } = { $procmux$2831_Y [16] $procmux$2831_Y [16] $procmux$2831_Y [16] $procmux$2831_Y [16] $procmux$2831_Y [16] $procmux$2831_Y [16] $procmux$2831_Y [16] $procmux$2831_Y [16] $procmux$2831_Y [16] $procmux$2831_Y [16] $procmux$2831_Y [16] $procmux$2831_Y [16] $procmux$2831_Y [16] $procmux$2831_Y [16] $procmux$2831_Y [16] \data_rdata_i [15:0] }
    Consolidated identical input bits for $pmux cell $procmux$2942:
      Old ports: A=4'0000, B=12'000100110111, Y=$procmux$2942_Y
      New ports: A=3'000, B=9'001011111, Y=$procmux$2942_Y [2:0]
      New connections: $procmux$2942_Y [3] = 1'0
    Consolidated identical input bits for $pmux cell $procmux$2970:
      Old ports: A=4'1111, B=12'111011001000, Y=$procmux$2970_Y
      New ports: A=3'111, B=9'110100000, Y=$procmux$2970_Y [2:0]
      New connections: $procmux$2970_Y [3] = 1'1
    Consolidated identical input bits for $mux cell $procmux$3033:
      Old ports: A={ 2'00 \u_ibex_top.u_ibex_core.ex_block_i.gen_multdiv_fast.multdiv_i.op_a_i }, B=34'1111111111111111111111111111111111, Y=$procmux$3033_Y
      New ports: A={ 1'0 \u_ibex_top.u_ibex_core.ex_block_i.gen_multdiv_fast.multdiv_i.op_a_i }, B=33'111111111111111111111111111111111, Y=$procmux$3033_Y [32:0]
      New connections: $procmux$3033_Y [33] = $procmux$3033_Y [32]
    Consolidated identical input bits for $pmux cell $procmux$3111:
      Old ports: A={ $1422y 1'1 }, B={ $1435y 1'1 $1443y 1'1 $1451y 1'1 }, Y=\u_ibex_top.u_ibex_core.ex_block_i.alu_i.multdiv_operand_b_i
      New ports: A=$1422y, B={ $1435y $1443y $1451y }, Y=\u_ibex_top.u_ibex_core.ex_block_i.alu_i.multdiv_operand_b_i [32:1]
      New connections: \u_ibex_top.u_ibex_core.ex_block_i.alu_i.multdiv_operand_b_i [0] = 1'1
    Consolidated identical input bits for $mux cell $procmux$3125:
      Old ports: A=33'000000000000000000000000000000001, B={ \u_ibex_top.u_ibex_core.id_stage_i.imd_val_q [65:34] 1'1 }, Y=\u_ibex_top.u_ibex_core.ex_block_i.alu_i.multdiv_operand_a_i
      New ports: A=0, B=\u_ibex_top.u_ibex_core.id_stage_i.imd_val_q [65:34], Y=\u_ibex_top.u_ibex_core.ex_block_i.alu_i.multdiv_operand_a_i [32:1]
      New connections: \u_ibex_top.u_ibex_core.ex_block_i.alu_i.multdiv_operand_a_i [0] = 1'1
    Consolidated identical input bits for $mux cell $procmux$3669:
      Old ports: A=3'000, B=3'100, Y=$procmux$3669_Y
      New ports: A=1'0, B=1'1, Y=$procmux$3669_Y [2]
      New connections: $procmux$3669_Y [1:0] = 2'00
    Consolidated identical input bits for $mux cell $procmux$4095:
      Old ports: A=2'11, B=2'00, Y=$auto$wreduce.cc:514:run$11119 [1:0]
      New ports: A=1'1, B=1'0, Y=$auto$wreduce.cc:514:run$11119 [0]
      New connections: $auto$wreduce.cc:514:run$11119 [1] = $auto$wreduce.cc:514:run$11119 [0]
    Consolidated identical input bits for $mux cell $procmux$4494:
      Old ports: A=3'111, B=3'011, Y=$auto$wreduce.cc:514:run$11122 [2:0]
      New ports: A=1'1, B=1'0, Y=$auto$wreduce.cc:514:run$11122 [2]
      New connections: $auto$wreduce.cc:514:run$11122 [1:0] = 2'11
    Consolidated identical input bits for $mux cell $procmux$5109:
      Old ports: A=4'0000, B=4'1110, Y=$procmux$5109_Y
      New ports: A=1'0, B=1'1, Y=$procmux$5109_Y [1]
      New connections: { $procmux$5109_Y [3:2] $procmux$5109_Y [0] } = { $procmux$5109_Y [1] $procmux$5109_Y [1] 1'0 }
    Consolidated identical input bits for $mux cell $procmux$520:
      Old ports: A={ \u_ibex_top.u_ibex_core.if_stage_i.pc_id_o [31:1] 1'0 }, B={ \u_ibex_top.u_ibex_core.if_stage_i.gen_prefetch_buffer.prefetch_buffer_i.fifo_i.instr_addr_q 1'0 }, Y=$procmux$520_Y
      New ports: A=\u_ibex_top.u_ibex_core.if_stage_i.pc_id_o [31:1], B=\u_ibex_top.u_ibex_core.if_stage_i.gen_prefetch_buffer.prefetch_buffer_i.fifo_i.instr_addr_q, Y=$procmux$520_Y [31:1]
      New connections: $procmux$520_Y [0] = 1'0
    Consolidated identical input bits for $mux cell $procmux$5643:
      Old ports: A=2'00, B=2'11, Y=$procmux$5643_Y
      New ports: A=1'0, B=1'1, Y=$procmux$5643_Y [0]
      New connections: $procmux$5643_Y [1] = $procmux$5643_Y [0]
    Consolidated identical input bits for $mux cell $procmux$5715:
      Old ports: A=6'101100, B=6'000000, Y=$auto$wreduce.cc:514:run$11125 [5:0]
      New ports: A=1'1, B=1'0, Y=$auto$wreduce.cc:514:run$11125 [2]
      New connections: { $auto$wreduce.cc:514:run$11125 [5:3] $auto$wreduce.cc:514:run$11125 [1:0] } = { $auto$wreduce.cc:514:run$11125 [2] 1'0 $auto$wreduce.cc:514:run$11125 [2] 2'00 }
    Consolidated identical input bits for $mux cell $procmux$5723:
      Old ports: A=3'000, B=3'101, Y=$procmux$5723_Y
      New ports: A=1'0, B=1'1, Y=$procmux$5723_Y [0]
      New connections: $procmux$5723_Y [2:1] = { $procmux$5723_Y [0] 1'0 }
    Consolidated identical input bits for $pmux cell $procmux$5763:
      Old ports: A=6'101100, B=54'000001101011000010000011000100001010001001001000000000, Y=$auto$wreduce.cc:514:run$11126 [5:0]
      New ports: A=5'11100, B=45'000011101100010000110010001010010010100000000, Y={ $auto$wreduce.cc:514:run$11126 [5] $auto$wreduce.cc:514:run$11126 [3:0] }
      New connections: $auto$wreduce.cc:514:run$11126 [4] = 1'0
    Consolidated identical input bits for $mux cell $procmux$5826:
      Old ports: A=6'101100, B=6'001000, Y=$auto$wreduce.cc:514:run$11129 [5:0]
      New ports: A=1'1, B=1'0, Y=$auto$wreduce.cc:514:run$11129 [2]
      New connections: { $auto$wreduce.cc:514:run$11129 [5:3] $auto$wreduce.cc:514:run$11129 [1:0] } = { $auto$wreduce.cc:514:run$11129 [2] 4'0100 }
    Consolidated identical input bits for $pmux cell $procmux$5861:
      Old ports: A=7'0000000, B={ 43'0101011010110000000100000011000010000010100 $auto$wreduce.cc:514:run$11128 [5:0] }, Y=$procmux$5861_Y
      New ports: A=6'000000, B={ 36'101011101100000010000011000100001010 $auto$wreduce.cc:514:run$11128 [5:0] }, Y=$procmux$5861_Y [5:0]
      New connections: $procmux$5861_Y [6] = 1'0
    Consolidated identical input bits for $mux cell $procmux$5976:
      Old ports: A=2'10, B=2'00, Y=$auto$wreduce.cc:514:run$11131 [1:0]
      New ports: A=1'1, B=1'0, Y=$auto$wreduce.cc:514:run$11131 [1]
      New connections: $auto$wreduce.cc:514:run$11131 [0] = 1'0
    Consolidated identical input bits for $mux cell $procmux$5991:
      Old ports: A=7'0000000, B={ 1'0 $auto$wreduce.cc:514:run$11132 [5:0] }, Y=$procmux$5991_Y
      New ports: A=6'000000, B=$auto$wreduce.cc:514:run$11132 [5:0], Y=$procmux$5991_Y [5:0]
      New connections: $procmux$5991_Y [6] = 1'0
    Consolidated identical input bits for $pmux cell $procmux$6020:
      Old ports: A=6'101100, B=36'011101011110011001011011011010011100, Y=$auto$wreduce.cc:514:run$11132 [5:0]
      New ports: A=5'10100, B=30'011010111001001010110101001100, Y={ $auto$wreduce.cc:514:run$11132 [5:4] $auto$wreduce.cc:514:run$11132 [2:0] }
      New connections: $auto$wreduce.cc:514:run$11132 [3] = 1'1
    Consolidated identical input bits for $mux cell $procmux$6083:
      Old ports: A=3'101, B=3'000, Y=$procmux$6083_Y
      New ports: A=1'1, B=1'0, Y=$procmux$6083_Y [0]
      New connections: $procmux$6083_Y [2:1] = { $procmux$6083_Y [0] 1'0 }
    Consolidated identical input bits for $mux cell $procmux$721:
      Old ports: A={ \u_ibex_top.u_ibex_core.cs_registers_i.u_cpuctrlsts_part_csr.rdata_q [7:6] 6'000000 }, B={ \u_ibex_top.u_ibex_core.cs_registers_i.csr_wdata_int [7:6] 6'000000 }, Y=$procmux$721_Y
      New ports: A=\u_ibex_top.u_ibex_core.cs_registers_i.u_cpuctrlsts_part_csr.rdata_q [7:6], B=\u_ibex_top.u_ibex_core.cs_registers_i.csr_wdata_int [7:6], Y=$procmux$721_Y [7:6]
      New connections: $procmux$721_Y [5:0] = 6'000000
    New ctrl vector for $pmux cell $procmux$8368: $723y
    Consolidated identical input bits for $mux cell $procmux$9947:
      Old ports: A={ 1'0 \u_ibex_top.u_ibex_core.if_stage_i.compressed_decoder_i.instr_i [11:7] 15'000000011100111 }, B=21'100000000000001110011, Y=$auto$wreduce.cc:514:run$11137 [20:0]
      New ports: A={ \u_ibex_top.u_ibex_core.if_stage_i.compressed_decoder_i.instr_i [11:7] 2'01 }, B=7'0000010, Y={ $auto$wreduce.cc:514:run$11137 [19:15] $auto$wreduce.cc:514:run$11137 [4] $auto$wreduce.cc:514:run$11137 [2] }
      New connections: { $auto$wreduce.cc:514:run$11137 [20] $auto$wreduce.cc:514:run$11137 [14:5] $auto$wreduce.cc:514:run$11137 [3] $auto$wreduce.cc:514:run$11137 [1:0] } = { $auto$wreduce.cc:514:run$11137 [4] 7'0000000 $auto$wreduce.cc:514:run$11137 [2] 5'11011 }
  Optimizing cells in module \chipus_ibex_wrapper.
    Consolidated identical input bits for $mux cell $947:
      Old ports: A=$944y, B=3'001, Y=\u_ibex_top.u_ibex_core.id_stage_i.controller_i.debug_cause_d
      New ports: A={ $944y [2] 1'0 }, B=2'01, Y={ \u_ibex_top.u_ibex_core.id_stage_i.controller_i.debug_cause_d [2] \u_ibex_top.u_ibex_core.id_stage_i.controller_i.debug_cause_d [0] }
      New connections: \u_ibex_top.u_ibex_core.id_stage_i.controller_i.debug_cause_d [1] = 1'0
    Consolidated identical input bits for $pmux cell $procmux$10195:
      Old ports: A={ 1'0 \u_ibex_top.u_ibex_core.if_stage_i.compressed_decoder_i.instr_i [10] 5'00000 \u_ibex_top.u_ibex_core.if_stage_i.compressed_decoder_i.instr_i [6:2] 2'01 \u_ibex_top.u_ibex_core.if_stage_i.compressed_decoder_i.instr_i [9:7] 5'10101 \u_ibex_top.u_ibex_core.if_stage_i.compressed_decoder_i.instr_i [9:7] 7'0010011 }, B={ \u_ibex_top.u_ibex_core.if_stage_i.compressed_decoder_i.instr_i [12] \u_ibex_top.u_ibex_core.if_stage_i.compressed_decoder_i.instr_i [12] \u_ibex_top.u_ibex_core.if_stage_i.compressed_decoder_i.instr_i [12] \u_ibex_top.u_ibex_core.if_stage_i.compressed_decoder_i.instr_i [12] \u_ibex_top.u_ibex_core.if_stage_i.compressed_decoder_i.instr_i [12] \u_ibex_top.u_ibex_core.if_stage_i.compressed_decoder_i.instr_i [12] \u_ibex_top.u_ibex_core.if_stage_i.compressed_decoder_i.instr_i [12] \u_ibex_top.u_ibex_core.if_stage_i.compressed_decoder_i.instr_i [6:2] 2'01 \u_ibex_top.u_ibex_core.if_stage_i.compressed_decoder_i.instr_i [9:7] 5'11101 \u_ibex_top.u_ibex_core.if_stage_i.compressed_decoder_i.instr_i [9:7] 7'0010011 $procmux$10180_Y }, Y=$procmux$10195_Y
      New ports: A={ 1'0 \u_ibex_top.u_ibex_core.if_stage_i.compressed_decoder_i.instr_i [10] 5'00000 \u_ibex_top.u_ibex_core.if_stage_i.compressed_decoder_i.instr_i [6:2] 2'01 \u_ibex_top.u_ibex_core.if_stage_i.compressed_decoder_i.instr_i [9:7] 12'101010010011 }, B={ \u_ibex_top.u_ibex_core.if_stage_i.compressed_decoder_i.instr_i [12] \u_ibex_top.u_ibex_core.if_stage_i.compressed_decoder_i.instr_i [12] \u_ibex_top.u_ibex_core.if_stage_i.compressed_decoder_i.instr_i [12] \u_ibex_top.u_ibex_core.if_stage_i.compressed_decoder_i.instr_i [12] \u_ibex_top.u_ibex_core.if_stage_i.compressed_decoder_i.instr_i [12] \u_ibex_top.u_ibex_core.if_stage_i.compressed_decoder_i.instr_i [12] \u_ibex_top.u_ibex_core.if_stage_i.compressed_decoder_i.instr_i [12] \u_ibex_top.u_ibex_core.if_stage_i.compressed_decoder_i.instr_i [6:2] 2'01 \u_ibex_top.u_ibex_core.if_stage_i.compressed_decoder_i.instr_i [9:7] 12'111010010011 $procmux$10180_Y [31:10] $procmux$10180_Y [6:0] }, Y={ $procmux$10195_Y [31:10] $procmux$10195_Y [6:0] }
      New connections: $procmux$10195_Y [9:7] = \u_ibex_top.u_ibex_core.if_stage_i.compressed_decoder_i.instr_i [9:7]
    Consolidated identical input bits for $mux cell $procmux$1030:
      Old ports: A={ \u_ibex_top.u_ibex_core.cs_registers_i.u_cpuctrlsts_part_csr.rdata_q [7:6] 6'000000 }, B=$procmux$721_Y, Y={ $procmux$1030_Y [7:6] \u_ibex_top.u_ibex_core.cs_registers_i.cpuctrlsts_part_d [5:0] }
      New ports: A=\u_ibex_top.u_ibex_core.cs_registers_i.u_cpuctrlsts_part_csr.rdata_q [7:6], B=$procmux$721_Y [7:6], Y=$procmux$1030_Y [7:6]
      New connections: \u_ibex_top.u_ibex_core.cs_registers_i.cpuctrlsts_part_d [5:0] = 6'000000
    Consolidated identical input bits for $mux cell $procmux$1751:
      Old ports: A=3'100, B={ 1'0 $1661y }, Y=$procmux$1751_Y [2:0]
      New ports: A=2'10, B={ 1'0 $1661y [0] }, Y={ $procmux$1751_Y [2] $procmux$1751_Y [0] }
      New connections: $procmux$1751_Y [1] = $procmux$1751_Y [0]
    Consolidated identical input bits for $pmux cell $procmux$1857:
      Old ports: A=4'0000, B={ 2'00 $auto$wreduce.cc:514:run$11117 [1:0] 4'0010 $procmux$1751_Y }, Y=\u_ibex_top.u_ibex_core.load_store_unit_i.ls_fsm_ns
      New ports: A=3'000, B={ 1'0 $auto$wreduce.cc:514:run$11117 [1:0] 3'010 $procmux$1751_Y [2:0] }, Y=\u_ibex_top.u_ibex_core.load_store_unit_i.ls_fsm_ns [2:0]
      New connections: \u_ibex_top.u_ibex_core.load_store_unit_i.ls_fsm_ns [3] = 1'0
    Consolidated identical input bits for $pmux cell $procmux$2784:
      Old ports: A=$procmux$2796_Y, B={ $procmux$2779_Y $procmux$2772_Y $procmux$2766_Y }, Y=\u_ibex_top.u_ibex_core.load_store_unit_i.rdata_b_ext
      New ports: A={ $procmux$2796_Y [8] \data_rdata_i [7:0] }, B={ $procmux$2779_Y [8] \data_rdata_i [15:8] $procmux$2772_Y [8] \data_rdata_i [23:16] $procmux$2766_Y [8] \data_rdata_i [31:24] }, Y=\u_ibex_top.u_ibex_core.load_store_unit_i.rdata_b_ext [8:0]
      New connections: \u_ibex_top.u_ibex_core.load_store_unit_i.rdata_b_ext [31:9] = { \u_ibex_top.u_ibex_core.load_store_unit_i.rdata_b_ext [8] \u_ibex_top.u_ibex_core.load_store_unit_i.rdata_b_ext [8] \u_ibex_top.u_ibex_core.load_store_unit_i.rdata_b_ext [8] \u_ibex_top.u_ibex_core.load_store_unit_i.rdata_b_ext [8] \u_ibex_top.u_ibex_core.load_store_unit_i.rdata_b_ext [8] \u_ibex_top.u_ibex_core.load_store_unit_i.rdata_b_ext [8] \u_ibex_top.u_ibex_core.load_store_unit_i.rdata_b_ext [8] \u_ibex_top.u_ibex_core.load_store_unit_i.rdata_b_ext [8] \u_ibex_top.u_ibex_core.load_store_unit_i.rdata_b_ext [8] \u_ibex_top.u_ibex_core.load_store_unit_i.rdata_b_ext [8] \u_ibex_top.u_ibex_core.load_store_unit_i.rdata_b_ext [8] \u_ibex_top.u_ibex_core.load_store_unit_i.rdata_b_ext [8] \u_ibex_top.u_ibex_core.load_store_unit_i.rdata_b_ext [8] \u_ibex_top.u_ibex_core.load_store_unit_i.rdata_b_ext [8] \u_ibex_top.u_ibex_core.load_store_unit_i.rdata_b_ext [8] \u_ibex_top.u_ibex_core.load_store_unit_i.rdata_b_ext [8] \u_ibex_top.u_ibex_core.load_store_unit_i.rdata_b_ext [8] \u_ibex_top.u_ibex_core.load_store_unit_i.rdata_b_ext [8] \u_ibex_top.u_ibex_core.load_store_unit_i.rdata_b_ext [8] \u_ibex_top.u_ibex_core.load_store_unit_i.rdata_b_ext [8] \u_ibex_top.u_ibex_core.load_store_unit_i.rdata_b_ext [8] \u_ibex_top.u_ibex_core.load_store_unit_i.rdata_b_ext [8] \u_ibex_top.u_ibex_core.load_store_unit_i.rdata_b_ext [8] }
    Consolidated identical input bits for $pmux cell $procmux$2819:
      Old ports: A=$procmux$2831_Y, B={ $procmux$2814_Y $procmux$2807_Y $procmux$2801_Y }, Y=\u_ibex_top.u_ibex_core.load_store_unit_i.rdata_h_ext
      New ports: A={ $procmux$2831_Y [16] \data_rdata_i [15:0] }, B={ $procmux$2814_Y [16] \data_rdata_i [23:8] $procmux$2807_Y [16] \data_rdata_i [31:16] $procmux$2801_Y [16] \data_rdata_i [7:0] \u_ibex_top.u_ibex_core.load_store_unit_i.rdata_q [23:16] }, Y=\u_ibex_top.u_ibex_core.load_store_unit_i.rdata_h_ext [16:0]
      New connections: \u_ibex_top.u_ibex_core.load_store_unit_i.rdata_h_ext [31:17] = { \u_ibex_top.u_ibex_core.load_store_unit_i.rdata_h_ext [16] \u_ibex_top.u_ibex_core.load_store_unit_i.rdata_h_ext [16] \u_ibex_top.u_ibex_core.load_store_unit_i.rdata_h_ext [16] \u_ibex_top.u_ibex_core.load_store_unit_i.rdata_h_ext [16] \u_ibex_top.u_ibex_core.load_store_unit_i.rdata_h_ext [16] \u_ibex_top.u_ibex_core.load_store_unit_i.rdata_h_ext [16] \u_ibex_top.u_ibex_core.load_store_unit_i.rdata_h_ext [16] \u_ibex_top.u_ibex_core.load_store_unit_i.rdata_h_ext [16] \u_ibex_top.u_ibex_core.load_store_unit_i.rdata_h_ext [16] \u_ibex_top.u_ibex_core.load_store_unit_i.rdata_h_ext [16] \u_ibex_top.u_ibex_core.load_store_unit_i.rdata_h_ext [16] \u_ibex_top.u_ibex_core.load_store_unit_i.rdata_h_ext [16] \u_ibex_top.u_ibex_core.load_store_unit_i.rdata_h_ext [16] \u_ibex_top.u_ibex_core.load_store_unit_i.rdata_h_ext [16] \u_ibex_top.u_ibex_core.load_store_unit_i.rdata_h_ext [16] }
    Consolidated identical input bits for $mux cell $procmux$311:
      Old ports: A=$procmux$520_Y, B={ \u_ibex_top.u_ibex_core.cs_registers_i.csr_wdata_int [31:1] 1'0 }, Y=$procmux$311_Y
      New ports: A=$procmux$520_Y [31:1], B=\u_ibex_top.u_ibex_core.cs_registers_i.csr_wdata_int [31:1], Y=$procmux$311_Y [31:1]
      New connections: $procmux$311_Y [0] = 1'0
    Consolidated identical input bits for $mux cell $procmux$3291:
      Old ports: A={ \u_ibex_top.u_ibex_core.cs_registers_i.csr_wdata_i 1'1 }, B=\u_ibex_top.u_ibex_core.ex_block_i.alu_i.multdiv_operand_a_i, Y=\u_ibex_top.u_ibex_core.ex_block_i.alu_i.adder_in_a
      New ports: A=\u_ibex_top.u_ibex_core.cs_registers_i.csr_wdata_i, B=\u_ibex_top.u_ibex_core.ex_block_i.alu_i.multdiv_operand_a_i [32:1], Y=\u_ibex_top.u_ibex_core.ex_block_i.alu_i.adder_in_a [32:1]
      New connections: \u_ibex_top.u_ibex_core.ex_block_i.alu_i.adder_in_a [0] = 1'1
    Consolidated identical input bits for $mux cell $procmux$3695:
      Old ports: A=$procmux$3669_Y, B=3'011, Y=$procmux$3695_Y
      New ports: A={ $procmux$3669_Y [2] 1'0 }, B=2'01, Y={ $procmux$3695_Y [2] $procmux$3695_Y [0] }
      New connections: $procmux$3695_Y [1] = $procmux$3695_Y [0]
    Consolidated identical input bits for $mux cell $procmux$395:
      Old ports: A={ \u_ibex_top.u_ibex_core.cs_registers_i.csr_wdata_int [31:1] 1'0 }, B=$procmux$520_Y, Y=$procmux$395_Y
      New ports: A=\u_ibex_top.u_ibex_core.cs_registers_i.csr_wdata_int [31:1], B=$procmux$520_Y [31:1], Y=$procmux$395_Y [31:1]
      New connections: $procmux$395_Y [0] = 1'0
    Consolidated identical input bits for $mux cell $procmux$4515:
      Old ports: A={ 1'0 $auto$wreduce.cc:514:run$11122 [2:0] }, B=4'1011, Y=$auto$wreduce.cc:514:run$11123 [3:0]
      New ports: A={ 1'0 $auto$wreduce.cc:514:run$11122 [2] }, B=2'10, Y=$auto$wreduce.cc:514:run$11123 [3:2]
      New connections: $auto$wreduce.cc:514:run$11123 [1:0] = 2'11
    Consolidated identical input bits for $mux cell $procmux$5107:
      Old ports: A=$procmux$5109_Y, B=4'1101, Y=$procmux$5107_Y
      New ports: A={ $procmux$5109_Y [1] $procmux$5109_Y [1] 1'0 }, B=3'101, Y=$procmux$5107_Y [2:0]
      New connections: $procmux$5107_Y [3] = $procmux$5107_Y [2]
    Consolidated identical input bits for $mux cell $procmux$5653:
      Old ports: A=$procmux$5643_Y, B=2'00, Y=$procmux$5653_Y
      New ports: A=$procmux$5643_Y [0], B=1'0, Y=$procmux$5653_Y [0]
      New connections: $procmux$5653_Y [1] = $procmux$5653_Y [0]
    Consolidated identical input bits for $mux cell $procmux$5809:
      Old ports: A=$auto$wreduce.cc:514:run$11126 [5:0], B=6'101100, Y=$auto$wreduce.cc:514:run$11127 [5:0]
      New ports: A={ $auto$wreduce.cc:514:run$11126 [5] $auto$wreduce.cc:514:run$11126 [3:0] }, B=5'11100, Y={ $auto$wreduce.cc:514:run$11127 [5] $auto$wreduce.cc:514:run$11127 [3:0] }
      New connections: $auto$wreduce.cc:514:run$11127 [4] = 1'0
    Consolidated identical input bits for $mux cell $procmux$5841:
      Old ports: A=$auto$wreduce.cc:514:run$11129 [5:0], B=6'001001, Y=$auto$wreduce.cc:514:run$11128 [5:0]
      New ports: A={ $auto$wreduce.cc:514:run$11129 [2] 1'0 }, B=2'01, Y={ $auto$wreduce.cc:514:run$11128 [2] $auto$wreduce.cc:514:run$11128 [0] }
      New connections: { $auto$wreduce.cc:514:run$11128 [5:3] $auto$wreduce.cc:514:run$11128 [1] } = { $auto$wreduce.cc:514:run$11128 [2] 3'010 }
    Consolidated identical input bits for $pmux cell $procmux$6200:
      Old ports: A=7'0101100, B={ $procmux$5991_Y 7'0000000 $procmux$5861_Y 1'0 $auto$wreduce.cc:514:run$11127 [5:0] 1'0 $auto$wreduce.cc:514:run$11125 [5:0] }, Y=\u_ibex_top.u_ibex_core.ex_block_i.alu_i.operator_i
      New ports: A=6'101100, B={ $procmux$5991_Y [5:0] 6'000000 $procmux$5861_Y [5:0] $auto$wreduce.cc:514:run$11127 [5:0] $auto$wreduce.cc:514:run$11125 [2] 1'0 $auto$wreduce.cc:514:run$11125 [2] $auto$wreduce.cc:514:run$11125 [2] 2'00 }, Y=\u_ibex_top.u_ibex_core.ex_block_i.alu_i.operator_i [5:0]
      New connections: \u_ibex_top.u_ibex_core.ex_block_i.alu_i.operator_i [6] = 1'0
    Consolidated identical input bits for $mux cell $procmux$9966:
      Old ports: A={ 4'0000 $auto$wreduce.cc:514:run$11137 [20:0] }, B={ \u_ibex_top.u_ibex_core.if_stage_i.compressed_decoder_i.instr_i [6:2] \u_ibex_top.u_ibex_core.if_stage_i.compressed_decoder_i.instr_i [11:7] 3'000 \u_ibex_top.u_ibex_core.if_stage_i.compressed_decoder_i.instr_i [11:7] 7'0110011 }, Y=$auto$wreduce.cc:514:run$11138 [24:0]
      New ports: A={ 4'0000 $auto$wreduce.cc:514:run$11137 [4] $auto$wreduce.cc:514:run$11137 [19:15] 4'0000 $auto$wreduce.cc:514:run$11137 [2] 1'1 $auto$wreduce.cc:514:run$11137 [4] $auto$wreduce.cc:514:run$11137 [2] }, B={ \u_ibex_top.u_ibex_core.if_stage_i.compressed_decoder_i.instr_i [6:2] \u_ibex_top.u_ibex_core.if_stage_i.compressed_decoder_i.instr_i [11:7] \u_ibex_top.u_ibex_core.if_stage_i.compressed_decoder_i.instr_i [11:7] 3'010 }, Y={ $auto$wreduce.cc:514:run$11138 [24:15] $auto$wreduce.cc:514:run$11138 [11:6] $auto$wreduce.cc:514:run$11138 [4] $auto$wreduce.cc:514:run$11138 [2] }
      New connections: { $auto$wreduce.cc:514:run$11138 [14:12] $auto$wreduce.cc:514:run$11138 [5] $auto$wreduce.cc:514:run$11138 [3] $auto$wreduce.cc:514:run$11138 [1:0] } = 7'0001011
  Optimizing cells in module \chipus_ibex_wrapper.
    Consolidated identical input bits for $mux cell $procmux$482:
      Old ports: A=$procmux$311_Y, B={ \u_ibex_top.u_ibex_core.cs_registers_i.csr_wdata_int [31:1] 1'0 }, Y=$procmux$482_Y
      New ports: A=$procmux$311_Y [31:1], B=\u_ibex_top.u_ibex_core.cs_registers_i.csr_wdata_int [31:1], Y=$procmux$482_Y [31:1]
      New connections: $procmux$482_Y [0] = 1'0
    Consolidated identical input bits for $mux cell $procmux$5104:
      Old ports: A=$procmux$5107_Y, B=4'1100, Y=$procmux$5104_Y
      New ports: A=$procmux$5107_Y [2:0], B=3'100, Y=$procmux$5104_Y [2:0]
      New connections: $procmux$5104_Y [3] = $procmux$5104_Y [2]
    Consolidated identical input bits for $mux cell $procmux$558:
      Old ports: A={ \u_ibex_top.u_ibex_core.cs_registers_i.csr_wdata_int [31:1] 1'0 }, B=$procmux$395_Y, Y=\u_ibex_top.u_ibex_core.cs_registers_i.depc_d
      New ports: A=\u_ibex_top.u_ibex_core.cs_registers_i.csr_wdata_int [31:1], B=$procmux$395_Y [31:1], Y=\u_ibex_top.u_ibex_core.cs_registers_i.depc_d [31:1]
      New connections: \u_ibex_top.u_ibex_core.cs_registers_i.depc_d [0] = 1'0
    Consolidated identical input bits for $pmux cell $procmux$5861:
      Old ports: A=6'000000, B={ 36'101011101100000010000011000100001010 $auto$wreduce.cc:514:run$11128 [5:0] }, Y=$procmux$5861_Y [5:0]
      New ports: A=5'00000, B={ 30'110111110000010000110010001010 $auto$wreduce.cc:514:run$11128 [2] 1'1 $auto$wreduce.cc:514:run$11128 [2] 1'0 $auto$wreduce.cc:514:run$11128 [0] }, Y={ $procmux$5861_Y [5] $procmux$5861_Y [3:0] }
      New connections: $procmux$5861_Y [4] = 1'0
    Consolidated identical input bits for $mux cell $procmux$9983:
      Old ports: A=$auto$wreduce.cc:514:run$11115 [24:0], B=$auto$wreduce.cc:514:run$11138 [24:0], Y=$procmux$9983_Y [24:0]
      New ports: A={ $auto$wreduce.cc:514:run$11115 [24:15] $auto$wreduce.cc:514:run$11115 [11:7] $auto$wreduce.cc:514:run$11115 [2] $auto$wreduce.cc:514:run$11115 [4] $auto$wreduce.cc:514:run$11115 [2] }, B={ $auto$wreduce.cc:514:run$11138 [24:15] $auto$wreduce.cc:514:run$11138 [11:6] $auto$wreduce.cc:514:run$11138 [4] $auto$wreduce.cc:514:run$11138 [2] }, Y={ $procmux$9983_Y [24:15] $procmux$9983_Y [11:6] $procmux$9983_Y [4] $procmux$9983_Y [2] }
      New connections: { $procmux$9983_Y [14:12] $procmux$9983_Y [5] $procmux$9983_Y [3] $procmux$9983_Y [1:0] } = 7'0001011
  Optimizing cells in module \chipus_ibex_wrapper.
Performed a total of 75 changes.

99. Executing OPT_MERGE pass (detect identical cells).
Finding identical cells in module `\chipus_ibex_wrapper'.
Computing hashes of 1480 cells of `\chipus_ibex_wrapper'.
Finding duplicate cells in `\chipus_ibex_wrapper'.
Computing hashes of 1475 cells of `\chipus_ibex_wrapper'.
Finding duplicate cells in `\chipus_ibex_wrapper'.
<suppressed ~15 debug messages>
Removed a total of 5 cells.

100. Executing OPT_SHARE pass.
    Found cells that share an operand and can be merged by moving the $mux $72 in front of them:
        $71
        $69

    Found cells that share an operand and can be merged by moving the $pmux $procmux$2677 in front of them:
        $procmux$1669
        $procmux$1796

101. Executing OPT_DFF pass (perform DFF optimizations).
Adding SRST signal on $auto$ff.cc:337:slice$10963 ($dffe) from module chipus_ibex_wrapper (D = \u_ibex_top.u_ibex_core.if_stage_i.fetch_addr_n [1], Q = \u_ibex_top.u_ibex_core.if_stage_i.gen_prefetch_buffer.prefetch_buffer_i.fetch_addr_q [1], rval = 1'0).

102. Executing OPT_CLEAN pass (remove unused cells and wires).
Finding unused cells or wires in module \chipus_ibex_wrapper..
Removed 2 unused cells and 75 unused wires.
<suppressed ~3 debug messages>

103. Executing OPT_EXPR pass (perform const folding).
Optimizing module chipus_ibex_wrapper.
<suppressed ~40 debug messages>

104. Rerunning OPT passes. (Maybe there is more to do…)

105. Executing OPT_MUXTREE pass (detect dead branches in mux trees).
Running muxtree optimizer on module \chipus_ibex_wrapper..
  Creating internal representation of mux trees.
  Evaluating internal representation of mux trees.
  Analyzing evaluation results.
Removed 0 multiplexer ports.
<suppressed ~482 debug messages>

106. Executing OPT_REDUCE pass (consolidate $*mux and $reduce_* inputs).
  Optimizing cells in module \chipus_ibex_wrapper.
    New ctrl vector for $pmux cell $procmux$2677: $auto$opt_reduce.cc:137:opt_pmux$11418
  Optimizing cells in module \chipus_ibex_wrapper.
Performed a total of 1 changes.

107. Executing OPT_MERGE pass (detect identical cells).
Finding identical cells in module `\chipus_ibex_wrapper'.
Computing hashes of 1465 cells of `\chipus_ibex_wrapper'.
Finding duplicate cells in `\chipus_ibex_wrapper'.
Computing hashes of 1460 cells of `\chipus_ibex_wrapper'.
Finding duplicate cells in `\chipus_ibex_wrapper'.
<suppressed ~15 debug messages>
Removed a total of 5 cells.

108. Executing OPT_SHARE pass.

109. Executing OPT_DFF pass (perform DFF optimizations).
Setting constant 0-bit at position 0 on $auto$ff.cc:337:slice$10887 ($adffe) from module chipus_ibex_wrapper.
Setting constant 0-bit at position 3 on $auto$ff.cc:337:slice$10907 ($adffe) from module chipus_ibex_wrapper.
Setting constant 0-bit at position 0 on $auto$ff.cc:337:slice$11407 ($dffe) from module chipus_ibex_wrapper.
Setting constant 0-bit at position 1 on $driver$u_ibex_top.u_ibex_core.id_stage_i.controller_i.debug_cause_q ($adff) from module chipus_ibex_wrapper.

110. Executing OPT_CLEAN pass (remove unused cells and wires).
Finding unused cells or wires in module \chipus_ibex_wrapper..
Removed 1 unused cells and 21 unused wires.
<suppressed ~2 debug messages>

111. Executing OPT_EXPR pass (perform const folding).
Optimizing module chipus_ibex_wrapper.
<suppressed ~9 debug messages>

112. Rerunning OPT passes. (Maybe there is more to do…)

113. Executing OPT_MUXTREE pass (detect dead branches in mux trees).
Running muxtree optimizer on module \chipus_ibex_wrapper..
  Creating internal representation of mux trees.
  Evaluating internal representation of mux trees.
  Analyzing evaluation results.
Removed 0 multiplexer ports.
<suppressed ~478 debug messages>

114. Executing OPT_REDUCE pass (consolidate $*mux and $reduce_* inputs).
  Optimizing cells in module \chipus_ibex_wrapper.
    Consolidated identical input bits for $mux cell $171:
      Old ports: A={ \u_ibex_top.u_ibex_core.if_stage_i.gen_prefetch_buffer.prefetch_buffer_i.fetch_addr_q [31:1] 1'0 }, B={ \u_ibex_top.u_ibex_core.if_stage_i.fetch_addr_n [31:1] 1'0 }, Y=$171y
      New ports: A=\u_ibex_top.u_ibex_core.if_stage_i.gen_prefetch_buffer.prefetch_buffer_i.fetch_addr_q [31:1], B=\u_ibex_top.u_ibex_core.if_stage_i.fetch_addr_n [31:1], Y=$171y [31:1]
      New connections: $171y [0] = 1'0
    New ctrl vector for $pmux cell $procmux$2641: $auto$opt_reduce.cc:137:opt_pmux$11423
  Optimizing cells in module \chipus_ibex_wrapper.
Performed a total of 2 changes.

115. Executing OPT_MERGE pass (detect identical cells).
Finding identical cells in module `\chipus_ibex_wrapper'.
Computing hashes of 1453 cells of `\chipus_ibex_wrapper'.
Finding duplicate cells in `\chipus_ibex_wrapper'.
Computing hashes of 1450 cells of `\chipus_ibex_wrapper'.
Finding duplicate cells in `\chipus_ibex_wrapper'.
<suppressed ~9 debug messages>
Removed a total of 3 cells.

116. Executing OPT_SHARE pass.
    Found cells that share an operand and can be merged by moving the $pmux $procmux$2697 in front of them:
        $procmux$1677
        $procmux$1807

117. Executing OPT_DFF pass (perform DFF optimizations).
Setting constant 0-bit at position 0 on $auto$ff.cc:337:slice$10954 ($sdffce) from module chipus_ibex_wrapper.
Setting constant 0-bit at position 1 on $auto$ff.cc:337:slice$11016 ($adffe) from module chipus_ibex_wrapper.
Setting constant 0-bit at position 2 on $auto$ff.cc:337:slice$11016 ($adffe) from module chipus_ibex_wrapper.
Setting constant 0-bit at position 3 on $auto$ff.cc:337:slice$11016 ($adffe) from module chipus_ibex_wrapper.
Setting constant 0-bit at position 4 on $auto$ff.cc:337:slice$11016 ($adffe) from module chipus_ibex_wrapper.
Setting constant 0-bit at position 5 on $auto$ff.cc:337:slice$11016 ($adffe) from module chipus_ibex_wrapper.
Setting constant 0-bit at position 6 on $auto$ff.cc:337:slice$11016 ($adffe) from module chipus_ibex_wrapper.
Setting constant 0-bit at position 7 on $auto$ff.cc:337:slice$11016 ($adffe) from module chipus_ibex_wrapper.
Setting constant 0-bit at position 0 on $auto$ff.cc:337:slice$11032 ($adffe) from module chipus_ibex_wrapper.
Setting constant 0-bit at position 1 on $auto$ff.cc:337:slice$11238 ($adffe) from module chipus_ibex_wrapper.

118. Executing OPT_CLEAN pass (remove unused cells and wires).
Finding unused cells or wires in module \chipus_ibex_wrapper..
Removed 0 unused cells and 10 unused wires.
<suppressed ~1 debug messages>

119. Executing OPT_EXPR pass (perform const folding).
Optimizing module chipus_ibex_wrapper.
<suppressed ~2 debug messages>

120. Rerunning OPT passes. (Maybe there is more to do…)

121. Executing OPT_MUXTREE pass (detect dead branches in mux trees).
Running muxtree optimizer on module \chipus_ibex_wrapper..
  Creating internal representation of mux trees.
  Evaluating internal representation of mux trees.
  Analyzing evaluation results.
Removed 0 multiplexer ports.
<suppressed ~478 debug messages>

122. Executing OPT_REDUCE pass (consolidate $*mux and $reduce_* inputs).
  Optimizing cells in module \chipus_ibex_wrapper.
    Consolidated identical input bits for $mux cell $172:
      Old ports: A={ $171y [31:1] 1'0 }, B={ \u_ibex_top.u_ibex_core.if_stage_i.gen_prefetch_buffer.prefetch_buffer_i.stored_addr_q [31:1] 1'0 }, Y=\u_ibex_top.u_ibex_core.if_stage_i.gen_prefetch_buffer.prefetch_buffer_i.instr_addr
      New ports: A=$171y [31:1], B=\u_ibex_top.u_ibex_core.if_stage_i.gen_prefetch_buffer.prefetch_buffer_i.stored_addr_q [31:1], Y=\u_ibex_top.u_ibex_core.if_stage_i.gen_prefetch_buffer.prefetch_buffer_i.instr_addr [31:1]
      New connections: \u_ibex_top.u_ibex_core.if_stage_i.gen_prefetch_buffer.prefetch_buffer_i.instr_addr [0] = 1'0
    New ctrl vector for $pmux cell $procmux$2697: { $1769y $procmux$1821_CMP $procmux$1689_CMP $auto$opt_reduce.cc:137:opt_pmux$11431 }
  Optimizing cells in module \chipus_ibex_wrapper.
Performed a total of 2 changes.

123. Executing OPT_MERGE pass (detect identical cells).
Finding identical cells in module `\chipus_ibex_wrapper'.
Computing hashes of 1450 cells of `\chipus_ibex_wrapper'.
Finding duplicate cells in `\chipus_ibex_wrapper'.
Computing hashes of 1449 cells of `\chipus_ibex_wrapper'.
Finding duplicate cells in `\chipus_ibex_wrapper'.
<suppressed ~3 debug messages>
Removed a total of 1 cells.

124. Executing OPT_SHARE pass.

125. Executing OPT_DFF pass (perform DFF optimizations).

126. Executing OPT_CLEAN pass (remove unused cells and wires).
Finding unused cells or wires in module \chipus_ibex_wrapper..
Removed 0 unused cells and 1 unused wires.
<suppressed ~1 debug messages>

127. Executing OPT_EXPR pass (perform const folding).
Optimizing module chipus_ibex_wrapper.

128. Rerunning OPT passes. (Maybe there is more to do…)

129. Executing OPT_MUXTREE pass (detect dead branches in mux trees).
Running muxtree optimizer on module \chipus_ibex_wrapper..
  Creating internal representation of mux trees.
  Evaluating internal representation of mux trees.
  Analyzing evaluation results.
Removed 0 multiplexer ports.
<suppressed ~478 debug messages>

130. Executing OPT_REDUCE pass (consolidate $*mux and $reduce_* inputs).
  Optimizing cells in module \chipus_ibex_wrapper.
Performed a total of 0 changes.

131. Executing OPT_MERGE pass (detect identical cells).
Finding identical cells in module `\chipus_ibex_wrapper'.
Computing hashes of 1449 cells of `\chipus_ibex_wrapper'.
Finding duplicate cells in `\chipus_ibex_wrapper'.
Removed a total of 0 cells.

132. Executing OPT_SHARE pass.

133. Executing OPT_DFF pass (perform DFF optimizations).

134. Executing OPT_CLEAN pass (remove unused cells and wires).
Finding unused cells or wires in module \chipus_ibex_wrapper..

135. Executing OPT_EXPR pass (perform const folding).
Optimizing module chipus_ibex_wrapper.

136. Executing TECHMAP pass (map to technology primitives).

136.1. Executing Verilog-2005 frontend: /nix/store/f1q0w7rd0a4ny4hqvfxlhs4cmariidcy-yosys-0.62/bin/../share/yosys/techmap.v
Parsing Verilog input from `/nix/store/f1q0w7rd0a4ny4hqvfxlhs4cmariidcy-yosys-0.62/bin/../share/yosys/techmap.v' to AST representation.
Generating RTLIL representation for module `\_90_simplemap_bool_ops'.
Generating RTLIL representation for module `\_90_simplemap_reduce_ops'.
Generating RTLIL representation for module `\_90_simplemap_logic_ops'.
Generating RTLIL representation for module `\_90_simplemap_compare_ops'.
Generating RTLIL representation for module `\_90_simplemap_various'.
Generating RTLIL representation for module `\_90_simplemap_registers'.
Generating RTLIL representation for module `\_90_shift_ops_shr_shl_sshl_sshr'.
Generating RTLIL representation for module `\_90_shift_shiftx'.
Generating RTLIL representation for module `\_90_fa'.
Generating RTLIL representation for module `\_90_lcu_brent_kung'.
Generating RTLIL representation for module `\_90_alu'.
Generating RTLIL representation for module `\_90_macc'.
Generating RTLIL representation for module `\_90_alumacc'.
Generating RTLIL representation for module `$__div_mod_u'.
Generating RTLIL representation for module `$__div_mod_trunc'.
Generating RTLIL representation for module `\_90_div'.
Generating RTLIL representation for module `\_90_mod'.
Generating RTLIL representation for module `$__div_mod_floor'.
Generating RTLIL representation for module `\_90_divfloor'.
Generating RTLIL representation for module `\_90_modfloor'.
Generating RTLIL representation for module `\_90_pow'.
Generating RTLIL representation for module `\_90_pmux'.
Generating RTLIL representation for module `\_90_demux'.
Generating RTLIL representation for module `\_90_lut'.
Generating RTLIL representation for module `$connect'.
Generating RTLIL representation for module `$input_port'.
Successfully finished Verilog frontend.

136.2. Continuing TECHMAP pass.
Using extmapper simplemap for cells of type $reduce_or.
Using extmapper simplemap for cells of type $adffe.
Using extmapper simplemap for cells of type $mux.
Using extmapper simplemap for cells of type $adff.
Using extmapper simplemap for cells of type $dffe.
Using extmapper simplemap for cells of type $and.
Using extmapper simplemap for cells of type $sdffce.
Using extmapper simplemap for cells of type $not.
Using extmapper simplemap for cells of type $reduce_and.
Using template $paramod$cc80a4e89b0341cb117f5d28b0e7244620640141\_90_alu for cells of type $alu.
Using template $paramod$44a13d10af618e7fbe7b9aad2f6151ffcee1e2fa\_90_alu for cells of type $alu.
Using template $paramod$dc04b7d98e503a7bab16fce2df70e6e2c5ca34d6\_90_alu for cells of type $alu.
Using template $paramod$d901baf1fb63991ac0a40d2e3f4807d372bb57a2\_90_alu for cells of type $alu.
Using template $paramod$672a140277c71df8314410f22acc08d55222c3c7\_90_alu for cells of type $alu.
Using template $paramod$54d740639e1393b22262823179ff783ea9f17a35\_90_pmux for cells of type $pmux.
Using template $paramod$4fe6558ca5dbce8e35661465c5ec60854ca25402\_90_pmux for cells of type $pmux.
Using template $paramod$cc6a978c1b57cdb49efcec348c88d8e28bf1a01f\_90_alu for cells of type $alu.
Using template $paramod$788c3d57e5abb3a3f89aea6d4acd665be37f4e9b\_90_alu for cells of type $alu.
Using extmapper simplemap for cells of type $or.
Using template $paramod$7e708ae28ab761f11d0fb59d3ffc72f6a4baf5d9\_90_alu for cells of type $alu.
Using template $paramod$adbaf76fa5a3091a329503792521395f8ff4d1a4\_90_alu for cells of type $alu.
Using extmapper maccmap for cells of type $macc_v2.
  add { \u_ibex_top.u_ibex_core.ex_block_i.gen_multdiv_fast.multdiv_i.sign_a \u_ibex_top.u_ibex_core.ex_block_i.gen_multdiv_fast.multdiv_i.gen_mult_fast.mult_op_a } * { \u_ibex_top.u_ibex_core.ex_block_i.gen_multdiv_fast.multdiv_i.sign_b \u_ibex_top.u_ibex_core.ex_block_i.gen_multdiv_fast.multdiv_i.gen_mult_fast.mult_op_b } (17x17 bits, signed)
  add \u_ibex_top.u_ibex_core.ex_block_i.gen_multdiv_fast.multdiv_i.accum (34 bits, signed)
Using extmapper simplemap for cells of type $ne.
Using extmapper simplemap for cells of type $reduce_bool.
Using extmapper simplemap for cells of type $eq.
Using extmapper simplemap for cells of type $logic_not.
Using extmapper simplemap for cells of type $dlatch.
Using extmapper simplemap for cells of type $logic_or.
Using extmapper simplemap for cells of type $logic_and.
Using extmapper simplemap for cells of type $xor.
Using template $paramod$constmap:87f69c0bea22f84de4bcd0314b57cb19e61b5eb7$paramod$455891ae50d34e43581a517459d55825f76fa58e\_90_shift_ops_shr_shl_sshl_sshr for cells of type $sshr.
Using template $paramod$constmap:dbcddb7b4524c1c5fa25e15435f3b9049e3d7d7a$paramod$3bf4391c2edcd7fdc564361d03ba2cf3a33c67d4\_90_shift_ops_shr_shl_sshl_sshr for cells of type $shl.
Using extmapper simplemap for cells of type $bmux.
Using template $paramod$2407ada40cc3dda6c6015be2b49b748cddb5a800\_90_demux for cells of type $demux.
Using template $paramod$8fabc56b80a569262acfc42757a02ca0b8e91278\_90_pmux for cells of type $pmux.
Using template $paramod$b3b6ac92d800c6f07aa48f510f923d86a674e5a7\_90_pmux for cells of type $pmux.
Using template $paramod$c5c783b17ab1d780abfad8cfe6563a0a7b47a3b0\_90_pmux for cells of type $pmux.
Using template $paramod$bf2533632d512eac76dd186c0da49367e29b8e98\_90_pmux for cells of type $pmux.
Using template $paramod$b756e651b7db7aeb455331d9a2df073db93fcc2e\_90_pmux for cells of type $pmux.
Using template $paramod$521ce43182eecb9f60c72393a788160d2c356bf5\_90_pmux for cells of type $pmux.
Using template $paramod$03296670be27cffe6cdd8fc48f398f1ff0a6bd54\_90_pmux for cells of type $pmux.
Using template $paramod$85df5dc01c7df96a7d8e5f1fdf76ce9ac452af63\_90_pmux for cells of type $pmux.
Using template $paramod$d629d85c8826a74239b9178d1930215a43b0ceb0\_90_pmux for cells of type $pmux.
Using template $paramod$200cf4763a5dd97104da97c2740bc6396db7fa25\_90_pmux for cells of type $pmux.
Using template $paramod$24d84da3a13a7952fabd852af4b40b86275330c3\_90_pmux for cells of type $pmux.
Using template $paramod$c2e415ef15bc3ccd2723772353a6b450d3d76206\_90_pmux for cells of type $pmux.
Using template $paramod$485347036a0659aa9372d9259fdffee185c48f49\_90_pmux for cells of type $pmux.
Using template $paramod$aba99f37686444d372c22a3c83be12c6bdd3f75e\_90_pmux for cells of type $pmux.
Using template $paramod$b098bc6f249c0ac91c4d6e19d54b23c285914115\_90_pmux for cells of type $pmux.
Using template $paramod$a13703aa027da371a1931fc542d213d7de559b19\_90_pmux for cells of type $pmux.
Using template $paramod$730057d8259da96d4776b15a47b747852ed4c479\_90_pmux for cells of type $pmux.
Using template $paramod$ae63dc3b50d8e8327f3f28c91126b1f0b8c3a12c\_90_pmux for cells of type $pmux.
Using template $paramod$8e2cd9e836d46c40867c8d0d57053a4e1c3bcdbc\_90_pmux for cells of type $pmux.
Using template $paramod$9174beaf0f44375ab754acac146039d243ace676\_90_pmux for cells of type $pmux.
Using template $paramod$90ef9d3919151a0ff7c15c5c14550fb560f421a1\_90_pmux for cells of type $pmux.
Using template $paramod$57f63e8a3282e053be0430389b09fa050ac7dca0\_90_pmux for cells of type $pmux.
Using template $paramod$97565c3687be688407d1272a293bd9d0ae6852dc\_90_pmux for cells of type $pmux.
Using template $paramod$eb7b5fa594d21f32e2ff3bd05b81752f0f326d5f\_90_pmux for cells of type $pmux.
Using template $paramod$c96def1cdcef2eee3c62e5dfb7ba2dd09c9f74dd\_90_pmux for cells of type $pmux.
Using template $paramod$a75cda08a00cd2ec286ea508f3ad43ec36b77618\_90_pmux for cells of type $pmux.
Using template $paramod$3aec434ea322cab681ad20f744a80c5503010ba7\_90_pmux for cells of type $pmux.
Using template $paramod$59b03ae2620a41577de8da5f5c97b2919e82362b\_90_pmux for cells of type $pmux.
Using template $paramod$55bd5cc908054e29e294c324f30f5e858243e54a\_90_pmux for cells of type $pmux.
Using template $paramod\_90_fa\WIDTH=32'00000000000000000000000000100010 for cells of type $fa.
Using template $paramod$dbef6e48cd28208af1b77a9bd7dfc80580f16131\_90_alu for cells of type $alu.
Using extmapper simplemap for cells of type $pos.
Using template $paramod\_90_fa\WIDTH=32'00000000000000000000000001000000 for cells of type $fa.
Using template $paramod\_90_lcu_brent_kung\WIDTH=32'00000000000000000000000001000000 for cells of type $lcu.
Using template $paramod\_90_fa\WIDTH=32'00000000000000000000000000011110 for cells of type $fa.
Using template $paramod\_90_fa\WIDTH=32'00000000000000000000000000000101 for cells of type $fa.
Using template $paramod\_90_lcu_brent_kung\WIDTH=32'00000000000000000000000000000101 for cells of type $lcu.
Using template $paramod\_90_lcu_brent_kung\WIDTH=32'00000000000000000000000000011110 for cells of type $lcu.
Using template $paramod\_90_fa\WIDTH=32'00000000000000000000000000011111 for cells of type $fa.
Using template $paramod\_90_lcu_brent_kung\WIDTH=32'00000000000000000000000000011111 for cells of type $lcu.
Using template $paramod$63301a5e78ceb1f2c17a4ac1894f292ed5701c1f\_90_demux for cells of type $demux.
Using template $paramod$46c272b461898a6a76adeeeedb0917ce1a81b478\_90_demux for cells of type $demux.
Using template $paramod\_90_fa\WIDTH=32'00000000000000000000000000000001 for cells of type $fa.
Using template $paramod\_90_lcu_brent_kung\WIDTH=32'00000000000000000000000000000001 for cells of type $lcu.
Using template $paramod\_90_fa\WIDTH=32'00000000000000000000000000000010 for cells of type $fa.
Using template $paramod\_90_lcu_brent_kung\WIDTH=32'00000000000000000000000000000010 for cells of type $lcu.
Using template $paramod\_90_fa\WIDTH=32'00000000000000000000000000100001 for cells of type $fa.
Using template $paramod\_90_lcu_brent_kung\WIDTH=32'00000000000000000000000000100001 for cells of type $lcu.
Using template $paramod$5d1d2614b24accd0f9d06c4779fd9ef771faf494\_90_demux for cells of type $demux.
Using template $paramod\_90_lcu_brent_kung\WIDTH=32'00000000000000000000000000100010 for cells of type $lcu.
No more expansions possible.
<suppressed ~7220 debug messages>

137. Executing OPT_EXPR pass (perform const folding).
Optimizing module chipus_ibex_wrapper.
<suppressed ~16024 debug messages>

138. Executing OPT_MERGE pass (detect identical cells).
Finding identical cells in module `\chipus_ibex_wrapper'.
Computing hashes of 22487 cells of `\chipus_ibex_wrapper'.
Finding duplicate cells in `\chipus_ibex_wrapper'.
Computing hashes of 19793 cells of `\chipus_ibex_wrapper'.
Finding duplicate cells in `\chipus_ibex_wrapper'.
Computing hashes of 18598 cells of `\chipus_ibex_wrapper'.
Finding duplicate cells in `\chipus_ibex_wrapper'.
Computing hashes of 17957 cells of `\chipus_ibex_wrapper'.
Finding duplicate cells in `\chipus_ibex_wrapper'.
Computing hashes of 17841 cells of `\chipus_ibex_wrapper'.
Finding duplicate cells in `\chipus_ibex_wrapper'.
Computing hashes of 17816 cells of `\chipus_ibex_wrapper'.
Finding duplicate cells in `\chipus_ibex_wrapper'.
Computing hashes of 17792 cells of `\chipus_ibex_wrapper'.
Finding duplicate cells in `\chipus_ibex_wrapper'.
Computing hashes of 17780 cells of `\chipus_ibex_wrapper'.
Finding duplicate cells in `\chipus_ibex_wrapper'.
Computing hashes of 17776 cells of `\chipus_ibex_wrapper'.
Finding duplicate cells in `\chipus_ibex_wrapper'.
Computing hashes of 17772 cells of `\chipus_ibex_wrapper'.
Finding duplicate cells in `\chipus_ibex_wrapper'.
Computing hashes of 17770 cells of `\chipus_ibex_wrapper'.
Finding duplicate cells in `\chipus_ibex_wrapper'.
<suppressed ~14151 debug messages>
Removed a total of 4717 cells.

139. Executing OPT_DFF pass (perform DFF optimizations).

140. Executing OPT_CLEAN pass (remove unused cells and wires).
Finding unused cells or wires in module \chipus_ibex_wrapper..
Removed 410 unused cells and 8295 unused wires.
<suppressed ~411 debug messages>

141. Executing OPT_EXPR pass (perform const folding).
Optimizing module chipus_ibex_wrapper.
<suppressed ~9 debug messages>

142. Executing OPT_MERGE pass (detect identical cells).
Finding identical cells in module `\chipus_ibex_wrapper'.
Computing hashes of 17351 cells of `\chipus_ibex_wrapper'.
Finding duplicate cells in `\chipus_ibex_wrapper'.
Removed a total of 0 cells.

143. Executing OPT_DFF pass (perform DFF optimizations).
Adding SRST signal on $auto$ff.cc:337:slice$13798 ($_DFFE_PP_) from module chipus_ibex_wrapper (D = $procmux$10406.Y_B, Q = \u_ibex_top.u_ibex_core.if_stage_i.illegal_c_insn_id_o, rval = 1'0).

144. Executing OPT_CLEAN pass (remove unused cells and wires).
Finding unused cells or wires in module \chipus_ibex_wrapper..
Removed 1 unused cells and 3 unused wires.
<suppressed ~4 debug messages>

145. Rerunning OPT passes (Removed registers in this run.)

146. Executing OPT_EXPR pass (perform const folding).
Optimizing module chipus_ibex_wrapper.

147. Executing OPT_MERGE pass (detect identical cells).
Finding identical cells in module `\chipus_ibex_wrapper'.
Computing hashes of 17350 cells of `\chipus_ibex_wrapper'.
Finding duplicate cells in `\chipus_ibex_wrapper'.
Removed a total of 0 cells.

148. Executing OPT_DFF pass (perform DFF optimizations).

149. Executing OPT_CLEAN pass (remove unused cells and wires).
Finding unused cells or wires in module \chipus_ibex_wrapper..

150. Executing ABC pass (technology mapping using ABC).

150.1. Extracting gate netlist of module `\chipus_ibex_wrapper' to `<abc-temp-dir>/input.blif'..
Replacing 128 occurrences of constant undef bits with constant zero bits

150.1.1. Executed ABC.
Extracted 15403 gates and 17441 wires to a netlist network with 2035 inputs and 941 outputs.
Running ABC script: <abc-temp-dir>/abc.script
ABC: ======== ABC command line "source <abc-temp-dir>/abc.script"
ABC: + read_blif <abc-temp-dir>/input.blif 
ABC: + read_library /tmp/yosys-abc-iUDubR/stdcells.genlib 
ABC: + strash 
ABC: + dretime 
ABC: + map 
ABC: + write_blif <abc-temp-dir>/output.blif 

150.1.2. Re-integrating ABC results.
ABC RESULTS:               AND cells:      613
ABC RESULTS:            ANDNOT cells:     4278
ABC RESULTS:               MUX cells:     4046
ABC RESULTS:              NAND cells:      440
ABC RESULTS:               NOR cells:      755
ABC RESULTS:               NOT cells:     1701
ABC RESULTS:                OR cells:     2668
ABC RESULTS:             ORNOT cells:      582
ABC RESULTS:              XNOR cells:      333
ABC RESULTS:               XOR cells:      807
ABC RESULTS:        internal signals:    14465
ABC RESULTS:           input signals:     2035
ABC RESULTS:          output signals:      941
Removing temp directory.
Removing global temp directory.

151. Executing OPT pass (performing simple optimizations).

151.1. Executing OPT_EXPR pass (perform const folding).
Optimizing module chipus_ibex_wrapper.
<suppressed ~2312 debug messages>

151.2. Executing OPT_MERGE pass (detect identical cells).
Finding identical cells in module `\chipus_ibex_wrapper'.
Computing hashes of 18170 cells of `\chipus_ibex_wrapper'.
Finding duplicate cells in `\chipus_ibex_wrapper'.
Computing hashes of 18152 cells of `\chipus_ibex_wrapper'.
Finding duplicate cells in `\chipus_ibex_wrapper'.
<suppressed ~54 debug messages>
Removed a total of 18 cells.

151.3. Executing OPT_DFF pass (perform DFF optimizations).

151.4. Executing OPT_CLEAN pass (remove unused cells and wires).
Finding unused cells or wires in module \chipus_ibex_wrapper..
Removed 9 unused cells and 6329 unused wires.
<suppressed ~455 debug messages>

151.5. Finished fast OPT passes.

152. Executing HIERARCHY pass (managing design hierarchy).

152.1. Analyzing design hierarchy..
Top module:  \chipus_ibex_wrapper

152.2. Analyzing design hierarchy..
Top module:  \chipus_ibex_wrapper
Removed 0 unused modules.

153. Executing CHECK pass (checking for obvious problems).
Checking module chipus_ibex_wrapper...
Found and reported 0 problems.

154. Printing statistics.

=== chipus_ibex_wrapper ===

        +----------Local Count, excluding submodules.
        | 
    16638 wires
    38369 wire bits
     1340 public wires
    23040 public wire bits
       26 ports
      198 port bits
    18143 cells
     4272   $_ANDNOT_
      613   $_AND_
        4   $_DFFE_PN0N_
     1618   $_DFFE_PN0P_
        1   $_DFFE_PN1N_
        6   $_DFFE_PN1P_
      271   $_DFFE_PP_
       41   $_DFF_PN0_
        3   $_DFF_PN1_
        1   $_DLATCH_N_
     4043   $_MUX_
      439   $_NAND_
      751   $_NOR_
     1692   $_NOT_
      580   $_ORNOT_
     2666   $_OR_
        1   $_SDFFCE_PN0P_
        1   $_SDFFCE_PP0P_
      333   $_XNOR_
      807   $_XOR_

155. Executing OPT pass (performing simple optimizations).

155.1. Executing OPT_EXPR pass (perform const folding).
Optimizing module chipus_ibex_wrapper.

155.2. Executing OPT_MERGE pass (detect identical cells).
Finding identical cells in module `\chipus_ibex_wrapper'.
Computing hashes of 18143 cells of `\chipus_ibex_wrapper'.
Finding duplicate cells in `\chipus_ibex_wrapper'.
Removed a total of 0 cells.

155.3. Executing OPT_MUXTREE pass (detect dead branches in mux trees).
Running muxtree optimizer on module \chipus_ibex_wrapper..
  Creating internal representation of mux trees.
  No muxes found in this module.
Removed 0 multiplexer ports.

155.4. Executing OPT_REDUCE pass (consolidate $*mux and $reduce_* inputs).
  Optimizing cells in module \chipus_ibex_wrapper.
Performed a total of 0 changes.

155.5. Executing OPT_MERGE pass (detect identical cells).
Finding identical cells in module `\chipus_ibex_wrapper'.
Computing hashes of 18143 cells of `\chipus_ibex_wrapper'.
Finding duplicate cells in `\chipus_ibex_wrapper'.
Removed a total of 0 cells.

155.6. Executing OPT_DFF pass (perform DFF optimizations).
Adding EN signal on $auto$ff.cc:337:slice$14445 ($_DFF_PN0_) from module chipus_ibex_wrapper (D = \u_ibex_top.u_ibex_core.ex_block_i.gen_multdiv_fast.multdiv_i.gen_mult_fast.mult_state_q [0], Q = \u_ibex_top.u_ibex_core.ex_block_i.gen_multdiv_fast.multdiv_i.gen_mult_fast.mult_state_q [2]).
Adding EN signal on $auto$ff.cc:337:slice$14444 ($_DFF_PN0_) from module chipus_ibex_wrapper (D = \u_ibex_top.u_ibex_core.ex_block_i.gen_multdiv_fast.multdiv_i.gen_mult_fast.mult_state_q [2], Q = \u_ibex_top.u_ibex_core.ex_block_i.gen_multdiv_fast.multdiv_i.gen_mult_fast.mult_state_q [1]).
Adding EN signal on $auto$ff.cc:337:slice$14401 ($_DFF_PN0_) from module chipus_ibex_wrapper (D = \u_ibex_top.u_ibex_core.ex_block_i.gen_multdiv_fast.multdiv_i.md_state_q [1], Q = \u_ibex_top.u_ibex_core.ex_block_i.gen_multdiv_fast.multdiv_i.md_state_q [5]).
Adding EN signal on $auto$ff.cc:337:slice$14398 ($_DFF_PN0_) from module chipus_ibex_wrapper (D = \u_ibex_top.u_ibex_core.ex_block_i.gen_multdiv_fast.multdiv_i.md_state_q [4], Q = \u_ibex_top.u_ibex_core.ex_block_i.gen_multdiv_fast.multdiv_i.md_state_q [2]).
Adding EN signal on $auto$ff.cc:337:slice$14396 ($_DFF_PN1_) from module chipus_ibex_wrapper (D = \u_ibex_top.u_ibex_core.ex_block_i.gen_multdiv_fast.multdiv_i.md_state_q [3], Q = \u_ibex_top.u_ibex_core.ex_block_i.gen_multdiv_fast.multdiv_i.md_state_q [0]).

155.7. Executing OPT_CLEAN pass (remove unused cells and wires).
Finding unused cells or wires in module \chipus_ibex_wrapper..
Removed 5 unused cells and 5 unused wires.
<suppressed ~6 debug messages>

155.8. Executing OPT_EXPR pass (perform const folding).
Optimizing module chipus_ibex_wrapper.

155.9. Rerunning OPT passes. (Maybe there is more to do..)

155.10. Executing OPT_MUXTREE pass (detect dead branches in mux trees).
Running muxtree optimizer on module \chipus_ibex_wrapper..
  Creating internal representation of mux trees.
  No muxes found in this module.
Removed 0 multiplexer ports.

155.11. Executing OPT_REDUCE pass (consolidate $*mux and $reduce_* inputs).
  Optimizing cells in module \chipus_ibex_wrapper.
Performed a total of 0 changes.

155.12. Executing OPT_MERGE pass (detect identical cells).
Finding identical cells in module `\chipus_ibex_wrapper'.
Computing hashes of 18138 cells of `\chipus_ibex_wrapper'.
Finding duplicate cells in `\chipus_ibex_wrapper'.
Removed a total of 0 cells.

155.13. Executing OPT_DFF pass (perform DFF optimizations).

155.14. Executing OPT_CLEAN pass (remove unused cells and wires).
Finding unused cells or wires in module \chipus_ibex_wrapper..

155.15. Executing OPT_EXPR pass (perform const folding).
Optimizing module chipus_ibex_wrapper.

155.16. Finished fast OPT passes. (There is nothing left to do.)

156. Executing OPT_CLEAN pass (remove unused cells and wires).
Finding unused cells or wires in module \chipus_ibex_wrapper..
Removed 0 unused cells and 1120 unused wires.
<suppressed ~1120 debug messages>
{
   "creator": "Yosys 0.62 (git sha1 7326bb7d6641500ecb285c291a54a662cb1e76cf, clang++ 21.1.2 -fPIC -O3)",
   "invocation": "stat -json -liberty /home/designer/shared/chipus-soc/mini-SoC/experiments/librelane-ibex/runs/ibex-detailed-placement/tmp/bcb59d452c284fd38f2a0f1fa4284db8.lib ",
   "modules": {
      "\\chipus_ibex_wrapper": {
         "num_wires":         15513,
         "num_wire_bits":     20619,
         "num_pub_wires":     220,
         "num_pub_wire_bits": 5295,
         "num_ports":         26,
         "num_port_bits":     198,
         "num_memories":      0,
         "num_memory_bits":   0,
         "num_processes":     0,
         "num_cells":         18138,
         "num_submodules":       0,
         "num_cells_by_type": {
            "$_ANDNOT_": 4272,
            "$_AND_": 613,
            "$_DFFE_PN0N_": 4,
            "$_DFFE_PN0P_": 1622,
            "$_DFFE_PN1N_": 1,
            "$_DFFE_PN1P_": 7,
            "$_DFFE_PP_": 271,
            "$_DFF_PN0_": 37,
            "$_DFF_PN1_": 2,
            "$_DLATCH_N_": 1,
            "$_MUX_": 4038,
            "$_NAND_": 439,
            "$_NOR_": 751,
            "$_NOT_": 1692,
            "$_ORNOT_": 580,
            "$_OR_": 2666,
            "$_SDFFCE_PN0P_": 1,
            "$_SDFFCE_PP0P_": 1,
            "$_XNOR_": 333,
            "$_XOR_": 807
         }
      }
   },
      "design": {
         "num_wires":         15513,
         "num_wire_bits":     20619,
         "num_pub_wires":     220,
         "num_pub_wire_bits": 5295,
         "num_ports":         26,
         "num_port_bits":     198,
         "num_memories":      0,
         "num_memory_bits":   0,
         "num_processes":     0,
         "num_cells":         18138,
         "num_submodules":       0,
         "num_cells_by_type": {
            "$_ANDNOT_": 4272,
            "$_AND_": 613,
            "$_DFFE_PN0N_": 4,
            "$_DFFE_PN0P_": 1622,
            "$_DFFE_PN1N_": 1,
            "$_DFFE_PN1P_": 7,
            "$_DFFE_PP_": 271,
            "$_DFF_PN0_": 37,
            "$_DFF_PN1_": 2,
            "$_DLATCH_N_": 1,
            "$_MUX_": 4038,
            "$_NAND_": 439,
            "$_NOR_": 751,
            "$_NOT_": 1692,
            "$_ORNOT_": 580,
            "$_OR_": 2666,
            "$_SDFFCE_PN0P_": 1,
            "$_SDFFCE_PP0P_": 1,
            "$_XNOR_": 333,
            "$_XOR_": 807
         }
      }
}

157. Printing statistics.

=== chipus_ibex_wrapper ===

        +----------Local Count, excluding submodules.
        | 
    15513 wires
    20619 wire bits
      220 public wires
     5295 public wire bits
       26 ports
      198 port bits
    18138 cells
     4272   $_ANDNOT_
      613   $_AND_
        4   $_DFFE_PN0N_
     1622   $_DFFE_PN0P_
        1   $_DFFE_PN1N_
        7   $_DFFE_PN1P_
      271   $_DFFE_PP_
       37   $_DFF_PN0_
        2   $_DFF_PN1_
        1   $_DLATCH_N_
     4038   $_MUX_
      439   $_NAND_
      751   $_NOR_
     1692   $_NOT_
      580   $_ORNOT_
     2666   $_OR_
        1   $_SDFFCE_PN0P_
        1   $_SDFFCE_PP0P_
      333   $_XNOR_
      807   $_XOR_

   Area for cell type $_ANDNOT_ is unknown!
   Area for cell type $_AND_ is unknown!
   Area for cell type $_DFFE_PN0N_ is unknown!
   Area for cell type $_DFFE_PN0P_ is unknown!
   Area for cell type $_DFFE_PN1N_ is unknown!
   Area for cell type $_DFFE_PN1P_ is unknown!
   Area for cell type $_DFFE_PP_ is unknown!
   Area for cell type $_DFF_PN0_ is unknown!
   Area for cell type $_DFF_PN1_ is unknown!
   Area for cell type $_DLATCH_N_ is unknown!
   Area for cell type $_MUX_ is unknown!
   Area for cell type $_NAND_ is unknown!
   Area for cell type $_NOR_ is unknown!
   Area for cell type $_NOT_ is unknown!
   Area for cell type $_ORNOT_ is unknown!
   Area for cell type $_OR_ is unknown!
   Area for cell type $_SDFFCE_PN0P_ is unknown!
   Area for cell type $_SDFFCE_PP0P_ is unknown!
   Area for cell type $_XNOR_ is unknown!
   Area for cell type $_XOR_ is unknown!

[INFO] Applying tri-state buffer mapping from '/opt/pdks/sky130A/libs.tech/openlane/sky130_fd_sc_hd/tribuff_map.v'…

158. Executing TECHMAP pass (map to technology primitives).

158.1. Executing Verilog-2005 frontend: /opt/pdks/sky130A/libs.tech/openlane/sky130_fd_sc_hd/tribuff_map.v
Parsing Verilog input from `/opt/pdks/sky130A/libs.tech/openlane/sky130_fd_sc_hd/tribuff_map.v' to AST representation.
Generating RTLIL representation for module `$_TBUF_'.
Successfully finished Verilog frontend.

158.2. Continuing TECHMAP pass.
No more expansions possible.
<suppressed ~3 debug messages>

159. Executing SIMPLEMAP pass (map simple cells to gate primitives).
[INFO] Applying latch mapping from '/opt/pdks/sky130A/libs.tech/openlane/sky130_fd_sc_hd/latch_map.v'…

160. Executing TECHMAP pass (map to technology primitives).

160.1. Executing Verilog-2005 frontend: /opt/pdks/sky130A/libs.tech/openlane/sky130_fd_sc_hd/latch_map.v
Parsing Verilog input from `/opt/pdks/sky130A/libs.tech/openlane/sky130_fd_sc_hd/latch_map.v' to AST representation.
Generating RTLIL representation for module `$_DLATCH_P_'.
Generating RTLIL representation for module `$_DLATCH_N_'.
Successfully finished Verilog frontend.

160.2. Continuing TECHMAP pass.
Using template $_DLATCH_N_ for cells of type $_DLATCH_N_.
No more expansions possible.
<suppressed ~5 debug messages>

161. Executing SIMPLEMAP pass (map simple cells to gate primitives).

162. Executing DFFLIBMAP pass (mapping DFF cells to sequential cells from liberty file).
  cell sky130_fd_sc_hd__dfxtp_2 (noninv, pins=3, area=21.27) is a direct match for cell type $_DFF_P_.
  cell sky130_fd_sc_hd__dfrtp_2 (noninv, pins=4, area=26.28) is a direct match for cell type $_DFF_PN0_.
  cell sky130_fd_sc_hd__dfstp_2 (noninv, pins=4, area=26.28) is a direct match for cell type $_DFF_PN1_.
  cell sky130_fd_sc_hd__dfbbn_2 (noninv, pins=6, area=35.03) is a direct match for cell type $_DFFSR_NNN_.
  final dff cell mappings:
    unmapped dff cell: $_DFF_N_
    \sky130_fd_sc_hd__dfxtp_2 _DFF_P_ (.CLK( C), .D( D), .Q( Q));
    unmapped dff cell: $_DFF_NN0_
    unmapped dff cell: $_DFF_NN1_
    unmapped dff cell: $_DFF_NP0_
    unmapped dff cell: $_DFF_NP1_
    \sky130_fd_sc_hd__dfrtp_2 _DFF_PN0_ (.CLK( C), .D( D), .Q( Q), .RESET_B( R));
    \sky130_fd_sc_hd__dfstp_2 _DFF_PN1_ (.CLK( C), .D( D), .Q( Q), .SET_B( R));
    unmapped dff cell: $_DFF_PP0_
    unmapped dff cell: $_DFF_PP1_
    unmapped dff cell: $_DFFE_NN_
    unmapped dff cell: $_DFFE_NP_
    unmapped dff cell: $_DFFE_PN_
    unmapped dff cell: $_DFFE_PP_
    \sky130_fd_sc_hd__dfbbn_2 _DFFSR_NNN_ (.CLK_N( C), .D( D), .Q( Q), .Q_N(~Q), .RESET_B( R), .SET_B( S));
    unmapped dff cell: $_DFFSR_NNP_
    unmapped dff cell: $_DFFSR_NPN_
    unmapped dff cell: $_DFFSR_NPP_
    unmapped dff cell: $_DFFSR_PNN_
    unmapped dff cell: $_DFFSR_PNP_
    unmapped dff cell: $_DFFSR_PPN_
    unmapped dff cell: $_DFFSR_PPP_

162.1. Executing DFFLEGALIZE pass (convert FFs to types supported by the target).
Mapping DFF cells in module `\chipus_ibex_wrapper':
  mapped 1663 $_DFF_PN0_ cells to \sky130_fd_sc_hd__dfrtp_2 cells.
  mapped 10 $_DFF_PN1_ cells to \sky130_fd_sc_hd__dfstp_2 cells.
  mapped 273 $_DFF_P_ cells to \sky130_fd_sc_hd__dfxtp_2 cells.
{
   "creator": "Yosys 0.62 (git sha1 7326bb7d6641500ecb285c291a54a662cb1e76cf, clang++ 21.1.2 -fPIC -O3)",
   "invocation": "stat -json -liberty /home/designer/shared/chipus-soc/mini-SoC/experiments/librelane-ibex/runs/ibex-detailed-placement/tmp/bcb59d452c284fd38f2a0f1fa4284db8.lib ",
   "modules": {
      "\\chipus_ibex_wrapper": {
         "num_wires":         17425,
         "num_wire_bits":     22531,
         "num_pub_wires":     220,
         "num_pub_wire_bits": 5295,
         "num_ports":         26,
         "num_port_bits":     198,
         "num_memories":      0,
         "num_memory_bits":   0,
         "num_processes":     0,
         "num_cells":         20047,
         "num_submodules":       0,
         "area":              49780.243200,
         "sequential_area":    49765.228800,
         "num_cells_by_type": {
            "$_ANDNOT_": 4272,
            "$_AND_": 613,
            "$_MUX_": 5947,
            "$_NAND_": 439,
            "$_NOR_": 751,
            "$_NOT_": 1692,
            "$_ORNOT_": 580,
            "$_OR_": 2666,
            "$_XNOR_": 333,
            "$_XOR_": 807,
            "sky130_fd_sc_hd__dfrtp_2": 1663,
            "sky130_fd_sc_hd__dfstp_2": 10,
            "sky130_fd_sc_hd__dfxtp_2": 273,
            "sky130_fd_sc_hd__dlxtn_1": 1
         }
      }
   },
      "design": {
         "num_wires":         17425,
         "num_wire_bits":     22531,
         "num_pub_wires":     220,
         "num_pub_wire_bits": 5295,
         "num_ports":         26,
         "num_port_bits":     198,
         "num_memories":      0,
         "num_memory_bits":   0,
         "num_processes":     0,
         "num_cells":         20047,
         "num_submodules":       0,
         "area":              49780.243200,
         "sequential_area":    49765.228800,
         "num_cells_by_type": {
            "$_ANDNOT_": 4272,
            "$_AND_": 613,
            "$_MUX_": 5947,
            "$_NAND_": 439,
            "$_NOR_": 751,
            "$_NOT_": 1692,
            "$_ORNOT_": 580,
            "$_OR_": 2666,
            "$_XNOR_": 333,
            "$_XOR_": 807,
            "sky130_fd_sc_hd__dfrtp_2": 1663,
            "sky130_fd_sc_hd__dfstp_2": 10,
            "sky130_fd_sc_hd__dfxtp_2": 273,
            "sky130_fd_sc_hd__dlxtn_1": 1
         }
      }
}

163. Printing statistics.

=== chipus_ibex_wrapper ===

        +----------Local Count, excluding submodules.
        |        +-Local Area, excluding submodules.
        |        | 
    17425        - wires
    22531        - wire bits
      220        - public wires
     5295        - public wire bits
       26        - ports
      198        - port bits
    20047 4.98E+04 cells
     4272        -   $_ANDNOT_
      613        -   $_AND_
     5947        -   $_MUX_
      439        -   $_NAND_
      751        -   $_NOR_
     1692        -   $_NOT_
      580        -   $_ORNOT_
     2666        -   $_OR_
      333        -   $_XNOR_
      807        -   $_XOR_
     1663 4.37E+04   sky130_fd_sc_hd__dfrtp_2
       10  262.752   sky130_fd_sc_hd__dfstp_2
      273 5.81E+03   sky130_fd_sc_hd__dfxtp_2
        1   15.014   sky130_fd_sc_hd__dlxtn_1

   Area for cell type $_ANDNOT_ is unknown!
   Area for cell type $_AND_ is unknown!
   Area for cell type $_MUX_ is unknown!
   Area for cell type $_NAND_ is unknown!
   Area for cell type $_NOR_ is unknown!
   Area for cell type $_NOT_ is unknown!
   Area for cell type $_ORNOT_ is unknown!
   Area for cell type $_OR_ is unknown!
   Area for cell type $_XNOR_ is unknown!
   Area for cell type $_XOR_ is unknown!

   Chip area for module '\chipus_ibex_wrapper': 49780.243200
     of which used for sequential elements: 49765.228800 (99.97%)

[INFO] Using generated ABC script '/home/designer/shared/chipus-soc/mini-SoC/experiments/librelane-ibex/runs/ibex-detailed-placement/06-yosys-synthesis/AREA_0.abc'…

164. Executing ABC pass (technology mapping using ABC).

164.1. Extracting gate netlist of module `\chipus_ibex_wrapper' to `/tmp/yosys-abc-2Ekz2m/input.blif'..

164.1.1. Executed ABC.
Extracted 18100 gates and 20138 wires to a netlist network with 2037 inputs and 2046 outputs.
Running ABC script: /tmp/yosys-abc-2Ekz2m/abc.script
ABC: ======== ABC command line "source /tmp/yosys-abc-2Ekz2m/abc.script"
ABC: + read_blif /tmp/yosys-abc-2Ekz2m/input.blif 
ABC: + read_lib -w /home/designer/shared/chipus-soc/mini-SoC/experiments/librelane-ibex/runs/ibex-detailed-placement/tmp/bcb59d452c284fd38f2a0f1fa4284db8.lib 
ABC: Parsing finished successfully.  Parsing time =     0.03 sec
ABC: Scl_LibertyReadGenlib() skipped sequential cell "sky130_fd_sc_hd__dfbbn_2".
ABC: Scl_LibertyReadGenlib() skipped sequential cell "sky130_fd_sc_hd__dfrbp_2".
ABC: Scl_LibertyReadGenlib() skipped sequential cell "sky130_fd_sc_hd__dfrtp_2".
ABC: Scl_LibertyReadGenlib() skipped sequential cell "sky130_fd_sc_hd__dfrtp_4".
ABC: Scl_LibertyReadGenlib() skipped sequential cell "sky130_fd_sc_hd__dfsbp_2".
ABC: Scl_LibertyReadGenlib() skipped sequential cell "sky130_fd_sc_hd__dfstp_2".
ABC: Scl_LibertyReadGenlib() skipped sequential cell "sky130_fd_sc_hd__dfstp_4".
ABC: Scl_LibertyReadGenlib() skipped sequential cell "sky130_fd_sc_hd__dfxbp_2".
ABC: Scl_LibertyReadGenlib() skipped sequential cell "sky130_fd_sc_hd__dfxtp_2".
ABC: Scl_LibertyReadGenlib() skipped sequential cell "sky130_fd_sc_hd__dfxtp_4".
ABC: Scl_LibertyReadGenlib() skipped sequential cell "sky130_fd_sc_hd__dlxtn_1".
ABC: Scl_LibertyReadGenlib() skipped sequential cell "sky130_fd_sc_hd__dlxtn_2".
ABC: Scl_LibertyReadGenlib() skipped sequential cell "sky130_fd_sc_hd__dlxtn_4".
ABC: Scl_LibertyReadGenlib() skipped sequential cell "sky130_fd_sc_hd__dlxtp_1".
ABC: Scl_LibertyReadGenlib() skipped three-state cell "sky130_fd_sc_hd__ebufn_2".
ABC: Scl_LibertyReadGenlib() skipped three-state cell "sky130_fd_sc_hd__ebufn_4".
ABC: Scl_LibertyReadGenlib() skipped three-state cell "sky130_fd_sc_hd__ebufn_8".
ABC: Library "sky130_fd_sc_hd__tt_025C_1v80" from "/home/designer/shared/chipus-soc/mini-SoC/experiments/librelane-ibex/runs/ibex-detailed-placement/tmp/bcb59d452c284fd38f2a0f1fa4284db8.lib" has 175 cells (17 skipped: 14 seq; 3 tri-state; 0 no func; 0 dont_use; 0 with 2 outputs; 0 with 3+ outputs).  Time =     0.05 sec
ABC: Memory =    9.54 MB. Time =     0.05 sec
ABC: Warning: Detected 2 multi-output cells (for example, "sky130_fd_sc_hd__fa_1").
ABC: + read_constr -v /home/designer/shared/chipus-soc/mini-SoC/experiments/librelane-ibex/runs/ibex-detailed-placement/06-yosys-synthesis/synthesis.abc.sdc 
ABC: Setting driving cell to be "sky130_fd_sc_hd__inv_2/Y".
ABC: Setting output load to be 33.442001.
ABC: + source /home/designer/shared/chipus-soc/mini-SoC/experiments/librelane-ibex/runs/ibex-detailed-placement/06-yosys-synthesis/AREA_0.abc 
ABC: Fanins of node 20311: Vector has 3 entries: { 364 11204 11204 }
ABC: Abc_NtkFastExtract: Nodes have duplicated fanins. FX is not performed.
ABC: Error: The network is combinational.
ABC: Cannot find the default PI driving cell (sky130_fd_sc_hd__inv_2/Y) in the library.
ABC: WireLoad = "none"  Gates =   9958 (  1.3 %)   Cap = 13.0 ff (  8.0 %)   Area =   101348.45 ( 71.5 %)   Delay = 15092.32 ps  (  1.4 %)               
ABC: Path  0 --      89 : 0   10 pi                       A =   0.00  Df =   0.0   -0.0 ps  S =   0.0 ps  Cin =  0.0 ff  Cout =  23.3 ff  Cmax =   0.0 ff  G =    0  
ABC: Path  1 --   13729 : 5    1 sky130_fd_sc_hd__a221o_2 A =  11.26  Df =15092.3-1749.1 ps  S = 182.9 ps  Cin =  2.3 ff  Cout =  33.4 ff  Cmax = 299.4 ff  G = 1437  
ABC: Start-point = pi88 (\u_ibex_top.u_ibex_core.id_stage_i.controller_i.instr_i [2]).  End-point = po1948 ($auto$rtlil.cc:3583:MuxGate$75314).
ABC: netlist                       : i/o = 2037/ 2046  lat =    0  nd =  9958  edge =  30961  area =101359.33  delay =32.00  lev = 32
ABC: + write_blif /tmp/yosys-abc-2Ekz2m/output.blif 

164.1.2. Re-integrating ABC results.
ABC RESULTS:   sky130_fd_sc_hd__a2111o_2 cells:       18
ABC RESULTS:   sky130_fd_sc_hd__a2111oi_2 cells:        7
ABC RESULTS:   sky130_fd_sc_hd__a211o_2 cells:      229
ABC RESULTS:   sky130_fd_sc_hd__a211oi_2 cells:       18
ABC RESULTS:   sky130_fd_sc_hd__a21bo_2 cells:       53
ABC RESULTS:   sky130_fd_sc_hd__a21boi_2 cells:       14
ABC RESULTS:   sky130_fd_sc_hd__a21o_2 cells:      408
ABC RESULTS:   sky130_fd_sc_hd__a21oi_2 cells:      275
ABC RESULTS:   sky130_fd_sc_hd__a221o_2 cells:      427
ABC RESULTS:   sky130_fd_sc_hd__a221oi_2 cells:        6
ABC RESULTS:   sky130_fd_sc_hd__a22o_2 cells:      364
ABC RESULTS:   sky130_fd_sc_hd__a22oi_2 cells:       30
ABC RESULTS:   sky130_fd_sc_hd__a2bb2o_2 cells:       51
ABC RESULTS:   sky130_fd_sc_hd__a311o_2 cells:       17
ABC RESULTS:   sky130_fd_sc_hd__a311oi_2 cells:        2
ABC RESULTS:   sky130_fd_sc_hd__a31o_2 cells:      263
ABC RESULTS:   sky130_fd_sc_hd__a31oi_2 cells:       21
ABC RESULTS:   sky130_fd_sc_hd__a32o_2 cells:       89
ABC RESULTS:   sky130_fd_sc_hd__a32oi_2 cells:        2
ABC RESULTS:   sky130_fd_sc_hd__a41o_2 cells:        8
ABC RESULTS:   sky130_fd_sc_hd__and2_2 cells:      311
ABC RESULTS:   sky130_fd_sc_hd__and2b_2 cells:      112
ABC RESULTS:   sky130_fd_sc_hd__and3_2 cells:      245
ABC RESULTS:   sky130_fd_sc_hd__and3b_2 cells:       81
ABC RESULTS:   sky130_fd_sc_hd__and4_2 cells:       54
ABC RESULTS:   sky130_fd_sc_hd__and4b_2 cells:       14
ABC RESULTS:   sky130_fd_sc_hd__and4bb_2 cells:        3
ABC RESULTS:   sky130_fd_sc_hd__inv_2 cells:      134
ABC RESULTS:   sky130_fd_sc_hd__mux2_1 cells:     2286
ABC RESULTS:   sky130_fd_sc_hd__mux4_2 cells:      312
ABC RESULTS:   sky130_fd_sc_hd__nand2_2 cells:      502
ABC RESULTS:   sky130_fd_sc_hd__nand2b_2 cells:      102
ABC RESULTS:   sky130_fd_sc_hd__nand3_2 cells:       31
ABC RESULTS:   sky130_fd_sc_hd__nand3b_2 cells:       17
ABC RESULTS:   sky130_fd_sc_hd__nand4_2 cells:        8
ABC RESULTS:   sky130_fd_sc_hd__nor2_2 cells:      634
ABC RESULTS:   sky130_fd_sc_hd__nor3_2 cells:       40
ABC RESULTS:   sky130_fd_sc_hd__nor3b_2 cells:        4
ABC RESULTS:   sky130_fd_sc_hd__nor4_2 cells:        5
ABC RESULTS:   sky130_fd_sc_hd__o2111a_2 cells:       17
ABC RESULTS:   sky130_fd_sc_hd__o2111ai_2 cells:        1
ABC RESULTS:   sky130_fd_sc_hd__o211a_2 cells:      239
ABC RESULTS:   sky130_fd_sc_hd__o211ai_2 cells:       16
ABC RESULTS:   sky130_fd_sc_hd__o21a_2 cells:      323
ABC RESULTS:   sky130_fd_sc_hd__o21ai_2 cells:      209
ABC RESULTS:   sky130_fd_sc_hd__o21ba_2 cells:       24
ABC RESULTS:   sky130_fd_sc_hd__o21bai_2 cells:       23
ABC RESULTS:   sky130_fd_sc_hd__o221a_2 cells:      103
ABC RESULTS:   sky130_fd_sc_hd__o221ai_2 cells:        1
ABC RESULTS:   sky130_fd_sc_hd__o22a_2 cells:      251
ABC RESULTS:   sky130_fd_sc_hd__o22ai_2 cells:       12
ABC RESULTS:   sky130_fd_sc_hd__o2bb2a_2 cells:       34
ABC RESULTS:   sky130_fd_sc_hd__o2bb2ai_2 cells:        1
ABC RESULTS:   sky130_fd_sc_hd__o311a_2 cells:       17
ABC RESULTS:   sky130_fd_sc_hd__o311ai_2 cells:        2
ABC RESULTS:   sky130_fd_sc_hd__o31a_2 cells:       60
ABC RESULTS:   sky130_fd_sc_hd__o31ai_2 cells:       13
ABC RESULTS:   sky130_fd_sc_hd__o32a_2 cells:        9
ABC RESULTS:   sky130_fd_sc_hd__o32ai_2 cells:        2
ABC RESULTS:   sky130_fd_sc_hd__o41a_2 cells:        4
ABC RESULTS:   sky130_fd_sc_hd__or2_2 cells:      476
ABC RESULTS:   sky130_fd_sc_hd__or3_2 cells:      121
ABC RESULTS:   sky130_fd_sc_hd__or3b_2 cells:       65
ABC RESULTS:   sky130_fd_sc_hd__or4_2 cells:       53
ABC RESULTS:   sky130_fd_sc_hd__or4b_2 cells:       15
ABC RESULTS:   sky130_fd_sc_hd__or4bb_2 cells:        4
ABC RESULTS:   sky130_fd_sc_hd__xnor2_2 cells:      427
ABC RESULTS:   sky130_fd_sc_hd__xor2_2 cells:      239
ABC RESULTS:        internal signals:    16055
ABC RESULTS:           input signals:     2037
ABC RESULTS:          output signals:     2046
Removing temp directory.
Removing global temp directory.

165. Executing SETUNDEF pass (replace undef values with defined constants).

166. Executing HILOMAP pass (mapping to constant drivers).

167. Executing SPLITNETS pass (splitting up multi-bit signals).

168. Executing OPT_CLEAN pass (remove unused cells and wires).
Finding unused cells or wires in module \chipus_ibex_wrapper..
Removed 2088 unused cells and 24588 unused wires.
<suppressed ~5186 debug messages>

169. Executing INSBUF pass (insert buffer cells for connected wires).
Add chipus_ibex_wrapper/$auto$insbuf.cc:97:execute$89662: \u_ibex_top.u_ibex_core.alu_adder_result_ex[2] -> \data_addr_o [2]
Add chipus_ibex_wrapper/$auto$insbuf.cc:97:execute$89663: \u_ibex_top.u_ibex_core.alu_adder_result_ex[3] -> \data_addr_o [3]
Add chipus_ibex_wrapper/$auto$insbuf.cc:97:execute$89664: \u_ibex_top.u_ibex_core.alu_adder_result_ex[4] -> \data_addr_o [4]
Add chipus_ibex_wrapper/$auto$insbuf.cc:97:execute$89665: \u_ibex_top.u_ibex_core.alu_adder_result_ex[5] -> \data_addr_o [5]
Add chipus_ibex_wrapper/$auto$insbuf.cc:97:execute$89666: \u_ibex_top.u_ibex_core.alu_adder_result_ex[6] -> \data_addr_o [6]
Add chipus_ibex_wrapper/$auto$insbuf.cc:97:execute$89667: \u_ibex_top.u_ibex_core.alu_adder_result_ex[7] -> \data_addr_o [7]
Add chipus_ibex_wrapper/$auto$insbuf.cc:97:execute$89668: \u_ibex_top.u_ibex_core.alu_adder_result_ex[8] -> \data_addr_o [8]
Add chipus_ibex_wrapper/$auto$insbuf.cc:97:execute$89669: \u_ibex_top.u_ibex_core.alu_adder_result_ex[9] -> \data_addr_o [9]
Add chipus_ibex_wrapper/$auto$insbuf.cc:97:execute$89670: \u_ibex_top.u_ibex_core.alu_adder_result_ex[10] -> \data_addr_o [10]
Add chipus_ibex_wrapper/$auto$insbuf.cc:97:execute$89671: \u_ibex_top.u_ibex_core.alu_adder_result_ex[11] -> \data_addr_o [11]
Add chipus_ibex_wrapper/$auto$insbuf.cc:97:execute$89672: \u_ibex_top.u_ibex_core.alu_adder_result_ex[12] -> \data_addr_o [12]
Add chipus_ibex_wrapper/$auto$insbuf.cc:97:execute$89673: \u_ibex_top.u_ibex_core.alu_adder_result_ex[13] -> \data_addr_o [13]
Add chipus_ibex_wrapper/$auto$insbuf.cc:97:execute$89674: \u_ibex_top.u_ibex_core.alu_adder_result_ex[14] -> \data_addr_o [14]
Add chipus_ibex_wrapper/$auto$insbuf.cc:97:execute$89675: \u_ibex_top.u_ibex_core.alu_adder_result_ex[15] -> \data_addr_o [15]
Add chipus_ibex_wrapper/$auto$insbuf.cc:97:execute$89676: \u_ibex_top.u_ibex_core.alu_adder_result_ex[16] -> \data_addr_o [16]
Add chipus_ibex_wrapper/$auto$insbuf.cc:97:execute$89677: \u_ibex_top.u_ibex_core.alu_adder_result_ex[17] -> \data_addr_o [17]
Add chipus_ibex_wrapper/$auto$insbuf.cc:97:execute$89678: \u_ibex_top.u_ibex_core.alu_adder_result_ex[18] -> \data_addr_o [18]
Add chipus_ibex_wrapper/$auto$insbuf.cc:97:execute$89679: \u_ibex_top.u_ibex_core.alu_adder_result_ex[19] -> \data_addr_o [19]
Add chipus_ibex_wrapper/$auto$insbuf.cc:97:execute$89680: \u_ibex_top.u_ibex_core.alu_adder_result_ex[20] -> \data_addr_o [20]
Add chipus_ibex_wrapper/$auto$insbuf.cc:97:execute$89681: \u_ibex_top.u_ibex_core.alu_adder_result_ex[21] -> \data_addr_o [21]
Add chipus_ibex_wrapper/$auto$insbuf.cc:97:execute$89682: \u_ibex_top.u_ibex_core.alu_adder_result_ex[22] -> \data_addr_o [22]
Add chipus_ibex_wrapper/$auto$insbuf.cc:97:execute$89683: \u_ibex_top.u_ibex_core.alu_adder_result_ex[23] -> \data_addr_o [23]
Add chipus_ibex_wrapper/$auto$insbuf.cc:97:execute$89684: \u_ibex_top.u_ibex_core.alu_adder_result_ex[24] -> \data_addr_o [24]
Add chipus_ibex_wrapper/$auto$insbuf.cc:97:execute$89685: \u_ibex_top.u_ibex_core.alu_adder_result_ex[25] -> \data_addr_o [25]
Add chipus_ibex_wrapper/$auto$insbuf.cc:97:execute$89686: \u_ibex_top.u_ibex_core.alu_adder_result_ex[26] -> \data_addr_o [26]
Add chipus_ibex_wrapper/$auto$insbuf.cc:97:execute$89687: \u_ibex_top.u_ibex_core.alu_adder_result_ex[27] -> \data_addr_o [27]
Add chipus_ibex_wrapper/$auto$insbuf.cc:97:execute$89688: \u_ibex_top.u_ibex_core.alu_adder_result_ex[28] -> \data_addr_o [28]
Add chipus_ibex_wrapper/$auto$insbuf.cc:97:execute$89689: \u_ibex_top.u_ibex_core.alu_adder_result_ex[29] -> \data_addr_o [29]
Add chipus_ibex_wrapper/$auto$insbuf.cc:97:execute$89690: \u_ibex_top.u_ibex_core.alu_adder_result_ex[30] -> \data_addr_o [30]
Add chipus_ibex_wrapper/$auto$insbuf.cc:97:execute$89691: \u_ibex_top.u_ibex_core.alu_adder_result_ex[31] -> \data_addr_o [31]

170. Executing CHECK pass (checking for obvious problems).
Checking module chipus_ibex_wrapper...
Found and reported 0 problems.
{
   "creator": "Yosys 0.62 (git sha1 7326bb7d6641500ecb285c291a54a662cb1e76cf, clang++ 21.1.2 -fPIC -O3)",
   "invocation": "stat -json -liberty /home/designer/shared/chipus-soc/mini-SoC/experiments/librelane-ibex/runs/ibex-detailed-placement/tmp/bcb59d452c284fd38f2a0f1fa4284db8.lib ",
   "modules": {
      "\\chipus_ibex_wrapper": {
         "num_wires":         11862,
         "num_wire_bits":     12034,
         "num_pub_wires":     2026,
         "num_pub_wire_bits": 2198,
         "num_ports":         26,
         "num_port_bits":     198,
         "num_memories":      0,
         "num_memory_bits":   0,
         "num_processes":     0,
         "num_cells":         11943,
         "num_submodules":       0,
         "area":              151308.867200,
         "sequential_area":    49765.228800,
         "num_cells_by_type": {
            "sky130_fd_sc_hd__a2111o_2": 18,
            "sky130_fd_sc_hd__a2111oi_2": 7,
            "sky130_fd_sc_hd__a211o_2": 229,
            "sky130_fd_sc_hd__a211oi_2": 18,
            "sky130_fd_sc_hd__a21bo_2": 53,
            "sky130_fd_sc_hd__a21boi_2": 14,
            "sky130_fd_sc_hd__a21o_2": 408,
            "sky130_fd_sc_hd__a21oi_2": 275,
            "sky130_fd_sc_hd__a221o_2": 427,
            "sky130_fd_sc_hd__a221oi_2": 6,
            "sky130_fd_sc_hd__a22o_2": 364,
            "sky130_fd_sc_hd__a22oi_2": 30,
            "sky130_fd_sc_hd__a2bb2o_2": 51,
            "sky130_fd_sc_hd__a311o_2": 17,
            "sky130_fd_sc_hd__a311oi_2": 2,
            "sky130_fd_sc_hd__a31o_2": 263,
            "sky130_fd_sc_hd__a31oi_2": 21,
            "sky130_fd_sc_hd__a32o_2": 89,
            "sky130_fd_sc_hd__a32oi_2": 2,
            "sky130_fd_sc_hd__a41o_2": 8,
            "sky130_fd_sc_hd__and2_2": 311,
            "sky130_fd_sc_hd__and2b_2": 112,
            "sky130_fd_sc_hd__and3_2": 245,
            "sky130_fd_sc_hd__and3b_2": 81,
            "sky130_fd_sc_hd__and4_2": 54,
            "sky130_fd_sc_hd__and4b_2": 14,
            "sky130_fd_sc_hd__and4bb_2": 3,
            "sky130_fd_sc_hd__buf_2": 30,
            "sky130_fd_sc_hd__conb_1": 8,
            "sky130_fd_sc_hd__dfrtp_2": 1663,
            "sky130_fd_sc_hd__dfstp_2": 10,
            "sky130_fd_sc_hd__dfxtp_2": 273,
            "sky130_fd_sc_hd__dlxtn_1": 1,
            "sky130_fd_sc_hd__inv_2": 134,
            "sky130_fd_sc_hd__mux2_1": 2286,
            "sky130_fd_sc_hd__mux4_2": 312,
            "sky130_fd_sc_hd__nand2_2": 502,
            "sky130_fd_sc_hd__nand2b_2": 102,
            "sky130_fd_sc_hd__nand3_2": 31,
            "sky130_fd_sc_hd__nand3b_2": 17,
            "sky130_fd_sc_hd__nand4_2": 8,
            "sky130_fd_sc_hd__nor2_2": 634,
            "sky130_fd_sc_hd__nor3_2": 40,
            "sky130_fd_sc_hd__nor3b_2": 4,
            "sky130_fd_sc_hd__nor4_2": 5,
            "sky130_fd_sc_hd__o2111a_2": 17,
            "sky130_fd_sc_hd__o2111ai_2": 1,
            "sky130_fd_sc_hd__o211a_2": 239,
            "sky130_fd_sc_hd__o211ai_2": 16,
            "sky130_fd_sc_hd__o21a_2": 323,
            "sky130_fd_sc_hd__o21ai_2": 209,
            "sky130_fd_sc_hd__o21ba_2": 24,
            "sky130_fd_sc_hd__o21bai_2": 23,
            "sky130_fd_sc_hd__o221a_2": 103,
            "sky130_fd_sc_hd__o221ai_2": 1,
            "sky130_fd_sc_hd__o22a_2": 251,
            "sky130_fd_sc_hd__o22ai_2": 12,
            "sky130_fd_sc_hd__o2bb2a_2": 34,
            "sky130_fd_sc_hd__o2bb2ai_2": 1,
            "sky130_fd_sc_hd__o311a_2": 17,
            "sky130_fd_sc_hd__o311ai_2": 2,
            "sky130_fd_sc_hd__o31a_2": 60,
            "sky130_fd_sc_hd__o31ai_2": 13,
            "sky130_fd_sc_hd__o32a_2": 9,
            "sky130_fd_sc_hd__o32ai_2": 2,
            "sky130_fd_sc_hd__o41a_2": 4,
            "sky130_fd_sc_hd__or2_2": 476,
            "sky130_fd_sc_hd__or3_2": 121,
            "sky130_fd_sc_hd__or3b_2": 65,
            "sky130_fd_sc_hd__or4_2": 53,
            "sky130_fd_sc_hd__or4b_2": 15,
            "sky130_fd_sc_hd__or4bb_2": 4,
            "sky130_fd_sc_hd__xnor2_2": 427,
            "sky130_fd_sc_hd__xor2_2": 239
         }
      }
   },
      "design": {
         "num_wires":         11862,
         "num_wire_bits":     12034,
         "num_pub_wires":     2026,
         "num_pub_wire_bits": 2198,
         "num_ports":         26,
         "num_port_bits":     198,
         "num_memories":      0,
         "num_memory_bits":   0,
         "num_processes":     0,
         "num_cells":         11943,
         "num_submodules":       0,
         "area":              151308.867200,
         "sequential_area":    49765.228800,
         "num_cells_by_type": {
            "sky130_fd_sc_hd__a2111o_2": 18,
            "sky130_fd_sc_hd__a2111oi_2": 7,
            "sky130_fd_sc_hd__a211o_2": 229,
            "sky130_fd_sc_hd__a211oi_2": 18,
            "sky130_fd_sc_hd__a21bo_2": 53,
            "sky130_fd_sc_hd__a21boi_2": 14,
            "sky130_fd_sc_hd__a21o_2": 408,
            "sky130_fd_sc_hd__a21oi_2": 275,
            "sky130_fd_sc_hd__a221o_2": 427,
            "sky130_fd_sc_hd__a221oi_2": 6,
            "sky130_fd_sc_hd__a22o_2": 364,
            "sky130_fd_sc_hd__a22oi_2": 30,
            "sky130_fd_sc_hd__a2bb2o_2": 51,
            "sky130_fd_sc_hd__a311o_2": 17,
            "sky130_fd_sc_hd__a311oi_2": 2,
            "sky130_fd_sc_hd__a31o_2": 263,
            "sky130_fd_sc_hd__a31oi_2": 21,
            "sky130_fd_sc_hd__a32o_2": 89,
            "sky130_fd_sc_hd__a32oi_2": 2,
            "sky130_fd_sc_hd__a41o_2": 8,
            "sky130_fd_sc_hd__and2_2": 311,
            "sky130_fd_sc_hd__and2b_2": 112,
            "sky130_fd_sc_hd__and3_2": 245,
            "sky130_fd_sc_hd__and3b_2": 81,
            "sky130_fd_sc_hd__and4_2": 54,
            "sky130_fd_sc_hd__and4b_2": 14,
            "sky130_fd_sc_hd__and4bb_2": 3,
            "sky130_fd_sc_hd__buf_2": 30,
            "sky130_fd_sc_hd__conb_1": 8,
            "sky130_fd_sc_hd__dfrtp_2": 1663,
            "sky130_fd_sc_hd__dfstp_2": 10,
            "sky130_fd_sc_hd__dfxtp_2": 273,
            "sky130_fd_sc_hd__dlxtn_1": 1,
            "sky130_fd_sc_hd__inv_2": 134,
            "sky130_fd_sc_hd__mux2_1": 2286,
            "sky130_fd_sc_hd__mux4_2": 312,
            "sky130_fd_sc_hd__nand2_2": 502,
            "sky130_fd_sc_hd__nand2b_2": 102,
            "sky130_fd_sc_hd__nand3_2": 31,
            "sky130_fd_sc_hd__nand3b_2": 17,
            "sky130_fd_sc_hd__nand4_2": 8,
            "sky130_fd_sc_hd__nor2_2": 634,
            "sky130_fd_sc_hd__nor3_2": 40,
            "sky130_fd_sc_hd__nor3b_2": 4,
            "sky130_fd_sc_hd__nor4_2": 5,
            "sky130_fd_sc_hd__o2111a_2": 17,
            "sky130_fd_sc_hd__o2111ai_2": 1,
            "sky130_fd_sc_hd__o211a_2": 239,
            "sky130_fd_sc_hd__o211ai_2": 16,
            "sky130_fd_sc_hd__o21a_2": 323,
            "sky130_fd_sc_hd__o21ai_2": 209,
            "sky130_fd_sc_hd__o21ba_2": 24,
            "sky130_fd_sc_hd__o21bai_2": 23,
            "sky130_fd_sc_hd__o221a_2": 103,
            "sky130_fd_sc_hd__o221ai_2": 1,
            "sky130_fd_sc_hd__o22a_2": 251,
            "sky130_fd_sc_hd__o22ai_2": 12,
            "sky130_fd_sc_hd__o2bb2a_2": 34,
            "sky130_fd_sc_hd__o2bb2ai_2": 1,
            "sky130_fd_sc_hd__o311a_2": 17,
            "sky130_fd_sc_hd__o311ai_2": 2,
            "sky130_fd_sc_hd__o31a_2": 60,
            "sky130_fd_sc_hd__o31ai_2": 13,
            "sky130_fd_sc_hd__o32a_2": 9,
            "sky130_fd_sc_hd__o32ai_2": 2,
            "sky130_fd_sc_hd__o41a_2": 4,
            "sky130_fd_sc_hd__or2_2": 476,
            "sky130_fd_sc_hd__or3_2": 121,
            "sky130_fd_sc_hd__or3b_2": 65,
            "sky130_fd_sc_hd__or4_2": 53,
            "sky130_fd_sc_hd__or4b_2": 15,
            "sky130_fd_sc_hd__or4bb_2": 4,
            "sky130_fd_sc_hd__xnor2_2": 427,
            "sky130_fd_sc_hd__xor2_2": 239
         }
      }
}

171. Printing statistics.

=== chipus_ibex_wrapper ===

        +----------Local Count, excluding submodules.
        |        +-Local Area, excluding submodules.
        |        | 
    11862        - wires
    12034        - wire bits
     2026        - public wires
     2198        - public wire bits
       26        - ports
      198        - port bits
    11943 1.51E+05 cells
       18  225.216   sky130_fd_sc_hd__a2111o_2
        7  105.101   sky130_fd_sc_hd__a2111oi_2
      229 2.29E+03   sky130_fd_sc_hd__a211o_2
       18  225.216   sky130_fd_sc_hd__a211oi_2
       53  530.509   sky130_fd_sc_hd__a21bo_2
       14  157.651   sky130_fd_sc_hd__a21boi_2
      408 3.57E+03   sky130_fd_sc_hd__a21o_2
      275  2408.56   sky130_fd_sc_hd__a21oi_2
      427 4.81E+03   sky130_fd_sc_hd__a221o_2
        6   90.086   sky130_fd_sc_hd__a221oi_2
      364 3.64E+03   sky130_fd_sc_hd__a22o_2
       30   375.36   sky130_fd_sc_hd__a22oi_2
       51  574.301   sky130_fd_sc_hd__a2bb2o_2
       17  191.434   sky130_fd_sc_hd__a311o_2
        2   30.029   sky130_fd_sc_hd__a311oi_2
      263  2.3E+03   sky130_fd_sc_hd__a31o_2
       21  262.752   sky130_fd_sc_hd__a31oi_2
       89    1E+03   sky130_fd_sc_hd__a32o_2
        2   32.531   sky130_fd_sc_hd__a32oi_2
        8   90.086   sky130_fd_sc_hd__a41o_2
      311 2.33E+03   sky130_fd_sc_hd__and2_2
      112  980.941   sky130_fd_sc_hd__and2b_2
      245 1.84E+03   sky130_fd_sc_hd__and3_2
       81  810.778   sky130_fd_sc_hd__and3b_2
       54  540.518   sky130_fd_sc_hd__and4_2
       14  157.651   sky130_fd_sc_hd__and4b_2
        3   37.536   sky130_fd_sc_hd__and4bb_2
       30  150.144   sky130_fd_sc_hd__buf_2
        8   30.029   sky130_fd_sc_hd__conb_1
     1663 4.37E+04   sky130_fd_sc_hd__dfrtp_2
       10  262.752   sky130_fd_sc_hd__dfstp_2
      273 5.81E+03   sky130_fd_sc_hd__dfxtp_2
        1   15.014   sky130_fd_sc_hd__dlxtn_1
      134  502.982   sky130_fd_sc_hd__inv_2
     2286 2.57E+04   sky130_fd_sc_hd__mux2_1
      312 7.03E+03   sky130_fd_sc_hd__mux4_2
      502 3.14E+03   sky130_fd_sc_hd__nand2_2
      102  893.357   sky130_fd_sc_hd__nand2b_2
       31  310.298   sky130_fd_sc_hd__nand3_2
       17  191.434   sky130_fd_sc_hd__nand3b_2
        8  100.096   sky130_fd_sc_hd__nand4_2
      634 3.97E+03   sky130_fd_sc_hd__nor2_2
       40  400.384   sky130_fd_sc_hd__nor3_2
        4   50.048   sky130_fd_sc_hd__nor3b_2
        5    62.56   sky130_fd_sc_hd__nor4_2
       17  212.704   sky130_fd_sc_hd__o2111a_2
        1   15.014   sky130_fd_sc_hd__o2111ai_2
      239 2.39E+03   sky130_fd_sc_hd__o211a_2
       16  200.192   sky130_fd_sc_hd__o211ai_2
      323 2.83E+03   sky130_fd_sc_hd__o21a_2
      209 1.83E+03   sky130_fd_sc_hd__o21ai_2
       24   240.23   sky130_fd_sc_hd__o21ba_2
       23  258.998   sky130_fd_sc_hd__o21bai_2
      103 1.16E+03   sky130_fd_sc_hd__o221a_2
        1   15.014   sky130_fd_sc_hd__o221ai_2
      251  2512.41   sky130_fd_sc_hd__o22a_2
       12  150.144   sky130_fd_sc_hd__o22ai_2
       34  382.867   sky130_fd_sc_hd__o2bb2a_2
        1   15.014   sky130_fd_sc_hd__o2bb2ai_2
       17  191.434   sky130_fd_sc_hd__o311a_2
        2   32.531   sky130_fd_sc_hd__o311ai_2
       60  600.576   sky130_fd_sc_hd__o31a_2
       13  162.656   sky130_fd_sc_hd__o31ai_2
        9  101.347   sky130_fd_sc_hd__o32a_2
        2   32.531   sky130_fd_sc_hd__o32ai_2
        4   50.048   sky130_fd_sc_hd__o41a_2
      476 2.98E+03   sky130_fd_sc_hd__or2_2
      121  908.371   sky130_fd_sc_hd__or3_2
       65  569.296   sky130_fd_sc_hd__or3b_2
       53  464.195   sky130_fd_sc_hd__or4_2
       15  150.144   sky130_fd_sc_hd__or4b_2
        4   50.048   sky130_fd_sc_hd__or4bb_2
      427 6.95E+03   sky130_fd_sc_hd__xnor2_2
      239 3.89E+03   sky130_fd_sc_hd__xor2_2

   Chip area for module '\chipus_ibex_wrapper': 151308.867200
     of which used for sequential elements: 49765.228800 (32.89%)

172. Executing Verilog backend.
Dumping module `\chipus_ibex_wrapper'.

173. Executing JSON backend.
