
===========================================================================
report_checks -unconstrained
===========================================================================
======================= min_tt_025C_1v80 Corner ===================================

Startpoint: _21716_ (negative level-sensitive latch clocked by clk_i)
Endpoint: _12039_ (rising clock gating-check end-point clocked by clk_i)
Path Group: gated clock
Path Type: max

Fanout         Cap        Slew       Delay        Time   Description
---------------------------------------------------------------------------------------------
                                 25.000000   25.000000   clock clk_i (fall edge)
                                  0.000000   25.000000   clock source latency
     2    0.105409    0.000000    0.000000   25.000000 v clk_i (in)
                                                         clk_i (net)
                      0.009196    0.004597   25.004597 v delaybuf_0_clk_i/A (sky130_fd_sc_hd__clkbuf_16)
     1    0.016884    0.033411    0.128619   25.133215 v delaybuf_0_clk_i/X (sky130_fd_sc_hd__clkbuf_16)
                                                         delaynet_0_clk_i (net)
                      0.033424    0.000954   25.134169 v delaybuf_1_clk_i/A (sky130_fd_sc_hd__clkbuf_16)
     1    0.016238    0.033069    0.138579   25.272749 v delaybuf_1_clk_i/X (sky130_fd_sc_hd__clkbuf_16)
                                                         delaynet_1_clk_i (net)
                      0.033069    0.000920   25.273668 v delaybuf_2_clk_i/A (sky130_fd_sc_hd__clkbuf_16)
     1    0.019066    0.034595    0.140595   25.414263 v delaybuf_2_clk_i/X (sky130_fd_sc_hd__clkbuf_16)
                                                         delaynet_2_clk_i (net)
                      0.034613    0.001124   25.415388 v delaybuf_3_clk_i/A (sky130_fd_sc_hd__clkbuf_16)
     1    0.017578    0.033799    0.140126   25.555513 v delaybuf_3_clk_i/X (sky130_fd_sc_hd__clkbuf_16)
                                                         delaynet_3_clk_i (net)
                      0.033813    0.001037   25.556551 v clkbuf_regs_0_clk_i/A (sky130_fd_sc_hd__clkbuf_16)
     1    0.008915    0.029052    0.133046   25.689596 v clkbuf_regs_0_clk_i/X (sky130_fd_sc_hd__clkbuf_16)
                                                         clk_i_regs (net)
                      0.029052    0.000165   25.689762 v clkbuf_0_clk_i_regs/A (sky130_fd_sc_hd__clkbuf_16)
     2    0.016898    0.033371    0.137304   25.827066 v clkbuf_0_clk_i_regs/X (sky130_fd_sc_hd__clkbuf_16)
                                                         clknet_0_clk_i_regs (net)
                      0.033371    0.000123   25.827188 v clkbuf_1_1__f_clk_i_regs/A (sky130_fd_sc_hd__clkbuf_16)
     2    0.006326    0.027352    0.130500   25.957687 v clkbuf_1_1__f_clk_i_regs/X (sky130_fd_sc_hd__clkbuf_16)
                                                         clknet_1_1__leaf_clk_i_regs (net)
                      0.027352    0.000055   25.957743 v _21716_/GATE_N (sky130_fd_sc_hd__dlxtn_1)
     1    0.064100    0.594243    0.767537   26.725281 ^ _21716_/Q (sky130_fd_sc_hd__dlxtn_1)
                                                         u_ibex_top.core_clock_gate_i.en_latch (net)
                      0.594737    0.011299   26.736580 ^ _12039_/B (sky130_fd_sc_hd__and2_2)
                                             26.736580   data arrival time

                                 50.000000   50.000000   clock clk_i (rise edge)
                                  0.000000   50.000000   clock source latency
     2    0.107397    0.000000    0.000000   50.000000 ^ clk_i (in)
                                                         clk_i (net)
                      0.041021    0.020510   50.020508 ^ clkbuf_0_clk_i/A (sky130_fd_sc_hd__clkbuf_16)
     1    0.011126    0.034301    0.115467   50.135975 ^ clkbuf_0_clk_i/X (sky130_fd_sc_hd__clkbuf_16)
                                                         clknet_0_clk_i (net)
                      0.034301    0.000270   50.136246 ^ clkbuf_1_0__f_clk_i/A (sky130_fd_sc_hd__clkbuf_16)
     1    0.001752    0.025681    0.102734   50.238979 ^ clkbuf_1_0__f_clk_i/X (sky130_fd_sc_hd__clkbuf_16)
                                                         clknet_1_0__leaf_clk_i (net)
                      0.025681    0.000014   50.238995 ^ _12039_/A (sky130_fd_sc_hd__and2_2)
                                 -0.250000   49.988991   clock uncertainty
                                  0.000000   49.988991   clock reconvergence pessimism
                                  0.000000   49.988991   clock gating setup time
                                             49.988991   data required time
---------------------------------------------------------------------------------------------
                                             49.988991   data required time
                                            -26.736580   data arrival time
---------------------------------------------------------------------------------------------
                                             23.252413   slack (MET)


Startpoint: irq_fast_i[1] (input port clocked by clk_i)
Endpoint: _21716_ (negative level-sensitive latch clocked by clk_i)
Path Group: clk_i
Path Type: max

Fanout         Cap        Slew       Delay        Time   Description
---------------------------------------------------------------------------------------------
                                  0.000000    0.000000   clock clk_i (rise edge)
                                  0.000000    0.000000   clock network delay (propagated)
                                  5.000000    5.000000 v input external delay
     1    0.003369    0.150000    0.000000    5.000000 v irq_fast_i[1] (in)
                                                         irq_fast_i[1] (net)
                      0.150056    0.000028    5.000028 v input78/A (sky130_fd_sc_hd__clkdlybuf4s25_1)
     3    0.052173    0.381412    0.551177    5.551205 v input78/X (sky130_fd_sc_hd__clkdlybuf4s25_1)
                                                         net78 (net)
                      0.381418    0.002014    5.553218 v _12019_/B2 (sky130_fd_sc_hd__a22o_2)
     2    0.006441    0.050442    0.364434    5.917652 v _12019_/X (sky130_fd_sc_hd__a22o_2)
                                                         _06377_ (net)
                      0.050442    0.000049    5.917701 v _12022_/A_N (sky130_fd_sc_hd__and3b_2)
     2    0.009001    0.070116    0.250250    6.167952 ^ _12022_/X (sky130_fd_sc_hd__and3b_2)
                                                         _06380_ (net)
                      0.070116    0.000024    6.167975 ^ _12023_/B (sky130_fd_sc_hd__nand2_2)
     3    0.022552    0.098319    0.105912    6.273888 v _12023_/Y (sky130_fd_sc_hd__nand2_2)
                                                         _06381_ (net)
                      0.098320    0.000267    6.274155 v _12032_/A (sky130_fd_sc_hd__or3b_2)
     4    0.035850    0.167241    0.611650    6.885805 v _12032_/X (sky130_fd_sc_hd__or3b_2)
                                                         _06390_ (net)
                      0.167279    0.002355    6.888160 v _12035_/B1 (sky130_fd_sc_hd__a2111o_2)
     4    0.033482    0.145095    0.585944    7.474104 v _12035_/X (sky130_fd_sc_hd__a2111o_2)
                                                         _06393_ (net)
                      0.145143    0.002471    7.476575 v _12037_/B (sky130_fd_sc_hd__or2_2)
     2    0.008683    0.070876    0.333150    7.809725 v _12037_/X (sky130_fd_sc_hd__or2_2)
                                                         u_ibex_top.clock_en (net)
                      0.070876    0.000044    7.809768 v _21716_/D (sky130_fd_sc_hd__dlxtn_1)
                                              7.809768   data arrival time

                                 25.000000   25.000000   clock clk_i (fall edge)
                                  0.000000   25.000000   clock source latency
     2    0.105409    0.000000    0.000000   25.000000 v clk_i (in)
                                                         clk_i (net)
                      0.009196    0.004597   25.004597 v delaybuf_0_clk_i/A (sky130_fd_sc_hd__clkbuf_16)
     1    0.016884    0.033411    0.128619   25.133215 v delaybuf_0_clk_i/X (sky130_fd_sc_hd__clkbuf_16)
                                                         delaynet_0_clk_i (net)
                      0.033424    0.000954   25.134169 v delaybuf_1_clk_i/A (sky130_fd_sc_hd__clkbuf_16)
     1    0.016238    0.033069    0.138579   25.272749 v delaybuf_1_clk_i/X (sky130_fd_sc_hd__clkbuf_16)
                                                         delaynet_1_clk_i (net)
                      0.033069    0.000920   25.273668 v delaybuf_2_clk_i/A (sky130_fd_sc_hd__clkbuf_16)
     1    0.019066    0.034595    0.140595   25.414263 v delaybuf_2_clk_i/X (sky130_fd_sc_hd__clkbuf_16)
                                                         delaynet_2_clk_i (net)
                      0.034613    0.001124   25.415388 v delaybuf_3_clk_i/A (sky130_fd_sc_hd__clkbuf_16)
     1    0.017578    0.033799    0.140126   25.555513 v delaybuf_3_clk_i/X (sky130_fd_sc_hd__clkbuf_16)
                                                         delaynet_3_clk_i (net)
                      0.033813    0.001037   25.556551 v clkbuf_regs_0_clk_i/A (sky130_fd_sc_hd__clkbuf_16)
     1    0.008915    0.029052    0.133046   25.689596 v clkbuf_regs_0_clk_i/X (sky130_fd_sc_hd__clkbuf_16)
                                                         clk_i_regs (net)
                      0.029052    0.000165   25.689762 v clkbuf_0_clk_i_regs/A (sky130_fd_sc_hd__clkbuf_16)
     2    0.016898    0.033371    0.137304   25.827066 v clkbuf_0_clk_i_regs/X (sky130_fd_sc_hd__clkbuf_16)
                                                         clknet_0_clk_i_regs (net)
                      0.033371    0.000123   25.827188 v clkbuf_1_1__f_clk_i_regs/A (sky130_fd_sc_hd__clkbuf_16)
     2    0.006326    0.027352    0.130500   25.957687 v clkbuf_1_1__f_clk_i_regs/X (sky130_fd_sc_hd__clkbuf_16)
                                                         clknet_1_1__leaf_clk_i_regs (net)
                      0.027352    0.000055   25.957743 v _21716_/GATE_N (sky130_fd_sc_hd__dlxtn_1)
                                 -0.250000   25.707745   clock uncertainty
                                  0.000000   25.707745   clock reconvergence pessimism
                                  0.000000   25.707745   time borrowed from endpoint
                                             25.707745   data required time
---------------------------------------------------------------------------------------------
                                             25.707745   data required time
                                             -7.809768   data arrival time
---------------------------------------------------------------------------------------------
                                             17.897976   slack (MET)

Time Borrowing Information
------------------------------------------------
clk_i nominal pulse width              25.000000
clock latency difference               -0.125876
library setup time                     -0.127903
------------------------------------------------
max time borrow                        24.746220
actual time borrow                      0.000000
------------------------------------------------




===========================================================================
report_checks --slack_max -0.01
============================================================================
======================= min_tt_025C_1v80 Corner ===================================

No paths found.


===========================================================================
 report_check_types -max_slew -max_cap -max_fanout -violators
============================================================================
======================= min_tt_025C_1v80 Corner ===================================

max slew

Pin                                        Limit        Slew       Slack
------------------------------------------------------------------------
_11945_/A1                              0.750000    1.434779   -0.684779 (VIOLATED)
_11257_/A1                              0.750000    1.434770   -0.684770 (VIOLATED)
_09965_/A1                              0.750000    1.434769   -0.684769 (VIOLATED)
_09962_/B1                              0.750000    1.434767   -0.684767 (VIOLATED)
_18423_/B2                              0.750000    1.434760   -0.684760 (VIOLATED)
_09971_/C                               0.750000    1.434747   -0.684747 (VIOLATED)
_09972_/D                               0.750000    1.434737   -0.684737 (VIOLATED)
_12133_/B                               0.750000    1.434710   -0.684710 (VIOLATED)
_12006_/B                               0.750000    1.434705   -0.684706 (VIOLATED)
_12045_/B                               0.750000    1.434701   -0.684701 (VIOLATED)
fanout1913/X                            0.750000    1.434701   -0.684701 (VIOLATED)
_18418_/B2                              0.750000    1.231806   -0.481806 (VIOLATED)
_11885_/A1                              0.750000    1.231786   -0.481786 (VIOLATED)
_10303_/A1                              0.750000    1.231763   -0.481763 (VIOLATED)
_10304_/A1                              0.750000    1.231760   -0.481760 (VIOLATED)
_09985_/S                               0.750000    1.231580   -0.481581 (VIOLATED)
_09987_/C                               0.750000    1.231514   -0.481515 (VIOLATED)
_09972_/C                               0.750000    1.231333   -0.481333 (VIOLATED)
ANTENNA_112/DIODE                       0.750000    1.231333   -0.481333 (VIOLATED)
_12006_/A                               0.750000    1.230992   -0.480992 (VIOLATED)
_12045_/A                               0.750000    1.230903   -0.480903 (VIOLATED)
_12052_/B                               0.750000    1.230845   -0.480845 (VIOLATED)
fanout1915/X                            0.750000    1.230845   -0.480845 (VIOLATED)
_11439_/A                               0.750000    1.220019   -0.470019 (VIOLATED)
_10574_/A1                              0.750000    1.220018   -0.470018 (VIOLATED)
_11124_/D1                              0.750000    1.220012   -0.470012 (VIOLATED)
_10699_/D1                              0.750000    1.220005   -0.470005 (VIOLATED)
_10455_/C                               0.750000    1.220004   -0.470004 (VIOLATED)
_10458_/C                               0.750000    1.220004   -0.470004 (VIOLATED)
fanout1949/X                            0.750000    1.220004   -0.470004 (VIOLATED)
_10021_/B1                              0.750000    1.196701   -0.446701 (VIOLATED)
_10017_/A1                              0.750000    1.196698   -0.446698 (VIOLATED)
_09978_/A_N                             0.750000    1.196693   -0.446693 (VIOLATED)
_09982_/C                               0.750000    1.196686   -0.446686 (VIOLATED)
_09987_/D_N                             0.750000    1.196683   -0.446683 (VIOLATED)
_09975_/A                               0.750000    1.196649   -0.446649 (VIOLATED)
_09974_/A                               0.750000    1.196609   -0.446609 (VIOLATED)
_09980_/B                               0.750000    1.196589   -0.446589 (VIOLATED)
_18310_/A0                              0.750000    1.196428   -0.446428 (VIOLATED)
_19546_/A1                              0.750000    1.196425   -0.446425 (VIOLATED)
fanout2294/X                            0.750000    1.196425   -0.446425 (VIOLATED)
_12164_/B                               0.750000    1.148808   -0.398808 (VIOLATED)
_12688_/A                               0.750000    1.148803   -0.398804 (VIOLATED)
_12703_/A                               0.750000    1.148803   -0.398804 (VIOLATED)
_12698_/A                               0.750000    1.148802   -0.398802 (VIOLATED)
_11516_/A2                              0.750000    1.148579   -0.398579 (VIOLATED)
_11510_/A2                              0.750000    1.148578   -0.398578 (VIOLATED)
_11323_/A2                              0.750000    1.148556   -0.398556 (VIOLATED)
_11321_/A2                              0.750000    1.148551   -0.398551 (VIOLATED)
_11319_/A2                              0.750000    1.148528   -0.398528 (VIOLATED)
_11325_/A2                              0.750000    1.148528   -0.398528 (VIOLATED)
fanout1781/X                            0.750000    1.148528   -0.398528 (VIOLATED)
_18275_/A1                              0.750000    1.141606   -0.391606 (VIOLATED)
_12798_/A3                              0.750000    1.141602   -0.391602 (VIOLATED)
_18029_/A1                              0.750000    1.141595   -0.391595 (VIOLATED)
_17898_/B2                              0.750000    1.141551   -0.391551 (VIOLATED)
_18217_/A1                              0.750000    1.141539   -0.391539 (VIOLATED)
_17908_/A0                              0.750000    1.141411   -0.391411 (VIOLATED)
_17650_/B2                              0.750000    1.141000   -0.391000 (VIOLATED)
_17398_/A1                              0.750000    1.140949   -0.390949 (VIOLATED)
_17789_/A1                              0.750000    1.140912   -0.390912 (VIOLATED)
_17526_/A1                              0.750000    1.140900   -0.390900 (VIOLATED)
fanout1024/X                            0.750000    1.140900   -0.390900 (VIOLATED)
_16375_/S                               0.750000    1.140803   -0.390803 (VIOLATED)
_16388_/S                               0.750000    1.140800   -0.390800 (VIOLATED)
_16376_/S                               0.750000    1.140797   -0.390798 (VIOLATED)
_16384_/S                               0.750000    1.140790   -0.390790 (VIOLATED)
_16387_/S                               0.750000    1.140785   -0.390785 (VIOLATED)
_16378_/S                               0.750000    1.140782   -0.390783 (VIOLATED)
_16379_/S                               0.750000    1.140782   -0.390783 (VIOLATED)
_16380_/S                               0.750000    1.140782   -0.390783 (VIOLATED)
fanout860/X                             0.750000    1.140782   -0.390783 (VIOLATED)
_12676_/A                               0.750000    1.140177   -0.390177 (VIOLATED)
_12679_/A                               0.750000    1.140175   -0.390175 (VIOLATED)
_12678_/A                               0.750000    1.140172   -0.390172 (VIOLATED)
_11511_/A2                              0.750000    1.140051   -0.390051 (VIOLATED)
_11871_/A2                              0.750000    1.140049   -0.390049 (VIOLATED)
_11517_/A2                              0.750000    1.140049   -0.390049 (VIOLATED)
_11322_/A2                              0.750000    1.140039   -0.390039 (VIOLATED)
_11324_/A2                              0.750000    1.140037   -0.390037 (VIOLATED)
_11320_/A2                              0.750000    1.140035   -0.390035 (VIOLATED)
_11326_/A2                              0.750000    1.140035   -0.390035 (VIOLATED)
fanout1764/X                            0.750000    1.140035   -0.390035 (VIOLATED)
_13021_/A2                              0.750000    1.120816   -0.370816 (VIOLATED)
_13033_/B1                              0.750000    1.120813   -0.370813 (VIOLATED)
_13088_/B1                              0.750000    1.120799   -0.370799 (VIOLATED)
fanout1282/A                            0.750000    1.120768   -0.370768 (VIOLATED)
_13120_/A2                              0.750000    1.120764   -0.370765 (VIOLATED)
_12776_/A2                              0.750000    1.120755   -0.370755 (VIOLATED)
_12923_/A2                              0.750000    1.120741   -0.370742 (VIOLATED)
_12939_/B1                              0.750000    1.120741   -0.370742 (VIOLATED)
_12951_/A2                              0.750000    1.120741   -0.370742 (VIOLATED)
_12979_/A2                              0.750000    1.120741   -0.370742 (VIOLATED)
fanout1283/X                            0.750000    1.120741   -0.370742 (VIOLATED)
_13899_/D                               0.750000    1.106212   -0.356213 (VIOLATED)
_14541_/C1                              0.750000    1.106182   -0.356182 (VIOLATED)
_14142_/D1                              0.750000    1.106137   -0.356137 (VIOLATED)
_13452_/C                               0.750000    1.106128   -0.356128 (VIOLATED)
fanout1545/A                            0.750000    1.105355   -0.355355 (VIOLATED)
fanout1544/A                            0.750000    1.105217   -0.355217 (VIOLATED)
fanout1546/X                            0.750000    1.105217   -0.355217 (VIOLATED)
_12263_/A                               0.750000    1.077815   -0.327815 (VIOLATED)
fanout1700/A                            0.750000    1.077788   -0.327788 (VIOLATED)
ANTENNA_51/DIODE                        0.750000    1.077670   -0.327670 (VIOLATED)
_14776_/A                               0.750000    1.077670   -0.327670 (VIOLATED)
_10564_/A                               0.750000    1.077535   -0.327535 (VIOLATED)
_10565_/A                               0.750000    1.077536   -0.327536 (VIOLATED)
_09985_/A1                              0.750000    1.077535   -0.327535 (VIOLATED)
_12072_/B1                              0.750000    1.077535   -0.327535 (VIOLATED)
_10022_/A                               0.750000    1.077533   -0.327533 (VIOLATED)
fanout1701/X                            0.750000    1.077533   -0.327533 (VIOLATED)
_15169_/A2                              0.750000    1.076275   -0.326275 (VIOLATED)
_15168_/A2                              0.750000    1.076271   -0.326271 (VIOLATED)
_15472_/A2                              0.750000    1.076269   -0.326269 (VIOLATED)
_15571_/B                               0.750000    1.076269   -0.326269 (VIOLATED)
_14831_/A2                              0.750000    1.076245   -0.326245 (VIOLATED)
_13902_/B                               0.750000    1.076191   -0.326191 (VIOLATED)
_14463_/A2                              0.750000    1.076179   -0.326179 (VIOLATED)
_13901_/B                               0.750000    1.076178   -0.326178 (VIOLATED)
_13903_/A2                              0.750000    1.076174   -0.326174 (VIOLATED)
_13904_/A2                              0.750000    1.076173   -0.326173 (VIOLATED)
fanout1237/X                            0.750000    1.076173   -0.326173 (VIOLATED)
_12701_/A                               0.750000    1.073118   -0.323118 (VIOLATED)
_12702_/A                               0.750000    1.073117   -0.323117 (VIOLATED)
_12690_/A                               0.750000    1.073110   -0.323110 (VIOLATED)
_12143_/A                               0.750000    1.073099   -0.323100 (VIOLATED)
_12162_/A                               0.750000    1.073099   -0.323099 (VIOLATED)
_11875_/B1                              0.750000    1.072841   -0.322841 (VIOLATED)
_11871_/B1                              0.750000    1.072840   -0.322840 (VIOLATED)
fanout1756/A                            0.750000    1.072837   -0.322837 (VIOLATED)
fanout1757/X                            0.750000    1.072837   -0.322837 (VIOLATED)
_13089_/C1                              0.750000    1.055984   -0.305984 (VIOLATED)
_13075_/C1                              0.750000    1.055975   -0.305975 (VIOLATED)
_12765_/C1                              0.750000    1.055953   -0.305953 (VIOLATED)
_12778_/C1                              0.750000    1.055950   -0.305950 (VIOLATED)
fanout1277/A                            0.750000    1.055941   -0.305941 (VIOLATED)
_12845_/C1                              0.750000    1.055927   -0.305927 (VIOLATED)
_12806_/B                               0.750000    1.055927   -0.305927 (VIOLATED)
_12872_/B1                              0.750000    1.055869   -0.305869 (VIOLATED)
_12883_/B1                              0.750000    1.055869   -0.305869 (VIOLATED)
_12898_/B1                              0.750000    1.055869   -0.305869 (VIOLATED)
fanout1278/X                            0.750000    1.055869   -0.305869 (VIOLATED)
_18404_/B1                              0.750000    1.053788   -0.303788 (VIOLATED)
_18399_/A                               0.750000    1.053787   -0.303787 (VIOLATED)
_18387_/B1                              0.750000    1.053784   -0.303784 (VIOLATED)
_18353_/B1                              0.750000    1.053751   -0.303751 (VIOLATED)
_18348_/A                               0.750000    1.053747   -0.303747 (VIOLATED)
_18365_/A                               0.750000    1.053729   -0.303729 (VIOLATED)
_18337_/C                               0.750000    1.053693   -0.303693 (VIOLATED)
_18264_/A                               0.750000    1.053691   -0.303691 (VIOLATED)
_12398_/B                               0.750000    1.053659   -0.303659 (VIOLATED)
_11991_/C                               0.750000    1.053650   -0.303650 (VIOLATED)
fanout1588/X                            0.750000    1.053650   -0.303650 (VIOLATED)
_11615_/A1                              0.750000    1.041883   -0.291883 (VIOLATED)
_11614_/A1                              0.750000    1.041881   -0.291881 (VIOLATED)
_11154_/B1                              0.750000    1.041866   -0.291866 (VIOLATED)
_11556_/A1                              0.750000    1.041854   -0.291854 (VIOLATED)
_11557_/A1                              0.750000    1.041854   -0.291854 (VIOLATED)
_11898_/B1                              0.750000    1.041818   -0.291818 (VIOLATED)
_11834_/B1                              0.750000    1.041794   -0.291794 (VIOLATED)
_10665_/B1                              0.750000    1.041793   -0.291793 (VIOLATED)
_10783_/B1                              0.750000    1.041788   -0.291788 (VIOLATED)
_10727_/B1                              0.750000    1.041785   -0.291784 (VIOLATED)
fanout1853/X                            0.750000    1.041785   -0.291784 (VIOLATED)
_18268_/A1                              0.750000    1.027251   -0.277251 (VIOLATED)
_18026_/A1                              0.750000    1.027248   -0.277248 (VIOLATED)
_12783_/A3                              0.750000    1.027247   -0.277247 (VIOLATED)
_17895_/A1                              0.750000    1.027236   -0.277236 (VIOLATED)
_17940_/A0                              0.750000    1.027233   -0.277233 (VIOLATED)
_17522_/A1                              0.750000    1.027223   -0.277223 (VIOLATED)
_17785_/A1                              0.750000    1.027221   -0.277221 (VIOLATED)
_17394_/A1                              0.750000    1.027218   -0.277218 (VIOLATED)
_17646_/B1                              0.750000    1.027214   -0.277214 (VIOLATED)
_17907_/A0                              0.750000    1.027199   -0.277199 (VIOLATED)
fanout1025/X                            0.750000    1.027199   -0.277199 (VIOLATED)
_09935_/A1                              0.750000    1.027166   -0.277166 (VIOLATED)
_09914_/A                               0.750000    1.027166   -0.277166 (VIOLATED)
_09936_/A1                              0.750000    1.027162   -0.277162 (VIOLATED)
_09947_/A_N                             0.750000    1.027133   -0.277133 (VIOLATED)
_09938_/A                               0.750000    1.027131   -0.277131 (VIOLATED)
_09928_/C                               0.750000    1.027118   -0.277118 (VIOLATED)
_09929_/C                               0.750000    1.027105   -0.277105 (VIOLATED)
_09997_/A1                              0.750000    1.027085   -0.277085 (VIOLATED)
_18266_/A0                              0.750000    1.026410   -0.276410 (VIOLATED)
_19504_/A                               0.750000    1.026393   -0.276393 (VIOLATED)
fanout2307/X                            0.750000    1.026390   -0.276390 (VIOLATED)
_11239_/A                               0.750000    1.022485   -0.272485 (VIOLATED)
_11369_/A1                              0.750000    1.022483   -0.272483 (VIOLATED)
_10088_/A1                              0.750000    1.022477   -0.272477 (VIOLATED)
_11172_/A                               0.750000    1.022474   -0.272474 (VIOLATED)
_10391_/A                               0.750000    1.022400   -0.272401 (VIOLATED)
_10274_/A                               0.750000    1.022400   -0.272400 (VIOLATED)
_10924_/A                               0.750000    1.022365   -0.272365 (VIOLATED)
_10621_/A                               0.750000    1.022341   -0.272341 (VIOLATED)
_10874_/A                               0.750000    1.022337   -0.272337 (VIOLATED)
_10683_/A                               0.750000    1.022323   -0.272323 (VIOLATED)
fanout1900/X                            0.750000    1.022323   -0.272323 (VIOLATED)
_10574_/B2                              0.750000    1.022309   -0.272309 (VIOLATED)
_13306_/B                               0.750000    1.022275   -0.272275 (VIOLATED)
_16394_/B                               0.750000    1.022272   -0.272272 (VIOLATED)
_16562_/B                               0.750000    1.022259   -0.272259 (VIOLATED)
_13305_/B                               0.750000    1.022258   -0.272258 (VIOLATED)
_16393_/B                               0.750000    1.022251   -0.272251 (VIOLATED)
_16596_/B                               0.750000    1.022226   -0.272226 (VIOLATED)
_12065_/D                               0.750000    1.022200   -0.272200 (VIOLATED)
_18296_/A0                              0.750000    1.021747   -0.271747 (VIOLATED)
_19532_/A1                              0.750000    1.021720   -0.271720 (VIOLATED)
fanout2301/X                            0.750000    1.021720   -0.271720 (VIOLATED)
_09843_/A                               0.750000    1.019953   -0.269953 (VIOLATED)
_18618_/A1                              0.750000    1.019929   -0.269929 (VIOLATED)
_18621_/A1                              0.750000    1.019926   -0.269926 (VIOLATED)
_18617_/A1                              0.750000    1.019926   -0.269926 (VIOLATED)
_16257_/A1                              0.750000    1.019924   -0.269924 (VIOLATED)
_13463_/A                               0.750000    1.019920   -0.269920 (VIOLATED)
_14410_/A1                              0.750000    1.019904   -0.269904 (VIOLATED)
_12348_/A                               0.750000    1.019901   -0.269901 (VIOLATED)
_10021_/A2                              0.750000    1.019530   -0.269530 (VIOLATED)
fanout2287/A                            0.750000    1.019418   -0.269419 (VIOLATED)
fanout2288/X                            0.750000    1.019418   -0.269419 (VIOLATED)
_14955_/A2                              0.750000    1.017620   -0.267620 (VIOLATED)
_14592_/A2                              0.750000    1.017614   -0.267614 (VIOLATED)
_14593_/A2                              0.750000    1.017607   -0.267607 (VIOLATED)
_18059_/A2                              0.750000    1.017593   -0.267593 (VIOLATED)
_18000_/B1                              0.750000    1.017591   -0.267591 (VIOLATED)
_18050_/A2                              0.750000    1.017590   -0.267590 (VIOLATED)
_17970_/C1                              0.750000    1.017588   -0.267588 (VIOLATED)
_18006_/C1                              0.750000    1.017584   -0.267584 (VIOLATED)
_18038_/A2                              0.750000    1.017579   -0.267579 (VIOLATED)
_18041_/A2                              0.750000    1.017569   -0.267569 (VIOLATED)
_13581_/B                               0.750000    1.017567   -0.267567 (VIOLATED)
_17975_/A2                              0.750000    1.017565   -0.267565 (VIOLATED)
_18013_/B1                              0.750000    1.017543   -0.267543 (VIOLATED)
_15455_/A                               0.750000    1.017541   -0.267541 (VIOLATED)
_15647_/A                               0.750000    1.017534   -0.267534 (VIOLATED)
_15648_/A                               0.750000    1.017532   -0.267532 (VIOLATED)
_17997_/A2                              0.750000    1.017530   -0.267530 (VIOLATED)
fanout1140/X                            0.750000    1.017530   -0.267530 (VIOLATED)
_15552_/A                               0.750000    1.017517   -0.267517 (VIOLATED)
_15256_/A                               0.750000    1.017499   -0.267499 (VIOLATED)
_14002_/A2                              0.750000    1.017499   -0.267499 (VIOLATED)
_14001_/A2                              0.750000    1.017498   -0.267498 (VIOLATED)
_15156_/A                               0.750000    1.017428   -0.267428 (VIOLATED)
_15039_/A                               0.750000    1.017403   -0.267403 (VIOLATED)
_13767_/A2                              0.750000    1.017371   -0.267371 (VIOLATED)
_13583_/A2                              0.750000    1.017346   -0.267346 (VIOLATED)
_13584_/A2                              0.750000    1.017347   -0.267347 (VIOLATED)
_13582_/B                               0.750000    1.017326   -0.267326 (VIOLATED)
fanout1255/X                            0.750000    1.017326   -0.267326 (VIOLATED)
_14013_/B                               0.750000    1.017252   -0.267252 (VIOLATED)
_14014_/C                               0.750000    1.017252   -0.267252 (VIOLATED)
_14099_/A2                              0.750000    1.017250   -0.267250 (VIOLATED)
fanout1160/X                            0.750000    1.017250   -0.267250 (VIOLATED)
_12063_/A                               0.750000    1.006107   -0.256107 (VIOLATED)
_12061_/A                               0.750000    1.006106   -0.256106 (VIOLATED)
_12057_/A                               0.750000    1.006103   -0.256103 (VIOLATED)
_12139_/A1                              0.750000    1.006085   -0.256085 (VIOLATED)
_11321_/B1                              0.750000    1.005968   -0.255968 (VIOLATED)
_11510_/B1                              0.750000    1.005968   -0.255968 (VIOLATED)
_11516_/B1                              0.750000    1.005968   -0.255968 (VIOLATED)
_11323_/B1                              0.750000    1.005965   -0.255965 (VIOLATED)
_11319_/B1                              0.750000    1.005960   -0.255960 (VIOLATED)
_11325_/B1                              0.750000    1.005960   -0.255960 (VIOLATED)
fanout1773/X                            0.750000    1.005960   -0.255960 (VIOLATED)
fanout1987/A                            0.750000    0.999163   -0.249163 (VIOLATED)
fanout1985/A                            0.750000    0.999152   -0.249152 (VIOLATED)
fanout1992/A                            0.750000    0.999128   -0.249128 (VIOLATED)
fanout2024/A                            0.750000    0.999118   -0.249118 (VIOLATED)
fanout2003/A                            0.750000    0.999115   -0.249115 (VIOLATED)
fanout2019/A                            0.750000    0.999113   -0.249113 (VIOLATED)
fanout2013/A                            0.750000    0.999107   -0.249107 (VIOLATED)
fanout2026/X                            0.750000    0.999106   -0.249106 (VIOLATED)
_10649_/A1                              0.750000    0.989486   -0.239486 (VIOLATED)
_11381_/A                               0.750000    0.989474   -0.239474 (VIOLATED)
_11124_/B1                              0.750000    0.989458   -0.239458 (VIOLATED)
_10699_/B1                              0.750000    0.989439   -0.239439 (VIOLATED)
_10455_/B                               0.750000    0.989431   -0.239431 (VIOLATED)
_10458_/B                               0.750000    0.989428   -0.239428 (VIOLATED)
fanout1953/X                            0.750000    0.989428   -0.239428 (VIOLATED)
_13095_/A3                              0.750000    0.988716   -0.238716 (VIOLATED)
_18095_/A1                              0.750000    0.988715   -0.238715 (VIOLATED)
_13150_/A1                              0.750000    0.988714   -0.238715 (VIOLATED)
_18413_/A1                              0.750000    0.988690   -0.238690 (VIOLATED)
_17482_/A1                              0.750000    0.988601   -0.238601 (VIOLATED)
_17746_/A1                              0.750000    0.988600   -0.238600 (VIOLATED)
_17873_/A1                              0.750000    0.988595   -0.238595 (VIOLATED)
_17608_/A1                              0.750000    0.988590   -0.238590 (VIOLATED)
_17963_/A0                              0.750000    0.988555   -0.238556 (VIOLATED)
_17930_/A0                              0.750000    0.988553   -0.238553 (VIOLATED)
fanout926/X                             0.750000    0.988553   -0.238553 (VIOLATED)
_12805_/B1                              0.750000    0.987372   -0.237372 (VIOLATED)
_12873_/B1                              0.750000    0.987358   -0.237358 (VIOLATED)
_12899_/B1                              0.750000    0.987358   -0.237358 (VIOLATED)
_12841_/B1                              0.750000    0.987342   -0.237342 (VIOLATED)
_12777_/B1                              0.750000    0.987305   -0.237305 (VIOLATED)
_12765_/A2                              0.750000    0.987302   -0.237302 (VIOLATED)
_12720_/A2                              0.750000    0.987289   -0.237289 (VIOLATED)
fanout1280/A                            0.750000    0.987224   -0.237224 (VIOLATED)
fanout1281/X                            0.750000    0.987221   -0.237221 (VIOLATED)
_10651_/B2                              0.750000    0.981935   -0.231935 (VIOLATED)
_16393_/A                               0.750000    0.981919   -0.231919 (VIOLATED)
_13306_/A_N                             0.750000    0.981917   -0.231917 (VIOLATED)
_13305_/A_N                             0.750000    0.981916   -0.231916 (VIOLATED)
_16394_/A                               0.750000    0.981916   -0.231916 (VIOLATED)
_16562_/A                               0.750000    0.981915   -0.231915 (VIOLATED)
_16596_/A                               0.750000    0.981895   -0.231895 (VIOLATED)
_12065_/C                               0.750000    0.981884   -0.231884 (VIOLATED)
_18288_/A0                              0.750000    0.981734   -0.231734 (VIOLATED)
_19526_/A1                              0.750000    0.981695   -0.231695 (VIOLATED)
fanout2302/X                            0.750000    0.981695   -0.231695 (VIOLATED)
_17498_/A1                              0.750000    0.975619   -0.225619 (VIOLATED)
_13253_/D                               0.750000    0.975614   -0.225614 (VIOLATED)
_17370_/A1                              0.750000    0.975614   -0.225614 (VIOLATED)
_17975_/B2                              0.750000    0.975614   -0.225614 (VIOLATED)
_18225_/A1                              0.750000    0.975610   -0.225610 (VIOLATED)
_18123_/A0                              0.750000    0.975603   -0.225603 (VIOLATED)
_13296_/A0                              0.750000    0.975582   -0.225582 (VIOLATED)
_13289_/A0                              0.750000    0.975574   -0.225574 (VIOLATED)
_17901_/A0                              0.750000    0.975574   -0.225574 (VIOLATED)
_17934_/A0                              0.750000    0.975572   -0.225572 (VIOLATED)
fanout1020/X                            0.750000    0.975572   -0.225572 (VIOLATED)
_12494_/A2                              0.750000    0.971367   -0.221367 (VIOLATED)
_12473_/A2                              0.750000    0.971356   -0.221356 (VIOLATED)
_12436_/A2                              0.750000    0.971355   -0.221355 (VIOLATED)
_12445_/A2                              0.750000    0.971354   -0.221354 (VIOLATED)
_12441_/B1                              0.750000    0.971349   -0.221349 (VIOLATED)
_12462_/A2                              0.750000    0.971343   -0.221343 (VIOLATED)
_12457_/A2                              0.750000    0.971341   -0.221341 (VIOLATED)
_12452_/B1                              0.750000    0.971291   -0.221291 (VIOLATED)
_12490_/B1                              0.750000    0.971256   -0.221256 (VIOLATED)
_19045_/B1                              0.750000    0.971241   -0.221241 (VIOLATED)
fanout1031/X                            0.750000    0.971241   -0.221241 (VIOLATED)
_14790_/A2                              0.750000    0.969960   -0.219960 (VIOLATED)
_14746_/A                               0.750000    0.969958   -0.219958 (VIOLATED)
_09959_/B1                              0.750000    0.969938   -0.219938 (VIOLATED)
_12090_/A                               0.750000    0.969877   -0.219877 (VIOLATED)
_09976_/A                               0.750000    0.969876   -0.219876 (VIOLATED)
_09917_/B                               0.750000    0.969872   -0.219872 (VIOLATED)
_09994_/A                               0.750000    0.969868   -0.219868 (VIOLATED)
_10017_/A2                              0.750000    0.969853   -0.219853 (VIOLATED)
fanout1822/A                            0.750000    0.969655   -0.219655 (VIOLATED)
fanout1823/X                            0.750000    0.969655   -0.219655 (VIOLATED)
_17514_/A1                              0.750000    0.967710   -0.217710 (VIOLATED)
_17777_/A1                              0.750000    0.967707   -0.217707 (VIOLATED)
_17387_/A1                              0.750000    0.967699   -0.217699 (VIOLATED)
ANTENNA_94/DIODE                        0.750000    0.967690   -0.217690 (VIOLATED)
_17638_/B2                              0.750000    0.967686   -0.217686 (VIOLATED)
_18020_/A1                              0.750000    0.967597   -0.217597 (VIOLATED)
_12756_/A3                              0.750000    0.967596   -0.217596 (VIOLATED)
_18254_/A1                              0.750000    0.967594   -0.217594 (VIOLATED)
_17938_/A0                              0.750000    0.967583   -0.217583 (VIOLATED)
_17996_/B2                              0.750000    0.967578   -0.217578 (VIOLATED)
_18127_/A0                              0.750000    0.967575   -0.217575 (VIOLATED)
fanout1026/X                            0.750000    0.967575   -0.217575 (VIOLATED)
_14955_/A1                              0.750000    0.956009   -0.206009 (VIOLATED)
_14592_/A1                              0.750000    0.956004   -0.206004 (VIOLATED)
_14593_/A1                              0.750000    0.955999   -0.205999 (VIOLATED)
_13581_/A                               0.750000    0.955969   -0.205969 (VIOLATED)
_14002_/A1                              0.750000    0.955911   -0.205911 (VIOLATED)
_14001_/A1                              0.750000    0.955906   -0.205906 (VIOLATED)
_15920_/A                               0.750000    0.955838   -0.205838 (VIOLATED)
_15919_/A                               0.750000    0.955837   -0.205837 (VIOLATED)
_13582_/A                               0.750000    0.955833   -0.205833 (VIOLATED)
_15839_/A                               0.750000    0.955823   -0.205823 (VIOLATED)
_13767_/A1                              0.750000    0.955818   -0.205818 (VIOLATED)
_13583_/A1                              0.750000    0.955809   -0.205809 (VIOLATED)
_13584_/A1                              0.750000    0.955809   -0.205809 (VIOLATED)
fanout1256/X                            0.750000    0.955809   -0.205809 (VIOLATED)
_15742_/A                               0.750000    0.955809   -0.205809 (VIOLATED)
_15657_/A                               0.750000    0.955794   -0.205794 (VIOLATED)
_15563_/A                               0.750000    0.955772   -0.205772 (VIOLATED)
_15373_/B                               0.750000    0.955744   -0.205744 (VIOLATED)
_15268_/B                               0.750000    0.955723   -0.205723 (VIOLATED)
_15167_/B                               0.750000    0.955670   -0.205670 (VIOLATED)
_14283_/B                               0.750000    0.955495   -0.205495 (VIOLATED)
fanout1158/X                            0.750000    0.955495   -0.205495 (VIOLATED)
_18610_/A2                              0.750000    0.953912   -0.203912 (VIOLATED)
_18609_/A                               0.750000    0.953911   -0.203911 (VIOLATED)
_18974_/S                               0.750000    0.953872   -0.203872 (VIOLATED)
_18972_/S                               0.750000    0.953859   -0.203859 (VIOLATED)
_18990_/S                               0.750000    0.953831   -0.203831 (VIOLATED)
_18996_/S                               0.750000    0.953788   -0.203788 (VIOLATED)
_19031_/S                               0.750000    0.953782   -0.203782 (VIOLATED)
fanout1206/A                            0.750000    0.953782   -0.203782 (VIOLATED)
fanout1207/X                            0.750000    0.953782   -0.203782 (VIOLATED)
_10460_/A2                              0.750000    0.948242   -0.198242 (VIOLATED)
_11511_/B1                              0.750000    0.948230   -0.198230 (VIOLATED)
_11517_/B1                              0.750000    0.948219   -0.198219 (VIOLATED)
_11129_/A2                              0.750000    0.948218   -0.198218 (VIOLATED)
_11322_/B1                              0.750000    0.948197   -0.198197 (VIOLATED)
_11320_/B1                              0.750000    0.948196   -0.198196 (VIOLATED)
_11324_/B1                              0.750000    0.948195   -0.198195 (VIOLATED)
_11326_/B1                              0.750000    0.948194   -0.198194 (VIOLATED)
_10885_/A2                              0.750000    0.948185   -0.198185 (VIOLATED)
_10704_/A2                              0.750000    0.947938   -0.197938 (VIOLATED)
fanout1756/X                            0.750000    0.947938   -0.197938 (VIOLATED)
_18382_/B1                              0.750000    0.937190   -0.187190 (VIOLATED)
_18394_/B                               0.750000    0.937190   -0.187190 (VIOLATED)
_18377_/B                               0.750000    0.937172   -0.187172 (VIOLATED)
_18360_/C                               0.750000    0.937169   -0.187169 (VIOLATED)
_18370_/B1                              0.750000    0.937168   -0.187168 (VIOLATED)
_18329_/B1                              0.750000    0.937135   -0.187135 (VIOLATED)
_18335_/B1                              0.750000    0.937131   -0.187131 (VIOLATED)
_18343_/B                               0.750000    0.937127   -0.187127 (VIOLATED)
fanout1589/A                            0.750000    0.936997   -0.186997 (VIOLATED)
fanout1590/A                            0.750000    0.936992   -0.186992 (VIOLATED)
fanout1591/X                            0.750000    0.936992   -0.186992 (VIOLATED)
_13901_/A                               0.750000    0.925786   -0.175786 (VIOLATED)
_15169_/A1                              0.750000    0.925753   -0.175754 (VIOLATED)
_15571_/A                               0.750000    0.925738   -0.175738 (VIOLATED)
_15472_/A1                              0.750000    0.925737   -0.175737 (VIOLATED)
_15168_/A1                              0.750000    0.925730   -0.175730 (VIOLATED)
_14831_/A1                              0.750000    0.925653   -0.175653 (VIOLATED)
_13902_/A                               0.750000    0.925525   -0.175525 (VIOLATED)
_14463_/A1                              0.750000    0.925495   -0.175495 (VIOLATED)
_13903_/A1                              0.750000    0.925467   -0.175467 (VIOLATED)
_13904_/A1                              0.750000    0.925467   -0.175467 (VIOLATED)
fanout1238/X                            0.750000    0.925467   -0.175467 (VIOLATED)
_17474_/A1                              0.750000    0.924486   -0.174486 (VIOLATED)
_17601_/A                               0.750000    0.924477   -0.174477 (VIOLATED)
_13068_/A3                              0.750000    0.924437   -0.174437 (VIOLATED)
_18088_/B2                              0.750000    0.924437   -0.174437 (VIOLATED)
_18402_/A1                              0.750000    0.924437   -0.174437 (VIOLATED)
_17961_/A0                              0.750000    0.924436   -0.174436 (VIOLATED)
_13148_/A1                              0.750000    0.924433   -0.174433 (VIOLATED)
_17928_/A0                              0.750000    0.924433   -0.174433 (VIOLATED)
_18115_/A0                              0.750000    0.924433   -0.174433 (VIOLATED)
_18150_/A0                              0.750000    0.924433   -0.174433 (VIOLATED)
fanout928/X                             0.750000    0.924433   -0.174433 (VIOLATED)
_11716_/B1                              0.750000    0.921759   -0.171759 (VIOLATED)
_11775_/B1                              0.750000    0.921745   -0.171746 (VIOLATED)
_10199_/B1                              0.750000    0.921722   -0.171722 (VIOLATED)
_10081_/A                               0.750000    0.921663   -0.171663 (VIOLATED)
_10159_/A1                              0.750000    0.921636   -0.171636 (VIOLATED)
_10861_/B1                              0.750000    0.921599   -0.171599 (VIOLATED)
_10992_/A1                              0.750000    0.921593   -0.171594 (VIOLATED)
_11472_/B1                              0.750000    0.921588   -0.171588 (VIOLATED)
fanout1854/X                            0.750000    0.921588   -0.171588 (VIOLATED)
_17510_/A1                              0.750000    0.914730   -0.164730 (VIOLATED)
_17383_/A1                              0.750000    0.914725   -0.164725 (VIOLATED)
_12744_/A3                              0.750000    0.914690   -0.164690 (VIOLATED)
_17989_/A                               0.750000    0.914690   -0.164690 (VIOLATED)
_18247_/A1                              0.750000    0.914689   -0.164689 (VIOLATED)
_17937_/A0                              0.750000    0.914676   -0.164676 (VIOLATED)
_17904_/A0                              0.750000    0.914676   -0.164676 (VIOLATED)
_18126_/A0                              0.750000    0.914675   -0.164675 (VIOLATED)
_18220_/B1                              0.750000    0.914672   -0.164672 (VIOLATED)
_18121_/A0                              0.750000    0.914669   -0.164669 (VIOLATED)
fanout1027/X                            0.750000    0.914669   -0.164669 (VIOLATED)
_18032_/A1                              0.750000    0.914111   -0.164111 (VIOLATED)
_12813_/A3                              0.750000    0.914110   -0.164110 (VIOLATED)
_18283_/A1                              0.750000    0.914109   -0.164109 (VIOLATED)
_18131_/A0                              0.750000    0.914105   -0.164105 (VIOLATED)
_13129_/A1                              0.750000    0.914099   -0.164099 (VIOLATED)
_17530_/A1                              0.750000    0.914089   -0.164089 (VIOLATED)
_17793_/A1                              0.750000    0.914088   -0.164088 (VIOLATED)
_17402_/A1                              0.750000    0.914084   -0.164085 (VIOLATED)
_17655_/A1                              0.750000    0.914080   -0.164080 (VIOLATED)
_17909_/A0                              0.750000    0.914054   -0.164054 (VIOLATED)
fanout1023/X                            0.750000    0.914054   -0.164054 (VIOLATED)
_15751_/A                               0.750000    0.912663   -0.162663 (VIOLATED)
_15375_/A                               0.750000    0.912660   -0.162660 (VIOLATED)
_15041_/A                               0.750000    0.912657   -0.162657 (VIOLATED)
_14060_/B1                              0.750000    0.912654   -0.162655 (VIOLATED)
_14361_/A2                              0.750000    0.912653   -0.162653 (VIOLATED)
_14568_/B                               0.750000    0.912651   -0.162651 (VIOLATED)
_14357_/B                               0.750000    0.912651   -0.162651 (VIOLATED)
_14359_/B                               0.750000    0.912651   -0.162651 (VIOLATED)
_14688_/A2                              0.750000    0.912650   -0.162651 (VIOLATED)
_14690_/B                               0.750000    0.912423   -0.162423 (VIOLATED)
fanout1230/X                            0.750000    0.912423   -0.162423 (VIOLATED)
fanout2158/A                            0.750000    0.911535   -0.161535 (VIOLATED)
fanout2152/A                            0.750000    0.911527   -0.161527 (VIOLATED)
fanout2147/A                            0.750000    0.911521   -0.161521 (VIOLATED)
fanout2154/A                            0.750000    0.911515   -0.161515 (VIOLATED)
fanout2151/A                            0.750000    0.911469   -0.161469 (VIOLATED)
fanout2141/A                            0.750000    0.911415   -0.161415 (VIOLATED)
fanout2160/X                            0.750000    0.911415   -0.161415 (VIOLATED)
_11489_/A                               0.750000    0.910718   -0.160718 (VIOLATED)
_09851_/A                               0.750000    0.910714   -0.160714 (VIOLATED)
_10086_/A                               0.750000    0.910692   -0.160692 (VIOLATED)
_10085_/A                               0.750000    0.910685   -0.160685 (VIOLATED)
fanout1900/A                            0.750000    0.910684   -0.160684 (VIOLATED)
_12344_/A1                              0.750000    0.910609   -0.160609 (VIOLATED)
_18428_/A1                              0.750000    0.910609   -0.160609 (VIOLATED)
_18432_/A                               0.750000    0.910609   -0.160609 (VIOLATED)
_18451_/A                               0.750000    0.910609   -0.160609 (VIOLATED)
fanout1901/X                            0.750000    0.910609   -0.160609 (VIOLATED)
_13016_/B                               0.750000    0.902322   -0.152322 (VIOLATED)
_13034_/A2                              0.750000    0.902320   -0.152320 (VIOLATED)
_13083_/B                               0.750000    0.902298   -0.152298 (VIOLATED)
_13119_/A2                              0.750000    0.902289   -0.152289 (VIOLATED)
fanout1347/A                            0.750000    0.902237   -0.152237 (VIOLATED)
_13060_/A2                              0.750000    0.902191   -0.152191 (VIOLATED)
_13076_/A2                              0.750000    0.902190   -0.152190 (VIOLATED)
_13101_/A2                              0.750000    0.902186   -0.152186 (VIOLATED)
fanout1348/A                            0.750000    0.902183   -0.152183 (VIOLATED)
fanout1349/X                            0.750000    0.902183   -0.152183 (VIOLATED)
_12847_/A1                              0.750000    0.901213   -0.151213 (VIOLATED)
_12874_/A1                              0.750000    0.901208   -0.151208 (VIOLATED)
_12900_/A1                              0.750000    0.901206   -0.151206 (VIOLATED)
_13121_/A1                              0.750000    0.901170   -0.151170 (VIOLATED)
_12928_/A1                              0.750000    0.901147   -0.151147 (VIOLATED)
_13051_/A1                              0.750000    0.901127   -0.151127 (VIOLATED)
_13064_/A1                              0.750000    0.901126   -0.151126 (VIOLATED)
_12984_/A1                              0.750000    0.901116   -0.151116 (VIOLATED)
_13106_/A1                              0.750000    0.901038   -0.151038 (VIOLATED)
fanout1174/A                            0.750000    0.901000   -0.151000 (VIOLATED)
fanout1175/X                            0.750000    0.901000   -0.151000 (VIOLATED)
ANTENNA_107/DIODE                       0.750000    0.890498   -0.140498 (VIOLATED)
fanout1423/A                            0.750000    0.890498   -0.140498 (VIOLATED)
_14051_/A1                              0.750000    0.890457   -0.140457 (VIOLATED)
ANTENNA_106/DIODE                       0.750000    0.890457   -0.140457 (VIOLATED)
_14136_/A1                              0.750000    0.890400   -0.140400 (VIOLATED)
_13303_/A                               0.750000    0.890378   -0.140378 (VIOLATED)
_13304_/A                               0.750000    0.890369   -0.140369 (VIOLATED)
fanout1424/X                            0.750000    0.890369   -0.140369 (VIOLATED)
_16187_/A                               0.750000    0.884631   -0.134631 (VIOLATED)
_16008_/B                               0.750000    0.884628   -0.134628 (VIOLATED)
_15924_/B                               0.750000    0.884617   -0.134617 (VIOLATED)
_15843_/B                               0.750000    0.884584   -0.134584 (VIOLATED)
_15749_/B                               0.750000    0.884580   -0.134580 (VIOLATED)
_15663_/B                               0.750000    0.884552   -0.134552 (VIOLATED)
_15748_/A2                              0.750000    0.884535   -0.134535 (VIOLATED)
_15471_/B                               0.750000    0.884513   -0.134513 (VIOLATED)
_15569_/B                               0.750000    0.884498   -0.134498 (VIOLATED)
_14601_/B                               0.750000    0.884367   -0.134367 (VIOLATED)
fanout1153/X                            0.750000    0.884367   -0.134367 (VIOLATED)
_09991_/A                               0.750000    0.881443   -0.131443 (VIOLATED)
_09970_/B                               0.750000    0.881441   -0.131442 (VIOLATED)
_12136_/B                               0.750000    0.881389   -0.131389 (VIOLATED)
_12054_/A_N                             0.750000    0.881386   -0.131386 (VIOLATED)
_12141_/A                               0.750000    0.881379   -0.131380 (VIOLATED)
_12144_/A                               0.750000    0.881378   -0.131378 (VIOLATED)
_12120_/B                               0.750000    0.881372   -0.131372 (VIOLATED)
_12053_/A_N                             0.750000    0.881371   -0.131371 (VIOLATED)
_12111_/A_N                             0.750000    0.881371   -0.131371 (VIOLATED)
_19666_/A1                              0.750000    0.881364   -0.131364 (VIOLATED)
fanout1926/X                            0.750000    0.881363   -0.131363 (VIOLATED)
_18101_/A1                              0.750000    0.877023   -0.127023 (VIOLATED)
_13125_/A3                              0.750000    0.877023   -0.127023 (VIOLATED)
_18424_/A1                              0.750000    0.877022   -0.127022 (VIOLATED)
_13152_/A1                              0.750000    0.877019   -0.127019 (VIOLATED)
_17932_/A0                              0.750000    0.877011   -0.127011 (VIOLATED)
_18003_/B                               0.750000    0.876991   -0.126991 (VIOLATED)
_18000_/A2                              0.750000    0.876987   -0.126987 (VIOLATED)
_18154_/A0                              0.750000    0.876980   -0.126980 (VIOLATED)
_17490_/A1                              0.750000    0.876978   -0.126978 (VIOLATED)
_17965_/A0                              0.750000    0.876976   -0.126977 (VIOLATED)
fanout924/X                             0.750000    0.876976   -0.126977 (VIOLATED)
_13136_/A2                              0.750000    0.870286   -0.120286 (VIOLATED)
_13135_/A2                              0.750000    0.870286   -0.120286 (VIOLATED)
_13134_/A2                              0.750000    0.870280   -0.120280 (VIOLATED)
_13133_/A2                              0.750000    0.870274   -0.120274 (VIOLATED)
_13131_/A2                              0.750000    0.870269   -0.120269 (VIOLATED)
_13130_/A2                              0.750000    0.870268   -0.120268 (VIOLATED)
_13129_/A2                              0.750000    0.870257   -0.120258 (VIOLATED)
_13132_/A2                              0.750000    0.870243   -0.120243 (VIOLATED)
fanout427/A                             0.750000    0.870236   -0.120236 (VIOLATED)
_13127_/B1                              0.750000    0.870228   -0.120228 (VIOLATED)
fanout428/X                             0.750000    0.870226   -0.120226 (VIOLATED)
_17502_/A1                              0.750000    0.859089   -0.109089 (VIOLATED)
_17375_/A1                              0.750000    0.859083   -0.109083 (VIOLATED)
_18124_/A0                              0.750000    0.859055   -0.109055 (VIOLATED)
_17977_/A                               0.750000    0.859053   -0.109053 (VIOLATED)
_17980_/A1                              0.750000    0.859053   -0.109053 (VIOLATED)
_17978_/A                               0.750000    0.859051   -0.109051 (VIOLATED)
_18232_/A1                              0.750000    0.859047   -0.109047 (VIOLATED)
_12713_/B                               0.750000    0.859045   -0.109045 (VIOLATED)
_17902_/A0                              0.750000    0.859034   -0.109034 (VIOLATED)
_17935_/A0                              0.750000    0.859034   -0.109034 (VIOLATED)
fanout1028/X                            0.750000    0.859034   -0.109034 (VIOLATED)
_17466_/A1                              0.750000    0.854539   -0.104539 (VIOLATED)
_17728_/B2                              0.750000    0.854538   -0.104538 (VIOLATED)
_17592_/A1                              0.750000    0.854519   -0.104519 (VIOLATED)
_18083_/A1                              0.750000    0.854421   -0.104421 (VIOLATED)
_13041_/A3                              0.750000    0.854420   -0.104420 (VIOLATED)
_13146_/A1                              0.750000    0.854420   -0.104420 (VIOLATED)
_17926_/A0                              0.750000    0.854420   -0.104420 (VIOLATED)
_17959_/A0                              0.750000    0.854420   -0.104420 (VIOLATED)
_18148_/A0                              0.750000    0.854419   -0.104419 (VIOLATED)
_18390_/A1                              0.750000    0.854418   -0.104418 (VIOLATED)
fanout929/X                             0.750000    0.854418   -0.104418 (VIOLATED)
_12828_/B1                              0.750000    0.853548   -0.103548 (VIOLATED)
_12817_/B1                              0.750000    0.853547   -0.103547 (VIOLATED)
_12856_/A2                              0.750000    0.853542   -0.103542 (VIOLATED)
_12993_/A2                              0.750000    0.853538   -0.103538 (VIOLATED)
_13248_/A2                              0.750000    0.853523   -0.103523 (VIOLATED)
_18221_/A1                              0.750000    0.853521   -0.103521 (VIOLATED)
_18222_/A1                              0.750000    0.853520   -0.103520 (VIOLATED)
_12709_/A2                              0.750000    0.853500   -0.103500 (VIOLATED)
_12738_/A2                              0.750000    0.853499   -0.103499 (VIOLATED)
_12148_/A                               0.750000    0.853495   -0.103495 (VIOLATED)
fanout1344/X                            0.750000    0.853495   -0.103495 (VIOLATED)
_15569_/A                               0.750000    0.851495   -0.101495 (VIOLATED)
_15665_/A                               0.750000    0.851492   -0.101492 (VIOLATED)
_15664_/B2                              0.750000    0.851491   -0.101491 (VIOLATED)
_15374_/A1                              0.750000    0.851478   -0.101478 (VIOLATED)
_15268_/A                               0.750000    0.851468   -0.101468 (VIOLATED)
_15043_/A1                              0.750000    0.851465   -0.101465 (VIOLATED)
_15040_/A                               0.750000    0.851463   -0.101463 (VIOLATED)
_14817_/A2                              0.750000    0.851361   -0.101361 (VIOLATED)
_14058_/B                               0.750000    0.851215   -0.101215 (VIOLATED)
_14059_/D                               0.750000    0.851200   -0.101200 (VIOLATED)
fanout1229/X                            0.750000    0.851200   -0.101200 (VIOLATED)
_12270_/C1                              0.750000    0.847788   -0.097788 (VIOLATED)
_09927_/B                               0.750000    0.847787   -0.097787 (VIOLATED)
_12090_/B                               0.750000    0.847781   -0.097781 (VIOLATED)
_12178_/C_N                             0.750000    0.847755   -0.097755 (VIOLATED)
_12004_/A                               0.750000    0.847733   -0.097733 (VIOLATED)
_12181_/A                               0.750000    0.847717   -0.097717 (VIOLATED)
fanout1870/A                            0.750000    0.847640   -0.097640 (VIOLATED)
fanout1871/X                            0.750000    0.847639   -0.097639 (VIOLATED)
_12829_/A2                              0.750000    0.844448   -0.094448 (VIOLATED)
_12866_/B                               0.750000    0.844448   -0.094448 (VIOLATED)
_12817_/A2                              0.750000    0.844448   -0.094448 (VIOLATED)
_12857_/A2                              0.750000    0.844447   -0.094447 (VIOLATED)
_12841_/A2                              0.750000    0.844446   -0.094446 (VIOLATED)
_12896_/A2                              0.750000    0.844446   -0.094446 (VIOLATED)
_12906_/B                               0.750000    0.844446   -0.094446 (VIOLATED)
_12953_/A2                              0.750000    0.844446   -0.094446 (VIOLATED)
_12967_/A2                              0.750000    0.844446   -0.094446 (VIOLATED)
_12997_/A2                              0.750000    0.844446   -0.094446 (VIOLATED)
fanout1347/X                            0.750000    0.844446   -0.094446 (VIOLATED)
_18035_/A1                              0.750000    0.827395   -0.077396 (VIOLATED)
_12825_/A3                              0.750000    0.827393   -0.077393 (VIOLATED)
_18291_/A1                              0.750000    0.827390   -0.077390 (VIOLATED)
_13130_/A1                              0.750000    0.827382   -0.077382 (VIOLATED)
_17943_/A0                              0.750000    0.827370   -0.077370 (VIOLATED)
_18132_/A0                              0.750000    0.827364   -0.077364 (VIOLATED)
_17910_/A0                              0.750000    0.827350   -0.077350 (VIOLATED)
_17660_/A1                              0.750000    0.827015   -0.077015 (VIOLATED)
_17406_/A1                              0.750000    0.827001   -0.077001 (VIOLATED)
_17534_/A1                              0.750000    0.826998   -0.076998 (VIOLATED)
fanout942/X                             0.750000    0.826998   -0.076998 (VIOLATED)
_15053_/A2                              0.750000    0.824290   -0.074290 (VIOLATED)
_13822_/B                               0.750000    0.824289   -0.074289 (VIOLATED)
_14703_/A2                              0.750000    0.824281   -0.074281 (VIOLATED)
_14702_/A2                              0.750000    0.824279   -0.074279 (VIOLATED)
_13823_/B                               0.750000    0.824244   -0.074244 (VIOLATED)
_14366_/A2                              0.750000    0.824224   -0.074224 (VIOLATED)
_14365_/A2                              0.750000    0.824221   -0.074221 (VIOLATED)
_13992_/A2                              0.750000    0.824189   -0.074189 (VIOLATED)
_13824_/A2                              0.750000    0.824186   -0.074186 (VIOLATED)
_13825_/A2                              0.750000    0.824176   -0.074176 (VIOLATED)
fanout1241/X                            0.750000    0.824176   -0.074176 (VIOLATED)
_18997_/S                               0.750000    0.820449   -0.070449 (VIOLATED)
_18995_/S                               0.750000    0.820440   -0.070440 (VIOLATED)
_18989_/S                               0.750000    0.820433   -0.070433 (VIOLATED)
_18991_/S                               0.750000    0.820423   -0.070423 (VIOLATED)
_18985_/S                               0.750000    0.820412   -0.070412 (VIOLATED)
_18987_/S                               0.750000    0.820411   -0.070411 (VIOLATED)
_18977_/S                               0.750000    0.820398   -0.070398 (VIOLATED)
_18973_/S                               0.750000    0.820397   -0.070397 (VIOLATED)
_18975_/S                               0.750000    0.820397   -0.070397 (VIOLATED)
_18971_/S                               0.750000    0.820389   -0.070389 (VIOLATED)
fanout1036/X                            0.750000    0.820389   -0.070389 (VIOLATED)
_18117_/S                               0.750000    0.818166   -0.068166 (VIOLATED)
_18116_/S                               0.750000    0.818162   -0.068162 (VIOLATED)
_18115_/S                               0.750000    0.818157   -0.068157 (VIOLATED)
_18104_/S                               0.750000    0.818117   -0.068117 (VIOLATED)
fanout380/A                             0.750000    0.818108   -0.068108 (VIOLATED)
_18110_/S                               0.750000    0.818089   -0.068089 (VIOLATED)
_18119_/S                               0.750000    0.818060   -0.068060 (VIOLATED)
_18120_/S                               0.750000    0.818060   -0.068060 (VIOLATED)
_18121_/S                               0.750000    0.818060   -0.068060 (VIOLATED)
fanout381/X                             0.750000    0.818060   -0.068060 (VIOLATED)
_17429_/A1                              0.750000    0.815367   -0.065367 (VIOLATED)
_17556_/A1                              0.750000    0.815361   -0.065361 (VIOLATED)
_18053_/A1                              0.750000    0.815328   -0.065328 (VIOLATED)
_12904_/A3                              0.750000    0.815328   -0.065328 (VIOLATED)
_18333_/A1                              0.750000    0.815325   -0.065325 (VIOLATED)
_13136_/A1                              0.750000    0.815324   -0.065324 (VIOLATED)
_17949_/A0                              0.750000    0.815321   -0.065321 (VIOLATED)
_17916_/A0                              0.750000    0.815319   -0.065319 (VIOLATED)
_13294_/A0                              0.750000    0.815318   -0.065318 (VIOLATED)
_18138_/A0                              0.750000    0.815105   -0.065105 (VIOLATED)
fanout937/X                             0.750000    0.815105   -0.065105 (VIOLATED)
_15053_/A1                              0.750000    0.811991   -0.061991 (VIOLATED)
_13822_/A                               0.750000    0.811990   -0.061990 (VIOLATED)
_14703_/A1                              0.750000    0.811984   -0.061984 (VIOLATED)
_14702_/A1                              0.750000    0.811982   -0.061982 (VIOLATED)
_13823_/A                               0.750000    0.811952   -0.061952 (VIOLATED)
_14365_/A1                              0.750000    0.811935   -0.061935 (VIOLATED)
_14366_/A1                              0.750000    0.811931   -0.061931 (VIOLATED)
_13992_/A1                              0.750000    0.811907   -0.061907 (VIOLATED)
_13825_/A1                              0.750000    0.811897   -0.061897 (VIOLATED)
_13824_/A1                              0.750000    0.811895   -0.061895 (VIOLATED)
fanout1242/X                            0.750000    0.811895   -0.061895 (VIOLATED)
_17582_/A1                              0.750000    0.809173   -0.059173 (VIOLATED)
_17456_/A1                              0.750000    0.809171   -0.059171 (VIOLATED)
_12500_/A2                              0.750000    0.809137   -0.059137 (VIOLATED)
_12484_/A2                              0.750000    0.809136   -0.059136 (VIOLATED)
_12479_/A2                              0.750000    0.809132   -0.059132 (VIOLATED)
_12510_/A2                              0.750000    0.809083   -0.059083 (VIOLATED)
_17956_/A0                              0.750000    0.809061   -0.059061 (VIOLATED)
_18110_/A0                              0.750000    0.809059   -0.059059 (VIOLATED)
_17923_/A0                              0.750000    0.809045   -0.059045 (VIOLATED)
_12837_/A3                              0.750000    0.809037   -0.059037 (VIOLATED)
_12467_/A2                              0.750000    0.809037   -0.059037 (VIOLATED)
_18037_/B2                              0.750000    0.809036   -0.059036 (VIOLATED)
_18298_/A1                              0.750000    0.809031   -0.059031 (VIOLATED)
_13131_/A1                              0.750000    0.809027   -0.059027 (VIOLATED)
_18133_/A0                              0.750000    0.809018   -0.059018 (VIOLATED)
_17911_/A0                              0.750000    0.809017   -0.059017 (VIOLATED)
_17944_/A0                              0.750000    0.809016   -0.059016 (VIOLATED)
_18073_/B2                              0.750000    0.808983   -0.058983 (VIOLATED)
_18145_/A0                              0.750000    0.808982   -0.058983 (VIOLATED)
_13001_/A3                              0.750000    0.808979   -0.058979 (VIOLATED)
_13143_/A1                              0.750000    0.808974   -0.058974 (VIOLATED)
_18373_/A1                              0.750000    0.808970   -0.058970 (VIOLATED)
fanout932/X                             0.750000    0.808970   -0.058970 (VIOLATED)
_12417_/B1                              0.750000    0.808940   -0.058941 (VIOLATED)
_12426_/B1                              0.750000    0.808941   -0.058941 (VIOLATED)
_12406_/B1                              0.750000    0.808929   -0.058929 (VIOLATED)
_12392_/B1                              0.750000    0.808923   -0.058923 (VIOLATED)
_12365_/B1                              0.750000    0.808919   -0.058920 (VIOLATED)
fanout1093/X                            0.750000    0.808919   -0.058920 (VIOLATED)
_17664_/B1                              0.750000    0.808805   -0.058805 (VIOLATED)
_17410_/A1                              0.750000    0.808803   -0.058803 (VIOLATED)
_17538_/A1                              0.750000    0.808802   -0.058802 (VIOLATED)
fanout941/X                             0.750000    0.808802   -0.058802 (VIOLATED)
_11730_/A1                              0.750000    0.808100   -0.058100 (VIOLATED)
_11672_/A1                              0.750000    0.808100   -0.058100 (VIOLATED)
_14099_/B2                              0.750000    0.808079   -0.058079 (VIOLATED)
_14284_/A                               0.750000    0.808078   -0.058078 (VIOLATED)
_14285_/A1                              0.750000    0.808078   -0.058078 (VIOLATED)
_11558_/A1                              0.750000    0.808078   -0.058078 (VIOLATED)
_11854_/A1                              0.750000    0.808071   -0.058071 (VIOLATED)
_10801_/A1                              0.750000    0.808069   -0.058069 (VIOLATED)
_10740_/A2                              0.750000    0.808066   -0.058066 (VIOLATED)
_14389_/B2                              0.750000    0.808066   -0.058066 (VIOLATED)
_10684_/A1                              0.750000    0.808063   -0.058063 (VIOLATED)
_14283_/A                               0.750000    0.808059   -0.058059 (VIOLATED)
_11972_/A1                              0.750000    0.808055   -0.058055 (VIOLATED)
_10084_/A                               0.750000    0.808044   -0.058044 (VIOLATED)
_18627_/A                               0.750000    0.808038   -0.058038 (VIOLATED)
fanout1802/X                            0.750000    0.808038   -0.058038 (VIOLATED)
_14490_/A1                              0.750000    0.808027   -0.058027 (VIOLATED)
_14492_/A                               0.750000    0.808016   -0.058016 (VIOLATED)
_14601_/A                               0.750000    0.807992   -0.057992 (VIOLATED)
_14721_/A                               0.750000    0.807962   -0.057962 (VIOLATED)
fanout1166/A                            0.750000    0.807822   -0.057822 (VIOLATED)
fanout1167/X                            0.750000    0.807822   -0.057822 (VIOLATED)
_19362_/A1                              0.750000    0.806949   -0.056949 (VIOLATED)
_19589_/A                               0.750000    0.806945   -0.056945 (VIOLATED)
_19369_/S                               0.750000    0.806943   -0.056943 (VIOLATED)
_19370_/S                               0.750000    0.806941   -0.056941 (VIOLATED)
_19603_/A1                              0.750000    0.806936   -0.056936 (VIOLATED)
_19606_/S                               0.750000    0.806917   -0.056917 (VIOLATED)
_19595_/S                               0.750000    0.806912   -0.056912 (VIOLATED)
_19692_/S                               0.750000    0.806757   -0.056757 (VIOLATED)
_19700_/S                               0.750000    0.806743   -0.056743 (VIOLATED)
fanout1859/A                            0.750000    0.806742   -0.056742 (VIOLATED)
fanout1860/X                            0.750000    0.806742   -0.056742 (VIOLATED)
_18262_/A2                              0.750000    0.803552   -0.053552 (VIOLATED)
_18269_/A2                              0.750000    0.803551   -0.053551 (VIOLATED)
_18248_/A2                              0.750000    0.803539   -0.053539 (VIOLATED)
_18233_/A2                              0.750000    0.803531   -0.053531 (VIOLATED)
_18414_/A2                              0.750000    0.803524   -0.053524 (VIOLATED)
_18420_/A2                              0.750000    0.803516   -0.053516 (VIOLATED)
fanout364/A                             0.750000    0.803508   -0.053508 (VIOLATED)
fanout365/X                             0.750000    0.803508   -0.053508 (VIOLATED)
_11559_/A1                              0.750000    0.801000   -0.051000 (VIOLATED)
_11853_/A                               0.750000    0.800998   -0.050998 (VIOLATED)
_10161_/A1                              0.750000    0.800996   -0.050996 (VIOLATED)
_11427_/A1                              0.750000    0.800996   -0.050996 (VIOLATED)
_11731_/A1                              0.750000    0.800996   -0.050996 (VIOLATED)
_11792_/A1                              0.750000    0.800996   -0.050996 (VIOLATED)
_11915_/A1                              0.750000    0.800996   -0.050996 (VIOLATED)
fanout1806/A                            0.750000    0.800996   -0.050996 (VIOLATED)
fanout1807/X                            0.750000    0.800996   -0.050996 (VIOLATED)
fanout2198/A                            0.750000    0.799018   -0.049018 (VIOLATED)
fanout2196/A                            0.750000    0.798987   -0.048987 (VIOLATED)
fanout2195/A                            0.750000    0.798950   -0.048950 (VIOLATED)
fanout2193/A                            0.750000    0.798931   -0.048931 (VIOLATED)
fanout2192/A                            0.750000    0.798805   -0.048805 (VIOLATED)
fanout2199/X                            0.750000    0.798804   -0.048804 (VIOLATED)
_13887_/A                               0.750000    0.797046   -0.047046 (VIOLATED)
_14884_/A                               0.750000    0.797045   -0.047045 (VIOLATED)
_13809_/A                               0.750000    0.797044   -0.047044 (VIOLATED)
_14639_/A1                              0.750000    0.797043   -0.047043 (VIOLATED)
_13729_/A                               0.750000    0.797023   -0.047023 (VIOLATED)
_14423_/A1                              0.750000    0.797020   -0.047020 (VIOLATED)
_14221_/A1                              0.750000    0.797000   -0.047000 (VIOLATED)
fanout1465/A                            0.750000    0.796984   -0.046984 (VIOLATED)
fanout1466/A                            0.750000    0.796760   -0.046760 (VIOLATED)
fanout1467/X                            0.750000    0.796760   -0.046760 (VIOLATED)
fanout1729/A                            0.750000    0.796109   -0.046109 (VIOLATED)
fanout1731/A                            0.750000    0.796104   -0.046104 (VIOLATED)
fanout1735/A                            0.750000    0.796076   -0.046076 (VIOLATED)
fanout1732/A                            0.750000    0.796058   -0.046058 (VIOLATED)
fanout1728/A                            0.750000    0.796056   -0.046056 (VIOLATED)
fanout1737/X                            0.750000    0.796056   -0.046056 (VIOLATED)
_12842_/B1                              0.750000    0.789440   -0.039441 (VIOLATED)
_12869_/B2                              0.750000    0.789436   -0.039436 (VIOLATED)
_12896_/B1                              0.750000    0.789435   -0.039435 (VIOLATED)
_13052_/A1                              0.750000    0.789423   -0.039423 (VIOLATED)
_13060_/B1                              0.750000    0.789423   -0.039423 (VIOLATED)
_12979_/B2                              0.750000    0.789416   -0.039416 (VIOLATED)
_13117_/B2                              0.750000    0.789405   -0.039405 (VIOLATED)
_12923_/B2                              0.750000    0.789403   -0.039403 (VIOLATED)
fanout1286/A                            0.750000    0.789352   -0.039352 (VIOLATED)
fanout1287/X                            0.750000    0.789352   -0.039352 (VIOLATED)
_18091_/B1                              0.750000    0.787187   -0.037187 (VIOLATED)
_18085_/B1                              0.750000    0.787186   -0.037186 (VIOLATED)
_18070_/B1                              0.750000    0.787184   -0.037184 (VIOLATED)
fanout1143/A                            0.750000    0.787147   -0.037147 (VIOLATED)
_17986_/B1                              0.750000    0.787121   -0.037121 (VIOLATED)
_17991_/B1                              0.750000    0.787120   -0.037120 (VIOLATED)
fanout1142/A                            0.750000    0.787107   -0.037107 (VIOLATED)
_18208_/B1                              0.750000    0.787106   -0.037106 (VIOLATED)
_18213_/B1                              0.750000    0.787106   -0.037106 (VIOLATED)
fanout1144/X                            0.750000    0.787106   -0.037106 (VIOLATED)
_14683_/A                               0.750000    0.786033   -0.036033 (VIOLATED)
_15246_/A1                              0.750000    0.786033   -0.036033 (VIOLATED)
_15022_/A                               0.750000    0.786032   -0.036032 (VIOLATED)
_13600_/A2                              0.750000    0.786026   -0.036026 (VIOLATED)
_13599_/C                               0.750000    0.786026   -0.036026 (VIOLATED)
_13598_/B                               0.750000    0.786000   -0.036000 (VIOLATED)
_13649_/A2                              0.750000    0.786000   -0.036000 (VIOLATED)
_13921_/A                               0.750000    0.785995   -0.035995 (VIOLATED)
_13992_/B1                              0.750000    0.785994   -0.035994 (VIOLATED)
_13840_/A                               0.750000    0.785779   -0.035779 (VIOLATED)
fanout1254/X                            0.750000    0.785779   -0.035779 (VIOLATED)
_10695_/B1                              0.750000    0.785030   -0.035030 (VIOLATED)
_17002_/A_N                             0.750000    0.784995   -0.034995 (VIOLATED)
fanout2303/A                            0.750000    0.784960   -0.034960 (VIOLATED)
_19081_/A1                              0.750000    0.784769   -0.034769 (VIOLATED)
_19062_/B1                              0.750000    0.784756   -0.034756 (VIOLATED)
_19068_/A1                              0.750000    0.784756   -0.034756 (VIOLATED)
_12306_/A2                              0.750000    0.784693   -0.034693 (VIOLATED)
_12569_/A2                              0.750000    0.784680   -0.034680 (VIOLATED)
_12099_/A1                              0.750000    0.784678   -0.034678 (VIOLATED)
_18280_/A0                              0.750000    0.784673   -0.034673 (VIOLATED)
_12307_/A                               0.750000    0.784661   -0.034661 (VIOLATED)
_19523_/A1                              0.750000    0.784661   -0.034661 (VIOLATED)
fanout2304/X                            0.750000    0.784661   -0.034661 (VIOLATED)
_12300_/A                               0.750000    0.784660   -0.034660 (VIOLATED)
_12303_/A                               0.750000    0.784660   -0.034660 (VIOLATED)
_12308_/A                               0.750000    0.784659   -0.034659 (VIOLATED)
fanout881/X                             0.750000    0.784659   -0.034659 (VIOLATED)
_18046_/A2                              0.750000    0.783837   -0.033837 (VIOLATED)
fanout989/A                             0.750000    0.783782   -0.033782 (VIOLATED)
_18013_/A2                              0.750000    0.783771   -0.033771 (VIOLATED)
_18200_/B                               0.750000    0.783755   -0.033755 (VIOLATED)
_18208_/A2                              0.750000    0.783754   -0.033754 (VIOLATED)
_18213_/A2                              0.750000    0.783754   -0.033754 (VIOLATED)
_18216_/A2                              0.750000    0.783754   -0.033754 (VIOLATED)
_17971_/B1                              0.750000    0.783751   -0.033751 (VIOLATED)
fanout990/X                             0.750000    0.783751   -0.033751 (VIOLATED)
fanout1804/A                            0.750000    0.778937   -0.028937 (VIOLATED)
fanout1803/A                            0.750000    0.778934   -0.028934 (VIOLATED)
_10160_/A1                              0.750000    0.778929   -0.028929 (VIOLATED)
_10275_/A1                              0.750000    0.778921   -0.028922 (VIOLATED)
_10392_/A1                              0.750000    0.778919   -0.028919 (VIOLATED)
_10340_/A1                              0.750000    0.778912   -0.028912 (VIOLATED)
_10875_/A1                              0.750000    0.778908   -0.028908 (VIOLATED)
_10925_/A1                              0.750000    0.778907   -0.028907 (VIOLATED)
_10622_/A1                              0.750000    0.778707   -0.028707 (VIOLATED)
fanout1805/X                            0.750000    0.778707   -0.028707 (VIOLATED)
_17702_/B2                              0.750000    0.777718   -0.027718 (VIOLATED)
_17444_/A1                              0.750000    0.777718   -0.027718 (VIOLATED)
_17835_/A1                              0.750000    0.777715   -0.027715 (VIOLATED)
_17571_/A1                              0.750000    0.777712   -0.027712 (VIOLATED)
_17920_/A0                              0.750000    0.777695   -0.027695 (VIOLATED)
_17953_/A0                              0.750000    0.777695   -0.027695 (VIOLATED)
_12960_/A3                              0.750000    0.777578   -0.027578 (VIOLATED)
_13140_/A1                              0.750000    0.777578   -0.027578 (VIOLATED)
_18065_/A1                              0.750000    0.777578   -0.027578 (VIOLATED)
_18356_/A1                              0.750000    0.777578   -0.027578 (VIOLATED)
fanout934/X                             0.750000    0.777578   -0.027578 (VIOLATED)
_17463_/A1                              0.750000    0.773961   -0.023961 (VIOLATED)
_17724_/B1                              0.750000    0.773960   -0.023960 (VIOLATED)
_17588_/A1                              0.750000    0.773951   -0.023951 (VIOLATED)
_17853_/A1                              0.750000    0.773948   -0.023948 (VIOLATED)
_17925_/A0                              0.750000    0.773919   -0.023919 (VIOLATED)
_18079_/B2                              0.750000    0.773898   -0.023898 (VIOLATED)
_13028_/A3                              0.750000    0.773897   -0.023897 (VIOLATED)
_13145_/A1                              0.750000    0.773897   -0.023897 (VIOLATED)
_18147_/A0                              0.750000    0.773897   -0.023897 (VIOLATED)
_18385_/A1                              0.750000    0.773893   -0.023893 (VIOLATED)
fanout930/X                             0.750000    0.773893   -0.023893 (VIOLATED)
_15505_/C1                              0.750000    0.771072   -0.021072 (VIOLATED)
_15601_/B1                              0.750000    0.771071   -0.021071 (VIOLATED)
_16075_/C1                              0.750000    0.771069   -0.021069 (VIOLATED)
_16164_/B1                              0.750000    0.771067   -0.021067 (VIOLATED)
_15890_/B1                              0.750000    0.771066   -0.021066 (VIOLATED)
_15700_/B1                              0.750000    0.771063   -0.021063 (VIOLATED)
_16343_/B1                              0.750000    0.771046   -0.021046 (VIOLATED)
fanout1323/A                            0.750000    0.771035   -0.021035 (VIOLATED)
fanout1324/A                            0.750000    0.771016   -0.021016 (VIOLATED)
_14873_/B1                              0.750000    0.771014   -0.021014 (VIOLATED)
fanout1325/X                            0.750000    0.771014   -0.021014 (VIOLATED)
_17421_/A1                              0.750000    0.770819   -0.020819 (VIOLATED)
_17549_/A1                              0.750000    0.770813   -0.020813 (VIOLATED)
_12878_/A3                              0.750000    0.770736   -0.020736 (VIOLATED)
_18047_/A1                              0.750000    0.770736   -0.020736 (VIOLATED)
_18318_/A1                              0.750000    0.770736   -0.020736 (VIOLATED)
_13134_/A1                              0.750000    0.770735   -0.020735 (VIOLATED)
_17914_/A0                              0.750000    0.770733   -0.020733 (VIOLATED)
_17947_/A0                              0.750000    0.770731   -0.020731 (VIOLATED)
_18136_/A0                              0.750000    0.770729   -0.020729 (VIOLATED)
_13293_/A0                              0.750000    0.770725   -0.020726 (VIOLATED)
fanout939/X                             0.750000    0.770725   -0.020726 (VIOLATED)
_10392_/C1                              0.750000    0.769857   -0.019857 (VIOLATED)
_10340_/C1                              0.750000    0.769853   -0.019853 (VIOLATED)
_10925_/C1                              0.750000    0.769849   -0.019849 (VIOLATED)
_10875_/C1                              0.750000    0.769833   -0.019833 (VIOLATED)
fanout1477/A                            0.750000    0.769829   -0.019829 (VIOLATED)
_10505_/A1                              0.750000    0.769822   -0.019822 (VIOLATED)
_11914_/C1                              0.750000    0.769785   -0.019785 (VIOLATED)
fanout1475/A                            0.750000    0.769785   -0.019785 (VIOLATED)
fanout1474/A                            0.750000    0.769783   -0.019783 (VIOLATED)
fanout1478/X                            0.750000    0.769783   -0.019783 (VIOLATED)
_15843_/A                               0.750000    0.768511   -0.018511 (VIOLATED)
_15744_/A                               0.750000    0.768510   -0.018510 (VIOLATED)
_15658_/A                               0.750000    0.768509   -0.018509 (VIOLATED)
_15563_/B                               0.750000    0.768503   -0.018503 (VIOLATED)
_15925_/B                               0.750000    0.768488   -0.018488 (VIOLATED)
_15362_/B                               0.750000    0.768486   -0.018486 (VIOLATED)
_15256_/B                               0.750000    0.768477   -0.018477 (VIOLATED)
_18052_/B1                              0.750000    0.768455   -0.018455 (VIOLATED)
_18100_/B1                              0.750000    0.768451   -0.018451 (VIOLATED)
_14336_/B                               0.750000    0.768447   -0.018447 (VIOLATED)
_14684_/B1                              0.750000    0.768447   -0.018447 (VIOLATED)
_14685_/B                               0.750000    0.768447   -0.018447 (VIOLATED)
fanout1157/X                            0.750000    0.768447   -0.018447 (VIOLATED)
_18094_/B1                              0.750000    0.768441   -0.018441 (VIOLATED)
_18064_/B1                              0.750000    0.768434   -0.018434 (VIOLATED)
_18082_/B1                              0.750000    0.768400   -0.018400 (VIOLATED)
_18076_/B1                              0.750000    0.768355   -0.018355 (VIOLATED)
_18067_/B1                              0.750000    0.768331   -0.018332 (VIOLATED)
_18055_/B1                              0.750000    0.768294   -0.018294 (VIOLATED)
_18004_/A2                              0.750000    0.768292   -0.018292 (VIOLATED)
_18008_/A2                              0.750000    0.768290   -0.018290 (VIOLATED)
fanout1143/X                            0.750000    0.768290   -0.018290 (VIOLATED)
_13145_/A2                              0.750000    0.766332   -0.016332 (VIOLATED)
_13146_/A2                              0.750000    0.766328   -0.016328 (VIOLATED)
_13140_/A2                              0.750000    0.766324   -0.016324 (VIOLATED)
_13150_/A2                              0.750000    0.766310   -0.016311 (VIOLATED)
_13152_/A2                              0.750000    0.766297   -0.016297 (VIOLATED)
_13143_/A2                              0.750000    0.766264   -0.016264 (VIOLATED)
_13137_/A2                              0.750000    0.766248   -0.016248 (VIOLATED)
_13141_/A2                              0.750000    0.766246   -0.016246 (VIOLATED)
_13138_/A2                              0.750000    0.766207   -0.016207 (VIOLATED)
_13139_/A2                              0.750000    0.766205   -0.016205 (VIOLATED)
fanout426/X                             0.750000    0.766205   -0.016205 (VIOLATED)
_18053_/A2                              0.750000    0.765015   -0.015015 (VIOLATED)
_18049_/B1                              0.750000    0.765015   -0.015015 (VIOLATED)
_18101_/A2                              0.750000    0.765008   -0.015008 (VIOLATED)
_18095_/A2                              0.750000    0.764995   -0.014995 (VIOLATED)
_18065_/A2                              0.750000    0.764973   -0.014973 (VIOLATED)
_18083_/A2                              0.750000    0.764947   -0.014947 (VIOLATED)
_18079_/B1                              0.750000    0.764926   -0.014926 (VIOLATED)
_18073_/B1                              0.750000    0.764867   -0.014867 (VIOLATED)
_18097_/B1                              0.750000    0.764826   -0.014826 (VIOLATED)
fanout737/A                             0.750000    0.764813   -0.014813 (VIOLATED)
fanout738/X                             0.750000    0.764813   -0.014813 (VIOLATED)
_11972_/A2                              0.750000    0.764786   -0.014786 (VIOLATED)
_11979_/A1                              0.750000    0.764786   -0.014786 (VIOLATED)
_16345_/B                               0.750000    0.764770   -0.014770 (VIOLATED)
_14668_/A1                              0.750000    0.764759   -0.014759 (VIOLATED)
_14669_/A1                              0.750000    0.764758   -0.014758 (VIOLATED)
_18873_/A1                              0.750000    0.764745   -0.014745 (VIOLATED)
_16310_/B                               0.750000    0.764745   -0.014745 (VIOLATED)
_16306_/A2                              0.750000    0.764745   -0.014745 (VIOLATED)
_18879_/B                               0.750000    0.764744   -0.014744 (VIOLATED)
_18878_/A1                              0.750000    0.764743   -0.014743 (VIOLATED)
fanout2315/X                            0.750000    0.764743   -0.014743 (VIOLATED)
_12804_/B1                              0.750000    0.764191   -0.014191 (VIOLATED)
_12763_/B1                              0.750000    0.764191   -0.014191 (VIOLATED)
_12724_/A2                              0.750000    0.764190   -0.014190 (VIOLATED)
_12844_/B1                              0.750000    0.764190   -0.014190 (VIOLATED)
_12869_/A2                              0.750000    0.764190   -0.014190 (VIOLATED)
_12882_/B1                              0.750000    0.764190   -0.014190 (VIOLATED)
_12895_/B1                              0.750000    0.764190   -0.014190 (VIOLATED)
_12912_/A2                              0.750000    0.764190   -0.014190 (VIOLATED)
_12968_/B1                              0.750000    0.764190   -0.014190 (VIOLATED)
_13007_/A2                              0.750000    0.764190   -0.014190 (VIOLATED)
fanout1282/X                            0.750000    0.764190   -0.014190 (VIOLATED)
_12118_/B                               0.750000    0.760873   -0.010873 (VIOLATED)
_12149_/A_N                             0.750000    0.760872   -0.010872 (VIOLATED)
_12135_/A                               0.750000    0.760871   -0.010871 (VIOLATED)
_12128_/B                               0.750000    0.760859   -0.010859 (VIOLATED)
_12138_/B                               0.750000    0.760847   -0.010847 (VIOLATED)
_12047_/A                               0.750000    0.760825   -0.010825 (VIOLATED)
_12008_/A                               0.750000    0.760813   -0.010813 (VIOLATED)
_11985_/B                               0.750000    0.760808   -0.010808 (VIOLATED)
_17478_/A1                              0.750000    0.760807   -0.010807 (VIOLATED)
_17605_/B1                              0.750000    0.760786   -0.010786 (VIOLATED)
_17962_/A0                              0.750000    0.760721   -0.010721 (VIOLATED)
_17929_/A0                              0.750000    0.760716   -0.010716 (VIOLATED)
_18116_/A0                              0.750000    0.760687   -0.010687 (VIOLATED)
_18151_/A0                              0.750000    0.760670   -0.010670 (VIOLATED)
_13149_/A1                              0.750000    0.760658   -0.010658 (VIOLATED)
_13081_/A3                              0.750000    0.760653   -0.010653 (VIOLATED)
_18092_/A1                              0.750000    0.760652   -0.010652 (VIOLATED)
_18407_/A1                              0.750000    0.760650   -0.010650 (VIOLATED)
fanout927/X                             0.750000    0.760650   -0.010650 (VIOLATED)
_09973_/A                               0.750000    0.760626   -0.010626 (VIOLATED)
_09979_/A                               0.750000    0.760625   -0.010625 (VIOLATED)
fanout1703/X                            0.750000    0.760625   -0.010625 (VIOLATED)
_17425_/A1                              0.750000    0.760447   -0.010447 (VIOLATED)
_17681_/A1                              0.750000    0.760443   -0.010443 (VIOLATED)
_17552_/A1                              0.750000    0.760437   -0.010438 (VIOLATED)
_17816_/A1                              0.750000    0.760424   -0.010424 (VIOLATED)
_17915_/A0                              0.750000    0.760417   -0.010417 (VIOLATED)
_17948_/A0                              0.750000    0.760405   -0.010405 (VIOLATED)
_18326_/A1                              0.750000    0.760319   -0.010319 (VIOLATED)
_12891_/A3                              0.750000    0.760318   -0.010318 (VIOLATED)
_18049_/B2                              0.750000    0.760318   -0.010318 (VIOLATED)
_13135_/A1                              0.750000    0.760318   -0.010318 (VIOLATED)
fanout938/X                             0.750000    0.760318   -0.010318 (VIOLATED)
_12852_/S                               0.750000    0.756449   -0.006449 (VIOLATED)
_12838_/S                               0.750000    0.756446   -0.006446 (VIOLATED)
_12814_/S                               0.750000    0.756443   -0.006443 (VIOLATED)
_12826_/S                               0.750000    0.756436   -0.006436 (VIOLATED)
_12799_/S                               0.750000    0.756418   -0.006418 (VIOLATED)
_12784_/S                               0.750000    0.756394   -0.006394 (VIOLATED)
_12771_/S                               0.750000    0.756386   -0.006386 (VIOLATED)
_12757_/S                               0.750000    0.756364   -0.006364 (VIOLATED)
_12716_/S                               0.750000    0.756305   -0.006305 (VIOLATED)
_12683_/S                               0.750000    0.756289   -0.006289 (VIOLATED)
fanout1090/X                            0.750000    0.756289   -0.006289 (VIOLATED)
_14087_/A                               0.750000    0.756193   -0.006193 (VIOLATED)
_14274_/A                               0.750000    0.756176   -0.006176 (VIOLATED)
_14481_/A1                              0.750000    0.756168   -0.006168 (VIOLATED)
_14479_/A                               0.750000    0.756168   -0.006168 (VIOLATED)
_14591_/A                               0.750000    0.756154   -0.006154 (VIOLATED)
_14954_/A                               0.750000    0.756125   -0.006125 (VIOLATED)
_14712_/A                               0.750000    0.756122   -0.006122 (VIOLATED)
_15058_/A                               0.750000    0.756120   -0.006120 (VIOLATED)
_15060_/A                               0.750000    0.756120   -0.006120 (VIOLATED)
_15176_/B2                              0.750000    0.756120   -0.006120 (VIOLATED)
fanout1249/X                            0.750000    0.756120   -0.006120 (VIOLATED)

max fanout

Pin                                   Limit Fanout  Slack
---------------------------------------------------------
_12574_/X                                10     13     -3 (VIOLATED)
wire1353/X                               10     13     -3 (VIOLATED)
_21607_/Q                                10     11        (VIOLATED)
clkbuf_leaf_101_u_ibex_top.clk/X         10     11        (VIOLATED)
clkbuf_leaf_107_u_ibex_top.clk/X         10     11        (VIOLATED)
clkbuf_leaf_11_u_ibex_top.clk/X          10     11        (VIOLATED)
clkbuf_leaf_125_u_ibex_top.clk/X         10     11        (VIOLATED)
clkbuf_leaf_130_u_ibex_top.clk/X         10     11        (VIOLATED)
clkbuf_leaf_143_u_ibex_top.clk/X         10     11        (VIOLATED)
clkbuf_leaf_151_u_ibex_top.clk/X         10     11        (VIOLATED)
clkbuf_leaf_192_u_ibex_top.clk/X         10     11        (VIOLATED)
clkbuf_leaf_20_u_ibex_top.clk/X          10     11        (VIOLATED)
clkbuf_leaf_64_u_ibex_top.clk/X          10     11        (VIOLATED)
clkbuf_leaf_91_u_ibex_top.clk/X          10     11        (VIOLATED)
clkbuf_leaf_93_u_ibex_top.clk/X          10     11        (VIOLATED)
clkbuf_leaf_97_u_ibex_top.clk/X          10     11        (VIOLATED)
fanout1026/X                             10     11        (VIOLATED)
fanout1915/X                             10     11        (VIOLATED)



===========================================================================
report_parasitic_annotation -report_unannotated
============================================================================
Found 163 unannotated drivers.
 _21699__2698/HI
 chipus_ibex_wrapper/HI
 chipus_ibex_wrapper_2699/HI
 chipus_ibex_wrapper_2700/HI
 chipus_ibex_wrapper_2701/HI
 chipus_ibex_wrapper_2702/HI
 chipus_ibex_wrapper_2703/HI
 chipus_ibex_wrapper_2704/HI
 clkload0/X
 clkload1/X
 clkload10/X
 clkload100/X
 clkload101/X
 clkload102/X
 clkload103/X
 clkload104/Y
 clkload105/Y
 clkload106/Y
 clkload107/X
 clkload108/Y
 clkload109/X
 clkload11/X
 clkload110/X
 clkload111/X
 clkload112/Y
 clkload113/X
 clkload114/X
 clkload115/X
 clkload116/X
 clkload117/X
 clkload118/X
 clkload119/X
 clkload12/X
 clkload120/X
 clkload121/X
 clkload122/X
 clkload123/X
 clkload124/X
 clkload125/Y
 clkload126/X
 clkload127/X
 clkload128/X
 clkload129/X
 clkload13/Y
 clkload130/X
 clkload131/X
 clkload132/X
 clkload133/X
 clkload134/X
 clkload135/X
 clkload136/X
 clkload137/X
 clkload138/X
 clkload139/Y
 clkload14/X
 clkload140/X
 clkload141/Y
 clkload142/X
 clkload143/Y
 clkload144/X
 clkload145/Y
 clkload146/Y
 clkload147/X
 clkload148/X
 clkload149/X
 clkload15/X
 clkload150/X
 clkload151/X
 clkload152/X
 clkload153/X
 clkload154/X
 clkload16/X
 clkload17/X
 clkload18/X
 clkload19/X
 clkload2/X
 clkload20/X
 clkload21/X
 clkload22/X
 clkload23/X
 clkload24/X
 clkload25/X
 clkload26/X
 clkload27/X
 clkload28/Y
 clkload29/X
 clkload3/X
 clkload30/X
 clkload31/X
 clkload32/X
 clkload33/X
 clkload34/Y
 clkload35/X
 clkload36/X
 clkload37/X
 clkload38/Y
 clkload39/X
 clkload4/X
 clkload40/Y
 clkload41/X
 clkload42/Y
 clkload43/Y
 clkload44/X
 clkload45/X
 clkload46/X
 clkload47/X
 clkload48/Y
 clkload49/X
 clkload5/X
 clkload50/Y
 clkload51/X
 clkload52/X
 clkload53/Y
 clkload54/X
 clkload55/X
 clkload56/X
 clkload57/X
 clkload58/Y
 clkload59/Y
 clkload6/X
 clkload60/X
 clkload61/X
 clkload62/Y
 clkload63/X
 clkload64/X
 clkload65/X
 clkload66/X
 clkload67/X
 clkload68/X
 clkload69/X
 clkload7/X
 clkload70/X
 clkload71/X
 clkload72/X
 clkload73/X
 clkload74/Y
 clkload75/Y
 clkload76/X
 clkload77/X
 clkload78/X
 clkload79/Y
 clkload8/Y
 clkload80/X
 clkload81/X
 clkload82/X
 clkload83/Y
 clkload84/X
 clkload85/X
 clkload86/Y
 clkload87/X
 clkload88/X
 clkload89/X
 clkload9/X
 clkload90/X
 clkload91/X
 clkload92/X
 clkload93/X
 clkload94/X
 clkload95/Y
 clkload96/X
 clkload97/X
 clkload98/X
 clkload99/X
Found 0 partially unannotated drivers.

===========================================================================
max slew violation count 1035
max fanout violation count 18
max cap violation count 0
============================================================================

===========================================================================
check_setup -verbose -unconstrained_endpoints -multiple_clock -no_clock -no_input_delay -loops -generated_clocks
===========================================================================
