
===========================================================================
report_checks -unconstrained
===========================================================================
======================= min_ss_100C_1v60 Corner ===================================

Startpoint: _21716_ (negative level-sensitive latch clocked by clk_i)
Endpoint: _12039_ (rising clock gating-check end-point clocked by clk_i)
Path Group: gated clock
Path Type: max

Fanout         Cap        Slew       Delay        Time   Description
---------------------------------------------------------------------------------------------
                                 25.000000   25.000000   clock clk_i (fall edge)
                                  0.000000   25.000000   clock source latency
     2    0.105625    0.000000    0.000000   25.000000 v clk_i (in)
                                                         clk_i (net)
                      0.009216    0.004608   25.004606 v delaybuf_0_clk_i/A (sky130_fd_sc_hd__clkbuf_16)
     1    0.016992    0.054884    0.225151   25.229759 v delaybuf_0_clk_i/X (sky130_fd_sc_hd__clkbuf_16)
                                                         delaynet_0_clk_i (net)
                      0.054884    0.000961   25.230719 v delaybuf_1_clk_i/A (sky130_fd_sc_hd__clkbuf_16)
     1    0.016346    0.054052    0.245556   25.476276 v delaybuf_1_clk_i/X (sky130_fd_sc_hd__clkbuf_16)
                                                         delaynet_1_clk_i (net)
                      0.054052    0.000929   25.477205 v delaybuf_2_clk_i/A (sky130_fd_sc_hd__clkbuf_16)
     1    0.019174    0.056492    0.248463   25.725668 v delaybuf_2_clk_i/X (sky130_fd_sc_hd__clkbuf_16)
                                                         delaynet_2_clk_i (net)
                      0.056492    0.001133   25.726801 v delaybuf_3_clk_i/A (sky130_fd_sc_hd__clkbuf_16)
     1    0.017686    0.055216    0.247848   25.974649 v delaybuf_3_clk_i/X (sky130_fd_sc_hd__clkbuf_16)
                                                         delaynet_3_clk_i (net)
                      0.055216    0.001046   25.975695 v clkbuf_regs_0_clk_i/A (sky130_fd_sc_hd__clkbuf_16)
     1    0.009023    0.047344    0.236874   26.212568 v clkbuf_regs_0_clk_i/X (sky130_fd_sc_hd__clkbuf_16)
                                                         clk_i_regs (net)
                      0.047344    0.000167   26.212736 v clkbuf_0_clk_i_regs/A (sky130_fd_sc_hd__clkbuf_16)
     2    0.017114    0.054665    0.243105   26.455841 v clkbuf_0_clk_i_regs/X (sky130_fd_sc_hd__clkbuf_16)
                                                         clknet_0_clk_i_regs (net)
                      0.054665    0.000123   26.455963 v clkbuf_1_1__f_clk_i_regs/A (sky130_fd_sc_hd__clkbuf_16)
     2    0.006263    0.044348    0.232069   26.688032 v clkbuf_1_1__f_clk_i_regs/X (sky130_fd_sc_hd__clkbuf_16)
                                                         clknet_1_1__leaf_clk_i_regs (net)
                      0.044348    0.000053   26.688086 v _21716_/GATE_N (sky130_fd_sc_hd__dlxtn_1)
     1    0.064019    0.938897    1.409594   28.097679 ^ _21716_/Q (sky130_fd_sc_hd__dlxtn_1)
                                                         u_ibex_top.core_clock_gate_i.en_latch (net)
                      0.939034    0.011282   28.108961 ^ _12039_/B (sky130_fd_sc_hd__and2_2)
                                             28.108961   data arrival time

                                 50.000000   50.000000   clock clk_i (rise edge)
                                  0.000000   50.000000   clock source latency
     2    0.107397    0.000000    0.000000   50.000000 ^ clk_i (in)
                                                         clk_i (net)
                      0.041021    0.020510   50.020508 ^ clkbuf_0_clk_i/A (sky130_fd_sc_hd__clkbuf_16)
     1    0.011126    0.056394    0.195911   50.216419 ^ clkbuf_0_clk_i/X (sky130_fd_sc_hd__clkbuf_16)
                                                         clknet_0_clk_i (net)
                      0.056394    0.000274   50.216694 ^ clkbuf_1_0__f_clk_i/A (sky130_fd_sc_hd__clkbuf_16)
     1    0.001685    0.043001    0.185604   50.402298 ^ clkbuf_1_0__f_clk_i/X (sky130_fd_sc_hd__clkbuf_16)
                                                         clknet_1_0__leaf_clk_i (net)
                      0.043001    0.000014   50.402309 ^ _12039_/A (sky130_fd_sc_hd__and2_2)
                                 -0.250000   50.152309   clock uncertainty
                                  0.000000   50.152309   clock reconvergence pessimism
                                  0.000000   50.152309   clock gating setup time
                                             50.152309   data required time
---------------------------------------------------------------------------------------------
                                             50.152309   data required time
                                            -28.108961   data arrival time
---------------------------------------------------------------------------------------------
                                             22.043348   slack (MET)


Startpoint: _21619_ (rising edge-triggered flip-flop clocked by clk_i)
Endpoint: _21123_ (rising edge-triggered flip-flop clocked by clk_i)
Path Group: clk_i
Path Type: max

Fanout         Cap        Slew       Delay        Time   Description
---------------------------------------------------------------------------------------------
                                  0.000000    0.000000   clock clk_i (rise edge)
                                  0.000000    0.000000   clock source latency
     2    0.107397    0.000000    0.000000    0.000000 ^ clk_i (in)
                                                         clk_i (net)
                      0.041021    0.020510    0.020510 ^ clkbuf_0_clk_i/A (sky130_fd_sc_hd__clkbuf_16)
     1    0.011126    0.056394    0.195910    0.216421 ^ clkbuf_0_clk_i/X (sky130_fd_sc_hd__clkbuf_16)
                                                         clknet_0_clk_i (net)
                      0.056394    0.000273    0.216694 ^ clkbuf_1_0__f_clk_i/A (sky130_fd_sc_hd__clkbuf_16)
     1    0.001685    0.043001    0.185605    0.402299 ^ clkbuf_1_0__f_clk_i/X (sky130_fd_sc_hd__clkbuf_16)
                                                         clknet_1_0__leaf_clk_i (net)
                      0.043001    0.000014    0.402313 ^ _12039_/A (sky130_fd_sc_hd__and2_2)
     1    0.009537    0.123664    0.286498    0.688811 ^ _12039_/X (sky130_fd_sc_hd__and2_2)
                                                         u_ibex_top.clk (net)
                      0.123664    0.000152    0.688963 ^ clkbuf_0_u_ibex_top.clk/A (sky130_fd_sc_hd__clkbuf_16)
     4    0.134477    0.224703    0.375518    1.064481 ^ clkbuf_0_u_ibex_top.clk/X (sky130_fd_sc_hd__clkbuf_16)
                                                         clknet_0_u_ibex_top.clk (net)
                      0.224808    0.003998    1.068479 ^ clkbuf_2_1_0_u_ibex_top.clk/A (sky130_fd_sc_hd__clkbuf_8)
     8    0.165244    0.438461    0.576210    1.644690 ^ clkbuf_2_1_0_u_ibex_top.clk/X (sky130_fd_sc_hd__clkbuf_8)
                                                         clknet_2_1_0_u_ibex_top.clk (net)
                      0.438500    0.004360    1.649050 ^ clkbuf_5_9__f_u_ibex_top.clk/A (sky130_fd_sc_hd__clkbuf_16)
     7    0.066159    0.131940    0.436894    2.085943 ^ clkbuf_5_9__f_u_ibex_top.clk/X (sky130_fd_sc_hd__clkbuf_16)
                                                         clknet_5_9__leaf_u_ibex_top.clk (net)
                      0.131956    0.001581    2.087524 ^ clkbuf_leaf_58_u_ibex_top.clk/A (sky130_fd_sc_hd__clkbuf_8)
    10    0.034219    0.115890    0.295375    2.382899 ^ clkbuf_leaf_58_u_ibex_top.clk/X (sky130_fd_sc_hd__clkbuf_8)
                                                         clknet_leaf_58_u_ibex_top.clk (net)
                      0.115891    0.000556    2.383455 ^ _21619_/CLK (sky130_fd_sc_hd__dfxtp_2)
     1    0.003814    0.058552    0.662651    3.046106 ^ _21619_/Q (sky130_fd_sc_hd__dfxtp_2)
                                                         u_ibex_top.gen_regfile_ff.register_file_i.raddr_a_i[1] (net)
                      0.058552    0.000053    3.046159 ^ fanout2200/A (sky130_fd_sc_hd__clkdlybuf4s25_1)
     2    0.030200    0.490439    0.760912    3.807071 ^ fanout2200/X (sky130_fd_sc_hd__clkdlybuf4s25_1)
                                                         net2200 (net)
                      0.490443    0.002319    3.809390 ^ wire2201/A (sky130_fd_sc_hd__buf_4)
     4    0.068563    0.307908    0.559326    4.368716 ^ wire2201/X (sky130_fd_sc_hd__buf_4)
                                                         net2201 (net)
                      0.308114    0.007284    4.375999 ^ fanout2199/A (sky130_fd_sc_hd__clkdlybuf4s25_1)
     5    0.080207    1.271672    1.416205    5.792205 ^ fanout2199/X (sky130_fd_sc_hd__clkdlybuf4s25_1)
                                                         net2199 (net)
                      1.271672    0.000927    5.793131 ^ fanout2192/A (sky130_fd_sc_hd__clkdlybuf4s25_1)
     7    0.054171    0.863949    1.392895    7.186026 ^ fanout2192/X (sky130_fd_sc_hd__clkdlybuf4s25_1)
                                                         net2192 (net)
                      0.863949    0.001916    7.187942 ^ fanout2190/A (sky130_fd_sc_hd__clkdlybuf4s25_1)
     6    0.040900    0.657398    1.151866    8.339808 ^ fanout2190/X (sky130_fd_sc_hd__clkdlybuf4s25_1)
                                                         net2190 (net)
                      0.657398    0.000131    8.339939 ^ fanout2188/A (sky130_fd_sc_hd__clkdlybuf4s25_1)
     2    0.007904    0.152831    0.739135    9.079074 ^ fanout2188/X (sky130_fd_sc_hd__clkdlybuf4s25_1)
                                                         net2188 (net)
                      0.152831    0.000037    9.079111 ^ load_slew2189/A (sky130_fd_sc_hd__clkbuf_4)
     9    0.045941    0.230447    0.404460    9.483572 ^ load_slew2189/X (sky130_fd_sc_hd__clkbuf_4)
                                                         net2189 (net)
                      0.230447    0.000696    9.484268 ^ _10050_/B (sky130_fd_sc_hd__nand2_2)
     1    0.009151    0.183453    0.187418    9.671686 v _10050_/Y (sky130_fd_sc_hd__nand2_2)
                                                         _04427_ (net)
                      0.183453    0.000307    9.671993 v fanout1676/A (sky130_fd_sc_hd__clkdlybuf4s25_1)
     2    0.010990    0.172853    0.596632   10.268625 v fanout1676/X (sky130_fd_sc_hd__clkdlybuf4s25_1)
                                                         net1676 (net)
                      0.172853    0.000063   10.268688 v fanout1665/A (sky130_fd_sc_hd__clkdlybuf4s25_1)
     3    0.012593    0.190027    0.608615   10.877303 v fanout1665/X (sky130_fd_sc_hd__clkdlybuf4s25_1)
                                                         net1665 (net)
                      0.190027    0.000078   10.877381 v wire1666/A (sky130_fd_sc_hd__clkbuf_4)
     4    0.069411    0.250921    0.470099   11.347480 v wire1666/X (sky130_fd_sc_hd__clkbuf_4)
                                                         net1666 (net)
                      0.250921    0.000774   11.348253 v fanout1663/A (sky130_fd_sc_hd__clkdlybuf4s25_1)
     6    0.042692    0.572647    0.925700   12.273953 v fanout1663/X (sky130_fd_sc_hd__clkdlybuf4s25_1)
                                                         net1663 (net)
                      0.572671    0.004139   12.278092 v fanout1661/A (sky130_fd_sc_hd__clkdlybuf4s25_1)
     7    0.045808    0.613538    1.066486   13.344579 v fanout1661/X (sky130_fd_sc_hd__clkdlybuf4s25_1)
                                                         net1661 (net)
                      0.613543    0.002716   13.347295 v _10790_/A (sky130_fd_sc_hd__or2_2)
     1    0.003176    0.112384    0.884138   14.231433 v _10790_/X (sky130_fd_sc_hd__or2_2)
                                                         _05167_ (net)
                      0.112384    0.000036   14.231469 v _10791_/A3 (sky130_fd_sc_hd__a31o_2)
     1    0.004430    0.070271    0.467933   14.699402 v _10791_/X (sky130_fd_sc_hd__a31o_2)
                                                         _05168_ (net)
                      0.070271    0.000074   14.699476 v _10799_/B1 (sky130_fd_sc_hd__o211a_2)
     1    0.034901    0.200583    0.369168   15.068644 v _10799_/X (sky130_fd_sc_hd__o211a_2)
                                                         _05176_ (net)
                      0.200603    0.002085   15.070729 v wire1377/A (sky130_fd_sc_hd__buf_6)
     5    0.113093    0.181306    0.383782   15.454511 v wire1377/X (sky130_fd_sc_hd__buf_6)
                                                         net1377 (net)
                      0.184014    0.017744   15.472255 v _10800_/A (sky130_fd_sc_hd__inv_2)
     1    0.002966    0.058474    0.107667   15.579922 ^ _10800_/Y (sky130_fd_sc_hd__inv_2)
                                                         _05177_ (net)
                      0.058474    0.000018   15.579940 ^ _10806_/A2 (sky130_fd_sc_hd__a221o_2)
     6    0.091810    0.747566    0.820599   16.400537 ^ _10806_/X (sky130_fd_sc_hd__a221o_2)
                                                         _05183_ (net)
                      0.747577    0.004070   16.404608 ^ _10808_/A2_N (sky130_fd_sc_hd__a2bb2o_2)
     2    0.005811    0.095648    0.725409   17.130016 v _10808_/X (sky130_fd_sc_hd__a2bb2o_2)
                                                         _05185_ (net)
                      0.095648    0.000066   17.130083 v _10810_/D (sky130_fd_sc_hd__or4_2)
     2    0.005722    0.244583    1.356531   18.486614 v _10810_/X (sky130_fd_sc_hd__or4_2)
                                                         _05187_ (net)
                      0.244583    0.000066   18.486679 v _10812_/A2 (sky130_fd_sc_hd__a21o_2)
     3    0.022146    0.136959    0.545096   19.031776 v _10812_/X (sky130_fd_sc_hd__a21o_2)
                                                         _05189_ (net)
                      0.136959    0.000389   19.032166 v _12239_/A (sky130_fd_sc_hd__xnor2_2)
     1    0.007515    0.119752    0.285397   19.317562 v _12239_/Y (sky130_fd_sc_hd__xnor2_2)
                                                         _06578_ (net)
                      0.119752    0.000218   19.317780 v fanout950/A (sky130_fd_sc_hd__clkdlybuf4s25_1)
     6    0.047453    0.634073    0.913691   20.231470 v fanout950/X (sky130_fd_sc_hd__clkdlybuf4s25_1)
                                                         net950 (net)
                      0.634073    0.000009   20.231480 v load_slew952/A (sky130_fd_sc_hd__buf_4)
     1    0.057488    0.151424    0.609969   20.841448 v load_slew952/X (sky130_fd_sc_hd__buf_4)
                                                         net952 (net)
                      0.151464    0.002444   20.843893 v fanout948/A (sky130_fd_sc_hd__clkdlybuf4s25_1)
     4    0.021913    0.307276    0.687402   21.531294 v fanout948/X (sky130_fd_sc_hd__clkdlybuf4s25_1)
                                                         net948 (net)
                      0.307276    0.000092   21.531387 v fanout946/A (sky130_fd_sc_hd__clkdlybuf4s25_1)
     4    0.015830    0.230510    0.691442   22.222828 v fanout946/X (sky130_fd_sc_hd__clkdlybuf4s25_1)
                                                         net946 (net)
                      0.230510    0.000258   22.223085 v load_slew947/A (sky130_fd_sc_hd__clkbuf_4)
     7    0.041557    0.162210    0.419032   22.642118 v load_slew947/X (sky130_fd_sc_hd__clkbuf_4)
                                                         net947 (net)
                      0.162210    0.000147   22.642265 v _12240_/A (sky130_fd_sc_hd__inv_2)
     4    0.027349    0.205975    0.233419   22.875685 ^ _12240_/Y (sky130_fd_sc_hd__inv_2)
                                                         _06579_ (net)
                      0.205976    0.000286   22.875971 ^ fanout875/A (sky130_fd_sc_hd__clkdlybuf4s25_1)
    10    0.052035    0.831079    1.069633   23.945604 ^ fanout875/X (sky130_fd_sc_hd__clkdlybuf4s25_1)
                                                         net875 (net)
                      0.831079    0.000437   23.946041 ^ _12242_/B (sky130_fd_sc_hd__nand2_2)
     2    0.013813    0.208112    0.386443   24.332483 v _12242_/Y (sky130_fd_sc_hd__nand2_2)
                                                         _06581_ (net)
                      0.208112    0.000275   24.332758 v fanout727/A (sky130_fd_sc_hd__clkdlybuf4s25_1)
    10    0.046743    0.624704    0.949219   25.281979 v fanout727/X (sky130_fd_sc_hd__clkdlybuf4s25_1)
                                                         net727 (net)
                      0.624704    0.000272   25.282249 v _12243_/D (sky130_fd_sc_hd__or4_2)
     1    0.001676    0.202475    1.452333   26.734583 v _12243_/X (sky130_fd_sc_hd__or4_2)
                                                         _06582_ (net)
                      0.202475    0.000014   26.734598 v _12244_/D (sky130_fd_sc_hd__or4_2)
     1    0.001934    0.205410    1.309124   28.043720 v _12244_/X (sky130_fd_sc_hd__or4_2)
                                                         _06583_ (net)
                      0.205410    0.000018   28.043739 v _12246_/C (sky130_fd_sc_hd__or4_2)
     1    0.001955    0.205679    1.460700   29.504438 v _12246_/X (sky130_fd_sc_hd__or4_2)
                                                         _06584_ (net)
                      0.205679    0.000018   29.504457 v _12253_/B (sky130_fd_sc_hd__or4_2)
     1    0.002142    0.207776    1.536506   31.040962 v _12253_/X (sky130_fd_sc_hd__or4_2)
                                                         _06589_ (net)
                      0.207776    0.000014   31.040977 v _12254_/C (sky130_fd_sc_hd__or3_2)
     1    0.029763    0.301597    1.241563   32.282539 v _12254_/X (sky130_fd_sc_hd__or3_2)
                                                         _06590_ (net)
                      0.301609    0.002366   32.284904 v _12255_/D (sky130_fd_sc_hd__or4_2)
     1    0.039740    0.427917    1.725731   34.010635 v _12255_/X (sky130_fd_sc_hd__or4_2)
                                                         _06591_ (net)
                      0.427917    0.000988   34.011623 v _12257_/A (sky130_fd_sc_hd__or4bb_2)
     4    0.042183    0.429855    1.952518   35.964142 v _12257_/X (sky130_fd_sc_hd__or4bb_2)
                                                         _06593_ (net)
                      0.429855    0.000746   35.964890 v _12260_/S (sky130_fd_sc_hd__mux2_1)
     2    0.024807    0.359351    0.774424   36.739311 ^ _12260_/X (sky130_fd_sc_hd__mux2_1)
                                                         _06596_ (net)
                      0.359351    0.001052   36.740364 ^ _12261_/A2 (sky130_fd_sc_hd__a2111oi_4)
     3    0.023510    0.209462    0.304262   37.044624 v _12261_/Y (sky130_fd_sc_hd__a2111oi_4)
                                                         u_ibex_top.u_ibex_core.id_stage_i.branch_set_raw_d (net)
                      0.209464    0.001180   37.045807 v wire470/A (sky130_fd_sc_hd__clkbuf_2)
     2    0.024912    0.179948    0.356835   37.402641 v wire470/X (sky130_fd_sc_hd__clkbuf_2)
                                                         net470 (net)
                      0.179959    0.001542   37.404182 v _12274_/B (sky130_fd_sc_hd__or3_2)
     3    0.010836    0.209991    1.174982   38.579163 v _12274_/X (sky130_fd_sc_hd__or3_2)
                                                         _06609_ (net)
                      0.209991    0.000142   38.579308 v _12276_/A (sky130_fd_sc_hd__or2_2)
     2    0.007458    0.136121    0.758973   39.338280 v _12276_/X (sky130_fd_sc_hd__or2_2)
                                                         _06611_ (net)
                      0.136121    0.000092   39.338371 v _12677_/B (sky130_fd_sc_hd__nor2_2)
     3    0.021698    0.411647    0.379455   39.717827 ^ _12677_/Y (sky130_fd_sc_hd__nor2_2)
                                                         _06915_ (net)
                      0.411647    0.000696   39.718521 ^ fanout451/A (sky130_fd_sc_hd__clkdlybuf4s25_1)
    10    0.067983    1.080535    1.320373   41.038895 ^ fanout451/X (sky130_fd_sc_hd__clkdlybuf4s25_1)
                                                         net451 (net)
                      1.080535    0.000341   41.039238 ^ fanout450/A (sky130_fd_sc_hd__clkdlybuf4s25_1)
    10    0.058498    0.931723    1.396558   42.435795 ^ fanout450/X (sky130_fd_sc_hd__clkdlybuf4s25_1)
                                                         net450 (net)
                      0.931734    0.004661   42.440456 ^ _18006_/A1 (sky130_fd_sc_hd__a211o_2)
     3    0.034627    0.279203    0.723105   43.163563 ^ _18006_/X (sky130_fd_sc_hd__a211o_2)
                                                         _03007_ (net)
                      0.279209    0.001716   43.165276 ^ fanout383/A (sky130_fd_sc_hd__clkdlybuf4s25_1)
     5    0.048267    0.772741    1.055039   44.220314 ^ fanout383/X (sky130_fd_sc_hd__clkdlybuf4s25_1)
                                                         net383 (net)
                      0.772741    0.000366   44.220680 ^ fanout382/A (sky130_fd_sc_hd__clkdlybuf4s25_1)
    10    0.067037    1.066119    1.417959   45.638641 ^ fanout382/X (sky130_fd_sc_hd__clkdlybuf4s25_1)
                                                         net382 (net)
                      1.066153    0.007073   45.645714 ^ _18007_/A (sky130_fd_sc_hd__inv_2)
     4    0.061165    0.425453    0.651905   46.297619 v _18007_/Y (sky130_fd_sc_hd__inv_2)
                                                         _03008_ (net)
                      0.425495    0.003961   46.301582 v fanout320/A (sky130_fd_sc_hd__clkdlybuf4s25_1)
    10    0.064731    0.858755    1.195772   47.497353 v fanout320/X (sky130_fd_sc_hd__clkdlybuf4s25_1)
                                                         net320 (net)
                      0.858755    0.001616   47.498970 v fanout319/A (sky130_fd_sc_hd__clkdlybuf4s25_1)
    10    0.069706    0.922644    1.356217   48.855186 v fanout319/X (sky130_fd_sc_hd__clkdlybuf4s25_1)
                                                         net319 (net)
                      0.922644    0.000959   48.856144 v _18008_/B1 (sky130_fd_sc_hd__a22o_2)
     1    0.002522    0.070009    0.694413   49.550560 v _18008_/X (sky130_fd_sc_hd__a22o_2)
                                                         _01343_ (net)
                      0.070009    0.000018   49.550575 v hold2989/A (sky130_fd_sc_hd__dlygate4sd3_1)
     1    0.002793    0.105486    1.123283   50.673859 v hold2989/X (sky130_fd_sc_hd__dlygate4sd3_1)
                                                         net2989 (net)
                      0.105486    0.000032   50.673893 v _21123_/D (sky130_fd_sc_hd__dfrtp_2)
                                             50.673893   data arrival time

                                 50.000000   50.000000   clock clk_i (rise edge)
                                  0.000000   50.000000   clock source latency
     2    0.107397    0.000000    0.000000   50.000000 ^ clk_i (in)
                                                         clk_i (net)
                      0.041021    0.020510   50.020508 ^ clkbuf_0_clk_i/A (sky130_fd_sc_hd__clkbuf_16)
     1    0.011126    0.056394    0.195911   50.216419 ^ clkbuf_0_clk_i/X (sky130_fd_sc_hd__clkbuf_16)
                                                         clknet_0_clk_i (net)
                      0.056394    0.000274   50.216694 ^ clkbuf_1_0__f_clk_i/A (sky130_fd_sc_hd__clkbuf_16)
     1    0.001685    0.043001    0.185604   50.402298 ^ clkbuf_1_0__f_clk_i/X (sky130_fd_sc_hd__clkbuf_16)
                                                         clknet_1_0__leaf_clk_i (net)
                      0.043001    0.000014   50.402309 ^ _12039_/A (sky130_fd_sc_hd__and2_2)
     1    0.009537    0.114274    0.286498   50.688808 ^ _12039_/X (sky130_fd_sc_hd__and2_2)
                                                         u_ibex_top.clk (net)
                      0.114274    0.000153   50.688961 ^ clkbuf_0_u_ibex_top.clk/A (sky130_fd_sc_hd__clkbuf_16)
     4    0.134477    0.224716    0.371223   51.060184 ^ clkbuf_0_u_ibex_top.clk/X (sky130_fd_sc_hd__clkbuf_16)
                                                         clknet_0_u_ibex_top.clk (net)
                      0.224816    0.003912   51.064098 ^ clkbuf_2_0_0_u_ibex_top.clk/A (sky130_fd_sc_hd__clkbuf_8)
     8    0.169516    0.449287    0.583505   51.647602 ^ clkbuf_2_0_0_u_ibex_top.clk/X (sky130_fd_sc_hd__clkbuf_8)
                                                         clknet_2_0_0_u_ibex_top.clk (net)
                      0.449492    0.004892   51.652493 ^ clkbuf_5_3__f_u_ibex_top.clk/A (sky130_fd_sc_hd__clkbuf_16)
     7    0.070220    0.137607    0.446256   52.098751 ^ clkbuf_5_3__f_u_ibex_top.clk/X (sky130_fd_sc_hd__clkbuf_16)
                                                         clknet_5_3__leaf_u_ibex_top.clk (net)
                      0.137607    0.000540   52.099289 ^ clkbuf_leaf_21_u_ibex_top.clk/A (sky130_fd_sc_hd__clkbuf_8)
    10    0.038506    0.126166    0.305782   52.405071 ^ clkbuf_leaf_21_u_ibex_top.clk/X (sky130_fd_sc_hd__clkbuf_8)
                                                         clknet_leaf_21_u_ibex_top.clk (net)
                      0.126166    0.000441   52.405514 ^ _21123_/CLK (sky130_fd_sc_hd__dfrtp_2)
                                 -0.250000   52.155510   clock uncertainty
                                  0.004296   52.159805   clock reconvergence pessimism
                                 -0.276451   51.883354   library setup time
                                             51.883354   data required time
---------------------------------------------------------------------------------------------
                                             51.883354   data required time
                                            -50.673893   data arrival time
---------------------------------------------------------------------------------------------
                                              1.209465   slack (MET)




===========================================================================
report_checks --slack_max -0.01
============================================================================
======================= min_ss_100C_1v60 Corner ===================================

No paths found.


===========================================================================
 report_check_types -max_slew -max_cap -max_fanout -violators
============================================================================
======================= min_ss_100C_1v60 Corner ===================================

max slew

Pin                                        Limit        Slew       Slack
------------------------------------------------------------------------
_11945_/A1                              0.750000    2.268702   -1.518702 (VIOLATED)
_11257_/A1                              0.750000    2.268696   -1.518696 (VIOLATED)
_09962_/B1                              0.750000    2.268694   -1.518694 (VIOLATED)
_09965_/A1                              0.750000    2.268696   -1.518696 (VIOLATED)
_18423_/B2                              0.750000    2.268690   -1.518690 (VIOLATED)
_09971_/C                               0.750000    2.268682   -1.518682 (VIOLATED)
_09972_/D                               0.750000    2.268676   -1.518676 (VIOLATED)
_12133_/B                               0.750000    2.268659   -1.518659 (VIOLATED)
_12006_/B                               0.750000    2.268656   -1.518656 (VIOLATED)
_12045_/B                               0.750000    2.268653   -1.518653 (VIOLATED)
fanout1913/X                            0.750000    2.268653   -1.518653 (VIOLATED)
_18418_/B2                              0.750000    1.955739   -1.205739 (VIOLATED)
_11885_/A1                              0.750000    1.955727   -1.205727 (VIOLATED)
_10303_/A1                              0.750000    1.955712   -1.205712 (VIOLATED)
_10304_/A1                              0.750000    1.955711   -1.205711 (VIOLATED)
_09985_/S                               0.750000    1.955599   -1.205599 (VIOLATED)
_09987_/C                               0.750000    1.955558   -1.205558 (VIOLATED)
ANTENNA_112/DIODE                       0.750000    1.955445   -1.205445 (VIOLATED)
_09972_/C                               0.750000    1.955446   -1.205446 (VIOLATED)
_12006_/A                               0.750000    1.955233   -1.205233 (VIOLATED)
_12045_/A                               0.750000    1.955178   -1.205178 (VIOLATED)
_12052_/B                               0.750000    1.955143   -1.205143 (VIOLATED)
fanout1915/X                            0.750000    1.955143   -1.205143 (VIOLATED)
_10574_/A1                              0.750000    1.932707   -1.182707 (VIOLATED)
_11439_/A                               0.750000    1.932708   -1.182708 (VIOLATED)
_11124_/D1                              0.750000    1.932704   -1.182704 (VIOLATED)
_10455_/C                               0.750000    1.932699   -1.182699 (VIOLATED)
_10458_/C                               0.750000    1.932699   -1.182699 (VIOLATED)
_10699_/D1                              0.750000    1.932699   -1.182699 (VIOLATED)
fanout1949/X                            0.750000    1.932699   -1.182699 (VIOLATED)
_10021_/B1                              0.750000    1.895431   -1.145431 (VIOLATED)
_10017_/A1                              0.750000    1.895429   -1.145429 (VIOLATED)
_09978_/A_N                             0.750000    1.895426   -1.145426 (VIOLATED)
_09982_/C                               0.750000    1.895422   -1.145422 (VIOLATED)
_09987_/D_N                             0.750000    1.895420   -1.145420 (VIOLATED)
_09975_/A                               0.750000    1.895399   -1.145399 (VIOLATED)
_09974_/A                               0.750000    1.895374   -1.145374 (VIOLATED)
_09980_/B                               0.750000    1.895363   -1.145363 (VIOLATED)
_18310_/A0                              0.750000    1.895262   -1.145262 (VIOLATED)
_19546_/A1                              0.750000    1.895262   -1.145262 (VIOLATED)
fanout2294/X                            0.750000    1.895262   -1.145262 (VIOLATED)
_12164_/B                               0.750000    1.820431   -1.070431 (VIOLATED)
_12688_/A                               0.750000    1.820428   -1.070429 (VIOLATED)
_12703_/A                               0.750000    1.820428   -1.070429 (VIOLATED)
_12698_/A                               0.750000    1.820427   -1.070427 (VIOLATED)
_11510_/A2                              0.750000    1.820288   -1.070288 (VIOLATED)
_11516_/A2                              0.750000    1.820289   -1.070289 (VIOLATED)
_11323_/A2                              0.750000    1.820275   -1.070275 (VIOLATED)
_11321_/A2                              0.750000    1.820272   -1.070272 (VIOLATED)
_11319_/A2                              0.750000    1.820258   -1.070258 (VIOLATED)
_11325_/A2                              0.750000    1.820258   -1.070258 (VIOLATED)
fanout1781/X                            0.750000    1.820258   -1.070258 (VIOLATED)
_18275_/A1                              0.750000    1.818388   -1.068388 (VIOLATED)
_12798_/A3                              0.750000    1.818386   -1.068386 (VIOLATED)
_18029_/A1                              0.750000    1.818381   -1.068381 (VIOLATED)
_17898_/B2                              0.750000    1.818354   -1.068354 (VIOLATED)
_18217_/A1                              0.750000    1.818346   -1.068346 (VIOLATED)
_17908_/A0                              0.750000    1.818267   -1.068267 (VIOLATED)
_17650_/B2                              0.750000    1.818012   -1.068012 (VIOLATED)
_17398_/A1                              0.750000    1.817980   -1.067980 (VIOLATED)
_17789_/A1                              0.750000    1.817957   -1.067957 (VIOLATED)
_17526_/A1                              0.750000    1.817950   -1.067950 (VIOLATED)
fanout1024/X                            0.750000    1.817950   -1.067950 (VIOLATED)
_12676_/A                               0.750000    1.807401   -1.057401 (VIOLATED)
_12679_/A                               0.750000    1.807400   -1.057400 (VIOLATED)
_12678_/A                               0.750000    1.807398   -1.057398 (VIOLATED)
_11511_/A2                              0.750000    1.807323   -1.057323 (VIOLATED)
_11517_/A2                              0.750000    1.807322   -1.057322 (VIOLATED)
_11871_/A2                              0.750000    1.807323   -1.057323 (VIOLATED)
_11322_/A2                              0.750000    1.807316   -1.057316 (VIOLATED)
_11320_/A2                              0.750000    1.807314   -1.057314 (VIOLATED)
_11324_/A2                              0.750000    1.807314   -1.057314 (VIOLATED)
_11326_/A2                              0.750000    1.807314   -1.057314 (VIOLATED)
fanout1764/X                            0.750000    1.807314   -1.057314 (VIOLATED)
_16375_/S                               0.750000    1.791608   -1.041608 (VIOLATED)
_16388_/S                               0.750000    1.791606   -1.041607 (VIOLATED)
_16376_/S                               0.750000    1.791605   -1.041605 (VIOLATED)
_16378_/S                               0.750000    1.791175   -1.041175 (VIOLATED)
_16379_/S                               0.750000    1.791175   -1.041175 (VIOLATED)
_16380_/S                               0.750000    1.791175   -1.041175 (VIOLATED)
_16384_/S                               0.750000    1.791175   -1.041175 (VIOLATED)
_16387_/S                               0.750000    1.791175   -1.041175 (VIOLATED)
fanout860/X                             0.750000    1.791175   -1.041175 (VIOLATED)
_13021_/A2                              0.750000    1.779518   -1.029518 (VIOLATED)
_13033_/B1                              0.750000    1.779516   -1.029516 (VIOLATED)
_13088_/B1                              0.750000    1.779507   -1.029507 (VIOLATED)
fanout1282/A                            0.750000    1.779488   -1.029489 (VIOLATED)
_13120_/A2                              0.750000    1.779486   -1.029486 (VIOLATED)
_12776_/A2                              0.750000    1.779480   -1.029480 (VIOLATED)
_12923_/A2                              0.750000    1.779472   -1.029472 (VIOLATED)
_12939_/B1                              0.750000    1.779472   -1.029472 (VIOLATED)
_12951_/A2                              0.750000    1.779472   -1.029472 (VIOLATED)
_12979_/A2                              0.750000    1.779472   -1.029472 (VIOLATED)
fanout1283/X                            0.750000    1.779472   -1.029472 (VIOLATED)
_13899_/D                               0.750000    1.766277   -1.016277 (VIOLATED)
_14541_/C1                              0.750000    1.766259   -1.016259 (VIOLATED)
_14142_/D1                              0.750000    1.766231   -1.016231 (VIOLATED)
_13452_/C                               0.750000    1.766225   -1.016225 (VIOLATED)
fanout1545/A                            0.750000    1.765749   -1.015749 (VIOLATED)
fanout1544/A                            0.750000    1.765664   -1.015664 (VIOLATED)
fanout1546/X                            0.750000    1.765664   -1.015664 (VIOLATED)
_15169_/A2                              0.750000    1.712952   -0.962952 (VIOLATED)
_15168_/A2                              0.750000    1.712950   -0.962950 (VIOLATED)
_15472_/A2                              0.750000    1.712948   -0.962948 (VIOLATED)
_15571_/B                               0.750000    1.712948   -0.962948 (VIOLATED)
_14831_/A2                              0.750000    1.712934   -0.962934 (VIOLATED)
_13902_/B                               0.750000    1.712900   -0.962900 (VIOLATED)
_13901_/B                               0.750000    1.712893   -0.962893 (VIOLATED)
_14463_/A2                              0.750000    1.712893   -0.962893 (VIOLATED)
_13903_/A2                              0.750000    1.712470   -0.962470 (VIOLATED)
_13904_/A2                              0.750000    1.712470   -0.962470 (VIOLATED)
fanout1237/X                            0.750000    1.712470   -0.962470 (VIOLATED)
_12263_/A                               0.750000    1.711395   -0.961395 (VIOLATED)
fanout1700/A                            0.750000    1.711378   -0.961378 (VIOLATED)
ANTENNA_51/DIODE                        0.750000    1.711305   -0.961305 (VIOLATED)
_14776_/A                               0.750000    1.711305   -0.961305 (VIOLATED)
_09985_/A1                              0.750000    1.711220   -0.961220 (VIOLATED)
_10022_/A                               0.750000    1.711220   -0.961220 (VIOLATED)
_10564_/A                               0.750000    1.711220   -0.961220 (VIOLATED)
_10565_/A                               0.750000    1.711220   -0.961220 (VIOLATED)
_12072_/B1                              0.750000    1.711220   -0.961220 (VIOLATED)
fanout1701/X                            0.750000    1.711220   -0.961220 (VIOLATED)
_12701_/A                               0.750000    1.705562   -0.955562 (VIOLATED)
_12702_/A                               0.750000    1.705562   -0.955562 (VIOLATED)
_12690_/A                               0.750000    1.705557   -0.955558 (VIOLATED)
_12143_/A                               0.750000    1.705551   -0.955551 (VIOLATED)
_12162_/A                               0.750000    1.705550   -0.955550 (VIOLATED)
_11875_/B1                              0.750000    1.705392   -0.955392 (VIOLATED)
_11871_/B1                              0.750000    1.705390   -0.955390 (VIOLATED)
fanout1756/A                            0.750000    1.705390   -0.955390 (VIOLATED)
fanout1757/X                            0.750000    1.705390   -0.955390 (VIOLATED)
_13089_/C1                              0.750000    1.678727   -0.928727 (VIOLATED)
_13075_/C1                              0.750000    1.678721   -0.928721 (VIOLATED)
_12765_/C1                              0.750000    1.678708   -0.928708 (VIOLATED)
_12778_/C1                              0.750000    1.678706   -0.928706 (VIOLATED)
fanout1277/A                            0.750000    1.678700   -0.928700 (VIOLATED)
_12806_/B                               0.750000    1.678692   -0.928692 (VIOLATED)
_12845_/C1                              0.750000    1.678692   -0.928692 (VIOLATED)
_12872_/B1                              0.750000    1.678656   -0.928656 (VIOLATED)
_12883_/B1                              0.750000    1.678656   -0.928656 (VIOLATED)
_12898_/B1                              0.750000    1.678656   -0.928656 (VIOLATED)
fanout1278/X                            0.750000    1.678656   -0.928656 (VIOLATED)
_18399_/A                               0.750000    1.674142   -0.924142 (VIOLATED)
_18404_/B1                              0.750000    1.674142   -0.924142 (VIOLATED)
_18387_/B1                              0.750000    1.674140   -0.924140 (VIOLATED)
_18353_/B1                              0.750000    1.674119   -0.924119 (VIOLATED)
_18348_/A                               0.750000    1.674117   -0.924117 (VIOLATED)
_18365_/A                               0.750000    1.673684   -0.923684 (VIOLATED)
_18264_/A                               0.750000    1.673670   -0.923670 (VIOLATED)
_18337_/C                               0.750000    1.673670   -0.923670 (VIOLATED)
_11991_/C                               0.750000    1.673668   -0.923668 (VIOLATED)
_12398_/B                               0.750000    1.673668   -0.923668 (VIOLATED)
fanout1588/X                            0.750000    1.673668   -0.923668 (VIOLATED)
_11615_/A1                              0.750000    1.656476   -0.906476 (VIOLATED)
_11614_/A1                              0.750000    1.656475   -0.906475 (VIOLATED)
_11154_/B1                              0.750000    1.656466   -0.906466 (VIOLATED)
_11556_/A1                              0.750000    1.656459   -0.906459 (VIOLATED)
_11557_/A1                              0.750000    1.656459   -0.906459 (VIOLATED)
_11898_/B1                              0.750000    1.656436   -0.906436 (VIOLATED)
_10665_/B1                              0.750000    1.656421   -0.906421 (VIOLATED)
_11834_/B1                              0.750000    1.656422   -0.906422 (VIOLATED)
_10727_/B1                              0.750000    1.656416   -0.906416 (VIOLATED)
_10783_/B1                              0.750000    1.656416   -0.906416 (VIOLATED)
fanout1853/X                            0.750000    1.656416   -0.906416 (VIOLATED)
_09914_/A                               0.750000    1.636118   -0.886118 (VIOLATED)
_09935_/A1                              0.750000    1.636118   -0.886118 (VIOLATED)
_09936_/A1                              0.750000    1.636115   -0.886115 (VIOLATED)
_09947_/A_N                             0.750000    1.636098   -0.886098 (VIOLATED)
_09938_/A                               0.750000    1.636096   -0.886097 (VIOLATED)
_09928_/C                               0.750000    1.636088   -0.886089 (VIOLATED)
_09929_/C                               0.750000    1.636081   -0.886081 (VIOLATED)
_09997_/A1                              0.750000    1.636069   -0.886069 (VIOLATED)
_18266_/A0                              0.750000    1.635655   -0.885655 (VIOLATED)
_19504_/A                               0.750000    1.635643   -0.885643 (VIOLATED)
fanout2307/X                            0.750000    1.635643   -0.885643 (VIOLATED)
_18268_/A1                              0.750000    1.634546   -0.884546 (VIOLATED)
_12783_/A3                              0.750000    1.634545   -0.884545 (VIOLATED)
_18026_/A1                              0.750000    1.634545   -0.884545 (VIOLATED)
_17895_/A1                              0.750000    1.634541   -0.884541 (VIOLATED)
_17394_/A1                              0.750000    1.634540   -0.884540 (VIOLATED)
_17522_/A1                              0.750000    1.634540   -0.884540 (VIOLATED)
_17646_/B1                              0.750000    1.634540   -0.884540 (VIOLATED)
_17785_/A1                              0.750000    1.634540   -0.884540 (VIOLATED)
_17907_/A0                              0.750000    1.634540   -0.884540 (VIOLATED)
_17940_/A0                              0.750000    1.634540   -0.884540 (VIOLATED)
fanout1025/X                            0.750000    1.634540   -0.884540 (VIOLATED)
_11239_/A                               0.750000    1.633682   -0.883682 (VIOLATED)
_11369_/A1                              0.750000    1.633681   -0.883681 (VIOLATED)
_10088_/A1                              0.750000    1.633679   -0.883679 (VIOLATED)
_11172_/A                               0.750000    1.633677   -0.883677 (VIOLATED)
_10274_/A                               0.750000    1.633645   -0.883645 (VIOLATED)
_10391_/A                               0.750000    1.633646   -0.883646 (VIOLATED)
_10924_/A                               0.750000    1.633632   -0.883632 (VIOLATED)
_10621_/A                               0.750000    1.633631   -0.883631 (VIOLATED)
_10683_/A                               0.750000    1.633631   -0.883631 (VIOLATED)
_10874_/A                               0.750000    1.633631   -0.883631 (VIOLATED)
fanout1900/X                            0.750000    1.633631   -0.883631 (VIOLATED)
_09843_/A                               0.750000    1.622717   -0.872717 (VIOLATED)
_18618_/A1                              0.750000    1.622701   -0.872701 (VIOLATED)
_18617_/A1                              0.750000    1.622700   -0.872700 (VIOLATED)
_18621_/A1                              0.750000    1.622700   -0.872700 (VIOLATED)
_16257_/A1                              0.750000    1.622699   -0.872699 (VIOLATED)
_13463_/A                               0.750000    1.622696   -0.872696 (VIOLATED)
_14410_/A1                              0.750000    1.622686   -0.872686 (VIOLATED)
_12348_/A                               0.750000    1.622684   -0.872684 (VIOLATED)
_10021_/A2                              0.750000    1.622456   -0.872456 (VIOLATED)
fanout2287/A                            0.750000    1.622387   -0.872387 (VIOLATED)
fanout2288/X                            0.750000    1.622387   -0.872387 (VIOLATED)
_18059_/A2                              0.750000    1.621260   -0.871260 (VIOLATED)
_18000_/B1                              0.750000    1.621258   -0.871259 (VIOLATED)
_18050_/A2                              0.750000    1.621258   -0.871258 (VIOLATED)
_17970_/C1                              0.750000    1.620864   -0.870864 (VIOLATED)
_18006_/C1                              0.750000    1.620863   -0.870863 (VIOLATED)
_18038_/A2                              0.750000    1.620861   -0.870861 (VIOLATED)
_18041_/A2                              0.750000    1.620857   -0.870858 (VIOLATED)
_17975_/A2                              0.750000    1.620856   -0.870856 (VIOLATED)
_17997_/A2                              0.750000    1.620856   -0.870856 (VIOLATED)
_18013_/B1                              0.750000    1.620856   -0.870856 (VIOLATED)
fanout1140/X                            0.750000    1.620856   -0.870856 (VIOLATED)
_10574_/B2                              0.750000    1.620436   -0.870436 (VIOLATED)
_13306_/B                               0.750000    1.620415   -0.870415 (VIOLATED)
_16394_/B                               0.750000    1.620413   -0.870413 (VIOLATED)
_13305_/B                               0.750000    1.620405   -0.870405 (VIOLATED)
_16562_/B                               0.750000    1.620405   -0.870405 (VIOLATED)
_16393_/B                               0.750000    1.620400   -0.870400 (VIOLATED)
_16596_/B                               0.750000    1.620385   -0.870385 (VIOLATED)
_12065_/D                               0.750000    1.620370   -0.870370 (VIOLATED)
_18296_/A0                              0.750000    1.620092   -0.870092 (VIOLATED)
_19532_/A1                              0.750000    1.620076   -0.870076 (VIOLATED)
fanout2301/X                            0.750000    1.620076   -0.870076 (VIOLATED)
_14955_/A2                              0.750000    1.619852   -0.869852 (VIOLATED)
_14592_/A2                              0.750000    1.619848   -0.869848 (VIOLATED)
_14593_/A2                              0.750000    1.619844   -0.869844 (VIOLATED)
_13581_/B                               0.750000    1.619819   -0.869819 (VIOLATED)
_14001_/A2                              0.750000    1.619776   -0.869776 (VIOLATED)
_14002_/A2                              0.750000    1.619777   -0.869777 (VIOLATED)
_13767_/A2                              0.750000    1.619698   -0.869698 (VIOLATED)
_13583_/A2                              0.750000    1.619683   -0.869683 (VIOLATED)
_13584_/A2                              0.750000    1.619683   -0.869683 (VIOLATED)
_13582_/B                               0.750000    1.619670   -0.869670 (VIOLATED)
fanout1255/X                            0.750000    1.619670   -0.869670 (VIOLATED)
_15455_/A                               0.750000    1.616614   -0.866614 (VIOLATED)
_15647_/A                               0.750000    1.616610   -0.866610 (VIOLATED)
_15648_/A                               0.750000    1.616609   -0.866609 (VIOLATED)
_15552_/A                               0.750000    1.616599   -0.866600 (VIOLATED)
_15256_/A                               0.750000    1.616588   -0.866588 (VIOLATED)
_15156_/A                               0.750000    1.616545   -0.866545 (VIOLATED)
_15039_/A                               0.750000    1.616529   -0.866529 (VIOLATED)
_14013_/B                               0.750000    1.616435   -0.866435 (VIOLATED)
_14014_/C                               0.750000    1.616435   -0.866435 (VIOLATED)
_14099_/A2                              0.750000    1.616435   -0.866435 (VIOLATED)
fanout1160/X                            0.750000    1.616435   -0.866435 (VIOLATED)
_12061_/A                               0.750000    1.602326   -0.852326 (VIOLATED)
_12063_/A                               0.750000    1.602327   -0.852327 (VIOLATED)
_12057_/A                               0.750000    1.602324   -0.852325 (VIOLATED)
_12139_/A1                              0.750000    1.602313   -0.852313 (VIOLATED)
_11321_/B1                              0.750000    1.602242   -0.852242 (VIOLATED)
_11510_/B1                              0.750000    1.602242   -0.852242 (VIOLATED)
_11516_/B1                              0.750000    1.602242   -0.852242 (VIOLATED)
_11323_/B1                              0.750000    1.602239   -0.852240 (VIOLATED)
_11319_/B1                              0.750000    1.602237   -0.852237 (VIOLATED)
_11325_/B1                              0.750000    1.602237   -0.852237 (VIOLATED)
fanout1773/X                            0.750000    1.602237   -0.852237 (VIOLATED)
fanout1987/A                            0.750000    1.589980   -0.839980 (VIOLATED)
fanout1985/A                            0.750000    1.589976   -0.839976 (VIOLATED)
fanout1992/A                            0.750000    1.589972   -0.839972 (VIOLATED)
fanout2003/A                            0.750000    1.589972   -0.839972 (VIOLATED)
fanout2013/A                            0.750000    1.589972   -0.839972 (VIOLATED)
fanout2019/A                            0.750000    1.589972   -0.839972 (VIOLATED)
fanout2024/A                            0.750000    1.589972   -0.839972 (VIOLATED)
fanout2026/X                            0.750000    1.589972   -0.839972 (VIOLATED)
_10649_/A1                              0.750000    1.574285   -0.824285 (VIOLATED)
_11381_/A                               0.750000    1.574280   -0.824280 (VIOLATED)
_10455_/B                               0.750000    1.574275   -0.824275 (VIOLATED)
_10458_/B                               0.750000    1.574275   -0.824275 (VIOLATED)
_10699_/B1                              0.750000    1.574275   -0.824275 (VIOLATED)
_11124_/B1                              0.750000    1.574275   -0.824275 (VIOLATED)
fanout1953/X                            0.750000    1.574275   -0.824275 (VIOLATED)
_13095_/A3                              0.750000    1.573566   -0.823566 (VIOLATED)
_13150_/A1                              0.750000    1.573565   -0.823565 (VIOLATED)
_18095_/A1                              0.750000    1.573566   -0.823566 (VIOLATED)
_18413_/A1                              0.750000    1.573550   -0.823550 (VIOLATED)
_17482_/A1                              0.750000    1.573495   -0.823495 (VIOLATED)
_17746_/A1                              0.750000    1.573494   -0.823494 (VIOLATED)
_17873_/A1                              0.750000    1.573492   -0.823492 (VIOLATED)
_17608_/A1                              0.750000    1.573489   -0.823489 (VIOLATED)
_17930_/A0                              0.750000    1.573092   -0.823092 (VIOLATED)
_17963_/A0                              0.750000    1.573092   -0.823092 (VIOLATED)
fanout926/X                             0.750000    1.573092   -0.823092 (VIOLATED)
_12805_/B1                              0.750000    1.570692   -0.820692 (VIOLATED)
_12873_/B1                              0.750000    1.570683   -0.820683 (VIOLATED)
_12899_/B1                              0.750000    1.570683   -0.820683 (VIOLATED)
_12841_/B1                              0.750000    1.570674   -0.820674 (VIOLATED)
_12777_/B1                              0.750000    1.570651   -0.820651 (VIOLATED)
_12765_/A2                              0.750000    1.570649   -0.820649 (VIOLATED)
_12720_/A2                              0.750000    1.570641   -0.820641 (VIOLATED)
fanout1280/A                            0.750000    1.570599   -0.820599 (VIOLATED)
fanout1281/X                            0.750000    1.570599   -0.820599 (VIOLATED)
_10651_/B2                              0.750000    1.555245   -0.805245 (VIOLATED)
_16393_/A                               0.750000    1.555235   -0.805235 (VIOLATED)
_13305_/A_N                             0.750000    1.555233   -0.805233 (VIOLATED)
_13306_/A_N                             0.750000    1.555234   -0.805234 (VIOLATED)
_16394_/A                               0.750000    1.555233   -0.805233 (VIOLATED)
_16562_/A                               0.750000    1.555233   -0.805233 (VIOLATED)
_16596_/A                               0.750000    1.555221   -0.805221 (VIOLATED)
_12065_/C                               0.750000    1.555214   -0.805214 (VIOLATED)
_18288_/A0                              0.750000    1.554726   -0.804726 (VIOLATED)
_19526_/A1                              0.750000    1.554725   -0.804725 (VIOLATED)
fanout2302/X                            0.750000    1.554725   -0.804725 (VIOLATED)
_17498_/A1                              0.750000    1.548609   -0.798609 (VIOLATED)
_13253_/D                               0.750000    1.548607   -0.798607 (VIOLATED)
_17370_/A1                              0.750000    1.548607   -0.798607 (VIOLATED)
_17975_/B2                              0.750000    1.548607   -0.798607 (VIOLATED)
_18225_/A1                              0.750000    1.548606   -0.798606 (VIOLATED)
_13289_/A0                              0.750000    1.548604   -0.798604 (VIOLATED)
_13296_/A0                              0.750000    1.548604   -0.798604 (VIOLATED)
_17901_/A0                              0.750000    1.548604   -0.798604 (VIOLATED)
_17934_/A0                              0.750000    1.548604   -0.798604 (VIOLATED)
_18123_/A0                              0.750000    1.548604   -0.798604 (VIOLATED)
fanout1020/X                            0.750000    1.548604   -0.798604 (VIOLATED)
_12494_/A2                              0.750000    1.547285   -0.797285 (VIOLATED)
_12436_/A2                              0.750000    1.547278   -0.797278 (VIOLATED)
_12473_/A2                              0.750000    1.547278   -0.797278 (VIOLATED)
_12445_/A2                              0.750000    1.547277   -0.797277 (VIOLATED)
_12441_/B1                              0.750000    1.547274   -0.797274 (VIOLATED)
_12462_/A2                              0.750000    1.547270   -0.797270 (VIOLATED)
_12457_/A2                              0.750000    1.547269   -0.797269 (VIOLATED)
_12452_/B1                              0.750000    1.547238   -0.797239 (VIOLATED)
_12490_/B1                              0.750000    1.547217   -0.797217 (VIOLATED)
_19045_/B1                              0.750000    1.546839   -0.796839 (VIOLATED)
fanout1031/X                            0.750000    1.546839   -0.796839 (VIOLATED)
_17514_/A1                              0.750000    1.541956   -0.791956 (VIOLATED)
_17777_/A1                              0.750000    1.541954   -0.791954 (VIOLATED)
_17387_/A1                              0.750000    1.541949   -0.791949 (VIOLATED)
ANTENNA_94/DIODE                        0.750000    1.541944   -0.791944 (VIOLATED)
_17638_/B2                              0.750000    1.541941   -0.791941 (VIOLATED)
_12756_/A3                              0.750000    1.541885   -0.791885 (VIOLATED)
_18020_/A1                              0.750000    1.541886   -0.791886 (VIOLATED)
_18254_/A1                              0.750000    1.541884   -0.791884 (VIOLATED)
_17938_/A0                              0.750000    1.541877   -0.791877 (VIOLATED)
_17996_/B2                              0.750000    1.541499   -0.791499 (VIOLATED)
_18127_/A0                              0.750000    1.541499   -0.791499 (VIOLATED)
fanout1026/X                            0.750000    1.541499   -0.791499 (VIOLATED)
_14746_/A                               0.750000    1.539405   -0.789405 (VIOLATED)
_14790_/A2                              0.750000    1.539406   -0.789406 (VIOLATED)
_09959_/B1                              0.750000    1.539392   -0.789392 (VIOLATED)
_09976_/A                               0.750000    1.539354   -0.789354 (VIOLATED)
_12090_/A                               0.750000    1.539355   -0.789355 (VIOLATED)
_09917_/B                               0.750000    1.539352   -0.789352 (VIOLATED)
_09994_/A                               0.750000    1.539349   -0.789349 (VIOLATED)
_10017_/A2                              0.750000    1.539340   -0.789340 (VIOLATED)
fanout1822/A                            0.750000    1.538846   -0.788846 (VIOLATED)
fanout1823/X                            0.750000    1.538846   -0.788846 (VIOLATED)
_14955_/A1                              0.750000    1.521459   -0.771459 (VIOLATED)
_14592_/A1                              0.750000    1.521456   -0.771456 (VIOLATED)
_14593_/A1                              0.750000    1.521453   -0.771453 (VIOLATED)
_13581_/A                               0.750000    1.521434   -0.771434 (VIOLATED)
_14002_/A1                              0.750000    1.521399   -0.771399 (VIOLATED)
_14001_/A1                              0.750000    1.521396   -0.771396 (VIOLATED)
_13582_/A                               0.750000    1.521351   -0.771351 (VIOLATED)
_13767_/A1                              0.750000    1.521342   -0.771342 (VIOLATED)
_13583_/A1                              0.750000    1.521336   -0.771336 (VIOLATED)
_13584_/A1                              0.750000    1.521336   -0.771336 (VIOLATED)
fanout1256/X                            0.750000    1.521336   -0.771336 (VIOLATED)
_15919_/A                               0.750000    1.518782   -0.768782 (VIOLATED)
_15920_/A                               0.750000    1.518782   -0.768782 (VIOLATED)
_15839_/A                               0.750000    1.518773   -0.768773 (VIOLATED)
_15742_/A                               0.750000    1.518764   -0.768764 (VIOLATED)
_15657_/A                               0.750000    1.518755   -0.768755 (VIOLATED)
_15563_/A                               0.750000    1.518742   -0.768742 (VIOLATED)
_15373_/B                               0.750000    1.518725   -0.768725 (VIOLATED)
_15268_/B                               0.750000    1.518712   -0.768712 (VIOLATED)
_15167_/B                               0.750000    1.518679   -0.768679 (VIOLATED)
_14283_/B                               0.750000    1.518197   -0.768197 (VIOLATED)
fanout1158/X                            0.750000    1.518197   -0.768197 (VIOLATED)
_10460_/A2                              0.750000    1.516265   -0.766265 (VIOLATED)
_11511_/B1                              0.750000    1.516260   -0.766260 (VIOLATED)
_11129_/A2                              0.750000    1.516256   -0.766256 (VIOLATED)
_11517_/B1                              0.750000    1.516256   -0.766257 (VIOLATED)
_10704_/A2                              0.750000    1.516254   -0.766254 (VIOLATED)
_10885_/A2                              0.750000    1.516254   -0.766254 (VIOLATED)
_11320_/B1                              0.750000    1.516254   -0.766254 (VIOLATED)
_11322_/B1                              0.750000    1.516254   -0.766254 (VIOLATED)
_11324_/B1                              0.750000    1.516254   -0.766254 (VIOLATED)
_11326_/B1                              0.750000    1.516254   -0.766254 (VIOLATED)
fanout1756/X                            0.750000    1.516254   -0.766254 (VIOLATED)
_18609_/A                               0.750000    1.504758   -0.754758 (VIOLATED)
_18610_/A2                              0.750000    1.504758   -0.754758 (VIOLATED)
_18974_/S                               0.750000    1.504733   -0.754733 (VIOLATED)
_18972_/S                               0.750000    1.504725   -0.754725 (VIOLATED)
_18990_/S                               0.750000    1.504708   -0.754708 (VIOLATED)
_18996_/S                               0.750000    1.504682   -0.754682 (VIOLATED)
_19031_/S                               0.750000    1.504678   -0.754679 (VIOLATED)
fanout1206/A                            0.750000    1.504678   -0.754679 (VIOLATED)
fanout1207/X                            0.750000    1.504678   -0.754679 (VIOLATED)
_18382_/B1                              0.750000    1.488559   -0.738559 (VIOLATED)
_18394_/B                               0.750000    1.488559   -0.738559 (VIOLATED)
_18377_/B                               0.750000    1.488548   -0.738548 (VIOLATED)
_18360_/C                               0.750000    1.488546   -0.738546 (VIOLATED)
_18370_/B1                              0.750000    1.488545   -0.738545 (VIOLATED)
_18329_/B1                              0.750000    1.488525   -0.738525 (VIOLATED)
_18335_/B1                              0.750000    1.488522   -0.738522 (VIOLATED)
_18343_/B                               0.750000    1.488520   -0.738520 (VIOLATED)
fanout1589/A                            0.750000    1.488072   -0.738072 (VIOLATED)
fanout1590/A                            0.750000    1.488072   -0.738072 (VIOLATED)
fanout1591/X                            0.750000    1.488072   -0.738072 (VIOLATED)
_13901_/A                               0.750000    1.473333   -0.723333 (VIOLATED)
_15169_/A1                              0.750000    1.473312   -0.723312 (VIOLATED)
_15472_/A1                              0.750000    1.473302   -0.723302 (VIOLATED)
_15571_/A                               0.750000    1.473302   -0.723303 (VIOLATED)
_15168_/A1                              0.750000    1.473298   -0.723298 (VIOLATED)
_14831_/A1                              0.750000    1.473251   -0.723251 (VIOLATED)
_13902_/A                               0.750000    1.473172   -0.723172 (VIOLATED)
_14463_/A1                              0.750000    1.473153   -0.723153 (VIOLATED)
_13903_/A1                              0.750000    1.472752   -0.722752 (VIOLATED)
_13904_/A1                              0.750000    1.472752   -0.722752 (VIOLATED)
fanout1238/X                            0.750000    1.472752   -0.722752 (VIOLATED)
_17474_/A1                              0.750000    1.471584   -0.721584 (VIOLATED)
_17601_/A                               0.750000    1.471581   -0.721581 (VIOLATED)
_13068_/A3                              0.750000    1.471577   -0.721577 (VIOLATED)
_13148_/A1                              0.750000    1.471577   -0.721577 (VIOLATED)
_17928_/A0                              0.750000    1.471577   -0.721577 (VIOLATED)
_17961_/A0                              0.750000    1.471577   -0.721577 (VIOLATED)
_18088_/B2                              0.750000    1.471577   -0.721577 (VIOLATED)
_18115_/A0                              0.750000    1.471577   -0.721577 (VIOLATED)
_18150_/A0                              0.750000    1.471577   -0.721577 (VIOLATED)
_18402_/A1                              0.750000    1.471577   -0.721577 (VIOLATED)
fanout928/X                             0.750000    1.471577   -0.721577 (VIOLATED)
_11716_/B1                              0.750000    1.466354   -0.716354 (VIOLATED)
_11775_/B1                              0.750000    1.466346   -0.716346 (VIOLATED)
_10199_/B1                              0.750000    1.466332   -0.716332 (VIOLATED)
_10081_/A                               0.750000    1.466295   -0.716295 (VIOLATED)
_10159_/A1                              0.750000    1.466279   -0.716279 (VIOLATED)
_10861_/B1                              0.750000    1.465887   -0.715887 (VIOLATED)
_10992_/A1                              0.750000    1.465887   -0.715887 (VIOLATED)
_11472_/B1                              0.750000    1.465887   -0.715887 (VIOLATED)
fanout1854/X                            0.750000    1.465887   -0.715887 (VIOLATED)
_12813_/A3                              0.750000    1.455328   -0.705328 (VIOLATED)
_18032_/A1                              0.750000    1.455328   -0.705328 (VIOLATED)
_18283_/A1                              0.750000    1.455327   -0.705327 (VIOLATED)
_18131_/A0                              0.750000    1.455326   -0.705326 (VIOLATED)
_13129_/A1                              0.750000    1.455323   -0.705323 (VIOLATED)
_17530_/A1                              0.750000    1.455320   -0.705320 (VIOLATED)
_17793_/A1                              0.750000    1.455319   -0.705319 (VIOLATED)
_17402_/A1                              0.750000    1.455318   -0.705318 (VIOLATED)
_17655_/A1                              0.750000    1.455318   -0.705318 (VIOLATED)
_17909_/A0                              0.750000    1.455318   -0.705318 (VIOLATED)
fanout1023/X                            0.750000    1.455318   -0.705318 (VIOLATED)
_14060_/B1                              0.750000    1.455012   -0.705012 (VIOLATED)
_14357_/B                               0.750000    1.455012   -0.705012 (VIOLATED)
_14359_/B                               0.750000    1.455012   -0.705012 (VIOLATED)
_14361_/A2                              0.750000    1.455012   -0.705012 (VIOLATED)
_14568_/B                               0.750000    1.455012   -0.705012 (VIOLATED)
_14688_/A2                              0.750000    1.455012   -0.705012 (VIOLATED)
_14690_/B                               0.750000    1.455012   -0.705012 (VIOLATED)
_15041_/A                               0.750000    1.455012   -0.705012 (VIOLATED)
_15375_/A                               0.750000    1.455012   -0.705012 (VIOLATED)
_15751_/A                               0.750000    1.455012   -0.705012 (VIOLATED)
fanout1230/X                            0.750000    1.455012   -0.705012 (VIOLATED)
_17510_/A1                              0.750000    1.454170   -0.704170 (VIOLATED)
_17383_/A1                              0.750000    1.454168   -0.704168 (VIOLATED)
_12744_/A3                              0.750000    1.454159   -0.704159 (VIOLATED)
_17904_/A0                              0.750000    1.454159   -0.704159 (VIOLATED)
_17937_/A0                              0.750000    1.454159   -0.704159 (VIOLATED)
_17989_/A                               0.750000    1.454159   -0.704159 (VIOLATED)
_18121_/A0                              0.750000    1.454159   -0.704159 (VIOLATED)
_18126_/A0                              0.750000    1.454159   -0.704159 (VIOLATED)
_18220_/B1                              0.750000    1.454159   -0.704159 (VIOLATED)
_18247_/A1                              0.750000    1.454159   -0.704159 (VIOLATED)
fanout1027/X                            0.750000    1.454159   -0.704159 (VIOLATED)
fanout2158/A                            0.750000    1.450115   -0.700115 (VIOLATED)
fanout2152/A                            0.750000    1.450111   -0.700111 (VIOLATED)
fanout2147/A                            0.750000    1.450109   -0.700109 (VIOLATED)
fanout2154/A                            0.750000    1.450106   -0.700106 (VIOLATED)
fanout2151/A                            0.750000    1.450086   -0.700086 (VIOLATED)
fanout2141/A                            0.750000    1.450078   -0.700079 (VIOLATED)
fanout2160/X                            0.750000    1.450078   -0.700079 (VIOLATED)
_11489_/A                               0.750000    1.446039   -0.696039 (VIOLATED)
_09851_/A                               0.750000    1.446037   -0.696037 (VIOLATED)
_10086_/A                               0.750000    1.446023   -0.696023 (VIOLATED)
_10085_/A                               0.750000    1.446019   -0.696019 (VIOLATED)
fanout1900/A                            0.750000    1.446019   -0.696019 (VIOLATED)
_12344_/A1                              0.750000    1.445972   -0.695973 (VIOLATED)
_18428_/A1                              0.750000    1.445972   -0.695973 (VIOLATED)
_18432_/A                               0.750000    1.445972   -0.695973 (VIOLATED)
_18451_/A                               0.750000    1.445972   -0.695973 (VIOLATED)
fanout1901/X                            0.750000    1.445972   -0.695973 (VIOLATED)
_12847_/A1                              0.750000    1.434199   -0.684200 (VIOLATED)
_12874_/A1                              0.750000    1.434196   -0.684196 (VIOLATED)
_12900_/A1                              0.750000    1.434195   -0.684195 (VIOLATED)
_13121_/A1                              0.750000    1.434173   -0.684173 (VIOLATED)
_12928_/A1                              0.750000    1.434159   -0.684159 (VIOLATED)
_13051_/A1                              0.750000    1.434146   -0.684146 (VIOLATED)
_13064_/A1                              0.750000    1.434146   -0.684146 (VIOLATED)
_12984_/A1                              0.750000    1.434139   -0.684139 (VIOLATED)
_13106_/A1                              0.750000    1.434091   -0.684091 (VIOLATED)
fanout1174/A                            0.750000    1.434068   -0.684068 (VIOLATED)
fanout1175/X                            0.750000    1.434068   -0.684068 (VIOLATED)
_13016_/B                               0.750000    1.432931   -0.682931 (VIOLATED)
_13034_/A2                              0.750000    1.432930   -0.682930 (VIOLATED)
_13083_/B                               0.750000    1.432917   -0.682917 (VIOLATED)
_13119_/A2                              0.750000    1.432911   -0.682911 (VIOLATED)
fanout1347/A                            0.750000    1.432879   -0.682879 (VIOLATED)
_13060_/A2                              0.750000    1.432850   -0.682850 (VIOLATED)
_13076_/A2                              0.750000    1.432850   -0.682850 (VIOLATED)
_13101_/A2                              0.750000    1.432848   -0.682848 (VIOLATED)
fanout1348/A                            0.750000    1.432846   -0.682846 (VIOLATED)
fanout1349/X                            0.750000    1.432846   -0.682846 (VIOLATED)
ANTENNA_107/DIODE                       0.750000    1.419486   -0.669486 (VIOLATED)
fanout1423/A                            0.750000    1.419486   -0.669486 (VIOLATED)
ANTENNA_106/DIODE                       0.750000    1.419460   -0.669460 (VIOLATED)
_14051_/A1                              0.750000    1.419460   -0.669460 (VIOLATED)
_14136_/A1                              0.750000    1.419425   -0.669425 (VIOLATED)
_13303_/A                               0.750000    1.419411   -0.669411 (VIOLATED)
_13304_/A                               0.750000    1.419064   -0.669064 (VIOLATED)
fanout1424/X                            0.750000    1.419064   -0.669064 (VIOLATED)
_16187_/A                               0.750000    1.401566   -0.651566 (VIOLATED)
_16008_/B                               0.750000    1.401564   -0.651564 (VIOLATED)
_15924_/B                               0.750000    1.401557   -0.651557 (VIOLATED)
_15843_/B                               0.750000    1.401537   -0.651537 (VIOLATED)
_15749_/B                               0.750000    1.401535   -0.651535 (VIOLATED)
_15663_/B                               0.750000    1.401518   -0.651518 (VIOLATED)
_15748_/A2                              0.750000    1.401507   -0.651507 (VIOLATED)
_15471_/B                               0.750000    1.401493   -0.651493 (VIOLATED)
_15569_/B                               0.750000    1.401485   -0.651485 (VIOLATED)
_14601_/B                               0.750000    1.401057   -0.651057 (VIOLATED)
fanout1153/X                            0.750000    1.401057   -0.651057 (VIOLATED)
_09970_/B                               0.750000    1.399565   -0.649565 (VIOLATED)
_09991_/A                               0.750000    1.399566   -0.649566 (VIOLATED)
_12053_/A_N                             0.750000    1.399547   -0.649547 (VIOLATED)
_12054_/A_N                             0.750000    1.399547   -0.649547 (VIOLATED)
_12111_/A_N                             0.750000    1.399547   -0.649547 (VIOLATED)
_12120_/B                               0.750000    1.399547   -0.649547 (VIOLATED)
_12136_/B                               0.750000    1.399547   -0.649547 (VIOLATED)
_12141_/A                               0.750000    1.399547   -0.649547 (VIOLATED)
_12144_/A                               0.750000    1.399547   -0.649547 (VIOLATED)
_19666_/A1                              0.750000    1.399547   -0.649547 (VIOLATED)
fanout1926/X                            0.750000    1.399547   -0.649547 (VIOLATED)
_13125_/A3                              0.750000    1.396675   -0.646675 (VIOLATED)
_18101_/A1                              0.750000    1.396675   -0.646676 (VIOLATED)
_18424_/A1                              0.750000    1.396675   -0.646675 (VIOLATED)
_13152_/A1                              0.750000    1.396674   -0.646674 (VIOLATED)
_17932_/A0                              0.750000    1.396671   -0.646671 (VIOLATED)
_17490_/A1                              0.750000    1.396670   -0.646671 (VIOLATED)
_17965_/A0                              0.750000    1.396670   -0.646671 (VIOLATED)
_18000_/A2                              0.750000    1.396670   -0.646671 (VIOLATED)
_18003_/B                               0.750000    1.396670   -0.646671 (VIOLATED)
_18154_/A0                              0.750000    1.396670   -0.646671 (VIOLATED)
fanout924/X                             0.750000    1.396670   -0.646671 (VIOLATED)
_13135_/A2                              0.750000    1.385124   -0.635124 (VIOLATED)
_13136_/A2                              0.750000    1.385124   -0.635124 (VIOLATED)
_13134_/A2                              0.750000    1.385121   -0.635121 (VIOLATED)
_13133_/A2                              0.750000    1.385119   -0.635119 (VIOLATED)
_13130_/A2                              0.750000    1.385117   -0.635117 (VIOLATED)
_13131_/A2                              0.750000    1.385117   -0.635117 (VIOLATED)
_13127_/B1                              0.750000    1.385113   -0.635113 (VIOLATED)
_13129_/A2                              0.750000    1.385113   -0.635113 (VIOLATED)
_13132_/A2                              0.750000    1.385113   -0.635113 (VIOLATED)
fanout427/A                             0.750000    1.385113   -0.635113 (VIOLATED)
fanout428/X                             0.750000    1.385113   -0.635113 (VIOLATED)
_17502_/A1                              0.750000    1.364055   -0.614055 (VIOLATED)
_17375_/A1                              0.750000    1.364052   -0.614052 (VIOLATED)
_12713_/B                               0.750000    1.364045   -0.614045 (VIOLATED)
_17902_/A0                              0.750000    1.364045   -0.614045 (VIOLATED)
_17935_/A0                              0.750000    1.364045   -0.614045 (VIOLATED)
_17977_/A                               0.750000    1.364045   -0.614045 (VIOLATED)
_17978_/A                               0.750000    1.364045   -0.614045 (VIOLATED)
_17980_/A1                              0.750000    1.364045   -0.614045 (VIOLATED)
_18124_/A0                              0.750000    1.364045   -0.614045 (VIOLATED)
_18232_/A1                              0.750000    1.364045   -0.614045 (VIOLATED)
fanout1028/X                            0.750000    1.364045   -0.614045 (VIOLATED)
_12828_/B1                              0.750000    1.360959   -0.610959 (VIOLATED)
_12817_/B1                              0.750000    1.360958   -0.610958 (VIOLATED)
_12856_/A2                              0.750000    1.360957   -0.610957 (VIOLATED)
_12993_/A2                              0.750000    1.360955   -0.610955 (VIOLATED)
_12148_/A                               0.750000    1.360951   -0.610951 (VIOLATED)
_12709_/A2                              0.750000    1.360951   -0.610951 (VIOLATED)
_12738_/A2                              0.750000    1.360951   -0.610951 (VIOLATED)
_13248_/A2                              0.750000    1.360951   -0.610951 (VIOLATED)
_18221_/A1                              0.750000    1.360951   -0.610951 (VIOLATED)
_18222_/A1                              0.750000    1.360951   -0.610951 (VIOLATED)
fanout1344/X                            0.750000    1.360951   -0.610951 (VIOLATED)
_17466_/A1                              0.750000    1.360944   -0.610944 (VIOLATED)
_17728_/B2                              0.750000    1.360943   -0.610943 (VIOLATED)
_17592_/A1                              0.750000    1.360935   -0.610935 (VIOLATED)
_13041_/A3                              0.750000    1.360908   -0.610908 (VIOLATED)
_13146_/A1                              0.750000    1.360908   -0.610908 (VIOLATED)
_17926_/A0                              0.750000    1.360908   -0.610908 (VIOLATED)
_17959_/A0                              0.750000    1.360908   -0.610908 (VIOLATED)
_18083_/A1                              0.750000    1.360908   -0.610908 (VIOLATED)
_18148_/A0                              0.750000    1.360908   -0.610908 (VIOLATED)
_18390_/A1                              0.750000    1.360908   -0.610908 (VIOLATED)
fanout929/X                             0.750000    1.360908   -0.610908 (VIOLATED)
_15569_/A                               0.750000    1.353670   -0.603670 (VIOLATED)
_15664_/B2                              0.750000    1.353668   -0.603668 (VIOLATED)
_15665_/A                               0.750000    1.353669   -0.603669 (VIOLATED)
_15374_/A1                              0.750000    1.353660   -0.603660 (VIOLATED)
_15268_/A                               0.750000    1.353654   -0.603654 (VIOLATED)
_15043_/A1                              0.750000    1.353652   -0.603652 (VIOLATED)
_15040_/A                               0.750000    1.353651   -0.603651 (VIOLATED)
_14817_/A2                              0.750000    1.353588   -0.603588 (VIOLATED)
_14058_/B                               0.750000    1.353144   -0.603144 (VIOLATED)
_14059_/D                               0.750000    1.353144   -0.603144 (VIOLATED)
fanout1229/X                            0.750000    1.353144   -0.603144 (VIOLATED)
_12817_/A2                              0.750000    1.347572   -0.597572 (VIOLATED)
_12829_/A2                              0.750000    1.347572   -0.597572 (VIOLATED)
_12841_/A2                              0.750000    1.347572   -0.597572 (VIOLATED)
_12857_/A2                              0.750000    1.347572   -0.597572 (VIOLATED)
_12866_/B                               0.750000    1.347572   -0.597572 (VIOLATED)
_12896_/A2                              0.750000    1.347572   -0.597572 (VIOLATED)
_12906_/B                               0.750000    1.347572   -0.597572 (VIOLATED)
_12953_/A2                              0.750000    1.347572   -0.597572 (VIOLATED)
_12967_/A2                              0.750000    1.347572   -0.597572 (VIOLATED)
_12997_/A2                              0.750000    1.347572   -0.597572 (VIOLATED)
fanout1347/X                            0.750000    1.347572   -0.597572 (VIOLATED)
_12270_/C1                              0.750000    1.345549   -0.595549 (VIOLATED)
_09927_/B                               0.750000    1.345548   -0.595548 (VIOLATED)
_12090_/B                               0.750000    1.345545   -0.595545 (VIOLATED)
_12178_/C_N                             0.750000    1.345529   -0.595529 (VIOLATED)
_12004_/A                               0.750000    1.345515   -0.595515 (VIOLATED)
_12181_/A                               0.750000    1.345505   -0.595505 (VIOLATED)
fanout1870/A                            0.750000    1.345457   -0.595457 (VIOLATED)
fanout1871/X                            0.750000    1.345457   -0.595457 (VIOLATED)
_18035_/A1                              0.750000    1.317808   -0.567808 (VIOLATED)
_12825_/A3                              0.750000    1.317806   -0.567806 (VIOLATED)
_18291_/A1                              0.750000    1.317804   -0.567804 (VIOLATED)
_13130_/A1                              0.750000    1.317799   -0.567799 (VIOLATED)
_17943_/A0                              0.750000    1.317792   -0.567792 (VIOLATED)
_18132_/A0                              0.750000    1.317788   -0.567788 (VIOLATED)
_17910_/A0                              0.750000    1.317780   -0.567780 (VIOLATED)
_17406_/A1                              0.750000    1.317202   -0.567202 (VIOLATED)
_17534_/A1                              0.750000    1.317202   -0.567202 (VIOLATED)
_17660_/A1                              0.750000    1.317202   -0.567202 (VIOLATED)
fanout942/X                             0.750000    1.317202   -0.567202 (VIOLATED)
_13822_/B                               0.750000    1.312815   -0.562815 (VIOLATED)
_15053_/A2                              0.750000    1.312815   -0.562815 (VIOLATED)
_14703_/A2                              0.750000    1.312811   -0.562811 (VIOLATED)
_14702_/A2                              0.750000    1.312810   -0.562810 (VIOLATED)
_13823_/B                               0.750000    1.312795   -0.562795 (VIOLATED)
_14366_/A2                              0.750000    1.312787   -0.562787 (VIOLATED)
_14365_/A2                              0.750000    1.312786   -0.562786 (VIOLATED)
_13824_/A2                              0.750000    1.312781   -0.562781 (VIOLATED)
_13825_/A2                              0.750000    1.312781   -0.562781 (VIOLATED)
_13992_/A2                              0.750000    1.312781   -0.562781 (VIOLATED)
fanout1241/X                            0.750000    1.312781   -0.562781 (VIOLATED)
_17429_/A1                              0.750000    1.298990   -0.548990 (VIOLATED)
_17556_/A1                              0.750000    1.298988   -0.548988 (VIOLATED)
_12904_/A3                              0.750000    1.298982   -0.548982 (VIOLATED)
_13136_/A1                              0.750000    1.298982   -0.548982 (VIOLATED)
_13294_/A0                              0.750000    1.298982   -0.548982 (VIOLATED)
_17916_/A0                              0.750000    1.298982   -0.548982 (VIOLATED)
_17949_/A0                              0.750000    1.298982   -0.548982 (VIOLATED)
_18053_/A1                              0.750000    1.298982   -0.548982 (VIOLATED)
_18138_/A0                              0.750000    1.298982   -0.548982 (VIOLATED)
_18333_/A1                              0.750000    1.298982   -0.548982 (VIOLATED)
fanout937/X                             0.750000    1.298982   -0.548982 (VIOLATED)
_15053_/A1                              0.750000    1.291927   -0.541927 (VIOLATED)
_13822_/A                               0.750000    1.291926   -0.541926 (VIOLATED)
_14703_/A1                              0.750000    1.291922   -0.541922 (VIOLATED)
_14702_/A1                              0.750000    1.291921   -0.541921 (VIOLATED)
_13823_/A                               0.750000    1.291565   -0.541565 (VIOLATED)
_14365_/A1                              0.750000    1.291559   -0.541559 (VIOLATED)
_14366_/A1                              0.750000    1.291558   -0.541558 (VIOLATED)
_13824_/A1                              0.750000    1.291556   -0.541556 (VIOLATED)
_13825_/A1                              0.750000    1.291556   -0.541556 (VIOLATED)
_13992_/A1                              0.750000    1.291556   -0.541556 (VIOLATED)
fanout1242/X                            0.750000    1.291556   -0.541556 (VIOLATED)
_12500_/A2                              0.750000    1.289644   -0.539644 (VIOLATED)
_12484_/A2                              0.750000    1.289643   -0.539643 (VIOLATED)
_12479_/A2                              0.750000    1.289641   -0.539641 (VIOLATED)
_12510_/A2                              0.750000    1.289611   -0.539611 (VIOLATED)
_12467_/A2                              0.750000    1.289582   -0.539582 (VIOLATED)
_12365_/B1                              0.750000    1.289181   -0.539181 (VIOLATED)
_12392_/B1                              0.750000    1.289181   -0.539181 (VIOLATED)
_12406_/B1                              0.750000    1.289181   -0.539181 (VIOLATED)
_12417_/B1                              0.750000    1.289181   -0.539181 (VIOLATED)
_12426_/B1                              0.750000    1.289181   -0.539181 (VIOLATED)
fanout1093/X                            0.750000    1.289181   -0.539181 (VIOLATED)
_12837_/A3                              0.750000    1.287632   -0.537632 (VIOLATED)
_18037_/B2                              0.750000    1.287632   -0.537632 (VIOLATED)
_18298_/A1                              0.750000    1.287628   -0.537628 (VIOLATED)
_13131_/A1                              0.750000    1.287626   -0.537626 (VIOLATED)
_18133_/A0                              0.750000    1.287621   -0.537621 (VIOLATED)
_17911_/A0                              0.750000    1.287620   -0.537620 (VIOLATED)
_17944_/A0                              0.750000    1.287620   -0.537620 (VIOLATED)
_17410_/A1                              0.750000    1.287141   -0.537141 (VIOLATED)
_17538_/A1                              0.750000    1.287141   -0.537141 (VIOLATED)
_17664_/B1                              0.750000    1.287141   -0.537141 (VIOLATED)
fanout941/X                             0.750000    1.287141   -0.537141 (VIOLATED)
_17582_/A1                              0.750000    1.286606   -0.536606 (VIOLATED)
_17456_/A1                              0.750000    1.286605   -0.536605 (VIOLATED)
_11672_/A1                              0.750000    1.286303   -0.536303 (VIOLATED)
_11730_/A1                              0.750000    1.286303   -0.536303 (VIOLATED)
_11558_/A1                              0.750000    1.286294   -0.536294 (VIOLATED)
_11854_/A1                              0.750000    1.286292   -0.536292 (VIOLATED)
_10801_/A1                              0.750000    1.286291   -0.536291 (VIOLATED)
_10084_/A                               0.750000    1.286290   -0.536290 (VIOLATED)
_10684_/A1                              0.750000    1.286290   -0.536290 (VIOLATED)
_10740_/A2                              0.750000    1.286290   -0.536290 (VIOLATED)
_11972_/A1                              0.750000    1.286290   -0.536290 (VIOLATED)
_18627_/A                               0.750000    1.286290   -0.536290 (VIOLATED)
fanout1802/X                            0.750000    1.286290   -0.536290 (VIOLATED)
_17956_/A0                              0.750000    1.286179   -0.536179 (VIOLATED)
_18110_/A0                              0.750000    1.286178   -0.536178 (VIOLATED)
_17923_/A0                              0.750000    1.286172   -0.536172 (VIOLATED)
_13001_/A3                              0.750000    1.286156   -0.536156 (VIOLATED)
_13143_/A1                              0.750000    1.286156   -0.536156 (VIOLATED)
_18073_/B2                              0.750000    1.286156   -0.536156 (VIOLATED)
_18145_/A0                              0.750000    1.286156   -0.536156 (VIOLATED)
_18373_/A1                              0.750000    1.286156   -0.536156 (VIOLATED)
fanout932/X                             0.750000    1.286156   -0.536156 (VIOLATED)
_18997_/S                               0.750000    1.283251   -0.533251 (VIOLATED)
_18995_/S                               0.750000    1.283248   -0.533248 (VIOLATED)
_18989_/S                               0.750000    1.283245   -0.533245 (VIOLATED)
_18991_/S                               0.750000    1.283242   -0.533242 (VIOLATED)
_18971_/S                               0.750000    1.283240   -0.533240 (VIOLATED)
_18973_/S                               0.750000    1.283240   -0.533240 (VIOLATED)
_18975_/S                               0.750000    1.283240   -0.533240 (VIOLATED)
_18977_/S                               0.750000    1.283240   -0.533240 (VIOLATED)
_18985_/S                               0.750000    1.283240   -0.533240 (VIOLATED)
_18987_/S                               0.750000    1.283240   -0.533240 (VIOLATED)
fanout1036/X                            0.750000    1.283240   -0.533240 (VIOLATED)
_18117_/S                               0.750000    1.282065   -0.532065 (VIOLATED)
_18116_/S                               0.750000    1.282063   -0.532063 (VIOLATED)
_18115_/S                               0.750000    1.282060   -0.532060 (VIOLATED)
_18104_/S                               0.750000    1.282036   -0.532036 (VIOLATED)
fanout380/A                             0.750000    1.282030   -0.532030 (VIOLATED)
_18110_/S                               0.750000    1.282019   -0.532019 (VIOLATED)
_18119_/S                               0.750000    1.282001   -0.532001 (VIOLATED)
_18120_/S                               0.750000    1.282001   -0.532001 (VIOLATED)
_18121_/S                               0.750000    1.282001   -0.532001 (VIOLATED)
fanout381/X                             0.750000    1.282001   -0.532001 (VIOLATED)
_14099_/B2                              0.750000    1.281271   -0.531271 (VIOLATED)
_14284_/A                               0.750000    1.281270   -0.531270 (VIOLATED)
_14285_/A1                              0.750000    1.281270   -0.531270 (VIOLATED)
_14389_/B2                              0.750000    1.281262   -0.531262 (VIOLATED)
_14283_/A                               0.750000    1.281258   -0.531258 (VIOLATED)
_14490_/A1                              0.750000    1.281238   -0.531238 (VIOLATED)
_14492_/A                               0.750000    1.281231   -0.531231 (VIOLATED)
_14601_/A                               0.750000    1.281217   -0.531217 (VIOLATED)
_14721_/A                               0.750000    1.281198   -0.531198 (VIOLATED)
fanout1166/A                            0.750000    1.281112   -0.531112 (VIOLATED)
fanout1167/X                            0.750000    1.281112   -0.531112 (VIOLATED)
_18262_/A2                              0.750000    1.278714   -0.528714 (VIOLATED)
_18269_/A2                              0.750000    1.278714   -0.528714 (VIOLATED)
_18248_/A2                              0.750000    1.278709   -0.528709 (VIOLATED)
_18233_/A2                              0.750000    1.278708   -0.528708 (VIOLATED)
_18414_/A2                              0.750000    1.278708   -0.528708 (VIOLATED)
_18420_/A2                              0.750000    1.278708   -0.528708 (VIOLATED)
fanout364/A                             0.750000    1.278708   -0.528708 (VIOLATED)
fanout365/X                             0.750000    1.278708   -0.528708 (VIOLATED)
_10161_/A1                              0.750000    1.277789   -0.527789 (VIOLATED)
_11427_/A1                              0.750000    1.277789   -0.527789 (VIOLATED)
_11559_/A1                              0.750000    1.277789   -0.527789 (VIOLATED)
_11731_/A1                              0.750000    1.277789   -0.527789 (VIOLATED)
_11792_/A1                              0.750000    1.277789   -0.527789 (VIOLATED)
_11853_/A                               0.750000    1.277789   -0.527789 (VIOLATED)
_11915_/A1                              0.750000    1.277789   -0.527789 (VIOLATED)
fanout1806/A                            0.750000    1.277789   -0.527789 (VIOLATED)
fanout1807/X                            0.750000    1.277789   -0.527789 (VIOLATED)
fanout2198/A                            0.750000    1.272116   -0.522116 (VIOLATED)
fanout2196/A                            0.750000    1.272097   -0.522097 (VIOLATED)
fanout2195/A                            0.750000    1.272074   -0.522074 (VIOLATED)
fanout2193/A                            0.750000    1.272062   -0.522062 (VIOLATED)
fanout2192/A                            0.750000    1.271672   -0.521672 (VIOLATED)
fanout2199/X                            0.750000    1.271672   -0.521672 (VIOLATED)
_19362_/A1                              0.750000    1.268419   -0.518419 (VIOLATED)
_19589_/A                               0.750000    1.268417   -0.518417 (VIOLATED)
_19369_/S                               0.750000    1.268415   -0.518415 (VIOLATED)
_19370_/S                               0.750000    1.268414   -0.518414 (VIOLATED)
_19603_/A1                              0.750000    1.268412   -0.518412 (VIOLATED)
_19606_/S                               0.750000    1.268400   -0.518400 (VIOLATED)
_19595_/S                               0.750000    1.268397   -0.518397 (VIOLATED)
_19692_/S                               0.750000    1.268303   -0.518303 (VIOLATED)
_19700_/S                               0.750000    1.267965   -0.517965 (VIOLATED)
fanout1859/A                            0.750000    1.267965   -0.517965 (VIOLATED)
fanout1860/X                            0.750000    1.267965   -0.517965 (VIOLATED)
_13887_/A                               0.750000    1.267351   -0.517351 (VIOLATED)
_13809_/A                               0.750000    1.267351   -0.517351 (VIOLATED)
_14884_/A                               0.750000    1.267351   -0.517351 (VIOLATED)
_14639_/A1                              0.750000    1.267350   -0.517350 (VIOLATED)
_13729_/A                               0.750000    1.267342   -0.517342 (VIOLATED)
_14423_/A1                              0.750000    1.267341   -0.517341 (VIOLATED)
_14221_/A1                              0.750000    1.267334   -0.517334 (VIOLATED)
fanout1465/A                            0.750000    1.267332   -0.517332 (VIOLATED)
fanout1466/A                            0.750000    1.267332   -0.517332 (VIOLATED)
fanout1467/X                            0.750000    1.267332   -0.517332 (VIOLATED)
fanout1729/A                            0.750000    1.265827   -0.515827 (VIOLATED)
fanout1731/A                            0.750000    1.265824   -0.515824 (VIOLATED)
fanout1735/A                            0.750000    1.265807   -0.515807 (VIOLATED)
fanout1728/A                            0.750000    1.265480   -0.515480 (VIOLATED)
fanout1732/A                            0.750000    1.265480   -0.515480 (VIOLATED)
fanout1737/X                            0.750000    1.265480   -0.515480 (VIOLATED)
_12842_/B1                              0.750000    1.256982   -0.506982 (VIOLATED)
_12869_/B2                              0.750000    1.256979   -0.506979 (VIOLATED)
_12896_/B1                              0.750000    1.256978   -0.506978 (VIOLATED)
_13052_/A1                              0.750000    1.256971   -0.506971 (VIOLATED)
_13060_/B1                              0.750000    1.256970   -0.506970 (VIOLATED)
_12979_/B2                              0.750000    1.256966   -0.506966 (VIOLATED)
_13117_/B2                              0.750000    1.256960   -0.506960 (VIOLATED)
_12923_/B2                              0.750000    1.256958   -0.506958 (VIOLATED)
fanout1286/A                            0.750000    1.256627   -0.506627 (VIOLATED)
fanout1287/X                            0.750000    1.256627   -0.506627 (VIOLATED)
_18085_/B1                              0.750000    1.251417   -0.501417 (VIOLATED)
_18091_/B1                              0.750000    1.251417   -0.501417 (VIOLATED)
_18070_/B1                              0.750000    1.251415   -0.501415 (VIOLATED)
fanout1143/A                            0.750000    1.251392   -0.501392 (VIOLATED)
_17986_/B1                              0.750000    1.251376   -0.501376 (VIOLATED)
_17991_/B1                              0.750000    1.251376   -0.501376 (VIOLATED)
_18208_/B1                              0.750000    1.251055   -0.501055 (VIOLATED)
_18213_/B1                              0.750000    1.251055   -0.501055 (VIOLATED)
fanout1142/A                            0.750000    1.251055   -0.501055 (VIOLATED)
fanout1144/X                            0.750000    1.251055   -0.501055 (VIOLATED)
_14683_/A                               0.750000    1.250428   -0.500428 (VIOLATED)
_15022_/A                               0.750000    1.250428   -0.500428 (VIOLATED)
_15246_/A1                              0.750000    1.250428   -0.500428 (VIOLATED)
_13599_/C                               0.750000    1.250425   -0.500425 (VIOLATED)
_13600_/A2                              0.750000    1.250425   -0.500425 (VIOLATED)
_13598_/B                               0.750000    1.250419   -0.500419 (VIOLATED)
_13649_/A2                              0.750000    1.250419   -0.500419 (VIOLATED)
_13840_/A                               0.750000    1.250419   -0.500419 (VIOLATED)
_13921_/A                               0.750000    1.250419   -0.500419 (VIOLATED)
_13992_/B1                              0.750000    1.250419   -0.500419 (VIOLATED)
fanout1254/X                            0.750000    1.250419   -0.500419 (VIOLATED)
_18046_/A2                              0.750000    1.250411   -0.500411 (VIOLATED)
_17971_/B1                              0.750000    1.250389   -0.500389 (VIOLATED)
_18013_/A2                              0.750000    1.250389   -0.500389 (VIOLATED)
_18200_/B                               0.750000    1.250389   -0.500389 (VIOLATED)
_18208_/A2                              0.750000    1.250389   -0.500389 (VIOLATED)
_18213_/A2                              0.750000    1.250389   -0.500389 (VIOLATED)
_18216_/A2                              0.750000    1.250389   -0.500389 (VIOLATED)
fanout989/A                             0.750000    1.250390   -0.500390 (VIOLATED)
fanout990/X                             0.750000    1.250389   -0.500389 (VIOLATED)
_19081_/A1                              0.750000    1.247859   -0.497859 (VIOLATED)
_19062_/B1                              0.750000    1.247853   -0.497853 (VIOLATED)
_19068_/A1                              0.750000    1.247853   -0.497853 (VIOLATED)
_12306_/A2                              0.750000    1.247828   -0.497828 (VIOLATED)
_12099_/A1                              0.750000    1.247827   -0.497827 (VIOLATED)
_12300_/A                               0.750000    1.247827   -0.497827 (VIOLATED)
_12303_/A                               0.750000    1.247827   -0.497827 (VIOLATED)
_12307_/A                               0.750000    1.247827   -0.497827 (VIOLATED)
_12308_/A                               0.750000    1.247827   -0.497827 (VIOLATED)
_12569_/A2                              0.750000    1.247827   -0.497827 (VIOLATED)
fanout881/X                             0.750000    1.247827   -0.497827 (VIOLATED)
_10695_/B1                              0.750000    1.247126   -0.497126 (VIOLATED)
_17002_/A_N                             0.750000    1.247104   -0.497104 (VIOLATED)
fanout2303/A                            0.750000    1.247083   -0.497083 (VIOLATED)
_18280_/A0                              0.750000    1.246906   -0.496906 (VIOLATED)
_19523_/A1                              0.750000    1.246898   -0.496898 (VIOLATED)
fanout2304/X                            0.750000    1.246898   -0.496898 (VIOLATED)
_17444_/A1                              0.750000    1.240391   -0.490392 (VIOLATED)
_17702_/B2                              0.750000    1.240392   -0.490392 (VIOLATED)
_17835_/A1                              0.750000    1.240390   -0.490390 (VIOLATED)
_17571_/A1                              0.750000    1.240389   -0.490389 (VIOLATED)
_17920_/A0                              0.750000    1.240381   -0.490381 (VIOLATED)
_17953_/A0                              0.750000    1.240381   -0.490381 (VIOLATED)
_12960_/A3                              0.750000    1.240347   -0.490347 (VIOLATED)
_13140_/A1                              0.750000    1.240347   -0.490347 (VIOLATED)
_18065_/A1                              0.750000    1.240347   -0.490347 (VIOLATED)
_18356_/A1                              0.750000    1.240347   -0.490347 (VIOLATED)
fanout934/X                             0.750000    1.240347   -0.490347 (VIOLATED)
fanout1804/A                            0.750000    1.239856   -0.489856 (VIOLATED)
fanout1803/A                            0.750000    1.239854   -0.489855 (VIOLATED)
_10160_/A1                              0.750000    1.239853   -0.489853 (VIOLATED)
_10275_/A1                              0.750000    1.239852   -0.489852 (VIOLATED)
_10340_/A1                              0.750000    1.239852   -0.489852 (VIOLATED)
_10392_/A1                              0.750000    1.239852   -0.489852 (VIOLATED)
_10622_/A1                              0.750000    1.239852   -0.489852 (VIOLATED)
_10875_/A1                              0.750000    1.239852   -0.489852 (VIOLATED)
_10925_/A1                              0.750000    1.239852   -0.489852 (VIOLATED)
fanout1805/X                            0.750000    1.239852   -0.489852 (VIOLATED)
_15505_/C1                              0.750000    1.231119   -0.481119 (VIOLATED)
_15601_/B1                              0.750000    1.231118   -0.481119 (VIOLATED)
_16075_/C1                              0.750000    1.231118   -0.481118 (VIOLATED)
_16164_/B1                              0.750000    1.231117   -0.481117 (VIOLATED)
_15890_/B1                              0.750000    1.231116   -0.481116 (VIOLATED)
_15700_/B1                              0.750000    1.231115   -0.481115 (VIOLATED)
_16343_/B1                              0.750000    1.231109   -0.481109 (VIOLATED)
_14873_/B1                              0.750000    1.231108   -0.481108 (VIOLATED)
fanout1323/A                            0.750000    1.231108   -0.481108 (VIOLATED)
fanout1324/A                            0.750000    1.231108   -0.481108 (VIOLATED)
fanout1325/X                            0.750000    1.231108   -0.481108 (VIOLATED)
_17463_/A1                              0.750000    1.230786   -0.480786 (VIOLATED)
_17724_/B1                              0.750000    1.230786   -0.480786 (VIOLATED)
_17588_/A1                              0.750000    1.230782   -0.480782 (VIOLATED)
_17853_/A1                              0.750000    1.230781   -0.480781 (VIOLATED)
_13028_/A3                              0.750000    1.230771   -0.480771 (VIOLATED)
_13145_/A1                              0.750000    1.230771   -0.480771 (VIOLATED)
_17925_/A0                              0.750000    1.230771   -0.480771 (VIOLATED)
_18079_/B2                              0.750000    1.230771   -0.480771 (VIOLATED)
_18147_/A0                              0.750000    1.230771   -0.480771 (VIOLATED)
_18385_/A1                              0.750000    1.230771   -0.480771 (VIOLATED)
fanout930/X                             0.750000    1.230771   -0.480771 (VIOLATED)
_17421_/A1                              0.750000    1.227983   -0.477983 (VIOLATED)
_17549_/A1                              0.750000    1.227980   -0.477980 (VIOLATED)
_12878_/A3                              0.750000    1.227957   -0.477957 (VIOLATED)
_13134_/A1                              0.750000    1.227957   -0.477957 (VIOLATED)
_13293_/A0                              0.750000    1.227957   -0.477957 (VIOLATED)
_17914_/A0                              0.750000    1.227957   -0.477957 (VIOLATED)
_17947_/A0                              0.750000    1.227957   -0.477957 (VIOLATED)
_18047_/A1                              0.750000    1.227957   -0.477957 (VIOLATED)
_18136_/A0                              0.750000    1.227957   -0.477957 (VIOLATED)
_18318_/A1                              0.750000    1.227957   -0.477957 (VIOLATED)
fanout939/X                             0.750000    1.227957   -0.477957 (VIOLATED)
_18052_/B1                              0.750000    1.227371   -0.477371 (VIOLATED)
_18100_/B1                              0.750000    1.227369   -0.477369 (VIOLATED)
_18094_/B1                              0.750000    1.227364   -0.477364 (VIOLATED)
_18064_/B1                              0.750000    1.227361   -0.477361 (VIOLATED)
_18082_/B1                              0.750000    1.227345   -0.477345 (VIOLATED)
_18076_/B1                              0.750000    1.227326   -0.477326 (VIOLATED)
_18067_/B1                              0.750000    1.227317   -0.477317 (VIOLATED)
_18004_/A2                              0.750000    1.227314   -0.477314 (VIOLATED)
_18008_/A2                              0.750000    1.227314   -0.477314 (VIOLATED)
_18055_/B1                              0.750000    1.227314   -0.477314 (VIOLATED)
fanout1143/X                            0.750000    1.227314   -0.477314 (VIOLATED)
_10392_/C1                              0.750000    1.225178   -0.475178 (VIOLATED)
_10340_/C1                              0.750000    1.225176   -0.475176 (VIOLATED)
_10925_/C1                              0.750000    1.225173   -0.475173 (VIOLATED)
_10875_/C1                              0.750000    1.225164   -0.475164 (VIOLATED)
fanout1477/A                            0.750000    1.225161   -0.475161 (VIOLATED)
_10505_/A1                              0.750000    1.225157   -0.475157 (VIOLATED)
_11914_/C1                              0.750000    1.224830   -0.474830 (VIOLATED)
fanout1474/A                            0.750000    1.224830   -0.474830 (VIOLATED)
fanout1475/A                            0.750000    1.224830   -0.474830 (VIOLATED)
fanout1478/X                            0.750000    1.224830   -0.474830 (VIOLATED)
_12724_/A2                              0.750000    1.221467   -0.471467 (VIOLATED)
_12763_/B1                              0.750000    1.221467   -0.471467 (VIOLATED)
_12804_/B1                              0.750000    1.221467   -0.471467 (VIOLATED)
_12844_/B1                              0.750000    1.221467   -0.471467 (VIOLATED)
_12869_/A2                              0.750000    1.221467   -0.471467 (VIOLATED)
_12882_/B1                              0.750000    1.221467   -0.471467 (VIOLATED)
_12895_/B1                              0.750000    1.221467   -0.471467 (VIOLATED)
_12912_/A2                              0.750000    1.221467   -0.471467 (VIOLATED)
_12968_/B1                              0.750000    1.221467   -0.471467 (VIOLATED)
_13007_/A2                              0.750000    1.221467   -0.471467 (VIOLATED)
fanout1282/X                            0.750000    1.221467   -0.471467 (VIOLATED)
_18049_/B1                              0.750000    1.221456   -0.471456 (VIOLATED)
_18053_/A2                              0.750000    1.221456   -0.471456 (VIOLATED)
_18101_/A2                              0.750000    1.221453   -0.471453 (VIOLATED)
_18095_/A2                              0.750000    1.221447   -0.471447 (VIOLATED)
_18065_/A2                              0.750000    1.221436   -0.471436 (VIOLATED)
_18083_/A2                              0.750000    1.221423   -0.471423 (VIOLATED)
_18079_/B1                              0.750000    1.221414   -0.471414 (VIOLATED)
_18073_/B1                              0.750000    1.221389   -0.471389 (VIOLATED)
_18097_/B1                              0.750000    1.221380   -0.471380 (VIOLATED)
fanout737/A                             0.750000    1.221380   -0.471380 (VIOLATED)
fanout738/X                             0.750000    1.221380   -0.471380 (VIOLATED)
_13145_/A2                              0.750000    1.220177   -0.470177 (VIOLATED)
_13146_/A2                              0.750000    1.220175   -0.470175 (VIOLATED)
_13140_/A2                              0.750000    1.220172   -0.470172 (VIOLATED)
_13150_/A2                              0.750000    1.220164   -0.470164 (VIOLATED)
_13152_/A2                              0.750000    1.219824   -0.469824 (VIOLATED)
_13143_/A2                              0.750000    1.219810   -0.469810 (VIOLATED)
_13137_/A2                              0.750000    1.219804   -0.469804 (VIOLATED)
_13141_/A2                              0.750000    1.219803   -0.469803 (VIOLATED)
_13138_/A2                              0.750000    1.219799   -0.469799 (VIOLATED)
_13139_/A2                              0.750000    1.219799   -0.469799 (VIOLATED)
fanout426/X                             0.750000    1.219799   -0.469799 (VIOLATED)
_15843_/A                               0.750000    1.216861   -0.466861 (VIOLATED)
_15658_/A                               0.750000    1.216861   -0.466861 (VIOLATED)
_15744_/A                               0.750000    1.216861   -0.466861 (VIOLATED)
_15563_/B                               0.750000    1.216858   -0.466858 (VIOLATED)
_15925_/B                               0.750000    1.216852   -0.466852 (VIOLATED)
_15362_/B                               0.750000    1.216852   -0.466852 (VIOLATED)
_15256_/B                               0.750000    1.216848   -0.466849 (VIOLATED)
_14336_/B                               0.750000    1.216848   -0.466848 (VIOLATED)
_14684_/B1                              0.750000    1.216848   -0.466848 (VIOLATED)
_14685_/B                               0.750000    1.216848   -0.466848 (VIOLATED)
fanout1157/X                            0.750000    1.216848   -0.466848 (VIOLATED)
_11972_/A2                              0.750000    1.216098   -0.466098 (VIOLATED)
_11979_/A1                              0.750000    1.216098   -0.466098 (VIOLATED)
_14668_/A1                              0.750000    1.216092   -0.466092 (VIOLATED)
_14669_/A1                              0.750000    1.216092   -0.466092 (VIOLATED)
_16306_/A2                              0.750000    1.216092   -0.466092 (VIOLATED)
_16310_/B                               0.750000    1.216092   -0.466092 (VIOLATED)
_16345_/B                               0.750000    1.216092   -0.466092 (VIOLATED)
_18873_/A1                              0.750000    1.216092   -0.466092 (VIOLATED)
_18878_/A1                              0.750000    1.216092   -0.466092 (VIOLATED)
_18879_/B                               0.750000    1.216092   -0.466092 (VIOLATED)
fanout2315/X                            0.750000    1.216092   -0.466092 (VIOLATED)
_17425_/A1                              0.750000    1.212978   -0.462978 (VIOLATED)
_17681_/A1                              0.750000    1.212977   -0.462977 (VIOLATED)
_17552_/A1                              0.750000    1.212974   -0.462974 (VIOLATED)
_17816_/A1                              0.750000    1.212968   -0.462968 (VIOLATED)
_17915_/A0                              0.750000    1.212965   -0.462965 (VIOLATED)
_17948_/A0                              0.750000    1.212960   -0.462960 (VIOLATED)
_12891_/A3                              0.750000    1.212938   -0.462938 (VIOLATED)
_13135_/A1                              0.750000    1.212938   -0.462938 (VIOLATED)
_18049_/B2                              0.750000    1.212938   -0.462938 (VIOLATED)
_18326_/A1                              0.750000    1.212938   -0.462938 (VIOLATED)
fanout938/X                             0.750000    1.212938   -0.462938 (VIOLATED)
_17478_/A1                              0.750000    1.211290   -0.461290 (VIOLATED)
_17605_/B1                              0.750000    1.211280   -0.461280 (VIOLATED)
_17962_/A0                              0.750000    1.211251   -0.461251 (VIOLATED)
_17929_/A0                              0.750000    1.211249   -0.461249 (VIOLATED)
_18116_/A0                              0.750000    1.211238   -0.461238 (VIOLATED)
_13081_/A3                              0.750000    1.211236   -0.461236 (VIOLATED)
_13149_/A1                              0.750000    1.211236   -0.461236 (VIOLATED)
_18092_/A1                              0.750000    1.211236   -0.461236 (VIOLATED)
_18151_/A0                              0.750000    1.211236   -0.461236 (VIOLATED)
_18407_/A1                              0.750000    1.211236   -0.461236 (VIOLATED)
fanout927/X                             0.750000    1.211236   -0.461236 (VIOLATED)
_14087_/A                               0.750000    1.206078   -0.456078 (VIOLATED)
_14274_/A                               0.750000    1.206071   -0.456071 (VIOLATED)
_14479_/A                               0.750000    1.206068   -0.456068 (VIOLATED)
_14481_/A1                              0.750000    1.206068   -0.456068 (VIOLATED)
_14591_/A                               0.750000    1.206063   -0.456063 (VIOLATED)
_14712_/A                               0.750000    1.206061   -0.456061 (VIOLATED)
_14954_/A                               0.750000    1.206061   -0.456061 (VIOLATED)
_15058_/A                               0.750000    1.206061   -0.456061 (VIOLATED)
_15060_/A                               0.750000    1.206061   -0.456061 (VIOLATED)
_15176_/B2                              0.750000    1.206061   -0.456061 (VIOLATED)
fanout1249/X                            0.750000    1.206061   -0.456061 (VIOLATED)
_12118_/B                               0.750000    1.202774   -0.452774 (VIOLATED)
_12149_/A_N                             0.750000    1.202773   -0.452773 (VIOLATED)
_12135_/A                               0.750000    1.202773   -0.452773 (VIOLATED)
_12128_/B                               0.750000    1.202765   -0.452765 (VIOLATED)
_12138_/B                               0.750000    1.202758   -0.452758 (VIOLATED)
_12047_/A                               0.750000    1.202744   -0.452744 (VIOLATED)
_12008_/A                               0.750000    1.202737   -0.452737 (VIOLATED)
_11985_/B                               0.750000    1.202734   -0.452734 (VIOLATED)
_09973_/A                               0.750000    1.202306   -0.452306 (VIOLATED)
_09979_/A                               0.750000    1.202306   -0.452306 (VIOLATED)
fanout1703/X                            0.750000    1.202306   -0.452306 (VIOLATED)
_10160_/C1                              0.750000    1.199620   -0.449620 (VIOLATED)
_10275_/C1                              0.750000    1.199618   -0.449618 (VIOLATED)
_10622_/C1                              0.750000    1.199610   -0.449610 (VIOLATED)
_10684_/C1                              0.750000    1.199607   -0.449607 (VIOLATED)
_10740_/C1                              0.750000    1.199607   -0.449607 (VIOLATED)
_10801_/C1                              0.750000    1.199607   -0.449607 (VIOLATED)
_11558_/C1                              0.750000    1.199607   -0.449607 (VIOLATED)
_11560_/A1                              0.750000    1.199607   -0.449607 (VIOLATED)
_11854_/C1                              0.750000    1.199607   -0.449607 (VIOLATED)
_11972_/C1                              0.750000    1.199607   -0.449607 (VIOLATED)
fanout1474/X                            0.750000    1.199607   -0.449607 (VIOLATED)
_18274_/A1                              0.750000    1.192026   -0.442026 (VIOLATED)
_18282_/A1                              0.750000    1.192025   -0.442025 (VIOLATED)
_18294_/B1                              0.750000    1.192020   -0.442020 (VIOLATED)
_18290_/A1                              0.750000    1.192020   -0.442020 (VIOLATED)
_18301_/B1                              0.750000    1.192014   -0.442014 (VIOLATED)
_18308_/B1                              0.750000    1.192010   -0.442010 (VIOLATED)
_18314_/B1                              0.750000    1.192010   -0.442010 (VIOLATED)
_18325_/A1                              0.750000    1.192010   -0.442010 (VIOLATED)
_12182_/A                               0.750000    1.191979   -0.441979 (VIOLATED)
_12372_/B                               0.750000    1.191979   -0.441979 (VIOLATED)
fanout1589/X                            0.750000    1.191979   -0.441979 (VIOLATED)
_15918_/A1                              0.750000    1.191952   -0.441952 (VIOLATED)
_16024_/A2                              0.750000    1.191952   -0.441952 (VIOLATED)
_16020_/A2                              0.750000    1.191951   -0.441951 (VIOLATED)
_15658_/B                               0.750000    1.191948   -0.441949 (VIOLATED)
_15467_/B                               0.750000    1.191943   -0.441943 (VIOLATED)
_15374_/B1                              0.750000    1.191932   -0.441932 (VIOLATED)
_15169_/B1                              0.750000    1.191918   -0.441918 (VIOLATED)
_14490_/A2                              0.750000    1.191866   -0.441866 (VIOLATED)
_14492_/C                               0.750000    1.191866   -0.441866 (VIOLATED)
_14592_/B1                              0.750000    1.191866   -0.441866 (VIOLATED)
fanout1215/X                            0.750000    1.191866   -0.441866 (VIOLATED)
_18081_/A2                              0.750000    1.191624   -0.441624 (VIOLATED)
_18084_/A2                              0.750000    1.191622   -0.441623 (VIOLATED)
_18066_/A2                              0.750000    1.191621   -0.441621 (VIOLATED)
_18096_/A2                              0.750000    1.191280   -0.441280 (VIOLATED)
_18102_/A2                              0.750000    1.191269   -0.441269 (VIOLATED)
_18054_/A2                              0.750000    1.191264   -0.441264 (VIOLATED)
_18051_/A2                              0.750000    1.191262   -0.441262 (VIOLATED)
_18057_/A2                              0.750000    1.191255   -0.441255 (VIOLATED)
_18060_/A2                              0.750000    1.191255   -0.441255 (VIOLATED)
_18075_/A2                              0.750000    1.191255   -0.441255 (VIOLATED)
fanout384/X                             0.750000    1.191255   -0.441255 (VIOLATED)
_18450_/A                               0.750000    1.189816   -0.439816 (VIOLATED)
_10339_/A                               0.750000    1.189805   -0.439805 (VIOLATED)
_10802_/A1                              0.750000    1.189803   -0.439803 (VIOLATED)
_11973_/A1                              0.750000    1.189799   -0.439799 (VIOLATED)
_10741_/A1                              0.750000    1.189797   -0.439797 (VIOLATED)
fanout1807/A                            0.750000    1.189785   -0.439785 (VIOLATED)
fanout1808/X                            0.750000    1.189785   -0.439785 (VIOLATED)
_12904_/A2                              0.750000    1.187665   -0.437665 (VIOLATED)
_12891_/A2                              0.750000    1.187664   -0.437664 (VIOLATED)
_13125_/A2                              0.750000    1.187659   -0.437659 (VIOLATED)
_13095_/A2                              0.750000    1.187654   -0.437654 (VIOLATED)
_12960_/A2                              0.750000    1.187652   -0.437652 (VIOLATED)
_13041_/A2                              0.750000    1.187643   -0.437643 (VIOLATED)
_13028_/A2                              0.750000    1.187621   -0.437621 (VIOLATED)
_13111_/A2                              0.750000    1.187593   -0.437593 (VIOLATED)
fanout430/A                             0.750000    1.187593   -0.437593 (VIOLATED)
fanout431/X                             0.750000    1.187593   -0.437593 (VIOLATED)
_16284_/A2                              0.750000    1.184602   -0.434602 (VIOLATED)
_18921_/A2                              0.750000    1.184602   -0.434602 (VIOLATED)
_15926_/B1                              0.750000    1.184596   -0.434596 (VIOLATED)
_15845_/D                               0.750000    1.184578   -0.434578 (VIOLATED)
_15571_/C                               0.750000    1.184562   -0.434562 (VIOLATED)
_14798_/B                               0.750000    1.184215   -0.434215 (VIOLATED)
_14848_/C                               0.750000    1.184215   -0.434215 (VIOLATED)
_14892_/A2                              0.750000    1.184215   -0.434215 (VIOLATED)
_15059_/C                               0.750000    1.184215   -0.434215 (VIOLATED)
_15381_/C                               0.750000    1.184215   -0.434215 (VIOLATED)
fanout1204/X                            0.750000    1.184215   -0.434215 (VIOLATED)
_12852_/S                               0.750000    1.181605   -0.431605 (VIOLATED)
_12838_/S                               0.750000    1.181604   -0.431604 (VIOLATED)
_12814_/S                               0.750000    1.181602   -0.431602 (VIOLATED)
_12826_/S                               0.750000    1.181599   -0.431599 (VIOLATED)
_12799_/S                               0.750000    1.181591   -0.431591 (VIOLATED)
_12784_/S                               0.750000    1.181580   -0.431580 (VIOLATED)
_12771_/S                               0.750000    1.181576   -0.431576 (VIOLATED)
_12757_/S                               0.750000    1.181567   -0.431567 (VIOLATED)
_12683_/S                               0.750000    1.181550   -0.431550 (VIOLATED)
_12716_/S                               0.750000    1.181550   -0.431550 (VIOLATED)
fanout1090/X                            0.750000    1.181550   -0.431550 (VIOLATED)
_15839_/B                               0.750000    1.176397   -0.426397 (VIOLATED)
_15917_/A2                              0.750000    1.176397   -0.426397 (VIOLATED)
_16003_/A2                              0.750000    1.176397   -0.426397 (VIOLATED)
_15918_/A2                              0.750000    1.176396   -0.426396 (VIOLATED)
_15552_/B                               0.750000    1.176385   -0.426385 (VIOLATED)
_15645_/D                               0.750000    1.176383   -0.426383 (VIOLATED)
_16190_/A1                              0.750000    1.176344   -0.426344 (VIOLATED)
_16284_/A1                              0.750000    1.176327   -0.426327 (VIOLATED)
_16278_/A1                              0.750000    1.176322   -0.426322 (VIOLATED)
_14664_/B                               0.750000    1.175950   -0.425950 (VIOLATED)
fanout1152/X                            0.750000    1.175950   -0.425950 (VIOLATED)
_16018_/A1                              0.750000    1.175661   -0.425661 (VIOLATED)
_16019_/A                               0.750000    1.175661   -0.425661 (VIOLATED)
_15836_/A                               0.750000    1.175660   -0.425660 (VIOLATED)
_15743_/B                               0.750000    1.175658   -0.425658 (VIOLATED)
_15659_/B1                              0.750000    1.175319   -0.425319 (VIOLATED)
_15565_/B                               0.750000    1.175311   -0.425311 (VIOLATED)
_15375_/B                               0.750000    1.175304   -0.425304 (VIOLATED)
_15270_/B                               0.750000    1.175295   -0.425295 (VIOLATED)
_14491_/B                               0.750000    1.175270   -0.425270 (VIOLATED)
_14712_/B                               0.750000    1.175270   -0.425270 (VIOLATED)
fanout1216/X                            0.750000    1.175270   -0.425270 (VIOLATED)
_17459_/A1                              0.750000    1.171658   -0.421658 (VIOLATED)
_13014_/A3                              0.750000    1.171657   -0.421657 (VIOLATED)
_13144_/A1                              0.750000    1.171657   -0.421657 (VIOLATED)
_17584_/A1                              0.750000    1.171657   -0.421657 (VIOLATED)
_17924_/A0                              0.750000    1.171657   -0.421657 (VIOLATED)
_17957_/A0                              0.750000    1.171657   -0.421657 (VIOLATED)
_18077_/A1                              0.750000    1.171657   -0.421657 (VIOLATED)
_18111_/A0                              0.750000    1.171657   -0.421657 (VIOLATED)
_18146_/A0                              0.750000    1.171657   -0.421657 (VIOLATED)
_18379_/A1                              0.750000    1.171657   -0.421657 (VIOLATED)
fanout931/X                             0.750000    1.171657   -0.421657 (VIOLATED)
_19417_/A1                              0.750000    1.171225   -0.421226 (VIOLATED)
_19416_/A                               0.750000    1.171224   -0.421224 (VIOLATED)
_19427_/A                               0.750000    1.171224   -0.421224 (VIOLATED)
_19430_/B                               0.750000    1.171224   -0.421224 (VIOLATED)
_19433_/A                               0.750000    1.171224   -0.421224 (VIOLATED)
_19473_/A                               0.750000    1.171224   -0.421224 (VIOLATED)
_19474_/A                               0.750000    1.171224   -0.421224 (VIOLATED)
_19541_/A1                              0.750000    1.171224   -0.421224 (VIOLATED)
_19578_/A                               0.750000    1.171224   -0.421224 (VIOLATED)
_19662_/C1                              0.750000    1.171224   -0.421224 (VIOLATED)
fanout1537/X                            0.750000    1.171224   -0.421224 (VIOLATED)
fanout2468/A                            0.750000    1.169714   -0.419714 (VIOLATED)
fanout2439/A                            0.750000    1.169701   -0.419701 (VIOLATED)
fanout2447/A                            0.750000    1.169697   -0.419697 (VIOLATED)
fanout2398/A                            0.750000    1.169695   -0.419695 (VIOLATED)
fanout2399/A                            0.750000    1.169695   -0.419695 (VIOLATED)
fanout2401/A                            0.750000    1.169695   -0.419695 (VIOLATED)
fanout2403/A                            0.750000    1.169695   -0.419695 (VIOLATED)
fanout2469/X                            0.750000    1.169695   -0.419695 (VIOLATED)
_16969_/B_N                             0.750000    1.167649   -0.417649 (VIOLATED)
_17002_/B                               0.750000    1.167648   -0.417648 (VIOLATED)
fanout2305/A                            0.750000    1.167638   -0.417638 (VIOLATED)
_16698_/B                               0.750000    1.167632   -0.417632 (VIOLATED)
_17470_/A1                              0.750000    1.167574   -0.417574 (VIOLATED)
_17598_/A1                              0.750000    1.167570   -0.417570 (VIOLATED)
_13055_/A3                              0.750000    1.167566   -0.417566 (VIOLATED)
_13147_/A1                              0.750000    1.167566   -0.417566 (VIOLATED)
_17927_/A0                              0.750000    1.167566   -0.417566 (VIOLATED)
_17960_/A0                              0.750000    1.167566   -0.417566 (VIOLATED)
_18086_/A1                              0.750000    1.167566   -0.417566 (VIOLATED)
_18114_/A0                              0.750000    1.167566   -0.417566 (VIOLATED)
_18149_/A0                              0.750000    1.167566   -0.417566 (VIOLATED)
_18396_/A1                              0.750000    1.167566   -0.417566 (VIOLATED)
fanout1021/X                            0.750000    1.167566   -0.417566 (VIOLATED)
_18272_/A0                              0.750000    1.167452   -0.417452 (VIOLATED)
_19516_/A1                              0.750000    1.167448   -0.417448 (VIOLATED)
fanout2306/X                            0.750000    1.167448   -0.417448 (VIOLATED)
_16001_/A                               0.750000    1.160214   -0.410214 (VIOLATED)
_16096_/A                               0.750000    1.160213   -0.410213 (VIOLATED)
_16236_/A1                              0.750000    1.160213   -0.410214 (VIOLATED)
_16146_/A1                              0.750000    1.160213   -0.410213 (VIOLATED)
_16053_/A1                              0.750000    1.160210   -0.410210 (VIOLATED)
_15945_/A                               0.750000    1.160210   -0.410210 (VIOLATED)
_16215_/A                               0.750000    1.160208   -0.410208 (VIOLATED)
_16326_/A1                              0.750000    1.160207   -0.410207 (VIOLATED)
_15640_/B                               0.750000    1.160203   -0.410203 (VIOLATED)
_15641_/B                               0.750000    1.160203   -0.410203 (VIOLATED)
fanout918/X                             0.750000    1.160203   -0.410203 (VIOLATED)
_13455_/A                               0.750000    1.160157   -0.410157 (VIOLATED)
_13584_/B1                              0.750000    1.160157   -0.410157 (VIOLATED)
_13654_/A                               0.750000    1.160157   -0.410157 (VIOLATED)
_13686_/A                               0.750000    1.160157   -0.410157 (VIOLATED)
_14336_/A                               0.750000    1.160157   -0.410157 (VIOLATED)
_14545_/B1                              0.750000    1.160157   -0.410157 (VIOLATED)
_14665_/B2                              0.750000    1.160157   -0.410157 (VIOLATED)
_14779_/A                               0.750000    1.160157   -0.410157 (VIOLATED)
_14896_/A1                              0.750000    1.160157   -0.410157 (VIOLATED)
_14898_/A1                              0.750000    1.160157   -0.410157 (VIOLATED)
fanout1264/X                            0.750000    1.160157   -0.410157 (VIOLATED)
_18380_/A2                              0.750000    1.158166   -0.408166 (VIOLATED)
_18357_/A2                              0.750000    1.158165   -0.408166 (VIOLATED)
_18425_/A2                              0.750000    1.158166   -0.408166 (VIOLATED)
_18374_/A2                              0.750000    1.158159   -0.408159 (VIOLATED)
_18226_/A2                              0.750000    1.158147   -0.408148 (VIOLATED)
_18241_/A2                              0.750000    1.158147   -0.408148 (VIOLATED)
fanout362/A                             0.750000    1.158147   -0.408148 (VIOLATED)
fanout363/X                             0.750000    1.158147   -0.408148 (VIOLATED)
_14171_/A                               0.750000    1.152447   -0.402447 (VIOLATED)
_14265_/A1                              0.750000    1.152447   -0.402447 (VIOLATED)
_14085_/A                               0.750000    1.152446   -0.402446 (VIOLATED)
_13922_/B                               0.750000    1.152441   -0.402441 (VIOLATED)
_13923_/B1                              0.750000    1.152436   -0.402437 (VIOLATED)
_13685_/B                               0.750000    1.152435   -0.402435 (VIOLATED)
_13686_/B                               0.750000    1.152435   -0.402435 (VIOLATED)
_13687_/B1                              0.750000    1.152435   -0.402435 (VIOLATED)
_13840_/B                               0.750000    1.152435   -0.402435 (VIOLATED)
_13924_/B                               0.750000    1.152436   -0.402436 (VIOLATED)
fanout1244/X                            0.750000    1.152435   -0.402435 (VIOLATED)
_17541_/A1                              0.750000    1.149905   -0.399905 (VIOLATED)
_17413_/A1                              0.750000    1.149904   -0.399904 (VIOLATED)
_17667_/A1                              0.750000    1.149903   -0.399903 (VIOLATED)
_18210_/A                               0.750000    1.149876   -0.399876 (VIOLATED)
_12851_/A3                              0.750000    1.149872   -0.399872 (VIOLATED)
_13132_/A1                              0.750000    1.149872   -0.399872 (VIOLATED)
_17945_/A0                              0.750000    1.149872   -0.399872 (VIOLATED)
_18040_/B2                              0.750000    1.149872   -0.399872 (VIOLATED)
_18134_/A0                              0.750000    1.149872   -0.399872 (VIOLATED)
_18305_/A1                              0.750000    1.149872   -0.399872 (VIOLATED)
fanout940/X                             0.750000    1.149872   -0.399872 (VIOLATED)
_18062_/B1                              0.750000    1.147583   -0.397583 (VIOLATED)
_18071_/B1                              0.750000    1.147583   -0.397583 (VIOLATED)
_18092_/B1                              0.750000    1.147580   -0.397580 (VIOLATED)
_18086_/B1                              0.750000    1.147579   -0.397579 (VIOLATED)
_18089_/B1                              0.750000    1.147570   -0.397570 (VIOLATED)
_18077_/B1                              0.750000    1.147566   -0.397566 (VIOLATED)
_18068_/B1                              0.750000    1.147565   -0.397565 (VIOLATED)
_18008_/B1                              0.750000    1.147556   -0.397556 (VIOLATED)
_18056_/B1                              0.750000    1.147556   -0.397556 (VIOLATED)
_18059_/B1                              0.750000    1.147556   -0.397556 (VIOLATED)
fanout319/X                             0.750000    1.147556   -0.397556 (VIOLATED)
ANTENNA_57/DIODE                        0.750000    1.147478   -0.397478 (VIOLATED)
_18516_/A1                              0.750000    1.147478   -0.397478 (VIOLATED)
_18848_/A1                              0.750000    1.147461   -0.397461 (VIOLATED)
ANTENNA_58/DIODE                        0.750000    1.147460   -0.397460 (VIOLATED)
_11735_/A2                              0.750000    1.147294   -0.397294 (VIOLATED)
_11731_/A2                              0.750000    1.147207   -0.397207 (VIOLATED)
_11729_/Y                               0.750000    1.147072   -0.397072 (VIOLATED)
_14689_/A                               0.750000    1.146540   -0.396540 (VIOLATED)
_14921_/A                               0.750000    1.146538   -0.396538 (VIOLATED)
_15025_/A                               0.750000    1.146535   -0.396535 (VIOLATED)
_15540_/A1                              0.750000    1.146530   -0.396530 (VIOLATED)
_15541_/A1                              0.750000    1.146530   -0.396530 (VIOLATED)
_15542_/A                               0.750000    1.146530   -0.396530 (VIOLATED)
_15350_/A                               0.750000    1.146529   -0.396529 (VIOLATED)
_15638_/A1                              0.750000    1.146529   -0.396529 (VIOLATED)
_13774_/B                               0.750000    1.146512   -0.396512 (VIOLATED)
_13849_/A2                              0.750000    1.146512   -0.396512 (VIOLATED)
fanout1162/X                            0.750000    1.146512   -0.396512 (VIOLATED)
_09877_/A                               0.750000    1.144452   -0.394452 (VIOLATED)
_12080_/B                               0.750000    1.144452   -0.394452 (VIOLATED)
_12172_/A1                              0.750000    1.144452   -0.394452 (VIOLATED)
_12373_/A1                              0.750000    1.144452   -0.394452 (VIOLATED)
_17893_/A                               0.750000    1.144452   -0.394452 (VIOLATED)
_18603_/A2                              0.750000    1.144452   -0.394452 (VIOLATED)
fanout2316/A                            0.750000    1.144452   -0.394452 (VIOLATED)
fanout2317/X                            0.750000    1.144452   -0.394452 (VIOLATED)
_15743_/A                               0.750000    1.142775   -0.392775 (VIOLATED)
_15745_/A2                              0.750000    1.142775   -0.392775 (VIOLATED)
_16101_/A                               0.750000    1.142772   -0.392772 (VIOLATED)
_14436_/A                               0.750000    1.142770   -0.392770 (VIOLATED)
_16009_/A                               0.750000    1.142771   -0.392771 (VIOLATED)
_15456_/B                               0.750000    1.142763   -0.392763 (VIOLATED)
_15365_/B                               0.750000    1.142752   -0.392752 (VIOLATED)
_15361_/B                               0.750000    1.142747   -0.392747 (VIOLATED)
_14437_/B                               0.750000    1.142725   -0.392725 (VIOLATED)
_14438_/B                               0.750000    1.142725   -0.392725 (VIOLATED)
fanout1217/X                            0.750000    1.142725   -0.392725 (VIOLATED)
_19413_/A1                              0.750000    1.141868   -0.391868 (VIOLATED)
_19547_/A2                              0.750000    1.141865   -0.391865 (VIOLATED)
_19467_/A1                              0.750000    1.141863   -0.391863 (VIOLATED)
_19610_/B                               0.750000    1.141862   -0.391862 (VIOLATED)
ANTENNA_108/DIODE                       0.750000    1.141861   -0.391861 (VIOLATED)
_19540_/B1                              0.750000    1.141857   -0.391857 (VIOLATED)
_19543_/A1                              0.750000    1.141857   -0.391857 (VIOLATED)
_19567_/A1                              0.750000    1.141857   -0.391857 (VIOLATED)
fanout1538/A                            0.750000    1.141857   -0.391857 (VIOLATED)
fanout1539/A                            0.750000    1.141857   -0.391857 (VIOLATED)
fanout1540/X                            0.750000    1.141857   -0.391857 (VIOLATED)
_15239_/B1                              0.750000    1.138314   -0.388314 (VIOLATED)
fanout1239/A                            0.750000    1.138311   -0.388311 (VIOLATED)
_14570_/A                               0.750000    1.138305   -0.388305 (VIOLATED)
_13849_/B1                              0.750000    1.138305   -0.388305 (VIOLATED)
_14002_/B1                              0.750000    1.138305   -0.388305 (VIOLATED)
_14171_/B                               0.750000    1.138305   -0.388305 (VIOLATED)
_14265_/A2                              0.750000    1.138305   -0.388305 (VIOLATED)
_14366_/B1                              0.750000    1.138305   -0.388305 (VIOLATED)
_14464_/B1                              0.750000    1.138305   -0.388305 (VIOLATED)
fanout1240/X                            0.750000    1.138305   -0.388305 (VIOLATED)
_14387_/A                               0.750000    1.137471   -0.387471 (VIOLATED)
_14388_/A                               0.750000    1.137156   -0.387156 (VIOLATED)
fanout1261/A                            0.750000    1.137154   -0.387154 (VIOLATED)
_13770_/A1                              0.750000    1.137137   -0.387137 (VIOLATED)
_13648_/A                               0.750000    1.137136   -0.387136 (VIOLATED)
_13526_/A                               0.750000    1.137134   -0.387134 (VIOLATED)
_13527_/B                               0.750000    1.137134   -0.387134 (VIOLATED)
_13647_/A                               0.750000    1.137134   -0.387134 (VIOLATED)
_13651_/A2                              0.750000    1.137134   -0.387134 (VIOLATED)
fanout1262/X                            0.750000    1.137134   -0.387134 (VIOLATED)
_12484_/B1                              0.750000    1.134773   -0.384773 (VIOLATED)
_12489_/B1                              0.750000    1.134772   -0.384772 (VIOLATED)
_12505_/B1                              0.750000    1.134769   -0.384769 (VIOLATED)
_12531_/B1                              0.750000    1.134762   -0.384762 (VIOLATED)
_12515_/B1                              0.750000    1.134745   -0.384745 (VIOLATED)
_12520_/B1                              0.750000    1.134736   -0.384736 (VIOLATED)
_12494_/B1                              0.750000    1.134712   -0.384712 (VIOLATED)
_12548_/B1                              0.750000    1.134705   -0.384705 (VIOLATED)
_12510_/B1                              0.750000    1.134704   -0.384704 (VIOLATED)
_12558_/B1                              0.750000    1.134704   -0.384704 (VIOLATED)
fanout1029/X                            0.750000    1.134704   -0.384704 (VIOLATED)
_13047_/B1                              0.750000    1.134252   -0.384252 (VIOLATED)
_12981_/B1                              0.750000    1.134247   -0.384247 (VIOLATED)
_12951_/B1                              0.750000    1.134243   -0.384243 (VIOLATED)
_12965_/B1                              0.750000    1.134242   -0.384242 (VIOLATED)
_12885_/B1                              0.750000    1.134237   -0.384237 (VIOLATED)
_12938_/B1                              0.750000    1.134238   -0.384238 (VIOLATED)
_12913_/B1                              0.750000    1.134237   -0.384237 (VIOLATED)
_12926_/B1                              0.750000    1.134237   -0.384237 (VIOLATED)
_13099_/B1                              0.750000    1.134237   -0.384237 (VIOLATED)
_13116_/B1                              0.750000    1.134237   -0.384237 (VIOLATED)
fanout1279/X                            0.750000    1.134237   -0.384237 (VIOLATED)
_12096_/B2                              0.750000    1.133328   -0.383328 (VIOLATED)
_12301_/B1                              0.750000    1.133328   -0.383328 (VIOLATED)
_19040_/S                               0.750000    1.133328   -0.383328 (VIOLATED)
_19042_/B                               0.750000    1.133328   -0.383328 (VIOLATED)
_19235_/S                               0.750000    1.133328   -0.383328 (VIOLATED)
_19237_/S                               0.750000    1.133328   -0.383328 (VIOLATED)
_19239_/S                               0.750000    1.133328   -0.383328 (VIOLATED)
_19241_/S                               0.750000    1.133328   -0.383328 (VIOLATED)
_19243_/S                               0.750000    1.133328   -0.383328 (VIOLATED)
_19271_/S                               0.750000    1.133328   -0.383328 (VIOLATED)
fanout1876/X                            0.750000    1.133328   -0.383328 (VIOLATED)
_16129_/A1                              0.750000    1.133312   -0.383312 (VIOLATED)
_16131_/A                               0.750000    1.133312   -0.383312 (VIOLATED)
_16220_/A1                              0.750000    1.133312   -0.383312 (VIOLATED)
_16222_/A                               0.750000    1.133312   -0.383312 (VIOLATED)
_16307_/A                               0.750000    1.133312   -0.383312 (VIOLATED)
_16315_/A1                              0.750000    1.133312   -0.383312 (VIOLATED)
_18897_/A1                              0.750000    1.133312   -0.383312 (VIOLATED)
_18899_/A                               0.750000    1.133312   -0.383312 (VIOLATED)
_18953_/A1                              0.750000    1.133312   -0.383312 (VIOLATED)
_18955_/A                               0.750000    1.133312   -0.383312 (VIOLATED)
fanout1048/X                            0.750000    1.133312   -0.383312 (VIOLATED)
_10555_/B1                              0.750000    1.132220   -0.382220 (VIOLATED)
max_cap1601/A                           0.750000    1.132219   -0.382219 (VIOLATED)
_10149_/Y                               0.750000    1.132216   -0.382216 (VIOLATED)
_10923_/B2                              0.750000    1.132216   -0.382216 (VIOLATED)
_13579_/B                               0.750000    1.130635   -0.380635 (VIOLATED)
_13652_/S                               0.750000    1.130635   -0.380635 (VIOLATED)
_13683_/S                               0.750000    1.130635   -0.380635 (VIOLATED)
_13747_/B                               0.750000    1.130635   -0.380635 (VIOLATED)
_13821_/B                               0.750000    1.130635   -0.380635 (VIOLATED)
_14056_/S                               0.750000    1.130635   -0.380635 (VIOLATED)
_14332_/B                               0.750000    1.130635   -0.380635 (VIOLATED)
_14435_/S                               0.750000    1.130635   -0.380635 (VIOLATED)
_14542_/B                               0.750000    1.130635   -0.380635 (VIOLATED)
_14663_/A2                              0.750000    1.130635   -0.380635 (VIOLATED)
fanout1544/X                            0.750000    1.130635   -0.380635 (VIOLATED)
_18114_/S                               0.750000    1.130043   -0.380043 (VIOLATED)
_18111_/S                               0.750000    1.130042   -0.380042 (VIOLATED)
_18112_/S                               0.750000    1.130042   -0.380042 (VIOLATED)
_18113_/S                               0.750000    1.130042   -0.380042 (VIOLATED)
_18105_/S                               0.750000    1.130038   -0.380038 (VIOLATED)
_18106_/S                               0.750000    1.130038   -0.380038 (VIOLATED)
_18107_/S                               0.750000    1.130038   -0.380038 (VIOLATED)
_18108_/S                               0.750000    1.130038   -0.380038 (VIOLATED)
_18109_/S                               0.750000    1.130038   -0.380038 (VIOLATED)
_18118_/S                               0.750000    1.130038   -0.380038 (VIOLATED)
fanout380/X                             0.750000    1.130038   -0.380038 (VIOLATED)
_12941_/A1                              0.750000    1.126804   -0.376804 (VIOLATED)
_13009_/B1                              0.750000    1.126802   -0.376802 (VIOLATED)
_13036_/B1                              0.750000    1.126800   -0.376800 (VIOLATED)
_13077_/A1                              0.750000    1.126800   -0.376800 (VIOLATED)
_13023_/A1                              0.750000    1.126793   -0.376793 (VIOLATED)
_13090_/A1                              0.750000    1.126793   -0.376793 (VIOLATED)
_12955_/A1                              0.750000    1.126789   -0.376789 (VIOLATED)
_12969_/A1                              0.750000    1.126783   -0.376783 (VIOLATED)
_12996_/B2                              0.750000    1.126777   -0.376777 (VIOLATED)
fanout1173/A                            0.750000    1.126777   -0.376777 (VIOLATED)
fanout1174/X                            0.750000    1.126777   -0.376777 (VIOLATED)
_15612_/C1                              0.750000    1.126585   -0.376585 (VIOLATED)
fanout1471/A                            0.750000    1.126571   -0.376571 (VIOLATED)
_13541_/A                               0.750000    1.126559   -0.376560 (VIOLATED)
_14041_/C1                              0.750000    1.126559   -0.376559 (VIOLATED)
_14220_/C1                              0.750000    1.126558   -0.376558 (VIOLATED)
_14128_/C1                              0.750000    1.126555   -0.376555 (VIOLATED)
fanout1469/A                            0.750000    1.126554   -0.376554 (VIOLATED)
fanout1472/X                            0.750000    1.126554   -0.376554 (VIOLATED)
_12123_/A                               0.750000    1.123504   -0.373504 (VIOLATED)
_12808_/A2                              0.750000    1.123504   -0.373504 (VIOLATED)
_12884_/A2                              0.750000    1.123504   -0.373504 (VIOLATED)
_12922_/A2                              0.750000    1.123504   -0.373504 (VIOLATED)
_12934_/B                               0.750000    1.123504   -0.373504 (VIOLATED)
_12982_/A2                              0.750000    1.123504   -0.373504 (VIOLATED)
_13009_/A2                              0.750000    1.123504   -0.373504 (VIOLATED)
_13049_/A2                              0.750000    1.123504   -0.373504 (VIOLATED)
_13126_/A                               0.750000    1.123504   -0.373504 (VIOLATED)
_13245_/A2                              0.750000    1.123504   -0.373504 (VIOLATED)
fanout1348/X                            0.750000    1.123504   -0.373504 (VIOLATED)
_17417_/A1                              0.750000    1.122713   -0.372713 (VIOLATED)
_17545_/A1                              0.750000    1.122713   -0.372713 (VIOLATED)
_12864_/A3                              0.750000    1.122710   -0.372710 (VIOLATED)
_13133_/A1                              0.750000    1.122710   -0.372710 (VIOLATED)
_13292_/A0                              0.750000    1.122710   -0.372710 (VIOLATED)
_17913_/A0                              0.750000    1.122710   -0.372710 (VIOLATED)
_17946_/A0                              0.750000    1.122710   -0.372710 (VIOLATED)
_18044_/A1                              0.750000    1.122710   -0.372710 (VIOLATED)
_18135_/A0                              0.750000    1.122710   -0.372710 (VIOLATED)
_18312_/A1                              0.750000    1.122710   -0.372710 (VIOLATED)
fanout716/X                             0.750000    1.122710   -0.372710 (VIOLATED)
_18067_/A2                              0.750000    1.119346   -0.369347 (VIOLATED)
_18076_/A2                              0.750000    1.119347   -0.369347 (VIOLATED)
_18079_/A2                              0.750000    1.119342   -0.369342 (VIOLATED)
_18082_/A2                              0.750000    1.119334   -0.369334 (VIOLATED)
_18064_/A2                              0.750000    1.119324   -0.369324 (VIOLATED)
_18094_/A2                              0.750000    1.119318   -0.369318 (VIOLATED)
_18100_/A2                              0.750000    1.119303   -0.369303 (VIOLATED)
_18052_/A2                              0.750000    1.119294   -0.369294 (VIOLATED)
_18049_/A2                              0.750000    1.119289   -0.369289 (VIOLATED)
_18073_/A2                              0.750000    1.119287   -0.369287 (VIOLATED)
fanout992/X                             0.750000    1.119287   -0.369287 (VIOLATED)
_13089_/A2                              0.750000    1.119093   -0.369093 (VIOLATED)
_13075_/A2                              0.750000    1.118786   -0.368786 (VIOLATED)
fanout1345/A                            0.750000    1.118783   -0.368783 (VIOLATED)
_12913_/A2                              0.750000    1.118782   -0.368782 (VIOLATED)
_12131_/B                               0.750000    1.118773   -0.368773 (VIOLATED)
_12845_/A2                              0.750000    1.118773   -0.368773 (VIOLATED)
_12926_/A2                              0.750000    1.118773   -0.368773 (VIOLATED)
_12990_/B1                              0.750000    1.118773   -0.368773 (VIOLATED)
fanout1346/X                            0.750000    1.118773   -0.368773 (VIOLATED)
_15845_/A                               0.750000    1.115261   -0.365261 (VIOLATED)
fanout1223/A                            0.750000    1.115254   -0.365254 (VIOLATED)
_14814_/B                               0.750000    1.115252   -0.365252 (VIOLATED)
_14689_/B                               0.750000    1.115251   -0.365251 (VIOLATED)
_14144_/A                               0.750000    1.115248   -0.365248 (VIOLATED)
_14145_/B                               0.750000    1.115247   -0.365247 (VIOLATED)
_14146_/B                               0.750000    1.115247   -0.365247 (VIOLATED)
_14356_/B                               0.750000    1.115247   -0.365247 (VIOLATED)
_14457_/A2                              0.750000    1.115247   -0.365247 (VIOLATED)
_14458_/B                               0.750000    1.115247   -0.365247 (VIOLATED)
fanout1224/X                            0.750000    1.115247   -0.365247 (VIOLATED)
_11687_/A2                              0.750000    1.110423   -0.360423 (VIOLATED)
_10756_/B1                              0.750000    1.110414   -0.360414 (VIOLATED)
_11868_/A2                              0.750000    1.110414   -0.360414 (VIOLATED)
fanout1758/A                            0.750000    1.110414   -0.360414 (VIOLATED)
fanout1761/X                            0.750000    1.110414   -0.360414 (VIOLATED)
wire1763/A                              0.750000    1.110414   -0.360414 (VIOLATED)
_12918_/A3                              0.750000    1.110362   -0.360362 (VIOLATED)
_13137_/A1                              0.750000    1.110362   -0.360362 (VIOLATED)
_17433_/A1                              0.750000    1.110362   -0.360362 (VIOLATED)
_17560_/A1                              0.750000    1.110362   -0.360362 (VIOLATED)
_17690_/B1                              0.750000    1.110362   -0.360362 (VIOLATED)
_17917_/A0                              0.750000    1.110362   -0.360362 (VIOLATED)
_17950_/A0                              0.750000    1.110362   -0.360362 (VIOLATED)
_18056_/A1                              0.750000    1.110362   -0.360362 (VIOLATED)
_18104_/A0                              0.750000    1.110362   -0.360362 (VIOLATED)
_18339_/A1                              0.750000    1.110362   -0.360362 (VIOLATED)
fanout1022/X                            0.750000    1.110362   -0.360362 (VIOLATED)
_12521_/A2                              0.750000    1.107174   -0.357174 (VIOLATED)
_12527_/A2                              0.750000    1.107173   -0.357173 (VIOLATED)
_12495_/A2                              0.750000    1.107170   -0.357170 (VIOLATED)
_12549_/A2                              0.750000    1.107167   -0.357167 (VIOLATED)
_12474_/A2                              0.750000    1.107165   -0.357165 (VIOLATED)
_12468_/A2                              0.750000    1.107165   -0.357165 (VIOLATED)
_12559_/A2                              0.750000    1.107164   -0.357164 (VIOLATED)
_12480_/A2                              0.750000    1.107164   -0.357164 (VIOLATED)
_12501_/A2                              0.750000    1.107164   -0.357164 (VIOLATED)
_12511_/A2                              0.750000    1.107164   -0.357164 (VIOLATED)
fanout1112/X                            0.750000    1.107164   -0.357164 (VIOLATED)
_14720_/A                               0.750000    1.105565   -0.355565 (VIOLATED)
_14956_/A                               0.750000    1.105566   -0.355566 (VIOLATED)
_14849_/A                               0.750000    1.105565   -0.355565 (VIOLATED)
_14722_/A1                              0.750000    1.105564   -0.355564 (VIOLATED)
_14491_/A                               0.750000    1.105557   -0.355557 (VIOLATED)
_13522_/A                               0.750000    1.105541   -0.355541 (VIOLATED)
_13847_/A                               0.750000    1.105540   -0.355540 (VIOLATED)
_13931_/A                               0.750000    1.105540   -0.355540 (VIOLATED)
_14097_/A                               0.750000    1.105540   -0.355540 (VIOLATED)
_14184_/A                               0.750000    1.105540   -0.355540 (VIOLATED)
fanout1261/X                            0.750000    1.105540   -0.355540 (VIOLATED)
_13580_/C                               0.750000    1.102990   -0.352990 (VIOLATED)
_14234_/C                               0.750000    1.102990   -0.352990 (VIOLATED)
_13749_/C                               0.750000    1.102986   -0.352986 (VIOLATED)
_13451_/B                               0.750000    1.102984   -0.352984 (VIOLATED)
_13750_/B                               0.750000    1.102984   -0.352984 (VIOLATED)
_14233_/B                               0.750000    1.102984   -0.352984 (VIOLATED)
_14661_/B                               0.750000    1.102984   -0.352984 (VIOLATED)
_14662_/A3                              0.750000    1.102984   -0.352984 (VIOLATED)
_14775_/C                               0.750000    1.102984   -0.352984 (VIOLATED)
_14778_/C                               0.750000    1.102984   -0.352984 (VIOLATED)
fanout1547/X                            0.750000    1.102984   -0.352984 (VIOLATED)
fanout2280/A                            0.750000    1.102622   -0.352622 (VIOLATED)
fanout2276/A                            0.750000    1.102621   -0.352621 (VIOLATED)
fanout2274/A                            0.750000    1.102620   -0.352620 (VIOLATED)
fanout2273/A                            0.750000    1.102600   -0.352600 (VIOLATED)
fanout2265/A                            0.750000    1.102576   -0.352576 (VIOLATED)
fanout2282/X                            0.750000    1.102576   -0.352576 (VIOLATED)
_15920_/B                               0.750000    1.099505   -0.349505 (VIOLATED)
_16017_/B                               0.750000    1.099505   -0.349505 (VIOLATED)
_16024_/B1                              0.750000    1.099504   -0.349504 (VIOLATED)
_15735_/B1                              0.750000    1.099501   -0.349501 (VIOLATED)
_15648_/B                               0.750000    1.099498   -0.349498 (VIOLATED)
_15731_/B                               0.750000    1.099497   -0.349497 (VIOLATED)
_18921_/A1                              0.750000    1.099479   -0.349479 (VIOLATED)
_15139_/B1                              0.750000    1.099475   -0.349475 (VIOLATED)
_15140_/C                               0.750000    1.099475   -0.349475 (VIOLATED)
_15143_/B1                              0.750000    1.099475   -0.349475 (VIOLATED)
fanout1208/X                            0.750000    1.099475   -0.349475 (VIOLATED)
_18397_/A2                              0.750000    1.098421   -0.348421 (VIOLATED)
_18403_/A2                              0.750000    1.098418   -0.348419 (VIOLATED)
_18391_/A2                              0.750000    1.098416   -0.348416 (VIOLATED)
_18408_/A2                              0.750000    1.098409   -0.348409 (VIOLATED)
_18386_/A2                              0.750000    1.098405   -0.348405 (VIOLATED)
_18363_/A2                              0.750000    1.098401   -0.348401 (VIOLATED)
_18352_/A2                              0.750000    1.098390   -0.348390 (VIOLATED)
_18340_/A2                              0.750000    1.098387   -0.348387 (VIOLATED)
_18346_/A2                              0.750000    1.098387   -0.348387 (VIOLATED)
_18369_/A2                              0.750000    1.098387   -0.348387 (VIOLATED)
fanout364/X                             0.750000    1.098387   -0.348387 (VIOLATED)
_17436_/A1                              0.750000    1.097378   -0.347378 (VIOLATED)
_12932_/A3                              0.750000    1.097375   -0.347375 (VIOLATED)
_13138_/A1                              0.750000    1.097375   -0.347375 (VIOLATED)
_17918_/A0                              0.750000    1.097375   -0.347375 (VIOLATED)
_17951_/A0                              0.750000    1.097375   -0.347375 (VIOLATED)
_18058_/B2                              0.750000    1.097375   -0.347375 (VIOLATED)
_18105_/A0                              0.750000    1.097375   -0.347375 (VIOLATED)
_18140_/A0                              0.750000    1.097375   -0.347375 (VIOLATED)
_18202_/A1                              0.750000    1.097375   -0.347375 (VIOLATED)
_18345_/A1                              0.750000    1.097375   -0.347375 (VIOLATED)
fanout936/X                             0.750000    1.097375   -0.347375 (VIOLATED)
_16009_/B                               0.750000    1.096613   -0.346613 (VIOLATED)
_16189_/C                               0.750000    1.096612   -0.346612 (VIOLATED)
_16100_/A2                              0.750000    1.096611   -0.346611 (VIOLATED)
_15926_/A2                              0.750000    1.096607   -0.346607 (VIOLATED)
_15845_/C                               0.750000    1.096591   -0.346591 (VIOLATED)
_15842_/A2                              0.750000    1.096585   -0.346585 (VIOLATED)
_15474_/B                               0.750000    1.096259   -0.346259 (VIOLATED)
_14720_/B                               0.750000    1.096246   -0.346246 (VIOLATED)
_14722_/B1                              0.750000    1.096246   -0.346246 (VIOLATED)
_14849_/B                               0.750000    1.096246   -0.346246 (VIOLATED)
fanout1211/X                            0.750000    1.096246   -0.346246 (VIOLATED)
_19247_/S                               0.750000    1.096227   -0.346227 (VIOLATED)
_19249_/S                               0.750000    1.096227   -0.346227 (VIOLATED)
_19251_/S                               0.750000    1.096227   -0.346227 (VIOLATED)
_19261_/S                               0.750000    1.096227   -0.346227 (VIOLATED)
_19265_/S                               0.750000    1.096227   -0.346227 (VIOLATED)
_19279_/S                               0.750000    1.096227   -0.346227 (VIOLATED)
_19281_/S                               0.750000    1.096227   -0.346227 (VIOLATED)
_19289_/S                               0.750000    1.096227   -0.346227 (VIOLATED)
_19297_/S                               0.750000    1.096227   -0.346227 (VIOLATED)
fanout1877/A                            0.750000    1.096227   -0.346227 (VIOLATED)
fanout1878/X                            0.750000    1.096227   -0.346227 (VIOLATED)
_18978_/S                               0.750000    1.093962   -0.343962 (VIOLATED)
_18998_/S                               0.750000    1.093962   -0.343962 (VIOLATED)
_19000_/S                               0.750000    1.093962   -0.343962 (VIOLATED)
_19004_/S                               0.750000    1.093962   -0.343962 (VIOLATED)
_19008_/S                               0.750000    1.093962   -0.343962 (VIOLATED)
_19010_/S                               0.750000    1.093962   -0.343962 (VIOLATED)
_19014_/S                               0.750000    1.093962   -0.343962 (VIOLATED)
_19021_/S                               0.750000    1.093962   -0.343962 (VIOLATED)
_19025_/S                               0.750000    1.093962   -0.343962 (VIOLATED)
_19027_/S                               0.750000    1.093962   -0.343962 (VIOLATED)
fanout1206/X                            0.750000    1.093962   -0.343962 (VIOLATED)
_13605_/A                               0.750000    1.092540   -0.342540 (VIOLATED)
_13727_/B1                              0.750000    1.092539   -0.342539 (VIOLATED)
_14314_/C1                              0.750000    1.092539   -0.342539 (VIOLATED)
_13466_/A                               0.750000    1.092536   -0.342536 (VIOLATED)
_13670_/A                               0.750000    1.092532   -0.342532 (VIOLATED)
_13969_/C1                              0.750000    1.092526   -0.342526 (VIOLATED)
_10566_/B                               0.750000    1.092516   -0.342516 (VIOLATED)
_10626_/B                               0.750000    1.092516   -0.342516 (VIOLATED)
_10688_/B                               0.750000    1.092516   -0.342516 (VIOLATED)
_10745_/B                               0.750000    1.092516   -0.342516 (VIOLATED)
fanout1469/X                            0.750000    1.092516   -0.342516 (VIOLATED)
_12828_/A2                              0.750000    1.092276   -0.342276 (VIOLATED)
_12815_/A2                              0.750000    1.092275   -0.342275 (VIOLATED)
_12176_/A2                              0.750000    1.092259   -0.342259 (VIOLATED)
_12363_/C                               0.750000    1.092253   -0.342253 (VIOLATED)
_17885_/A2                              0.750000    1.092253   -0.342253 (VIOLATED)
_12058_/B                               0.750000    1.092250   -0.342250 (VIOLATED)
_12855_/A2                              0.750000    1.092239   -0.342240 (VIOLATED)
_12064_/A_N                             0.750000    1.092228   -0.342228 (VIOLATED)
_12990_/A2                              0.750000    1.092228   -0.342228 (VIOLATED)
_13244_/A2                              0.750000    1.092228   -0.342228 (VIOLATED)
fanout1464/X                            0.750000    1.092228   -0.342228 (VIOLATED)
_18507_/A                               0.750000    1.091628   -0.341629 (VIOLATED)
_18820_/B2                              0.750000    1.091621   -0.341621 (VIOLATED)
_11489_/B                               0.750000    1.091447   -0.341447 (VIOLATED)
_11494_/A2                              0.750000    1.091429   -0.341429 (VIOLATED)
_11488_/X                               0.750000    1.091356   -0.341356 (VIOLATED)
_12043_/A2                              0.750000    1.090534   -0.340534 (VIOLATED)
_12147_/A                               0.750000    1.090532   -0.340532 (VIOLATED)
_12155_/A                               0.750000    1.090531   -0.340531 (VIOLATED)
_12139_/B1                              0.750000    1.090526   -0.340526 (VIOLATED)
_10459_/B1                              0.750000    1.090521   -0.340521 (VIOLATED)
_11128_/A2                              0.750000    1.090511   -0.340511 (VIOLATED)
_10458_/X                               0.750000    1.090481   -0.340481 (VIOLATED)
_10703_/A2                              0.750000    1.090481   -0.340481 (VIOLATED)
_10885_/B1                              0.750000    1.090481   -0.340481 (VIOLATED)
_18015_/A2                              0.750000    1.083711   -0.333711 (VIOLATED)
_18020_/B1                              0.750000    1.083711   -0.333711 (VIOLATED)
_18023_/B1                              0.750000    1.083711   -0.333711 (VIOLATED)
_18026_/B1                              0.750000    1.083711   -0.333711 (VIOLATED)
_18029_/B1                              0.750000    1.083711   -0.333711 (VIOLATED)
_18032_/B1                              0.750000    1.083711   -0.333711 (VIOLATED)
_18035_/B1                              0.750000    1.083711   -0.333711 (VIOLATED)
_18038_/B1                              0.750000    1.083711   -0.333711 (VIOLATED)
_18041_/B1                              0.750000    1.083711   -0.333711 (VIOLATED)
_18044_/B1                              0.750000    1.083711   -0.333711 (VIOLATED)
fanout318/X                             0.750000    1.083711   -0.333711 (VIOLATED)
_12687_/B                               0.750000    1.083587   -0.333587 (VIOLATED)
_12732_/B                               0.750000    1.083587   -0.333587 (VIOLATED)
_12746_/B                               0.750000    1.083587   -0.333587 (VIOLATED)
_12761_/B                               0.750000    1.083587   -0.333587 (VIOLATED)
_12774_/B                               0.750000    1.083587   -0.333587 (VIOLATED)
_12795_/B                               0.750000    1.083587   -0.333587 (VIOLATED)
_12803_/B                               0.750000    1.083587   -0.333587 (VIOLATED)
_12823_/A2                              0.750000    1.083587   -0.333587 (VIOLATED)
_12835_/A2                              0.750000    1.083587   -0.333587 (VIOLATED)
_12909_/B                               0.750000    1.083587   -0.333587 (VIOLATED)
fanout1332/X                            0.750000    1.083587   -0.333587 (VIOLATED)
_17620_/B                               0.750000    1.080540   -0.330540 (VIOLATED)
_17756_/B                               0.750000    1.080540   -0.330540 (VIOLATED)
_13295_/C                               0.750000    1.080539   -0.330539 (VIOLATED)
_17365_/D                               0.750000    1.080539   -0.330539 (VIOLATED)
_17366_/C                               0.750000    1.080539   -0.330539 (VIOLATED)
_13288_/B                               0.750000    1.080537   -0.330537 (VIOLATED)
_17900_/B                               0.750000    1.080535   -0.330535 (VIOLATED)
_17933_/A                               0.750000    1.080535   -0.330535 (VIOLATED)
_18205_/B2                              0.750000    1.080535   -0.330535 (VIOLATED)
fanout450/A                             0.750000    1.080535   -0.330535 (VIOLATED)
fanout451/X                             0.750000    1.080535   -0.330535 (VIOLATED)
_16018_/A2                              0.750000    1.079406   -0.329406 (VIOLATED)
_15840_/A2                              0.750000    1.079406   -0.329406 (VIOLATED)
_15646_/B1                              0.750000    1.079403   -0.329403 (VIOLATED)
_15732_/A2                              0.750000    1.079399   -0.329399 (VIOLATED)
_16099_/B                               0.750000    1.079390   -0.329390 (VIOLATED)
_16189_/B                               0.750000    1.079388   -0.329389 (VIOLATED)
_14914_/B                               0.750000    1.079383   -0.329383 (VIOLATED)
_15001_/A2                              0.750000    1.079383   -0.329383 (VIOLATED)
_15020_/B                               0.750000    1.079383   -0.329383 (VIOLATED)
_15021_/A2                              0.750000    1.079383   -0.329383 (VIOLATED)
fanout1151/X                            0.750000    1.079383   -0.329383 (VIOLATED)
_18046_/B1                              0.750000    1.078464   -0.328464 (VIOLATED)
_18043_/B1                              0.750000    1.078462   -0.328462 (VIOLATED)
_18034_/B1                              0.750000    1.078461   -0.328461 (VIOLATED)
_18031_/B1                              0.750000    1.078447   -0.328447 (VIOLATED)
_18028_/B1                              0.750000    1.078435   -0.328435 (VIOLATED)
_18025_/B1                              0.750000    1.078427   -0.328427 (VIOLATED)
_10994_/A1                              0.750000    1.078419   -0.328419 (VIOLATED)
_11054_/A1                              0.750000    1.078419   -0.328419 (VIOLATED)
_11114_/A1                              0.750000    1.078419   -0.328419 (VIOLATED)
_18022_/B1                              0.750000    1.078419   -0.328419 (VIOLATED)
_10219_/A1                              0.750000    1.078417   -0.328417 (VIOLATED)
_10445_/A1                              0.750000    1.078416   -0.328416 (VIOLATED)
_10504_/A1                              0.750000    1.078416   -0.328416 (VIOLATED)
_10559_/A1                              0.750000    1.078416   -0.328416 (VIOLATED)
_11308_/A1                              0.750000    1.078416   -0.328416 (VIOLATED)
_11617_/A1                              0.750000    1.078416   -0.328416 (VIOLATED)
_11673_/A1                              0.750000    1.078416   -0.328416 (VIOLATED)
fanout1806/X                            0.750000    1.078416   -0.328416 (VIOLATED)
_18019_/B1                              0.750000    1.078409   -0.328409 (VIOLATED)
_18016_/B1                              0.750000    1.078397   -0.328397 (VIOLATED)
_17981_/B                               0.750000    1.078392   -0.328392 (VIOLATED)
fanout1142/X                            0.750000    1.078392   -0.328392 (VIOLATED)
_12967_/B1                              0.750000    1.077968   -0.327969 (VIOLATED)
_13006_/A2                              0.750000    1.077967   -0.327967 (VIOLATED)
_12939_/A2                              0.750000    1.077966   -0.327966 (VIOLATED)
_12954_/B1                              0.750000    1.077966   -0.327966 (VIOLATED)
_12981_/A2                              0.750000    1.077966   -0.327966 (VIOLATED)
_13019_/A2                              0.750000    1.077966   -0.327966 (VIOLATED)
_13035_/B1                              0.750000    1.077966   -0.327966 (VIOLATED)
_13049_/B1                              0.750000    1.077966   -0.327966 (VIOLATED)
_13062_/B1                              0.750000    1.077966   -0.327966 (VIOLATED)
_13073_/A2                              0.750000    1.077966   -0.327966 (VIOLATED)
fanout1341/X                            0.750000    1.077966   -0.327966 (VIOLATED)
_19422_/S1                              0.750000    1.076223   -0.326223 (VIOLATED)
_19641_/A                               0.750000    1.076217   -0.326217 (VIOLATED)
fanout2313/A                            0.750000    1.076197   -0.326197 (VIOLATED)
_19403_/A                               0.750000    1.076186   -0.326186 (VIOLATED)
_19590_/A1                              0.750000    1.076135   -0.326135 (VIOLATED)
_19572_/S                               0.750000    1.076126   -0.326126 (VIOLATED)
_19602_/A                               0.750000    1.076111   -0.326111 (VIOLATED)
_10040_/B                               0.750000    1.075902   -0.325902 (VIOLATED)
_10043_/B                               0.750000    1.075902   -0.325902 (VIOLATED)
_10045_/C                               0.750000    1.075902   -0.325902 (VIOLATED)
_10046_/A2                              0.750000    1.075902   -0.325902 (VIOLATED)
_10130_/A2                              0.750000    1.075902   -0.325902 (VIOLATED)
_10187_/A2                              0.750000    1.075902   -0.325902 (VIOLATED)
_10715_/A2                              0.750000    1.075902   -0.325902 (VIOLATED)
_10769_/B                               0.750000    1.075902   -0.325902 (VIOLATED)
_10770_/A2                              0.750000    1.075902   -0.325902 (VIOLATED)
_10846_/A2                              0.750000    1.075902   -0.325902 (VIOLATED)
fanout1191/X                            0.750000    1.075902   -0.325902 (VIOLATED)
fanout2312/A                            0.750000    1.075787   -0.325787 (VIOLATED)
fanout2314/X                            0.750000    1.075787   -0.325787 (VIOLATED)
_18091_/A2                              0.750000    1.073700   -0.323700 (VIOLATED)
_18097_/A2                              0.750000    1.073688   -0.323688 (VIOLATED)
fanout992/A                             0.750000    1.073683   -0.323683 (VIOLATED)
fanout991/A                             0.750000    1.073650   -0.323650 (VIOLATED)
fanout990/A                             0.750000    1.073313   -0.323313 (VIOLATED)
fanout993/X                             0.750000    1.073313   -0.323313 (VIOLATED)
_18047_/B1                              0.750000    1.069514   -0.319514 (VIOLATED)
_18050_/B1                              0.750000    1.069514   -0.319514 (VIOLATED)
_18053_/B1                              0.750000    1.069514   -0.319514 (VIOLATED)
_18065_/B1                              0.750000    1.069514   -0.319514 (VIOLATED)
_18074_/B1                              0.750000    1.069514   -0.319514 (VIOLATED)
_18080_/B1                              0.750000    1.069514   -0.319514 (VIOLATED)
_18083_/B1                              0.750000    1.069514   -0.319514 (VIOLATED)
_18095_/B1                              0.750000    1.069514   -0.319514 (VIOLATED)
_18101_/B1                              0.750000    1.069514   -0.319514 (VIOLATED)
fanout319/A                             0.750000    1.069514   -0.319514 (VIOLATED)
fanout320/X                             0.750000    1.069514   -0.319514 (VIOLATED)
_12521_/B1                              0.750000    1.069273   -0.319273 (VIOLATED)
_12527_/B1                              0.750000    1.069273   -0.319273 (VIOLATED)
_12501_/B1                              0.750000    1.069271   -0.319271 (VIOLATED)
_12495_/B1                              0.750000    1.069265   -0.319265 (VIOLATED)
_12549_/B1                              0.750000    1.069261   -0.319261 (VIOLATED)
_12474_/B1                              0.750000    1.069257   -0.319257 (VIOLATED)
_12468_/B1                              0.750000    1.069256   -0.319256 (VIOLATED)
_12559_/B1                              0.750000    1.069256   -0.319256 (VIOLATED)
_12480_/B1                              0.750000    1.069252   -0.319253 (VIOLATED)
_12511_/B1                              0.750000    1.069252   -0.319253 (VIOLATED)
fanout1108/X                            0.750000    1.069252   -0.319253 (VIOLATED)
_18045_/A2                              0.750000    1.066172   -0.316172 (VIOLATED)
_18036_/A2                              0.750000    1.066170   -0.316170 (VIOLATED)
_18039_/A2                              0.750000    1.066165   -0.316165 (VIOLATED)
_18033_/A2                              0.750000    1.066159   -0.316159 (VIOLATED)
_18007_/A                               0.750000    1.066153   -0.316153 (VIOLATED)
_18030_/A2                              0.750000    1.066149   -0.316149 (VIOLATED)
_18027_/A2                              0.750000    1.066146   -0.316146 (VIOLATED)
_18024_/A2                              0.750000    1.066133   -0.316133 (VIOLATED)
_18021_/A2                              0.750000    1.066123   -0.316123 (VIOLATED)
_18042_/A2                              0.750000    1.066119   -0.316119 (VIOLATED)
fanout382/X                             0.750000    1.066119   -0.316119 (VIOLATED)
_11858_/A2                              0.750000    1.062585   -0.312585 (VIOLATED)
_11734_/A2                              0.750000    1.062585   -0.312585 (VIOLATED)
_11795_/A2                              0.750000    1.062585   -0.312585 (VIOLATED)
_11676_/A2                              0.750000    1.062581   -0.312581 (VIOLATED)
_11620_/A2                              0.750000    1.062581   -0.312581 (VIOLATED)
_11562_/A2                              0.750000    1.062580   -0.312580 (VIOLATED)
_11310_/A2                              0.750000    1.062574   -0.312574 (VIOLATED)
_11493_/A2                              0.750000    1.062570   -0.312570 (VIOLATED)
_10097_/A                               0.750000    1.062569   -0.312569 (VIOLATED)
_19710_/A                               0.750000    1.062567   -0.312567 (VIOLATED)
fanout1532/X                            0.750000    1.062567   -0.312567 (VIOLATED)
_12730_/A3                              0.750000    1.060421   -0.310421 (VIOLATED)
_13290_/A0                              0.750000    1.060421   -0.310421 (VIOLATED)
_13291_/A0                              0.750000    1.060421   -0.310421 (VIOLATED)
_13297_/A0                              0.750000    1.060421   -0.310421 (VIOLATED)
_17903_/A0                              0.750000    1.060421   -0.310421 (VIOLATED)
_17936_/A0                              0.750000    1.060421   -0.310421 (VIOLATED)
_17984_/A                               0.750000    1.060421   -0.310421 (VIOLATED)
_17985_/A1                              0.750000    1.060421   -0.310421 (VIOLATED)
_18125_/A0                              0.750000    1.060421   -0.310421 (VIOLATED)
_18240_/A1                              0.750000    1.060421   -0.310421 (VIOLATED)
fanout943/X                             0.750000    1.060421   -0.310421 (VIOLATED)
_09874_/A                               0.750000    1.058670   -0.308670 (VIOLATED)
_09875_/A1                              0.750000    1.058670   -0.308670 (VIOLATED)
_11989_/A                               0.750000    1.058670   -0.308670 (VIOLATED)
_11990_/A                               0.750000    1.058670   -0.308670 (VIOLATED)
_11991_/D                               0.750000    1.058670   -0.308670 (VIOLATED)
_12041_/A                               0.750000    1.058670   -0.308670 (VIOLATED)
_12093_/A                               0.750000    1.058670   -0.308670 (VIOLATED)
_12310_/A1                              0.750000    1.058670   -0.308670 (VIOLATED)
_12322_/A1                              0.750000    1.058670   -0.308670 (VIOLATED)
_12325_/A1                              0.750000    1.058670   -0.308670 (VIOLATED)
fanout1870/X                            0.750000    1.058670   -0.308670 (VIOLATED)
_15988_/C1                              0.750000    1.058058   -0.308058 (VIOLATED)
_16353_/C1                              0.750000    1.058057   -0.308057 (VIOLATED)
_16085_/C1                              0.750000    1.058057   -0.308057 (VIOLATED)
_15902_/C1                              0.750000    1.058056   -0.308056 (VIOLATED)
fanout1470/A                            0.750000    1.058052   -0.308052 (VIOLATED)
_15514_/C1                              0.750000    1.058051   -0.308051 (VIOLATED)
_14638_/C1                              0.750000    1.058051   -0.308051 (VIOLATED)
_14883_/C1                              0.750000    1.058051   -0.308051 (VIOLATED)
_14992_/C1                              0.750000    1.058051   -0.308051 (VIOLATED)
_15415_/C1                              0.750000    1.058051   -0.308051 (VIOLATED)
fanout1471/X                            0.750000    1.058051   -0.308051 (VIOLATED)
_18317_/A2                              0.750000    1.056569   -0.306569 (VIOLATED)
_18311_/A2                              0.750000    1.056568   -0.306568 (VIOLATED)
_18304_/A2                              0.750000    1.056567   -0.306567 (VIOLATED)
_18289_/A2                              0.750000    1.056564   -0.306564 (VIOLATED)
_18297_/A2                              0.750000    1.056563   -0.306563 (VIOLATED)
_18273_/A2                              0.750000    1.056560   -0.306560 (VIOLATED)
_18281_/A2                              0.750000    1.056560   -0.306560 (VIOLATED)
_18267_/A2                              0.750000    1.056558   -0.306559 (VIOLATED)
_12375_/A2                              0.750000    1.056538   -0.306538 (VIOLATED)
_12411_/A2                              0.750000    1.056538   -0.306538 (VIOLATED)
fanout1176/X                            0.750000    1.056538   -0.306538 (VIOLATED)
_12954_/C1                              0.750000    1.055875   -0.305875 (VIOLATED)
_13022_/C1                              0.750000    1.055875   -0.305875 (VIOLATED)
_13035_/C1                              0.750000    1.055873   -0.305873 (VIOLATED)
_13008_/C1                              0.750000    1.055869   -0.305869 (VIOLATED)
_13050_/C1                              0.750000    1.055868   -0.305868 (VIOLATED)
_13063_/C1                              0.750000    1.055868   -0.305868 (VIOLATED)
_12913_/C1                              0.750000    1.055865   -0.305865 (VIOLATED)
_12926_/C1                              0.750000    1.055865   -0.305865 (VIOLATED)
_12940_/C1                              0.750000    1.055865   -0.305865 (VIOLATED)
_12982_/C1                              0.750000    1.055865   -0.305865 (VIOLATED)
fanout1277/X                            0.750000    1.055865   -0.305865 (VIOLATED)
_12618_/A0                              0.750000    1.054558   -0.304558 (VIOLATED)
_14095_/A0                              0.750000    1.054556   -0.304556 (VIOLATED)
_10364_/B1                              0.750000    1.054474   -0.304474 (VIOLATED)
_19404_/A1                              0.750000    1.054401   -0.304401 (VIOLATED)
_19405_/A1                              0.750000    1.054401   -0.304401 (VIOLATED)
_19619_/S                               0.750000    1.054401   -0.304401 (VIOLATED)
_19658_/S                               0.750000    1.054401   -0.304401 (VIOLATED)
_19624_/S                               0.750000    1.054395   -0.304396 (VIOLATED)
_19642_/A1                              0.750000    1.054394   -0.304394 (VIOLATED)
_19630_/S                               0.750000    1.054389   -0.304389 (VIOLATED)
_19648_/S                               0.750000    1.054383   -0.304383 (VIOLATED)
_19669_/S                               0.750000    1.054383   -0.304383 (VIOLATED)
_19679_/S                               0.750000    1.054383   -0.304383 (VIOLATED)
fanout1859/X                            0.750000    1.054383   -0.304383 (VIOLATED)
_10362_/Y                               0.750000    1.054357   -0.304357 (VIOLATED)
_15836_/B                               0.750000    1.053271   -0.303271 (VIOLATED)
_15837_/B                               0.750000    1.053270   -0.303270 (VIOLATED)
_15646_/A2                              0.750000    1.053267   -0.303267 (VIOLATED)
_16190_/B2                              0.750000    1.053264   -0.303264 (VIOLATED)
_16100_/A1                              0.750000    1.053263   -0.303263 (VIOLATED)
_15553_/B                               0.750000    1.053263   -0.303263 (VIOLATED)
_14805_/B                               0.750000    1.053259   -0.303259 (VIOLATED)
_14916_/A2                              0.750000    1.053259   -0.303259 (VIOLATED)
_14917_/B                               0.750000    1.053259   -0.303259 (VIOLATED)
_15130_/B                               0.750000    1.053259   -0.303259 (VIOLATED)
fanout1156/X                            0.750000    1.053259   -0.303259 (VIOLATED)
_13657_/A2                              0.750000    1.053105   -0.303105 (VIOLATED)
_13756_/A2                              0.750000    1.053105   -0.303105 (VIOLATED)
_13689_/A2                              0.750000    1.053104   -0.303104 (VIOLATED)
_13980_/A2                              0.750000    1.053102   -0.303103 (VIOLATED)
_14440_/A2                              0.750000    1.053098   -0.303098 (VIOLATED)
_13457_/A2                              0.750000    1.053094   -0.303094 (VIOLATED)
_12350_/A0                              0.750000    1.053084   -0.303084 (VIOLATED)
_16221_/A2                              0.750000    1.053082   -0.303082 (VIOLATED)
_18898_/A2                              0.750000    1.053082   -0.303082 (VIOLATED)
_18954_/A2                              0.750000    1.053082   -0.303082 (VIOLATED)
fanout1333/X                            0.750000    1.053082   -0.303082 (VIOLATED)
_13521_/S                               0.750000    1.048877   -0.298877 (VIOLATED)
_13653_/S                               0.750000    1.048877   -0.298877 (VIOLATED)
_13684_/S                               0.750000    1.048877   -0.298877 (VIOLATED)
_13748_/B1                              0.750000    1.048877   -0.298877 (VIOLATED)
_13977_/S                               0.750000    1.048877   -0.298877 (VIOLATED)
_14057_/S                               0.750000    1.048877   -0.298877 (VIOLATED)
_14331_/C                               0.750000    1.048877   -0.298877 (VIOLATED)
fanout1545/X                            0.750000    1.048877   -0.298877 (VIOLATED)
_10449_/A2                              0.750000    1.045889   -0.295889 (VIOLATED)
_18465_/A1                              0.750000    1.045838   -0.295838 (VIOLATED)
ANTENNA_65/DIODE                        0.750000    1.045666   -0.295666 (VIOLATED)
_18698_/A1                              0.750000    1.045659   -0.295659 (VIOLATED)
_10445_/A2                              0.750000    1.045616   -0.295616 (VIOLATED)
_10443_/X                               0.750000    1.045567   -0.295567 (VIOLATED)
_17288_/S                               0.750000    1.042426   -0.292426 (VIOLATED)
fanout759/A                             0.750000    1.042426   -0.292426 (VIOLATED)
fanout762/A                             0.750000    1.042426   -0.292426 (VIOLATED)
fanout766/X                             0.750000    1.042426   -0.292426 (VIOLATED)
load_slew767/A                          0.750000    1.042426   -0.292426 (VIOLATED)
_17448_/A1                              0.750000    1.041361   -0.291361 (VIOLATED)
_17707_/A1                              0.750000    1.041360   -0.291360 (VIOLATED)
_17838_/A1                              0.750000    1.041356   -0.291356 (VIOLATED)
_17574_/A1                              0.750000    1.041355   -0.291355 (VIOLATED)
_17921_/A0                              0.750000    1.041350   -0.291350 (VIOLATED)
_17954_/A0                              0.750000    1.041350   -0.291350 (VIOLATED)
_12974_/A3                              0.750000    1.041342   -0.291342 (VIOLATED)
_13141_/A1                              0.750000    1.041342   -0.291342 (VIOLATED)
_18068_/A1                              0.750000    1.041342   -0.291342 (VIOLATED)
_18362_/A1                              0.750000    1.041342   -0.291342 (VIOLATED)
fanout872/X                             0.750000    1.041342   -0.291342 (VIOLATED)
_16374_/S                               0.750000    1.040107   -0.290107 (VIOLATED)
_16383_/S                               0.750000    1.039963   -0.289963 (VIOLATED)
ANTENNA_1/DIODE                         0.750000    1.039958   -0.289958 (VIOLATED)
_16389_/S                               0.750000    1.039943   -0.289943 (VIOLATED)
_18199_/A0                              0.750000    1.039798   -0.289798 (VIOLATED)
_12988_/A3                              0.750000    1.039797   -0.289797 (VIOLATED)
_13142_/A1                              0.750000    1.039797   -0.289797 (VIOLATED)
_17452_/A1                              0.750000    1.039797   -0.289797 (VIOLATED)
_17922_/A0                              0.750000    1.039797   -0.289797 (VIOLATED)
_17955_/A0                              0.750000    1.039797   -0.289797 (VIOLATED)
_18071_/A1                              0.750000    1.039797   -0.289797 (VIOLATED)
_18109_/A0                              0.750000    1.039797   -0.289797 (VIOLATED)
_18144_/A0                              0.750000    1.039797   -0.289797 (VIOLATED)
_18368_/A1                              0.750000    1.039797   -0.289797 (VIOLATED)
fanout933/X                             0.750000    1.039797   -0.289797 (VIOLATED)
_16392_/S                               0.750000    1.039749   -0.289749 (VIOLATED)
fanout861/A                             0.750000    1.039379   -0.289379 (VIOLATED)
_16359_/X                               0.750000    1.039245   -0.289245 (VIOLATED)
_19699_/A1                              0.750000    1.033703   -0.283703 (VIOLATED)
_19628_/B1                              0.750000    1.033698   -0.283698 (VIOLATED)
_19676_/B1                              0.750000    1.033690   -0.283691 (VIOLATED)
_19656_/B1                              0.750000    1.033689   -0.283689 (VIOLATED)
_19621_/B1                              0.750000    1.033681   -0.283681 (VIOLATED)
_19569_/B1                              0.750000    1.033674   -0.283674 (VIOLATED)
_19582_/B1                              0.750000    1.033388   -0.283389 (VIOLATED)
_19516_/B1                              0.750000    1.033381   -0.283382 (VIOLATED)
_19600_/B1                              0.750000    1.033381   -0.283382 (VIOLATED)
fanout226/A                             0.750000    1.033381   -0.283382 (VIOLATED)
fanout227/X                             0.750000    1.033381   -0.283382 (VIOLATED)
_15919_/B                               0.750000    1.030488   -0.280488 (VIOLATED)
_16020_/B1                              0.750000    1.030488   -0.280488 (VIOLATED)
_15826_/B1                              0.750000    1.030487   -0.280487 (VIOLATED)
_15647_/B                               0.750000    1.030486   -0.280486 (VIOLATED)
_15728_/B                               0.750000    1.030485   -0.280485 (VIOLATED)
_16187_/B                               0.750000    1.030483   -0.280484 (VIOLATED)
_16276_/B                               0.750000    1.030477   -0.280477 (VIOLATED)
_18883_/A                               0.750000    1.030477   -0.280477 (VIOLATED)
_15022_/B                               0.750000    1.030471   -0.280471 (VIOLATED)
_15444_/C                               0.750000    1.030471   -0.280471 (VIOLATED)
fanout1210/X                            0.750000    1.030471   -0.280471 (VIOLATED)
fanout1838/A                            0.750000    1.028106   -0.278106 (VIOLATED)
wire1844/A                              0.750000    1.028093   -0.278093 (VIOLATED)
fanout1841/A                            0.750000    1.027790   -0.277790 (VIOLATED)
fanout1843/X                            0.750000    1.027790   -0.277790 (VIOLATED)
_11423_/A1                              0.750000    1.027246   -0.277246 (VIOLATED)
fanout1626/A                            0.750000    1.027246   -0.277246 (VIOLATED)
_10871_/A1                              0.750000    1.027243   -0.277243 (VIOLATED)
_11416_/A1                              0.750000    1.027243   -0.277243 (VIOLATED)
_11966_/B1                              0.750000    1.027241   -0.277241 (VIOLATED)
fanout1624/A                            0.750000    1.027237   -0.277237 (VIOLATED)
fanout1628/X                            0.750000    1.027237   -0.277237 (VIOLATED)
fanout2086/A                            0.750000    1.026908   -0.276908 (VIOLATED)
fanout2081/A                            0.750000    1.026901   -0.276901 (VIOLATED)
fanout2078/A                            0.750000    1.026885   -0.276885 (VIOLATED)
fanout2083/A                            0.750000    1.026882   -0.276882 (VIOLATED)
fanout2075/A                            0.750000    1.026870   -0.276870 (VIOLATED)
fanout2088/X                            0.750000    1.026870   -0.276870 (VIOLATED)
_10342_/A2                              0.750000    1.025692   -0.275692 (VIOLATED)
_10394_/A2                              0.750000    1.025692   -0.275691 (VIOLATED)
_10095_/Y                               0.750000    1.025610   -0.275610 (VIOLATED)
_14213_/A1                              0.750000    1.024354   -0.274354 (VIOLATED)
_14879_/A1                              0.750000    1.024354   -0.274354 (VIOLATED)
_15313_/B1                              0.750000    1.024354   -0.274354 (VIOLATED)
_15607_/B1                              0.750000    1.024354   -0.274354 (VIOLATED)
_16261_/B1                              0.750000    1.024354   -0.274354 (VIOLATED)
fanout1049/A                            0.750000    1.024354   -0.274354 (VIOLATED)
fanout1050/A                            0.750000    1.024354   -0.274354 (VIOLATED)
fanout1051/X                            0.750000    1.024354   -0.274354 (VIOLATED)
_18510_/A1                              0.750000    1.024050   -0.274050 (VIOLATED)
_18827_/A1                              0.750000    1.023910   -0.273910 (VIOLATED)
_11559_/A2                              0.750000    1.023593   -0.273593 (VIOLATED)
_11563_/A2                              0.750000    1.023525   -0.273525 (VIOLATED)
_11556_/X                               0.750000    1.022407   -0.272407 (VIOLATED)
_18043_/A2                              0.750000    1.016979   -0.266979 (VIOLATED)
_19183_/S                               0.750000    1.016978   -0.266978 (VIOLATED)
_19185_/S                               0.750000    1.016978   -0.266978 (VIOLATED)
_19187_/S                               0.750000    1.016978   -0.266978 (VIOLATED)
_19197_/S                               0.750000    1.016978   -0.266978 (VIOLATED)
_19201_/S                               0.750000    1.016978   -0.266978 (VIOLATED)
_19213_/S                               0.750000    1.016978   -0.266978 (VIOLATED)
_19215_/S                               0.750000    1.016978   -0.266978 (VIOLATED)
_19225_/S                               0.750000    1.016978   -0.266978 (VIOLATED)
_19233_/S                               0.750000    1.016978   -0.266978 (VIOLATED)
fanout1882/A                            0.750000    1.016978   -0.266978 (VIOLATED)
fanout1883/X                            0.750000    1.016978   -0.266978 (VIOLATED)
_18034_/A2                              0.750000    1.016978   -0.266978 (VIOLATED)
_18037_/A2                              0.750000    1.016977   -0.266977 (VIOLATED)
_18016_/A2                              0.750000    1.016975   -0.266975 (VIOLATED)
_18019_/A2                              0.750000    1.016975   -0.266975 (VIOLATED)
_18022_/A2                              0.750000    1.016975   -0.266975 (VIOLATED)
_18025_/A2                              0.750000    1.016975   -0.266975 (VIOLATED)
_18028_/A2                              0.750000    1.016975   -0.266975 (VIOLATED)
_18031_/A2                              0.750000    1.016975   -0.266975 (VIOLATED)
_18040_/A2                              0.750000    1.016975   -0.266975 (VIOLATED)
fanout989/X                             0.750000    1.016975   -0.266975 (VIOLATED)
_10040_/A                               0.750000    1.016008   -0.266008 (VIOLATED)
_10043_/A                               0.750000    1.016008   -0.266008 (VIOLATED)
_10306_/A1                              0.750000    1.016005   -0.266005 (VIOLATED)
_10367_/A1                              0.750000    1.016005   -0.266005 (VIOLATED)
_10769_/A                               0.750000    1.016005   -0.266005 (VIOLATED)
_10770_/A1                              0.750000    1.016005   -0.266005 (VIOLATED)
_13322_/B1                              0.750000    1.016005   -0.266005 (VIOLATED)
_13419_/B1                              0.750000    1.016005   -0.266005 (VIOLATED)
_13431_/A                               0.750000    1.016005   -0.266005 (VIOLATED)
_13432_/A                               0.750000    1.016005   -0.266005 (VIOLATED)
fanout1192/X                            0.750000    1.016005   -0.266005 (VIOLATED)
_10280_/A2                              0.750000    1.013828   -0.263828 (VIOLATED)
_18480_/A                               0.750000    1.013806   -0.263807 (VIOLATED)
_18741_/B2                              0.750000    1.013795   -0.263795 (VIOLATED)
_10274_/B                               0.750000    1.013768   -0.263768 (VIOLATED)
_10273_/X                               0.750000    1.013745   -0.263745 (VIOLATED)
_09836_/A                               0.750000    1.012615   -0.262615 (VIOLATED)
_19387_/S1                              0.750000    1.012615   -0.262615 (VIOLATED)
_19390_/S1                              0.750000    1.012615   -0.262615 (VIOLATED)
_19393_/S1                              0.750000    1.012615   -0.262615 (VIOLATED)
_19396_/S1                              0.750000    1.012615   -0.262615 (VIOLATED)
_19399_/S1                              0.750000    1.012615   -0.262615 (VIOLATED)
_19408_/S1                              0.750000    1.012615   -0.262615 (VIOLATED)
_19411_/S1                              0.750000    1.012615   -0.262615 (VIOLATED)
_19415_/S1                              0.750000    1.012615   -0.262615 (VIOLATED)
_19419_/S1                              0.750000    1.012615   -0.262615 (VIOLATED)
fanout2313/X                            0.750000    1.012615   -0.262615 (VIOLATED)
_18389_/A2                              0.750000    1.011590   -0.261590 (VIOLATED)
_18395_/A2                              0.750000    1.011590   -0.261590 (VIOLATED)
_18401_/A2                              0.750000    1.011589   -0.261589 (VIOLATED)
_18406_/A2                              0.750000    1.011589   -0.261589 (VIOLATED)
_18412_/A2                              0.750000    1.011589   -0.261589 (VIOLATED)
_18331_/B2                              0.750000    1.011588   -0.261588 (VIOLATED)
_18344_/A2                              0.750000    1.011588   -0.261588 (VIOLATED)
_18350_/A2                              0.750000    1.011588   -0.261588 (VIOLATED)
_18355_/A2                              0.750000    1.011588   -0.261588 (VIOLATED)
_18423_/A2                              0.750000    1.011588   -0.261588 (VIOLATED)
fanout1178/X                            0.750000    1.011588   -0.261588 (VIOLATED)
_14997_/B1                              0.750000    1.011483   -0.261483 (VIOLATED)
_15614_/B1                              0.750000    1.011483   -0.261483 (VIOLATED)
_15904_/B1                              0.750000    1.011483   -0.261483 (VIOLATED)
_15907_/B1                              0.750000    1.011483   -0.261483 (VIOLATED)
_16087_/B1                              0.750000    1.011483   -0.261483 (VIOLATED)
_16090_/B1                              0.750000    1.011483   -0.261483 (VIOLATED)
fanout1149/A                            0.750000    1.011483   -0.261483 (VIOLATED)
fanout1150/X                            0.750000    1.011483   -0.261483 (VIOLATED)
_18261_/A1                              0.750000    1.010780   -0.260780 (VIOLATED)
_17906_/A0                              0.750000    1.010770   -0.260770 (VIOLATED)
_17939_/A0                              0.750000    1.010766   -0.260766 (VIOLATED)
_12770_/A3                              0.750000    1.010762   -0.260762 (VIOLATED)
_18023_/A1                              0.750000    1.010754   -0.260754 (VIOLATED)
_18128_/A0                              0.750000    1.010553   -0.260553 (VIOLATED)
_17641_/A1                              0.750000    1.010506   -0.260506 (VIOLATED)
_17389_/A1                              0.750000    1.010506   -0.260506 (VIOLATED)
_17781_/A1                              0.750000    1.010504   -0.260504 (VIOLATED)
_17518_/A1                              0.750000    1.010502   -0.260502 (VIOLATED)
_12768_/X                               0.750000    1.010498   -0.260498 (VIOLATED)
_12553_/B1                              0.750000    1.009633   -0.259633 (VIOLATED)
fanout1029/A                            0.750000    1.009627   -0.259627 (VIOLATED)
_12473_/B1                              0.750000    1.009620   -0.259620 (VIOLATED)
_12436_/B1                              0.750000    1.009619   -0.259619 (VIOLATED)
_12440_/B1                              0.750000    1.009619   -0.259619 (VIOLATED)
_12445_/B1                              0.750000    1.009619   -0.259619 (VIOLATED)
_12457_/B1                              0.750000    1.009619   -0.259619 (VIOLATED)
_12462_/B1                              0.750000    1.009619   -0.259619 (VIOLATED)
_12467_/B1                              0.750000    1.009619   -0.259619 (VIOLATED)
fanout1030/X                            0.750000    1.009619   -0.259619 (VIOLATED)
_13876_/S                               0.750000    1.007752   -0.257752 (VIOLATED)
_13877_/A1                              0.750000    1.007752   -0.257752 (VIOLATED)
_13878_/A1                              0.750000    1.007752   -0.257752 (VIOLATED)
_13708_/S                               0.750000    1.007752   -0.257752 (VIOLATED)
_13483_/A1                              0.750000    1.007751   -0.257750 (VIOLATED)
_13517_/S0                              0.750000    1.007751   -0.257750 (VIOLATED)
_13557_/A1                              0.750000    1.007751   -0.257750 (VIOLATED)
_13615_/A1                              0.750000    1.007751   -0.257750 (VIOLATED)
_13626_/A1                              0.750000    1.007751   -0.257750 (VIOLATED)
_13796_/S                               0.750000    1.007751   -0.257750 (VIOLATED)
fanout1069/X                            0.750000    1.007751   -0.257750 (VIOLATED)
_12635_/B2                              0.750000    1.007724   -0.257724 (VIOLATED)
_12651_/A1                              0.750000    1.007724   -0.257724 (VIOLATED)
_12670_/A1                              0.750000    1.007723   -0.257724 (VIOLATED)
_12612_/A1                              0.750000    1.007709   -0.257709 (VIOLATED)
_14719_/A1                              0.750000    1.007679   -0.257679 (VIOLATED)
_19034_/B2                              0.750000    1.007664   -0.257664 (VIOLATED)
_11974_/B                               0.750000    1.007663   -0.257664 (VIOLATED)
_11946_/A2                              0.750000    1.007656   -0.257656 (VIOLATED)
_11944_/Y                               0.750000    1.007650   -0.257650 (VIOLATED)
_14791_/C                               0.750000    1.007650   -0.257650 (VIOLATED)
_10163_/A1                              0.750000    1.006561   -0.256561 (VIOLATED)
_10221_/A1                              0.750000    1.006561   -0.256561 (VIOLATED)
_10506_/A0                              0.750000    1.006561   -0.256561 (VIOLATED)
_10877_/A1                              0.750000    1.006561   -0.256561 (VIOLATED)
_10996_/A1                              0.750000    1.006561   -0.256561 (VIOLATED)
_11057_/A1                              0.750000    1.006561   -0.256561 (VIOLATED)
_11116_/A1                              0.750000    1.006561   -0.256561 (VIOLATED)
_11175_/A1                              0.750000    1.006561   -0.256561 (VIOLATED)
_11276_/A1                              0.750000    1.006561   -0.256561 (VIOLATED)
_11340_/A1                              0.750000    1.006561   -0.256561 (VIOLATED)
fanout1126/X                            0.750000    1.006561   -0.256561 (VIOLATED)
_13555_/C1                              0.750000    1.003276   -0.253276 (VIOLATED)
_13722_/C1                              0.750000    1.003275   -0.253275 (VIOLATED)
_13439_/A2                              0.750000    1.003274   -0.253274 (VIOLATED)
_13480_/C1                              0.750000    1.003273   -0.253273 (VIOLATED)
_13966_/B1                              0.750000    1.003273   -0.253273 (VIOLATED)
_14032_/C1                              0.750000    1.003273   -0.253273 (VIOLATED)
_14122_/C1                              0.750000    1.003273   -0.253273 (VIOLATED)
_14212_/B1                              0.750000    1.003273   -0.253273 (VIOLATED)
_14307_/D1                              0.750000    1.003273   -0.253273 (VIOLATED)
_14415_/D1                              0.750000    1.003273   -0.253273 (VIOLATED)
fanout994/X                             0.750000    1.003273   -0.253273 (VIOLATED)
_17255_/S                               0.750000    1.002389   -0.252389 (VIOLATED)
load_slew776/A                          0.750000    1.002388   -0.252389 (VIOLATED)
fanout768/A                             0.750000    1.002386   -0.252386 (VIOLATED)
fanout771/A                             0.750000    1.002386   -0.252386 (VIOLATED)
fanout775/X                             0.750000    1.002386   -0.252386 (VIOLATED)
_13735_/C1                              0.750000    1.002038   -0.252038 (VIOLATED)
_14430_/A1                              0.750000    1.002038   -0.252037 (VIOLATED)
_13321_/C1                              0.750000    1.002037   -0.252037 (VIOLATED)
_13475_/C1                              0.750000    1.002037   -0.252037 (VIOLATED)
_13550_/C1                              0.750000    1.002037   -0.252037 (VIOLATED)
_13614_/C1                              0.750000    1.002037   -0.252037 (VIOLATED)
_13743_/C1                              0.750000    1.002037   -0.252037 (VIOLATED)
_13817_/C1                              0.750000    1.002037   -0.252037 (VIOLATED)
_13971_/A1                              0.750000    1.002037   -0.252037 (VIOLATED)
_14228_/A1                              0.750000    1.002037   -0.252037 (VIOLATED)
fanout1422/X                            0.750000    1.002037   -0.252037 (VIOLATED)
_10186_/A1                              0.750000    1.001176   -0.251177 (VIOLATED)
_10244_/A1                              0.750000    1.001176   -0.251177 (VIOLATED)
_10286_/B1                              0.750000    1.001176   -0.251177 (VIOLATED)
_10364_/B2                              0.750000    1.001176   -0.251177 (VIOLATED)
_10528_/A1                              0.750000    1.001176   -0.251177 (VIOLATED)
_10590_/A1                              0.750000    1.001176   -0.251177 (VIOLATED)
_10652_/A1                              0.750000    1.001176   -0.251177 (VIOLATED)
_10713_/B2                              0.750000    1.001176   -0.251177 (VIOLATED)
_10767_/A1                              0.750000    1.001176   -0.251177 (VIOLATED)
_10768_/A1                              0.750000    1.001176   -0.251177 (VIOLATED)
fanout1403/X                            0.750000    1.001176   -0.251177 (VIOLATED)
_12647_/A1                              0.750000    0.999924   -0.249924 (VIOLATED)
_12664_/A3                              0.750000    0.999919   -0.249919 (VIOLATED)
_12630_/B2                              0.750000    0.999914   -0.249914 (VIOLATED)
_12608_/A3                              0.750000    0.999893   -0.249893 (VIOLATED)
_13772_/A1                              0.750000    0.999798   -0.249798 (VIOLATED)
_19012_/A0                              0.750000    0.999747   -0.249747 (VIOLATED)
ANTENNA_69/DIODE                        0.750000    0.999481   -0.249481 (VIOLATED)
_11339_/B1                              0.750000    0.999462   -0.249462 (VIOLATED)
_11338_/X                               0.750000    0.999194   -0.249194 (VIOLATED)
fanout656/A                             0.750000    0.998943   -0.248943 (VIOLATED)
fanout650/A                             0.750000    0.998939   -0.248939 (VIOLATED)
fanout659/X                             0.750000    0.998939   -0.248939 (VIOLATED)
wire660/A                               0.750000    0.998939   -0.248939 (VIOLATED)
_17975_/B1                              0.750000    0.998663   -0.248663 (VIOLATED)
_17985_/B1                              0.750000    0.998663   -0.248663 (VIOLATED)
_17989_/B                               0.750000    0.998663   -0.248663 (VIOLATED)
_17996_/B1                              0.750000    0.998663   -0.248663 (VIOLATED)
fanout736/A                             0.750000    0.998663   -0.248663 (VIOLATED)
fanout738/A                             0.750000    0.998663   -0.248663 (VIOLATED)
fanout739/X                             0.750000    0.998663   -0.248663 (VIOLATED)
_19694_/A2                              0.750000    0.998123   -0.248123 (VIOLATED)
_19628_/A2                              0.750000    0.998121   -0.248121 (VIOLATED)
_19703_/C1                              0.750000    0.998121   -0.248121 (VIOLATED)
_19676_/A2                              0.750000    0.998117   -0.248117 (VIOLATED)
_19657_/A2                              0.750000    0.998116   -0.248116 (VIOLATED)
_19622_/A2                              0.750000    0.998106   -0.248106 (VIOLATED)
_19571_/A2                              0.750000    0.998102   -0.248102 (VIOLATED)
_19583_/A2                              0.750000    0.998097   -0.248097 (VIOLATED)
fanout277/A                             0.750000    0.998080   -0.248080 (VIOLATED)
fanout278/A                             0.750000    0.998080   -0.248080 (VIOLATED)
fanout279/X                             0.750000    0.998080   -0.248080 (VIOLATED)
_18040_/B1                              0.750000    0.997832   -0.247832 (VIOLATED)
_18047_/A2                              0.750000    0.997831   -0.247831 (VIOLATED)
_18044_/A2                              0.750000    0.997829   -0.247829 (VIOLATED)
_18035_/A2                              0.750000    0.997829   -0.247829 (VIOLATED)
_18037_/B1                              0.750000    0.997828   -0.247828 (VIOLATED)
_18032_/A2                              0.750000    0.997822   -0.247822 (VIOLATED)
_18020_/A2                              0.750000    0.997819   -0.247819 (VIOLATED)
_18023_/A2                              0.750000    0.997819   -0.247819 (VIOLATED)
_18026_/A2                              0.750000    0.997819   -0.247819 (VIOLATED)
_18029_/A2                              0.750000    0.997819   -0.247819 (VIOLATED)
fanout736/X                             0.750000    0.997819   -0.247819 (VIOLATED)
_11885_/B1                              0.750000    0.997456   -0.247457 (VIOLATED)
_11587_/B1                              0.750000    0.997456   -0.247456 (VIOLATED)
_11762_/B1                              0.750000    0.997456   -0.247456 (VIOLATED)
_11647_/B1                              0.750000    0.997455   -0.247455 (VIOLATED)
_11702_/B1                              0.750000    0.997455   -0.247455 (VIOLATED)
_11819_/B1                              0.750000    0.997453   -0.247453 (VIOLATED)
_11525_/B2                              0.750000    0.997452   -0.247452 (VIOLATED)
_11275_/A2                              0.750000    0.997448   -0.247448 (VIOLATED)
_11339_/A1                              0.750000    0.997448   -0.247448 (VIOLATED)
_11398_/A1                              0.750000    0.997448   -0.247448 (VIOLATED)
fanout1181/X                            0.750000    0.997448   -0.247448 (VIOLATED)
_18273_/B1                              0.750000    0.997126   -0.247126 (VIOLATED)
_18267_/B1                              0.750000    0.997125   -0.247125 (VIOLATED)
_18281_/B1                              0.750000    0.997125   -0.247125 (VIOLATED)
_18297_/B1                              0.750000    0.997121   -0.247121 (VIOLATED)
_18289_/B1                              0.750000    0.997120   -0.247120 (VIOLATED)
_18304_/B1                              0.750000    0.997117   -0.247117 (VIOLATED)
_18311_/B1                              0.750000    0.997114   -0.247114 (VIOLATED)
_18317_/B1                              0.750000    0.997110   -0.247110 (VIOLATED)
_18332_/A1                              0.750000    0.997095   -0.247095 (VIOLATED)
_12399_/C1                              0.750000    0.997090   -0.247090 (VIOLATED)
fanout1527/X                            0.750000    0.997090   -0.247090 (VIOLATED)
_16266_/C1                              0.750000    0.996905   -0.246905 (VIOLATED)
_14759_/C1                              0.750000    0.996905   -0.246905 (VIOLATED)
_14760_/A1                              0.750000    0.996904   -0.246904 (VIOLATED)
_14527_/A1                              0.750000    0.996900   -0.246900 (VIOLATED)
_13301_/A3                              0.750000    0.996897   -0.246897 (VIOLATED)
_14315_/A1                              0.750000    0.996897   -0.246897 (VIOLATED)
_16354_/A                               0.750000    0.996897   -0.246897 (VIOLATED)
fanout1467/A                            0.750000    0.996897   -0.246897 (VIOLATED)
fanout1468/X                            0.750000    0.996897   -0.246897 (VIOLATED)
_12133_/A                               0.750000    0.996329   -0.246330 (VIOLATED)
_12127_/C                               0.750000    0.996326   -0.246326 (VIOLATED)
_12105_/C                               0.750000    0.996312   -0.246313 (VIOLATED)
_12104_/A_N                             0.750000    0.996309   -0.246309 (VIOLATED)
_19694_/A1                              0.750000    0.996255   -0.246255 (VIOLATED)
fanout1916/X                            0.750000    0.996255   -0.246255 (VIOLATED)
_18276_/A2                              0.750000    0.995067   -0.245068 (VIOLATED)
_18284_/A2                              0.750000    0.995067   -0.245067 (VIOLATED)
_18299_/A2                              0.750000    0.995067   -0.245067 (VIOLATED)
_18292_/A2                              0.750000    0.995064   -0.245065 (VIOLATED)
_18313_/A2                              0.750000    0.995063   -0.245063 (VIOLATED)
_18255_/A2                              0.750000    0.995062   -0.245062 (VIOLATED)
_18306_/A2                              0.750000    0.995062   -0.245062 (VIOLATED)
_18319_/A2                              0.750000    0.995062   -0.245062 (VIOLATED)
_18327_/A2                              0.750000    0.995062   -0.245062 (VIOLATED)
_18334_/A2                              0.750000    0.995062   -0.245062 (VIOLATED)
fanout362/X                             0.750000    0.995062   -0.245062 (VIOLATED)
wire1852/A                              0.750000    0.994572   -0.244572 (VIOLATED)
_11410_/B1                              0.750000    0.994555   -0.244555 (VIOLATED)
_11767_/C1                              0.750000    0.994482   -0.244482 (VIOLATED)
fanout1849/A                            0.750000    0.994477   -0.244477 (VIOLATED)
fanout1851/X                            0.750000    0.994477   -0.244477 (VIOLATED)
_12613_/B2                              0.750000    0.994436   -0.244436 (VIOLATED)
_12669_/A1                              0.750000    0.994432   -0.244432 (VIOLATED)
_12652_/A1                              0.750000    0.994432   -0.244432 (VIOLATED)
_12635_/A1                              0.750000    0.994429   -0.244429 (VIOLATED)
_11456_/B1                              0.750000    0.994420   -0.244420 (VIOLATED)
_19016_/A0                              0.750000    0.994416   -0.244416 (VIOLATED)
_11491_/A2                              0.750000    0.994416   -0.244416 (VIOLATED)
_11455_/X                               0.750000    0.994176   -0.244176 (VIOLATED)
_19421_/S                               0.750000    0.989806   -0.239807 (VIOLATED)
_19422_/S0                              0.750000    0.989807   -0.239807 (VIOLATED)
_19398_/S                               0.750000    0.989805   -0.239806 (VIOLATED)
_19399_/S0                              0.750000    0.989805   -0.239806 (VIOLATED)
_19395_/S                               0.750000    0.989805   -0.239805 (VIOLATED)
_19396_/S0                              0.750000    0.989805   -0.239805 (VIOLATED)
_19407_/S                               0.750000    0.989805   -0.239805 (VIOLATED)
_19408_/S0                              0.750000    0.989805   -0.239805 (VIOLATED)
_19419_/S0                              0.750000    0.989805   -0.239805 (VIOLATED)
fanout1886/A                            0.750000    0.989805   -0.239805 (VIOLATED)
fanout1887/X                            0.750000    0.989805   -0.239805 (VIOLATED)
_13010_/A1                              0.750000    0.989765   -0.239765 (VIOLATED)
_13074_/B1                              0.750000    0.989764   -0.239764 (VIOLATED)
_12915_/A1                              0.750000    0.989764   -0.239764 (VIOLATED)
_12942_/A1                              0.750000    0.989764   -0.239764 (VIOLATED)
_12956_/A1                              0.750000    0.989764   -0.239764 (VIOLATED)
_12970_/A1                              0.750000    0.989764   -0.239764 (VIOLATED)
_12996_/A1                              0.750000    0.989764   -0.239764 (VIOLATED)
_13024_/A1                              0.750000    0.989764   -0.239764 (VIOLATED)
_13037_/A1                              0.750000    0.989764   -0.239764 (VIOLATED)
_13091_/A1                              0.750000    0.989764   -0.239764 (VIOLATED)
fanout1285/X                            0.750000    0.989764   -0.239764 (VIOLATED)
_12918_/A2                              0.750000    0.988376   -0.238376 (VIOLATED)
_12932_/A2                              0.750000    0.988376   -0.238376 (VIOLATED)
_12946_/A2                              0.750000    0.988376   -0.238376 (VIOLATED)
_12974_/A2                              0.750000    0.988376   -0.238376 (VIOLATED)
_12988_/A2                              0.750000    0.988376   -0.238376 (VIOLATED)
_13001_/A2                              0.750000    0.988376   -0.238376 (VIOLATED)
_13014_/A2                              0.750000    0.988376   -0.238376 (VIOLATED)
_13055_/A2                              0.750000    0.988376   -0.238376 (VIOLATED)
_13068_/A2                              0.750000    0.988376   -0.238376 (VIOLATED)
_13081_/A2                              0.750000    0.988376   -0.238376 (VIOLATED)
fanout430/X                             0.750000    0.988376   -0.238376 (VIOLATED)
_10417_/A1                              0.750000    0.988229   -0.238229 (VIOLATED)
_11647_/A1                              0.750000    0.988207   -0.238207 (VIOLATED)
_18395_/B2                              0.750000    0.987864   -0.237864 (VIOLATED)
_16843_/S                               0.750000    0.987505   -0.237505 (VIOLATED)
_16849_/S                               0.750000    0.987505   -0.237505 (VIOLATED)
_16851_/S                               0.750000    0.987505   -0.237505 (VIOLATED)
_16859_/S                               0.750000    0.987505   -0.237505 (VIOLATED)
fanout591/X                             0.750000    0.987505   -0.237505 (VIOLATED)
wire592/A                               0.750000    0.987505   -0.237505 (VIOLATED)
_19206_/S                               0.750000    0.987296   -0.237296 (VIOLATED)
_19204_/S                               0.750000    0.987295   -0.237295 (VIOLATED)
_19208_/S                               0.750000    0.987293   -0.237293 (VIOLATED)
_19180_/S                               0.750000    0.987292   -0.237292 (VIOLATED)
_19176_/S                               0.750000    0.987291   -0.237291 (VIOLATED)
_19038_/S                               0.750000    0.987289   -0.237289 (VIOLATED)
_19172_/S                               0.750000    0.987289   -0.237289 (VIOLATED)
_19174_/S                               0.750000    0.987289   -0.237289 (VIOLATED)
_19178_/S                               0.750000    0.987289   -0.237289 (VIOLATED)
_19210_/S                               0.750000    0.987289   -0.237289 (VIOLATED)
fanout228/X                             0.750000    0.987289   -0.237289 (VIOLATED)
_21629_/Q                               0.750000    0.986977   -0.236977 (VIOLATED)
fanout1926/A                            0.750000    0.986977   -0.236977 (VIOLATED)
_13034_/B1                              0.750000    0.986661   -0.236661 (VIOLATED)
_13021_/B1                              0.750000    0.986660   -0.236660 (VIOLATED)
_13007_/B1                              0.750000    0.986659   -0.236659 (VIOLATED)
_13059_/B1                              0.750000    0.986659   -0.236659 (VIOLATED)
_13076_/B1                              0.750000    0.986659   -0.236659 (VIOLATED)
_13087_/B1                              0.750000    0.986659   -0.236659 (VIOLATED)
fanout1279/A                            0.750000    0.986659   -0.236659 (VIOLATED)
fanout1280/X                            0.750000    0.986659   -0.236659 (VIOLATED)
_11069_/A1                              0.750000    0.986648   -0.236648 (VIOLATED)
_11077_/A1                              0.750000    0.986648   -0.236648 (VIOLATED)
_11195_/A1                              0.750000    0.986648   -0.236648 (VIOLATED)
_11203_/A1                              0.750000    0.986648   -0.236648 (VIOLATED)
_11388_/A1                              0.750000    0.986648   -0.236648 (VIOLATED)
_11393_/B2                              0.750000    0.986648   -0.236648 (VIOLATED)
fanout1731/X                            0.750000    0.986648   -0.236648 (VIOLATED)
_11271_/A1                              0.750000    0.986451   -0.236451 (VIOLATED)
fanout1722/A                            0.750000    0.986445   -0.236445 (VIOLATED)
_10588_/A1                              0.750000    0.986436   -0.236437 (VIOLATED)
fanout1724/A                            0.750000    0.986422   -0.236422 (VIOLATED)
fanout1726/A                            0.750000    0.986422   -0.236422 (VIOLATED)
fanout1728/X                            0.750000    0.986422   -0.236422 (VIOLATED)
_18390_/C1                              0.750000    0.985744   -0.235744 (VIOLATED)
_18413_/C1                              0.750000    0.985742   -0.235742 (VIOLATED)
_18356_/C1                              0.750000    0.985741   -0.235741 (VIOLATED)
_18424_/C1                              0.750000    0.985738   -0.235738 (VIOLATED)
_18373_/C1                              0.750000    0.985737   -0.235737 (VIOLATED)
_18419_/C1                              0.750000    0.985737   -0.235737 (VIOLATED)
fanout369/A                             0.750000    0.985737   -0.235737 (VIOLATED)
fanout371/X                             0.750000    0.985737   -0.235737 (VIOLATED)
_16309_/B1                              0.750000    0.985678   -0.235678 (VIOLATED)
_16134_/B1                              0.750000    0.985678   -0.235678 (VIOLATED)
_16042_/B1                              0.750000    0.985677   -0.235677 (VIOLATED)
_15949_/B1                              0.750000    0.985677   -0.235677 (VIOLATED)
_15860_/B1                              0.750000    0.985675   -0.235675 (VIOLATED)
_18901_/B1                              0.750000    0.985675   -0.235675 (VIOLATED)
_15770_/B1                              0.750000    0.985673   -0.235673 (VIOLATED)
_15622_/B1                              0.750000    0.985673   -0.235673 (VIOLATED)
_14782_/B1                              0.750000    0.985671   -0.235671 (VIOLATED)
_15525_/B1                              0.750000    0.985671   -0.235671 (VIOLATED)
fanout1103/X                            0.750000    0.985671   -0.235671 (VIOLATED)
_19043_/S                               0.750000    0.984876   -0.234876 (VIOLATED)
_19299_/S                               0.750000    0.984876   -0.234876 (VIOLATED)
_19300_/S                               0.750000    0.984876   -0.234876 (VIOLATED)
_19301_/S                               0.750000    0.984876   -0.234876 (VIOLATED)
_19302_/S                               0.750000    0.984876   -0.234876 (VIOLATED)
_19303_/S                               0.750000    0.984876   -0.234876 (VIOLATED)
_19315_/S                               0.750000    0.984876   -0.234876 (VIOLATED)
_19316_/S                               0.750000    0.984876   -0.234876 (VIOLATED)
_19317_/S                               0.750000    0.984876   -0.234876 (VIOLATED)
_19318_/S                               0.750000    0.984876   -0.234876 (VIOLATED)
fanout1521/X                            0.750000    0.984876   -0.234876 (VIOLATED)
fanout2594/A                            0.750000    0.984664   -0.234664 (VIOLATED)
fanout2604/A                            0.750000    0.984664   -0.234664 (VIOLATED)
fanout2571/A                            0.750000    0.984662   -0.234662 (VIOLATED)
fanout2577/A                            0.750000    0.984662   -0.234662 (VIOLATED)
fanout2582/A                            0.750000    0.984662   -0.234662 (VIOLATED)
fanout2599/A                            0.750000    0.984662   -0.234662 (VIOLATED)
fanout2605/X                            0.750000    0.984662   -0.234662 (VIOLATED)
_15213_/B1                              0.750000    0.981100   -0.231100 (VIOLATED)
_16355_/B1                              0.750000    0.981100   -0.231100 (VIOLATED)
_14994_/B1                              0.750000    0.981099   -0.231099 (VIOLATED)
_14885_/B1                              0.750000    0.981098   -0.231098 (VIOLATED)
_15322_/B1                              0.750000    0.981098   -0.231098 (VIOLATED)
_15417_/B1                              0.750000    0.981098   -0.231098 (VIOLATED)
_15516_/B1                              0.750000    0.981098   -0.231098 (VIOLATED)
_15713_/B1                              0.750000    0.981098   -0.231098 (VIOLATED)
_15809_/B1                              0.750000    0.981098   -0.231098 (VIOLATED)
_16268_/B1                              0.750000    0.981098   -0.231098 (VIOLATED)
fanout1149/X                            0.750000    0.981098   -0.231098 (VIOLATED)
_19385_/A1                              0.750000    0.980821   -0.230821 (VIOLATED)
_19623_/B1                              0.750000    0.980821   -0.230821 (VIOLATED)
_19625_/B2                              0.750000    0.980821   -0.230821 (VIOLATED)
_19463_/C                               0.750000    0.980820   -0.230820 (VIOLATED)
_19484_/A3                              0.750000    0.980820   -0.230820 (VIOLATED)
_19487_/A1                              0.750000    0.980820   -0.230820 (VIOLATED)
_19489_/A                               0.750000    0.980820   -0.230820 (VIOLATED)
_19493_/A                               0.750000    0.980820   -0.230820 (VIOLATED)
_19525_/A1                              0.750000    0.980820   -0.230820 (VIOLATED)
_19559_/B2                              0.750000    0.980820   -0.230820 (VIOLATED)
fanout1542/X                            0.750000    0.980820   -0.230820 (VIOLATED)
_13647_/B                               0.750000    0.979784   -0.229784 (VIOLATED)
_13648_/C                               0.750000    0.979784   -0.229784 (VIOLATED)
_13770_/A2                              0.750000    0.979784   -0.229784 (VIOLATED)
_13993_/A1                              0.750000    0.979784   -0.229784 (VIOLATED)
_14079_/A                               0.750000    0.979784   -0.229784 (VIOLATED)
_14081_/A1                              0.750000    0.979784   -0.229784 (VIOLATED)
_14357_/A                               0.750000    0.979784   -0.229784 (VIOLATED)
_14806_/A                               0.750000    0.979784   -0.229784 (VIOLATED)
_14916_/A1                              0.750000    0.979784   -0.229784 (VIOLATED)
_14917_/A                               0.750000    0.979784   -0.229784 (VIOLATED)
fanout1253/X                            0.750000    0.979784   -0.229784 (VIOLATED)
_18338_/A2                              0.750000    0.978671   -0.228671 (VIOLATED)
_18361_/A2                              0.750000    0.978671   -0.228671 (VIOLATED)
_18367_/A2                              0.750000    0.978671   -0.228671 (VIOLATED)
_18372_/A2                              0.750000    0.978671   -0.228671 (VIOLATED)
_18378_/A2                              0.750000    0.978671   -0.228671 (VIOLATED)
_18384_/A2                              0.750000    0.978671   -0.228671 (VIOLATED)
_18418_/A2                              0.750000    0.978671   -0.228671 (VIOLATED)
fanout1178/A                            0.750000    0.978671   -0.228671 (VIOLATED)
fanout1179/X                            0.750000    0.978671   -0.228671 (VIOLATED)
_15714_/S                               0.750000    0.978430   -0.228431 (VIOLATED)
_13889_/S                               0.750000    0.978424   -0.228425 (VIOLATED)
_13737_/S                               0.750000    0.978420   -0.228420 (VIOLATED)
_13811_/S                               0.750000    0.978419   -0.228419 (VIOLATED)
_13673_/S                               0.750000    0.978412   -0.228412 (VIOLATED)
fanout864/X                             0.750000    0.978407   -0.228407 (VIOLATED)
load_slew865/A                          0.750000    0.978407   -0.228407 (VIOLATED)
_11277_/B                               0.750000    0.978379   -0.228379 (VIOLATED)
_11279_/B                               0.750000    0.978379   -0.228379 (VIOLATED)
wire2177/A                              0.750000    0.978375   -0.228375 (VIOLATED)
_11967_/S1                              0.750000    0.978373   -0.228373 (VIOLATED)
fanout2174/A                            0.750000    0.978373   -0.228373 (VIOLATED)
fanout2176/X                            0.750000    0.978373   -0.228373 (VIOLATED)
_15099_/B1                              0.750000    0.977055   -0.227055 (VIOLATED)
_14991_/B1                              0.750000    0.977050   -0.227050 (VIOLATED)
_15512_/C1                              0.750000    0.977044   -0.227044 (VIOLATED)
fanout1054/A                            0.750000    0.977044   -0.227044 (VIOLATED)
fanout1055/A                            0.750000    0.977044   -0.227044 (VIOLATED)
fanout1056/X                            0.750000    0.977044   -0.227044 (VIOLATED)
_10885_/A3                              0.750000    0.975837   -0.225837 (VIOLATED)
_10898_/B2                              0.750000    0.975837   -0.225837 (VIOLATED)
_11330_/C1                              0.750000    0.975837   -0.225837 (VIOLATED)
_11867_/C1                              0.750000    0.975837   -0.225837 (VIOLATED)
fanout1740/A                            0.750000    0.975837   -0.225837 (VIOLATED)
fanout1752/A                            0.750000    0.975837   -0.225837 (VIOLATED)
fanout1754/X                            0.750000    0.975837   -0.225837 (VIOLATED)
_19389_/S                               0.750000    0.975128   -0.225128 (VIOLATED)
_19390_/S0                              0.750000    0.975128   -0.225128 (VIOLATED)
_19392_/S                               0.750000    0.975128   -0.225128 (VIOLATED)
_19393_/S0                              0.750000    0.975128   -0.225128 (VIOLATED)
_19401_/S                               0.750000    0.975128   -0.225128 (VIOLATED)
_19410_/S                               0.750000    0.975128   -0.225128 (VIOLATED)
_19411_/S0                              0.750000    0.975128   -0.225128 (VIOLATED)
_19414_/S                               0.750000    0.975128   -0.225128 (VIOLATED)
_19415_/S0                              0.750000    0.975128   -0.225128 (VIOLATED)
_19418_/S                               0.750000    0.975128   -0.225128 (VIOLATED)
fanout1886/X                            0.750000    0.975128   -0.225128 (VIOLATED)
fanout636/A                             0.750000    0.974670   -0.224671 (VIOLATED)
_16965_/S                               0.750000    0.974658   -0.224659 (VIOLATED)
ANTENNA_3/DIODE                         0.750000    0.974656   -0.224656 (VIOLATED)
wire639/A                               0.750000    0.974627   -0.224628 (VIOLATED)
fanout630/A                             0.750000    0.974621   -0.224621 (VIOLATED)
fanout638/X                             0.750000    0.974621   -0.224621 (VIOLATED)
_16950_/S                               0.750000    0.974601   -0.224601 (VIOLATED)
_16959_/S                               0.750000    0.974357   -0.224357 (VIOLATED)
ANTENNA_2/DIODE                         0.750000    0.974344   -0.224344 (VIOLATED)
_16968_/S                               0.750000    0.974105   -0.224105 (VIOLATED)
fanout822/A                             0.750000    0.974088   -0.224088 (VIOLATED)
_16935_/X                               0.750000    0.974052   -0.224052 (VIOLATED)
_17970_/B1                              0.750000    0.973808   -0.223808 (VIOLATED)
_18006_/B1                              0.750000    0.973808   -0.223808 (VIOLATED)
_18055_/A2                              0.750000    0.973808   -0.223808 (VIOLATED)
_18058_/A2                              0.750000    0.973808   -0.223808 (VIOLATED)
_18061_/A2                              0.750000    0.973808   -0.223808 (VIOLATED)
_18070_/A2                              0.750000    0.973808   -0.223808 (VIOLATED)
_18085_/A2                              0.750000    0.973808   -0.223808 (VIOLATED)
_18088_/A2                              0.750000    0.973808   -0.223808 (VIOLATED)
_18221_/B1                              0.750000    0.973808   -0.223808 (VIOLATED)
_18222_/B1                              0.750000    0.973808   -0.223808 (VIOLATED)
fanout991/X                             0.750000    0.973808   -0.223808 (VIOLATED)
_10404_/B1                              0.750000    0.969871   -0.219871 (VIOLATED)
_10514_/B1                              0.750000    0.969871   -0.219871 (VIOLATED)
_10577_/B1                              0.750000    0.969871   -0.219871 (VIOLATED)
_11263_/A2                              0.750000    0.969871   -0.219871 (VIOLATED)
fanout1765/X                            0.750000    0.969871   -0.219871 (VIOLATED)
wire1766/A                              0.750000    0.969871   -0.219871 (VIOLATED)
_15039_/B                               0.750000    0.969601   -0.219601 (VIOLATED)
_15750_/A                               0.750000    0.969600   -0.219600 (VIOLATED)
_15467_/A                               0.750000    0.969600   -0.219600 (VIOLATED)
_15663_/A                               0.750000    0.969600   -0.219600 (VIOLATED)
_15158_/B                               0.750000    0.969600   -0.219600 (VIOLATED)
_15748_/A1                              0.750000    0.969600   -0.219600 (VIOLATED)
_14815_/B                               0.750000    0.969595   -0.219595 (VIOLATED)
_15157_/A                               0.750000    0.969595   -0.219595 (VIOLATED)
_15373_/A                               0.750000    0.969595   -0.219595 (VIOLATED)
_15466_/A                               0.750000    0.969595   -0.219595 (VIOLATED)
fanout1223/X                            0.750000    0.969595   -0.219595 (VIOLATED)
_11646_/A                               0.750000    0.968553   -0.218553 (VIOLATED)
_11761_/A                               0.750000    0.968553   -0.218553 (VIOLATED)
_11818_/A                               0.750000    0.968551   -0.218551 (VIOLATED)
_11022_/A1                              0.750000    0.968549   -0.218549 (VIOLATED)
_10474_/B2                              0.750000    0.968549   -0.218549 (VIOLATED)
_11208_/A1                              0.750000    0.968549   -0.218549 (VIOLATED)
_09966_/A2                              0.750000    0.968548   -0.218548 (VIOLATED)
_10129_/A1                              0.750000    0.968548   -0.218548 (VIOLATED)
_10969_/A1                              0.750000    0.968548   -0.218548 (VIOLATED)
_11946_/A1                              0.750000    0.968548   -0.218548 (VIOLATED)
fanout1404/X                            0.750000    0.968548   -0.218548 (VIOLATED)
_13103_/A1                              0.750000    0.967404   -0.217404 (VIOLATED)
_12030_/A                               0.750000    0.967403   -0.217403 (VIOLATED)
input77/X                               0.750000    0.967314   -0.217314 (VIOLATED)
_13109_/A                               0.750000    0.966966   -0.216966 (VIOLATED)
_18003_/A                               0.750000    0.966966   -0.216966 (VIOLATED)
_13111_/A3                              0.750000    0.966965   -0.216965 (VIOLATED)
_13151_/A1                              0.750000    0.966965   -0.216965 (VIOLATED)
_17931_/A0                              0.750000    0.966965   -0.216965 (VIOLATED)
_17964_/A0                              0.750000    0.966965   -0.216965 (VIOLATED)
_18097_/B2                              0.750000    0.966965   -0.216965 (VIOLATED)
_18118_/A0                              0.750000    0.966965   -0.216965 (VIOLATED)
_18153_/A0                              0.750000    0.966965   -0.216965 (VIOLATED)
_18419_/A1                              0.750000    0.966965   -0.216965 (VIOLATED)
fanout925/X                             0.750000    0.966965   -0.216965 (VIOLATED)
fanout572/A                             0.750000    0.966204   -0.216204 (VIOLATED)
ANTENNA_4/DIODE                         0.750000    0.966200   -0.216200 (VIOLATED)
fanout567/A                             0.750000    0.966200   -0.216200 (VIOLATED)
fanout569/A                             0.750000    0.966198   -0.216198 (VIOLATED)
ANTENNA_60/DIODE                        0.750000    0.966196   -0.216196 (VIOLATED)
_16969_/X                               0.750000    0.966196   -0.216196 (VIOLATED)
fanout564/A                             0.750000    0.966196   -0.216196 (VIOLATED)
_13430_/B1                              0.750000    0.966181   -0.216181 (VIOLATED)
_13434_/A                               0.750000    0.966181   -0.216181 (VIOLATED)
_13480_/A1                              0.750000    0.966181   -0.216181 (VIOLATED)
_13555_/A1                              0.750000    0.966181   -0.216181 (VIOLATED)
_13640_/B2                              0.750000    0.966181   -0.216181 (VIOLATED)
_13722_/A1                              0.750000    0.966181   -0.216181 (VIOLATED)
_13965_/B1                              0.750000    0.966181   -0.216181 (VIOLATED)
_14032_/A1                              0.750000    0.966181   -0.216181 (VIOLATED)
_14415_/A1                              0.750000    0.966181   -0.216181 (VIOLATED)
_15983_/A1                              0.750000    0.966181   -0.216181 (VIOLATED)
fanout1168/X                            0.750000    0.966181   -0.216181 (VIOLATED)
_17466_/A2                              0.750000    0.965946   -0.215946 (VIOLATED)
_17470_/A2                              0.750000    0.965945   -0.215945 (VIOLATED)
_17371_/A                               0.750000    0.965941   -0.215941 (VIOLATED)
_17370_/S                               0.750000    0.965937   -0.215937 (VIOLATED)
_17375_/A2                              0.750000    0.965937   -0.215937 (VIOLATED)
_17379_/A2                              0.750000    0.965937   -0.215937 (VIOLATED)
_17383_/A2                              0.750000    0.965937   -0.215937 (VIOLATED)
_17387_/A2                              0.750000    0.965937   -0.215937 (VIOLATED)
_17389_/A2                              0.750000    0.965937   -0.215937 (VIOLATED)
_17394_/A2                              0.750000    0.965937   -0.215937 (VIOLATED)
fanout416/X                             0.750000    0.965937   -0.215937 (VIOLATED)
_11816_/A1                              0.750000    0.965707   -0.215707 (VIOLATED)
fanout1712/A                            0.750000    0.965707   -0.215707 (VIOLATED)
fanout1714/A                            0.750000    0.965707   -0.215707 (VIOLATED)
fanout1718/X                            0.750000    0.965707   -0.215707 (VIOLATED)
wire1719/A                              0.750000    0.965707   -0.215707 (VIOLATED)
_15742_/B                               0.750000    0.959972   -0.209972 (VIOLATED)
_15645_/C                               0.750000    0.959970   -0.209970 (VIOLATED)
_15554_/B1                              0.750000    0.959968   -0.209968 (VIOLATED)
_15455_/B                               0.750000    0.959965   -0.209965 (VIOLATED)
_16008_/A                               0.750000    0.959964   -0.209964 (VIOLATED)
_16101_/B                               0.750000    0.959964   -0.209964 (VIOLATED)
_16189_/A                               0.750000    0.959964   -0.209964 (VIOLATED)
_14665_/A2                              0.750000    0.959959   -0.209960 (VIOLATED)
_14915_/B                               0.750000    0.959959   -0.209960 (VIOLATED)
_15019_/A2                              0.750000    0.959959   -0.209960 (VIOLATED)
fanout1155/X                            0.750000    0.959959   -0.209960 (VIOLATED)
_12730_/A2                              0.750000    0.958699   -0.208699 (VIOLATED)
_12715_/A1                              0.750000    0.958698   -0.208698 (VIOLATED)
_12744_/A2                              0.750000    0.958698   -0.208698 (VIOLATED)
_12851_/A2                              0.750000    0.958698   -0.208698 (VIOLATED)
fanout429/A                             0.750000    0.958698   -0.208698 (VIOLATED)
fanout431/A                             0.750000    0.958698   -0.208698 (VIOLATED)
fanout432/X                             0.750000    0.958698   -0.208698 (VIOLATED)
_18326_/B1                              0.750000    0.958018   -0.208018 (VIOLATED)
_18333_/B1                              0.750000    0.958017   -0.208017 (VIOLATED)
_17993_/B                               0.750000    0.958016   -0.208016 (VIOLATED)
_18225_/B1                              0.750000    0.958016   -0.208016 (VIOLATED)
_18232_/B1                              0.750000    0.958016   -0.208016 (VIOLATED)
_18240_/B1                              0.750000    0.958016   -0.208016 (VIOLATED)
_18247_/B1                              0.750000    0.958016   -0.208016 (VIOLATED)
fanout911/A                             0.750000    0.958016   -0.208016 (VIOLATED)
fanout913/X                             0.750000    0.958016   -0.208016 (VIOLATED)
_16536_/S                               0.750000    0.956669   -0.206669 (VIOLATED)
_16545_/S                               0.750000    0.956669   -0.206669 (VIOLATED)
_16552_/S                               0.750000    0.956669   -0.206669 (VIOLATED)
_16561_/S                               0.750000    0.956669   -0.206669 (VIOLATED)
fanout664/X                             0.750000    0.956669   -0.206669 (VIOLATED)
load_slew665/A                          0.750000    0.956669   -0.206669 (VIOLATED)
_12827_/A2                              0.750000    0.955128   -0.205128 (VIOLATED)
_12816_/A2                              0.750000    0.955128   -0.205128 (VIOLATED)
_19378_/S1                              0.750000    0.955128   -0.205128 (VIOLATED)
_19384_/S1                              0.750000    0.955127   -0.205127 (VIOLATED)
_12993_/B1                              0.750000    0.955126   -0.205126 (VIOLATED)
_19381_/S1                              0.750000    0.955125   -0.205125 (VIOLATED)
_12297_/B1                              0.750000    0.955124   -0.205124 (VIOLATED)
_12285_/A                               0.750000    0.955122   -0.205122 (VIOLATED)
_12683_/A1                              0.750000    0.955122   -0.205122 (VIOLATED)
_13257_/A0                              0.750000    0.955122   -0.205122 (VIOLATED)
_19049_/A0                              0.750000    0.955122   -0.205122 (VIOLATED)
_19364_/A1                              0.750000    0.955122   -0.205122 (VIOLATED)
_19367_/D                               0.750000    0.955122   -0.205122 (VIOLATED)
fanout2312/X                            0.750000    0.955122   -0.205122 (VIOLATED)
_12853_/A2                              0.750000    0.955117   -0.205117 (VIOLATED)
_12676_/Y                               0.750000    0.955111   -0.205111 (VIOLATED)
_18594_/A4                              0.750000    0.954114   -0.204114 (VIOLATED)
_18624_/S                               0.750000    0.954114   -0.204114 (VIOLATED)
_18657_/S                               0.750000    0.954114   -0.204114 (VIOLATED)
_18665_/S                               0.750000    0.954114   -0.204114 (VIOLATED)
_18672_/S                               0.750000    0.954114   -0.204114 (VIOLATED)
_18679_/S                               0.750000    0.954114   -0.204114 (VIOLATED)
_18701_/S                               0.750000    0.954114   -0.204114 (VIOLATED)
_18723_/S                               0.750000    0.954114   -0.204114 (VIOLATED)
_18730_/S                               0.750000    0.954114   -0.204114 (VIOLATED)
fanout471/A                             0.750000    0.954114   -0.204114 (VIOLATED)
fanout472/X                             0.750000    0.954114   -0.204114 (VIOLATED)
_10295_/B1                              0.750000    0.954087   -0.204087 (VIOLATED)
_10837_/B1                              0.750000    0.954087   -0.204087 (VIOLATED)
_10959_/A                               0.750000    0.954087   -0.204087 (VIOLATED)
_11693_/B1                              0.750000    0.954087   -0.204087 (VIOLATED)
_11759_/C1                              0.750000    0.954087   -0.204087 (VIOLATED)
fanout1945/X                            0.750000    0.954087   -0.204087 (VIOLATED)
_10165_/A1                              0.750000    0.953372   -0.203372 (VIOLATED)
_10223_/A1                              0.750000    0.953372   -0.203372 (VIOLATED)
_10343_/S                               0.750000    0.953372   -0.203372 (VIOLATED)
_10395_/S                               0.750000    0.953372   -0.203372 (VIOLATED)
_10449_/A1                              0.750000    0.953372   -0.203372 (VIOLATED)
_10508_/A1                              0.750000    0.953372   -0.203372 (VIOLATED)
_11677_/A1                              0.750000    0.953372   -0.203372 (VIOLATED)
_11735_/A1                              0.750000    0.953372   -0.203372 (VIOLATED)
_11919_/A1                              0.750000    0.953372   -0.203372 (VIOLATED)
_11978_/A1                              0.750000    0.953372   -0.203372 (VIOLATED)
fanout1297/X                            0.750000    0.953372   -0.203372 (VIOLATED)
_09941_/A                               0.750000    0.951994   -0.201994 (VIOLATED)
_09968_/B                               0.750000    0.951994   -0.201994 (VIOLATED)
_09974_/B                               0.750000    0.951994   -0.201994 (VIOLATED)
_09975_/B                               0.750000    0.951994   -0.201994 (VIOLATED)
_09978_/B                               0.750000    0.951994   -0.201994 (VIOLATED)
_09980_/A_N                             0.750000    0.951994   -0.201994 (VIOLATED)
_09982_/A_N                             0.750000    0.951994   -0.201994 (VIOLATED)
_09987_/A                               0.750000    0.951994   -0.201994 (VIOLATED)
_12070_/A2                              0.750000    0.951994   -0.201994 (VIOLATED)
_12167_/A1                              0.750000    0.951994   -0.201994 (VIOLATED)
fanout2289/X                            0.750000    0.951994   -0.201994 (VIOLATED)
_19707_/B1                              0.750000    0.950410   -0.200410 (VIOLATED)
_19752_/A2                              0.750000    0.950409   -0.200409 (VIOLATED)
_12184_/A                               0.750000    0.950408   -0.200408 (VIOLATED)
_11753_/D1                              0.750000    0.950329   -0.200329 (VIOLATED)
_11810_/C1                              0.750000    0.950329   -0.200329 (VIOLATED)
_11873_/C1                              0.750000    0.950329   -0.200329 (VIOLATED)
fanout1809/A                            0.750000    0.950329   -0.200329 (VIOLATED)
fanout1815/A                            0.750000    0.950329   -0.200329 (VIOLATED)
fanout1818/X                            0.750000    0.950329   -0.200329 (VIOLATED)
input1/X                                0.750000    0.950302   -0.200302 (VIOLATED)
_19448_/A                               0.750000    0.950078   -0.200079 (VIOLATED)
_19420_/A1                              0.750000    0.950078   -0.200078 (VIOLATED)
_19534_/B                               0.750000    0.950078   -0.200078 (VIOLATED)
_19447_/A                               0.750000    0.950075   -0.200075 (VIOLATED)
_19574_/A1                              0.750000    0.950073   -0.200073 (VIOLATED)
_19440_/B                               0.750000    0.950071   -0.200071 (VIOLATED)
_19511_/B                               0.750000    0.950066   -0.200066 (VIOLATED)
_19613_/A                               0.750000    0.950066   -0.200066 (VIOLATED)
_19661_/A2                              0.750000    0.950066   -0.200066 (VIOLATED)
fanout1535/A                            0.750000    0.950066   -0.200066 (VIOLATED)
fanout1536/X                            0.750000    0.950066   -0.200066 (VIOLATED)
_10469_/B2                              0.750000    0.950040   -0.200040 (VIOLATED)
_11264_/A1                              0.750000    0.950040   -0.200040 (VIOLATED)
_10524_/B2                              0.750000    0.950038   -0.200038 (VIOLATED)
_10518_/A1                              0.750000    0.950035   -0.200035 (VIOLATED)
_10409_/A1                              0.750000    0.950029   -0.200029 (VIOLATED)
_10463_/A1                              0.750000    0.950029   -0.200029 (VIOLATED)
fanout1722/X                            0.750000    0.950029   -0.200029 (VIOLATED)
load_slew1723/A                         0.750000    0.950029   -0.200029 (VIOLATED)
_15139_/A1                              0.750000    0.948514   -0.198514 (VIOLATED)
_15140_/A                               0.750000    0.948514   -0.198514 (VIOLATED)
_15143_/B2                              0.750000    0.948513   -0.198513 (VIOLATED)
_15019_/B2                              0.750000    0.948512   -0.198512 (VIOLATED)
_14915_/A                               0.750000    0.948510   -0.198510 (VIOLATED)
_14562_/B1                              0.750000    0.948499   -0.198499 (VIOLATED)
_14684_/B2                              0.750000    0.948497   -0.198497 (VIOLATED)
_14257_/A                               0.750000    0.948488   -0.198488 (VIOLATED)
fanout1251/A                            0.750000    0.948488   -0.198488 (VIOLATED)
fanout1252/X                            0.750000    0.948488   -0.198488 (VIOLATED)
_17574_/B1                              0.750000    0.948360   -0.198360 (VIOLATED)
_17571_/B1                              0.750000    0.948360   -0.198360 (VIOLATED)
_17578_/B1                              0.750000    0.948359   -0.198359 (VIOLATED)
_17567_/B1                              0.750000    0.948356   -0.198356 (VIOLATED)
_17498_/B1                              0.750000    0.948349   -0.198349 (VIOLATED)
_17502_/B1                              0.750000    0.948349   -0.198349 (VIOLATED)
_17506_/B1                              0.750000    0.948349   -0.198349 (VIOLATED)
_17510_/B1                              0.750000    0.948349   -0.198349 (VIOLATED)
_17514_/B1                              0.750000    0.948349   -0.198349 (VIOLATED)
fanout302/A                             0.750000    0.948349   -0.198349 (VIOLATED)
fanout303/X                             0.750000    0.948349   -0.198349 (VIOLATED)
_18830_/S                               0.750000    0.947986   -0.197986 (VIOLATED)
_18844_/S                               0.750000    0.947986   -0.197986 (VIOLATED)
_18837_/S                               0.750000    0.947985   -0.197986 (VIOLATED)
_18851_/S                               0.750000    0.947985   -0.197985 (VIOLATED)
_18858_/S                               0.750000    0.947984   -0.197984 (VIOLATED)
_18808_/S                               0.750000    0.947983   -0.197983 (VIOLATED)
_18865_/S                               0.750000    0.947983   -0.197983 (VIOLATED)
_18816_/S                               0.750000    0.947982   -0.197982 (VIOLATED)
_18823_/S                               0.750000    0.947982   -0.197982 (VIOLATED)
fanout473/A                             0.750000    0.947982   -0.197982 (VIOLATED)
fanout474/X                             0.750000    0.947982   -0.197982 (VIOLATED)
_12982_/B1                              0.750000    0.945479   -0.195479 (VIOLATED)
_13050_/A2                              0.750000    0.945478   -0.195478 (VIOLATED)
_13063_/A2                              0.750000    0.945477   -0.195477 (VIOLATED)
_13008_/A2                              0.750000    0.945476   -0.195477 (VIOLATED)
_13022_/A2                              0.750000    0.945475   -0.195475 (VIOLATED)
_13035_/A2                              0.750000    0.945475   -0.195475 (VIOLATED)
_12940_/A2                              0.750000    0.945474   -0.195474 (VIOLATED)
_12954_/A2                              0.750000    0.945474   -0.195474 (VIOLATED)
_12965_/A2                              0.750000    0.945474   -0.195474 (VIOLATED)
_13101_/B1                              0.750000    0.945474   -0.195474 (VIOLATED)
fanout1345/X                            0.750000    0.945474   -0.195474 (VIOLATED)
_12282_/S                               0.750000    0.945434   -0.195434 (VIOLATED)
_12193_/D_N                             0.750000    0.945432   -0.195432 (VIOLATED)
_12283_/S                               0.750000    0.945432   -0.195432 (VIOLATED)
_12286_/A                               0.750000    0.945432   -0.195432 (VIOLATED)
_12295_/S                               0.750000    0.945432   -0.195432 (VIOLATED)
_12296_/S                               0.750000    0.945432   -0.195432 (VIOLATED)
_19036_/B2                              0.750000    0.945432   -0.195432 (VIOLATED)
_19366_/B1                              0.750000    0.945432   -0.195432 (VIOLATED)
_19380_/S                               0.750000    0.945432   -0.195432 (VIOLATED)
_19381_/S0                              0.750000    0.945432   -0.195432 (VIOLATED)
fanout1885/X                            0.750000    0.945432   -0.195432 (VIOLATED)
_19534_/C                               0.750000    0.945203   -0.195203 (VIOLATED)
_19573_/A2                              0.750000    0.945202   -0.195202 (VIOLATED)
_19455_/A                               0.750000    0.945201   -0.195201 (VIOLATED)
_19493_/B                               0.750000    0.945201   -0.195201 (VIOLATED)
_19607_/A1                              0.750000    0.945200   -0.195200 (VIOLATED)
_19496_/A                               0.750000    0.945200   -0.195200 (VIOLATED)
_19454_/A                               0.750000    0.945199   -0.195199 (VIOLATED)
_19613_/B                               0.750000    0.945199   -0.195199 (VIOLATED)
_19625_/A2                              0.750000    0.945199   -0.195199 (VIOLATED)
_19639_/A1                              0.750000    0.945199   -0.195199 (VIOLATED)
fanout1517/X                            0.750000    0.945199   -0.195199 (VIOLATED)
_10628_/B2                              0.750000    0.944879   -0.194879 (VIOLATED)
max_cap1384/A                           0.750000    0.944877   -0.194877 (VIOLATED)
_10620_/Y                               0.750000    0.944874   -0.194874 (VIOLATED)
_19432_/A_N                             0.750000    0.944421   -0.194421 (VIOLATED)
_19452_/B                               0.750000    0.944421   -0.194421 (VIOLATED)
_19371_/B                               0.750000    0.944420   -0.194420 (VIOLATED)
_19374_/B                               0.750000    0.944420   -0.194420 (VIOLATED)
_19430_/A                               0.750000    0.944420   -0.194420 (VIOLATED)
_19431_/A_N                             0.750000    0.944420   -0.194420 (VIOLATED)
_19445_/B                               0.750000    0.944420   -0.194420 (VIOLATED)
_19446_/B                               0.750000    0.944420   -0.194420 (VIOLATED)
_19484_/A2                              0.750000    0.944420   -0.194420 (VIOLATED)
_19544_/A1                              0.750000    0.944420   -0.194420 (VIOLATED)
fanout1519/X                            0.750000    0.944420   -0.194420 (VIOLATED)
_13354_/B1                              0.750000    0.943661   -0.193661 (VIOLATED)
_13328_/A1                              0.750000    0.943660   -0.193661 (VIOLATED)
_13327_/B1                              0.750000    0.943660   -0.193660 (VIOLATED)
_13326_/A                               0.750000    0.943658   -0.193658 (VIOLATED)
_09931_/B                               0.750000    0.943657   -0.193657 (VIOLATED)
_09933_/A1                              0.750000    0.943657   -0.193657 (VIOLATED)
_09934_/A1                              0.750000    0.943657   -0.193657 (VIOLATED)
_09937_/A_N                             0.750000    0.943657   -0.193657 (VIOLATED)
_09951_/A                               0.750000    0.943657   -0.193657 (VIOLATED)
_09964_/A                               0.750000    0.943657   -0.193657 (VIOLATED)
fanout1704/X                            0.750000    0.943657   -0.193657 (VIOLATED)
_11068_/B2                              0.750000    0.943014   -0.193014 (VIOLATED)
_11193_/A                               0.750000    0.943014   -0.193014 (VIOLATED)
_10238_/B2                              0.750000    0.943011   -0.193011 (VIOLATED)
_11203_/B2                              0.750000    0.943009   -0.193009 (VIOLATED)
_10233_/A1                              0.750000    0.943007   -0.193007 (VIOLATED)
_10834_/A1                              0.750000    0.943007   -0.193007 (VIOLATED)
fanout1710/X                            0.750000    0.943007   -0.193007 (VIOLATED)
load_slew1711/A                         0.750000    0.943007   -0.193007 (VIOLATED)
_14409_/C1                              0.750000    0.942987   -0.192987 (VIOLATED)
_18756_/A1                              0.750000    0.942987   -0.192987 (VIOLATED)
_18749_/A1                              0.750000    0.942986   -0.192987 (VIOLATED)
_18763_/A                               0.750000    0.942986   -0.192986 (VIOLATED)
_18684_/A1                              0.750000    0.942986   -0.192986 (VIOLATED)
_18692_/A                               0.750000    0.942986   -0.192986 (VIOLATED)
_18699_/A1                              0.750000    0.942985   -0.192985 (VIOLATED)
_18806_/A1                              0.750000    0.942985   -0.192986 (VIOLATED)
_18735_/A1                              0.750000    0.942985   -0.192985 (VIOLATED)
fanout1321/A                            0.750000    0.942985   -0.192985 (VIOLATED)
fanout1322/X                            0.750000    0.942985   -0.192985 (VIOLATED)
ANTENNA_70/DIODE                        0.750000    0.942593   -0.192593 (VIOLATED)
_18805_/A1_N                            0.750000    0.942593   -0.192593 (VIOLATED)
_18502_/A                               0.750000    0.942583   -0.192583 (VIOLATED)
_11372_/A2                              0.750000    0.942317   -0.192317 (VIOLATED)
max_cap1365/A                           0.750000    0.942315   -0.192315 (VIOLATED)
_11367_/X                               0.750000    0.942309   -0.192309 (VIOLATED)
_10835_/A1                              0.750000    0.941516   -0.191516 (VIOLATED)
_11446_/A1                              0.750000    0.941516   -0.191516 (VIOLATED)
_11637_/A1                              0.750000    0.941516   -0.191516 (VIOLATED)
_11935_/A1                              0.750000    0.941516   -0.191516 (VIOLATED)
_11941_/B2                              0.750000    0.941516   -0.191516 (VIOLATED)
fanout1729/X                            0.750000    0.941516   -0.191516 (VIOLATED)
wire1730/A                              0.750000    0.941516   -0.191516 (VIOLATED)
_13739_/A1                              0.750000    0.941181   -0.191182 (VIOLATED)
_13610_/A1                              0.750000    0.941181   -0.191181 (VIOLATED)
_13308_/A                               0.750000    0.941179   -0.191179 (VIOLATED)
_13314_/B                               0.750000    0.941177   -0.191178 (VIOLATED)
_13315_/A1                              0.750000    0.941174   -0.191174 (VIOLATED)
_13546_/A1                              0.750000    0.941163   -0.191163 (VIOLATED)
_13471_/A1                              0.750000    0.941157   -0.191157 (VIOLATED)
_12321_/A0                              0.750000    0.941152   -0.191152 (VIOLATED)
_13309_/A                               0.750000    0.941152   -0.191152 (VIOLATED)
_13731_/A1                              0.750000    0.941152   -0.191152 (VIOLATED)
fanout1908/X                            0.750000    0.941152   -0.191152 (VIOLATED)
_19037_/S                               0.750000    0.940486   -0.190487 (VIOLATED)
_19171_/S                               0.750000    0.940486   -0.190487 (VIOLATED)
_19173_/S                               0.750000    0.940486   -0.190487 (VIOLATED)
_19175_/S                               0.750000    0.940486   -0.190487 (VIOLATED)
_19177_/S                               0.750000    0.940486   -0.190487 (VIOLATED)
_19179_/S                               0.750000    0.940486   -0.190487 (VIOLATED)
_19207_/S                               0.750000    0.940486   -0.190487 (VIOLATED)
_19209_/S                               0.750000    0.940486   -0.190487 (VIOLATED)
_19362_/B1                              0.750000    0.940486   -0.190487 (VIOLATED)
_19366_/A1                              0.750000    0.940486   -0.190487 (VIOLATED)
fanout1880/X                            0.750000    0.940486   -0.190487 (VIOLATED)
_18003_/C                               0.750000    0.940322   -0.190322 (VIOLATED)
_18056_/A2                              0.750000    0.940322   -0.190322 (VIOLATED)
_18058_/B1                              0.750000    0.940322   -0.190322 (VIOLATED)
_18061_/B1                              0.750000    0.940322   -0.190322 (VIOLATED)
_18068_/A2                              0.750000    0.940322   -0.190322 (VIOLATED)
_18071_/A2                              0.750000    0.940322   -0.190322 (VIOLATED)
_18077_/A2                              0.750000    0.940322   -0.190322 (VIOLATED)
_18086_/A2                              0.750000    0.940322   -0.190322 (VIOLATED)
_18088_/B1                              0.750000    0.940322   -0.190322 (VIOLATED)
_18092_/A2                              0.750000    0.940322   -0.190322 (VIOLATED)
fanout737/X                             0.750000    0.940322   -0.190322 (VIOLATED)
_12039_/B                               0.750000    0.939034   -0.189034 (VIOLATED)
_21716_/Q                               0.750000    0.938897   -0.188897 (VIOLATED)
fanout2345/A                            0.750000    0.937999   -0.187999 (VIOLATED)
fanout2339/A                            0.750000    0.937997   -0.187997 (VIOLATED)
fanout2327/A                            0.750000    0.937994   -0.187994 (VIOLATED)
fanout2334/A                            0.750000    0.937994   -0.187994 (VIOLATED)
fanout2348/A                            0.750000    0.937994   -0.187994 (VIOLATED)
fanout2351/A                            0.750000    0.937994   -0.187994 (VIOLATED)
fanout2353/X                            0.750000    0.937994   -0.187994 (VIOLATED)
_12378_/A2                              0.750000    0.935631   -0.185631 (VIOLATED)
_12029_/B2                              0.750000    0.935621   -0.185621 (VIOLATED)
_13089_/B2                              0.750000    0.935603   -0.185603 (VIOLATED)
_11059_/A2                              0.750000    0.934782   -0.184782 (VIOLATED)
_18495_/A1                              0.750000    0.934713   -0.184713 (VIOLATED)
_18784_/A1                              0.750000    0.934666   -0.184667 (VIOLATED)
_11054_/A2                              0.750000    0.934448   -0.184448 (VIOLATED)
_11052_/Y                               0.750000    0.934419   -0.184419 (VIOLATED)
_15917_/A1                              0.750000    0.934388   -0.184388 (VIOLATED)
_16003_/A1                              0.750000    0.934387   -0.184387 (VIOLATED)
_16024_/A1                              0.750000    0.934387   -0.184387 (VIOLATED)
_16017_/A                               0.750000    0.934386   -0.184386 (VIOLATED)
_16020_/A1                              0.750000    0.934385   -0.184385 (VIOLATED)
_15744_/B                               0.750000    0.934384   -0.184384 (VIOLATED)
_14947_/B                               0.750000    0.934377   -0.184377 (VIOLATED)
_15052_/A2                              0.750000    0.934377   -0.184377 (VIOLATED)
_15168_/B1                              0.750000    0.934377   -0.184377 (VIOLATED)
_15564_/B                               0.750000    0.934377   -0.184377 (VIOLATED)
fanout1218/X                            0.750000    0.934377   -0.184377 (VIOLATED)
wire1340/A                              0.750000    0.934205   -0.184205 (VIOLATED)
_12953_/B1                              0.750000    0.934201   -0.184201 (VIOLATED)
_13006_/B1                              0.750000    0.934183   -0.184183 (VIOLATED)
fanout1338/A                            0.750000    0.934158   -0.184158 (VIOLATED)
fanout1339/X                            0.750000    0.934158   -0.184158 (VIOLATED)
input76/X                               0.750000    0.933607   -0.183607 (VIOLATED)
_11791_/B2                              0.750000    0.933266   -0.183266 (VIOLATED)
_11914_/B2                              0.750000    0.933265   -0.183265 (VIOLATED)
_10083_/Y                               0.750000    0.933261   -0.183261 (VIOLATED)
fanout1610/A                            0.750000    0.933261   -0.183261 (VIOLATED)
fanout1614/A                            0.750000    0.933261   -0.183261 (VIOLATED)
_13089_/B1                              0.750000    0.932943   -0.182943 (VIOLATED)
_12922_/B1                              0.750000    0.932940   -0.182940 (VIOLATED)
fanout1341/A                            0.750000    0.932939   -0.182939 (VIOLATED)
_13103_/A2                              0.750000    0.932938   -0.182938 (VIOLATED)
_12910_/A2                              0.750000    0.932931   -0.182931 (VIOLATED)
_12843_/B1                              0.750000    0.932927   -0.182927 (VIOLATED)
fanout1342/X                            0.750000    0.932927   -0.182927 (VIOLATED)
_13056_/S                               0.750000    0.932573   -0.182573 (VIOLATED)
_13069_/S                               0.750000    0.932572   -0.182572 (VIOLATED)
_12865_/S                               0.750000    0.932569   -0.182569 (VIOLATED)
_12879_/S                               0.750000    0.932569   -0.182569 (VIOLATED)
_12892_/S                               0.750000    0.932569   -0.182569 (VIOLATED)
_12905_/S                               0.750000    0.932569   -0.182569 (VIOLATED)
_12919_/S                               0.750000    0.932569   -0.182569 (VIOLATED)
_12989_/S                               0.750000    0.932569   -0.182569 (VIOLATED)
_13112_/S                               0.750000    0.932569   -0.182569 (VIOLATED)
fanout1091/A                            0.750000    0.932569   -0.182569 (VIOLATED)
fanout1092/X                            0.750000    0.932569   -0.182569 (VIOLATED)
_19189_/S                               0.750000    0.932517   -0.182517 (VIOLATED)
_19193_/S                               0.750000    0.932517   -0.182517 (VIOLATED)
_19195_/S                               0.750000    0.932517   -0.182517 (VIOLATED)
_19199_/S                               0.750000    0.932517   -0.182517 (VIOLATED)
_19217_/S                               0.750000    0.932517   -0.182517 (VIOLATED)
_19219_/S                               0.750000    0.932517   -0.182517 (VIOLATED)
_19223_/S                               0.750000    0.932517   -0.182517 (VIOLATED)
_19227_/S                               0.750000    0.932517   -0.182517 (VIOLATED)
_19229_/S                               0.750000    0.932517   -0.182517 (VIOLATED)
_19231_/S                               0.750000    0.932517   -0.182517 (VIOLATED)
fanout1882/X                            0.750000    0.932517   -0.182517 (VIOLATED)
_18006_/A1                              0.750000    0.931734   -0.181734 (VIOLATED)
_18221_/A2                              0.750000    0.931734   -0.181734 (VIOLATED)
_18222_/A2                              0.750000    0.931733   -0.181733 (VIOLATED)
_17970_/A2                              0.750000    0.931732   -0.181732 (VIOLATED)
_13240_/A                               0.750000    0.931724   -0.181724 (VIOLATED)
_13253_/A                               0.750000    0.931723   -0.181723 (VIOLATED)
_12680_/A                               0.750000    0.931723   -0.181723 (VIOLATED)
_13126_/B                               0.750000    0.931723   -0.181723 (VIOLATED)
_18197_/B                               0.750000    0.931723   -0.181723 (VIOLATED)
_18201_/A1                              0.750000    0.931723   -0.181723 (VIOLATED)
fanout450/X                             0.750000    0.931723   -0.181723 (VIOLATED)
_11245_/A2                              0.750000    0.931623   -0.181623 (VIOLATED)
ANTENNA_67/DIODE                        0.750000    0.931530   -0.181530 (VIOLATED)
_18497_/A1                              0.750000    0.931526   -0.181526 (VIOLATED)
_19285_/S                               0.750000    0.931501   -0.181501 (VIOLATED)
_19253_/S                               0.750000    0.931501   -0.181501 (VIOLATED)
_19283_/S                               0.750000    0.931500   -0.181500 (VIOLATED)
_19263_/S                               0.750000    0.931500   -0.181500 (VIOLATED)
_19257_/S                               0.750000    0.931497   -0.181497 (VIOLATED)
_19259_/S                               0.750000    0.931496   -0.181496 (VIOLATED)
_19287_/S                               0.750000    0.931496   -0.181496 (VIOLATED)
_19291_/S                               0.750000    0.931496   -0.181496 (VIOLATED)
_19293_/S                               0.750000    0.931496   -0.181496 (VIOLATED)
_19295_/S                               0.750000    0.931496   -0.181496 (VIOLATED)
fanout1877/X                            0.750000    0.931496   -0.181496 (VIOLATED)
ANTENNA_7/DIODE                         0.750000    0.931255   -0.181255 (VIOLATED)
_18791_/A1                              0.750000    0.931242   -0.181242 (VIOLATED)
_12742_/A1                              0.750000    0.931138   -0.181138 (VIOLATED)
_12732_/A                               0.750000    0.931138   -0.181138 (VIOLATED)
_10629_/B1                              0.750000    0.931126   -0.181126 (VIOLATED)
_13637_/B                               0.750000    0.931119   -0.181119 (VIOLATED)
_13639_/B                               0.750000    0.931119   -0.181119 (VIOLATED)
_13638_/B                               0.750000    0.931118   -0.181118 (VIOLATED)
_13369_/A                               0.750000    0.931108   -0.181108 (VIOLATED)
_13379_/A1                              0.750000    0.931108   -0.181108 (VIOLATED)
_10628_/X                               0.750000    0.931090   -0.181090 (VIOLATED)
ANTENNA_6/DIODE                         0.750000    0.931038   -0.181038 (VIOLATED)
_13652_/A1                              0.750000    0.931022   -0.181022 (VIOLATED)
_11237_/X                               0.750000    0.930497   -0.180497 (VIOLATED)
_16559_/S                               0.750000    0.929832   -0.179832 (VIOLATED)
_16560_/S                               0.750000    0.929810   -0.179810 (VIOLATED)
load_slew670/A                          0.750000    0.929792   -0.179792 (VIOLATED)
fanout661/A                             0.750000    0.929773   -0.179773 (VIOLATED)
fanout669/X                             0.750000    0.929773   -0.179773 (VIOLATED)
_16983_/S                               0.750000    0.928527   -0.178527 (VIOLATED)
_16985_/S                               0.750000    0.928527   -0.178527 (VIOLATED)
_16993_/S                               0.750000    0.928527   -0.178527 (VIOLATED)
fanout572/X                             0.750000    0.928527   -0.178527 (VIOLATED)
load_slew573/A                          0.750000    0.928527   -0.178527 (VIOLATED)
_13073_/A1                              0.750000    0.928064   -0.178064 (VIOLATED)
_12029_/A2                              0.750000    0.928061   -0.178061 (VIOLATED)
_12028_/B                               0.750000    0.928056   -0.178057 (VIOLATED)
input75/X                               0.750000    0.927933   -0.177933 (VIOLATED)
_18520_/A0                              0.750000    0.927822   -0.177822 (VIOLATED)
ANTENNA_82/DIODE                        0.750000    0.927821   -0.177821 (VIOLATED)
ANTENNA_83/DIODE                        0.750000    0.927793   -0.177793 (VIOLATED)
ANTENNA_84/DIODE                        0.750000    0.927792   -0.177792 (VIOLATED)
_18861_/A2                              0.750000    0.927792   -0.177792 (VIOLATED)
_18858_/A1                              0.750000    0.927792   -0.177792 (VIOLATED)
_21776_/A                               0.750000    0.927774   -0.177774 (VIOLATED)
_11865_/X                               0.750000    0.927771   -0.177771 (VIOLATED)
max_cap486/A                            0.750000    0.927771   -0.177771 (VIOLATED)
_14531_/A1                              0.750000    0.927396   -0.177396 (VIOLATED)
_14319_/A1                              0.750000    0.927396   -0.177396 (VIOLATED)
_13308_/B                               0.750000    0.927391   -0.177391 (VIOLATED)
_13314_/A_N                             0.750000    0.927390   -0.177390 (VIOLATED)
_14048_/A1                              0.750000    0.927386   -0.177386 (VIOLATED)
_14225_/A1                              0.750000    0.927379   -0.177379 (VIOLATED)
_12319_/A0                              0.750000    0.927367   -0.177367 (VIOLATED)
_13309_/B                               0.750000    0.927367   -0.177367 (VIOLATED)
_14133_/A1                              0.750000    0.927367   -0.177367 (VIOLATED)
_14427_/A1                              0.750000    0.927367   -0.177367 (VIOLATED)
fanout1907/X                            0.750000    0.927367   -0.177367 (VIOLATED)
_18338_/B1                              0.750000    0.926823   -0.176824 (VIOLATED)
_18344_/B1                              0.750000    0.926823   -0.176824 (VIOLATED)
_18355_/B1                              0.750000    0.926823   -0.176824 (VIOLATED)
_18389_/B1                              0.750000    0.926823   -0.176824 (VIOLATED)
_18395_/B1                              0.750000    0.926823   -0.176824 (VIOLATED)
_18401_/B1                              0.750000    0.926823   -0.176824 (VIOLATED)
_18406_/B1                              0.750000    0.926823   -0.176824 (VIOLATED)
_18412_/B1                              0.750000    0.926823   -0.176824 (VIOLATED)
_18418_/B1                              0.750000    0.926823   -0.176824 (VIOLATED)
_18423_/B1                              0.750000    0.926823   -0.176824 (VIOLATED)
fanout1525/X                            0.750000    0.926823   -0.176824 (VIOLATED)
wire821/A                               0.750000    0.926224   -0.176224 (VIOLATED)
_16941_/S                               0.750000    0.926224   -0.176224 (VIOLATED)
_16957_/S                               0.750000    0.926217   -0.176217 (VIOLATED)
_16946_/S                               0.750000    0.926211   -0.176211 (VIOLATED)
fanout819/X                             0.750000    0.926211   -0.176211 (VIOLATED)
wire820/A                               0.750000    0.926211   -0.176211 (VIOLATED)
_12909_/A                               0.750000    0.925996   -0.175996 (VIOLATED)
_12916_/A1                              0.750000    0.925996   -0.175996 (VIOLATED)
_11180_/B                               0.750000    0.925935   -0.175935 (VIOLATED)
_13435_/C                               0.750000    0.925827   -0.175827 (VIOLATED)
_13437_/A                               0.750000    0.925827   -0.175827 (VIOLATED)
_13480_/B2                              0.750000    0.925827   -0.175827 (VIOLATED)
_13554_/B1                              0.750000    0.925827   -0.175827 (VIOLATED)
_13641_/B1                              0.750000    0.925827   -0.175827 (VIOLATED)
_13722_/B2                              0.750000    0.925827   -0.175827 (VIOLATED)
_13967_/A1                              0.750000    0.925827   -0.175827 (VIOLATED)
_14032_/B2                              0.750000    0.925827   -0.175827 (VIOLATED)
_14122_/A1                              0.750000    0.925827   -0.175827 (VIOLATED)
_15982_/B1                              0.750000    0.925827   -0.175827 (VIOLATED)
fanout1049/X                            0.750000    0.925827   -0.175827 (VIOLATED)
_14876_/B                               0.750000    0.925571   -0.175571 (VIOLATED)
_11178_/X                               0.750000    0.925565   -0.175565 (VIOLATED)
_11179_/A                               0.750000    0.925565   -0.175565 (VIOLATED)
_14830_/A                               0.750000    0.925191   -0.175191 (VIOLATED)
_14570_/B                               0.750000    0.925176   -0.175176 (VIOLATED)
fanout1233/A                            0.750000    0.925121   -0.175122 (VIOLATED)
_13977_/X                               0.750000    0.925082   -0.175082 (VIOLATED)
_16364_/S                               0.750000    0.924431   -0.174431 (VIOLATED)
_16366_/S                               0.750000    0.924431   -0.174431 (VIOLATED)
_16367_/S                               0.750000    0.924431   -0.174431 (VIOLATED)
fanout861/X                             0.750000    0.924431   -0.174431 (VIOLATED)
load_slew863/A                          0.750000    0.924431   -0.174431 (VIOLATED)
wire862/A                               0.750000    0.924431   -0.174431 (VIOLATED)
wire1243/A                              0.750000    0.923030   -0.173030 (VIOLATED)
_13820_/Y                               0.750000    0.923019   -0.173019 (VIOLATED)
_10664_/C1                              0.750000    0.922410   -0.172410 (VIOLATED)
_10727_/A1                              0.750000    0.922410   -0.172410 (VIOLATED)
_10777_/C1                              0.750000    0.922410   -0.172410 (VIOLATED)
_10904_/A                               0.750000    0.922410   -0.172410 (VIOLATED)
fanout1845/X                            0.750000    0.922410   -0.172410 (VIOLATED)
wire1846/A                              0.750000    0.922410   -0.172410 (VIOLATED)
_11082_/A2                              0.750000    0.919525   -0.169525 (VIOLATED)
_11115_/A2                              0.750000    0.919524   -0.169524 (VIOLATED)
_11079_/Y                               0.750000    0.919522   -0.169522 (VIOLATED)
_12657_/A                               0.750000    0.919522   -0.169522 (VIOLATED)
_11557_/Y                               0.750000    0.917398   -0.167398 (VIOLATED)
wire1362/A                              0.750000    0.917398   -0.167398 (VIOLATED)
_10206_/B1                              0.750000    0.916426   -0.166426 (VIOLATED)
_11788_/B1                              0.750000    0.916412   -0.166412 (VIOLATED)
_11718_/B1                              0.750000    0.916410   -0.166410 (VIOLATED)
_10336_/B1                              0.750000    0.916405   -0.166405 (VIOLATED)
_10982_/B1                              0.750000    0.916405   -0.166405 (VIOLATED)
fanout1609/X                            0.750000    0.916405   -0.166405 (VIOLATED)
_14519_/A1                              0.750000    0.913790   -0.163790 (VIOLATED)
_13795_/A1                              0.750000    0.913789   -0.163789 (VIOLATED)
_13872_/A1                              0.750000    0.913789   -0.163789 (VIOLATED)
_14750_/A1                              0.750000    0.913789   -0.163789 (VIOLATED)
_15206_/A1                              0.750000    0.913789   -0.163789 (VIOLATED)
_15510_/A1                              0.750000    0.913789   -0.163789 (VIOLATED)
_15801_/B1                              0.750000    0.913789   -0.163789 (VIOLATED)
_15898_/A1                              0.750000    0.913789   -0.163789 (VIOLATED)
_16080_/B2                              0.750000    0.913789   -0.163789 (VIOLATED)
_16170_/B2                              0.750000    0.913789   -0.163789 (VIOLATED)
fanout1050/X                            0.750000    0.913789   -0.163789 (VIOLATED)
_11545_/A1                              0.750000    0.911890   -0.161890 (VIOLATED)
_11850_/A1                              0.750000    0.911884   -0.161884 (VIOLATED)
_11890_/A1                              0.750000    0.911884   -0.161884 (VIOLATED)
fanout1687/A                            0.750000    0.911884   -0.161884 (VIOLATED)
fanout1689/A                            0.750000    0.911884   -0.161884 (VIOLATED)
fanout1691/X                            0.750000    0.911884   -0.161884 (VIOLATED)
_19426_/B                               0.750000    0.910501   -0.160501 (VIOLATED)
_19486_/A1                              0.750000    0.910500   -0.160500 (VIOLATED)
_19450_/A                               0.750000    0.910498   -0.160498 (VIOLATED)
_19425_/B                               0.750000    0.910495   -0.160495 (VIOLATED)
_19559_/A1                              0.750000    0.910493   -0.160493 (VIOLATED)
_19471_/A                               0.750000    0.910488   -0.160488 (VIOLATED)
_19439_/B                               0.750000    0.910485   -0.160485 (VIOLATED)
_19468_/B                               0.750000    0.910485   -0.160485 (VIOLATED)
_19472_/A                               0.750000    0.910485   -0.160485 (VIOLATED)
_19490_/A                               0.750000    0.910485   -0.160485 (VIOLATED)
fanout1535/X                            0.750000    0.910485   -0.160485 (VIOLATED)
_17925_/S                               0.750000    0.910019   -0.160019 (VIOLATED)
_17932_/S                               0.750000    0.910019   -0.160019 (VIOLATED)
fanout396/A                             0.750000    0.910019   -0.160019 (VIOLATED)
fanout398/X                             0.750000    0.910019   -0.160019 (VIOLATED)
wire399/A                               0.750000    0.910019   -0.160019 (VIOLATED)
_19306_/S                               0.750000    0.909763   -0.159763 (VIOLATED)
_19307_/S                               0.750000    0.909763   -0.159763 (VIOLATED)
_19311_/S                               0.750000    0.909763   -0.159763 (VIOLATED)
_19313_/S                               0.750000    0.909763   -0.159763 (VIOLATED)
_19321_/S                               0.750000    0.909763   -0.159763 (VIOLATED)
_19322_/S                               0.750000    0.909763   -0.159763 (VIOLATED)
_19325_/S                               0.750000    0.909763   -0.159763 (VIOLATED)
_19327_/S                               0.750000    0.909763   -0.159763 (VIOLATED)
_19328_/S                               0.750000    0.909763   -0.159763 (VIOLATED)
_19329_/S                               0.750000    0.909763   -0.159763 (VIOLATED)
fanout1522/X                            0.750000    0.909763   -0.159763 (VIOLATED)
_10343_/X                               0.750000    0.909567   -0.159568 (VIOLATED)
_12834_/B1                              0.750000    0.909567   -0.159568 (VIOLATED)
_12835_/A1                              0.750000    0.909567   -0.159568 (VIOLATED)
max_cap1190/A                           0.750000    0.909567   -0.159568 (VIOLATED)
fanout1132/A                            0.750000    0.908947   -0.158947 (VIOLATED)
_16174_/A1                              0.750000    0.908946   -0.158946 (VIOLATED)
_16084_/A1                              0.750000    0.908944   -0.158944 (VIOLATED)
_14637_/A1                              0.750000    0.908939   -0.158939 (VIOLATED)
_14757_/A1                              0.750000    0.908939   -0.158939 (VIOLATED)
_14991_/A1                              0.750000    0.908939   -0.158939 (VIOLATED)
_15414_/A1                              0.750000    0.908939   -0.158939 (VIOLATED)
_15513_/A1                              0.750000    0.908939   -0.158939 (VIOLATED)
_15611_/A1                              0.750000    0.908939   -0.158939 (VIOLATED)
fanout1133/X                            0.750000    0.908939   -0.158939 (VIOLATED)
_10998_/A2                              0.750000    0.908754   -0.158754 (VIOLATED)
_11058_/A2                              0.750000    0.908754   -0.158754 (VIOLATED)
_11117_/A2                              0.750000    0.908754   -0.158754 (VIOLATED)
_11177_/A2                              0.750000    0.908754   -0.158754 (VIOLATED)
_11244_/A2                              0.750000    0.908754   -0.158754 (VIOLATED)
_11371_/A2                              0.750000    0.908754   -0.158754 (VIOLATED)
_11431_/A2                              0.750000    0.908754   -0.158754 (VIOLATED)
_11918_/A2                              0.750000    0.908754   -0.158754 (VIOLATED)
_11977_/A2                              0.750000    0.908754   -0.158754 (VIOLATED)
fanout1531/X                            0.750000    0.908754   -0.158754 (VIOLATED)
_11762_/A2                              0.750000    0.905907   -0.155907 (VIOLATED)
_11587_/A2                              0.750000    0.905906   -0.155907 (VIOLATED)
_11647_/A2                              0.750000    0.905906   -0.155906 (VIOLATED)
_11702_/A2                              0.750000    0.905905   -0.155905 (VIOLATED)
_11819_/A2                              0.750000    0.905900   -0.155900 (VIOLATED)
_11885_/A2                              0.750000    0.905881   -0.155881 (VIOLATED)
_09956_/Y                               0.750000    0.905857   -0.155857 (VIOLATED)
_17635_/A2                              0.750000    0.905648   -0.155648 (VIOLATED)
_17630_/B1                              0.750000    0.905647   -0.155647 (VIOLATED)
_17622_/B1                              0.750000    0.905647   -0.155647 (VIOLATED)
_17626_/B1                              0.750000    0.905647   -0.155647 (VIOLATED)
_17655_/A2                              0.750000    0.905638   -0.155638 (VIOLATED)
_17660_/A2                              0.750000    0.905637   -0.155637 (VIOLATED)
_17664_/B2                              0.750000    0.905637   -0.155637 (VIOLATED)
_17667_/A2                              0.750000    0.905637   -0.155637 (VIOLATED)
_17672_/B1                              0.750000    0.905637   -0.155637 (VIOLATED)
_17676_/B1                              0.750000    0.905637   -0.155637 (VIOLATED)
fanout405/X                             0.750000    0.905637   -0.155637 (VIOLATED)
_16343_/A2                              0.750000    0.905361   -0.155361 (VIOLATED)
_14745_/A2                              0.750000    0.905356   -0.155356 (VIOLATED)
_14743_/Y                               0.750000    0.905333   -0.155333 (VIOLATED)
_12666_/A1_N                            0.750000    0.905147   -0.155147 (VIOLATED)
_12611_/A0                              0.750000    0.905138   -0.155138 (VIOLATED)
_12633_/B2                              0.750000    0.905136   -0.155137 (VIOLATED)
_12648_/B2                              0.750000    0.905131   -0.155131 (VIOLATED)
_13845_/A1                              0.750000    0.904964   -0.154964 (VIOLATED)
_13846_/A1                              0.750000    0.904964   -0.154964 (VIOLATED)
_18982_/A0                              0.750000    0.904912   -0.154912 (VIOLATED)
_10417_/B1                              0.750000    0.904813   -0.154813 (VIOLATED)
_10446_/A2                              0.750000    0.904811   -0.154811 (VIOLATED)
_10416_/X                               0.750000    0.904314   -0.154314 (VIOLATED)
_17672_/B2                              0.750000    0.904165   -0.154165 (VIOLATED)
_17809_/A1                              0.750000    0.904164   -0.154164 (VIOLATED)
_18210_/B                               0.750000    0.904154   -0.154154 (VIOLATED)
fanout716/A                             0.750000    0.904128   -0.154128 (VIOLATED)
_12862_/X                               0.750000    0.904119   -0.154119 (VIOLATED)
_11025_/B1                              0.750000    0.904045   -0.154045 (VIOLATED)
_10483_/B1                              0.750000    0.904043   -0.154043 (VIOLATED)
_11949_/B1                              0.750000    0.904038   -0.154038 (VIOLATED)
_11962_/A1                              0.750000    0.904028   -0.154028 (VIOLATED)
load_slew1625/A                         0.750000    0.904018   -0.154018 (VIOLATED)
_11477_/B2                              0.750000    0.904015   -0.154015 (VIOLATED)
_11480_/B1                              0.750000    0.904015   -0.154015 (VIOLATED)
fanout1624/X                            0.750000    0.904015   -0.154015 (VIOLATED)
_17175_/S                               0.750000    0.903162   -0.153162 (VIOLATED)
_17191_/S                               0.750000    0.903151   -0.153151 (VIOLATED)
_17174_/S                               0.750000    0.903148   -0.153148 (VIOLATED)
_13794_/B2                              0.750000    0.903146   -0.153147 (VIOLATED)
_16171_/A3                              0.750000    0.903146   -0.153146 (VIOLATED)
_16081_/A1                              0.750000    0.903144   -0.153144 (VIOLATED)
_17172_/S                               0.750000    0.903144   -0.153144 (VIOLATED)
fanout790/X                             0.750000    0.903144   -0.153144 (VIOLATED)
wire791/A                               0.750000    0.903144   -0.153144 (VIOLATED)
_15802_/A                               0.750000    0.903143   -0.153143 (VIOLATED)
_15896_/B                               0.750000    0.903140   -0.153140 (VIOLATED)
_15608_/A1                              0.750000    0.903133   -0.153133 (VIOLATED)
_13433_/B                               0.750000    0.903132   -0.153132 (VIOLATED)
_14518_/A3                              0.750000    0.903130   -0.153130 (VIOLATED)
_14749_/A3                              0.750000    0.903130   -0.153130 (VIOLATED)
_15205_/A3                              0.750000    0.903130   -0.153130 (VIOLATED)
fanout1105/X                            0.750000    0.903130   -0.153130 (VIOLATED)
_12451_/A2                              0.750000    0.902968   -0.152968 (VIOLATED)
_12463_/B1                              0.750000    0.902967   -0.152967 (VIOLATED)
_12458_/B1                              0.750000    0.902967   -0.152967 (VIOLATED)
_12440_/A2                              0.750000    0.902965   -0.152965 (VIOLATED)
_12446_/B1                              0.750000    0.902963   -0.152963 (VIOLATED)
_12437_/B1                              0.750000    0.902962   -0.152962 (VIOLATED)
_12426_/A2                              0.750000    0.902958   -0.152958 (VIOLATED)
_12365_/A2                              0.750000    0.902958   -0.152958 (VIOLATED)
_12406_/A2                              0.750000    0.902958   -0.152958 (VIOLATED)
_12417_/A2                              0.750000    0.902958   -0.152958 (VIOLATED)
fanout1107/X                            0.750000    0.902958   -0.152958 (VIOLATED)
_13790_/B1                              0.750000    0.902407   -0.152407 (VIOLATED)
_13886_/A1                              0.750000    0.902407   -0.152407 (VIOLATED)
_14875_/B1                              0.750000    0.902407   -0.152407 (VIOLATED)
_14984_/B1                              0.750000    0.902407   -0.152407 (VIOLATED)
_15091_/B1                              0.750000    0.902407   -0.152407 (VIOLATED)
_15211_/A1                              0.750000    0.902407   -0.152407 (VIOLATED)
_15310_/B1                              0.750000    0.902407   -0.152407 (VIOLATED)
_15406_/B1                              0.750000    0.902407   -0.152407 (VIOLATED)
_15506_/B1                              0.750000    0.902407   -0.152407 (VIOLATED)
_16166_/B1                              0.750000    0.902407   -0.152407 (VIOLATED)
fanout1507/X                            0.750000    0.902407   -0.152407 (VIOLATED)
_17856_/A2                              0.750000    0.901839   -0.151839 (VIOLATED)
_17861_/A2                              0.750000    0.901839   -0.151839 (VIOLATED)
_17865_/A2                              0.750000    0.901837   -0.151837 (VIOLATED)
_17869_/A2                              0.750000    0.901836   -0.151836 (VIOLATED)
_17873_/A2                              0.750000    0.901832   -0.151832 (VIOLATED)
_17757_/B                               0.750000    0.901827   -0.151827 (VIOLATED)
_17877_/A2                              0.750000    0.901820   -0.151820 (VIOLATED)
_17878_/B1                              0.750000    0.901818   -0.151818 (VIOLATED)
fanout403/A                             0.750000    0.901814   -0.151814 (VIOLATED)
fanout404/X                             0.750000    0.901814   -0.151814 (VIOLATED)
_10507_/A2                              0.750000    0.901411   -0.151411 (VIOLATED)
_10878_/A2                              0.750000    0.901410   -0.151410 (VIOLATED)
_10928_/A2                              0.750000    0.901410   -0.151410 (VIOLATED)
_10448_/A2                              0.750000    0.901409   -0.151409 (VIOLATED)
_10394_/B2                              0.750000    0.901405   -0.151405 (VIOLATED)
_10342_/B2                              0.750000    0.901405   -0.151405 (VIOLATED)
_10222_/A2                              0.750000    0.901401   -0.151401 (VIOLATED)
_10279_/A2                              0.750000    0.901396   -0.151396 (VIOLATED)
_10164_/A2                              0.750000    0.901392   -0.151392 (VIOLATED)
_10091_/B                               0.750000    0.901379   -0.151379 (VIOLATED)
fanout1530/X                            0.750000    0.901379   -0.151379 (VIOLATED)
_19371_/A                               0.750000    0.901331   -0.151331 (VIOLATED)
_19376_/A1                              0.750000    0.901331   -0.151331 (VIOLATED)
_19431_/B                               0.750000    0.901331   -0.151331 (VIOLATED)
_19432_/B                               0.750000    0.901331   -0.151331 (VIOLATED)
_19445_/A_N                             0.750000    0.901331   -0.151331 (VIOLATED)
_19446_/A_N                             0.750000    0.901331   -0.151331 (VIOLATED)
_19478_/A                               0.750000    0.901331   -0.151331 (VIOLATED)
_19484_/A1                              0.750000    0.901331   -0.151331 (VIOLATED)
_19527_/A                               0.750000    0.901331   -0.151331 (VIOLATED)
_19534_/A                               0.750000    0.901331   -0.151331 (VIOLATED)
fanout1520/X                            0.750000    0.901331   -0.151331 (VIOLATED)
_19756_/S                               0.750000    0.901197   -0.151197 (VIOLATED)
_19759_/S                               0.750000    0.901197   -0.151197 (VIOLATED)
_19761_/S                               0.750000    0.901197   -0.151197 (VIOLATED)
_19762_/S                               0.750000    0.901197   -0.151197 (VIOLATED)
_19763_/S                               0.750000    0.901197   -0.151197 (VIOLATED)
_19764_/S                               0.750000    0.901197   -0.151197 (VIOLATED)
_19767_/S                               0.750000    0.901197   -0.151197 (VIOLATED)
_19769_/S                               0.750000    0.901197   -0.151197 (VIOLATED)
_19771_/S                               0.750000    0.901197   -0.151197 (VIOLATED)
_19772_/S                               0.750000    0.901197   -0.151197 (VIOLATED)
fanout1311/X                            0.750000    0.901197   -0.151197 (VIOLATED)
_19757_/S                               0.750000    0.901195   -0.151195 (VIOLATED)
_19758_/S                               0.750000    0.901195   -0.151195 (VIOLATED)
_19760_/S                               0.750000    0.901195   -0.151195 (VIOLATED)
_19765_/S                               0.750000    0.901195   -0.151195 (VIOLATED)
_19766_/S                               0.750000    0.901195   -0.151195 (VIOLATED)
_19768_/S                               0.750000    0.901195   -0.151195 (VIOLATED)
_19773_/S                               0.750000    0.901195   -0.151195 (VIOLATED)
_19774_/S                               0.750000    0.901195   -0.151195 (VIOLATED)
_19776_/S                               0.750000    0.901195   -0.151195 (VIOLATED)
_19779_/S                               0.750000    0.901195   -0.151195 (VIOLATED)
fanout1312/X                            0.750000    0.901195   -0.151195 (VIOLATED)
_11587_/A1                              0.750000    0.900437   -0.150437 (VIOLATED)
ANTENNA_27/DIODE                        0.750000    0.900437   -0.150437 (VIOLATED)
ANTENNA_26/DIODE                        0.750000    0.900408   -0.150408 (VIOLATED)
_10474_/A1_N                            0.750000    0.900391   -0.150391 (VIOLATED)
_11916_/A2                              0.750000    0.899905   -0.149905 (VIOLATED)
max_cap1290/A                           0.750000    0.899905   -0.149905 (VIOLATED)
_11884_/B                               0.750000    0.899894   -0.149894 (VIOLATED)
_11882_/Y                               0.750000    0.899878   -0.149878 (VIOLATED)
_11586_/B                               0.750000    0.899810   -0.149810 (VIOLATED)
_11618_/A2                              0.750000    0.899808   -0.149808 (VIOLATED)
max_cap1361/A                           0.750000    0.899807   -0.149807 (VIOLATED)
_11584_/Y                               0.750000    0.899794   -0.149794 (VIOLATED)
_09991_/C_N                             0.750000    0.899587   -0.149587 (VIOLATED)
_21628_/Q                               0.750000    0.898608   -0.148608 (VIOLATED)
fanout1927/A                            0.750000    0.898608   -0.148608 (VIOLATED)
_19412_/A                               0.750000    0.898531   -0.148531 (VIOLATED)
_19451_/A                               0.750000    0.898531   -0.148531 (VIOLATED)
_19511_/A                               0.750000    0.898531   -0.148531 (VIOLATED)
_19556_/A                               0.750000    0.898531   -0.148531 (VIOLATED)
_19562_/A1                              0.750000    0.898531   -0.148531 (VIOLATED)
_19573_/A1                              0.750000    0.898531   -0.148531 (VIOLATED)
_19587_/A                               0.750000    0.898531   -0.148531 (VIOLATED)
_19649_/B                               0.750000    0.898531   -0.148531 (VIOLATED)
_19695_/A1                              0.750000    0.898531   -0.148531 (VIOLATED)
_19780_/A1                              0.750000    0.898531   -0.148531 (VIOLATED)
fanout1538/X                            0.750000    0.898531   -0.148531 (VIOLATED)
_18145_/S                               0.750000    0.897398   -0.147398 (VIOLATED)
_18151_/S                               0.750000    0.897398   -0.147398 (VIOLATED)
_18152_/S                               0.750000    0.897398   -0.147398 (VIOLATED)
fanout376/A                             0.750000    0.897398   -0.147398 (VIOLATED)
fanout378/X                             0.750000    0.897398   -0.147398 (VIOLATED)
load_slew379/A                          0.750000    0.897398   -0.147398 (VIOLATED)
_12452_/A2                              0.750000    0.895888   -0.145888 (VIOLATED)
_12463_/A2                              0.750000    0.895888   -0.145888 (VIOLATED)
_12458_/A2                              0.750000    0.895887   -0.145887 (VIOLATED)
_12441_/A2                              0.750000    0.895885   -0.145885 (VIOLATED)
_12413_/A2                              0.750000    0.895882   -0.145882 (VIOLATED)
_12421_/A2                              0.750000    0.895882   -0.145882 (VIOLATED)
_12427_/A2                              0.750000    0.895882   -0.145882 (VIOLATED)
_12432_/A2                              0.750000    0.895882   -0.145882 (VIOLATED)
_12437_/A2                              0.750000    0.895882   -0.145882 (VIOLATED)
_12446_/A2                              0.750000    0.895882   -0.145883 (VIOLATED)
fanout1111/X                            0.750000    0.895882   -0.145882 (VIOLATED)
_17343_/S                               0.750000    0.894846   -0.144846 (VIOLATED)
_17351_/S                               0.750000    0.894845   -0.144845 (VIOLATED)
_17356_/S                               0.750000    0.894845   -0.144845 (VIOLATED)
_17359_/S                               0.750000    0.894845   -0.144845 (VIOLATED)
_17364_/S                               0.750000    0.894845   -0.144845 (VIOLATED)
fanout745/X                             0.750000    0.894845   -0.144845 (VIOLATED)
load_slew746/A                          0.750000    0.894845   -0.144845 (VIOLATED)
_14059_/A                               0.750000    0.894651   -0.144651 (VIOLATED)
_13978_/A                               0.750000    0.894650   -0.144650 (VIOLATED)
_13905_/A                               0.750000    0.894650   -0.144650 (VIOLATED)
_13904_/B1                              0.750000    0.894648   -0.144648 (VIOLATED)
_14146_/A                               0.750000    0.894644   -0.144644 (VIOLATED)
_14238_/B1                              0.750000    0.894638   -0.144638 (VIOLATED)
_13687_/B2                              0.750000    0.894634   -0.144634 (VIOLATED)
_13825_/B1                              0.750000    0.894634   -0.144634 (VIOLATED)
fanout1265/X                            0.750000    0.894634   -0.144634 (VIOLATED)
_11007_/A2                              0.750000    0.894558   -0.144558 (VIOLATED)
_10404_/A2                              0.750000    0.894557   -0.144557 (VIOLATED)
_10514_/A2                              0.750000    0.894557   -0.144557 (VIOLATED)
_11442_/A2                              0.750000    0.894557   -0.144557 (VIOLATED)
fanout1774/X                            0.750000    0.894557   -0.144557 (VIOLATED)
load_slew1775/A                         0.750000    0.894557   -0.144557 (VIOLATED)
output159/A                             0.750000    0.893275   -0.143275 (VIOLATED)
fanout1976/A                            0.750000    0.893008   -0.143008 (VIOLATED)
fanout1982/A                            0.750000    0.893006   -0.143006 (VIOLATED)
_13115_/S                               0.750000    0.892994   -0.142994 (VIOLATED)
_13246_/S                               0.750000    0.892988   -0.142988 (VIOLATED)
fanout1970/A                            0.750000    0.892973   -0.142973 (VIOLATED)
fanout1971/A                            0.750000    0.892973   -0.142973 (VIOLATED)
fanout1984/X                            0.750000    0.892973   -0.142973 (VIOLATED)
_12878_/A2                              0.750000    0.892422   -0.142422 (VIOLATED)
_12864_/A2                              0.750000    0.892421   -0.142421 (VIOLATED)
_12825_/A2                              0.750000    0.892420   -0.142420 (VIOLATED)
_12837_/A2                              0.750000    0.892418   -0.142418 (VIOLATED)
_12813_/A2                              0.750000    0.892414   -0.142414 (VIOLATED)
_12681_/B                               0.750000    0.892411   -0.142411 (VIOLATED)
_12798_/A2                              0.750000    0.892411   -0.142411 (VIOLATED)
_12756_/A2                              0.750000    0.892410   -0.142410 (VIOLATED)
_12770_/A2                              0.750000    0.892410   -0.142410 (VIOLATED)
_12783_/A2                              0.750000    0.892410   -0.142410 (VIOLATED)
fanout429/X                             0.750000    0.892410   -0.142410 (VIOLATED)
_13555_/B2                              0.750000    0.892200   -0.142200 (VIOLATED)
_15983_/B2                              0.750000    0.892200   -0.142200 (VIOLATED)
_13723_/A1                              0.750000    0.892199   -0.142199 (VIOLATED)
_13434_/B                               0.750000    0.892198   -0.142198 (VIOLATED)
_13640_/A1                              0.750000    0.892198   -0.142198 (VIOLATED)
_13966_/A3                              0.750000    0.892192   -0.142192 (VIOLATED)
_13479_/B                               0.750000    0.892191   -0.142191 (VIOLATED)
_14033_/A1                              0.750000    0.892188   -0.142188 (VIOLATED)
_14121_/A3                              0.750000    0.892188   -0.142188 (VIOLATED)
_14212_/A3                              0.750000    0.892188   -0.142188 (VIOLATED)
fanout1104/X                            0.750000    0.892188   -0.142188 (VIOLATED)
ANTENNA_23/DIODE                        0.750000    0.891957   -0.141957 (VIOLATED)
ANTENNA_21/DIODE                        0.750000    0.891955   -0.141955 (VIOLATED)
ANTENNA_19/DIODE                        0.750000    0.891954   -0.141954 (VIOLATED)
ANTENNA_17/DIODE                        0.750000    0.891953   -0.141953 (VIOLATED)
ANTENNA_13/DIODE                        0.750000    0.891952   -0.141952 (VIOLATED)
ANTENNA_14/DIODE                        0.750000    0.891952   -0.141952 (VIOLATED)
ANTENNA_15/DIODE                        0.750000    0.891952   -0.141952 (VIOLATED)
ANTENNA_16/DIODE                        0.750000    0.891952   -0.141952 (VIOLATED)
ANTENNA_18/DIODE                        0.750000    0.891952   -0.141952 (VIOLATED)
ANTENNA_20/DIODE                        0.750000    0.891952   -0.141952 (VIOLATED)
ANTENNA_22/DIODE                        0.750000    0.891952   -0.141952 (VIOLATED)
_12574_/X                               0.750000    0.891952   -0.141952 (VIOLATED)
_19745_/A1                              0.750000    0.891952   -0.141952 (VIOLATED)
_13049_/B2                              0.750000    0.891135   -0.141135 (VIOLATED)
_12025_/A2                              0.750000    0.891129   -0.141129 (VIOLATED)
_12024_/B                               0.750000    0.891104   -0.141104 (VIOLATED)
_10991_/B1                              0.750000    0.890719   -0.140719 (VIOLATED)
_11905_/B1                              0.750000    0.890719   -0.140719 (VIOLATED)
fanout1593/A                            0.750000    0.890719   -0.140719 (VIOLATED)
fanout1596/A                            0.750000    0.890719   -0.140719 (VIOLATED)
fanout1599/X                            0.750000    0.890719   -0.140719 (VIOLATED)
load_slew1600/A                         0.750000    0.890719   -0.140719 (VIOLATED)
input73/X                               0.750000    0.890556   -0.140556 (VIOLATED)
_12877_/B2                              0.750000    0.889619   -0.139619 (VIOLATED)
_12863_/B2                              0.750000    0.889619   -0.139619 (VIOLATED)
_12850_/B2                              0.750000    0.889609   -0.139609 (VIOLATED)
_13256_/A2                              0.750000    0.889600   -0.139600 (VIOLATED)
fanout1442/A                            0.750000    0.889598   -0.139598 (VIOLATED)
fanout1443/A                            0.750000    0.889598   -0.139598 (VIOLATED)
fanout1445/X                            0.750000    0.889598   -0.139598 (VIOLATED)
_16620_/S                               0.750000    0.889422   -0.139422 (VIOLATED)
_16613_/S                               0.750000    0.889420   -0.139420 (VIOLATED)
fanout643/A                             0.750000    0.889413   -0.139413 (VIOLATED)
_16629_/S                               0.750000    0.889403   -0.139403 (VIOLATED)
fanout646/X                             0.750000    0.889403   -0.139403 (VIOLATED)
load_slew647/A                          0.750000    0.889403   -0.139403 (VIOLATED)
_11976_/A1                              0.750000    0.887289   -0.137289 (VIOLATED)
_13463_/B                               0.750000    0.887289   -0.137289 (VIOLATED)
_13540_/B1                              0.750000    0.887289   -0.137289 (VIOLATED)
_13604_/B1                              0.750000    0.887289   -0.137289 (VIOLATED)
_13669_/B1                              0.750000    0.887289   -0.137289 (VIOLATED)
_13728_/A1                              0.750000    0.887289   -0.137289 (VIOLATED)
_14209_/B1                              0.750000    0.887289   -0.137289 (VIOLATED)
_14302_/B1                              0.750000    0.887289   -0.137289 (VIOLATED)
_14515_/B1                              0.750000    0.887289   -0.137289 (VIOLATED)
_14776_/C                               0.750000    0.887289   -0.137289 (VIOLATED)
fanout1503/X                            0.750000    0.887289   -0.137289 (VIOLATED)
_13446_/C                               0.750000    0.887088   -0.137088 (VIOLATED)
_13928_/B1                              0.750000    0.887086   -0.137086 (VIOLATED)
_14717_/B1                              0.750000    0.887086   -0.137086 (VIOLATED)
_13844_/C1                              0.750000    0.887070   -0.137070 (VIOLATED)
_14181_/B1                              0.750000    0.887063   -0.137063 (VIOLATED)
fanout1562/X                            0.750000    0.887063   -0.137063 (VIOLATED)
_14624_/B                               0.750000    0.886677   -0.136677 (VIOLATED)
_19425_/A                               0.750000    0.886676   -0.136677 (VIOLATED)
_19426_/A                               0.750000    0.886676   -0.136677 (VIOLATED)
_19434_/A                               0.750000    0.886676   -0.136677 (VIOLATED)
_19437_/A                               0.750000    0.886676   -0.136677 (VIOLATED)
_19468_/A                               0.750000    0.886676   -0.136677 (VIOLATED)
_19469_/A                               0.750000    0.886676   -0.136677 (VIOLATED)
_19487_/A2                              0.750000    0.886676   -0.136677 (VIOLATED)
_19543_/A2                              0.750000    0.886676   -0.136677 (VIOLATED)
_19549_/A                               0.750000    0.886676   -0.136677 (VIOLATED)
_19663_/A1                              0.750000    0.886676   -0.136677 (VIOLATED)
fanout1518/X                            0.750000    0.886676   -0.136677 (VIOLATED)
_16256_/A2                              0.750000    0.886676   -0.136676 (VIOLATED)
_14623_/Y                               0.750000    0.886652   -0.136652 (VIOLATED)
_16910_/S                               0.750000    0.884847   -0.134847 (VIOLATED)
_16927_/S                               0.750000    0.884846   -0.134846 (VIOLATED)
fanout831/X                             0.750000    0.884846   -0.134846 (VIOLATED)
load_slew833/A                          0.750000    0.884846   -0.134846 (VIOLATED)
_18656_/A2                              0.750000    0.882599   -0.132599 (VIOLATED)
_18663_/A2                              0.750000    0.882599   -0.132599 (VIOLATED)
_18664_/B                               0.750000    0.882599   -0.132599 (VIOLATED)
_18678_/A2                              0.750000    0.882599   -0.132599 (VIOLATED)
_18714_/A2                              0.750000    0.882599   -0.132599 (VIOLATED)
_18715_/B                               0.750000    0.882599   -0.132599 (VIOLATED)
_18742_/B1                              0.750000    0.882599   -0.132599 (VIOLATED)
_18807_/A2                              0.750000    0.882599   -0.132599 (VIOLATED)
fanout959/A                             0.750000    0.882599   -0.132599 (VIOLATED)
fanout960/X                             0.750000    0.882599   -0.132599 (VIOLATED)
_10953_/C                               0.750000    0.881855   -0.131855 (VIOLATED)
_10955_/S0                              0.750000    0.881855   -0.131855 (VIOLATED)
fanout2089/A                            0.750000    0.881855   -0.131855 (VIOLATED)
fanout2092/A                            0.750000    0.881855   -0.131855 (VIOLATED)
fanout2095/A                            0.750000    0.881855   -0.131855 (VIOLATED)
fanout2096/X                            0.750000    0.881855   -0.131855 (VIOLATED)
_17677_/A2                              0.750000    0.881111   -0.131111 (VIOLATED)
_17665_/A2                              0.750000    0.881108   -0.131108 (VIOLATED)
_17668_/A2                              0.750000    0.881108   -0.131108 (VIOLATED)
_17673_/A2                              0.750000    0.881107   -0.131107 (VIOLATED)
_17661_/A2                              0.750000    0.881105   -0.131105 (VIOLATED)
_17623_/A2                              0.750000    0.881104   -0.131104 (VIOLATED)
_17627_/A2                              0.750000    0.881104   -0.131104 (VIOLATED)
_17631_/A2                              0.750000    0.881104   -0.131104 (VIOLATED)
_17635_/B1                              0.750000    0.881104   -0.131104 (VIOLATED)
_17656_/A2                              0.750000    0.881104   -0.131104 (VIOLATED)
fanout326/X                             0.750000    0.881104   -0.131104 (VIOLATED)
_18687_/S                               0.750000    0.879998   -0.129998 (VIOLATED)
_18694_/S                               0.750000    0.879998   -0.129998 (VIOLATED)
_18744_/S                               0.750000    0.879998   -0.129998 (VIOLATED)
_18751_/S                               0.750000    0.879998   -0.129998 (VIOLATED)
_18758_/S                               0.750000    0.879998   -0.129998 (VIOLATED)
_18766_/S                               0.750000    0.879998   -0.129998 (VIOLATED)
_18773_/S                               0.750000    0.879998   -0.129998 (VIOLATED)
_18780_/S                               0.750000    0.879998   -0.129998 (VIOLATED)
_18787_/S                               0.750000    0.879998   -0.129998 (VIOLATED)
_18794_/S                               0.750000    0.879998   -0.129998 (VIOLATED)
fanout473/X                             0.750000    0.879998   -0.129998 (VIOLATED)
_18619_/S                               0.750000    0.879839   -0.129839 (VIOLATED)
_18970_/S                               0.750000    0.879833   -0.129833 (VIOLATED)
_18976_/S                               0.750000    0.879829   -0.129829 (VIOLATED)
_18986_/S                               0.750000    0.879826   -0.129826 (VIOLATED)
wire1317/A                              0.750000    0.879825   -0.129825 (VIOLATED)
_18988_/S                               0.750000    0.879822   -0.129822 (VIOLATED)
_18994_/S                               0.750000    0.879822   -0.129822 (VIOLATED)
fanout1316/X                            0.750000    0.879822   -0.129822 (VIOLATED)
_12360_/B                               0.750000    0.879783   -0.129783 (VIOLATED)
_17882_/A                               0.750000    0.879782   -0.129782 (VIOLATED)
_17883_/A                               0.750000    0.879782   -0.129782 (VIOLATED)
_17969_/B                               0.750000    0.879781   -0.129781 (VIOLATED)
_17897_/A1                              0.750000    0.879779   -0.129779 (VIOLATED)
_18604_/B1                              0.750000    0.879779   -0.129779 (VIOLATED)
_18010_/C                               0.750000    0.879779   -0.129779 (VIOLATED)
_17971_/A1                              0.750000    0.879776   -0.129776 (VIOLATED)
_18200_/A                               0.750000    0.879775   -0.129775 (VIOLATED)
_18216_/B2                              0.750000    0.879775   -0.129775 (VIOLATED)
fanout1288/X                            0.750000    0.879775   -0.129775 (VIOLATED)
_17908_/S                               0.750000    0.878993   -0.128993 (VIOLATED)
_17909_/S                               0.750000    0.878993   -0.128993 (VIOLATED)
_17912_/S                               0.750000    0.878993   -0.128993 (VIOLATED)
_17913_/S                               0.750000    0.878993   -0.128993 (VIOLATED)
fanout394/A                             0.750000    0.878993   -0.128993 (VIOLATED)
fanout398/A                             0.750000    0.878993   -0.128993 (VIOLATED)
fanout400/X                             0.750000    0.878993   -0.128993 (VIOLATED)
_18857_/S                               0.750000    0.878317   -0.128317 (VIOLATED)
_18946_/B                               0.750000    0.878317   -0.128317 (VIOLATED)
_18941_/A                               0.750000    0.878316   -0.128316 (VIOLATED)
_18945_/A2                              0.750000    0.878315   -0.128315 (VIOLATED)
_18815_/B                               0.750000    0.878313   -0.128314 (VIOLATED)
_18814_/A2                              0.750000    0.878313   -0.128313 (VIOLATED)
_18793_/A2                              0.750000    0.878311   -0.128311 (VIOLATED)
_18800_/A2                              0.750000    0.878310   -0.128310 (VIOLATED)
_18686_/B                               0.750000    0.878310   -0.128310 (VIOLATED)
_18757_/A2                              0.750000    0.878310   -0.128310 (VIOLATED)
fanout959/X                             0.750000    0.878310   -0.128310 (VIOLATED)
_14229_/S                               0.750000    0.878291   -0.128291 (VIOLATED)
_15615_/S                               0.750000    0.878285   -0.128285 (VIOLATED)
_15103_/S                               0.750000    0.878284   -0.128284 (VIOLATED)
_15905_/S                               0.750000    0.878284   -0.128284 (VIOLATED)
_16356_/S                               0.750000    0.878284   -0.128284 (VIOLATED)
fanout868/X                             0.750000    0.878284   -0.128284 (VIOLATED)
load_slew869/A                          0.750000    0.878284   -0.128284 (VIOLATED)
_18981_/S                               0.750000    0.878250   -0.128250 (VIOLATED)
_18983_/S                               0.750000    0.878250   -0.128250 (VIOLATED)
_18993_/S                               0.750000    0.878250   -0.128250 (VIOLATED)
_18999_/S                               0.750000    0.878250   -0.128250 (VIOLATED)
_19005_/S                               0.750000    0.878250   -0.128250 (VIOLATED)
_19007_/S                               0.750000    0.878250   -0.128250 (VIOLATED)
_19009_/S                               0.750000    0.878250   -0.128250 (VIOLATED)
_19011_/S                               0.750000    0.878250   -0.128250 (VIOLATED)
_19013_/S                               0.750000    0.878250   -0.128250 (VIOLATED)
_19026_/S                               0.750000    0.878250   -0.128250 (VIOLATED)
fanout1033/X                            0.750000    0.878250   -0.128250 (VIOLATED)
fanout1435/A                            0.750000    0.877613   -0.127613 (VIOLATED)
_12888_/A                               0.750000    0.877610   -0.127610 (VIOLATED)
_12916_/A2                              0.750000    0.877609   -0.127609 (VIOLATED)
_13252_/A2                              0.750000    0.877609   -0.127609 (VIOLATED)
_12685_/B                               0.750000    0.877591   -0.127591 (VIOLATED)
_13092_/A                               0.750000    0.877591   -0.127591 (VIOLATED)
_13025_/A                               0.750000    0.877591   -0.127591 (VIOLATED)
_13038_/A                               0.750000    0.877591   -0.127591 (VIOLATED)
_13053_/A2                              0.750000    0.877591   -0.127591 (VIOLATED)
fanout1436/X                            0.750000    0.877591   -0.127591 (VIOLATED)
_12795_/A                               0.750000    0.876279   -0.126279 (VIOLATED)
_12796_/A1                              0.750000    0.876279   -0.126279 (VIOLATED)
_10881_/B1                              0.750000    0.876226   -0.126226 (VIOLATED)
_09938_/B                               0.750000    0.876224   -0.126224 (VIOLATED)
_09936_/A2                              0.750000    0.876223   -0.126223 (VIOLATED)
_09935_/A2                              0.750000    0.876222   -0.126222 (VIOLATED)
_13964_/B                               0.750000    0.876221   -0.126221 (VIOLATED)
_09914_/B                               0.750000    0.876219   -0.126219 (VIOLATED)
_10879_/X                               0.750000    0.876215   -0.126215 (VIOLATED)
_10880_/A                               0.750000    0.876215   -0.126215 (VIOLATED)
_09947_/B                               0.750000    0.876195   -0.126195 (VIOLATED)
_09929_/A_N                             0.750000    0.876184   -0.126184 (VIOLATED)
_09928_/A_N                             0.750000    0.876177   -0.126177 (VIOLATED)
_10092_/B                               0.750000    0.876148   -0.126148 (VIOLATED)
ANTENNA_85/DIODE                        0.750000    0.876144   -0.126144 (VIOLATED)
_18251_/A0                              0.750000    0.876043   -0.126044 (VIOLATED)
_10470_/C1                              0.750000    0.875982   -0.125982 (VIOLATED)
_19495_/B2                              0.750000    0.875978   -0.125978 (VIOLATED)
_21607_/Q                               0.750000    0.875978   -0.125978 (VIOLATED)
_10525_/C1                              0.750000    0.875971   -0.125971 (VIOLATED)
_11266_/B1                              0.750000    0.875958   -0.125958 (VIOLATED)
_10587_/C1                              0.750000    0.875946   -0.125946 (VIOLATED)
fanout1940/X                            0.750000    0.875946   -0.125946 (VIOLATED)
load_slew1941/A                         0.750000    0.875946   -0.125946 (VIOLATED)
_17440_/A1                              0.750000    0.875340   -0.125340 (VIOLATED)
_17567_/A1                              0.750000    0.875337   -0.125337 (VIOLATED)
_12946_/A3                              0.750000    0.875333   -0.125334 (VIOLATED)
_13139_/A1                              0.750000    0.875333   -0.125334 (VIOLATED)
_17919_/A0                              0.750000    0.875333   -0.125334 (VIOLATED)
_17952_/A0                              0.750000    0.875333   -0.125334 (VIOLATED)
_18061_/B2                              0.750000    0.875333   -0.125334 (VIOLATED)
_18106_/A0                              0.750000    0.875333   -0.125334 (VIOLATED)
_18141_/A0                              0.750000    0.875333   -0.125334 (VIOLATED)
_18351_/A1                              0.750000    0.875333   -0.125334 (VIOLATED)
fanout935/X                             0.750000    0.875333   -0.125334 (VIOLATED)
_11539_/B2                              0.750000    0.875258   -0.125258 (VIOLATED)
_11462_/C                               0.750000    0.875257   -0.125257 (VIOLATED)
_11548_/A                               0.750000    0.875256   -0.125256 (VIOLATED)
_11547_/A1                              0.750000    0.875256   -0.125256 (VIOLATED)
_11552_/C                               0.750000    0.875256   -0.125256 (VIOLATED)
_11553_/A                               0.750000    0.875256   -0.125256 (VIOLATED)
fanout2149/A                            0.750000    0.875256   -0.125256 (VIOLATED)
fanout2151/X                            0.750000    0.875256   -0.125256 (VIOLATED)
_14376_/A                               0.750000    0.875025   -0.125025 (VIOLATED)
_14264_/B2                              0.750000    0.875020   -0.125020 (VIOLATED)
_13993_/B2                              0.750000    0.875002   -0.125002 (VIOLATED)
max_cap1246/A                           0.750000    0.874978   -0.124978 (VIOLATED)
_13754_/B2                              0.750000    0.874961   -0.124961 (VIOLATED)
_13683_/X                               0.750000    0.874948   -0.124948 (VIOLATED)
fanout321/A                             0.750000    0.873013   -0.123013 (VIOLATED)
_17861_/B1                              0.750000    0.873012   -0.123012 (VIOLATED)
_17865_/B1                              0.750000    0.873012   -0.123012 (VIOLATED)
_17869_/B1                              0.750000    0.873012   -0.123012 (VIOLATED)
_17873_/B1                              0.750000    0.873012   -0.123012 (VIOLATED)
fanout322/A                             0.750000    0.873012   -0.123012 (VIOLATED)
fanout323/A                             0.750000    0.873012   -0.123012 (VIOLATED)
fanout325/X                             0.750000    0.873012   -0.123012 (VIOLATED)
_19449_/B                               0.750000    0.872997   -0.122997 (VIOLATED)
_19530_/B                               0.750000    0.872997   -0.122997 (VIOLATED)
_19576_/A                               0.750000    0.872997   -0.122997 (VIOLATED)
_19584_/A2                              0.750000    0.872997   -0.122997 (VIOLATED)
_19661_/B1                              0.750000    0.872997   -0.122997 (VIOLATED)
_19668_/A2                              0.750000    0.872997   -0.122997 (VIOLATED)
_19671_/C1                              0.750000    0.872997   -0.122997 (VIOLATED)
_19674_/A2                              0.750000    0.872997   -0.122997 (VIOLATED)
_19683_/B                               0.750000    0.872997   -0.122997 (VIOLATED)
_19690_/A2                              0.750000    0.872997   -0.122997 (VIOLATED)
fanout1413/X                            0.750000    0.872997   -0.122997 (VIOLATED)
_18728_/B1                              0.750000    0.872033   -0.122033 (VIOLATED)
_18722_/A2                              0.750000    0.872032   -0.122032 (VIOLATED)
_18713_/B1                              0.750000    0.872031   -0.122031 (VIOLATED)
_18684_/B1                              0.750000    0.872030   -0.122030 (VIOLATED)
_18706_/B1                              0.750000    0.872029   -0.122029 (VIOLATED)
_18655_/B1                              0.750000    0.872027   -0.122027 (VIOLATED)
_18662_/B1                              0.750000    0.872027   -0.122027 (VIOLATED)
_18671_/A2                              0.750000    0.872027   -0.122027 (VIOLATED)
_18677_/B1                              0.750000    0.872027   -0.122027 (VIOLATED)
_18735_/B1                              0.750000    0.872027   -0.122027 (VIOLATED)
fanout906/X                             0.750000    0.872027   -0.122027 (VIOLATED)
_13649_/B1                              0.750000    0.870776   -0.120776 (VIOLATED)
_13769_/A2                              0.750000    0.870776   -0.120776 (VIOLATED)
_13841_/A                               0.750000    0.870776   -0.120776 (VIOLATED)
_13922_/A                               0.750000    0.870776   -0.120776 (VIOLATED)
_13923_/B2                              0.750000    0.870776   -0.120776 (VIOLATED)
_14078_/A                               0.750000    0.870776   -0.120776 (VIOLATED)
_14080_/A                               0.750000    0.870776   -0.120776 (VIOLATED)
_14358_/B2                              0.750000    0.870776   -0.120776 (VIOLATED)
_14360_/A                               0.750000    0.870776   -0.120776 (VIOLATED)
_14457_/A1                              0.750000    0.870776   -0.120776 (VIOLATED)
fanout1251/X                            0.750000    0.870776   -0.120776 (VIOLATED)
_13455_/B                               0.750000    0.869821   -0.119821 (VIOLATED)
_13529_/A1                              0.750000    0.869821   -0.119821 (VIOLATED)
_13598_/A                               0.750000    0.869821   -0.119821 (VIOLATED)
_13599_/A                               0.750000    0.869821   -0.119821 (VIOLATED)
_13600_/A1                              0.750000    0.869821   -0.119821 (VIOLATED)
_13649_/B2                              0.750000    0.869821   -0.119821 (VIOLATED)
_13677_/A                               0.750000    0.869821   -0.119821 (VIOLATED)
_13678_/A                               0.750000    0.869821   -0.119821 (VIOLATED)
_13679_/A1                              0.750000    0.869821   -0.119821 (VIOLATED)
_13774_/A                               0.750000    0.869821   -0.119821 (VIOLATED)
fanout1165/X                            0.750000    0.869821   -0.119821 (VIOLATED)
_21764_/A                               0.750000    0.869778   -0.119778 (VIOLATED)
ANTENNA_24/DIODE                        0.750000    0.869605   -0.119605 (VIOLATED)
_12251_/B                               0.750000    0.869600   -0.119600 (VIOLATED)
_19004_/A1                              0.750000    0.869558   -0.119558 (VIOLATED)
ANTENNA_25/DIODE                        0.750000    0.869558   -0.119558 (VIOLATED)
max_cap514/A                            0.750000    0.869526   -0.119526 (VIOLATED)
_12223_/X                               0.750000    0.869523   -0.119523 (VIOLATED)
fanout743/A                             0.750000    0.869453   -0.119453 (VIOLATED)
wire749/A                               0.750000    0.869429   -0.119429 (VIOLATED)
fanout740/A                             0.750000    0.869428   -0.119428 (VIOLATED)
_17332_/Y                               0.750000    0.869425   -0.119425 (VIOLATED)
_09855_/A                               0.750000    0.867575   -0.117575 (VIOLATED)
_09875_/B2                              0.750000    0.867575   -0.117575 (VIOLATED)
_12002_/A1                              0.750000    0.867575   -0.117575 (VIOLATED)
_12329_/A2                              0.750000    0.867575   -0.117575 (VIOLATED)
_12366_/A1                              0.750000    0.867575   -0.117575 (VIOLATED)
_12369_/A1                              0.750000    0.867575   -0.117575 (VIOLATED)
_17892_/A                               0.750000    0.867575   -0.117575 (VIOLATED)
_17979_/A1                              0.750000    0.867575   -0.117575 (VIOLATED)
_18009_/A1                              0.750000    0.867575   -0.117575 (VIOLATED)
_18602_/B2                              0.750000    0.867575   -0.117575 (VIOLATED)
fanout2316/X                            0.750000    0.867575   -0.117575 (VIOLATED)
_10804_/B                               0.750000    0.867131   -0.117131 (VIOLATED)
_12174_/A1                              0.750000    0.867131   -0.117131 (VIOLATED)
_13606_/A                               0.750000    0.867131   -0.117131 (VIOLATED)
_15515_/A                               0.750000    0.867131   -0.117131 (VIOLATED)
fanout1472/A                            0.750000    0.867131   -0.117131 (VIOLATED)
fanout1473/X                            0.750000    0.867131   -0.117131 (VIOLATED)
fanout1245/A                            0.750000    0.865518   -0.115518 (VIOLATED)
fanout1244/A                            0.750000    0.865509   -0.115509 (VIOLATED)
_13684_/X                               0.750000    0.865485   -0.115485 (VIOLATED)
load_slew2129/A                         0.750000    0.865197   -0.115197 (VIOLATED)
load_slew2130/A                         0.750000    0.865197   -0.115197 (VIOLATED)
_11349_/B1                              0.750000    0.865196   -0.115196 (VIOLATED)
_19601_/A1                              0.750000    0.865159   -0.115159 (VIOLATED)
fanout2128/X                            0.750000    0.865159   -0.115159 (VIOLATED)
_11723_/A1                              0.750000    0.863960   -0.113960 (VIOLATED)
_11459_/B                               0.750000    0.863960   -0.113960 (VIOLATED)
_11462_/A_N                             0.750000    0.863959   -0.113959 (VIOLATED)
_11145_/S1                              0.750000    0.863956   -0.113956 (VIOLATED)
_11157_/S1                              0.750000    0.863949   -0.113949 (VIOLATED)
fanout2186/A                            0.750000    0.863949   -0.113949 (VIOLATED)
fanout2190/A                            0.750000    0.863949   -0.113949 (VIOLATED)
fanout2192/X                            0.750000    0.863949   -0.113949 (VIOLATED)
_13927_/B                               0.750000    0.863799   -0.113799 (VIOLATED)
_14000_/B                               0.750000    0.863799   -0.113799 (VIOLATED)
_14085_/B                               0.750000    0.863799   -0.113799 (VIOLATED)
_14170_/B                               0.750000    0.863799   -0.113799 (VIOLATED)
_14261_/A                               0.750000    0.863799   -0.113799 (VIOLATED)
_14364_/A                               0.750000    0.863799   -0.113799 (VIOLATED)
_14462_/A                               0.750000    0.863799   -0.113799 (VIOLATED)
fanout1163/X                            0.750000    0.863799   -0.113799 (VIOLATED)
_10342_/A3                              0.750000    0.862960   -0.112960 (VIOLATED)
_10394_/A3                              0.750000    0.862960   -0.112960 (VIOLATED)
_10097_/Y                               0.750000    0.862951   -0.112951 (VIOLATED)
_12601_/A1                              0.750000    0.862498   -0.112498 (VIOLATED)
_12622_/A0                              0.750000    0.862497   -0.112497 (VIOLATED)
_11020_/Y                               0.750000    0.862495   -0.112495 (VIOLATED)
max_cap1371/A                           0.750000    0.862495   -0.112495 (VIOLATED)
_10276_/A2                              0.750000    0.860790   -0.110790 (VIOLATED)
_18994_/A0                              0.750000    0.860789   -0.110789 (VIOLATED)
_10329_/B1                              0.750000    0.860784   -0.110784 (VIOLATED)
_10244_/A2                              0.750000    0.860782   -0.110782 (VIOLATED)
_10847_/B1                              0.750000    0.860780   -0.110780 (VIOLATED)
_10857_/B1                              0.750000    0.860779   -0.110779 (VIOLATED)
_10072_/A                               0.750000    0.860763   -0.110763 (VIOLATED)
fanout1831/X                            0.750000    0.860763   -0.110763 (VIOLATED)
load_slew1832/A                         0.750000    0.860763   -0.110763 (VIOLATED)
_12606_/B2                              0.750000    0.860712   -0.110712 (VIOLATED)
_12628_/A1                              0.750000    0.860706   -0.110706 (VIOLATED)
_12663_/B2                              0.750000    0.860706   -0.110706 (VIOLATED)
_10242_/X                               0.750000    0.860703   -0.110703 (VIOLATED)
_14982_/B1                              0.750000    0.860466   -0.110466 (VIOLATED)
_15201_/A                               0.750000    0.860466   -0.110466 (VIOLATED)
_18813_/A1                              0.750000    0.860466   -0.110466 (VIOLATED)
_18835_/A1                              0.750000    0.860466   -0.110466 (VIOLATED)
_18842_/A1                              0.750000    0.860466   -0.110466 (VIOLATED)
_18849_/A1                              0.750000    0.860466   -0.110466 (VIOLATED)
_18856_/A1                              0.750000    0.860466   -0.110466 (VIOLATED)
_18870_/A1                              0.750000    0.860466   -0.110466 (VIOLATED)
_18877_/A1                              0.750000    0.860466   -0.110466 (VIOLATED)
_18968_/B1                              0.750000    0.860466   -0.110466 (VIOLATED)
fanout1323/X                            0.750000    0.860466   -0.110466 (VIOLATED)
_11234_/B1                              0.750000    0.858813   -0.108813 (VIOLATED)
_11049_/A1                              0.750000    0.858811   -0.108811 (VIOLATED)
_11477_/A1                              0.750000    0.858811   -0.108811 (VIOLATED)
_11666_/B1                              0.750000    0.858811   -0.108811 (VIOLATED)
fanout1682/A                            0.750000    0.858811   -0.108811 (VIOLATED)
fanout1684/X                            0.750000    0.858811   -0.108811 (VIOLATED)
load_slew1685/A                         0.750000    0.858811   -0.108811 (VIOLATED)
_12521_/A1                              0.750000    0.857632   -0.107632 (VIOLATED)
_19735_/A1                              0.750000    0.857629   -0.107629 (VIOLATED)
max_cap497/A                            0.750000    0.857590   -0.107590 (VIOLATED)
_21771_/A                               0.750000    0.857581   -0.107581 (VIOLATED)
_19019_/A1                              0.750000    0.857580   -0.107580 (VIOLATED)
_12250_/B                               0.750000    0.857580   -0.107580 (VIOLATED)
_11569_/Y                               0.750000    0.857578   -0.107578 (VIOLATED)
_17974_/B                               0.750000    0.857436   -0.107436 (VIOLATED)
_18155_/S                               0.750000    0.857436   -0.107436 (VIOLATED)
_18162_/S                               0.750000    0.857436   -0.107436 (VIOLATED)
_18163_/S                               0.750000    0.857436   -0.107436 (VIOLATED)
_18225_/A2                              0.750000    0.857436   -0.107436 (VIOLATED)
_18232_/A2                              0.750000    0.857436   -0.107436 (VIOLATED)
fanout977/A                             0.750000    0.857436   -0.107436 (VIOLATED)
fanout979/X                             0.750000    0.857436   -0.107436 (VIOLATED)
_09859_/A                               0.750000    0.855763   -0.105763 (VIOLATED)
_19708_/A1                              0.750000    0.855763   -0.105763 (VIOLATED)
_13300_/D                               0.750000    0.855762   -0.105762 (VIOLATED)
_19752_/A1                              0.750000    0.855761   -0.105761 (VIOLATED)
_13228_/A1                              0.750000    0.855751   -0.105751 (VIOLATED)
input35/X                               0.750000    0.855638   -0.105638 (VIOLATED)
fanout2034/A                            0.750000    0.853826   -0.103826 (VIOLATED)
_09882_/A_N                             0.750000    0.853807   -0.103807 (VIOLATED)
_09884_/B                               0.750000    0.853807   -0.103807 (VIOLATED)
_09886_/A                               0.750000    0.853807   -0.103807 (VIOLATED)
fanout2039/A                            0.750000    0.853807   -0.103807 (VIOLATED)
fanout2041/X                            0.750000    0.853807   -0.103807 (VIOLATED)
_12044_/B                               0.750000    0.853044   -0.103044 (VIOLATED)
_12157_/B                               0.750000    0.853044   -0.103044 (VIOLATED)
_10455_/Y                               0.750000    0.853037   -0.103037 (VIOLATED)
max_cap1592/A                           0.750000    0.853037   -0.103037 (VIOLATED)
_18193_/S                               0.750000    0.852634   -0.102634 (VIOLATED)
_18351_/A2                              0.750000    0.852634   -0.102634 (VIOLATED)
_18396_/A2                              0.750000    0.852634   -0.102634 (VIOLATED)
fanout981/A                             0.750000    0.852634   -0.102634 (VIOLATED)
fanout983/A                             0.750000    0.852634   -0.102634 (VIOLATED)
fanout986/A                             0.750000    0.852634   -0.102634 (VIOLATED)
fanout988/X                             0.750000    0.852634   -0.102634 (VIOLATED)
_17310_/S                               0.750000    0.852348   -0.102348 (VIOLATED)
_17318_/S                               0.750000    0.852347   -0.102347 (VIOLATED)
_17323_/S                               0.750000    0.852347   -0.102347 (VIOLATED)
_17326_/S                               0.750000    0.852347   -0.102347 (VIOLATED)
_17331_/S                               0.750000    0.852347   -0.102347 (VIOLATED)
fanout755/X                             0.750000    0.852347   -0.102347 (VIOLATED)
load_slew756/A                          0.750000    0.852347   -0.102347 (VIOLATED)
fanout834/A                             0.750000    0.852299   -0.102300 (VIOLATED)
fanout831/A                             0.750000    0.852210   -0.102210 (VIOLATED)
_17006_/S                               0.750000    0.852200   -0.102200 (VIOLATED)
_17009_/S                               0.750000    0.852200   -0.102200 (VIOLATED)
_17012_/S                               0.750000    0.852200   -0.102200 (VIOLATED)
fanout554/X                             0.750000    0.852200   -0.102200 (VIOLATED)
load_slew555/A                          0.750000    0.852200   -0.102200 (VIOLATED)
wire556/A                               0.750000    0.852200   -0.102200 (VIOLATED)
_18901_/A1                              0.750000    0.852155   -0.102155 (VIOLATED)
_14899_/B                               0.750000    0.852155   -0.102155 (VIOLATED)
_16309_/A1                              0.750000    0.852155   -0.102155 (VIOLATED)
_16134_/A1                              0.750000    0.852155   -0.102155 (VIOLATED)
_14900_/B                               0.750000    0.852155   -0.102155 (VIOLATED)
_15329_/A1                              0.750000    0.852155   -0.102155 (VIOLATED)
_15426_/A1                              0.750000    0.852155   -0.102155 (VIOLATED)
_15860_/A1                              0.750000    0.852155   -0.102155 (VIOLATED)
_15949_/A1                              0.750000    0.852155   -0.102155 (VIOLATED)
_16042_/A1                              0.750000    0.852155   -0.102155 (VIOLATED)
fanout1145/X                            0.750000    0.852155   -0.102155 (VIOLATED)
fanout829/A                             0.750000    0.852077   -0.102077 (VIOLATED)
fanout826/A                             0.750000    0.852038   -0.102038 (VIOLATED)
_15803_/A1                              0.750000    0.851894   -0.101894 (VIOLATED)
_15897_/A1                              0.750000    0.851894   -0.101894 (VIOLATED)
_16080_/A1                              0.750000    0.851894   -0.101894 (VIOLATED)
_16170_/A1                              0.750000    0.851892   -0.101892 (VIOLATED)
_13794_/A1                              0.750000    0.851890   -0.101890 (VIOLATED)
_15707_/A1                              0.750000    0.851883   -0.101883 (VIOLATED)
_13433_/A                               0.750000    0.851882   -0.101882 (VIOLATED)
_13870_/B1_N                            0.750000    0.851881   -0.101881 (VIOLATED)
_14517_/B1                              0.750000    0.851879   -0.101879 (VIOLATED)
_14631_/A1                              0.750000    0.851879   -0.101879 (VIOLATED)
fanout1170/X                            0.750000    0.851879   -0.101879 (VIOLATED)
_16902_/X                               0.750000    0.851758   -0.101758 (VIOLATED)
_09982_/B                               0.750000    0.851756   -0.101756 (VIOLATED)
_10006_/A                               0.750000    0.851756   -0.101756 (VIOLATED)
_10026_/A1                              0.750000    0.851756   -0.101756 (VIOLATED)
_09987_/B                               0.750000    0.851755   -0.101755 (VIOLATED)
_10093_/A                               0.750000    0.851754   -0.101754 (VIOLATED)
_09918_/A                               0.750000    0.851754   -0.101754 (VIOLATED)
_09941_/B                               0.750000    0.851754   -0.101754 (VIOLATED)
_09968_/A_N                             0.750000    0.851754   -0.101754 (VIOLATED)
_12066_/A                               0.750000    0.851754   -0.101754 (VIOLATED)
_12070_/B1                              0.750000    0.851754   -0.101754 (VIOLATED)
fanout2286/X                            0.750000    0.851754   -0.101754 (VIOLATED)
_19920_/RESET_B                         0.750000    0.851235   -0.101235 (VIOLATED)
_19921_/RESET_B                         0.750000    0.851235   -0.101235 (VIOLATED)
_21074_/RESET_B                         0.750000    0.851235   -0.101235 (VIOLATED)
_21084_/RESET_B                         0.750000    0.851235   -0.101235 (VIOLATED)
_21101_/RESET_B                         0.750000    0.851235   -0.101235 (VIOLATED)
fanout2391/A                            0.750000    0.851235   -0.101235 (VIOLATED)
fanout2393/A                            0.750000    0.851235   -0.101235 (VIOLATED)
fanout2394/X                            0.750000    0.851235   -0.101235 (VIOLATED)
_10381_/A1                              0.750000    0.850981   -0.100981 (VIOLATED)
_10596_/B2                              0.750000    0.850981   -0.100981 (VIOLATED)
_10617_/B2                              0.750000    0.850981   -0.100981 (VIOLATED)
_11297_/A1                              0.750000    0.850981   -0.100981 (VIOLATED)
_11347_/B1                              0.750000    0.850981   -0.100981 (VIOLATED)
fanout1616/X                            0.750000    0.850981   -0.100981 (VIOLATED)
load_slew1617/A                         0.750000    0.850981   -0.100981 (VIOLATED)
_18454_/S                               0.750000    0.850599   -0.100599 (VIOLATED)
_18459_/S                               0.750000    0.850599   -0.100599 (VIOLATED)
_18488_/S                               0.750000    0.850599   -0.100599 (VIOLATED)
_18512_/S                               0.750000    0.850599   -0.100599 (VIOLATED)
_18522_/S                               0.750000    0.850599   -0.100599 (VIOLATED)
_18616_/A3                              0.750000    0.850599   -0.100599 (VIOLATED)
_18619_/A0                              0.750000    0.850599   -0.100599 (VIOLATED)
fanout1146/A                            0.750000    0.850599   -0.100599 (VIOLATED)
fanout1147/A                            0.750000    0.850599   -0.100599 (VIOLATED)
fanout1148/X                            0.750000    0.850599   -0.100599 (VIOLATED)
_19629_/A1                              0.750000    0.849820   -0.099820 (VIOLATED)
_19693_/A                               0.750000    0.849817   -0.099817 (VIOLATED)
fanout293/A                             0.750000    0.849799   -0.099799 (VIOLATED)
_19495_/B1                              0.750000    0.849796   -0.099796 (VIOLATED)
fanout291/A                             0.750000    0.849787   -0.099787 (VIOLATED)
fanout294/X                             0.750000    0.849787   -0.099787 (VIOLATED)
fanout646/A                             0.750000    0.849719   -0.099719 (VIOLATED)
load_slew649/A                          0.750000    0.849688   -0.099688 (VIOLATED)
fanout640/A                             0.750000    0.849681   -0.099681 (VIOLATED)
fanout648/X                             0.750000    0.849681   -0.099681 (VIOLATED)
_12548_/A2                              0.750000    0.848819   -0.098819 (VIOLATED)
_12520_/A2                              0.750000    0.848813   -0.098813 (VIOLATED)
_12505_/A2                              0.750000    0.848812   -0.098812 (VIOLATED)
_12515_/A2                              0.750000    0.848812   -0.098812 (VIOLATED)
_12531_/A2                              0.750000    0.848812   -0.098812 (VIOLATED)
_12554_/B1                              0.750000    0.848812   -0.098812 (VIOLATED)
fanout1032/X                            0.750000    0.848812   -0.098812 (VIOLATED)
_18796_/C1                              0.750000    0.848023   -0.098023 (VIOLATED)
fanout1904/A                            0.750000    0.848023   -0.098023 (VIOLATED)
_18803_/C1                              0.750000    0.848023   -0.098023 (VIOLATED)
_18739_/C1                              0.750000    0.848015   -0.098015 (VIOLATED)
_18667_/C1                              0.750000    0.848014   -0.098014 (VIOLATED)
_18725_/C1                              0.750000    0.848012   -0.098012 (VIOLATED)
_18732_/C1                              0.750000    0.848012   -0.098012 (VIOLATED)
fanout1902/A                            0.750000    0.848012   -0.098012 (VIOLATED)
fanout1905/X                            0.750000    0.848012   -0.098012 (VIOLATED)
_12019_/B2                              0.750000    0.847520   -0.097520 (VIOLATED)
_12383_/A2                              0.750000    0.847520   -0.097520 (VIOLATED)
_12922_/B2                              0.750000    0.847520   -0.097520 (VIOLATED)
input78/X                               0.750000    0.847520   -0.097520 (VIOLATED)
wire594/A                               0.750000    0.846881   -0.096881 (VIOLATED)
fanout588/A                             0.750000    0.846870   -0.096870 (VIOLATED)
fanout585/A                             0.750000    0.846861   -0.096861 (VIOLATED)
fanout593/X                             0.750000    0.846861   -0.096861 (VIOLATED)
_10185_/B2                              0.750000    0.846585   -0.096585 (VIOLATED)
_10766_/A1                              0.750000    0.846585   -0.096585 (VIOLATED)
_12065_/B                               0.750000    0.846585   -0.096585 (VIOLATED)
_13298_/A_N                             0.750000    0.846585   -0.096585 (VIOLATED)
_13299_/A_N                             0.750000    0.846585   -0.096585 (VIOLATED)
_16357_/B                               0.750000    0.846585   -0.096585 (VIOLATED)
_16358_/B                               0.750000    0.846585   -0.096585 (VIOLATED)
_16395_/B                               0.750000    0.846585   -0.096585 (VIOLATED)
_16428_/B                               0.750000    0.846585   -0.096585 (VIOLATED)
_16834_/B                               0.750000    0.846585   -0.096585 (VIOLATED)
fanout2305/X                            0.750000    0.846585   -0.096585 (VIOLATED)
_17208_/S                               0.750000    0.846391   -0.096392 (VIOLATED)
_17224_/S                               0.750000    0.846384   -0.096384 (VIOLATED)
_17207_/S                               0.750000    0.846382   -0.096382 (VIOLATED)
_17205_/S                               0.750000    0.846380   -0.096380 (VIOLATED)
_17232_/S                               0.750000    0.846380   -0.096380 (VIOLATED)
fanout780/X                             0.750000    0.846380   -0.096380 (VIOLATED)
load_slew781/A                          0.750000    0.846380   -0.096380 (VIOLATED)
_12824_/B2                              0.750000    0.846292   -0.096292 (VIOLATED)
_12836_/B2                              0.750000    0.846292   -0.096292 (VIOLATED)
_12812_/B2                              0.750000    0.846289   -0.096289 (VIOLATED)
_12681_/A                               0.750000    0.846287   -0.096287 (VIOLATED)
_12797_/B2                              0.750000    0.846286   -0.096286 (VIOLATED)
_12782_/B2                              0.750000    0.846283   -0.096284 (VIOLATED)
_12729_/B2                              0.750000    0.846281   -0.096281 (VIOLATED)
_12743_/B2                              0.750000    0.846281   -0.096281 (VIOLATED)
_12755_/B2                              0.750000    0.846281   -0.096281 (VIOLATED)
_12769_/B2                              0.750000    0.846281   -0.096281 (VIOLATED)
fanout1442/X                            0.750000    0.846281   -0.096281 (VIOLATED)
fanout1530/A                            0.750000    0.844351   -0.094351 (VIOLATED)
fanout1531/A                            0.750000    0.844346   -0.094346 (VIOLATED)
fanout1532/A                            0.750000    0.844327   -0.094327 (VIOLATED)
_09946_/A                               0.750000    0.844321   -0.094321 (VIOLATED)
_10649_/C1                              0.750000    0.844321   -0.094321 (VIOLATED)
fanout1533/X                            0.750000    0.844321   -0.094321 (VIOLATED)
_11398_/B1                              0.750000    0.844241   -0.094241 (VIOLATED)
fanout1249/A                            0.750000    0.844223   -0.094223 (VIOLATED)
_14711_/A                               0.750000    0.844219   -0.094219 (VIOLATED)
_14713_/A                               0.750000    0.844219   -0.094219 (VIOLATED)
_10545_/A1                              0.750000    0.844212   -0.094212 (VIOLATED)
_10553_/A                               0.750000    0.844209   -0.094209 (VIOLATED)
_10546_/C_N                             0.750000    0.844209   -0.094209 (VIOLATED)
_10547_/C_N                             0.750000    0.844208   -0.094208 (VIOLATED)
_10549_/A                               0.750000    0.844208   -0.094208 (VIOLATED)
_13655_/B                               0.750000    0.844207   -0.094207 (VIOLATED)
_13766_/B                               0.750000    0.844207   -0.094207 (VIOLATED)
fanout1250/X                            0.750000    0.844207   -0.094207 (VIOLATED)
_11952_/S1                              0.750000    0.844202   -0.094202 (VIOLATED)
_11953_/S1                              0.750000    0.844201   -0.094201 (VIOLATED)
_11483_/A1                              0.750000    0.844192   -0.094192 (VIOLATED)
fanout2140/X                            0.750000    0.844192   -0.094192 (VIOLATED)
_19014_/A0                              0.750000    0.844138   -0.094138 (VIOLATED)
ANTENNA_10/DIODE                        0.750000    0.844136   -0.094136 (VIOLATED)
_18590_/A3                              0.750000    0.843907   -0.093907 (VIOLATED)
_18554_/A3                              0.750000    0.843906   -0.093906 (VIOLATED)
_18556_/A3                              0.750000    0.843906   -0.093906 (VIOLATED)
_18558_/A3                              0.750000    0.843906   -0.093906 (VIOLATED)
_18560_/A3                              0.750000    0.843906   -0.093906 (VIOLATED)
_18564_/A3                              0.750000    0.843906   -0.093906 (VIOLATED)
_18566_/A3                              0.750000    0.843906   -0.093906 (VIOLATED)
_18568_/A3                              0.750000    0.843906   -0.093906 (VIOLATED)
_18586_/A3                              0.750000    0.843906   -0.093906 (VIOLATED)
_18588_/A3                              0.750000    0.843906   -0.093906 (VIOLATED)
fanout461/X                             0.750000    0.843906   -0.093906 (VIOLATED)
ANTENNA_9/DIODE                         0.750000    0.843895   -0.093895 (VIOLATED)
_12610_/B2                              0.750000    0.843888   -0.093888 (VIOLATED)
_12649_/A1                              0.750000    0.843841   -0.093841 (VIOLATED)
_11397_/X                               0.750000    0.843465   -0.093465 (VIOLATED)
_18868_/C1                              0.750000    0.843205   -0.093205 (VIOLATED)
_18875_/C1                              0.750000    0.843205   -0.093205 (VIOLATED)
_18754_/C1                              0.750000    0.843204   -0.093204 (VIOLATED)
_18761_/C1                              0.750000    0.843204   -0.093204 (VIOLATED)
_18769_/C1                              0.750000    0.843204   -0.093204 (VIOLATED)
_18776_/C1                              0.750000    0.843204   -0.093204 (VIOLATED)
_18783_/C1                              0.750000    0.843204   -0.093204 (VIOLATED)
_18790_/C1                              0.750000    0.843204   -0.093204 (VIOLATED)
_18797_/C1                              0.750000    0.843204   -0.093204 (VIOLATED)
fanout1419/A                            0.750000    0.843204   -0.093204 (VIOLATED)
fanout1420/X                            0.750000    0.843204   -0.093204 (VIOLATED)
_13676_/A0                              0.750000    0.841924   -0.091924 (VIOLATED)
_10560_/A2                              0.750000    0.841922   -0.091922 (VIOLATED)
_10526_/Y                               0.750000    0.841921   -0.091921 (VIOLATED)
_11147_/A1                              0.750000    0.841832   -0.091832 (VIOLATED)
_10192_/B2                              0.750000    0.841823   -0.091823 (VIOLATED)
_11766_/B2                              0.750000    0.841823   -0.091823 (VIOLATED)
_11788_/A1                              0.750000    0.841823   -0.091823 (VIOLATED)
fanout1841/X                            0.750000    0.841823   -0.091823 (VIOLATED)
load_slew1842/A                         0.750000    0.841823   -0.091823 (VIOLATED)
_11311_/A2                              0.750000    0.841177   -0.091177 (VIOLATED)
max_cap1367/A                           0.750000    0.841159   -0.091159 (VIOLATED)
_11305_/Y                               0.750000    0.841135   -0.091135 (VIOLATED)
_18836_/A2                              0.750000    0.839367   -0.089367 (VIOLATED)
_18843_/A2                              0.750000    0.839367   -0.089367 (VIOLATED)
_18850_/A2                              0.750000    0.839367   -0.089367 (VIOLATED)
_18700_/A2                              0.750000    0.839367   -0.089367 (VIOLATED)
_18821_/B1                              0.750000    0.839367   -0.089367 (VIOLATED)
_18829_/A2                              0.750000    0.839367   -0.089367 (VIOLATED)
_18864_/A2                              0.750000    0.839367   -0.089367 (VIOLATED)
_18872_/A2                              0.750000    0.839367   -0.089367 (VIOLATED)
_18878_/A2                              0.750000    0.839367   -0.089367 (VIOLATED)
_18881_/A                               0.750000    0.839367   -0.089367 (VIOLATED)
fanout903/X                             0.750000    0.839367   -0.089367 (VIOLATED)
_12645_/A0                              0.750000    0.838943   -0.088943 (VIOLATED)
_12662_/B2                              0.750000    0.838941   -0.088941 (VIOLATED)
_12627_/A1                              0.750000    0.838933   -0.088933 (VIOLATED)
ANTENNA_8/DIODE                         0.750000    0.838814   -0.088814 (VIOLATED)
_13675_/A1                              0.750000    0.838814   -0.088814 (VIOLATED)
_19010_/A0                              0.750000    0.838782   -0.088782 (VIOLATED)
_11275_/B1                              0.750000    0.838639   -0.088639 (VIOLATED)
_11274_/X                               0.750000    0.838534   -0.088534 (VIOLATED)
_10378_/A1                              0.750000    0.838242   -0.088242 (VIOLATED)
_11294_/B2                              0.750000    0.838240   -0.088240 (VIOLATED)
_10617_/A1                              0.750000    0.838235   -0.088235 (VIOLATED)
_10591_/B1                              0.750000    0.838230   -0.088230 (VIOLATED)
_11351_/A                               0.750000    0.838228   -0.088228 (VIOLATED)
fanout1637/X                            0.750000    0.838228   -0.088228 (VIOLATED)
load_slew1638/A                         0.750000    0.838228   -0.088228 (VIOLATED)
_12599_/A1                              0.750000    0.837826   -0.087826 (VIOLATED)
_12656_/B2                              0.750000    0.837825   -0.087825 (VIOLATED)
_10393_/A2                              0.750000    0.837717   -0.087717 (VIOLATED)
_18988_/A0                              0.750000    0.837708   -0.087708 (VIOLATED)
_10365_/B1                              0.750000    0.837651   -0.087651 (VIOLATED)
_15139_/A2                              0.750000    0.837521   -0.087521 (VIOLATED)
_15140_/B                               0.750000    0.837520   -0.087520 (VIOLATED)
_15143_/A1                              0.750000    0.837520   -0.087520 (VIOLATED)
_15019_/A1                              0.750000    0.837520   -0.087520 (VIOLATED)
_13677_/C                               0.750000    0.837518   -0.087518 (VIOLATED)
_13678_/C                               0.750000    0.837518   -0.087518 (VIOLATED)
_14458_/A                               0.750000    0.837518   -0.087518 (VIOLATED)
_14684_/A1                              0.750000    0.837518   -0.087518 (VIOLATED)
_14685_/A                               0.750000    0.837518   -0.087518 (VIOLATED)
_14808_/A                               0.750000    0.837518   -0.087518 (VIOLATED)
fanout1247/X                            0.750000    0.837518   -0.087518 (VIOLATED)
_10363_/X                               0.750000    0.837498   -0.087498 (VIOLATED)
_12102_/Y                               0.750000    0.837220   -0.087220 (VIOLATED)
_12178_/A                               0.750000    0.837220   -0.087220 (VIOLATED)
_12183_/A1                              0.750000    0.837220   -0.087220 (VIOLATED)
fanout326/A                             0.750000    0.835819   -0.085819 (VIOLATED)
_17639_/A2                              0.750000    0.835817   -0.085817 (VIOLATED)
_17642_/A2                              0.750000    0.835816   -0.085816 (VIOLATED)
_17647_/A2                              0.750000    0.835814   -0.085814 (VIOLATED)
_17651_/A2                              0.750000    0.835811   -0.085811 (VIOLATED)
fanout327/A                             0.750000    0.835792   -0.085792 (VIOLATED)
fanout328/A                             0.750000    0.835792   -0.085792 (VIOLATED)
fanout329/X                             0.750000    0.835792   -0.085792 (VIOLATED)
_10667_/S                               0.750000    0.835418   -0.085418 (VIOLATED)
_10669_/S                               0.750000    0.835417   -0.085417 (VIOLATED)
fanout2214/A                            0.750000    0.835412   -0.085412 (VIOLATED)
fanout2216/A                            0.750000    0.835409   -0.085409 (VIOLATED)
fanout2212/A                            0.750000    0.835403   -0.085403 (VIOLATED)
fanout2218/A                            0.750000    0.835403   -0.085403 (VIOLATED)
fanout2220/X                            0.750000    0.835403   -0.085403 (VIOLATED)
_18446_/A                               0.750000    0.835060   -0.085060 (VIOLATED)
_18529_/A                               0.750000    0.835059   -0.085059 (VIOLATED)
_18530_/A1                              0.750000    0.835059   -0.085059 (VIOLATED)
_18532_/A1                              0.750000    0.835059   -0.085059 (VIOLATED)
_18536_/A1                              0.750000    0.835059   -0.085059 (VIOLATED)
_18540_/A1                              0.750000    0.835059   -0.085059 (VIOLATED)
_18554_/A1                              0.750000    0.835059   -0.085059 (VIOLATED)
_18556_/A1                              0.750000    0.835059   -0.085059 (VIOLATED)
_18558_/A1                              0.750000    0.835059   -0.085059 (VIOLATED)
_18560_/A1                              0.750000    0.835059   -0.085059 (VIOLATED)
fanout1800/X                            0.750000    0.835059   -0.085059 (VIOLATED)
fanout2133/A                            0.750000    0.834165   -0.084165 (VIOLATED)
_10920_/C1                              0.750000    0.834164   -0.084164 (VIOLATED)
_11341_/S1                              0.750000    0.834164   -0.084164 (VIOLATED)
_11342_/S1                              0.750000    0.834164   -0.084164 (VIOLATED)
_11345_/A                               0.750000    0.834164   -0.084164 (VIOLATED)
_11346_/C                               0.750000    0.834164   -0.084164 (VIOLATED)
_11363_/C1                              0.750000    0.834164   -0.084164 (VIOLATED)
fanout2134/X                            0.750000    0.834164   -0.084164 (VIOLATED)
_13443_/C                               0.750000    0.833994   -0.083994 (VIOLATED)
_13442_/C                               0.750000    0.833994   -0.083994 (VIOLATED)
_14668_/A2                              0.750000    0.833993   -0.083993 (VIOLATED)
_13532_/A2                              0.750000    0.833992   -0.083992 (VIOLATED)
_13586_/A2                              0.750000    0.833992   -0.083992 (VIOLATED)
_13828_/A2                              0.750000    0.833992   -0.083992 (VIOLATED)
_13909_/A2                              0.750000    0.833992   -0.083992 (VIOLATED)
_14061_/A2                              0.750000    0.833992   -0.083992 (VIOLATED)
_14339_/B                               0.750000    0.833992   -0.083992 (VIOLATED)
_14340_/A2                              0.750000    0.833992   -0.083992 (VIOLATED)
fanout1334/X                            0.750000    0.833992   -0.083992 (VIOLATED)
_15428_/A                               0.750000    0.833424   -0.083424 (VIOLATED)
_15527_/A                               0.750000    0.833424   -0.083424 (VIOLATED)
_15624_/A                               0.750000    0.833424   -0.083424 (VIOLATED)
_15772_/A                               0.750000    0.833424   -0.083424 (VIOLATED)
_15951_/A                               0.750000    0.833424   -0.083424 (VIOLATED)
_16044_/A                               0.750000    0.833424   -0.083424 (VIOLATED)
_16136_/A                               0.750000    0.833424   -0.083424 (VIOLATED)
_16225_/A                               0.750000    0.833424   -0.083424 (VIOLATED)
_16311_/A                               0.750000    0.833424   -0.083424 (VIOLATED)
_18902_/B1                              0.750000    0.833424   -0.083424 (VIOLATED)
fanout1202/X                            0.750000    0.833424   -0.083424 (VIOLATED)
_16130_/A3                              0.750000    0.832755   -0.082755 (VIOLATED)
_16306_/A3                              0.750000    0.832754   -0.082755 (VIOLATED)
_16041_/A3                              0.750000    0.832754   -0.082754 (VIOLATED)
_18902_/A3                              0.750000    0.832752   -0.082752 (VIOLATED)
_14895_/A3                              0.750000    0.832739   -0.082739 (VIOLATED)
_14150_/A2                              0.750000    0.832732   -0.082732 (VIOLATED)
_14241_/A2                              0.750000    0.832732   -0.082732 (VIOLATED)
fanout1334/A                            0.750000    0.832732   -0.082732 (VIOLATED)
fanout1335/X                            0.750000    0.832732   -0.082732 (VIOLATED)
_13360_/S                               0.750000    0.831745   -0.081745 (VIOLATED)
_13365_/S                               0.750000    0.831745   -0.081745 (VIOLATED)
_13371_/S                               0.750000    0.831745   -0.081745 (VIOLATED)
_13377_/S                               0.750000    0.831745   -0.081745 (VIOLATED)
_13382_/S                               0.750000    0.831745   -0.081745 (VIOLATED)
_13387_/S                               0.750000    0.831745   -0.081745 (VIOLATED)
_13391_/S                               0.750000    0.831745   -0.081745 (VIOLATED)
_13407_/S                               0.750000    0.831745   -0.081745 (VIOLATED)
fanout1187/A                            0.750000    0.831745   -0.081745 (VIOLATED)
fanout1188/X                            0.750000    0.831745   -0.081745 (VIOLATED)
_19787_/A                               0.750000    0.831294   -0.081294 (VIOLATED)
_13257_/S                               0.750000    0.831294   -0.081294 (VIOLATED)
_19365_/A2                              0.750000    0.831294   -0.081294 (VIOLATED)
_19481_/A2                              0.750000    0.831294   -0.081294 (VIOLATED)
_19483_/A2                              0.750000    0.831294   -0.081294 (VIOLATED)
_19504_/B                               0.750000    0.831294   -0.081294 (VIOLATED)
_19605_/A2                              0.750000    0.831294   -0.081294 (VIOLATED)
fanout279/A                             0.750000    0.831294   -0.081294 (VIOLATED)
fanout280/X                             0.750000    0.831294   -0.081294 (VIOLATED)
_14301_/A1                              0.750000    0.831173   -0.081173 (VIOLATED)
_14873_/A1                              0.750000    0.831173   -0.081173 (VIOLATED)
_14874_/A1                              0.750000    0.831173   -0.081173 (VIOLATED)
_15089_/A                               0.750000    0.831173   -0.081173 (VIOLATED)
_15090_/A1                              0.750000    0.831173   -0.081173 (VIOLATED)
_15307_/B1                              0.750000    0.831173   -0.081173 (VIOLATED)
_15308_/A                               0.750000    0.831173   -0.081173 (VIOLATED)
_15404_/A                               0.750000    0.831173   -0.081173 (VIOLATED)
_15405_/A1                              0.750000    0.831173   -0.081173 (VIOLATED)
_15505_/A1                              0.750000    0.831173   -0.081173 (VIOLATED)
fanout1267/X                            0.750000    0.831173   -0.081173 (VIOLATED)
_12242_/B                               0.750000    0.831079   -0.081079 (VIOLATED)
_12579_/A1                              0.750000    0.831079   -0.081079 (VIOLATED)
_12581_/B                               0.750000    0.831079   -0.081079 (VIOLATED)
_12593_/S                               0.750000    0.831079   -0.081079 (VIOLATED)
_12597_/B                               0.750000    0.831079   -0.081079 (VIOLATED)
_12603_/S                               0.750000    0.831079   -0.081079 (VIOLATED)
_12606_/A2                              0.750000    0.831079   -0.081079 (VIOLATED)
_12612_/B1                              0.750000    0.831079   -0.081079 (VIOLATED)
_12616_/A2                              0.750000    0.831079   -0.081079 (VIOLATED)
_12625_/A2                              0.750000    0.831079   -0.081079 (VIOLATED)
fanout875/X                             0.750000    0.831079   -0.081079 (VIOLATED)
_15803_/D1                              0.750000    0.830198   -0.080198 (VIOLATED)
_15897_/C1                              0.750000    0.830198   -0.080198 (VIOLATED)
_16080_/C1                              0.750000    0.830198   -0.080198 (VIOLATED)
_13794_/C1                              0.750000    0.830196   -0.080197 (VIOLATED)
_16170_/C1                              0.750000    0.830197   -0.080197 (VIOLATED)
_13872_/C1                              0.750000    0.830194   -0.080194 (VIOLATED)
_14519_/C1                              0.750000    0.830194   -0.080194 (VIOLATED)
_14631_/D1                              0.750000    0.830194   -0.080194 (VIOLATED)
_14750_/C1                              0.750000    0.830194   -0.080194 (VIOLATED)
_15707_/D1                              0.750000    0.830194   -0.080194 (VIOLATED)
fanout995/X                             0.750000    0.830194   -0.080194 (VIOLATED)
_10097_/B                               0.750000    0.830165   -0.080165 (VIOLATED)
_10005_/B                               0.750000    0.830163   -0.080163 (VIOLATED)
_10002_/Y                               0.750000    0.830160   -0.080160 (VIOLATED)
_12073_/B                               0.750000    0.830160   -0.080160 (VIOLATED)
fanout1213/A                            0.750000    0.829548   -0.079548 (VIOLATED)
_15844_/A2                              0.750000    0.829536   -0.079536 (VIOLATED)
_14955_/B1                              0.750000    0.829532   -0.079532 (VIOLATED)
_15176_/A2                              0.750000    0.829532   -0.079532 (VIOLATED)
_15380_/B1                              0.750000    0.829532   -0.079532 (VIOLATED)
fanout1214/X                            0.750000    0.829532   -0.079532 (VIOLATED)
_18225_/C1                              0.750000    0.829514   -0.079514 (VIOLATED)
_18232_/C1                              0.750000    0.829514   -0.079514 (VIOLATED)
_18240_/C1                              0.750000    0.829514   -0.079514 (VIOLATED)
_18247_/C1                              0.750000    0.829514   -0.079514 (VIOLATED)
_18326_/C1                              0.750000    0.829514   -0.079514 (VIOLATED)
_18333_/C1                              0.750000    0.829514   -0.079514 (VIOLATED)
fanout366/A                             0.750000    0.829514   -0.079514 (VIOLATED)
fanout368/X                             0.750000    0.829514   -0.079514 (VIOLATED)
_19433_/Y                               0.750000    0.829492   -0.079492 (VIOLATED)
_19435_/A3                              0.750000    0.829492   -0.079492 (VIOLATED)
_19497_/B1                              0.750000    0.829492   -0.079492 (VIOLATED)
_19509_/B2                              0.750000    0.829492   -0.079492 (VIOLATED)
_19567_/C1                              0.750000    0.829492   -0.079492 (VIOLATED)
_19574_/B1                              0.750000    0.829492   -0.079492 (VIOLATED)
_19640_/A1                              0.750000    0.829492   -0.079492 (VIOLATED)
_19674_/B2                              0.750000    0.829492   -0.079492 (VIOLATED)
_11959_/B2                              0.750000    0.829445   -0.079445 (VIOLATED)
_11964_/B1                              0.750000    0.829445   -0.079445 (VIOLATED)
fanout1678/A                            0.750000    0.829445   -0.079445 (VIOLATED)
fanout1681/A                            0.750000    0.829445   -0.079445 (VIOLATED)
fanout1684/A                            0.750000    0.829445   -0.079445 (VIOLATED)
fanout1686/X                            0.750000    0.829445   -0.079445 (VIOLATED)
_18468_/A1                              0.750000    0.829280   -0.079280 (VIOLATED)
_18704_/A2                              0.750000    0.829273   -0.079273 (VIOLATED)
_18701_/A1                              0.750000    0.829270   -0.079270 (VIOLATED)
load_slew532/A                          0.750000    0.829150   -0.079150 (VIOLATED)
_18984_/A1                              0.750000    0.829137   -0.079137 (VIOLATED)
load_slew533/A                          0.750000    0.829136   -0.079136 (VIOLATED)
_12230_/Y                               0.750000    0.829134   -0.079134 (VIOLATED)
fanout562/A                             0.750000    0.828650   -0.078650 (VIOLATED)
fanout557/A                             0.750000    0.828625   -0.078625 (VIOLATED)
ANTENNA_5/DIODE                         0.750000    0.828624   -0.078624 (VIOLATED)
fanout554/A                             0.750000    0.828529   -0.078529 (VIOLATED)
fanout559/A                             0.750000    0.828525   -0.078525 (VIOLATED)
_17002_/X                               0.750000    0.828518   -0.078518 (VIOLATED)
_15175_/A                               0.750000    0.827942   -0.077942 (VIOLATED)
_14480_/B2                              0.750000    0.827861   -0.077861 (VIOLATED)
_14379_/A1                              0.750000    0.827849   -0.077849 (VIOLATED)
_14377_/A                               0.750000    0.827848   -0.077848 (VIOLATED)
_14086_/A                               0.750000    0.827410   -0.077410 (VIOLATED)
_14000_/A                               0.750000    0.827396   -0.077396 (VIOLATED)
_13923_/A1                              0.750000    0.827299   -0.077299 (VIOLATED)
_13841_/B                               0.750000    0.827294   -0.077294 (VIOLATED)
_13654_/B                               0.750000    0.827227   -0.077227 (VIOLATED)
_13687_/A2                              0.750000    0.827227   -0.077227 (VIOLATED)
_13653_/X                               0.750000    0.827220   -0.077220 (VIOLATED)
_19184_/S                               0.750000    0.827166   -0.077166 (VIOLATED)
_19186_/S                               0.750000    0.827166   -0.077166 (VIOLATED)
_19196_/S                               0.750000    0.827166   -0.077166 (VIOLATED)
_19200_/S                               0.750000    0.827166   -0.077166 (VIOLATED)
_19216_/S                               0.750000    0.827166   -0.077166 (VIOLATED)
_19218_/S                               0.750000    0.827166   -0.077166 (VIOLATED)
_19224_/S                               0.750000    0.827166   -0.077166 (VIOLATED)
_19228_/S                               0.750000    0.827166   -0.077166 (VIOLATED)
_19230_/S                               0.750000    0.827166   -0.077166 (VIOLATED)
_19232_/S                               0.750000    0.827166   -0.077166 (VIOLATED)
fanout229/X                             0.750000    0.827166   -0.077166 (VIOLATED)
_17797_/A2                              0.750000    0.826891   -0.076891 (VIOLATED)
_17801_/A2                              0.750000    0.826891   -0.076891 (VIOLATED)
_17805_/A2                              0.750000    0.826891   -0.076891 (VIOLATED)
_17809_/A2                              0.750000    0.826891   -0.076891 (VIOLATED)
_17813_/A2                              0.750000    0.826891   -0.076891 (VIOLATED)
_17816_/A2                              0.750000    0.826891   -0.076891 (VIOLATED)
_17820_/A2                              0.750000    0.826891   -0.076891 (VIOLATED)
_17824_/A2                              0.750000    0.826891   -0.076891 (VIOLATED)
_17827_/A2                              0.750000    0.826891   -0.076891 (VIOLATED)
_17831_/A2                              0.750000    0.826891   -0.076891 (VIOLATED)
fanout401/X                             0.750000    0.826891   -0.076891 (VIOLATED)
_17398_/A2                              0.750000    0.826308   -0.076308 (VIOLATED)
_17402_/A2                              0.750000    0.826308   -0.076308 (VIOLATED)
_17406_/A2                              0.750000    0.826308   -0.076308 (VIOLATED)
_17410_/A2                              0.750000    0.826308   -0.076308 (VIOLATED)
_17413_/A2                              0.750000    0.826308   -0.076308 (VIOLATED)
_17417_/A2                              0.750000    0.826308   -0.076308 (VIOLATED)
_17459_/A2                              0.750000    0.826308   -0.076308 (VIOLATED)
_17463_/A2                              0.750000    0.826308   -0.076308 (VIOLATED)
fanout414/A                             0.750000    0.826308   -0.076308 (VIOLATED)
fanout415/X                             0.750000    0.826308   -0.076308 (VIOLATED)
_18747_/A1                              0.750000    0.825884   -0.075884 (VIOLATED)
_18754_/A1                              0.750000    0.825884   -0.075884 (VIOLATED)
_18761_/A1                              0.750000    0.825884   -0.075884 (VIOLATED)
_18769_/A1                              0.750000    0.825884   -0.075884 (VIOLATED)
_18776_/A1                              0.750000    0.825884   -0.075884 (VIOLATED)
_18783_/A1                              0.750000    0.825884   -0.075884 (VIOLATED)
_18861_/A1                              0.750000    0.825884   -0.075884 (VIOLATED)
_18868_/A1                              0.750000    0.825884   -0.075884 (VIOLATED)
_18875_/A1                              0.750000    0.825884   -0.075884 (VIOLATED)
fanout1863/A                            0.750000    0.825884   -0.075884 (VIOLATED)
fanout1864/X                            0.750000    0.825884   -0.075884 (VIOLATED)
_10113_/A                               0.750000    0.824910   -0.074910 (VIOLATED)
_10121_/A1                              0.750000    0.824910   -0.074910 (VIOLATED)
_10292_/A1                              0.750000    0.824910   -0.074910 (VIOLATED)
_10837_/A1                              0.750000    0.824910   -0.074910 (VIOLATED)
_11751_/A                               0.750000    0.824910   -0.074910 (VIOLATED)
fanout1716/X                            0.750000    0.824910   -0.074910 (VIOLATED)
load_slew1717/A                         0.750000    0.824910   -0.074910 (VIOLATED)
_14982_/A1                              0.750000    0.823877   -0.073877 (VIOLATED)
_15200_/S                               0.750000    0.823877   -0.073877 (VIOLATED)
_15602_/A1                              0.750000    0.823877   -0.073877 (VIOLATED)
_15795_/A                               0.750000    0.823877   -0.073877 (VIOLATED)
_16256_/A1                              0.750000    0.823877   -0.073877 (VIOLATED)
_16343_/A1                              0.750000    0.823877   -0.073877 (VIOLATED)
fanout1266/A                            0.750000    0.823877   -0.073877 (VIOLATED)
fanout1267/A                            0.750000    0.823877   -0.073877 (VIOLATED)
fanout1268/X                            0.750000    0.823877   -0.073877 (VIOLATED)
_17805_/A1                              0.750000    0.822748   -0.072748 (VIOLATED)
_17912_/A0                              0.750000    0.822724   -0.072724 (VIOLATED)
_18119_/A0                              0.750000    0.822708   -0.072708 (VIOLATED)
fanout940/A                             0.750000    0.822662   -0.072662 (VIOLATED)
_12849_/X                               0.750000    0.822655   -0.072655 (VIOLATED)
fanout757/A                             0.750000    0.821326   -0.071326 (VIOLATED)
_17299_/X                               0.750000    0.821320   -0.071320 (VIOLATED)
fanout750/A                             0.750000    0.821320   -0.071320 (VIOLATED)
fanout753/A                             0.750000    0.821320   -0.071320 (VIOLATED)
fanout755/A                             0.750000    0.821320   -0.071320 (VIOLATED)
load_slew2297/A                         0.750000    0.820618   -0.070618 (VIOLATED)
_12685_/A                               0.750000    0.820617   -0.070617 (VIOLATED)
fanout2294/A                            0.750000    0.820587   -0.070587 (VIOLATED)
fanout2295/X                            0.750000    0.820587   -0.070587 (VIOLATED)
_10634_/C1                              0.750000    0.820473   -0.070473 (VIOLATED)
_10643_/A                               0.750000    0.820473   -0.070473 (VIOLATED)
_10764_/A1                              0.750000    0.820472   -0.070472 (VIOLATED)
_10710_/A1                              0.750000    0.820472   -0.070472 (VIOLATED)
_10756_/C1                              0.750000    0.820472   -0.070472 (VIOLATED)
fanout1740/X                            0.750000    0.820472   -0.070472 (VIOLATED)
load_slew1741/A                         0.750000    0.820472   -0.070472 (VIOLATED)
_15542_/B                               0.750000    0.820165   -0.070165 (VIOLATED)
_15541_/A3                              0.750000    0.820165   -0.070165 (VIOLATED)
_15540_/A3                              0.750000    0.820165   -0.070165 (VIOLATED)
_15444_/B                               0.750000    0.820165   -0.070165 (VIOLATED)
_15348_/A1                              0.750000    0.820164   -0.070164 (VIOLATED)
_14569_/A                               0.750000    0.820164   -0.070164 (VIOLATED)
_14817_/A1                              0.750000    0.820163   -0.070164 (VIOLATED)
_14814_/A                               0.750000    0.820163   -0.070163 (VIOLATED)
_14922_/B1                              0.750000    0.820162   -0.070162 (VIOLATED)
_13932_/B                               0.750000    0.820158   -0.070158 (VIOLATED)
fanout1235/X                            0.750000    0.820158   -0.070158 (VIOLATED)
_12933_/S                               0.750000    0.820026   -0.070026 (VIOLATED)
_12947_/S                               0.750000    0.820026   -0.070026 (VIOLATED)
_12961_/S                               0.750000    0.820026   -0.070026 (VIOLATED)
_12975_/S                               0.750000    0.820026   -0.070026 (VIOLATED)
_13002_/S                               0.750000    0.820026   -0.070026 (VIOLATED)
_13015_/S                               0.750000    0.820026   -0.070026 (VIOLATED)
_13029_/S                               0.750000    0.820026   -0.070026 (VIOLATED)
_13042_/S                               0.750000    0.820026   -0.070026 (VIOLATED)
_13082_/S                               0.750000    0.820026   -0.070026 (VIOLATED)
_13096_/S                               0.750000    0.820026   -0.070026 (VIOLATED)
fanout1091/X                            0.750000    0.820026   -0.070026 (VIOLATED)
_17950_/S                               0.750000    0.819663   -0.069664 (VIOLATED)
_17962_/S                               0.750000    0.819663   -0.069664 (VIOLATED)
fanout389/A                             0.750000    0.819663   -0.069664 (VIOLATED)
fanout391/X                             0.750000    0.819663   -0.069664 (VIOLATED)
wire392/A                               0.750000    0.819663   -0.069664 (VIOLATED)
_13556_/A1                              0.750000    0.819276   -0.069276 (VIOLATED)
_13807_/A1                              0.750000    0.819276   -0.069276 (VIOLATED)
_13884_/A1                              0.750000    0.819276   -0.069276 (VIOLATED)
_14525_/A1                              0.750000    0.819276   -0.069276 (VIOLATED)
_15099_/A1                              0.750000    0.819276   -0.069276 (VIOLATED)
_15209_/A1                              0.750000    0.819276   -0.069276 (VIOLATED)
_15710_/A1                              0.750000    0.819276   -0.069276 (VIOLATED)
_15806_/A1                              0.750000    0.819276   -0.069276 (VIOLATED)
_15901_/A1                              0.750000    0.819276   -0.069276 (VIOLATED)
_15987_/A1                              0.750000    0.819276   -0.069276 (VIOLATED)
fanout1132/X                            0.750000    0.819276   -0.069276 (VIOLATED)
_11977_/C1                              0.750000    0.818766   -0.068766 (VIOLATED)
_11918_/C1                              0.750000    0.818765   -0.068765 (VIOLATED)
_10280_/A1                              0.750000    0.818765   -0.068765 (VIOLATED)
_10879_/A1                              0.750000    0.818765   -0.068765 (VIOLATED)
_10929_/A1                              0.750000    0.818765   -0.068765 (VIOLATED)
_11058_/C1                              0.750000    0.818764   -0.068764 (VIOLATED)
_11178_/A1                              0.750000    0.818764   -0.068764 (VIOLATED)
_11244_/C1                              0.750000    0.818764   -0.068764 (VIOLATED)
_11310_/C1                              0.750000    0.818764   -0.068764 (VIOLATED)
_11371_/C1                              0.750000    0.818764   -0.068764 (VIOLATED)
fanout1300/X                            0.750000    0.818764   -0.068764 (VIOLATED)
_17682_/A2                              0.750000    0.818362   -0.068362 (VIOLATED)
_17687_/A2                              0.750000    0.818361   -0.068361 (VIOLATED)
_17691_/A2                              0.750000    0.818361   -0.068361 (VIOLATED)
_17699_/A2                              0.750000    0.818361   -0.068361 (VIOLATED)
_17703_/A2                              0.750000    0.818361   -0.068361 (VIOLATED)
_17708_/A2                              0.750000    0.818361   -0.068361 (VIOLATED)
_17713_/A2                              0.750000    0.818361   -0.068361 (VIOLATED)
_17717_/A2                              0.750000    0.818361   -0.068361 (VIOLATED)
_17720_/A2                              0.750000    0.818361   -0.068361 (VIOLATED)
_17725_/A2                              0.750000    0.818361   -0.068361 (VIOLATED)
fanout327/X                             0.750000    0.818361   -0.068361 (VIOLATED)
_16139_/A                               0.750000    0.816981   -0.066981 (VIOLATED)
_16138_/A                               0.750000    0.816981   -0.066981 (VIOLATED)
_15529_/A                               0.750000    0.816981   -0.066981 (VIOLATED)
_15530_/A                               0.750000    0.816981   -0.066981 (VIOLATED)
_16132_/A                               0.750000    0.816981   -0.066981 (VIOLATED)
_16133_/A                               0.750000    0.816981   -0.066981 (VIOLATED)
_16305_/A1                              0.750000    0.816981   -0.066981 (VIOLATED)
_18896_/A1                              0.750000    0.816981   -0.066981 (VIOLATED)
_18904_/A                               0.750000    0.816981   -0.066981 (VIOLATED)
_18905_/A                               0.750000    0.816981   -0.066981 (VIOLATED)
fanout1039/X                            0.750000    0.816981   -0.066981 (VIOLATED)
_17797_/B1                              0.750000    0.816802   -0.066802 (VIOLATED)
_17801_/B1                              0.750000    0.816801   -0.066801 (VIOLATED)
_17805_/B1                              0.750000    0.816798   -0.066798 (VIOLATED)
_17809_/B1                              0.750000    0.816797   -0.066797 (VIOLATED)
_17813_/B1                              0.750000    0.816795   -0.066795 (VIOLATED)
_17816_/B1                              0.750000    0.816795   -0.066795 (VIOLATED)
_17820_/B1                              0.750000    0.816795   -0.066795 (VIOLATED)
_17824_/B1                              0.750000    0.816795   -0.066795 (VIOLATED)
_17827_/B1                              0.750000    0.816795   -0.066795 (VIOLATED)
_17831_/B1                              0.750000    0.816795   -0.066795 (VIOLATED)
fanout321/X                             0.750000    0.816795   -0.066795 (VIOLATED)
fanout1562/A                            0.750000    0.816775   -0.066775 (VIOLATED)
fanout1560/A                            0.750000    0.816768   -0.066768 (VIOLATED)
_13444_/Y                               0.750000    0.816750   -0.066750 (VIOLATED)
_21778_/A                               0.750000    0.816483   -0.066483 (VIOLATED)
_18879_/C                               0.750000    0.816379   -0.066379 (VIOLATED)
_18875_/A2                              0.750000    0.816360   -0.066360 (VIOLATED)
_18873_/A2                              0.750000    0.816352   -0.066352 (VIOLATED)
_12559_/A1                              0.750000    0.816330   -0.066330 (VIOLATED)
_19742_/A1                              0.750000    0.816326   -0.066326 (VIOLATED)
_16351_/A2                              0.750000    0.816314   -0.066314 (VIOLATED)
_11982_/Y                               0.750000    0.816291   -0.066291 (VIOLATED)
_13465_/A2                              0.750000    0.816148   -0.066148 (VIOLATED)
_18611_/B                               0.750000    0.816148   -0.066148 (VIOLATED)
_18612_/B                               0.750000    0.816148   -0.066148 (VIOLATED)
_18655_/A1                              0.750000    0.816148   -0.066148 (VIOLATED)
_18662_/A1                              0.750000    0.816148   -0.066148 (VIOLATED)
_18677_/A1                              0.750000    0.816148   -0.066148 (VIOLATED)
_18706_/A1                              0.750000    0.816148   -0.066148 (VIOLATED)
_18713_/A1                              0.750000    0.816148   -0.066148 (VIOLATED)
_18721_/A                               0.750000    0.816148   -0.066148 (VIOLATED)
_18728_/A1                              0.750000    0.816148   -0.066148 (VIOLATED)
fanout1321/X                            0.750000    0.816148   -0.066148 (VIOLATED)
_17761_/A2                              0.750000    0.815996   -0.065996 (VIOLATED)
_17765_/A2                              0.750000    0.815996   -0.065996 (VIOLATED)
_17769_/A2                              0.750000    0.815996   -0.065996 (VIOLATED)
_17773_/A2                              0.750000    0.815996   -0.065996 (VIOLATED)
_17777_/A2                              0.750000    0.815996   -0.065996 (VIOLATED)
_17781_/A2                              0.750000    0.815996   -0.065996 (VIOLATED)
_17785_/A2                              0.750000    0.815996   -0.065996 (VIOLATED)
_17789_/A2                              0.750000    0.815996   -0.065996 (VIOLATED)
_17793_/A2                              0.750000    0.815996   -0.065996 (VIOLATED)
_17876_/B1                              0.750000    0.815996   -0.065996 (VIOLATED)
fanout403/X                             0.750000    0.815996   -0.065996 (VIOLATED)
_13638_/A                               0.750000    0.815389   -0.065389 (VIOLATED)
_13637_/A                               0.750000    0.815389   -0.065389 (VIOLATED)
_13639_/A                               0.750000    0.815389   -0.065389 (VIOLATED)
max_cap1120/A                           0.750000    0.815387   -0.065387 (VIOLATED)
_10624_/S                               0.750000    0.815386   -0.065386 (VIOLATED)
_10590_/Y                               0.750000    0.815386   -0.065386 (VIOLATED)
_12644_/B2                              0.750000    0.814629   -0.064629 (VIOLATED)
_12662_/A1                              0.750000    0.814628   -0.064628 (VIOLATED)
_12628_/B2                              0.750000    0.814613   -0.064613 (VIOLATED)
_12607_/A0                              0.750000    0.814573   -0.064573 (VIOLATED)
_19587_/B                               0.750000    0.814523   -0.064523 (VIOLATED)
_19653_/A2                              0.750000    0.814520   -0.064520 (VIOLATED)
_19618_/C                               0.750000    0.814516   -0.064516 (VIOLATED)
_19564_/A2                              0.750000    0.814511   -0.064511 (VIOLATED)
_19476_/B                               0.750000    0.814504   -0.064504 (VIOLATED)
_19542_/A2                              0.750000    0.814487   -0.064487 (VIOLATED)
_19475_/Y                               0.750000    0.814485   -0.064486 (VIOLATED)
_13675_/A0                              0.750000    0.814401   -0.064401 (VIOLATED)
_18978_/A0                              0.750000    0.814162   -0.064163 (VIOLATED)
_10528_/A2                              0.750000    0.814051   -0.064051 (VIOLATED)
_10527_/X                               0.750000    0.814034   -0.064034 (VIOLATED)
_12021_/B                               0.750000    0.812846   -0.062847 (VIOLATED)
_12939_/A1                              0.750000    0.812846   -0.062847 (VIOLATED)
input79/X                               0.750000    0.812844   -0.062844 (VIOLATED)
_19394_/A1                              0.750000    0.812182   -0.062182 (VIOLATED)
_19518_/A2                              0.750000    0.812182   -0.062182 (VIOLATED)
_19568_/B2                              0.750000    0.812179   -0.062179 (VIOLATED)
_19562_/B1                              0.750000    0.812179   -0.062179 (VIOLATED)
_19565_/A1                              0.750000    0.812179   -0.062179 (VIOLATED)
_19566_/A1                              0.750000    0.812179   -0.062179 (VIOLATED)
_19459_/A                               0.750000    0.812178   -0.062178 (VIOLATED)
_19510_/B1                              0.750000    0.812178   -0.062178 (VIOLATED)
_19660_/A1                              0.750000    0.812178   -0.062178 (VIOLATED)
_19661_/B2                              0.750000    0.812178   -0.062178 (VIOLATED)
fanout1541/X                            0.750000    0.812178   -0.062178 (VIOLATED)
fanout687/A                             0.750000    0.811377   -0.061377 (VIOLATED)
_12387_/A2                              0.750000    0.811360   -0.061360 (VIOLATED)
_12402_/A2                              0.750000    0.811360   -0.061360 (VIOLATED)
_19046_/A2                              0.750000    0.811360   -0.061360 (VIOLATED)
fanout1111/A                            0.750000    0.811360   -0.061360 (VIOLATED)
fanout1112/A                            0.750000    0.811360   -0.061360 (VIOLATED)
fanout1113/A                            0.750000    0.811360   -0.061360 (VIOLATED)
fanout1114/X                            0.750000    0.811360   -0.061360 (VIOLATED)
fanout682/A                             0.750000    0.811354   -0.061354 (VIOLATED)
fanout690/X                             0.750000    0.811354   -0.061354 (VIOLATED)
load_slew692/A                          0.750000    0.811354   -0.061354 (VIOLATED)
_13888_/A1                              0.750000    0.811063   -0.061063 (VIOLATED)
_13607_/A1                              0.750000    0.811063   -0.061063 (VIOLATED)
_13736_/A1                              0.750000    0.811063   -0.061063 (VIOLATED)
_13810_/A1                              0.750000    0.811063   -0.061063 (VIOLATED)
_14423_/B1                              0.750000    0.811063   -0.061063 (VIOLATED)
_14639_/B1                              0.750000    0.811063   -0.061063 (VIOLATED)
_15322_/A1                              0.750000    0.811063   -0.061063 (VIOLATED)
_15417_/A1                              0.750000    0.811063   -0.061063 (VIOLATED)
_15713_/A1                              0.750000    0.811063   -0.061063 (VIOLATED)
_16177_/A1                              0.750000    0.811063   -0.061063 (VIOLATED)
fanout1013/X                            0.750000    0.811063   -0.061063 (VIOLATED)
_13390_/A2                              0.750000    0.810884   -0.060884 (VIOLATED)
fanout1070/A                            0.750000    0.810883   -0.060883 (VIOLATED)
_13376_/S                               0.750000    0.810881   -0.060881 (VIOLATED)
fanout1077/A                            0.750000    0.810875   -0.060875 (VIOLATED)
_15609_/A                               0.750000    0.810874   -0.060874 (VIOLATED)
_15610_/A1                              0.750000    0.810874   -0.060874 (VIOLATED)
fanout1074/A                            0.750000    0.810874   -0.060874 (VIOLATED)
fanout1078/X                            0.750000    0.810874   -0.060874 (VIOLATED)
_12823_/A1                              0.750000    0.810641   -0.060641 (VIOLATED)
_12822_/B1                              0.750000    0.810641   -0.060641 (VIOLATED)
_10395_/X                               0.750000    0.810403   -0.060403 (VIOLATED)
max_cap1189/A                           0.750000    0.810403   -0.060403 (VIOLATED)
_15466_/B                               0.750000    0.809310   -0.059310 (VIOLATED)
_15374_/A2                              0.750000    0.809310   -0.059310 (VIOLATED)
_15269_/B                               0.750000    0.809309   -0.059310 (VIOLATED)
fanout1218/A                            0.750000    0.809303   -0.059303 (VIOLATED)
_14389_/B1                              0.750000    0.809296   -0.059296 (VIOLATED)
_14593_/B1                              0.750000    0.809296   -0.059296 (VIOLATED)
_14595_/A2                              0.750000    0.809296   -0.059296 (VIOLATED)
fanout1219/X                            0.750000    0.809296   -0.059296 (VIOLATED)
_12392_/A2                              0.750000    0.808813   -0.058813 (VIOLATED)
_12431_/B1                              0.750000    0.808813   -0.058813 (VIOLATED)
_19045_/A2                              0.750000    0.808813   -0.058813 (VIOLATED)
fanout1107/A                            0.750000    0.808813   -0.058813 (VIOLATED)
fanout1108/A                            0.750000    0.808813   -0.058813 (VIOLATED)
fanout1109/A                            0.750000    0.808813   -0.058813 (VIOLATED)
fanout1110/X                            0.750000    0.808813   -0.058813 (VIOLATED)
_14528_/A2                              0.750000    0.808613   -0.058613 (VIOLATED)
_14640_/A2                              0.750000    0.808612   -0.058612 (VIOLATED)
fanout1569/A                            0.750000    0.808609   -0.058609 (VIOLATED)
_13548_/A1                              0.750000    0.808607   -0.058608 (VIOLATED)
_13473_/A1                              0.750000    0.808607   -0.058607 (VIOLATED)
_13733_/A1                              0.750000    0.808607   -0.058607 (VIOLATED)
_14130_/A2                              0.750000    0.808607   -0.058607 (VIOLATED)
_14222_/A2                              0.750000    0.808607   -0.058607 (VIOLATED)
_14424_/A2                              0.750000    0.808607   -0.058607 (VIOLATED)
fanout1570/X                            0.750000    0.808607   -0.058607 (VIOLATED)
_18080_/A2                              0.750000    0.808040   -0.058040 (VIOLATED)
_18074_/A2                              0.750000    0.808038   -0.058038 (VIOLATED)
_18062_/A2                              0.750000    0.808035   -0.058035 (VIOLATED)
_18089_/A2                              0.750000    0.808035   -0.058035 (VIOLATED)
_18098_/A2                              0.750000    0.808035   -0.058035 (VIOLATED)
fanout1141/X                            0.750000    0.808035   -0.058035 (VIOLATED)
fanout676/A                             0.750000    0.807519   -0.057519 (VIOLATED)
fanout671/A                             0.750000    0.807497   -0.057497 (VIOLATED)
fanout679/X                             0.750000    0.807497   -0.057497 (VIOLATED)
load_slew681/A                          0.750000    0.807497   -0.057497 (VIOLATED)
_18654_/B1                              0.750000    0.807276   -0.057276 (VIOLATED)
_18661_/A2                              0.750000    0.807276   -0.057276 (VIOLATED)
_18676_/A2                              0.750000    0.807276   -0.057276 (VIOLATED)
_18683_/A2                              0.750000    0.807276   -0.057276 (VIOLATED)
_18720_/A2                              0.750000    0.807276   -0.057276 (VIOLATED)
_18727_/A2                              0.750000    0.807276   -0.057276 (VIOLATED)
_18734_/A2                              0.750000    0.807276   -0.057276 (VIOLATED)
_18748_/A2                              0.750000    0.807276   -0.057276 (VIOLATED)
fanout1136/A                            0.750000    0.807276   -0.057276 (VIOLATED)
fanout1137/X                            0.750000    0.807276   -0.057276 (VIOLATED)
_10525_/A1                              0.750000    0.806842   -0.056842 (VIOLATED)
_10514_/C1                              0.750000    0.806841   -0.056841 (VIOLATED)
_11266_/A1                              0.750000    0.806840   -0.056840 (VIOLATED)
_10404_/C1                              0.750000    0.806835   -0.056835 (VIOLATED)
_10460_/A3                              0.750000    0.806835   -0.056835 (VIOLATED)
fanout1744/X                            0.750000    0.806835   -0.056835 (VIOLATED)
load_slew1745/A                         0.750000    0.806835   -0.056835 (VIOLATED)
_12020_/B                               0.750000    0.806526   -0.056526 (VIOLATED)
_12954_/B2                              0.750000    0.806525   -0.056525 (VIOLATED)
input80/X                               0.750000    0.806457   -0.056457 (VIOLATED)
_16644_/S                               0.750000    0.806451   -0.056451 (VIOLATED)
_16649_/S                               0.750000    0.806448   -0.056448 (VIOLATED)
_16651_/S                               0.750000    0.806447   -0.056447 (VIOLATED)
_16637_/S                               0.750000    0.806444   -0.056444 (VIOLATED)
_16650_/S                               0.750000    0.806444   -0.056444 (VIOLATED)
_16658_/S                               0.750000    0.806444   -0.056444 (VIOLATED)
fanout636/X                             0.750000    0.806444   -0.056444 (VIOLATED)
load_slew637/A                          0.750000    0.806444   -0.056444 (VIOLATED)
fanout1455/A                            0.750000    0.806441   -0.056441 (VIOLATED)
fanout1450/A                            0.750000    0.806436   -0.056436 (VIOLATED)
_12672_/Y                               0.750000    0.806433   -0.056433 (VIOLATED)
fanout1452/A                            0.750000    0.806433   -0.056433 (VIOLATED)
_11328_/C1                              0.750000    0.805485   -0.055485 (VIOLATED)
fanout1930/A                            0.750000    0.805485   -0.055485 (VIOLATED)
fanout1932/A                            0.750000    0.805485   -0.055485 (VIOLATED)
fanout1933/X                            0.750000    0.805485   -0.055485 (VIOLATED)
wire1934/A                              0.750000    0.805485   -0.055485 (VIOLATED)
_18690_/C1                              0.750000    0.805385   -0.055385 (VIOLATED)
_18697_/C1                              0.750000    0.805385   -0.055385 (VIOLATED)
_18704_/C1                              0.750000    0.805385   -0.055385 (VIOLATED)
_18819_/C1                              0.750000    0.805385   -0.055385 (VIOLATED)
_18826_/C1                              0.750000    0.805385   -0.055385 (VIOLATED)
_18833_/C1                              0.750000    0.805385   -0.055385 (VIOLATED)
_18840_/C1                              0.750000    0.805385   -0.055385 (VIOLATED)
_18847_/C1                              0.750000    0.805385   -0.055385 (VIOLATED)
_18854_/C1                              0.750000    0.805385   -0.055385 (VIOLATED)
_18861_/C1                              0.750000    0.805385   -0.055385 (VIOLATED)
fanout1419/X                            0.750000    0.805385   -0.055385 (VIOLATED)
_18600_/A1                              0.750000    0.805250   -0.055250 (VIOLATED)
fanout2318/A                            0.750000    0.805249   -0.055249 (VIOLATED)
_18578_/A1                              0.750000    0.805249   -0.055249 (VIOLATED)
_18594_/A1                              0.750000    0.805248   -0.055248 (VIOLATED)
_09870_/A                               0.750000    0.805248   -0.055248 (VIOLATED)
_12338_/B                               0.750000    0.805248   -0.055248 (VIOLATED)
_18447_/A1                              0.750000    0.805248   -0.055248 (VIOLATED)
_18570_/A1                              0.750000    0.805248   -0.055248 (VIOLATED)
_18572_/A1                              0.750000    0.805248   -0.055248 (VIOLATED)
_18588_/A1                              0.750000    0.805248   -0.055248 (VIOLATED)
fanout2319/X                            0.750000    0.805248   -0.055248 (VIOLATED)
_17054_/S                               0.750000    0.805041   -0.055041 (VIOLATED)
wire813/A                               0.750000    0.805041   -0.055041 (VIOLATED)
_17059_/S                               0.750000    0.805041   -0.055041 (VIOLATED)
_17067_/S                               0.750000    0.805040   -0.055040 (VIOLATED)
_17040_/S                               0.750000    0.805038   -0.055038 (VIOLATED)
fanout812/X                             0.750000    0.805038   -0.055038 (VIOLATED)
_10162_/A2                              0.750000    0.804500   -0.054500 (VIOLATED)
_18996_/A0                              0.750000    0.804497   -0.054497 (VIOLATED)
_10129_/A2                              0.750000    0.804489   -0.054489 (VIOLATED)
_12608_/A2                              0.750000    0.804348   -0.054348 (VIOLATED)
_12631_/A0                              0.750000    0.804345   -0.054345 (VIOLATED)
_12664_/A0                              0.750000    0.804344   -0.054344 (VIOLATED)
_12647_/B2                              0.750000    0.804340   -0.054340 (VIOLATED)
_10127_/X                               0.750000    0.804107   -0.054107 (VIOLATED)
_18223_/S                               0.750000    0.803574   -0.053574 (VIOLATED)
_18234_/S                               0.750000    0.803574   -0.053574 (VIOLATED)
_18251_/S                               0.750000    0.803574   -0.053574 (VIOLATED)
_18259_/S                               0.750000    0.803574   -0.053574 (VIOLATED)
_18266_/S                               0.750000    0.803574   -0.053574 (VIOLATED)
_18272_/S                               0.750000    0.803574   -0.053574 (VIOLATED)
_18288_/S                               0.750000    0.803574   -0.053574 (VIOLATED)
_18296_/S                               0.750000    0.803574   -0.053574 (VIOLATED)
_18310_/S                               0.750000    0.803574   -0.053574 (VIOLATED)
_19373_/A1                              0.750000    0.803574   -0.053574 (VIOLATED)
fanout2310/X                            0.750000    0.803574   -0.053574 (VIOLATED)
_19221_/S                               0.750000    0.803565   -0.053565 (VIOLATED)
_19181_/S                               0.750000    0.803560   -0.053560 (VIOLATED)
_19191_/S                               0.750000    0.803560   -0.053560 (VIOLATED)
_19203_/S                               0.750000    0.803560   -0.053560 (VIOLATED)
_19205_/S                               0.750000    0.803560   -0.053560 (VIOLATED)
fanout1883/A                            0.750000    0.803560   -0.053560 (VIOLATED)
fanout1884/X                            0.750000    0.803560   -0.053560 (VIOLATED)
_18063_/A2                              0.750000    0.803021   -0.053021 (VIOLATED)
_18069_/A2                              0.750000    0.803021   -0.053021 (VIOLATED)
_18072_/A2                              0.750000    0.803021   -0.053021 (VIOLATED)
_18078_/A2                              0.750000    0.803021   -0.053021 (VIOLATED)
_18087_/A2                              0.750000    0.803021   -0.053021 (VIOLATED)
_18090_/A2                              0.750000    0.803021   -0.053021 (VIOLATED)
_18093_/A2                              0.750000    0.803021   -0.053021 (VIOLATED)
_18099_/A2                              0.750000    0.803021   -0.053021 (VIOLATED)
fanout385/X                             0.750000    0.803021   -0.053021 (VIOLATED)
_18623_/A                               0.750000    0.802720   -0.052720 (VIOLATED)
_18626_/A2                              0.750000    0.802720   -0.052720 (VIOLATED)
_18659_/A2                              0.750000    0.802720   -0.052720 (VIOLATED)
_18667_/A2                              0.750000    0.802720   -0.052720 (VIOLATED)
_18674_/A2                              0.750000    0.802720   -0.052720 (VIOLATED)
_18681_/A2                              0.750000    0.802720   -0.052720 (VIOLATED)
_18703_/A2                              0.750000    0.802720   -0.052720 (VIOLATED)
_18710_/A2                              0.750000    0.802720   -0.052720 (VIOLATED)
_18718_/A2                              0.750000    0.802720   -0.052720 (VIOLATED)
_18725_/A2                              0.750000    0.802720   -0.052720 (VIOLATED)
fanout1194/X                            0.750000    0.802720   -0.052720 (VIOLATED)
_18456_/B                               0.750000    0.802313   -0.052313 (VIOLATED)
_18457_/A2                              0.750000    0.802313   -0.052313 (VIOLATED)
_18467_/B                               0.750000    0.802313   -0.052313 (VIOLATED)
_18468_/A2                              0.750000    0.802313   -0.052313 (VIOLATED)
_18470_/B                               0.750000    0.802313   -0.052313 (VIOLATED)
_18473_/B                               0.750000    0.802313   -0.052313 (VIOLATED)
_18474_/A2                              0.750000    0.802313   -0.052313 (VIOLATED)
_18485_/B                               0.750000    0.802313   -0.052313 (VIOLATED)
_18486_/A2                              0.750000    0.802313   -0.052313 (VIOLATED)
_18490_/B                               0.750000    0.802313   -0.052313 (VIOLATED)
fanout1138/X                            0.750000    0.802313   -0.052313 (VIOLATED)
_14421_/A1                              0.750000    0.801537   -0.051537 (VIOLATED)
_14313_/A1                              0.750000    0.801537   -0.051537 (VIOLATED)
_13725_/A1                              0.750000    0.801537   -0.051537 (VIOLATED)
_13439_/B2                              0.750000    0.801536   -0.051536 (VIOLATED)
_13481_/A1                              0.750000    0.801536   -0.051536 (VIOLATED)
_13642_/A1                              0.750000    0.801536   -0.051536 (VIOLATED)
_13968_/A1                              0.750000    0.801536   -0.051536 (VIOLATED)
_14040_/A1                              0.750000    0.801536   -0.051536 (VIOLATED)
_15319_/A1                              0.750000    0.801536   -0.051536 (VIOLATED)
_16351_/A1                              0.750000    0.801536   -0.051536 (VIOLATED)
fanout1131/X                            0.750000    0.801536   -0.051536 (VIOLATED)
_11198_/A_N                             0.750000    0.799887   -0.049887 (VIOLATED)
_11199_/A                               0.750000    0.799887   -0.049887 (VIOLATED)
_11202_/S0                              0.750000    0.799887   -0.049887 (VIOLATED)
_11635_/S0                              0.750000    0.799887   -0.049887 (VIOLATED)
_11929_/A_N                             0.750000    0.799887   -0.049887 (VIOLATED)
_11930_/C                               0.750000    0.799887   -0.049887 (VIOLATED)
_11933_/S0                              0.750000    0.799887   -0.049887 (VIOLATED)
fanout2061/X                            0.750000    0.799887   -0.049887 (VIOLATED)
load_slew2062/A                         0.750000    0.799887   -0.049887 (VIOLATED)
_10182_/A1                              0.750000    0.799395   -0.049395 (VIOLATED)
_11690_/A1                              0.750000    0.799394   -0.049394 (VIOLATED)
_11696_/A1                              0.750000    0.799394   -0.049394 (VIOLATED)
_11752_/B2                              0.750000    0.799394   -0.049394 (VIOLATED)
_11759_/A1                              0.750000    0.799394   -0.049394 (VIOLATED)
fanout1796/X                            0.750000    0.799394   -0.049394 (VIOLATED)
_12766_/A2                              0.750000    0.799288   -0.049288 (VIOLATED)
_12775_/B1                              0.750000    0.799288   -0.049288 (VIOLATED)
_12978_/B1                              0.750000    0.799288   -0.049288 (VIOLATED)
_13104_/A2                              0.750000    0.799288   -0.049288 (VIOLATED)
fanout1336/A                            0.750000    0.799288   -0.049288 (VIOLATED)
fanout1338/X                            0.750000    0.799288   -0.049288 (VIOLATED)
_13933_/B1                              0.750000    0.797163   -0.047163 (VIOLATED)
_14463_/B1                              0.750000    0.797162   -0.047162 (VIOLATED)
_14001_/B1                              0.750000    0.797161   -0.047161 (VIOLATED)
_14086_/B                               0.750000    0.797161   -0.047161 (VIOLATED)
_14262_/B                               0.750000    0.797161   -0.047161 (VIOLATED)
_14263_/B1                              0.750000    0.797161   -0.047161 (VIOLATED)
_14365_/B1                              0.750000    0.797161   -0.047161 (VIOLATED)
fanout1236/X                            0.750000    0.797161   -0.047161 (VIOLATED)
_09852_/A                               0.750000    0.795523   -0.045523 (VIOLATED)
_12345_/A0                              0.750000    0.795523   -0.045523 (VIOLATED)
_18613_/A                               0.750000    0.795523   -0.045523 (VIOLATED)
_18616_/A2                              0.750000    0.795523   -0.045523 (VIOLATED)
_18620_/C1                              0.750000    0.795523   -0.045523 (VIOLATED)
_18682_/A1                              0.750000    0.795523   -0.045523 (VIOLATED)
_18711_/A1                              0.750000    0.795523   -0.045523 (VIOLATED)
_18719_/A1                              0.750000    0.795523   -0.045523 (VIOLATED)
_18726_/A1                              0.750000    0.795523   -0.045523 (VIOLATED)
_19791_/A1                              0.750000    0.795523   -0.045523 (VIOLATED)
fanout1861/X                            0.750000    0.795523   -0.045523 (VIOLATED)
_12729_/A2                              0.750000    0.795428   -0.045428 (VIOLATED)
_12743_/A2                              0.750000    0.795428   -0.045428 (VIOLATED)
_12850_/A2                              0.750000    0.795428   -0.045428 (VIOLATED)
fanout355/A                             0.750000    0.795428   -0.045428 (VIOLATED)
fanout359/A                             0.750000    0.795428   -0.045428 (VIOLATED)
fanout361/X                             0.750000    0.795428   -0.045428 (VIOLATED)
_17413_/B1                              0.750000    0.795031   -0.045031 (VIOLATED)
_17417_/B1                              0.750000    0.795030   -0.045030 (VIOLATED)
_17410_/B1                              0.750000    0.795030   -0.045030 (VIOLATED)
_17406_/B1                              0.750000    0.795029   -0.045029 (VIOLATED)
_17398_/B1                              0.750000    0.795028   -0.045028 (VIOLATED)
_17402_/B1                              0.750000    0.795028   -0.045028 (VIOLATED)
_17459_/B1                              0.750000    0.795026   -0.045026 (VIOLATED)
_17463_/B1                              0.750000    0.795026   -0.045026 (VIOLATED)
fanout305/A                             0.750000    0.795026   -0.045026 (VIOLATED)
fanout306/X                             0.750000    0.795026   -0.045026 (VIOLATED)
_16259_/B                               0.750000    0.793190   -0.043190 (VIOLATED)
_16262_/A2                              0.750000    0.793190   -0.043190 (VIOLATED)
_11920_/B1                              0.750000    0.793188   -0.043188 (VIOLATED)
_13374_/A                               0.750000    0.793170   -0.043170 (VIOLATED)
_11919_/X                               0.750000    0.793162   -0.043162 (VIOLATED)
_13108_/S                               0.750000    0.793162   -0.043162 (VIOLATED)
_13373_/A1                              0.750000    0.793162   -0.043162 (VIOLATED)
_11208_/A2                              0.750000    0.792602   -0.042602 (VIOLATED)
_11241_/A2                              0.750000    0.792598   -0.042598 (VIOLATED)
_19008_/A0                              0.750000    0.792597   -0.042597 (VIOLATED)
_11206_/Y                               0.750000    0.792569   -0.042569 (VIOLATED)
max_cap1369/A                           0.750000    0.792569   -0.042569 (VIOLATED)
_12583_/B                               0.750000    0.792356   -0.042356 (VIOLATED)
_12586_/C1                              0.750000    0.792356   -0.042356 (VIOLATED)
_12606_/B1                              0.750000    0.792356   -0.042356 (VIOLATED)
_12610_/A2                              0.750000    0.792356   -0.042356 (VIOLATED)
_12613_/A2                              0.750000    0.792356   -0.042356 (VIOLATED)
_12616_/B1                              0.750000    0.792356   -0.042356 (VIOLATED)
_12648_/A2                              0.750000    0.792356   -0.042356 (VIOLATED)
_12656_/A2                              0.750000    0.792356   -0.042356 (VIOLATED)
_12662_/A2                              0.750000    0.792356   -0.042356 (VIOLATED)
fanout718/A                             0.750000    0.792356   -0.042356 (VIOLATED)
fanout719/X                             0.750000    0.792356   -0.042356 (VIOLATED)
_12654_/A1                              0.750000    0.792331   -0.042331 (VIOLATED)
_12590_/A1                              0.750000    0.792328   -0.042328 (VIOLATED)
_12616_/B2                              0.750000    0.792324   -0.042325 (VIOLATED)
_11140_/A2                              0.750000    0.792288   -0.042288 (VIOLATED)
_11174_/A2                              0.750000    0.792275   -0.042275 (VIOLATED)
_19002_/A0                              0.750000    0.792264   -0.042264 (VIOLATED)
_13808_/C1                              0.750000    0.792117   -0.042117 (VIOLATED)
_13885_/B1                              0.750000    0.792117   -0.042117 (VIOLATED)
_14422_/C1                              0.750000    0.792117   -0.042117 (VIOLATED)
_14526_/C1                              0.750000    0.792117   -0.042117 (VIOLATED)
_15100_/C1                              0.750000    0.792117   -0.042117 (VIOLATED)
_15210_/B1                              0.750000    0.792117   -0.042117 (VIOLATED)
_15320_/C1                              0.750000    0.792117   -0.042117 (VIOLATED)
_15711_/C1                              0.750000    0.792117   -0.042117 (VIOLATED)
_15807_/C1                              0.750000    0.792117   -0.042117 (VIOLATED)
_16175_/C1                              0.750000    0.792117   -0.042117 (VIOLATED)
fanout1470/X                            0.750000    0.792117   -0.042117 (VIOLATED)
_11138_/X                               0.750000    0.792032   -0.042032 (VIOLATED)
_12283_/A0                              0.750000    0.791574   -0.041574 (VIOLATED)
_19037_/A0                              0.750000    0.791574   -0.041574 (VIOLATED)
_19040_/A0                              0.750000    0.791574   -0.041574 (VIOLATED)
_19043_/A0                              0.750000    0.791574   -0.041574 (VIOLATED)
input36/X                               0.750000    0.791574   -0.041574 (VIOLATED)
fanout413/A                             0.750000    0.791141   -0.041141 (VIOLATED)
fanout412/A                             0.750000    0.791136   -0.041136 (VIOLATED)
fanout409/A                             0.750000    0.791125   -0.041125 (VIOLATED)
fanout410/A                             0.750000    0.791120   -0.041120 (VIOLATED)
_17492_/Y                               0.750000    0.791113   -0.041113 (VIOLATED)
fanout870/A                             0.750000    0.791077   -0.041077 (VIOLATED)
fanout868/A                             0.750000    0.790963   -0.040963 (VIOLATED)
fanout866/A                             0.750000    0.790880   -0.040880 (VIOLATED)
fanout864/A                             0.750000    0.790868   -0.040868 (VIOLATED)
_13307_/X                               0.750000    0.790861   -0.040861 (VIOLATED)
_17493_/B                               0.750000    0.790790   -0.040790 (VIOLATED)
_17498_/A2                              0.750000    0.790790   -0.040790 (VIOLATED)
_17502_/A2                              0.750000    0.790790   -0.040790 (VIOLATED)
_17506_/A2                              0.750000    0.790790   -0.040790 (VIOLATED)
_17510_/A2                              0.750000    0.790790   -0.040790 (VIOLATED)
_17514_/A2                              0.750000    0.790790   -0.040790 (VIOLATED)
_17518_/A2                              0.750000    0.790790   -0.040790 (VIOLATED)
_17522_/A2                              0.750000    0.790790   -0.040790 (VIOLATED)
_17526_/A2                              0.750000    0.790790   -0.040790 (VIOLATED)
_17614_/A2                              0.750000    0.790790   -0.040790 (VIOLATED)
fanout412/X                             0.750000    0.790790   -0.040790 (VIOLATED)
_09904_/A                               0.750000    0.790532   -0.040532 (VIOLATED)
_10170_/C1                              0.750000    0.790529   -0.040529 (VIOLATED)
_09892_/C1                              0.750000    0.790526   -0.040526 (VIOLATED)
_10300_/B2                              0.750000    0.790517   -0.040517 (VIOLATED)
_10954_/B1                              0.750000    0.790516   -0.040516 (VIOLATED)
fanout1748/X                            0.750000    0.790516   -0.040516 (VIOLATED)
load_slew1749/A                         0.750000    0.790516   -0.040516 (VIOLATED)
_12063_/Y                               0.750000    0.789845   -0.039845 (VIOLATED)
_12093_/D                               0.750000    0.789845   -0.039845 (VIOLATED)
_12706_/A2                              0.750000    0.789845   -0.039845 (VIOLATED)
_12735_/A2                              0.750000    0.789845   -0.039845 (VIOLATED)
_12752_/A2                              0.750000    0.789845   -0.039845 (VIOLATED)
_12790_/A2                              0.750000    0.789845   -0.039845 (VIOLATED)
_17900_/A                               0.750000    0.789845   -0.039845 (VIOLATED)
_18690_/A1                              0.750000    0.787671   -0.037671 (VIOLATED)
_18697_/A1                              0.750000    0.787671   -0.037671 (VIOLATED)
_18704_/A1                              0.750000    0.787671   -0.037671 (VIOLATED)
_18811_/A1                              0.750000    0.787671   -0.037671 (VIOLATED)
_18819_/A1                              0.750000    0.787671   -0.037671 (VIOLATED)
_18826_/A1                              0.750000    0.787671   -0.037671 (VIOLATED)
_18833_/A1                              0.750000    0.787671   -0.037671 (VIOLATED)
_18840_/A1                              0.750000    0.787671   -0.037671 (VIOLATED)
_18847_/A1                              0.750000    0.787671   -0.037671 (VIOLATED)
_18854_/A1                              0.750000    0.787671   -0.037671 (VIOLATED)
fanout1863/X                            0.750000    0.787671   -0.037671 (VIOLATED)
_17702_/B1                              0.750000    0.787008   -0.037008 (VIOLATED)
_17707_/A2                              0.750000    0.787007   -0.037007 (VIOLATED)
_17712_/A2                              0.750000    0.787007   -0.037007 (VIOLATED)
_17719_/A2                              0.750000    0.787006   -0.037006 (VIOLATED)
_17724_/B2                              0.750000    0.787006   -0.037006 (VIOLATED)
_17716_/B1                              0.750000    0.787005   -0.037005 (VIOLATED)
_17681_/A2                              0.750000    0.786999   -0.036999 (VIOLATED)
_17686_/A2                              0.750000    0.786999   -0.036999 (VIOLATED)
_17690_/B2                              0.750000    0.786999   -0.036999 (VIOLATED)
_17698_/B2                              0.750000    0.786999   -0.036999 (VIOLATED)
fanout406/X                             0.750000    0.786999   -0.036999 (VIOLATED)
_09913_/A                               0.750000    0.786973   -0.036973 (VIOLATED)
_09917_/A                               0.750000    0.786973   -0.036973 (VIOLATED)
_09918_/D_N                             0.750000    0.786973   -0.036973 (VIOLATED)
_09928_/B                               0.750000    0.786973   -0.036973 (VIOLATED)
_09929_/B                               0.750000    0.786973   -0.036973 (VIOLATED)
_09989_/A                               0.750000    0.786973   -0.036973 (VIOLATED)
_09990_/A                               0.750000    0.786973   -0.036973 (VIOLATED)
_09998_/A1                              0.750000    0.786973   -0.036973 (VIOLATED)
_10101_/A1                              0.750000    0.786973   -0.036973 (VIOLATED)
_12070_/A1                              0.750000    0.786973   -0.036973 (VIOLATED)
fanout2308/X                            0.750000    0.786973   -0.036973 (VIOLATED)
fanout1945/A                            0.750000    0.786702   -0.036702 (VIOLATED)
fanout1940/A                            0.750000    0.786657   -0.036657 (VIOLATED)
fanout1942/A                            0.750000    0.786538   -0.036538 (VIOLATED)
_21627_/Q                               0.750000    0.785645   -0.035645 (VIOLATED)
fanout1935/A                            0.750000    0.785645   -0.035645 (VIOLATED)
_17278_/S                               0.750000    0.784330   -0.034330 (VIOLATED)
_17281_/S                               0.750000    0.784330   -0.034330 (VIOLATED)
ANTENNA_93/DIODE                        0.750000    0.784323   -0.034323 (VIOLATED)
_17292_/S                               0.750000    0.784323   -0.034323 (VIOLATED)
_17294_/S                               0.750000    0.784323   -0.034323 (VIOLATED)
fanout764/X                             0.750000    0.784323   -0.034323 (VIOLATED)
load_slew765/A                          0.750000    0.784323   -0.034323 (VIOLATED)
_13316_/A1                              0.750000    0.783862   -0.033862 (VIOLATED)
_13613_/A1                              0.750000    0.783862   -0.033862 (VIOLATED)
_13742_/A1                              0.750000    0.783862   -0.033862 (VIOLATED)
_13816_/A1                              0.750000    0.783862   -0.033862 (VIOLATED)
_13893_/S                               0.750000    0.783862   -0.033862 (VIOLATED)
_14050_/B1                              0.750000    0.783862   -0.033862 (VIOLATED)
_14321_/B1                              0.750000    0.783862   -0.033862 (VIOLATED)
_14533_/B1                              0.750000    0.783862   -0.033862 (VIOLATED)
_14766_/C1                              0.750000    0.783862   -0.033862 (VIOLATED)
_15618_/C1                              0.750000    0.783862   -0.033862 (VIOLATED)
fanout1585/X                            0.750000    0.783862   -0.033862 (VIOLATED)
wire584/A                               0.750000    0.783223   -0.033223 (VIOLATED)
fanout577/A                             0.750000    0.783221   -0.033221 (VIOLATED)
fanout574/A                             0.750000    0.783216   -0.033216 (VIOLATED)
fanout583/X                             0.750000    0.783216   -0.033216 (VIOLATED)
_12686_/B                               0.750000    0.783045   -0.033046 (VIOLATED)
_12727_/B                               0.750000    0.783045   -0.033046 (VIOLATED)
_12848_/A                               0.750000    0.783045   -0.033046 (VIOLATED)
_12875_/A                               0.750000    0.783045   -0.033046 (VIOLATED)
_12901_/A                               0.750000    0.783045   -0.033046 (VIOLATED)
_12929_/A                               0.750000    0.783045   -0.033046 (VIOLATED)
_12943_/A                               0.750000    0.783045   -0.033046 (VIOLATED)
_12957_/A                               0.750000    0.783045   -0.033046 (VIOLATED)
_13107_/A                               0.750000    0.783045   -0.033046 (VIOLATED)
_13122_/A                               0.750000    0.783045   -0.033046 (VIOLATED)
fanout1433/X                            0.750000    0.783045   -0.033046 (VIOLATED)
_12243_/D                               0.750000    0.782966   -0.032966 (VIOLATED)
_12586_/A1                              0.750000    0.782966   -0.032966 (VIOLATED)
_12600_/A2                              0.750000    0.782966   -0.032966 (VIOLATED)
_12607_/S                               0.750000    0.782966   -0.032966 (VIOLATED)
_12611_/S                               0.750000    0.782966   -0.032966 (VIOLATED)
_12614_/A2                              0.750000    0.782966   -0.032966 (VIOLATED)
_12617_/A2                              0.750000    0.782966   -0.032966 (VIOLATED)
_12626_/A2                              0.750000    0.782966   -0.032966 (VIOLATED)
_12631_/S                               0.750000    0.782966   -0.032966 (VIOLATED)
_12634_/A2                              0.750000    0.782966   -0.032966 (VIOLATED)
fanout727/X                             0.750000    0.782966   -0.032966 (VIOLATED)
_19373_/A2                              0.750000    0.782767   -0.032767 (VIOLATED)
_19374_/A                               0.750000    0.782767   -0.032767 (VIOLATED)
_19480_/B1                              0.750000    0.782767   -0.032767 (VIOLATED)
_19484_/B1                              0.750000    0.782767   -0.032767 (VIOLATED)
_19502_/C1                              0.750000    0.782767   -0.032767 (VIOLATED)
_19522_/C1                              0.750000    0.782767   -0.032767 (VIOLATED)
_19526_/A2                              0.750000    0.782767   -0.032767 (VIOLATED)
_19546_/A2                              0.750000    0.782767   -0.032767 (VIOLATED)
_19612_/A2                              0.750000    0.782767   -0.032767 (VIOLATED)
_19666_/A2                              0.750000    0.782767   -0.032767 (VIOLATED)
fanout277/X                             0.750000    0.782767   -0.032767 (VIOLATED)
_21766_/A                               0.750000    0.782280   -0.032280 (VIOLATED)
_12254_/A                               0.750000    0.782272   -0.032272 (VIOLATED)
_19008_/A1                              0.750000    0.782261   -0.032261 (VIOLATED)
wire518/A                               0.750000    0.782258   -0.032258 (VIOLATED)
_11255_/X                               0.750000    0.782257   -0.032257 (VIOLATED)
_17563_/B1                              0.750000    0.782019   -0.032019 (VIOLATED)
_17560_/B1                              0.750000    0.782019   -0.032019 (VIOLATED)
_17556_/B1                              0.750000    0.782019   -0.032019 (VIOLATED)
_17552_/B1                              0.750000    0.782018   -0.032018 (VIOLATED)
_17549_/B1                              0.750000    0.782018   -0.032018 (VIOLATED)
_17530_/B1                              0.750000    0.782016   -0.032016 (VIOLATED)
_17534_/B1                              0.750000    0.782016   -0.032016 (VIOLATED)
_17538_/B1                              0.750000    0.782016   -0.032016 (VIOLATED)
_17541_/B1                              0.750000    0.782016   -0.032016 (VIOLATED)
_17545_/B1                              0.750000    0.782016   -0.032016 (VIOLATED)
fanout302/X                             0.750000    0.782016   -0.032016 (VIOLATED)
_13127_/Y                               0.750000    0.781795   -0.031795 (VIOLATED)
fanout350/A                             0.750000    0.781795   -0.031795 (VIOLATED)
fanout353/A                             0.750000    0.781795   -0.031795 (VIOLATED)
_13062_/B2                              0.750000    0.781285   -0.031285 (VIOLATED)
_12025_/B2                              0.750000    0.781271   -0.031271 (VIOLATED)
_12378_/B1                              0.750000    0.781230   -0.031230 (VIOLATED)
input74/X                               0.750000    0.780069   -0.030069 (VIOLATED)
_17616_/C                               0.750000    0.778724   -0.028724 (VIOLATED)
_12191_/B                               0.750000    0.778723   -0.028723 (VIOLATED)
_12188_/Y                               0.750000    0.778720   -0.028720 (VIOLATED)
_18789_/C1                              0.750000    0.778095   -0.028095 (VIOLATED)
_18782_/C1                              0.750000    0.778095   -0.028095 (VIOLATED)
_18746_/C1                              0.750000    0.778094   -0.028094 (VIOLATED)
_18753_/C1                              0.750000    0.778094   -0.028094 (VIOLATED)
_18760_/C1                              0.750000    0.778094   -0.028094 (VIOLATED)
_18768_/C1                              0.750000    0.778094   -0.028094 (VIOLATED)
_18775_/C1                              0.750000    0.778094   -0.028094 (VIOLATED)
_18867_/C1                              0.750000    0.778094   -0.028094 (VIOLATED)
_18874_/C1                              0.750000    0.778094   -0.028094 (VIOLATED)
fanout1903/A                            0.750000    0.778094   -0.028094 (VIOLATED)
fanout1904/X                            0.750000    0.778094   -0.028094 (VIOLATED)
_18636_/A2                              0.750000    0.777542   -0.027542 (VIOLATED)
_18648_/A2                              0.750000    0.777540   -0.027540 (VIOLATED)
_18635_/A2                              0.750000    0.777538   -0.027539 (VIOLATED)
_18642_/A2                              0.750000    0.777536   -0.027536 (VIOLATED)
_18646_/A2                              0.750000    0.777534   -0.027534 (VIOLATED)
_18629_/A2                              0.750000    0.777531   -0.027531 (VIOLATED)
_12333_/B                               0.750000    0.777531   -0.027531 (VIOLATED)
_12334_/C                               0.750000    0.777531   -0.027531 (VIOLATED)
_18544_/B                               0.750000    0.777531   -0.027531 (VIOLATED)
_18631_/A2                              0.750000    0.777531   -0.027531 (VIOLATED)
fanout1529/X                            0.750000    0.777531   -0.027531 (VIOLATED)
_18471_/A2                              0.750000    0.777145   -0.027145 (VIOLATED)
_18465_/S                               0.750000    0.777144   -0.027145 (VIOLATED)
_18463_/S                               0.750000    0.777144   -0.027144 (VIOLATED)
_18461_/S                               0.750000    0.777144   -0.027144 (VIOLATED)
_18505_/S                               0.750000    0.777144   -0.027144 (VIOLATED)
_18510_/S                               0.750000    0.777144   -0.027144 (VIOLATED)
_18514_/S                               0.750000    0.777144   -0.027144 (VIOLATED)
_18516_/S                               0.750000    0.777144   -0.027144 (VIOLATED)
_18518_/S                               0.750000    0.777144   -0.027144 (VIOLATED)
_18520_/S                               0.750000    0.777144   -0.027144 (VIOLATED)
fanout1146/X                            0.750000    0.777144   -0.027144 (VIOLATED)
_12390_/A                               0.750000    0.776069   -0.026069 (VIOLATED)
_12391_/A1                              0.750000    0.776069   -0.026069 (VIOLATED)
_12404_/A                               0.750000    0.776069   -0.026069 (VIOLATED)
_12405_/A1                              0.750000    0.776069   -0.026069 (VIOLATED)
_12430_/S                               0.750000    0.776069   -0.026069 (VIOLATED)
_12477_/S                               0.750000    0.776069   -0.026069 (VIOLATED)
_12483_/S                               0.750000    0.776069   -0.026069 (VIOLATED)
_12488_/S                               0.750000    0.776069   -0.026069 (VIOLATED)
_12493_/S                               0.750000    0.776069   -0.026069 (VIOLATED)
fanout1872/A                            0.750000    0.776069   -0.026069 (VIOLATED)
fanout1873/X                            0.750000    0.776069   -0.026069 (VIOLATED)
_18454_/A0                              0.750000    0.775928   -0.025928 (VIOLATED)
_18660_/A2                              0.750000    0.775923   -0.025924 (VIOLATED)
_18657_/A1                              0.750000    0.775922   -0.025922 (VIOLATED)
_18972_/A1                              0.750000    0.775912   -0.025912 (VIOLATED)
fanout950/X                             0.750000    0.775912   -0.025912 (VIOLATED)
load_slew952/A                          0.750000    0.775912   -0.025912 (VIOLATED)
wire951/A                               0.750000    0.775912   -0.025912 (VIOLATED)
_10570_/B                               0.750000    0.775676   -0.025676 (VIOLATED)
_18769_/A2                              0.750000    0.775661   -0.025661 (VIOLATED)
_18766_/A1                              0.750000    0.775660   -0.025660 (VIOLATED)
_21763_/A                               0.750000    0.775652   -0.025652 (VIOLATED)
_12251_/A                               0.750000    0.775566   -0.025566 (VIOLATED)
_19002_/A1                              0.750000    0.775493   -0.025493 (VIOLATED)
_12222_/X                               0.750000    0.775479   -0.025479 (VIOLATED)
max_cap515/A                            0.750000    0.775479   -0.025479 (VIOLATED)
_13719_/B                               0.750000    0.775419   -0.025419 (VIOLATED)
_13720_/B                               0.750000    0.775416   -0.025416 (VIOLATED)
_13718_/B                               0.750000    0.775416   -0.025416 (VIOLATED)
_12746_/A                               0.750000    0.775383   -0.025383 (VIOLATED)
_12754_/A1                              0.750000    0.775383   -0.025383 (VIOLATED)
_10569_/A                               0.750000    0.775379   -0.025379 (VIOLATED)
_10568_/X                               0.750000    0.775372   -0.025372 (VIOLATED)
_14207_/B                               0.750000    0.774874   -0.024874 (VIOLATED)
_15890_/A2                              0.750000    0.774872   -0.024872 (VIOLATED)
_14206_/Y                               0.750000    0.774845   -0.024845 (VIOLATED)
_12174_/A2                              0.750000    0.774609   -0.024609 (VIOLATED)
_12677_/A                               0.750000    0.774586   -0.024586 (VIOLATED)
_17491_/B                               0.750000    0.774584   -0.024584 (VIOLATED)
_12173_/Y                               0.750000    0.774580   -0.024580 (VIOLATED)
fanout709/A                             0.750000    0.772748   -0.022748 (VIOLATED)
_18012_/S                               0.750000    0.772741   -0.022741 (VIOLATED)
_18014_/B                               0.750000    0.772741   -0.022741 (VIOLATED)
_18017_/B                               0.750000    0.772741   -0.022741 (VIOLATED)
_18048_/A2                              0.750000    0.772741   -0.022741 (VIOLATED)
fanout382/A                             0.750000    0.772741   -0.022741 (VIOLATED)
fanout383/X                             0.750000    0.772741   -0.022741 (VIOLATED)
fanout704/A                             0.750000    0.772718   -0.022718 (VIOLATED)
fanout712/X                             0.750000    0.772718   -0.022718 (VIOLATED)
load_slew714/A                          0.750000    0.772718   -0.022718 (VIOLATED)
fanout698/A                             0.750000    0.768494   -0.018494 (VIOLATED)
fanout693/A                             0.750000    0.768478   -0.018478 (VIOLATED)
fanout701/X                             0.750000    0.768478   -0.018478 (VIOLATED)
load_slew703/A                          0.750000    0.768478   -0.018478 (VIOLATED)
_10408_/B2                              0.750000    0.767947   -0.017947 (VIOLATED)
_10580_/B2                              0.750000    0.767947   -0.017947 (VIOLATED)
_11268_/A                               0.750000    0.767947   -0.017947 (VIOLATED)
_11446_/B2                              0.750000    0.767947   -0.017947 (VIOLATED)
fanout1790/X                            0.750000    0.767947   -0.017947 (VIOLATED)
load_slew1791/A                         0.750000    0.767947   -0.017947 (VIOLATED)
_10087_/A1                              0.750000    0.767672   -0.017672 (VIOLATED)
_10218_/A1                              0.750000    0.767672   -0.017672 (VIOLATED)
_10444_/A1                              0.750000    0.767672   -0.017672 (VIOLATED)
_10503_/A1                              0.750000    0.767672   -0.017672 (VIOLATED)
_10558_/A1                              0.750000    0.767672   -0.017672 (VIOLATED)
_10993_/A1                              0.750000    0.767672   -0.017672 (VIOLATED)
_11240_/A1                              0.750000    0.767672   -0.017672 (VIOLATED)
_11307_/A1                              0.750000    0.767672   -0.017672 (VIOLATED)
_11490_/A1                              0.750000    0.767672   -0.017672 (VIOLATED)
_11616_/A1                              0.750000    0.767672   -0.017672 (VIOLATED)
fanout1803/X                            0.750000    0.767672   -0.017672 (VIOLATED)
_18474_/A1                              0.750000    0.767342   -0.017342 (VIOLATED)
_18716_/A1                              0.750000    0.767327   -0.017327 (VIOLATED)
_18719_/A2                              0.750000    0.767326   -0.017326 (VIOLATED)
_18988_/A1                              0.750000    0.767279   -0.017279 (VIOLATED)
load_slew522/A                          0.750000    0.767279   -0.017279 (VIOLATED)
_12245_/X                               0.750000    0.767278   -0.017278 (VIOLATED)
load_slew523/A                          0.750000    0.767278   -0.017278 (VIOLATED)
fanout2262/A                            0.750000    0.766912   -0.016912 (VIOLATED)
_11712_/C1                              0.750000    0.766912   -0.016912 (VIOLATED)
_11725_/S                               0.750000    0.766906   -0.016907 (VIOLATED)
fanout2260/A                            0.750000    0.766898   -0.016898 (VIOLATED)
fanout2258/A                            0.750000    0.766897   -0.016897 (VIOLATED)
fanout2264/X                            0.750000    0.766897   -0.016897 (VIOLATED)
_12577_/S                               0.750000    0.766361   -0.016361 (VIOLATED)
_12616_/C1                              0.750000    0.766361   -0.016361 (VIOLATED)
_12625_/C1                              0.750000    0.766361   -0.016361 (VIOLATED)
_12628_/A2                              0.750000    0.766361   -0.016361 (VIOLATED)
_12633_/C1                              0.750000    0.766361   -0.016361 (VIOLATED)
_12636_/A2                              0.750000    0.766361   -0.016361 (VIOLATED)
_12642_/A2                              0.750000    0.766361   -0.016361 (VIOLATED)
_12647_/A2                              0.750000    0.766361   -0.016361 (VIOLATED)
_12649_/A2                              0.750000    0.766361   -0.016361 (VIOLATED)
_12658_/A2                              0.750000    0.766361   -0.016361 (VIOLATED)
fanout729/X                             0.750000    0.766361   -0.016361 (VIOLATED)
_18756_/B1                              0.750000    0.765086   -0.015086 (VIOLATED)
_18778_/B1                              0.750000    0.765086   -0.015086 (VIOLATED)
_18785_/B1                              0.750000    0.765086   -0.015086 (VIOLATED)
_18792_/B1                              0.750000    0.765086   -0.015086 (VIOLATED)
_18799_/B1                              0.750000    0.765086   -0.015086 (VIOLATED)
_18806_/B1                              0.750000    0.765086   -0.015086 (VIOLATED)
_18879_/D                               0.750000    0.765086   -0.015086 (VIOLATED)
fanout907/A                             0.750000    0.765086   -0.015086 (VIOLATED)
fanout909/X                             0.750000    0.765086   -0.015086 (VIOLATED)
_12610_/B1                              0.750000    0.764571   -0.014571 (VIOLATED)
_12613_/B1                              0.750000    0.764571   -0.014571 (VIOLATED)
_12627_/B1                              0.750000    0.764571   -0.014571 (VIOLATED)
_12635_/B1                              0.750000    0.764571   -0.014571 (VIOLATED)
_12641_/B1                              0.750000    0.764571   -0.014571 (VIOLATED)
_12644_/B1                              0.750000    0.764571   -0.014571 (VIOLATED)
_12646_/B1                              0.750000    0.764571   -0.014571 (VIOLATED)
_12648_/B1                              0.750000    0.764571   -0.014571 (VIOLATED)
_12654_/B1                              0.750000    0.764571   -0.014571 (VIOLATED)
_12656_/B1                              0.750000    0.764571   -0.014571 (VIOLATED)
fanout717/X                             0.750000    0.764571   -0.014571 (VIOLATED)
_14815_/A                               0.750000    0.763977   -0.013977 (VIOLATED)
_14817_/B2                              0.750000    0.763977   -0.013977 (VIOLATED)
_14923_/B1                              0.750000    0.763977   -0.013977 (VIOLATED)
_15026_/B1                              0.750000    0.763977   -0.013977 (VIOLATED)
_15129_/A1                              0.750000    0.763977   -0.013977 (VIOLATED)
_15348_/B2                              0.750000    0.763977   -0.013977 (VIOLATED)
_15443_/A                               0.750000    0.763977   -0.013977 (VIOLATED)
_15444_/A                               0.750000    0.763977   -0.013977 (VIOLATED)
_15540_/A2                              0.750000    0.763977   -0.013977 (VIOLATED)
_15541_/A2                              0.750000    0.763977   -0.013977 (VIOLATED)
fanout1239/X                            0.750000    0.763977   -0.013977 (VIOLATED)
_13652_/A0                              0.750000    0.763539   -0.013539 (VIOLATED)
_18459_/A1                              0.750000    0.763532   -0.013532 (VIOLATED)
_18676_/A1                              0.750000    0.763532   -0.013532 (VIOLATED)
_10619_/X                               0.750000    0.763524   -0.013524 (VIOLATED)
_12143_/Y                               0.750000    0.763471   -0.013471 (VIOLATED)
_12751_/A2                              0.750000    0.763471   -0.013471 (VIOLATED)
_12791_/A2                              0.750000    0.763471   -0.013471 (VIOLATED)
fanout1344/A                            0.750000    0.763471   -0.013471 (VIOLATED)
_12679_/Y                               0.750000    0.762384   -0.012384 (VIOLATED)
_12680_/B                               0.750000    0.762384   -0.012384 (VIOLATED)
_12709_/B1                              0.750000    0.762384   -0.012384 (VIOLATED)
_12735_/B1                              0.750000    0.762384   -0.012384 (VIOLATED)
_12749_/A2                              0.750000    0.762384   -0.012384 (VIOLATED)
_12788_/B1                              0.750000    0.762384   -0.012384 (VIOLATED)
_10405_/A2                              0.750000    0.762356   -0.012356 (VIOLATED)
_11514_/A2                              0.750000    0.762349   -0.012349 (VIOLATED)
_10635_/A2                              0.750000    0.762336   -0.012337 (VIOLATED)
_11806_/A2                              0.750000    0.762336   -0.012337 (VIOLATED)
fanout1758/X                            0.750000    0.762336   -0.012337 (VIOLATED)
load_slew1760/A                         0.750000    0.762336   -0.012337 (VIOLATED)
_10083_/A                               0.750000    0.761799   -0.011799 (VIOLATED)
_12347_/B2                              0.750000    0.761799   -0.011799 (VIOLATED)
_18626_/C1                              0.750000    0.761799   -0.011799 (VIOLATED)
_18659_/C1                              0.750000    0.761799   -0.011799 (VIOLATED)
_18674_/C1                              0.750000    0.761799   -0.011799 (VIOLATED)
_18681_/C1                              0.750000    0.761799   -0.011799 (VIOLATED)
_18703_/C1                              0.750000    0.761799   -0.011799 (VIOLATED)
_18710_/C1                              0.750000    0.761799   -0.011799 (VIOLATED)
_18718_/C1                              0.750000    0.761799   -0.011799 (VIOLATED)
_19791_/A0                              0.750000    0.761799   -0.011799 (VIOLATED)
fanout1902/X                            0.750000    0.761799   -0.011799 (VIOLATED)
_15472_/B1                              0.750000    0.761749   -0.011749 (VIOLATED)
_15570_/B                               0.750000    0.761749   -0.011749 (VIOLATED)
_15664_/B1                              0.750000    0.761749   -0.011749 (VIOLATED)
_15665_/B                               0.750000    0.761748   -0.011748 (VIOLATED)
_15750_/B                               0.750000    0.761747   -0.011747 (VIOLATED)
_15925_/C                               0.750000    0.761742   -0.011742 (VIOLATED)
_16101_/C                               0.750000    0.761742   -0.011742 (VIOLATED)
_16190_/A2                              0.750000    0.761742   -0.011742 (VIOLATED)
_16276_/A                               0.750000    0.761742   -0.011742 (VIOLATED)
_16277_/A                               0.750000    0.761742   -0.011742 (VIOLATED)
fanout1213/X                            0.750000    0.761742   -0.011742 (VIOLATED)
_10447_/A0                              0.750000    0.761543   -0.011543 (VIOLATED)
_10561_/A0                              0.750000    0.761543   -0.011543 (VIOLATED)
_10686_/A0                              0.750000    0.761543   -0.011543 (VIOLATED)
_10743_/A1                              0.750000    0.761543   -0.011543 (VIOLATED)
_11457_/A                               0.750000    0.761543   -0.011543 (VIOLATED)
_11561_/A1                              0.750000    0.761543   -0.011543 (VIOLATED)
_11619_/A1                              0.750000    0.761543   -0.011543 (VIOLATED)
_11675_/A1                              0.750000    0.761543   -0.011543 (VIOLATED)
_11733_/A1                              0.750000    0.761543   -0.011543 (VIOLATED)
_11975_/A1                              0.750000    0.761543   -0.011543 (VIOLATED)
fanout1125/X                            0.750000    0.761543   -0.011543 (VIOLATED)
_10021_/Y                               0.750000    0.760948   -0.010948 (VIOLATED)
_10022_/B                               0.750000    0.760948   -0.010948 (VIOLATED)
_14776_/B                               0.750000    0.760948   -0.010948 (VIOLATED)
_13462_/A                               0.750000    0.760636   -0.010636 (VIOLATED)
_13604_/A1                              0.750000    0.760636   -0.010636 (VIOLATED)
_13726_/A                               0.750000    0.760636   -0.010636 (VIOLATED)
_13790_/A1                              0.750000    0.760636   -0.010636 (VIOLATED)
_13868_/A                               0.750000    0.760636   -0.010636 (VIOLATED)
_13953_/A1                              0.750000    0.760636   -0.010636 (VIOLATED)
_14515_/A1                              0.750000    0.760636   -0.010636 (VIOLATED)
_14626_/A1                              0.750000    0.760636   -0.010636 (VIOLATED)
_15702_/A1                              0.750000    0.760636   -0.010636 (VIOLATED)
_16166_/A1                              0.750000    0.760636   -0.010636 (VIOLATED)
fanout1819/X                            0.750000    0.760636   -0.010636 (VIOLATED)
fanout2381/A                            0.750000    0.760252   -0.010252 (VIOLATED)
load_slew2384/A                         0.750000    0.760246   -0.010246 (VIOLATED)
fanout2378/A                            0.750000    0.760241   -0.010241 (VIOLATED)
fanout2353/A                            0.750000    0.760233   -0.010233 (VIOLATED)
fanout2383/X                            0.750000    0.760233   -0.010233 (VIOLATED)
_12931_/B1                              0.750000    0.760084   -0.010084 (VIOLATED)
_18058_/A1                              0.750000    0.760084   -0.010084 (VIOLATED)
_12919_/X                               0.750000    0.759893   -0.009893 (VIOLATED)
_13320_/B1                              0.750000    0.759512   -0.009512 (VIOLATED)
_13613_/C1                              0.750000    0.759512   -0.009512 (VIOLATED)
_13742_/C1                              0.750000    0.759512   -0.009512 (VIOLATED)
_13816_/C1                              0.750000    0.759512   -0.009512 (VIOLATED)
_13890_/B1                              0.750000    0.759512   -0.009512 (VIOLATED)
_14043_/B1                              0.750000    0.759512   -0.009512 (VIOLATED)
_14045_/B1                              0.750000    0.759512   -0.009512 (VIOLATED)
_14648_/B1                              0.750000    0.759512   -0.009512 (VIOLATED)
_14766_/A2                              0.750000    0.759512   -0.009512 (VIOLATED)
_15618_/A2                              0.750000    0.759512   -0.009512 (VIOLATED)
fanout1566/X                            0.750000    0.759512   -0.009512 (VIOLATED)
_17134_/Y                               0.750000    0.757132   -0.007132 (VIOLATED)
fanout797/A                             0.750000    0.757132   -0.007132 (VIOLATED)
fanout801/A                             0.750000    0.757132   -0.007132 (VIOLATED)
max_cap806/A                            0.750000    0.757132   -0.007132 (VIOLATED)
_12019_/A2                              0.750000    0.757044   -0.007044 (VIOLATED)
_12910_/A1                              0.750000    0.757043   -0.007044 (VIOLATED)
_12018_/B                               0.750000    0.757043   -0.007043 (VIOLATED)
_17160_/S                               0.750000    0.756994   -0.006994 (VIOLATED)
_17164_/S                               0.750000    0.756994   -0.006994 (VIOLATED)
_17151_/S                               0.750000    0.756987   -0.006987 (VIOLATED)
_17159_/S                               0.750000    0.756986   -0.006986 (VIOLATED)
_17165_/S                               0.750000    0.756984   -0.006984 (VIOLATED)
fanout800/X                             0.750000    0.756984   -0.006984 (VIOLATED)
input72/X                               0.750000    0.756964   -0.006964 (VIOLATED)
_13336_/S                               0.750000    0.756789   -0.006789 (VIOLATED)
_13339_/S                               0.750000    0.756789   -0.006789 (VIOLATED)
_13344_/A                               0.750000    0.756789   -0.006789 (VIOLATED)
_13351_/S                               0.750000    0.756789   -0.006789 (VIOLATED)
_13397_/S                               0.750000    0.756789   -0.006789 (VIOLATED)
_13400_/S                               0.750000    0.756789   -0.006789 (VIOLATED)
_13404_/S                               0.750000    0.756789   -0.006789 (VIOLATED)
_13495_/S                               0.750000    0.756789   -0.006789 (VIOLATED)
_13499_/A                               0.750000    0.756789   -0.006789 (VIOLATED)
_13500_/A1                              0.750000    0.756789   -0.006789 (VIOLATED)
fanout1187/X                            0.750000    0.756789   -0.006789 (VIOLATED)
_13321_/A2                              0.750000    0.756673   -0.006673 (VIOLATED)
_13475_/A2                              0.750000    0.756673   -0.006673 (VIOLATED)
_13550_/A2                              0.750000    0.756673   -0.006673 (VIOLATED)
_13614_/A2                              0.750000    0.756673   -0.006673 (VIOLATED)
_13735_/A2                              0.750000    0.756673   -0.006673 (VIOLATED)
_14132_/B                               0.750000    0.756673   -0.006673 (VIOLATED)
_14224_/B                               0.750000    0.756673   -0.006673 (VIOLATED)
_14426_/B                               0.750000    0.756673   -0.006673 (VIOLATED)
_14650_/A2                              0.750000    0.756673   -0.006673 (VIOLATED)
_14653_/A2                              0.750000    0.756673   -0.006673 (VIOLATED)
fanout1563/X                            0.750000    0.756673   -0.006673 (VIOLATED)
_18944_/B2                              0.750000    0.756242   -0.006242 (VIOLATED)
_18821_/A1                              0.750000    0.756242   -0.006242 (VIOLATED)
_14117_/B1                              0.750000    0.756241   -0.006241 (VIOLATED)
_14027_/B1                              0.750000    0.756240   -0.006241 (VIOLATED)
_13952_/B1                              0.750000    0.756239   -0.006239 (VIOLATED)
_13867_/B1                              0.750000    0.756239   -0.006239 (VIOLATED)
_14208_/B1                              0.750000    0.756239   -0.006239 (VIOLATED)
_13464_/C1                              0.750000    0.756239   -0.006239 (VIOLATED)
_13603_/B1                              0.750000    0.756239   -0.006239 (VIOLATED)
_13668_/B1                              0.750000    0.756239   -0.006239 (VIOLATED)
fanout1326/X                            0.750000    0.756239   -0.006239 (VIOLATED)
fanout965/A                             0.750000    0.756013   -0.006013 (VIOLATED)
_18524_/B                               0.750000    0.756012   -0.006012 (VIOLATED)
_18557_/B1                              0.750000    0.756012   -0.006012 (VIOLATED)
fanout961/A                             0.750000    0.756012   -0.006012 (VIOLATED)
fanout962/A                             0.750000    0.756012   -0.006012 (VIOLATED)
fanout963/A                             0.750000    0.756012   -0.006012 (VIOLATED)
fanout964/A                             0.750000    0.756012   -0.006012 (VIOLATED)
fanout966/X                             0.750000    0.756012   -0.006012 (VIOLATED)
_18691_/A2                              0.750000    0.755772   -0.005772 (VIOLATED)
_18698_/A2                              0.750000    0.755772   -0.005772 (VIOLATED)
_18812_/A2                              0.750000    0.755772   -0.005772 (VIOLATED)
_18827_/A2                              0.750000    0.755772   -0.005772 (VIOLATED)
_18834_/A2                              0.750000    0.755772   -0.005772 (VIOLATED)
_18841_/A2                              0.750000    0.755772   -0.005772 (VIOLATED)
_18848_/A2                              0.750000    0.755772   -0.005772 (VIOLATED)
_18855_/A2                              0.750000    0.755772   -0.005772 (VIOLATED)
_18862_/A2                              0.750000    0.755772   -0.005772 (VIOLATED)
_18869_/A2                              0.750000    0.755772   -0.005772 (VIOLATED)
fanout1135/X                            0.750000    0.755772   -0.005772 (VIOLATED)
_10733_/A                               0.750000    0.754675   -0.004675 (VIOLATED)
_10725_/A2                              0.750000    0.754674   -0.004674 (VIOLATED)
_10790_/A                               0.750000    0.754671   -0.004671 (VIOLATED)
_10659_/A1                              0.750000    0.754669   -0.004670 (VIOLATED)
_10670_/B2                              0.750000    0.754669   -0.004670 (VIOLATED)
_10777_/B2                              0.750000    0.754669   -0.004670 (VIOLATED)
fanout1661/X                            0.750000    0.754669   -0.004670 (VIOLATED)
load_slew1662/A                         0.750000    0.754669   -0.004670 (VIOLATED)
_12464_/A                               0.750000    0.754609   -0.004609 (VIOLATED)
_12469_/B1                              0.750000    0.754609   -0.004609 (VIOLATED)
_12475_/A                               0.750000    0.754609   -0.004609 (VIOLATED)
_12486_/A                               0.750000    0.754609   -0.004609 (VIOLATED)
_12491_/A                               0.750000    0.754609   -0.004609 (VIOLATED)
_12496_/A                               0.750000    0.754609   -0.004609 (VIOLATED)
_12507_/A                               0.750000    0.754609   -0.004609 (VIOLATED)
_12512_/A                               0.750000    0.754609   -0.004609 (VIOLATED)
_12517_/A                               0.750000    0.754609   -0.004609 (VIOLATED)
_12550_/A                               0.750000    0.754609   -0.004609 (VIOLATED)
fanout724/X                             0.750000    0.754609   -0.004609 (VIOLATED)
_10596_/A1                              0.750000    0.754090   -0.004090 (VIOLATED)
_10600_/A                               0.750000    0.754090   -0.004090 (VIOLATED)
_10610_/A1                              0.750000    0.754090   -0.004090 (VIOLATED)
_10613_/B1                              0.750000    0.754090   -0.004090 (VIOLATED)
_11349_/A1                              0.750000    0.754090   -0.004090 (VIOLATED)
fanout1681/X                            0.750000    0.754090   -0.004090 (VIOLATED)
_18205_/A1                              0.750000    0.754025   -0.004025 (VIOLATED)
_12088_/B                               0.750000    0.754024   -0.004024 (VIOLATED)
_12092_/A                               0.750000    0.754024   -0.004024 (VIOLATED)
_12363_/B                               0.750000    0.754023   -0.004023 (VIOLATED)
_12091_/A                               0.750000    0.754021   -0.004021 (VIOLATED)
_12093_/C                               0.750000    0.754019   -0.004019 (VIOLATED)
_17968_/B                               0.750000    0.754018   -0.004018 (VIOLATED)
_17972_/B                               0.750000    0.754016   -0.004016 (VIOLATED)
_12010_/Y                               0.750000    0.754014   -0.004014 (VIOLATED)
_12012_/C                               0.750000    0.754014   -0.004014 (VIOLATED)
_12200_/A                               0.750000    0.754014   -0.004014 (VIOLATED)
_12127_/D                               0.750000    0.753707   -0.003707 (VIOLATED)
_12052_/A_N                             0.750000    0.753706   -0.003706 (VIOLATED)
_12105_/D_N                             0.750000    0.753703   -0.003703 (VIOLATED)
_12104_/B                               0.750000    0.753701   -0.003701 (VIOLATED)
_19704_/A1                              0.750000    0.753683   -0.003683 (VIOLATED)
fanout1914/X                            0.750000    0.753683   -0.003683 (VIOLATED)
_12647_/B1                              0.750000    0.753495   -0.003495 (VIOLATED)
_12642_/B1                              0.750000    0.753495   -0.003495 (VIOLATED)
_12654_/A2                              0.750000    0.753495   -0.003495 (VIOLATED)
_12661_/B1                              0.750000    0.753495   -0.003495 (VIOLATED)
_12636_/B1                              0.750000    0.753495   -0.003495 (VIOLATED)
_12596_/B                               0.750000    0.753494   -0.003494 (VIOLATED)
_12628_/B1                              0.750000    0.753494   -0.003494 (VIOLATED)
_12633_/B1                              0.750000    0.753494   -0.003494 (VIOLATED)
_12649_/B1                              0.750000    0.753494   -0.003494 (VIOLATED)
_12650_/B1                              0.750000    0.753494   -0.003494 (VIOLATED)
fanout873/X                             0.750000    0.753494   -0.003494 (VIOLATED)
_11979_/B2                              0.750000    0.753047   -0.003047 (VIOLATED)
_12265_/B                               0.750000    0.753047   -0.003047 (VIOLATED)
_13465_/B2                              0.750000    0.753047   -0.003047 (VIOLATED)
_13643_/B1                              0.750000    0.753047   -0.003047 (VIOLATED)
_13808_/A1                              0.750000    0.753047   -0.003047 (VIOLATED)
_14314_/A1                              0.750000    0.753047   -0.003047 (VIOLATED)
fanout1484/A                            0.750000    0.753047   -0.003047 (VIOLATED)
fanout1486/X                            0.750000    0.753047   -0.003047 (VIOLATED)
_18689_/A2                              0.750000    0.752802   -0.002802 (VIOLATED)
_18696_/A2                              0.750000    0.752802   -0.002802 (VIOLATED)
_18810_/A2                              0.750000    0.752802   -0.002802 (VIOLATED)
_18818_/A2                              0.750000    0.752802   -0.002802 (VIOLATED)
_18825_/A2                              0.750000    0.752802   -0.002802 (VIOLATED)
_18832_/A2                              0.750000    0.752802   -0.002802 (VIOLATED)
_18839_/A2                              0.750000    0.752802   -0.002802 (VIOLATED)
_18846_/A2                              0.750000    0.752802   -0.002802 (VIOLATED)
_18853_/A2                              0.750000    0.752802   -0.002802 (VIOLATED)
_18860_/A2                              0.750000    0.752802   -0.002802 (VIOLATED)
fanout1195/X                            0.750000    0.752802   -0.002802 (VIOLATED)
_18463_/A0                              0.750000    0.752600   -0.002600 (VIOLATED)
_18690_/A2                              0.750000    0.752557   -0.002557 (VIOLATED)
_18687_/A1                              0.750000    0.752546   -0.002546 (VIOLATED)
load_slew734/A                          0.750000    0.752501   -0.002501 (VIOLATED)
_13807_/A2                              0.750000    0.752495   -0.002496 (VIOLATED)
_12232_/X                               0.750000    0.752487   -0.002487 (VIOLATED)
load_slew735/A                          0.750000    0.752487   -0.002487 (VIOLATED)
_12712_/A2                              0.750000    0.751285   -0.001285 (VIOLATED)
_12742_/A2                              0.750000    0.751285   -0.001285 (VIOLATED)
_12754_/A2                              0.750000    0.751285   -0.001285 (VIOLATED)
_12768_/A2                              0.750000    0.751285   -0.001285 (VIOLATED)
_12781_/A2                              0.750000    0.751285   -0.001285 (VIOLATED)
_12796_/A2                              0.750000    0.751285   -0.001285 (VIOLATED)
_12811_/A2                              0.750000    0.751285   -0.001285 (VIOLATED)
_12822_/A1                              0.750000    0.751285   -0.001285 (VIOLATED)
_12834_/A1                              0.750000    0.751285   -0.001285 (VIOLATED)
_12861_/A                               0.750000    0.751285   -0.001285 (VIOLATED)
fanout1435/X                            0.750000    0.751285   -0.001285 (VIOLATED)
_21135_/RESET_B                         0.750000    0.750590   -0.000590 (VIOLATED)
_21182_/RESET_B                         0.750000    0.750590   -0.000590 (VIOLATED)
_21227_/RESET_B                         0.750000    0.750590   -0.000590 (VIOLATED)
_21262_/RESET_B                         0.750000    0.750590   -0.000590 (VIOLATED)
_21264_/RESET_B                         0.750000    0.750590   -0.000590 (VIOLATED)
fanout2335/A                            0.750000    0.750590   -0.000590 (VIOLATED)
fanout2337/A                            0.750000    0.750590   -0.000590 (VIOLATED)
fanout2339/X                            0.750000    0.750590   -0.000590 (VIOLATED)

max fanout

Pin                                   Limit Fanout  Slack
---------------------------------------------------------
_12574_/X                                10     13     -3 (VIOLATED)
wire1353/X                               10     13     -3 (VIOLATED)
_21607_/Q                                10     11        (VIOLATED)
clkbuf_leaf_101_u_ibex_top.clk/X         10     11        (VIOLATED)
clkbuf_leaf_107_u_ibex_top.clk/X         10     11        (VIOLATED)
clkbuf_leaf_11_u_ibex_top.clk/X          10     11        (VIOLATED)
clkbuf_leaf_125_u_ibex_top.clk/X         10     11        (VIOLATED)
clkbuf_leaf_130_u_ibex_top.clk/X         10     11        (VIOLATED)
clkbuf_leaf_143_u_ibex_top.clk/X         10     11        (VIOLATED)
clkbuf_leaf_151_u_ibex_top.clk/X         10     11        (VIOLATED)
clkbuf_leaf_192_u_ibex_top.clk/X         10     11        (VIOLATED)
clkbuf_leaf_20_u_ibex_top.clk/X          10     11        (VIOLATED)
clkbuf_leaf_64_u_ibex_top.clk/X          10     11        (VIOLATED)
clkbuf_leaf_91_u_ibex_top.clk/X          10     11        (VIOLATED)
clkbuf_leaf_93_u_ibex_top.clk/X          10     11        (VIOLATED)
clkbuf_leaf_97_u_ibex_top.clk/X          10     11        (VIOLATED)
fanout1026/X                             10     11        (VIOLATED)
fanout1915/X                             10     11        (VIOLATED)

max capacitance

Pin                                        Limit         Cap       Slack
------------------------------------------------------------------------
fanout1913/X                            0.094309    0.144828   -0.050519 (VIOLATED)
fanout1915/X                            0.094309    0.124306   -0.029997 (VIOLATED)
fanout1949/X                            0.094309    0.123135   -0.028826 (VIOLATED)
fanout2294/X                            0.094309    0.120621   -0.026312 (VIOLATED)
fanout1781/X                            0.094309    0.115736   -0.021427 (VIOLATED)
fanout1024/X                            0.094309    0.115543   -0.021234 (VIOLATED)
fanout1764/X                            0.094309    0.114955   -0.020646 (VIOLATED)
fanout860/X                             0.094309    0.113981   -0.019672 (VIOLATED)
fanout1283/X                            0.094309    0.113171   -0.018862 (VIOLATED)
fanout1546/X                            0.094309    0.111996   -0.017687 (VIOLATED)
fanout1237/X                            0.094309    0.108561   -0.014252 (VIOLATED)
fanout1701/X                            0.094309    0.108469   -0.014160 (VIOLATED)
fanout1757/X                            0.094309    0.108057   -0.013748 (VIOLATED)
fanout1278/X                            0.094309    0.106469   -0.012160 (VIOLATED)
fanout1588/X                            0.094309    0.105960   -0.011651 (VIOLATED)
fanout1853/X                            0.094309    0.105098   -0.010789 (VIOLATED)
fanout1900/X                            0.094309    0.103508   -0.009199 (VIOLATED)
fanout1025/X                            0.094309    0.103481   -0.009172 (VIOLATED)
fanout2307/X                            0.094309    0.103431   -0.009122 (VIOLATED)
fanout2288/X                            0.094309    0.102604   -0.008295 (VIOLATED)
fanout1140/X                            0.094309    0.102588   -0.008279 (VIOLATED)
fanout1255/X                            0.094309    0.102488   -0.008179 (VIOLATED)
fanout2301/X                            0.094309    0.102459   -0.008150 (VIOLATED)
fanout1160/X                            0.094309    0.102221   -0.007912 (VIOLATED)
fanout1773/X                            0.094309    0.101367   -0.007058 (VIOLATED)
fanout2026/X                            0.094309    0.100679   -0.006370 (VIOLATED)
fanout1953/X                            0.094309    0.099621   -0.005312 (VIOLATED)
fanout1281/X                            0.094309    0.099522   -0.005213 (VIOLATED)
fanout926/X                             0.094309    0.099502   -0.005193 (VIOLATED)
fanout2302/X                            0.094309    0.098361   -0.004052 (VIOLATED)
fanout1020/X                            0.094309    0.097986   -0.003677 (VIOLATED)
fanout1031/X                            0.094309    0.097824   -0.003515 (VIOLATED)
fanout1026/X                            0.094309    0.097499   -0.003190 (VIOLATED)
fanout1823/X                            0.094309    0.097307   -0.002998 (VIOLATED)
fanout1256/X                            0.094309    0.096154   -0.001845 (VIOLATED)
fanout1756/X                            0.094309    0.096057   -0.001748 (VIOLATED)
fanout1158/X                            0.094309    0.096000   -0.001691 (VIOLATED)
fanout1207/X                            0.094309    0.095374   -0.001065 (VIOLATED)



===========================================================================
report_parasitic_annotation -report_unannotated
============================================================================
Found 163 unannotated drivers.
 _21699__2698/HI
 chipus_ibex_wrapper/HI
 chipus_ibex_wrapper_2699/HI
 chipus_ibex_wrapper_2700/HI
 chipus_ibex_wrapper_2701/HI
 chipus_ibex_wrapper_2702/HI
 chipus_ibex_wrapper_2703/HI
 chipus_ibex_wrapper_2704/HI
 clkload0/X
 clkload1/X
 clkload10/X
 clkload100/X
 clkload101/X
 clkload102/X
 clkload103/X
 clkload104/Y
 clkload105/Y
 clkload106/Y
 clkload107/X
 clkload108/Y
 clkload109/X
 clkload11/X
 clkload110/X
 clkload111/X
 clkload112/Y
 clkload113/X
 clkload114/X
 clkload115/X
 clkload116/X
 clkload117/X
 clkload118/X
 clkload119/X
 clkload12/X
 clkload120/X
 clkload121/X
 clkload122/X
 clkload123/X
 clkload124/X
 clkload125/Y
 clkload126/X
 clkload127/X
 clkload128/X
 clkload129/X
 clkload13/Y
 clkload130/X
 clkload131/X
 clkload132/X
 clkload133/X
 clkload134/X
 clkload135/X
 clkload136/X
 clkload137/X
 clkload138/X
 clkload139/Y
 clkload14/X
 clkload140/X
 clkload141/Y
 clkload142/X
 clkload143/Y
 clkload144/X
 clkload145/Y
 clkload146/Y
 clkload147/X
 clkload148/X
 clkload149/X
 clkload15/X
 clkload150/X
 clkload151/X
 clkload152/X
 clkload153/X
 clkload154/X
 clkload16/X
 clkload17/X
 clkload18/X
 clkload19/X
 clkload2/X
 clkload20/X
 clkload21/X
 clkload22/X
 clkload23/X
 clkload24/X
 clkload25/X
 clkload26/X
 clkload27/X
 clkload28/Y
 clkload29/X
 clkload3/X
 clkload30/X
 clkload31/X
 clkload32/X
 clkload33/X
 clkload34/Y
 clkload35/X
 clkload36/X
 clkload37/X
 clkload38/Y
 clkload39/X
 clkload4/X
 clkload40/Y
 clkload41/X
 clkload42/Y
 clkload43/Y
 clkload44/X
 clkload45/X
 clkload46/X
 clkload47/X
 clkload48/Y
 clkload49/X
 clkload5/X
 clkload50/Y
 clkload51/X
 clkload52/X
 clkload53/Y
 clkload54/X
 clkload55/X
 clkload56/X
 clkload57/X
 clkload58/Y
 clkload59/Y
 clkload6/X
 clkload60/X
 clkload61/X
 clkload62/Y
 clkload63/X
 clkload64/X
 clkload65/X
 clkload66/X
 clkload67/X
 clkload68/X
 clkload69/X
 clkload7/X
 clkload70/X
 clkload71/X
 clkload72/X
 clkload73/X
 clkload74/Y
 clkload75/Y
 clkload76/X
 clkload77/X
 clkload78/X
 clkload79/Y
 clkload8/Y
 clkload80/X
 clkload81/X
 clkload82/X
 clkload83/Y
 clkload84/X
 clkload85/X
 clkload86/Y
 clkload87/X
 clkload88/X
 clkload89/X
 clkload9/X
 clkload90/X
 clkload91/X
 clkload92/X
 clkload93/X
 clkload94/X
 clkload95/Y
 clkload96/X
 clkload97/X
 clkload98/X
 clkload99/X
Found 0 partially unannotated drivers.

===========================================================================
max slew violation count 5200
max fanout violation count 18
max cap violation count 38
============================================================================

===========================================================================
check_setup -verbose -unconstrained_endpoints -multiple_clock -no_clock -no_input_delay -loops -generated_clocks
===========================================================================
