
 /----------------------------------------------------------------------------\
 |  yosys -- Yosys Open SYnthesis Suite                                       |
 |  Copyright (C) 2012 - 2026  Claire Xenia Wolf <claire@yosyshq.com>         |
 |  Distributed under an ISC-like license, type "license" to see terms        |
 \----------------------------------------------------------------------------/
 Yosys 0.62 (git sha1 7326bb7d6641500ecb285c291a54a662cb1e76cf, clang++ 21.1.2 -fPIC -O3)

1. Executing Verilog-2005 frontend: /home/designer/shared/chipus-soc/mini-SoC/experiments/librelane-ibex/runs/ibex-cts/tmp/0e0051799fcf4fdc9efb1380652b5d26.bb.v
Parsing SystemVerilog input from `/home/designer/shared/chipus-soc/mini-SoC/experiments/librelane-ibex/runs/ibex-cts/tmp/0e0051799fcf4fdc9efb1380652b5d26.bb.v' to AST representation.
Generating RTLIL representation for module `\sky130_ef_sc_hd__decap_12'.
Generating RTLIL representation for module `\sky130_ef_sc_hd__fill_12'.
Generating RTLIL representation for module `\sky130_ef_sc_hd__fill_4'.
Generating RTLIL representation for module `\sky130_ef_sc_hd__fill_8'.
Generating RTLIL representation for module `\sky130_fd_sc_hd__a2111o_1'.
Generating RTLIL representation for module `\sky130_fd_sc_hd__a2111o_2'.
Generating RTLIL representation for module `\sky130_fd_sc_hd__a2111o_4'.
Generating RTLIL representation for module `\sky130_fd_sc_hd__a2111oi_0'.
Generating RTLIL representation for module `\sky130_fd_sc_hd__a2111oi_1'.
Generating RTLIL representation for module `\sky130_fd_sc_hd__a2111oi_2'.
Generating RTLIL representation for module `\sky130_fd_sc_hd__a2111oi_4'.
Generating RTLIL representation for module `\sky130_fd_sc_hd__a211o_1'.
Generating RTLIL representation for module `\sky130_fd_sc_hd__a211o_2'.
Generating RTLIL representation for module `\sky130_fd_sc_hd__a211o_4'.
Generating RTLIL representation for module `\sky130_fd_sc_hd__a211oi_1'.
Generating RTLIL representation for module `\sky130_fd_sc_hd__a211oi_2'.
Generating RTLIL representation for module `\sky130_fd_sc_hd__a211oi_4'.
Generating RTLIL representation for module `\sky130_fd_sc_hd__a21bo_1'.
Generating RTLIL representation for module `\sky130_fd_sc_hd__a21bo_2'.
Generating RTLIL representation for module `\sky130_fd_sc_hd__a21bo_4'.
Generating RTLIL representation for module `\sky130_fd_sc_hd__a21boi_0'.
Generating RTLIL representation for module `\sky130_fd_sc_hd__a21boi_1'.
Generating RTLIL representation for module `\sky130_fd_sc_hd__a21boi_2'.
Generating RTLIL representation for module `\sky130_fd_sc_hd__a21boi_4'.
Generating RTLIL representation for module `\sky130_fd_sc_hd__a21o_1'.
Generating RTLIL representation for module `\sky130_fd_sc_hd__a21o_2'.
Generating RTLIL representation for module `\sky130_fd_sc_hd__a21o_4'.
Generating RTLIL representation for module `\sky130_fd_sc_hd__a21oi_1'.
Generating RTLIL representation for module `\sky130_fd_sc_hd__a21oi_2'.
Generating RTLIL representation for module `\sky130_fd_sc_hd__a21oi_4'.
Generating RTLIL representation for module `\sky130_fd_sc_hd__a221o_1'.
Generating RTLIL representation for module `\sky130_fd_sc_hd__a221o_2'.
Generating RTLIL representation for module `\sky130_fd_sc_hd__a221o_4'.
Generating RTLIL representation for module `\sky130_fd_sc_hd__a221oi_1'.
Generating RTLIL representation for module `\sky130_fd_sc_hd__a221oi_2'.
Generating RTLIL representation for module `\sky130_fd_sc_hd__a221oi_4'.
Generating RTLIL representation for module `\sky130_fd_sc_hd__a222oi_1'.
Generating RTLIL representation for module `\sky130_fd_sc_hd__a22o_1'.
Generating RTLIL representation for module `\sky130_fd_sc_hd__a22o_2'.
Generating RTLIL representation for module `\sky130_fd_sc_hd__a22o_4'.
Generating RTLIL representation for module `\sky130_fd_sc_hd__a22oi_1'.
Generating RTLIL representation for module `\sky130_fd_sc_hd__a22oi_2'.
Generating RTLIL representation for module `\sky130_fd_sc_hd__a22oi_4'.
Generating RTLIL representation for module `\sky130_fd_sc_hd__a2bb2o_1'.
Generating RTLIL representation for module `\sky130_fd_sc_hd__a2bb2o_2'.
Generating RTLIL representation for module `\sky130_fd_sc_hd__a2bb2o_4'.
Generating RTLIL representation for module `\sky130_fd_sc_hd__a2bb2oi_1'.
Generating RTLIL representation for module `\sky130_fd_sc_hd__a2bb2oi_2'.
Generating RTLIL representation for module `\sky130_fd_sc_hd__a2bb2oi_4'.
Generating RTLIL representation for module `\sky130_fd_sc_hd__a311o_1'.
Generating RTLIL representation for module `\sky130_fd_sc_hd__a311o_2'.
Generating RTLIL representation for module `\sky130_fd_sc_hd__a311o_4'.
Generating RTLIL representation for module `\sky130_fd_sc_hd__a311oi_1'.
Generating RTLIL representation for module `\sky130_fd_sc_hd__a311oi_2'.
Generating RTLIL representation for module `\sky130_fd_sc_hd__a311oi_4'.
Generating RTLIL representation for module `\sky130_fd_sc_hd__a31o_1'.
Generating RTLIL representation for module `\sky130_fd_sc_hd__a31o_2'.
Generating RTLIL representation for module `\sky130_fd_sc_hd__a31o_4'.
Generating RTLIL representation for module `\sky130_fd_sc_hd__a31oi_1'.
Generating RTLIL representation for module `\sky130_fd_sc_hd__a31oi_2'.
Generating RTLIL representation for module `\sky130_fd_sc_hd__a31oi_4'.
Generating RTLIL representation for module `\sky130_fd_sc_hd__a32o_1'.
Generating RTLIL representation for module `\sky130_fd_sc_hd__a32o_2'.
Generating RTLIL representation for module `\sky130_fd_sc_hd__a32o_4'.
Generating RTLIL representation for module `\sky130_fd_sc_hd__a32oi_1'.
Generating RTLIL representation for module `\sky130_fd_sc_hd__a32oi_2'.
Generating RTLIL representation for module `\sky130_fd_sc_hd__a32oi_4'.
Generating RTLIL representation for module `\sky130_fd_sc_hd__a41o_1'.
Generating RTLIL representation for module `\sky130_fd_sc_hd__a41o_2'.
Generating RTLIL representation for module `\sky130_fd_sc_hd__a41o_4'.
Generating RTLIL representation for module `\sky130_fd_sc_hd__a41oi_1'.
Generating RTLIL representation for module `\sky130_fd_sc_hd__a41oi_2'.
Generating RTLIL representation for module `\sky130_fd_sc_hd__a41oi_4'.
Generating RTLIL representation for module `\sky130_fd_sc_hd__and2_0'.
Generating RTLIL representation for module `\sky130_fd_sc_hd__and2_1'.
Generating RTLIL representation for module `\sky130_fd_sc_hd__and2_2'.
Generating RTLIL representation for module `\sky130_fd_sc_hd__and2_4'.
Generating RTLIL representation for module `\sky130_fd_sc_hd__and2b_1'.
Generating RTLIL representation for module `\sky130_fd_sc_hd__and2b_2'.
Generating RTLIL representation for module `\sky130_fd_sc_hd__and2b_4'.
Generating RTLIL representation for module `\sky130_fd_sc_hd__and3_1'.
Generating RTLIL representation for module `\sky130_fd_sc_hd__and3_2'.
Generating RTLIL representation for module `\sky130_fd_sc_hd__and3_4'.
Generating RTLIL representation for module `\sky130_fd_sc_hd__and3b_1'.
Generating RTLIL representation for module `\sky130_fd_sc_hd__and3b_2'.
Generating RTLIL representation for module `\sky130_fd_sc_hd__and3b_4'.
Generating RTLIL representation for module `\sky130_fd_sc_hd__and4_1'.
Generating RTLIL representation for module `\sky130_fd_sc_hd__and4_2'.
Generating RTLIL representation for module `\sky130_fd_sc_hd__and4_4'.
Generating RTLIL representation for module `\sky130_fd_sc_hd__and4b_1'.
Generating RTLIL representation for module `\sky130_fd_sc_hd__and4b_2'.
Generating RTLIL representation for module `\sky130_fd_sc_hd__and4b_4'.
Generating RTLIL representation for module `\sky130_fd_sc_hd__and4bb_1'.
Generating RTLIL representation for module `\sky130_fd_sc_hd__and4bb_2'.
Generating RTLIL representation for module `\sky130_fd_sc_hd__and4bb_4'.
Generating RTLIL representation for module `\sky130_fd_sc_hd__buf_1'.
Generating RTLIL representation for module `\sky130_fd_sc_hd__buf_12'.
Generating RTLIL representation for module `\sky130_fd_sc_hd__buf_16'.
Generating RTLIL representation for module `\sky130_fd_sc_hd__buf_2'.
Generating RTLIL representation for module `\sky130_fd_sc_hd__buf_4'.
Generating RTLIL representation for module `\sky130_fd_sc_hd__buf_6'.
Generating RTLIL representation for module `\sky130_fd_sc_hd__buf_8'.
Generating RTLIL representation for module `\sky130_fd_sc_hd__bufbuf_16'.
Generating RTLIL representation for module `\sky130_fd_sc_hd__bufbuf_8'.
Generating RTLIL representation for module `\sky130_fd_sc_hd__bufinv_16'.
Generating RTLIL representation for module `\sky130_fd_sc_hd__bufinv_8'.
Generating RTLIL representation for module `\sky130_fd_sc_hd__clkbuf_1'.
Generating RTLIL representation for module `\sky130_fd_sc_hd__clkbuf_16'.
Generating RTLIL representation for module `\sky130_fd_sc_hd__clkbuf_2'.
Generating RTLIL representation for module `\sky130_fd_sc_hd__clkbuf_4'.
Generating RTLIL representation for module `\sky130_fd_sc_hd__clkbuf_8'.
Generating RTLIL representation for module `\sky130_fd_sc_hd__clkdlybuf4s15_1'.
Generating RTLIL representation for module `\sky130_fd_sc_hd__clkdlybuf4s15_2'.
Generating RTLIL representation for module `\sky130_fd_sc_hd__clkdlybuf4s18_1'.
Generating RTLIL representation for module `\sky130_fd_sc_hd__clkdlybuf4s18_2'.
Generating RTLIL representation for module `\sky130_fd_sc_hd__clkdlybuf4s25_1'.
Generating RTLIL representation for module `\sky130_fd_sc_hd__clkdlybuf4s25_2'.
Generating RTLIL representation for module `\sky130_fd_sc_hd__clkdlybuf4s50_1'.
Generating RTLIL representation for module `\sky130_fd_sc_hd__clkdlybuf4s50_2'.
Generating RTLIL representation for module `\sky130_fd_sc_hd__clkinv_1'.
Generating RTLIL representation for module `\sky130_fd_sc_hd__clkinv_16'.
Generating RTLIL representation for module `\sky130_fd_sc_hd__clkinv_2'.
Generating RTLIL representation for module `\sky130_fd_sc_hd__clkinv_4'.
Generating RTLIL representation for module `\sky130_fd_sc_hd__clkinv_8'.
Generating RTLIL representation for module `\sky130_fd_sc_hd__clkinvlp_2'.
Generating RTLIL representation for module `\sky130_fd_sc_hd__clkinvlp_4'.
Generating RTLIL representation for module `\sky130_fd_sc_hd__conb_1'.
Generating RTLIL representation for module `\sky130_fd_sc_hd__decap_12'.
Generating RTLIL representation for module `\sky130_fd_sc_hd__decap_3'.
Generating RTLIL representation for module `\sky130_fd_sc_hd__decap_4'.
Generating RTLIL representation for module `\sky130_fd_sc_hd__decap_6'.
Generating RTLIL representation for module `\sky130_fd_sc_hd__decap_8'.
Generating RTLIL representation for module `\sky130_fd_sc_hd__dfbbn_1'.
Generating RTLIL representation for module `\sky130_fd_sc_hd__dfbbn_2'.
Generating RTLIL representation for module `\sky130_fd_sc_hd__dfbbp_1'.
Generating RTLIL representation for module `\sky130_fd_sc_hd__dfrbp_1'.
Generating RTLIL representation for module `\sky130_fd_sc_hd__dfrbp_2'.
Generating RTLIL representation for module `\sky130_fd_sc_hd__dfrtn_1'.
Generating RTLIL representation for module `\sky130_fd_sc_hd__dfrtp_1'.
Generating RTLIL representation for module `\sky130_fd_sc_hd__dfrtp_2'.
Generating RTLIL representation for module `\sky130_fd_sc_hd__dfrtp_4'.
Generating RTLIL representation for module `\sky130_fd_sc_hd__dfsbp_1'.
Generating RTLIL representation for module `\sky130_fd_sc_hd__dfsbp_2'.
Generating RTLIL representation for module `\sky130_fd_sc_hd__dfstp_1'.
Generating RTLIL representation for module `\sky130_fd_sc_hd__dfstp_2'.
Generating RTLIL representation for module `\sky130_fd_sc_hd__dfstp_4'.
Generating RTLIL representation for module `\sky130_fd_sc_hd__dfxbp_1'.
Generating RTLIL representation for module `\sky130_fd_sc_hd__dfxbp_2'.
Generating RTLIL representation for module `\sky130_fd_sc_hd__dfxtp_1'.
Generating RTLIL representation for module `\sky130_fd_sc_hd__dfxtp_2'.
Generating RTLIL representation for module `\sky130_fd_sc_hd__dfxtp_4'.
Generating RTLIL representation for module `\sky130_fd_sc_hd__diode_2'.
Generating RTLIL representation for module `\sky130_fd_sc_hd__dlclkp_1'.
Generating RTLIL representation for module `\sky130_fd_sc_hd__dlclkp_2'.
Generating RTLIL representation for module `\sky130_fd_sc_hd__dlclkp_4'.
Generating RTLIL representation for module `\sky130_fd_sc_hd__dlrbn_1'.
Generating RTLIL representation for module `\sky130_fd_sc_hd__dlrbn_2'.
Generating RTLIL representation for module `\sky130_fd_sc_hd__dlrbp_1'.
Generating RTLIL representation for module `\sky130_fd_sc_hd__dlrbp_2'.
Generating RTLIL representation for module `\sky130_fd_sc_hd__dlrtn_1'.
Generating RTLIL representation for module `\sky130_fd_sc_hd__dlrtn_2'.
Generating RTLIL representation for module `\sky130_fd_sc_hd__dlrtn_4'.
Generating RTLIL representation for module `\sky130_fd_sc_hd__dlrtp_1'.
Generating RTLIL representation for module `\sky130_fd_sc_hd__dlrtp_2'.
Generating RTLIL representation for module `\sky130_fd_sc_hd__dlrtp_4'.
Generating RTLIL representation for module `\sky130_fd_sc_hd__dlxbn_1'.
Generating RTLIL representation for module `\sky130_fd_sc_hd__dlxbn_2'.
Generating RTLIL representation for module `\sky130_fd_sc_hd__dlxbp_1'.
Generating RTLIL representation for module `\sky130_fd_sc_hd__dlxtn_1'.
Generating RTLIL representation for module `\sky130_fd_sc_hd__dlxtn_2'.
Generating RTLIL representation for module `\sky130_fd_sc_hd__dlxtn_4'.
Generating RTLIL representation for module `\sky130_fd_sc_hd__dlxtp_1'.
Generating RTLIL representation for module `\sky130_fd_sc_hd__dlygate4sd1_1'.
Generating RTLIL representation for module `\sky130_fd_sc_hd__dlygate4sd2_1'.
Generating RTLIL representation for module `\sky130_fd_sc_hd__dlygate4sd3_1'.
Generating RTLIL representation for module `\sky130_fd_sc_hd__dlymetal6s2s_1'.
Generating RTLIL representation for module `\sky130_fd_sc_hd__dlymetal6s4s_1'.
Generating RTLIL representation for module `\sky130_fd_sc_hd__dlymetal6s6s_1'.
Generating RTLIL representation for module `\sky130_fd_sc_hd__ebufn_1'.
Generating RTLIL representation for module `\sky130_fd_sc_hd__ebufn_2'.
Generating RTLIL representation for module `\sky130_fd_sc_hd__ebufn_4'.
Generating RTLIL representation for module `\sky130_fd_sc_hd__ebufn_8'.
Generating RTLIL representation for module `\sky130_fd_sc_hd__edfxbp_1'.
Generating RTLIL representation for module `\sky130_fd_sc_hd__edfxtp_1'.
Generating RTLIL representation for module `\sky130_fd_sc_hd__einvn_0'.
Generating RTLIL representation for module `\sky130_fd_sc_hd__einvn_1'.
Generating RTLIL representation for module `\sky130_fd_sc_hd__einvn_2'.
Generating RTLIL representation for module `\sky130_fd_sc_hd__einvn_4'.
Generating RTLIL representation for module `\sky130_fd_sc_hd__einvn_8'.
Generating RTLIL representation for module `\sky130_fd_sc_hd__einvp_1'.
Generating RTLIL representation for module `\sky130_fd_sc_hd__einvp_2'.
Generating RTLIL representation for module `\sky130_fd_sc_hd__einvp_4'.
Generating RTLIL representation for module `\sky130_fd_sc_hd__einvp_8'.
Generating RTLIL representation for module `\sky130_fd_sc_hd__fa_1'.
Generating RTLIL representation for module `\sky130_fd_sc_hd__fa_2'.
Generating RTLIL representation for module `\sky130_fd_sc_hd__fa_4'.
Generating RTLIL representation for module `\sky130_fd_sc_hd__fah_1'.
Generating RTLIL representation for module `\sky130_fd_sc_hd__fahcin_1'.
Generating RTLIL representation for module `\sky130_fd_sc_hd__fahcon_1'.
Generating RTLIL representation for module `\sky130_fd_sc_hd__fill_1'.
Generating RTLIL representation for module `\sky130_fd_sc_hd__fill_2'.
Generating RTLIL representation for module `\sky130_fd_sc_hd__fill_4'.
Generating RTLIL representation for module `\sky130_fd_sc_hd__fill_8'.
Generating RTLIL representation for module `\sky130_fd_sc_hd__ha_1'.
Generating RTLIL representation for module `\sky130_fd_sc_hd__ha_2'.
Generating RTLIL representation for module `\sky130_fd_sc_hd__ha_4'.
Generating RTLIL representation for module `\sky130_fd_sc_hd__inv_1'.
Generating RTLIL representation for module `\sky130_fd_sc_hd__inv_12'.
Generating RTLIL representation for module `\sky130_fd_sc_hd__inv_16'.
Generating RTLIL representation for module `\sky130_fd_sc_hd__inv_2'.
Generating RTLIL representation for module `\sky130_fd_sc_hd__inv_4'.
Generating RTLIL representation for module `\sky130_fd_sc_hd__inv_6'.
Generating RTLIL representation for module `\sky130_fd_sc_hd__inv_8'.
Generating RTLIL representation for module `\sky130_fd_sc_hd__lpflow_bleeder_1'.
Generating RTLIL representation for module `\sky130_fd_sc_hd__lpflow_clkbufkapwr_1'.
Generating RTLIL representation for module `\sky130_fd_sc_hd__lpflow_clkbufkapwr_16'.
Generating RTLIL representation for module `\sky130_fd_sc_hd__lpflow_clkbufkapwr_2'.
Generating RTLIL representation for module `\sky130_fd_sc_hd__lpflow_clkbufkapwr_4'.
Generating RTLIL representation for module `\sky130_fd_sc_hd__lpflow_clkbufkapwr_8'.
Generating RTLIL representation for module `\sky130_fd_sc_hd__lpflow_clkinvkapwr_1'.
Generating RTLIL representation for module `\sky130_fd_sc_hd__lpflow_clkinvkapwr_16'.
Generating RTLIL representation for module `\sky130_fd_sc_hd__lpflow_clkinvkapwr_2'.
Generating RTLIL representation for module `\sky130_fd_sc_hd__lpflow_clkinvkapwr_4'.
Generating RTLIL representation for module `\sky130_fd_sc_hd__lpflow_clkinvkapwr_8'.
Generating RTLIL representation for module `\sky130_fd_sc_hd__lpflow_decapkapwr_12'.
Generating RTLIL representation for module `\sky130_fd_sc_hd__lpflow_decapkapwr_3'.
Generating RTLIL representation for module `\sky130_fd_sc_hd__lpflow_decapkapwr_4'.
Generating RTLIL representation for module `\sky130_fd_sc_hd__lpflow_decapkapwr_6'.
Generating RTLIL representation for module `\sky130_fd_sc_hd__lpflow_decapkapwr_8'.
Generating RTLIL representation for module `\sky130_fd_sc_hd__lpflow_inputiso0n_1'.
Generating RTLIL representation for module `\sky130_fd_sc_hd__lpflow_inputiso0p_1'.
Generating RTLIL representation for module `\sky130_fd_sc_hd__lpflow_inputiso1n_1'.
Generating RTLIL representation for module `\sky130_fd_sc_hd__lpflow_inputiso1p_1'.
Generating RTLIL representation for module `\sky130_fd_sc_hd__lpflow_inputisolatch_1'.
Generating RTLIL representation for module `\sky130_fd_sc_hd__lpflow_isobufsrc_1'.
Generating RTLIL representation for module `\sky130_fd_sc_hd__lpflow_isobufsrc_16'.
Generating RTLIL representation for module `\sky130_fd_sc_hd__lpflow_isobufsrc_2'.
Generating RTLIL representation for module `\sky130_fd_sc_hd__lpflow_isobufsrc_4'.
Generating RTLIL representation for module `\sky130_fd_sc_hd__lpflow_isobufsrc_8'.
Generating RTLIL representation for module `\sky130_fd_sc_hd__lpflow_isobufsrckapwr_16'.
Generating RTLIL representation for module `\sky130_fd_sc_hd__lpflow_lsbuf_lh_hl_isowell_tap_1'.
Generating RTLIL representation for module `\sky130_fd_sc_hd__lpflow_lsbuf_lh_hl_isowell_tap_2'.
Generating RTLIL representation for module `\sky130_fd_sc_hd__lpflow_lsbuf_lh_hl_isowell_tap_4'.
Generating RTLIL representation for module `\sky130_fd_sc_hd__lpflow_lsbuf_lh_isowell_4'.
Generating RTLIL representation for module `\sky130_fd_sc_hd__lpflow_lsbuf_lh_isowell_tap_1'.
Generating RTLIL representation for module `\sky130_fd_sc_hd__lpflow_lsbuf_lh_isowell_tap_2'.
Generating RTLIL representation for module `\sky130_fd_sc_hd__lpflow_lsbuf_lh_isowell_tap_4'.
Generating RTLIL representation for module `\sky130_fd_sc_hd__macro_sparecell'.
Generating RTLIL representation for module `\sky130_fd_sc_hd__maj3_1'.
Generating RTLIL representation for module `\sky130_fd_sc_hd__maj3_2'.
Generating RTLIL representation for module `\sky130_fd_sc_hd__maj3_4'.
Generating RTLIL representation for module `\sky130_fd_sc_hd__mux2_1'.
Generating RTLIL representation for module `\sky130_fd_sc_hd__mux2_2'.
Generating RTLIL representation for module `\sky130_fd_sc_hd__mux2_4'.
Generating RTLIL representation for module `\sky130_fd_sc_hd__mux2_8'.
Generating RTLIL representation for module `\sky130_fd_sc_hd__mux2i_1'.
Generating RTLIL representation for module `\sky130_fd_sc_hd__mux2i_2'.
Generating RTLIL representation for module `\sky130_fd_sc_hd__mux2i_4'.
Generating RTLIL representation for module `\sky130_fd_sc_hd__mux4_1'.
Generating RTLIL representation for module `\sky130_fd_sc_hd__mux4_2'.
Generating RTLIL representation for module `\sky130_fd_sc_hd__mux4_4'.
Generating RTLIL representation for module `\sky130_fd_sc_hd__nand2_1'.
Generating RTLIL representation for module `\sky130_fd_sc_hd__nand2_2'.
Generating RTLIL representation for module `\sky130_fd_sc_hd__nand2_4'.
Generating RTLIL representation for module `\sky130_fd_sc_hd__nand2_8'.
Generating RTLIL representation for module `\sky130_fd_sc_hd__nand2b_1'.
Generating RTLIL representation for module `\sky130_fd_sc_hd__nand2b_2'.
Generating RTLIL representation for module `\sky130_fd_sc_hd__nand2b_4'.
Generating RTLIL representation for module `\sky130_fd_sc_hd__nand3_1'.
Generating RTLIL representation for module `\sky130_fd_sc_hd__nand3_2'.
Generating RTLIL representation for module `\sky130_fd_sc_hd__nand3_4'.
Generating RTLIL representation for module `\sky130_fd_sc_hd__nand3b_1'.
Generating RTLIL representation for module `\sky130_fd_sc_hd__nand3b_2'.
Generating RTLIL representation for module `\sky130_fd_sc_hd__nand3b_4'.
Generating RTLIL representation for module `\sky130_fd_sc_hd__nand4_1'.
Generating RTLIL representation for module `\sky130_fd_sc_hd__nand4_2'.
Generating RTLIL representation for module `\sky130_fd_sc_hd__nand4_4'.
Generating RTLIL representation for module `\sky130_fd_sc_hd__nand4b_1'.
Generating RTLIL representation for module `\sky130_fd_sc_hd__nand4b_2'.
Generating RTLIL representation for module `\sky130_fd_sc_hd__nand4b_4'.
Generating RTLIL representation for module `\sky130_fd_sc_hd__nand4bb_1'.
Generating RTLIL representation for module `\sky130_fd_sc_hd__nand4bb_2'.
Generating RTLIL representation for module `\sky130_fd_sc_hd__nand4bb_4'.
Generating RTLIL representation for module `\sky130_fd_sc_hd__nor2_1'.
Generating RTLIL representation for module `\sky130_fd_sc_hd__nor2_2'.
Generating RTLIL representation for module `\sky130_fd_sc_hd__nor2_4'.
Generating RTLIL representation for module `\sky130_fd_sc_hd__nor2_8'.
Generating RTLIL representation for module `\sky130_fd_sc_hd__nor2b_1'.
Generating RTLIL representation for module `\sky130_fd_sc_hd__nor2b_2'.
Generating RTLIL representation for module `\sky130_fd_sc_hd__nor2b_4'.
Generating RTLIL representation for module `\sky130_fd_sc_hd__nor3_1'.
Generating RTLIL representation for module `\sky130_fd_sc_hd__nor3_2'.
Generating RTLIL representation for module `\sky130_fd_sc_hd__nor3_4'.
Generating RTLIL representation for module `\sky130_fd_sc_hd__nor3b_1'.
Generating RTLIL representation for module `\sky130_fd_sc_hd__nor3b_2'.
Generating RTLIL representation for module `\sky130_fd_sc_hd__nor3b_4'.
Generating RTLIL representation for module `\sky130_fd_sc_hd__nor4_1'.
Generating RTLIL representation for module `\sky130_fd_sc_hd__nor4_2'.
Generating RTLIL representation for module `\sky130_fd_sc_hd__nor4_4'.
Generating RTLIL representation for module `\sky130_fd_sc_hd__nor4b_1'.
Generating RTLIL representation for module `\sky130_fd_sc_hd__nor4b_2'.
Generating RTLIL representation for module `\sky130_fd_sc_hd__nor4b_4'.
Generating RTLIL representation for module `\sky130_fd_sc_hd__nor4bb_1'.
Generating RTLIL representation for module `\sky130_fd_sc_hd__nor4bb_2'.
Generating RTLIL representation for module `\sky130_fd_sc_hd__nor4bb_4'.
Generating RTLIL representation for module `\sky130_fd_sc_hd__o2111a_1'.
Generating RTLIL representation for module `\sky130_fd_sc_hd__o2111a_2'.
Generating RTLIL representation for module `\sky130_fd_sc_hd__o2111a_4'.
Generating RTLIL representation for module `\sky130_fd_sc_hd__o2111ai_1'.
Generating RTLIL representation for module `\sky130_fd_sc_hd__o2111ai_2'.
Generating RTLIL representation for module `\sky130_fd_sc_hd__o2111ai_4'.
Generating RTLIL representation for module `\sky130_fd_sc_hd__o211a_1'.
Generating RTLIL representation for module `\sky130_fd_sc_hd__o211a_2'.
Generating RTLIL representation for module `\sky130_fd_sc_hd__o211a_4'.
Generating RTLIL representation for module `\sky130_fd_sc_hd__o211ai_1'.
Generating RTLIL representation for module `\sky130_fd_sc_hd__o211ai_2'.
Generating RTLIL representation for module `\sky130_fd_sc_hd__o211ai_4'.
Generating RTLIL representation for module `\sky130_fd_sc_hd__o21a_1'.
Generating RTLIL representation for module `\sky130_fd_sc_hd__o21a_2'.
Generating RTLIL representation for module `\sky130_fd_sc_hd__o21a_4'.
Generating RTLIL representation for module `\sky130_fd_sc_hd__o21ai_0'.
Generating RTLIL representation for module `\sky130_fd_sc_hd__o21ai_1'.
Generating RTLIL representation for module `\sky130_fd_sc_hd__o21ai_2'.
Generating RTLIL representation for module `\sky130_fd_sc_hd__o21ai_4'.
Generating RTLIL representation for module `\sky130_fd_sc_hd__o21ba_1'.
Generating RTLIL representation for module `\sky130_fd_sc_hd__o21ba_2'.
Generating RTLIL representation for module `\sky130_fd_sc_hd__o21ba_4'.
Generating RTLIL representation for module `\sky130_fd_sc_hd__o21bai_1'.
Generating RTLIL representation for module `\sky130_fd_sc_hd__o21bai_2'.
Generating RTLIL representation for module `\sky130_fd_sc_hd__o21bai_4'.
Generating RTLIL representation for module `\sky130_fd_sc_hd__o221a_1'.
Generating RTLIL representation for module `\sky130_fd_sc_hd__o221a_2'.
Generating RTLIL representation for module `\sky130_fd_sc_hd__o221a_4'.
Generating RTLIL representation for module `\sky130_fd_sc_hd__o221ai_1'.
Generating RTLIL representation for module `\sky130_fd_sc_hd__o221ai_2'.
Generating RTLIL representation for module `\sky130_fd_sc_hd__o221ai_4'.
Generating RTLIL representation for module `\sky130_fd_sc_hd__o22a_1'.
Generating RTLIL representation for module `\sky130_fd_sc_hd__o22a_2'.
Generating RTLIL representation for module `\sky130_fd_sc_hd__o22a_4'.
Generating RTLIL representation for module `\sky130_fd_sc_hd__o22ai_1'.
Generating RTLIL representation for module `\sky130_fd_sc_hd__o22ai_2'.
Generating RTLIL representation for module `\sky130_fd_sc_hd__o22ai_4'.
Generating RTLIL representation for module `\sky130_fd_sc_hd__o2bb2a_1'.
Generating RTLIL representation for module `\sky130_fd_sc_hd__o2bb2a_2'.
Generating RTLIL representation for module `\sky130_fd_sc_hd__o2bb2a_4'.
Generating RTLIL representation for module `\sky130_fd_sc_hd__o2bb2ai_1'.
Generating RTLIL representation for module `\sky130_fd_sc_hd__o2bb2ai_2'.
Generating RTLIL representation for module `\sky130_fd_sc_hd__o2bb2ai_4'.
Generating RTLIL representation for module `\sky130_fd_sc_hd__o311a_1'.
Generating RTLIL representation for module `\sky130_fd_sc_hd__o311a_2'.
Generating RTLIL representation for module `\sky130_fd_sc_hd__o311a_4'.
Generating RTLIL representation for module `\sky130_fd_sc_hd__o311ai_0'.
Generating RTLIL representation for module `\sky130_fd_sc_hd__o311ai_1'.
Generating RTLIL representation for module `\sky130_fd_sc_hd__o311ai_2'.
Generating RTLIL representation for module `\sky130_fd_sc_hd__o311ai_4'.
Generating RTLIL representation for module `\sky130_fd_sc_hd__o31a_1'.
Generating RTLIL representation for module `\sky130_fd_sc_hd__o31a_2'.
Generating RTLIL representation for module `\sky130_fd_sc_hd__o31a_4'.
Generating RTLIL representation for module `\sky130_fd_sc_hd__o31ai_1'.
Generating RTLIL representation for module `\sky130_fd_sc_hd__o31ai_2'.
Generating RTLIL representation for module `\sky130_fd_sc_hd__o31ai_4'.
Generating RTLIL representation for module `\sky130_fd_sc_hd__o32a_1'.
Generating RTLIL representation for module `\sky130_fd_sc_hd__o32a_2'.
Generating RTLIL representation for module `\sky130_fd_sc_hd__o32a_4'.
Generating RTLIL representation for module `\sky130_fd_sc_hd__o32ai_1'.
Generating RTLIL representation for module `\sky130_fd_sc_hd__o32ai_2'.
Generating RTLIL representation for module `\sky130_fd_sc_hd__o32ai_4'.
Generating RTLIL representation for module `\sky130_fd_sc_hd__o41a_1'.
Generating RTLIL representation for module `\sky130_fd_sc_hd__o41a_2'.
Generating RTLIL representation for module `\sky130_fd_sc_hd__o41a_4'.
Generating RTLIL representation for module `\sky130_fd_sc_hd__o41ai_1'.
Generating RTLIL representation for module `\sky130_fd_sc_hd__o41ai_2'.
Generating RTLIL representation for module `\sky130_fd_sc_hd__o41ai_4'.
Generating RTLIL representation for module `\sky130_fd_sc_hd__or2_0'.
Generating RTLIL representation for module `\sky130_fd_sc_hd__or2_1'.
Generating RTLIL representation for module `\sky130_fd_sc_hd__or2_2'.
Generating RTLIL representation for module `\sky130_fd_sc_hd__or2_4'.
Generating RTLIL representation for module `\sky130_fd_sc_hd__or2b_1'.
Generating RTLIL representation for module `\sky130_fd_sc_hd__or2b_2'.
Generating RTLIL representation for module `\sky130_fd_sc_hd__or2b_4'.
Generating RTLIL representation for module `\sky130_fd_sc_hd__or3_1'.
Generating RTLIL representation for module `\sky130_fd_sc_hd__or3_2'.
Generating RTLIL representation for module `\sky130_fd_sc_hd__or3_4'.
Generating RTLIL representation for module `\sky130_fd_sc_hd__or3b_1'.
Generating RTLIL representation for module `\sky130_fd_sc_hd__or3b_2'.
Generating RTLIL representation for module `\sky130_fd_sc_hd__or3b_4'.
Generating RTLIL representation for module `\sky130_fd_sc_hd__or4_1'.
Generating RTLIL representation for module `\sky130_fd_sc_hd__or4_2'.
Generating RTLIL representation for module `\sky130_fd_sc_hd__or4_4'.
Generating RTLIL representation for module `\sky130_fd_sc_hd__or4b_1'.
Generating RTLIL representation for module `\sky130_fd_sc_hd__or4b_2'.
Generating RTLIL representation for module `\sky130_fd_sc_hd__or4b_4'.
Generating RTLIL representation for module `\sky130_fd_sc_hd__or4bb_1'.
Generating RTLIL representation for module `\sky130_fd_sc_hd__or4bb_2'.
Generating RTLIL representation for module `\sky130_fd_sc_hd__or4bb_4'.
Generating RTLIL representation for module `\sky130_fd_sc_hd__probe_p_8'.
Generating RTLIL representation for module `\sky130_fd_sc_hd__probec_p_8'.
Generating RTLIL representation for module `\sky130_fd_sc_hd__sdfbbn_1'.
Generating RTLIL representation for module `\sky130_fd_sc_hd__sdfbbn_2'.
Generating RTLIL representation for module `\sky130_fd_sc_hd__sdfbbp_1'.
Generating RTLIL representation for module `\sky130_fd_sc_hd__sdfrbp_1'.
Generating RTLIL representation for module `\sky130_fd_sc_hd__sdfrbp_2'.
Generating RTLIL representation for module `\sky130_fd_sc_hd__sdfrtn_1'.
Generating RTLIL representation for module `\sky130_fd_sc_hd__sdfrtp_1'.
Generating RTLIL representation for module `\sky130_fd_sc_hd__sdfrtp_2'.
Generating RTLIL representation for module `\sky130_fd_sc_hd__sdfrtp_4'.
Generating RTLIL representation for module `\sky130_fd_sc_hd__sdfsbp_1'.
Generating RTLIL representation for module `\sky130_fd_sc_hd__sdfsbp_2'.
Generating RTLIL representation for module `\sky130_fd_sc_hd__sdfstp_1'.
Generating RTLIL representation for module `\sky130_fd_sc_hd__sdfstp_2'.
Generating RTLIL representation for module `\sky130_fd_sc_hd__sdfstp_4'.
Generating RTLIL representation for module `\sky130_fd_sc_hd__sdfxbp_1'.
Generating RTLIL representation for module `\sky130_fd_sc_hd__sdfxbp_2'.
Generating RTLIL representation for module `\sky130_fd_sc_hd__sdfxtp_1'.
Generating RTLIL representation for module `\sky130_fd_sc_hd__sdfxtp_2'.
Generating RTLIL representation for module `\sky130_fd_sc_hd__sdfxtp_4'.
Generating RTLIL representation for module `\sky130_fd_sc_hd__sdlclkp_1'.
Generating RTLIL representation for module `\sky130_fd_sc_hd__sdlclkp_2'.
Generating RTLIL representation for module `\sky130_fd_sc_hd__sdlclkp_4'.
Generating RTLIL representation for module `\sky130_fd_sc_hd__sedfxbp_1'.
Generating RTLIL representation for module `\sky130_fd_sc_hd__sedfxbp_2'.
Generating RTLIL representation for module `\sky130_fd_sc_hd__sedfxtp_1'.
Generating RTLIL representation for module `\sky130_fd_sc_hd__sedfxtp_2'.
Generating RTLIL representation for module `\sky130_fd_sc_hd__sedfxtp_4'.
Generating RTLIL representation for module `\sky130_fd_sc_hd__tap_1'.
Generating RTLIL representation for module `\sky130_fd_sc_hd__tap_2'.
Generating RTLIL representation for module `\sky130_fd_sc_hd__tapvgnd2_1'.
Generating RTLIL representation for module `\sky130_fd_sc_hd__tapvgnd_1'.
Generating RTLIL representation for module `\sky130_fd_sc_hd__tapvpwrvgnd_1'.
Generating RTLIL representation for module `\sky130_fd_sc_hd__xnor2_1'.
Generating RTLIL representation for module `\sky130_fd_sc_hd__xnor2_2'.
Generating RTLIL representation for module `\sky130_fd_sc_hd__xnor2_4'.
Generating RTLIL representation for module `\sky130_fd_sc_hd__xnor3_1'.
Generating RTLIL representation for module `\sky130_fd_sc_hd__xnor3_2'.
Generating RTLIL representation for module `\sky130_fd_sc_hd__xnor3_4'.
Generating RTLIL representation for module `\sky130_fd_sc_hd__xor2_1'.
Generating RTLIL representation for module `\sky130_fd_sc_hd__xor2_2'.
Generating RTLIL representation for module `\sky130_fd_sc_hd__xor2_4'.
Generating RTLIL representation for module `\sky130_fd_sc_hd__xor3_1'.
Generating RTLIL representation for module `\sky130_fd_sc_hd__xor3_2'.
Generating RTLIL representation for module `\sky130_fd_sc_hd__xor3_4'.
Successfully finished Verilog frontend.
use_slang

2. Executing SLANG frontend.
Top level design units:
    chipus_ibex_wrapper

Build succeeded: 0 errors, 0 warnings

2.1. Executing UNDRIVEN pass. (resolve undriven signals)
<suppressed ~1983 debug messages>

2.2. Executing PROC_CLEAN pass (remove empty switches from decision trees).
Found and cleaned up 1 empty switch in `\chipus_ibex_wrapper.$2464'.
Found and cleaned up 1 empty switch in `\chipus_ibex_wrapper.$2460'.
Found and cleaned up 1 empty switch in `\chipus_ibex_wrapper.$2456'.
Found and cleaned up 1 empty switch in `\chipus_ibex_wrapper.$2452'.
Found and cleaned up 1 empty switch in `\chipus_ibex_wrapper.$2448'.
Found and cleaned up 1 empty switch in `\chipus_ibex_wrapper.$2444'.
Found and cleaned up 1 empty switch in `\chipus_ibex_wrapper.$2440'.
Found and cleaned up 1 empty switch in `\chipus_ibex_wrapper.$2436'.
Found and cleaned up 1 empty switch in `\chipus_ibex_wrapper.$2432'.
Found and cleaned up 1 empty switch in `\chipus_ibex_wrapper.$2428'.
Found and cleaned up 1 empty switch in `\chipus_ibex_wrapper.$2424'.
Found and cleaned up 1 empty switch in `\chipus_ibex_wrapper.$2420'.
Found and cleaned up 1 empty switch in `\chipus_ibex_wrapper.$2416'.
Found and cleaned up 1 empty switch in `\chipus_ibex_wrapper.$2412'.
Found and cleaned up 1 empty switch in `\chipus_ibex_wrapper.$2408'.
Found and cleaned up 1 empty switch in `\chipus_ibex_wrapper.$2404'.
Found and cleaned up 1 empty switch in `\chipus_ibex_wrapper.$2400'.
Found and cleaned up 1 empty switch in `\chipus_ibex_wrapper.$2396'.
Found and cleaned up 1 empty switch in `\chipus_ibex_wrapper.$2392'.
Found and cleaned up 1 empty switch in `\chipus_ibex_wrapper.$2388'.
Found and cleaned up 1 empty switch in `\chipus_ibex_wrapper.$2384'.
Found and cleaned up 1 empty switch in `\chipus_ibex_wrapper.$2380'.
Found and cleaned up 1 empty switch in `\chipus_ibex_wrapper.$2376'.
Found and cleaned up 1 empty switch in `\chipus_ibex_wrapper.$2372'.
Found and cleaned up 1 empty switch in `\chipus_ibex_wrapper.$2368'.
Found and cleaned up 1 empty switch in `\chipus_ibex_wrapper.$2364'.
Found and cleaned up 1 empty switch in `\chipus_ibex_wrapper.$2360'.
Found and cleaned up 1 empty switch in `\chipus_ibex_wrapper.$2356'.
Found and cleaned up 1 empty switch in `\chipus_ibex_wrapper.$2352'.
Found and cleaned up 1 empty switch in `\chipus_ibex_wrapper.$2348'.
Found and cleaned up 1 empty switch in `\chipus_ibex_wrapper.$2344'.
Removing empty process `chipus_ibex_wrapper.$2279'.
Found and cleaned up 1 empty switch in `\chipus_ibex_wrapper.$2244'.
Found and cleaned up 1 empty switch in `\chipus_ibex_wrapper.$2237'.
Removing empty process `chipus_ibex_wrapper.$2234'.
Removing empty process `chipus_ibex_wrapper.$2226'.
Found and cleaned up 1 empty switch in `\chipus_ibex_wrapper.$2221'.
Removing empty process `chipus_ibex_wrapper.$2215'.
Found and cleaned up 1 empty switch in `\chipus_ibex_wrapper.$2210'.
Found and cleaned up 61 empty switches in `\chipus_ibex_wrapper.$2179'.
Removing empty process `chipus_ibex_wrapper.$2178'.
Found and cleaned up 1 empty switch in `\chipus_ibex_wrapper.$2175'.
Found and cleaned up 1 empty switch in `\chipus_ibex_wrapper.$2172'.
Found and cleaned up 1 empty switch in `\chipus_ibex_wrapper.$2165'.
Found and cleaned up 1 empty switch in `\chipus_ibex_wrapper.$2161'.
Found and cleaned up 1 empty switch in `\chipus_ibex_wrapper.$2157'.
Found and cleaned up 1 empty switch in `\chipus_ibex_wrapper.$2153'.
Found and cleaned up 1 empty switch in `\chipus_ibex_wrapper.$2145'.
Found and cleaned up 1 empty switch in `\chipus_ibex_wrapper.$2137'.
Found and cleaned up 1 empty switch in `\chipus_ibex_wrapper.$2129'.
Found and cleaned up 1 empty switch in `\chipus_ibex_wrapper.$2125'.
Found and cleaned up 1 empty switch in `\chipus_ibex_wrapper.$2117'.
Found and cleaned up 1 empty switch in `\chipus_ibex_wrapper.$2113'.
Found and cleaned up 1 empty switch in `\chipus_ibex_wrapper.$2109'.
Found and cleaned up 1 empty switch in `\chipus_ibex_wrapper.$2105'.
Found and cleaned up 1 empty switch in `\chipus_ibex_wrapper.$2101'.
Found and cleaned up 1 empty switch in `\chipus_ibex_wrapper.$2093'.
Removing empty process `chipus_ibex_wrapper.$2085'.
Found and cleaned up 1 empty switch in `\chipus_ibex_wrapper.$2062'.
Removing empty process `chipus_ibex_wrapper.$2058'.
Found and cleaned up 1 empty switch in `\chipus_ibex_wrapper.$1907'.
Found and cleaned up 9 empty switches in `\chipus_ibex_wrapper.$1825'.
Removing empty process `chipus_ibex_wrapper.$1809'.
Found and cleaned up 1 empty switch in `\chipus_ibex_wrapper.$1738'.
Found and cleaned up 1 empty switch in `\chipus_ibex_wrapper.$1724'.
Found and cleaned up 1 empty switch in `\chipus_ibex_wrapper.$1597'.
Found and cleaned up 1 empty switch in `\chipus_ibex_wrapper.$1581'.
Found and cleaned up 1 empty switch in `\chipus_ibex_wrapper.$1571'.
Found and cleaned up 1 empty switch in `\chipus_ibex_wrapper.$1561'.
Found and cleaned up 1 empty switch in `\chipus_ibex_wrapper.$1559'.
Found and cleaned up 1 empty switch in `\chipus_ibex_wrapper.$1555'.
Found and cleaned up 1 empty switch in `\chipus_ibex_wrapper.$1547'.
Found and cleaned up 1 empty switch in `\chipus_ibex_wrapper.$1543'.
Found and cleaned up 1 empty switch in `\chipus_ibex_wrapper.$1531'.
Found and cleaned up 1 empty switch in `\chipus_ibex_wrapper.$1529'.
Found and cleaned up 1 empty switch in `\chipus_ibex_wrapper.$1515'.
Found and cleaned up 1 empty switch in `\chipus_ibex_wrapper.$1420'.
Found and cleaned up 1 empty switch in `\chipus_ibex_wrapper.$1410'.
Found and cleaned up 1 empty switch in `\chipus_ibex_wrapper.$1401'.
Found and cleaned up 1 empty switch in `\chipus_ibex_wrapper.$1376'.
Found and cleaned up 1 empty switch in `\chipus_ibex_wrapper.$1362'.
Found and cleaned up 1 empty switch in `\chipus_ibex_wrapper.$1356'.
Found and cleaned up 1 empty switch in `\chipus_ibex_wrapper.$1354'.
Found and cleaned up 1 empty switch in `\chipus_ibex_wrapper.$1342'.
Found and cleaned up 2 empty switches in `\chipus_ibex_wrapper.$1333'.
Found and cleaned up 1 empty switch in `\chipus_ibex_wrapper.$1329'.
Found and cleaned up 1 empty switch in `\chipus_ibex_wrapper.$1322'.
Found and cleaned up 1 empty switch in `\chipus_ibex_wrapper.$1314'.
Found and cleaned up 1 empty switch in `\chipus_ibex_wrapper.$1308'.
Found and cleaned up 1 empty switch in `\chipus_ibex_wrapper.$1305'.
Found and cleaned up 1 empty switch in `\chipus_ibex_wrapper.$1302'.
Found and cleaned up 1 empty switch in `\chipus_ibex_wrapper.$1299'.
Found and cleaned up 4 empty switches in `\chipus_ibex_wrapper.$1297'.
Found and cleaned up 7 empty switches in `\chipus_ibex_wrapper.$1176'.
Found and cleaned up 1 empty switch in `\chipus_ibex_wrapper.$1172'.
Removing empty process `chipus_ibex_wrapper.$1165'.
Removing empty process `chipus_ibex_wrapper.$1158'.
Removing empty process `chipus_ibex_wrapper.$1143'.
Found and cleaned up 6 empty switches in `\chipus_ibex_wrapper.$952'.
Removing empty process `chipus_ibex_wrapper.$949'.
Found and cleaned up 1 empty switch in `\chipus_ibex_wrapper.$928'.
Found and cleaned up 1 empty switch in `\chipus_ibex_wrapper.$841'.
Found and cleaned up 48 empty switches in `\chipus_ibex_wrapper.$698'.
Found and cleaned up 6 empty switches in `\chipus_ibex_wrapper.$401'.
Found and cleaned up 1 empty switch in `\chipus_ibex_wrapper.$394'.
Found and cleaned up 1 empty switch in `\chipus_ibex_wrapper.$386'.
Found and cleaned up 1 empty switch in `\chipus_ibex_wrapper.$379'.
Found and cleaned up 1 empty switch in `\chipus_ibex_wrapper.$375'.
Found and cleaned up 1 empty switch in `\chipus_ibex_wrapper.$370'.
Found and cleaned up 1 empty switch in `\chipus_ibex_wrapper.$368'.
Found and cleaned up 1 empty switch in `\chipus_ibex_wrapper.$331'.
Removing empty process `chipus_ibex_wrapper.$328'.
Removing empty process `chipus_ibex_wrapper.$313'.
Removing empty process `chipus_ibex_wrapper.$309'.
Found and cleaned up 28 empty switches in `\chipus_ibex_wrapper.$252'.
Removing empty process `chipus_ibex_wrapper.$193'.
Found and cleaned up 1 empty switch in `\chipus_ibex_wrapper.$169'.
Found and cleaned up 1 empty switch in `\chipus_ibex_wrapper.$160'.
Found and cleaned up 1 empty switch in `\chipus_ibex_wrapper.$144'.
Found and cleaned up 1 empty switch in `\chipus_ibex_wrapper.$141'.
Found and cleaned up 1 empty switch in `\chipus_ibex_wrapper.$138'.
Removing empty process `chipus_ibex_wrapper.$135'.
Found and cleaned up 1 empty switch in `\chipus_ibex_wrapper.$94'.
Found and cleaned up 1 empty switch in `\chipus_ibex_wrapper.$82'.
Found and cleaned up 1 empty switch in `\chipus_ibex_wrapper.$38'.
Found and cleaned up 1 empty switch in `\chipus_ibex_wrapper.$29'.
Removing empty process `chipus_ibex_wrapper.$22'.
Removing empty process `chipus_ibex_wrapper.$21'.
Found and cleaned up 1 empty switch in `\chipus_ibex_wrapper.$8'.
Removing empty process `chipus_ibex_wrapper.$0'.
Cleaned up 272 empty switches.

2.3. Executing TRIBUF pass.

2.4. Executing PROC_RMDEAD pass (remove dead branches from decision trees).
Marked 4 switch rules as full_case in process $2221 in module chipus_ibex_wrapper.
Marked 4 switch rules as full_case in process $2210 in module chipus_ibex_wrapper.
Marked 1 switch rules as full_case in process $2175 in module chipus_ibex_wrapper.
Marked 1 switch rules as full_case in process $2172 in module chipus_ibex_wrapper.
Removed 1 dead cases from process $2062 in module chipus_ibex_wrapper.
Marked 13 switch rules as full_case in process $1907 in module chipus_ibex_wrapper.
Marked 9 switch rules as full_case in process $1825 in module chipus_ibex_wrapper.
Marked 2 switch rules as full_case in process $1738 in module chipus_ibex_wrapper.
Marked 5 switch rules as full_case in process $1724 in module chipus_ibex_wrapper.
Marked 26 switch rules as full_case in process $1597 in module chipus_ibex_wrapper.
Removed 1 dead cases from process $1581 in module chipus_ibex_wrapper.
Removed 1 dead cases from process $1571 in module chipus_ibex_wrapper.
Marked 8 switch rules as full_case in process $1571 in module chipus_ibex_wrapper.
Removed 1 dead cases from process $1561 in module chipus_ibex_wrapper.
Marked 8 switch rules as full_case in process $1561 in module chipus_ibex_wrapper.
Removed 1 dead cases from process $1559 in module chipus_ibex_wrapper.
Marked 5 switch rules as full_case in process $1531 in module chipus_ibex_wrapper.
Removed 1 dead cases from process $1529 in module chipus_ibex_wrapper.
Removed 5 dead cases from process $1515 in module chipus_ibex_wrapper.
Marked 10 switch rules as full_case in process $1515 in module chipus_ibex_wrapper.
Marked 6 switch rules as full_case in process $1420 in module chipus_ibex_wrapper.
Marked 1 switch rules as full_case in process $1410 in module chipus_ibex_wrapper.
Removed 1 dead cases from process $1376 in module chipus_ibex_wrapper.
Marked 4 switch rules as full_case in process $1376 in module chipus_ibex_wrapper.
Marked 1 switch rules as full_case in process $1329 in module chipus_ibex_wrapper.
Marked 1 switch rules as full_case in process $1322 in module chipus_ibex_wrapper.
Marked 1 switch rules as full_case in process $1308 in module chipus_ibex_wrapper.
Removed 1 dead cases from process $1176 in module chipus_ibex_wrapper.
Marked 7 switch rules as full_case in process $1176 in module chipus_ibex_wrapper.
Marked 53 switch rules as full_case in process $952 in module chipus_ibex_wrapper.
Marked 14 switch rules as full_case in process $928 in module chipus_ibex_wrapper.
Marked 16 switch rules as full_case in process $841 in module chipus_ibex_wrapper.
Removed 1 dead cases from process $698 in module chipus_ibex_wrapper.
Marked 21 switch rules as full_case in process $698 in module chipus_ibex_wrapper.
Removed 2 dead cases from process $401 in module chipus_ibex_wrapper.
Marked 64 switch rules as full_case in process $401 in module chipus_ibex_wrapper.
Removed 1 dead cases from process $386 in module chipus_ibex_wrapper.
Removed 1 dead cases from process $368 in module chipus_ibex_wrapper.
Removed 6 dead cases from process $252 in module chipus_ibex_wrapper.
Marked 21 switch rules as full_case in process $252 in module chipus_ibex_wrapper.
Marked 3 switch rules as full_case in process $82 in module chipus_ibex_wrapper.
Removed 1 dead cases from process $29 in module chipus_ibex_wrapper.
Marked 1 switch rules as full_case in process $29 in module chipus_ibex_wrapper.
Removed a total of 25 dead cases.

2.5. Executing PROC_PRUNE pass (remove redundant assignments in processes).
Removed 256 redundant assignments.
Promoted 30 assignments to connections.

2.6. Executing PROC_INIT pass (extract init attributes).

2.7. Executing PROC_ROM pass (convert switches to ROMs).
Converted 1 switch.
<suppressed ~518 debug messages>

2.8. Executing PROC_MUX pass (convert decision trees to multiplexers).
Creating decoders for process `\chipus_ibex_wrapper.$2384'.
     1/1: $u_ibex_top.gen_regfile_ff.register_file_i.g_plain_rf.g_rf_flops[11].rf_reg_q$2387
Creating decoders for process `\chipus_ibex_wrapper.$2380'.
     1/1: $u_ibex_top.gen_regfile_ff.register_file_i.g_plain_rf.g_rf_flops[10].rf_reg_q$2383
Creating decoders for process `\chipus_ibex_wrapper.$2376'.
     1/1: $u_ibex_top.gen_regfile_ff.register_file_i.g_plain_rf.g_rf_flops[9].rf_reg_q$2379
Creating decoders for process `\chipus_ibex_wrapper.$2372'.
     1/1: $u_ibex_top.gen_regfile_ff.register_file_i.g_plain_rf.g_rf_flops[8].rf_reg_q$2375
Creating decoders for process `\chipus_ibex_wrapper.$2368'.
     1/1: $u_ibex_top.gen_regfile_ff.register_file_i.g_plain_rf.g_rf_flops[7].rf_reg_q$2371
Creating decoders for process `\chipus_ibex_wrapper.$2364'.
     1/1: $u_ibex_top.gen_regfile_ff.register_file_i.g_plain_rf.g_rf_flops[6].rf_reg_q$2367
Creating decoders for process `\chipus_ibex_wrapper.$2360'.
     1/1: $u_ibex_top.gen_regfile_ff.register_file_i.g_plain_rf.g_rf_flops[5].rf_reg_q$2363
Creating decoders for process `\chipus_ibex_wrapper.$2356'.
     1/1: $u_ibex_top.gen_regfile_ff.register_file_i.g_plain_rf.g_rf_flops[4].rf_reg_q$2359
Creating decoders for process `\chipus_ibex_wrapper.$2352'.
     1/1: $u_ibex_top.gen_regfile_ff.register_file_i.g_plain_rf.g_rf_flops[3].rf_reg_q$2355
Creating decoders for process `\chipus_ibex_wrapper.$2348'.
     1/1: $u_ibex_top.gen_regfile_ff.register_file_i.g_plain_rf.g_rf_flops[2].rf_reg_q$2351
Creating decoders for process `\chipus_ibex_wrapper.$2344'.
     1/1: $u_ibex_top.gen_regfile_ff.register_file_i.g_plain_rf.g_rf_flops[1].rf_reg_q$2347
Creating decoders for process `\chipus_ibex_wrapper.$2464'.
     1/1: $u_ibex_top.gen_regfile_ff.register_file_i.g_plain_rf.g_rf_flops[31].rf_reg_q$2467
Creating decoders for process `\chipus_ibex_wrapper.$2244'.
     1/1: $u_ibex_top.u_ibex_core.cs_registers_i.u_cpuctrlsts_part_csr.rdata_q$2247
Creating decoders for process `\chipus_ibex_wrapper.$2237'.
     1/1: $u_ibex_top.u_ibex_core.cs_registers_i.u_mcounteren_csr.rdata_q$2240
Creating decoders for process `\chipus_ibex_wrapper.$2460'.
     1/1: $u_ibex_top.gen_regfile_ff.register_file_i.g_plain_rf.g_rf_flops[30].rf_reg_q$2463
Creating decoders for process `\chipus_ibex_wrapper.$2456'.
     1/1: $u_ibex_top.gen_regfile_ff.register_file_i.g_plain_rf.g_rf_flops[29].rf_reg_q$2459
Creating decoders for process `\chipus_ibex_wrapper.$2221'.
     1/3: $u_ibex_top.u_ibex_core.cs_registers_i.minstret_counter_i.counter_d$2224
     2/3: $u_ibex_top.u_ibex_core.cs_registers_i.minstret_counter_i.counter_d$2225
     3/3: $u_ibex_top.u_ibex_core.cs_registers_i.minstret_counter_i.counter_load$2223
Creating decoders for process `\chipus_ibex_wrapper.$2452'.
     1/1: $u_ibex_top.gen_regfile_ff.register_file_i.g_plain_rf.g_rf_flops[28].rf_reg_q$2455
Creating decoders for process `\chipus_ibex_wrapper.$2210'.
     1/3: $u_ibex_top.u_ibex_core.cs_registers_i.mcycle_counter_i.counter_d$2213
     2/3: $u_ibex_top.u_ibex_core.cs_registers_i.mcycle_counter_i.counter_d$2214
     3/3: $u_ibex_top.u_ibex_core.cs_registers_i.mcycle_counter_i.counter_load$2212
Creating decoders for process `\chipus_ibex_wrapper.$2179'.
Creating decoders for process `\chipus_ibex_wrapper.$2448'.
     1/1: $u_ibex_top.gen_regfile_ff.register_file_i.g_plain_rf.g_rf_flops[27].rf_reg_q$2451
Creating decoders for process `\chipus_ibex_wrapper.$2175'.
     1/1: $u_ibex_top.u_ibex_core.cs_registers_i.mcounteren_d$2177
Creating decoders for process `\chipus_ibex_wrapper.$2172'.
     1/1: $u_ibex_top.u_ibex_core.cs_registers_i.mcountinhibit_d$2174
Creating decoders for process `\chipus_ibex_wrapper.$2165'.
     1/1: $u_ibex_top.u_ibex_core.cs_registers_i.u_mstack_cause_csr.rdata_q$2168
Creating decoders for process `\chipus_ibex_wrapper.$2161'.
     1/1: $u_ibex_top.u_ibex_core.cs_registers_i.u_mstack_epc_csr.rdata_q$2164
Creating decoders for process `\chipus_ibex_wrapper.$2157'.
     1/1: $u_ibex_top.u_ibex_core.cs_registers_i.u_mstack_csr.rdata_q$2160
Creating decoders for process `\chipus_ibex_wrapper.$2153'.
     1/1: $u_ibex_top.u_ibex_core.cs_registers_i.u_dscratch1_csr.rdata_q$2156
Creating decoders for process `\chipus_ibex_wrapper.$2145'.
     1/1: $u_ibex_top.u_ibex_core.cs_registers_i.u_dscratch0_csr.rdata_q$2148
Creating decoders for process `\chipus_ibex_wrapper.$2137'.
     1/1: $u_ibex_top.u_ibex_core.cs_registers_i.u_depc_csr.rdata_q$2140
Creating decoders for process `\chipus_ibex_wrapper.$2129'.
     1/1: $u_ibex_top.u_ibex_core.cs_registers_i.u_dcsr_csr.rdata_q$2132
Creating decoders for process `\chipus_ibex_wrapper.$2125'.
     1/1: $u_ibex_top.u_ibex_core.cs_registers_i.u_mtvec_csr.rdata_q$2128
Creating decoders for process `\chipus_ibex_wrapper.$2117'.
     1/1: $u_ibex_top.u_ibex_core.cs_registers_i.u_mtval_csr.rdata_q$2120
Creating decoders for process `\chipus_ibex_wrapper.$2113'.
     1/1: $u_ibex_top.u_ibex_core.cs_registers_i.u_mcause_csr.rdata_q$2116
Creating decoders for process `\chipus_ibex_wrapper.$2109'.
     1/1: $u_ibex_top.u_ibex_core.cs_registers_i.u_mscratch_csr.rdata_q$2112
Creating decoders for process `\chipus_ibex_wrapper.$2105'.
     1/1: $u_ibex_top.u_ibex_core.cs_registers_i.u_mie_csr.rdata_q$2108
Creating decoders for process `\chipus_ibex_wrapper.$2101'.
     1/1: $u_ibex_top.u_ibex_core.cs_registers_i.u_mepc_csr.rdata_q$2104
Creating decoders for process `\chipus_ibex_wrapper.$2093'.
     1/1: $u_ibex_top.u_ibex_core.cs_registers_i.u_mstatus_csr.rdata_q$2096
Creating decoders for process `\chipus_ibex_wrapper.$2444'.
     1/1: $u_ibex_top.gen_regfile_ff.register_file_i.g_plain_rf.g_rf_flops[26].rf_reg_q$2447
Creating decoders for process `\chipus_ibex_wrapper.$2062'.
     1/1: $u_ibex_top.u_ibex_core.cs_registers_i.csr_wdata_int$2066
Creating decoders for process `\chipus_ibex_wrapper.$2440'.
     1/1: $u_ibex_top.gen_regfile_ff.register_file_i.g_plain_rf.g_rf_flops[25].rf_reg_q$2443
Creating decoders for process `\chipus_ibex_wrapper.$1907'.
     1/108: $u_ibex_top.u_ibex_core.cs_registers_i.cpuctrlsts_part_d[7:6]$2056 [1]
     2/108: $u_ibex_top.u_ibex_core.cs_registers_i.cpuctrlsts_part_d[7:6]$2056 [0]
     3/108: $u_ibex_top.u_ibex_core.cs_registers_i.mcause_en$2038
     4/108: $u_ibex_top.u_ibex_core.cs_registers_i.mcause_d$2037
     5/108: $u_ibex_top.u_ibex_core.cs_registers_i.mepc_en$2036
     6/108: $u_ibex_top.u_ibex_core.cs_registers_i.mepc_d$2035
     7/108: $u_ibex_top.u_ibex_core.cs_registers_i.mstatus_d[1]$2033
     8/108: $u_ibex_top.u_ibex_core.cs_registers_i.mstatus_d[5:1]$2042 [0]
     9/108: $u_ibex_top.u_ibex_core.cs_registers_i.mstatus_d[4:2]$2034
    10/108: $u_ibex_top.u_ibex_core.cs_registers_i.double_fault_seen_o$1998
    11/108: $u_ibex_top.u_ibex_core.cs_registers_i.cpuctrlsts_part_we$2002
    12/108: $u_ibex_top.u_ibex_core.cs_registers_i.cpuctrlsts_part_d[7:6]$2001
    13/108: $u_ibex_top.u_ibex_core.cs_registers_i.double_fault_seen_o$2000
    14/108: $u_ibex_top.u_ibex_core.cs_registers_i.cpuctrlsts_part_we$2014
    15/108: $u_ibex_top.u_ibex_core.cs_registers_i.cpuctrlsts_part_d[7:6]$2013
    16/108: $u_ibex_top.u_ibex_core.cs_registers_i.mstack_en$2012
    17/108: $u_ibex_top.u_ibex_core.cs_registers_i.mtval_en$2011
    18/108: $u_ibex_top.u_ibex_core.cs_registers_i.mtval_d$2010
    19/108: $u_ibex_top.u_ibex_core.cs_registers_i.mcause_en$2009
    20/108: $u_ibex_top.u_ibex_core.cs_registers_i.mcause_d$2008
    21/108: $u_ibex_top.u_ibex_core.cs_registers_i.mepc_en$2007
    22/108: $u_ibex_top.u_ibex_core.cs_registers_i.mepc_d$2006
    23/108: $u_ibex_top.u_ibex_core.cs_registers_i.mstatus_en$2005
    24/108: $u_ibex_top.u_ibex_core.cs_registers_i.mstatus_d[5:2]$2004
    25/108: $u_ibex_top.u_ibex_core.cs_registers_i.double_fault_seen_o$2003
    26/108: $u_ibex_top.u_ibex_core.cs_registers_i.cpuctrlsts_part_we$2031
    27/108: $u_ibex_top.u_ibex_core.cs_registers_i.cpuctrlsts_part_d[7:6]$2030
    28/108: $u_ibex_top.u_ibex_core.cs_registers_i.mstack_en$2029
    29/108: $u_ibex_top.u_ibex_core.cs_registers_i.depc_en$2028
    30/108: $u_ibex_top.u_ibex_core.cs_registers_i.depc_d$2027
    31/108: $u_ibex_top.u_ibex_core.cs_registers_i.dcsr_en$2026
    32/108: $u_ibex_top.u_ibex_core.cs_registers_i.dcsr_d[8:6]$2025
    33/108: $u_ibex_top.u_ibex_core.cs_registers_i.dcsr_d[1:0]$2024
    34/108: $u_ibex_top.u_ibex_core.cs_registers_i.mtval_en$2023
    35/108: $u_ibex_top.u_ibex_core.cs_registers_i.mtval_d$2022
    36/108: $u_ibex_top.u_ibex_core.cs_registers_i.mcause_en$2021
    37/108: $u_ibex_top.u_ibex_core.cs_registers_i.mcause_d$2020
    38/108: $u_ibex_top.u_ibex_core.cs_registers_i.mepc_en$2019
    39/108: $u_ibex_top.u_ibex_core.cs_registers_i.mepc_d$2018
    40/108: $u_ibex_top.u_ibex_core.cs_registers_i.mstatus_en$2017
    41/108: $u_ibex_top.u_ibex_core.cs_registers_i.mstatus_d[5:2]$2016
    42/108: $u_ibex_top.u_ibex_core.cs_registers_i.double_fault_seen_o$2015
    43/108: $u_ibex_top.u_ibex_core.cs_registers_i.exception_pc$1994
    44/108: $u_ibex_top.u_ibex_core.cs_registers_i.cpuctrlsts_part_we$2057
    45/108: $u_ibex_top.u_ibex_core.cs_registers_i.mstatus_d[5:1]$2042 [4:1]
    46/108: $u_ibex_top.u_ibex_core.cs_registers_i.mstack_en$2055
    47/108: $u_ibex_top.u_ibex_core.cs_registers_i.depc_en$2054
    48/108: $u_ibex_top.u_ibex_core.cs_registers_i.depc_d$2053
    49/108: $u_ibex_top.u_ibex_core.cs_registers_i.dcsr_en$2052
    50/108: $u_ibex_top.u_ibex_core.cs_registers_i.dcsr_d[8:6]$2051
    51/108: $u_ibex_top.u_ibex_core.cs_registers_i.dcsr_d[1:0]$2050
    52/108: $u_ibex_top.u_ibex_core.cs_registers_i.mtval_en$2049
    53/108: $u_ibex_top.u_ibex_core.cs_registers_i.mtval_d$2048
    54/108: $u_ibex_top.u_ibex_core.cs_registers_i.mcause_en$2047
    55/108: $u_ibex_top.u_ibex_core.cs_registers_i.mcause_d$2046
    56/108: $u_ibex_top.u_ibex_core.cs_registers_i.mepc_en$2045
    57/108: $u_ibex_top.u_ibex_core.cs_registers_i.mepc_d$2044
    58/108: $u_ibex_top.u_ibex_core.cs_registers_i.mstatus_en$2043
    59/108: $u_ibex_top.u_ibex_core.cs_registers_i.cpuctrlsts_part_d[7]$1999
    60/108: $u_ibex_top.u_ibex_core.cs_registers_i.priv_lvl_d$2041
    61/108: $u_ibex_top.u_ibex_core.cs_registers_i.exception_pc$2040
    62/108: $u_ibex_top.u_ibex_core.cs_registers_i.double_fault_seen_o$2039
    63/108: $u_ibex_top.u_ibex_core.cs_registers_i.dcsr_d[1:0]$1928
    64/108: $u_ibex_top.u_ibex_core.cs_registers_i.mstatus_d[3:2]$1920
    65/108: $u_ibex_top.u_ibex_core.cs_registers_i.cpuctrlsts_part_we$1971
    66/108: $u_ibex_top.u_ibex_core.cs_registers_i.cpuctrlsts_part_d$1970
    67/108: $u_ibex_top.u_ibex_core.cs_registers_i.mhpmcounterh_we$1969
    68/108: $u_ibex_top.u_ibex_core.cs_registers_i.mhpmcounter_we$1968
    69/108: $u_ibex_top.u_ibex_core.cs_registers_i.mcounteren_we$1967
    70/108: $u_ibex_top.u_ibex_core.cs_registers_i.mcountinhibit_we$1966
    71/108: $u_ibex_top.u_ibex_core.cs_registers_i.cdbg_ctrl_en$1965
    72/108: $u_ibex_top.u_ibex_core.cs_registers_i.mshwmb_en$1964
    73/108: $u_ibex_top.u_ibex_core.cs_registers_i.mshwm_en$1963
    74/108: $u_ibex_top.u_ibex_core.cs_registers_i.dscratch1_en$1962
    75/108: $u_ibex_top.u_ibex_core.cs_registers_i.dscratch0_en$1961
    76/108: $u_ibex_top.u_ibex_core.cs_registers_i.depc_en$1960
    77/108: $u_ibex_top.u_ibex_core.cs_registers_i.dcsr_en$1959
    78/108: $u_ibex_top.u_ibex_core.cs_registers_i.dcsr_d$1958
    79/108: $u_ibex_top.u_ibex_core.cs_registers_i.mtvec_en$1957
    80/108: $u_ibex_top.u_ibex_core.cs_registers_i.mtval_en$1956
    81/108: $u_ibex_top.u_ibex_core.cs_registers_i.mcause_en$1955
    82/108: $u_ibex_top.u_ibex_core.cs_registers_i.mepc_en$1954
    83/108: $u_ibex_top.u_ibex_core.cs_registers_i.mscratch_en$1953
    84/108: $u_ibex_top.u_ibex_core.cs_registers_i.mie_en$1952
    85/108: $u_ibex_top.u_ibex_core.cs_registers_i.mstatus_en$1951
    86/108: $u_ibex_top.u_ibex_core.cs_registers_i.mstatus_d$1950
    87/108: $u_ibex_top.u_ibex_core.cs_registers_i.cpuctrlsts_part_we$1993
    88/108: $u_ibex_top.u_ibex_core.cs_registers_i.cpuctrlsts_part_d$1992
    89/108: $u_ibex_top.u_ibex_core.cs_registers_i.mhpmcounterh_we$1991
    90/108: $u_ibex_top.u_ibex_core.cs_registers_i.mhpmcounter_we$1990
    91/108: $u_ibex_top.u_ibex_core.cs_registers_i.mcounteren_we$1989
    92/108: $u_ibex_top.u_ibex_core.cs_registers_i.mcountinhibit_we$1988
    93/108: $u_ibex_top.u_ibex_core.cs_registers_i.cdbg_ctrl_en$1987
    94/108: $u_ibex_top.u_ibex_core.cs_registers_i.mshwmb_en$1986
    95/108: $u_ibex_top.u_ibex_core.cs_registers_i.mshwm_en$1985
    96/108: $u_ibex_top.u_ibex_core.cs_registers_i.dscratch1_en$1984
    97/108: $u_ibex_top.u_ibex_core.cs_registers_i.dscratch0_en$1983
    98/108: $u_ibex_top.u_ibex_core.cs_registers_i.depc_en$1982
    99/108: $u_ibex_top.u_ibex_core.cs_registers_i.dcsr_en$1981
   100/108: $u_ibex_top.u_ibex_core.cs_registers_i.dcsr_d$1980
   101/108: $u_ibex_top.u_ibex_core.cs_registers_i.mtvec_en$1979
   102/108: $u_ibex_top.u_ibex_core.cs_registers_i.mtval_en$1978
   103/108: $u_ibex_top.u_ibex_core.cs_registers_i.mcause_en$1977
   104/108: $u_ibex_top.u_ibex_core.cs_registers_i.mepc_en$1976
   105/108: $u_ibex_top.u_ibex_core.cs_registers_i.mscratch_en$1975
   106/108: $u_ibex_top.u_ibex_core.cs_registers_i.mie_en$1974
   107/108: $u_ibex_top.u_ibex_core.cs_registers_i.mstatus_en$1973
   108/108: $u_ibex_top.u_ibex_core.cs_registers_i.mstatus_d$1972
Creating decoders for process `\chipus_ibex_wrapper.$1825'.
     1/15: $u_ibex_top.u_ibex_core.cs_registers_i.illegal_csr$1906
     2/15: $u_ibex_top.u_ibex_core.cs_registers_i.illegal_csr$1905
     3/15: $u_ibex_top.u_ibex_core.cs_registers_i.illegal_csr$1880
     4/15: $u_ibex_top.u_ibex_core.cs_registers_i.csr_rdata_int$1879
     5/15: $u_ibex_top.u_ibex_core.cs_registers_i.illegal_csr$1877
     6/15: $u_ibex_top.u_ibex_core.cs_registers_i.csr_rdata_int$1876
     7/15: $u_ibex_top.u_ibex_core.cs_registers_i.illegal_csr$1874
     8/15: $u_ibex_top.u_ibex_core.cs_registers_i.csr_rdata_int$1873
     9/15: $u_ibex_top.u_ibex_core.cs_registers_i.illegal_csr$1834
    10/15: $u_ibex_top.u_ibex_core.cs_registers_i.illegal_csr$1833
    11/15: $u_ibex_top.u_ibex_core.cs_registers_i.csr_rdata_int$1830
    12/15: $u_ibex_top.u_ibex_core.cs_registers_i.csr_rdata_int$1829
    13/15: $u_ibex_top.u_ibex_core.cs_registers_i.illegal_csr$1883
    14/15: $u_ibex_top.u_ibex_core.cs_registers_i.dbg_csr$1882
    15/15: $u_ibex_top.u_ibex_core.cs_registers_i.csr_rdata_int$1881
Creating decoders for process `\chipus_ibex_wrapper.$2436'.
     1/1: $u_ibex_top.gen_regfile_ff.register_file_i.g_plain_rf.g_rf_flops[24].rf_reg_q$2439
Creating decoders for process `\chipus_ibex_wrapper.$1738'.
     1/5: $u_ibex_top.u_ibex_core.load_store_unit_i.cap_lsw_err_q$1757
     2/5: $u_ibex_top.u_ibex_core.load_store_unit_i.cap_lsw_tag_q$1751
     3/5: $u_ibex_top.u_ibex_core.load_store_unit_i.cap_lsw_data_q$1750
     4/5: $u_ibex_top.u_ibex_core.load_store_unit_i.resp_lc_clrperm_q$1742
     5/5: $u_ibex_top.u_ibex_core.load_store_unit_i.resp_is_cap_q$1741
Creating decoders for process `\chipus_ibex_wrapper.$1724'.
     1/5: $u_ibex_top.u_ibex_core.load_store_unit_i.cap_rx_fsm_d$1731
     2/5: $u_ibex_top.u_ibex_core.load_store_unit_i.cap_rx_fsm_d$1732
     3/5: $u_ibex_top.u_ibex_core.load_store_unit_i.cap_rx_fsm_d$1729
     4/5: $u_ibex_top.u_ibex_core.load_store_unit_i.cap_rx_fsm_d$1733
     5/5: $u_ibex_top.u_ibex_core.load_store_unit_i.cap_rx_fsm_d$1728
Creating decoders for process `\chipus_ibex_wrapper.$1597'.
     1/94: $u_ibex_top.u_ibex_core.load_store_unit_i.ls_fsm_ns$1709
     2/94: $u_ibex_top.u_ibex_core.load_store_unit_i.ls_fsm_ns$1706
     3/94: $u_ibex_top.u_ibex_core.load_store_unit_i.addr_incr_req_o$1708
     4/94: $u_ibex_top.u_ibex_core.load_store_unit_i.data_req_o$1707
     5/94: $u_ibex_top.u_ibex_core.load_store_unit_i.ls_fsm_ns$1704
     6/94: $u_ibex_top.u_ibex_core.load_store_unit_i.ls_fsm_ns$1700
     7/94: $u_ibex_top.u_ibex_core.load_store_unit_i.ls_fsm_ns$1701
     8/94: $u_ibex_top.u_ibex_core.load_store_unit_i.addr_incr_req_o$1703
     9/94: $u_ibex_top.u_ibex_core.load_store_unit_i.data_req_o$1702
    10/94: $u_ibex_top.u_ibex_core.load_store_unit_i.ls_fsm_ns$1695
    11/94: $u_ibex_top.u_ibex_core.load_store_unit_i.ls_fsm_ns$1690
    12/94: $u_ibex_top.u_ibex_core.load_store_unit_i.ctrl_update$1689
    13/94: $u_ibex_top.u_ibex_core.load_store_unit_i.addr_update$1688
    14/94: $u_ibex_top.u_ibex_core.load_store_unit_i.ctrl_update$1694
    15/94: $u_ibex_top.u_ibex_core.load_store_unit_i.addr_update$1693
    16/94: $u_ibex_top.u_ibex_core.load_store_unit_i.addr_incr_req_o$1692
    17/94: $u_ibex_top.u_ibex_core.load_store_unit_i.data_req_o$1691
    18/94: $u_ibex_top.u_ibex_core.load_store_unit_i.ls_fsm_ns$1686
    19/94: $u_ibex_top.u_ibex_core.load_store_unit_i.lsu_err_d$1685
    20/94: $u_ibex_top.u_ibex_core.load_store_unit_i.pmp_err_d$1684
    21/94: $u_ibex_top.u_ibex_core.load_store_unit_i.rdata_update$1683
    22/94: $u_ibex_top.u_ibex_core.load_store_unit_i.addr_update$1682
    23/94: $u_ibex_top.u_ibex_core.load_store_unit_i.ls_fsm_ns$1679
    24/94: $u_ibex_top.u_ibex_core.load_store_unit_i.handle_misaligned_d$1678
    25/94: $u_ibex_top.u_ibex_core.load_store_unit_i.ctrl_update$1677
    26/94: $u_ibex_top.u_ibex_core.load_store_unit_i.addr_update$1676
    27/94: $u_ibex_top.u_ibex_core.load_store_unit_i.ls_fsm_ns$1667
    28/94: $u_ibex_top.u_ibex_core.load_store_unit_i.handle_misaligned_d$1666
    29/94: $u_ibex_top.u_ibex_core.load_store_unit_i.ls_fsm_ns$1673
    30/94: $u_ibex_top.u_ibex_core.load_store_unit_i.handle_misaligned_d$1670
    31/94: $u_ibex_top.u_ibex_core.load_store_unit_i.lsu_err_d$1672
    32/94: $u_ibex_top.u_ibex_core.load_store_unit_i.pmp_err_d$1671
    33/94: $u_ibex_top.u_ibex_core.load_store_unit_i.rdata_update$1669
    34/94: $u_ibex_top.u_ibex_core.load_store_unit_i.addr_update$1668
    35/94: $u_ibex_top.u_ibex_core.load_store_unit_i.ls_fsm_ns$1657
    36/94: $u_ibex_top.u_ibex_core.load_store_unit_i.handle_misaligned_d$1656
    37/94: $u_ibex_top.u_ibex_core.load_store_unit_i.ctrl_update$1655
    38/94: $u_ibex_top.u_ibex_core.load_store_unit_i.addr_update$1654
    39/94: $u_ibex_top.u_ibex_core.load_store_unit_i.ls_fsm_ns$1723
    40/94: $u_ibex_top.u_ibex_core.load_store_unit_i.ls_fsm_ns$1617
    41/94: $u_ibex_top.u_ibex_core.load_store_unit_i.handle_misaligned_d$1616
    42/94: $u_ibex_top.u_ibex_core.load_store_unit_i.ctrl_update$1615
    43/94: $u_ibex_top.u_ibex_core.load_store_unit_i.addr_update$1614
    44/94: $u_ibex_top.u_ibex_core.load_store_unit_i.ls_fsm_ns$1628
    45/94: $u_ibex_top.u_ibex_core.load_store_unit_i.lsu_go$1627
    46/94: $u_ibex_top.u_ibex_core.load_store_unit_i.cheriot_err_d$1626
    47/94: $u_ibex_top.u_ibex_core.load_store_unit_i.lsu_err_d$1625
    48/94: $u_ibex_top.u_ibex_core.load_store_unit_i.pmp_err_d$1624
    49/94: $u_ibex_top.u_ibex_core.load_store_unit_i.handle_misaligned_d$1623
    50/94: $u_ibex_top.u_ibex_core.load_store_unit_i.ctrl_update$1622
    51/94: $u_ibex_top.u_ibex_core.load_store_unit_i.addr_update$1621
    52/94: $u_ibex_top.u_ibex_core.load_store_unit_i.perf_store_o$1620
    53/94: $u_ibex_top.u_ibex_core.load_store_unit_i.perf_load_o$1619
    54/94: $u_ibex_top.u_ibex_core.load_store_unit_i.data_req_o$1618
    55/94: $u_ibex_top.u_ibex_core.load_store_unit_i.ls_fsm_ns$1640
    56/94: $u_ibex_top.u_ibex_core.load_store_unit_i.lsu_go$1638
    57/94: $u_ibex_top.u_ibex_core.load_store_unit_i.cheriot_err_d$1637
    58/94: $u_ibex_top.u_ibex_core.load_store_unit_i.lsu_err_d$1636
    59/94: $u_ibex_top.u_ibex_core.load_store_unit_i.pmp_err_d$1635
    60/94: $u_ibex_top.u_ibex_core.load_store_unit_i.ctrl_update$1633
    61/94: $u_ibex_top.u_ibex_core.load_store_unit_i.addr_update$1632
    62/94: $u_ibex_top.u_ibex_core.load_store_unit_i.perf_store_o$1631
    63/94: $u_ibex_top.u_ibex_core.load_store_unit_i.perf_load_o$1630
    64/94: $u_ibex_top.u_ibex_core.load_store_unit_i.data_req_o$1629
    65/94: $u_ibex_top.u_ibex_core.load_store_unit_i.ls_fsm_ns$1610
    66/94: $u_ibex_top.u_ibex_core.load_store_unit_i.ctrl_update$1609
    67/94: $u_ibex_top.u_ibex_core.load_store_unit_i.addr_update$1608
    68/94: $u_ibex_top.u_ibex_core.load_store_unit_i.lsu_go_goodcap$1639
    69/94: $u_ibex_top.u_ibex_core.load_store_unit_i.handle_misaligned_d$1634
    70/94: $u_ibex_top.u_ibex_core.load_store_unit_i.ls_fsm_ns$1652
    71/94: $u_ibex_top.u_ibex_core.load_store_unit_i.lsu_go$1650
    72/94: $u_ibex_top.u_ibex_core.load_store_unit_i.cheriot_err_d$1649
    73/94: $u_ibex_top.u_ibex_core.load_store_unit_i.lsu_err_d$1648
    74/94: $u_ibex_top.u_ibex_core.load_store_unit_i.pmp_err_d$1647
    75/94: $u_ibex_top.u_ibex_core.load_store_unit_i.ctrl_update$1645
    76/94: $u_ibex_top.u_ibex_core.load_store_unit_i.addr_update$1644
    77/94: $u_ibex_top.u_ibex_core.load_store_unit_i.perf_load_o$1642
    78/94: $u_ibex_top.u_ibex_core.load_store_unit_i.data_req_o$1641
    79/94: $u_ibex_top.u_ibex_core.load_store_unit_i.lsu_go_goodcap$1651
    80/94: $u_ibex_top.u_ibex_core.load_store_unit_i.handle_misaligned_d$1646
    81/94: $u_ibex_top.u_ibex_core.load_store_unit_i.perf_store_o$1643
    82/94: $u_ibex_top.u_ibex_core.load_store_unit_i.lsu_go_goodcap$1722
    83/94: $u_ibex_top.u_ibex_core.load_store_unit_i.lsu_go$1721
    84/94: $u_ibex_top.u_ibex_core.load_store_unit_i.cheriot_err_d$1720
    85/94: $u_ibex_top.u_ibex_core.load_store_unit_i.lsu_err_d$1719
    86/94: $u_ibex_top.u_ibex_core.load_store_unit_i.pmp_err_d$1718
    87/94: $u_ibex_top.u_ibex_core.load_store_unit_i.handle_misaligned_d$1717
    88/94: $u_ibex_top.u_ibex_core.load_store_unit_i.rdata_update$1716
    89/94: $u_ibex_top.u_ibex_core.load_store_unit_i.ctrl_update$1715
    90/94: $u_ibex_top.u_ibex_core.load_store_unit_i.addr_update$1714
    91/94: $u_ibex_top.u_ibex_core.load_store_unit_i.perf_store_o$1713
    92/94: $u_ibex_top.u_ibex_core.load_store_unit_i.perf_load_o$1712
    93/94: $u_ibex_top.u_ibex_core.load_store_unit_i.addr_incr_req_o$1711
    94/94: $u_ibex_top.u_ibex_core.load_store_unit_i.data_req_o$1710
Creating decoders for process `\chipus_ibex_wrapper.$1581'.
     1/1: $u_ibex_top.u_ibex_core.load_store_unit_i.data_rdata_ext$1582
Creating decoders for process `\chipus_ibex_wrapper.$1571'.
     1/5: $u_ibex_top.u_ibex_core.load_store_unit_i.rdata_b_ext$1579
     2/5: $u_ibex_top.u_ibex_core.load_store_unit_i.rdata_b_ext$1577
     3/5: $u_ibex_top.u_ibex_core.load_store_unit_i.rdata_b_ext$1575
     4/5: $u_ibex_top.u_ibex_core.load_store_unit_i.rdata_b_ext$1580
     5/5: $u_ibex_top.u_ibex_core.load_store_unit_i.rdata_b_ext$1573
Creating decoders for process `\chipus_ibex_wrapper.$1561'.
     1/5: $u_ibex_top.u_ibex_core.load_store_unit_i.rdata_h_ext$1569
     2/5: $u_ibex_top.u_ibex_core.load_store_unit_i.rdata_h_ext$1567
     3/5: $u_ibex_top.u_ibex_core.load_store_unit_i.rdata_h_ext$1565
     4/5: $u_ibex_top.u_ibex_core.load_store_unit_i.rdata_h_ext$1570
     5/5: $u_ibex_top.u_ibex_core.load_store_unit_i.rdata_h_ext$1563
Creating decoders for process `\chipus_ibex_wrapper.$1559'.
     1/1: $u_ibex_top.u_ibex_core.load_store_unit_i.rdata_w_ext$1560
Creating decoders for process `\chipus_ibex_wrapper.$1555'.
     1/1: $u_ibex_top.u_ibex_core.load_store_unit_i.addr_last_q$1558
Creating decoders for process `\chipus_ibex_wrapper.$1547'.
     1/4: $u_ibex_top.u_ibex_core.load_store_unit_i.data_we_q$1553
     2/4: $u_ibex_top.u_ibex_core.load_store_unit_i.data_sign_ext_q$1552
     3/4: $u_ibex_top.u_ibex_core.load_store_unit_i.data_type_q$1551
     4/4: $u_ibex_top.u_ibex_core.load_store_unit_i.rdata_offset_q$1550
Creating decoders for process `\chipus_ibex_wrapper.$1543'.
     1/1: $u_ibex_top.u_ibex_core.load_store_unit_i.rdata_q$1546
Creating decoders for process `\chipus_ibex_wrapper.$1531'.
     1/6: $u_ibex_top.u_ibex_core.load_store_unit_i.data_wdata_tag$1542
     2/6: $u_ibex_top.u_ibex_core.load_store_unit_i.data_wdata_data$1541
     3/6: $u_ibex_top.u_ibex_core.load_store_unit_i.data_wdata_tag$1538
     4/6: $u_ibex_top.u_ibex_core.load_store_unit_i.data_wdata_data$1537
     5/6: $u_ibex_top.u_ibex_core.load_store_unit_i.data_wdata_tag$1540
     6/6: $u_ibex_top.u_ibex_core.load_store_unit_i.data_wdata_data$1539
Creating decoders for process `\chipus_ibex_wrapper.$1529'.
     1/1: $u_ibex_top.u_ibex_core.load_store_unit_i.wdata_int$1530
Creating decoders for process `\chipus_ibex_wrapper.$1515'.
     1/8: $u_ibex_top.u_ibex_core.load_store_unit_i.data_be$1526
     2/8: $u_ibex_top.u_ibex_core.load_store_unit_i.data_be$1525
     3/8: $u_ibex_top.u_ibex_core.load_store_unit_i.data_be$1524
     4/8: $u_ibex_top.u_ibex_core.load_store_unit_i.data_be$1527
     5/8: $u_ibex_top.u_ibex_core.load_store_unit_i.data_be$1521
     6/8: $u_ibex_top.u_ibex_core.load_store_unit_i.data_be$1522
     7/8: $u_ibex_top.u_ibex_core.load_store_unit_i.data_be$1520
     8/8: $u_ibex_top.u_ibex_core.load_store_unit_i.data_be$1528
Creating decoders for process `\chipus_ibex_wrapper.$1420'.
     1/16: $u_ibex_top.u_ibex_core.ex_block_i.gen_multdiv_fast.multdiv_i.op_remainder_d$1450
     2/16: $u_ibex_top.u_ibex_core.ex_block_i.gen_multdiv_fast.multdiv_i.op_remainder_d$1445
     3/16: $u_ibex_top.u_ibex_core.ex_block_i.gen_multdiv_fast.multdiv_i.md_state_d$1463
     4/16: $u_ibex_top.u_ibex_core.ex_block_i.gen_multdiv_fast.multdiv_i.md_state_d$1432
     5/16: $u_ibex_top.u_ibex_core.ex_block_i.gen_multdiv_fast.multdiv_i.op_remainder_d$1430
     6/16: $u_ibex_top.u_ibex_core.ex_block_i.gen_multdiv_fast.multdiv_i.div_by_zero_d$1431
     7/16: $u_ibex_top.u_ibex_core.ex_block_i.gen_multdiv_fast.multdiv_i.div_by_zero_d$1462
     8/16: $u_ibex_top.u_ibex_core.ex_block_i.gen_multdiv_fast.multdiv_i.div_hold$1461
     9/16: $u_ibex_top.u_ibex_core.ex_block_i.gen_multdiv_fast.multdiv_i.div_counter_d$1460
    10/16: $u_ibex_top.u_ibex_core.ex_block_i.gen_multdiv_fast.multdiv_i.div_valid$1459
    11/16: $u_ibex_top.u_ibex_core.ex_block_i.gen_multdiv_fast.multdiv_i.op_quotient_d$1458
    12/16: $u_ibex_top.u_ibex_core.ex_block_i.gen_multdiv_fast.multdiv_i.op_numerator_d$1457
    13/16: $u_ibex_top.u_ibex_core.ex_block_i.gen_multdiv_fast.multdiv_i.op_denominator_d$1456
    14/16: $u_ibex_top.u_ibex_core.ex_block_i.gen_multdiv_fast.multdiv_i.op_remainder_d$1455
    15/16: $u_ibex_top.u_ibex_core.ex_block_i.gen_multdiv_fast.multdiv_i.alu_operand_b_o$1454
    16/16: $u_ibex_top.u_ibex_core.ex_block_i.gen_multdiv_fast.multdiv_i.alu_operand_a_o$1453
Creating decoders for process `\chipus_ibex_wrapper.$1410'.
     1/1: $u_ibex_top.u_ibex_core.ex_block_i.gen_multdiv_fast.multdiv_i.is_greater_equal$1414
Creating decoders for process `\chipus_ibex_wrapper.$1401'.
     1/1: $u_ibex_top.u_ibex_core.ex_block_i.gen_multdiv_fast.multdiv_i.gen_mult_fast.mult_state_q$1404
Creating decoders for process `\chipus_ibex_wrapper.$1376'.
     1/15: $u_ibex_top.u_ibex_core.ex_block_i.gen_multdiv_fast.multdiv_i.gen_mult_fast.mult_state_d$1387
     2/15: $u_ibex_top.u_ibex_core.ex_block_i.gen_multdiv_fast.multdiv_i.mac_res_d$1385
     3/15: $u_ibex_top.u_ibex_core.ex_block_i.gen_multdiv_fast.multdiv_i.accum$1383
     4/15: $u_ibex_top.u_ibex_core.ex_block_i.gen_multdiv_fast.multdiv_i.mult_hold$1386
     5/15: $u_ibex_top.u_ibex_core.ex_block_i.gen_multdiv_fast.multdiv_i.mult_valid$1384
     6/15: $u_ibex_top.u_ibex_core.ex_block_i.gen_multdiv_fast.multdiv_i.mac_res_d$1379
     7/15: $u_ibex_top.u_ibex_core.ex_block_i.gen_multdiv_fast.multdiv_i.gen_mult_fast.mult_state_d$1400
     8/15: $u_ibex_top.u_ibex_core.ex_block_i.gen_multdiv_fast.multdiv_i.gen_mult_fast.mult_op_b$1399
     9/15: $u_ibex_top.u_ibex_core.ex_block_i.gen_multdiv_fast.multdiv_i.gen_mult_fast.mult_op_a$1398
    10/15: $u_ibex_top.u_ibex_core.ex_block_i.gen_multdiv_fast.multdiv_i.mac_res_d$1396
    11/15: $u_ibex_top.u_ibex_core.ex_block_i.gen_multdiv_fast.multdiv_i.sign_b$1394
    12/15: $u_ibex_top.u_ibex_core.ex_block_i.gen_multdiv_fast.multdiv_i.sign_a$1393
    13/15: $u_ibex_top.u_ibex_core.ex_block_i.gen_multdiv_fast.multdiv_i.accum$1392
    14/15: $u_ibex_top.u_ibex_core.ex_block_i.gen_multdiv_fast.multdiv_i.mult_hold$1397
    15/15: $u_ibex_top.u_ibex_core.ex_block_i.gen_multdiv_fast.multdiv_i.mult_valid$1395
Creating decoders for process `\chipus_ibex_wrapper.$1362'.
     1/5: $u_ibex_top.u_ibex_core.ex_block_i.gen_multdiv_fast.multdiv_i.md_state_q$1369
     2/5: $u_ibex_top.u_ibex_core.ex_block_i.gen_multdiv_fast.multdiv_i.div_by_zero_q$1368
     3/5: $u_ibex_top.u_ibex_core.ex_block_i.gen_multdiv_fast.multdiv_i.div_counter_q$1367
     4/5: $u_ibex_top.u_ibex_core.ex_block_i.gen_multdiv_fast.multdiv_i.op_quotient_q$1366
     5/5: $u_ibex_top.u_ibex_core.ex_block_i.gen_multdiv_fast.multdiv_i.op_numerator_q$1365
Creating decoders for process `\chipus_ibex_wrapper.$1356'.
     1/1: $u_ibex_top.u_ibex_core.ex_block_i.alu_i.result_o$1357
Creating decoders for process `\chipus_ibex_wrapper.$1354'.
     1/1: $u_ibex_top.u_ibex_core.ex_block_i.alu_i.bwlogic_result$1355
Creating decoders for process `\chipus_ibex_wrapper.$1342'.
     1/1: $u_ibex_top.u_ibex_core.ex_block_i.alu_i.bwlogic_op_b_negate$1343
Creating decoders for process `\chipus_ibex_wrapper.$1333'.
Creating decoders for process `\chipus_ibex_wrapper.$1329'.
     1/2: $u_ibex_top.u_ibex_core.ex_block_i.alu_i.shift_left$1331
     2/2: $u_ibex_top.u_ibex_core.ex_block_i.alu_i.shift_left$1330
Creating decoders for process `\chipus_ibex_wrapper.$1322'.
     1/1: $u_ibex_top.u_ibex_core.ex_block_i.alu_i.shift_amt[4:0]$1328
Creating decoders for process `\chipus_ibex_wrapper.$1314'.
     1/1: $u_ibex_top.u_ibex_core.ex_block_i.alu_i.cmp_result$1317
Creating decoders for process `\chipus_ibex_wrapper.$1308'.
     1/1: $u_ibex_top.u_ibex_core.ex_block_i.alu_i.is_greater_equal$1313
Creating decoders for process `\chipus_ibex_wrapper.$1305'.
     1/1: $u_ibex_top.u_ibex_core.ex_block_i.alu_i.cmp_signed$1306
Creating decoders for process `\chipus_ibex_wrapper.$1302'.
     1/1: $u_ibex_top.u_ibex_core.ex_block_i.alu_i.adder_in_b$1303
Creating decoders for process `\chipus_ibex_wrapper.$1299'.
     1/1: $u_ibex_top.u_ibex_core.ex_block_i.alu_i.adder_in_a$1300
Creating decoders for process `\chipus_ibex_wrapper.$1297'.
     1/1: $u_ibex_top.u_ibex_core.ex_block_i.alu_i.adder_op_b_negate$1298
Creating decoders for process `\chipus_ibex_wrapper.$1176'.
     1/38: $u_ibex_top.u_ibex_core.id_stage_i.id_fsm_d$1210
     2/38: $u_ibex_top.u_ibex_core.id_stage_i.stall_jump$1209
     3/38: $u_ibex_top.u_ibex_core.id_stage_i.stall_branch$1208
     4/38: $u_ibex_top.u_ibex_core.id_stage_i.stall_multdiv$1207
     5/38: $u_ibex_top.u_ibex_core.id_stage_i.rf_we_raw$1205
     6/38: $u_ibex_top.u_ibex_core.id_stage_i.id_fsm_d$1219
     7/38: $u_ibex_top.u_ibex_core.id_stage_i.rf_we_raw$1217
     8/38: $u_ibex_top.u_ibex_core.id_stage_i.stall_jump$1216
     9/38: $u_ibex_top.u_ibex_core.id_stage_i.stall_branch$1215
    10/38: $u_ibex_top.u_ibex_core.id_stage_i.stall_multdiv$1214
    11/38: $u_ibex_top.u_ibex_core.id_stage_i.id_fsm_d$1188
    12/38: $u_ibex_top.u_ibex_core.id_stage_i.rf_we_raw$1187
    13/38: $u_ibex_top.u_ibex_core.id_stage_i.stall_multdiv$1186
    14/38: $u_ibex_top.u_ibex_core.id_stage_i.id_fsm_d$1183
    15/38: $u_ibex_top.u_ibex_core.id_stage_i.id_fsm_d$1184
    16/38: $u_ibex_top.u_ibex_core.id_stage_i.id_fsm_d$1203
    17/38: $u_ibex_top.u_ibex_core.id_stage_i.id_fsm_d$1179
    18/38: $u_ibex_top.u_ibex_core.id_stage_i.stall_alu$1202
    19/38: $u_ibex_top.u_ibex_core.id_stage_i.rf_we_raw$1201
    20/38: $u_ibex_top.u_ibex_core.id_stage_i.stall_jump$1200
    21/38: $u_ibex_top.u_ibex_core.id_stage_i.stall_branch$1199
    22/38: $u_ibex_top.u_ibex_core.id_stage_i.stall_multdiv$1198
    23/38: $u_ibex_top.u_ibex_core.id_stage_i.jump_set_raw$1197
    24/38: $u_ibex_top.u_ibex_core.id_stage_i.branch_set_raw_d$1196
    25/38: $u_ibex_top.u_ibex_core.id_stage_i.perf_branch_o$1195
    26/38: $u_ibex_top.u_ibex_core.id_stage_i.stall_alu$1218
    27/38: $u_ibex_top.u_ibex_core.id_stage_i.jump_set_raw$1213
    28/38: $u_ibex_top.u_ibex_core.id_stage_i.branch_set_raw_d$1212
    29/38: $u_ibex_top.u_ibex_core.id_stage_i.perf_branch_o$1211
    30/38: $u_ibex_top.u_ibex_core.id_stage_i.id_fsm_d$1228
    31/38: $u_ibex_top.u_ibex_core.id_stage_i.stall_alu$1227
    32/38: $u_ibex_top.u_ibex_core.id_stage_i.rf_we_raw$1226
    33/38: $u_ibex_top.u_ibex_core.id_stage_i.stall_jump$1225
    34/38: $u_ibex_top.u_ibex_core.id_stage_i.stall_branch$1224
    35/38: $u_ibex_top.u_ibex_core.id_stage_i.stall_multdiv$1223
    36/38: $u_ibex_top.u_ibex_core.id_stage_i.jump_set_raw$1222
    37/38: $u_ibex_top.u_ibex_core.id_stage_i.branch_set_raw_d$1221
    38/38: $u_ibex_top.u_ibex_core.id_stage_i.perf_branch_o$1220
Creating decoders for process `\chipus_ibex_wrapper.$1172'.
     1/1: $u_ibex_top.u_ibex_core.id_stage_i.id_fsm_q$1175
Creating decoders for process `\chipus_ibex_wrapper.$2432'.
     1/1: $u_ibex_top.gen_regfile_ff.register_file_i.g_plain_rf.g_rf_flops[23].rf_reg_q$2435
Creating decoders for process `\chipus_ibex_wrapper.$2428'.
     1/1: $u_ibex_top.gen_regfile_ff.register_file_i.g_plain_rf.g_rf_flops[22].rf_reg_q$2431
Creating decoders for process `\chipus_ibex_wrapper.$2424'.
     1/1: $u_ibex_top.gen_regfile_ff.register_file_i.g_plain_rf.g_rf_flops[21].rf_reg_q$2427
Creating decoders for process `\chipus_ibex_wrapper.$952'.
     1/125: $u_ibex_top.u_ibex_core.id_stage_i.controller_i.halt_if$1133
     2/125: $u_ibex_top.u_ibex_core.id_stage_i.controller_i.ctrl_fsm_ns$1107
     3/125: $u_ibex_top.u_ibex_core.id_stage_i.controller_i.ctrl_fsm_ns$1077
     4/125: $u_ibex_top.u_ibex_core.id_stage_i.controller_i.debug_mode_d$1082
     5/125: $u_ibex_top.u_ibex_core.id_stage_i.controller_i.ctrl_fsm_ns$1081
     6/125: $u_ibex_top.u_ibex_core.id_stage_i.controller_i.csr_restore_dret_id_o$1080
     7/125: $u_ibex_top.u_ibex_core.id_stage_i.controller_i.pc_mux_o$1079
     8/125: $u_ibex_top.u_ibex_core.id_stage_i.controller_i.pc_set_o$1078
     9/125: $u_ibex_top.u_ibex_core.id_stage_i.controller_i.pc_mux_o$1084
    10/125: $u_ibex_top.u_ibex_core.id_stage_i.controller_i.pc_set_o$1083
    11/125: $u_ibex_top.u_ibex_core.id_stage_i.controller_i.nmi_mode_d$1076
    12/125: $u_ibex_top.u_ibex_core.id_stage_i.controller_i.debug_mode_d$1089
    13/125: $u_ibex_top.u_ibex_core.id_stage_i.controller_i.nmi_mode_d$1088
    14/125: $u_ibex_top.u_ibex_core.id_stage_i.controller_i.ctrl_fsm_ns$1087
    15/125: $u_ibex_top.u_ibex_core.id_stage_i.controller_i.csr_restore_dret_id_o$1086
    16/125: $u_ibex_top.u_ibex_core.id_stage_i.controller_i.csr_restore_mret_id_o$1085
    17/125: $u_ibex_top.u_ibex_core.id_stage_i.controller_i.ctrl_fsm_ns$1100
    18/125: $u_ibex_top.u_ibex_core.id_stage_i.controller_i.pc_mux_o$1091
    19/125: $u_ibex_top.u_ibex_core.id_stage_i.controller_i.pc_set_o$1090
    20/125: $u_ibex_top.u_ibex_core.id_stage_i.controller_i.csr_mtval_o$1065
    21/125: $u_ibex_top.u_ibex_core.id_stage_i.controller_i.exc_cause_o$1064
    22/125: $u_ibex_top.u_ibex_core.id_stage_i.controller_i.csr_mtval_o$1067
    23/125: $u_ibex_top.u_ibex_core.id_stage_i.controller_i.exc_cause_o$1066
    24/125: $u_ibex_top.u_ibex_core.id_stage_i.controller_i.csr_mtval_o$1062
    25/125: $u_ibex_top.u_ibex_core.id_stage_i.controller_i.exc_cause_o$1061
    26/125: $u_ibex_top.u_ibex_core.id_stage_i.controller_i.csr_mtval_o$1059
    27/125: $u_ibex_top.u_ibex_core.id_stage_i.controller_i.exc_cause_o$1058
    28/125: $u_ibex_top.u_ibex_core.id_stage_i.controller_i.csr_mtval_o$1057
    29/125: $u_ibex_top.u_ibex_core.id_stage_i.controller_i.exc_cause_o$1056
    30/125: $u_ibex_top.u_ibex_core.id_stage_i.controller_i.csr_mtval_o$1053
    31/125: $u_ibex_top.u_ibex_core.id_stage_i.controller_i.exc_cause_o$1052
    32/125: $u_ibex_top.u_ibex_core.id_stage_i.controller_i.csr_mtval_o$1051
    33/125: $u_ibex_top.u_ibex_core.id_stage_i.controller_i.exc_cause_o$1050
    34/125: $u_ibex_top.u_ibex_core.id_stage_i.controller_i.flush_id$1047
    35/125: $u_ibex_top.u_ibex_core.id_stage_i.controller_i.ctrl_fsm_ns$1046
    36/125: $u_ibex_top.u_ibex_core.id_stage_i.controller_i.csr_save_cause_o$1045
    37/125: $u_ibex_top.u_ibex_core.id_stage_i.controller_i.csr_save_id_o$1044
    38/125: $u_ibex_top.u_ibex_core.id_stage_i.controller_i.exc_cause_o$1043
    39/125: $u_ibex_top.u_ibex_core.id_stage_i.controller_i.pc_set_o$1042
    40/125: $u_ibex_top.u_ibex_core.id_stage_i.controller_i.csr_mtval_o$1031
    41/125: $u_ibex_top.u_ibex_core.id_stage_i.controller_i.exc_cause_o$1029
    42/125: $u_ibex_top.u_ibex_core.id_stage_i.controller_i.csr_mepcc_clrtag_o$1030
    43/125: $u_ibex_top.u_ibex_core.id_stage_i.controller_i.csr_mtval_o$1034
    44/125: $u_ibex_top.u_ibex_core.id_stage_i.controller_i.exc_cause_o$1032
    45/125: $u_ibex_top.u_ibex_core.id_stage_i.controller_i.csr_mepcc_clrtag_o$1033
    46/125: $u_ibex_top.u_ibex_core.id_stage_i.controller_i.flush_id$1075
    47/125: $u_ibex_top.u_ibex_core.id_stage_i.controller_i.ctrl_fsm_ns$1074
    48/125: $u_ibex_top.u_ibex_core.id_stage_i.controller_i.csr_mtval_o$1073
    49/125: $u_ibex_top.u_ibex_core.id_stage_i.controller_i.csr_mepcc_clrtag_o$1072
    50/125: $u_ibex_top.u_ibex_core.id_stage_i.controller_i.csr_save_cause_o$1071
    51/125: $u_ibex_top.u_ibex_core.id_stage_i.controller_i.csr_save_id_o$1070
    52/125: $u_ibex_top.u_ibex_core.id_stage_i.controller_i.exc_cause_o$1069
    53/125: $u_ibex_top.u_ibex_core.id_stage_i.controller_i.pc_set_o$1068
    54/125: $u_ibex_top.u_ibex_core.id_stage_i.controller_i.csr_save_id_o$1020
    55/125: $u_ibex_top.u_ibex_core.id_stage_i.controller_i.flush_id$1103
    56/125: $u_ibex_top.u_ibex_core.id_stage_i.controller_i.debug_mode_d$1102
    57/125: $u_ibex_top.u_ibex_core.id_stage_i.controller_i.nmi_mode_d$1101
    58/125: $u_ibex_top.u_ibex_core.id_stage_i.controller_i.csr_mtval_o$1099
    59/125: $u_ibex_top.u_ibex_core.id_stage_i.controller_i.csr_mepcc_clrtag_o$1098
    60/125: $u_ibex_top.u_ibex_core.id_stage_i.controller_i.csr_save_cause_o$1097
    61/125: $u_ibex_top.u_ibex_core.id_stage_i.controller_i.csr_restore_dret_id_o$1096
    62/125: $u_ibex_top.u_ibex_core.id_stage_i.controller_i.csr_restore_mret_id_o$1095
    63/125: $u_ibex_top.u_ibex_core.id_stage_i.controller_i.csr_save_id_o$1094
    64/125: $u_ibex_top.u_ibex_core.id_stage_i.controller_i.exc_cause_o$1093
    65/125: $u_ibex_top.u_ibex_core.id_stage_i.controller_i.exc_pc_mux_o$1092
    66/125: $u_ibex_top.u_ibex_core.id_stage_i.controller_i.csr_save_cause_o$1013
    67/125: $u_ibex_top.u_ibex_core.id_stage_i.controller_i.csr_save_id_o$1012
    68/125: $u_ibex_top.u_ibex_core.id_stage_i.controller_i.debug_csr_save_o$1011
    69/125: $u_ibex_top.u_ibex_core.id_stage_i.controller_i.exc_cause_o$997
    70/125: $u_ibex_top.u_ibex_core.id_stage_i.controller_i.exc_cause_o$998
    71/125: $u_ibex_top.u_ibex_core.id_stage_i.controller_i.exc_cause_o$999
    72/125: $u_ibex_top.u_ibex_core.id_stage_i.controller_i.exc_cause_o$1000
    73/125: $u_ibex_top.u_ibex_core.id_stage_i.controller_i.csr_mtval_o$995
    74/125: $u_ibex_top.u_ibex_core.id_stage_i.controller_i.nmi_mode_d$1002
    75/125: $u_ibex_top.u_ibex_core.id_stage_i.controller_i.csr_mtval_o$1001
    76/125: $u_ibex_top.u_ibex_core.id_stage_i.controller_i.nmi_mode_d$1008
    77/125: $u_ibex_top.u_ibex_core.id_stage_i.controller_i.csr_mtval_o$1007
    78/125: $u_ibex_top.u_ibex_core.id_stage_i.controller_i.csr_save_cause_o$1006
    79/125: $u_ibex_top.u_ibex_core.id_stage_i.controller_i.csr_save_if_o$1005
    80/125: $u_ibex_top.u_ibex_core.id_stage_i.controller_i.exc_cause_o$1004
    81/125: $u_ibex_top.u_ibex_core.id_stage_i.controller_i.pc_set_o$1003
    82/125: $u_ibex_top.u_ibex_core.id_stage_i.controller_i.halt_if$985
    83/125: $u_ibex_top.u_ibex_core.id_stage_i.controller_i.ctrl_fsm_ns$984
    84/125: $u_ibex_top.u_ibex_core.id_stage_i.controller_i.halt_if$987
    85/125: $u_ibex_top.u_ibex_core.id_stage_i.controller_i.ctrl_fsm_ns$986
    86/125: $u_ibex_top.u_ibex_core.id_stage_i.controller_i.halt_if$989
    87/125: $u_ibex_top.u_ibex_core.id_stage_i.controller_i.ctrl_fsm_ns$988
    88/125: $u_ibex_top.u_ibex_core.id_stage_i.controller_i.halt_if$978
    89/125: $u_ibex_top.u_ibex_core.id_stage_i.controller_i.perf_tbranch_o$974
    90/125: $u_ibex_top.u_ibex_core.id_stage_i.controller_i.perf_jump_o$973
    91/125: $u_ibex_top.u_ibex_core.id_stage_i.controller_i.pc_set_o$972
    92/125: $u_ibex_top.u_ibex_core.id_stage_i.controller_i.ctrl_fsm_ns$965
    93/125: $u_ibex_top.u_ibex_core.id_stage_i.controller_i.retain_id$967
    94/125: $u_ibex_top.u_ibex_core.id_stage_i.controller_i.ctrl_fsm_ns$966
    95/125: $u_ibex_top.u_ibex_core.id_stage_i.controller_i.halt_if$963
    96/125: $u_ibex_top.u_ibex_core.id_stage_i.controller_i.ctrl_fsm_ns$962
    97/125: $u_ibex_top.u_ibex_core.id_stage_i.controller_i.halt_if$961
    98/125: $u_ibex_top.u_ibex_core.id_stage_i.controller_i.ctrl_fsm_ns$960
    99/125: $u_ibex_top.u_ibex_core.id_stage_i.controller_i.ctrl_fsm_ns$959
   100/125: $u_ibex_top.u_ibex_core.id_stage_i.controller_i.ctrl_fsm_ns$958
   101/125: $u_ibex_top.u_ibex_core.id_stage_i.controller_i.ctrl_busy_o$957
   102/125: $u_ibex_top.u_ibex_core.id_stage_i.controller_i.ctrl_fsm_ns$1126
   103/125: $u_ibex_top.u_ibex_core.id_stage_i.controller_i.flush_id$1131
   104/125: $u_ibex_top.u_ibex_core.id_stage_i.controller_i.retain_id$1130
   105/125: $u_ibex_top.u_ibex_core.id_stage_i.controller_i.halt_if$1129
   106/125: $u_ibex_top.u_ibex_core.id_stage_i.controller_i.debug_mode_d$1128
   107/125: $u_ibex_top.u_ibex_core.id_stage_i.controller_i.nmi_mode_d$1127
   108/125: $u_ibex_top.u_ibex_core.id_stage_i.controller_i.perf_tbranch_o$1125
   109/125: $u_ibex_top.u_ibex_core.id_stage_i.controller_i.perf_jump_o$1124
   110/125: $u_ibex_top.u_ibex_core.id_stage_i.controller_i.csr_mtval_o$1123
   111/125: $u_ibex_top.u_ibex_core.id_stage_i.controller_i.csr_mepcc_clrtag_o$1122
   112/125: $u_ibex_top.u_ibex_core.id_stage_i.controller_i.csr_save_cause_o$1121
   113/125: $u_ibex_top.u_ibex_core.id_stage_i.controller_i.csr_restore_dret_id_o$1120
   114/125: $u_ibex_top.u_ibex_core.id_stage_i.controller_i.csr_restore_mret_id_o$1119
   115/125: $u_ibex_top.u_ibex_core.id_stage_i.controller_i.csr_save_id_o$1118
   116/125: $u_ibex_top.u_ibex_core.id_stage_i.controller_i.csr_save_if_o$1117
   117/125: $u_ibex_top.u_ibex_core.id_stage_i.controller_i.debug_mode_entering_o$1116
   118/125: $u_ibex_top.u_ibex_core.id_stage_i.controller_i.debug_csr_save_o$1115
   119/125: $u_ibex_top.u_ibex_core.id_stage_i.controller_i.exc_cause_o$1114
   120/125: $u_ibex_top.u_ibex_core.id_stage_i.controller_i.exc_pc_mux_o$1113
   121/125: $u_ibex_top.u_ibex_core.id_stage_i.controller_i.pc_mux_o$1112
   122/125: $u_ibex_top.u_ibex_core.id_stage_i.controller_i.pc_set_o$1111
   123/125: $u_ibex_top.u_ibex_core.id_stage_i.controller_i.instr_req_o$1110
   124/125: $u_ibex_top.u_ibex_core.id_stage_i.controller_i.controller_run_o$1109
   125/125: $u_ibex_top.u_ibex_core.id_stage_i.controller_i.ctrl_busy_o$1108
Creating decoders for process `\chipus_ibex_wrapper.$2420'.
     1/1: $u_ibex_top.gen_regfile_ff.register_file_i.g_plain_rf.g_rf_flops[20].rf_reg_q$2423
Creating decoders for process `\chipus_ibex_wrapper.$928'.
     1/15: $u_ibex_top.u_ibex_core.id_stage_i.controller_i.mfip_id$943
     2/15: $u_ibex_top.u_ibex_core.id_stage_i.controller_i.mfip_id$942
     3/15: $u_ibex_top.u_ibex_core.id_stage_i.controller_i.mfip_id$941
     4/15: $u_ibex_top.u_ibex_core.id_stage_i.controller_i.mfip_id$940
     5/15: $u_ibex_top.u_ibex_core.id_stage_i.controller_i.mfip_id$939
     6/15: $u_ibex_top.u_ibex_core.id_stage_i.controller_i.mfip_id$938
     7/15: $u_ibex_top.u_ibex_core.id_stage_i.controller_i.mfip_id$937
     8/15: $u_ibex_top.u_ibex_core.id_stage_i.controller_i.mfip_id$936
     9/15: $u_ibex_top.u_ibex_core.id_stage_i.controller_i.mfip_id$935
    10/15: $u_ibex_top.u_ibex_core.id_stage_i.controller_i.mfip_id$934
    11/15: $u_ibex_top.u_ibex_core.id_stage_i.controller_i.mfip_id$933
    12/15: $u_ibex_top.u_ibex_core.id_stage_i.controller_i.mfip_id$932
    13/15: $u_ibex_top.u_ibex_core.id_stage_i.controller_i.mfip_id$931
    14/15: $u_ibex_top.u_ibex_core.id_stage_i.controller_i.mfip_id$930
    15/15: $u_ibex_top.u_ibex_core.id_stage_i.controller_i.mfip_id$929
Creating decoders for process `\chipus_ibex_wrapper.$841'.
     1/45: $u_ibex_top.u_ibex_core.id_stage_i.controller_i.cheriot_asr_err_prio$846
     2/45: $u_ibex_top.u_ibex_core.id_stage_i.controller_i.cheriot_asr_err_prio$848
     3/45: $u_ibex_top.u_ibex_core.id_stage_i.controller_i.cheriot_wb_err_prio$847
     4/45: $u_ibex_top.u_ibex_core.id_stage_i.controller_i.cheriot_asr_err_prio$851
     5/45: $u_ibex_top.u_ibex_core.id_stage_i.controller_i.cheriot_wb_err_prio$850
     6/45: $u_ibex_top.u_ibex_core.id_stage_i.controller_i.load_err_prio$849
     7/45: $u_ibex_top.u_ibex_core.id_stage_i.controller_i.cheriot_asr_err_prio$855
     8/45: $u_ibex_top.u_ibex_core.id_stage_i.controller_i.cheriot_wb_err_prio$854
     9/45: $u_ibex_top.u_ibex_core.id_stage_i.controller_i.load_err_prio$853
    10/45: $u_ibex_top.u_ibex_core.id_stage_i.controller_i.store_err_prio$852
    11/45: $u_ibex_top.u_ibex_core.id_stage_i.controller_i.cheriot_asr_err_prio$860
    12/45: $u_ibex_top.u_ibex_core.id_stage_i.controller_i.cheriot_wb_err_prio$859
    13/45: $u_ibex_top.u_ibex_core.id_stage_i.controller_i.cheriot_ex_err_prio$858
    14/45: $u_ibex_top.u_ibex_core.id_stage_i.controller_i.load_err_prio$857
    15/45: $u_ibex_top.u_ibex_core.id_stage_i.controller_i.store_err_prio$856
    16/45: $u_ibex_top.u_ibex_core.id_stage_i.controller_i.cheriot_asr_err_prio$866
    17/45: $u_ibex_top.u_ibex_core.id_stage_i.controller_i.cheriot_wb_err_prio$865
    18/45: $u_ibex_top.u_ibex_core.id_stage_i.controller_i.cheriot_ex_err_prio$864
    19/45: $u_ibex_top.u_ibex_core.id_stage_i.controller_i.load_err_prio$863
    20/45: $u_ibex_top.u_ibex_core.id_stage_i.controller_i.store_err_prio$862
    21/45: $u_ibex_top.u_ibex_core.id_stage_i.controller_i.ebrk_insn_prio$861
    22/45: $u_ibex_top.u_ibex_core.id_stage_i.controller_i.cheriot_asr_err_prio$873
    23/45: $u_ibex_top.u_ibex_core.id_stage_i.controller_i.cheriot_wb_err_prio$872
    24/45: $u_ibex_top.u_ibex_core.id_stage_i.controller_i.cheriot_ex_err_prio$871
    25/45: $u_ibex_top.u_ibex_core.id_stage_i.controller_i.load_err_prio$870
    26/45: $u_ibex_top.u_ibex_core.id_stage_i.controller_i.store_err_prio$869
    27/45: $u_ibex_top.u_ibex_core.id_stage_i.controller_i.ebrk_insn_prio$868
    28/45: $u_ibex_top.u_ibex_core.id_stage_i.controller_i.ecall_insn_prio$867
    29/45: $u_ibex_top.u_ibex_core.id_stage_i.controller_i.cheriot_asr_err_prio$881
    30/45: $u_ibex_top.u_ibex_core.id_stage_i.controller_i.cheriot_wb_err_prio$880
    31/45: $u_ibex_top.u_ibex_core.id_stage_i.controller_i.cheriot_ex_err_prio$879
    32/45: $u_ibex_top.u_ibex_core.id_stage_i.controller_i.load_err_prio$878
    33/45: $u_ibex_top.u_ibex_core.id_stage_i.controller_i.store_err_prio$877
    34/45: $u_ibex_top.u_ibex_core.id_stage_i.controller_i.ebrk_insn_prio$876
    35/45: $u_ibex_top.u_ibex_core.id_stage_i.controller_i.ecall_insn_prio$875
    36/45: $u_ibex_top.u_ibex_core.id_stage_i.controller_i.illegal_insn_prio$874
    37/45: $u_ibex_top.u_ibex_core.id_stage_i.controller_i.cheriot_asr_err_prio$890
    38/45: $u_ibex_top.u_ibex_core.id_stage_i.controller_i.cheriot_wb_err_prio$889
    39/45: $u_ibex_top.u_ibex_core.id_stage_i.controller_i.cheriot_ex_err_prio$888
    40/45: $u_ibex_top.u_ibex_core.id_stage_i.controller_i.load_err_prio$887
    41/45: $u_ibex_top.u_ibex_core.id_stage_i.controller_i.store_err_prio$886
    42/45: $u_ibex_top.u_ibex_core.id_stage_i.controller_i.ebrk_insn_prio$885
    43/45: $u_ibex_top.u_ibex_core.id_stage_i.controller_i.ecall_insn_prio$884
    44/45: $u_ibex_top.u_ibex_core.id_stage_i.controller_i.illegal_insn_prio$883
    45/45: $u_ibex_top.u_ibex_core.id_stage_i.controller_i.instr_fetch_err_prio$882
Creating decoders for process `\chipus_ibex_wrapper.$698'.
     1/49: $u_ibex_top.u_ibex_core.id_stage_i.decoder_i.alu_op_a_mux_sel_o$744
     2/49: $u_ibex_top.u_ibex_core.id_stage_i.decoder_i.alu_op_a_mux_sel_o$746
     3/49: $u_ibex_top.u_ibex_core.id_stage_i.decoder_i.alu_op_b_mux_sel_o$747
     4/49: $u_ibex_top.u_ibex_core.id_stage_i.decoder_i.imm_a_mux_sel_o$745
     5/49: $u_ibex_top.u_ibex_core.id_stage_i.decoder_i.alu_op_b_mux_sel_o$738
     6/49: $u_ibex_top.u_ibex_core.id_stage_i.decoder_i.alu_op_a_mux_sel_o$737
     7/49: $u_ibex_top.u_ibex_core.id_stage_i.decoder_i.alu_operator_o$736
     8/49: $u_ibex_top.u_ibex_core.id_stage_i.decoder_i.imm_b_mux_sel_o$735
     9/49: $u_ibex_top.u_ibex_core.id_stage_i.decoder_i.alu_op_b_mux_sel_o$742
    10/49: $u_ibex_top.u_ibex_core.id_stage_i.decoder_i.alu_op_a_mux_sel_o$741
    11/49: $u_ibex_top.u_ibex_core.id_stage_i.decoder_i.alu_operator_o$740
    12/49: $u_ibex_top.u_ibex_core.id_stage_i.decoder_i.imm_b_mux_sel_o$739
    13/49: $u_ibex_top.u_ibex_core.id_stage_i.decoder_i.div_sel_o$731
    14/49: $u_ibex_top.u_ibex_core.id_stage_i.decoder_i.mult_sel_o$730
    15/49: $u_ibex_top.u_ibex_core.id_stage_i.decoder_i.alu_operator_o$729
    16/49: $u_ibex_top.u_ibex_core.id_stage_i.decoder_i.div_sel_o$734
    17/49: $u_ibex_top.u_ibex_core.id_stage_i.decoder_i.mult_sel_o$733
    18/49: $u_ibex_top.u_ibex_core.id_stage_i.decoder_i.alu_operator_o$732
    19/49: $u_ibex_top.u_ibex_core.id_stage_i.decoder_i.alu_operator_o$727
    20/49: $u_ibex_top.u_ibex_core.id_stage_i.decoder_i.alu_operator_o$725
    21/49: $u_ibex_top.u_ibex_core.id_stage_i.decoder_i.alu_operator_o$726
    22/49: $u_ibex_top.u_ibex_core.id_stage_i.decoder_i.alu_operator_o$722
    23/49: $u_ibex_top.u_ibex_core.id_stage_i.decoder_i.alu_operator_o$728
    24/49: $u_ibex_top.u_ibex_core.id_stage_i.decoder_i.alu_op_b_mux_sel_o$721
    25/49: $u_ibex_top.u_ibex_core.id_stage_i.decoder_i.imm_b_mux_sel_o$720
    26/49: $u_ibex_top.u_ibex_core.id_stage_i.decoder_i.alu_op_b_mux_sel_o$714
    27/49: $u_ibex_top.u_ibex_core.id_stage_i.decoder_i.alu_op_a_mux_sel_o$713
    28/49: $u_ibex_top.u_ibex_core.id_stage_i.decoder_i.alu_operator_o$712
    29/49: $u_ibex_top.u_ibex_core.id_stage_i.decoder_i.imm_b_mux_sel_o$711
    30/49: $u_ibex_top.u_ibex_core.id_stage_i.decoder_i.alu_op_b_mux_sel_o$718
    31/49: $u_ibex_top.u_ibex_core.id_stage_i.decoder_i.alu_op_a_mux_sel_o$717
    32/49: $u_ibex_top.u_ibex_core.id_stage_i.decoder_i.alu_operator_o$716
    33/49: $u_ibex_top.u_ibex_core.id_stage_i.decoder_i.imm_b_mux_sel_o$715
    34/49: $u_ibex_top.u_ibex_core.id_stage_i.decoder_i.alu_operator_o$709
    35/49: $u_ibex_top.u_ibex_core.id_stage_i.decoder_i.alu_op_b_mux_sel_o$708
    36/49: $u_ibex_top.u_ibex_core.id_stage_i.decoder_i.alu_op_a_mux_sel_o$707
    37/49: $u_ibex_top.u_ibex_core.id_stage_i.decoder_i.alu_operator_o$706
    38/49: $u_ibex_top.u_ibex_core.id_stage_i.decoder_i.imm_b_mux_sel_o$705
    39/49: $u_ibex_top.u_ibex_core.id_stage_i.decoder_i.alu_op_b_mux_sel_o$703
    40/49: $u_ibex_top.u_ibex_core.id_stage_i.decoder_i.alu_op_a_mux_sel_o$702
    41/49: $u_ibex_top.u_ibex_core.id_stage_i.decoder_i.alu_operator_o$701
    42/49: $u_ibex_top.u_ibex_core.id_stage_i.decoder_i.imm_b_mux_sel_o$700
    43/49: $u_ibex_top.u_ibex_core.id_stage_i.decoder_i.div_sel_o$754
    44/49: $u_ibex_top.u_ibex_core.id_stage_i.decoder_i.mult_sel_o$753
    45/49: $u_ibex_top.u_ibex_core.id_stage_i.decoder_i.alu_op_b_mux_sel_o$752
    46/49: $u_ibex_top.u_ibex_core.id_stage_i.decoder_i.alu_op_a_mux_sel_o$751
    47/49: $u_ibex_top.u_ibex_core.id_stage_i.decoder_i.alu_operator_o$750
    48/49: $u_ibex_top.u_ibex_core.id_stage_i.decoder_i.imm_b_mux_sel_o$749
    49/49: $u_ibex_top.u_ibex_core.id_stage_i.decoder_i.imm_a_mux_sel_o$748
Creating decoders for process `\chipus_ibex_wrapper.$401'.
     1/260: $u_ibex_top.u_ibex_core.id_stage_i.decoder_i.rf_we$697
     2/260: $u_ibex_top.u_ibex_core.id_stage_i.decoder_i.branch_in_dec_o$696
     3/260: $u_ibex_top.u_ibex_core.id_stage_i.decoder_i.jump_in_dec_o$695
     4/260: $u_ibex_top.u_ibex_core.id_stage_i.decoder_i.data_we_o$694
     5/260: $u_ibex_top.u_ibex_core.id_stage_i.decoder_i.data_req_o$693
     6/260: $u_ibex_top.u_ibex_core.id_stage_i.decoder_i.csr_access_o$692
     7/260: $u_ibex_top.u_ibex_core.id_stage_i.decoder_i.jump_set_o$691
     8/260: $u_ibex_top.u_ibex_core.id_stage_i.decoder_i.illegal_insn$690
     9/260: $u_ibex_top.u_ibex_core.id_stage_i.decoder_i.illegal_insn$656
    10/260: $u_ibex_top.u_ibex_core.id_stage_i.decoder_i.rf_we$657
    11/260: $u_ibex_top.u_ibex_core.id_stage_i.decoder_i.cheriot_setaddr_sel_o$655
    12/260: $u_ibex_top.u_ibex_core.id_stage_i.decoder_i.cheriot_adder_b_sel_o$654
    13/260: $u_ibex_top.u_ibex_core.id_stage_i.decoder_i.cheriot_adder_a_sel_o$653
    14/260: $u_ibex_top.u_ibex_core.id_stage_i.decoder_i.cheriot_operator_o[22]$652
    15/260: $u_ibex_top.u_ibex_core.id_stage_i.decoder_i.instr_is_cheriot_o$651
    16/260: $u_ibex_top.u_ibex_core.id_stage_i.decoder_i.rf_ren_a_o$650
    17/260: $u_ibex_top.u_ibex_core.id_stage_i.decoder_i.cheriot_operator_o$680 [25:23]
    18/260: $u_ibex_top.u_ibex_core.id_stage_i.decoder_i.cheriot_operator_o$680 [22]
    19/260: $u_ibex_top.u_ibex_core.id_stage_i.decoder_i.illegal_insn$613
    20/260: $u_ibex_top.u_ibex_core.id_stage_i.decoder_i.cheriot_setbounds_sel_o$612
    21/260: $u_ibex_top.u_ibex_core.id_stage_i.decoder_i.cheriot_operator_o[9]$611
    22/260: $u_ibex_top.u_ibex_core.id_stage_i.decoder_i.illegal_insn$620
    23/260: $u_ibex_top.u_ibex_core.id_stage_i.decoder_i.cheriot_setbounds_sel_o$619
    24/260: $u_ibex_top.u_ibex_core.id_stage_i.decoder_i.cheriot_setaddr_sel_o$618
    25/260: $u_ibex_top.u_ibex_core.id_stage_i.decoder_i.cheriot_adder_b_sel_o$617
    26/260: $u_ibex_top.u_ibex_core.id_stage_i.decoder_i.cheriot_adder_a_sel_o$616
    27/260: $u_ibex_top.u_ibex_core.id_stage_i.decoder_i.cheriot_operator_o[9]$615
    28/260: $u_ibex_top.u_ibex_core.id_stage_i.decoder_i.cheriot_operator_o[6]$614
    29/260: $u_ibex_top.u_ibex_core.id_stage_i.decoder_i.illegal_insn$631
    30/260: $u_ibex_top.u_ibex_core.id_stage_i.decoder_i.cheriot_setbounds_sel_o$630
    31/260: $u_ibex_top.u_ibex_core.id_stage_i.decoder_i.cheriot_setaddr_sel_o$629
    32/260: $u_ibex_top.u_ibex_core.id_stage_i.decoder_i.cheriot_adder_b_sel_o$628
    33/260: $u_ibex_top.u_ibex_core.id_stage_i.decoder_i.cheriot_adder_a_sel_o$627
    34/260: $u_ibex_top.u_ibex_core.id_stage_i.decoder_i.cheriot_operator_o[14:0]$622 [14:10]
    35/260: $u_ibex_top.u_ibex_core.id_stage_i.decoder_i.cheriot_operator_o[14:0]$622 [9]
    36/260: $u_ibex_top.u_ibex_core.id_stage_i.decoder_i.cheriot_operator_o[14:0]$622 [8:7]
    37/260: $u_ibex_top.u_ibex_core.id_stage_i.decoder_i.cheriot_operator_o[14:0]$622 [6]
    38/260: $u_ibex_top.u_ibex_core.id_stage_i.decoder_i.cheriot_operator_o[14:0]$622 [5:0]
    39/260: $u_ibex_top.u_ibex_core.id_stage_i.decoder_i.cheriot_operator_o[11:10]$574 [0]
    40/260: $u_ibex_top.u_ibex_core.id_stage_i.decoder_i.cheriot_operator_o[5:1]$572 [3]
    41/260: $u_ibex_top.u_ibex_core.id_stage_i.decoder_i.cheriot_operator_o[5:1]$572 [2]
    42/260: $u_ibex_top.u_ibex_core.id_stage_i.decoder_i.cheriot_operator_o[5:1]$572 [1]
    43/260: $u_ibex_top.u_ibex_core.id_stage_i.decoder_i.cheriot_operator_o[5:1]$572 [0]
    44/260: $u_ibex_top.u_ibex_core.id_stage_i.decoder_i.cheriot_operator_o[8:7]$573 [0]
    45/260: $u_ibex_top.u_ibex_core.id_stage_i.decoder_i.cheriot_setbounds_sel_o$581
    46/260: $u_ibex_top.u_ibex_core.id_stage_i.decoder_i.cheriot_setaddr_sel_o$580
    47/260: $u_ibex_top.u_ibex_core.id_stage_i.decoder_i.cheriot_adder_b_sel_o$579
    48/260: $u_ibex_top.u_ibex_core.id_stage_i.decoder_i.cheriot_adder_a_sel_o$578
    49/260: $u_ibex_top.u_ibex_core.id_stage_i.decoder_i.cheriot_operator_o[25]$577
    50/260: $u_ibex_top.u_ibex_core.id_stage_i.decoder_i.cheriot_operator_o[16]$576
    51/260: $u_ibex_top.u_ibex_core.id_stage_i.decoder_i.cheriot_operator_o[13]$575
    52/260: $u_ibex_top.u_ibex_core.id_stage_i.decoder_i.cheriot_operator_o[5:1]$572 [4]
    53/260: $u_ibex_top.u_ibex_core.id_stage_i.decoder_i.illegal_insn$582
    54/260: $u_ibex_top.u_ibex_core.id_stage_i.decoder_i.cheriot_operator_o[8:7]$573 [1]
    55/260: $u_ibex_top.u_ibex_core.id_stage_i.decoder_i.cheriot_setaddr_sel_o$593
    56/260: $u_ibex_top.u_ibex_core.id_stage_i.decoder_i.illegal_insn$595
    57/260: $u_ibex_top.u_ibex_core.id_stage_i.decoder_i.cheriot_setbounds_sel_o$594
    58/260: $u_ibex_top.u_ibex_core.id_stage_i.decoder_i.cheriot_adder_b_sel_o$592
    59/260: $u_ibex_top.u_ibex_core.id_stage_i.decoder_i.cheriot_adder_a_sel_o$591
    60/260: $u_ibex_top.u_ibex_core.id_stage_i.decoder_i.cheriot_operator_o[25]$590
    61/260: $u_ibex_top.u_ibex_core.id_stage_i.decoder_i.cheriot_operator_o[18]$589
    62/260: $u_ibex_top.u_ibex_core.id_stage_i.decoder_i.cheriot_operator_o[16]$588
    63/260: $u_ibex_top.u_ibex_core.id_stage_i.decoder_i.cheriot_operator_o[13]$587
    64/260: $u_ibex_top.u_ibex_core.id_stage_i.decoder_i.cheriot_operator_o[11:10]$586
    65/260: $u_ibex_top.u_ibex_core.id_stage_i.decoder_i.cheriot_operator_o[8:7]$585
    66/260: $u_ibex_top.u_ibex_core.id_stage_i.decoder_i.cheriot_operator_o[5:1]$584
    67/260: $u_ibex_top.u_ibex_core.id_stage_i.decoder_i.rf_ren_b_o$583
    68/260: $u_ibex_top.u_ibex_core.id_stage_i.decoder_i.illegal_insn$608
    69/260: $u_ibex_top.u_ibex_core.id_stage_i.decoder_i.cheriot_setbounds_sel_o$607
    70/260: $u_ibex_top.u_ibex_core.id_stage_i.decoder_i.cheriot_operator_o[25:23]$602 [2]
    71/260: $u_ibex_top.u_ibex_core.id_stage_i.decoder_i.cheriot_operator_o[25:23]$602 [1:0]
    72/260: $u_ibex_top.u_ibex_core.id_stage_i.decoder_i.cheriot_operator_o[14:10]$599 [3]
    73/260: $u_ibex_top.u_ibex_core.id_stage_i.decoder_i.cheriot_operator_o[14:10]$599 [2]
    74/260: $u_ibex_top.u_ibex_core.id_stage_i.decoder_i.cheriot_operator_o[14:10]$599 [1:0]
    75/260: $u_ibex_top.u_ibex_core.id_stage_i.decoder_i.cheriot_operator_o[5:0]$597 [0]
    76/260: $u_ibex_top.u_ibex_core.id_stage_i.decoder_i.cheriot_operator_o[24:23]$567 [0]
    77/260: $u_ibex_top.u_ibex_core.id_stage_i.decoder_i.cheriot_setbounds_sel_o$569
    78/260: $u_ibex_top.u_ibex_core.id_stage_i.decoder_i.cheriot_cap_field_sel_o$568
    79/260: $u_ibex_top.u_ibex_core.id_stage_i.decoder_i.illegal_insn$570
    80/260: $u_ibex_top.u_ibex_core.id_stage_i.decoder_i.cheriot_operator_o[14]$566
    81/260: $u_ibex_top.u_ibex_core.id_stage_i.decoder_i.cheriot_operator_o[12]$565
    82/260: $u_ibex_top.u_ibex_core.id_stage_i.decoder_i.cheriot_operator_o[0]$564
    83/260: $u_ibex_top.u_ibex_core.id_stage_i.decoder_i.cheriot_setaddr_sel_o$606
    84/260: $u_ibex_top.u_ibex_core.id_stage_i.decoder_i.cheriot_adder_b_sel_o$605
    85/260: $u_ibex_top.u_ibex_core.id_stage_i.decoder_i.cheriot_adder_a_sel_o$604
    86/260: $u_ibex_top.u_ibex_core.id_stage_i.decoder_i.cheriot_cap_field_sel_o$603
    87/260: $u_ibex_top.u_ibex_core.id_stage_i.decoder_i.cheriot_operator_o[14:10]$599 [4]
    88/260: $u_ibex_top.u_ibex_core.id_stage_i.decoder_i.cheriot_operator_o[18]$601
    89/260: $u_ibex_top.u_ibex_core.id_stage_i.decoder_i.cheriot_operator_o[16]$600
    90/260: $u_ibex_top.u_ibex_core.id_stage_i.decoder_i.cheriot_operator_o[5:0]$597 [5:1]
    91/260: $u_ibex_top.u_ibex_core.id_stage_i.decoder_i.cheriot_operator_o[8:7]$598
    92/260: $u_ibex_top.u_ibex_core.id_stage_i.decoder_i.cheriot_operator_o[24:23]$567 [1]
    93/260: $u_ibex_top.u_ibex_core.id_stage_i.decoder_i.rf_ren_b_o$596
    94/260: $u_ibex_top.u_ibex_core.id_stage_i.decoder_i.cheriot_cap_field_sel_o$626
    95/260: $u_ibex_top.u_ibex_core.id_stage_i.decoder_i.cheriot_operator_o[25:23]$625
    96/260: $u_ibex_top.u_ibex_core.id_stage_i.decoder_i.cheriot_operator_o[18]$624
    97/260: $u_ibex_top.u_ibex_core.id_stage_i.decoder_i.cheriot_operator_o[16]$623
    98/260: $u_ibex_top.u_ibex_core.id_stage_i.decoder_i.cheriot_operator_o[11:10]$574 [1]
    99/260: $u_ibex_top.u_ibex_core.id_stage_i.decoder_i.rf_ren_b_o$621
   100/260: $u_ibex_top.u_ibex_core.id_stage_i.decoder_i.rf_we$645
   101/260: $u_ibex_top.u_ibex_core.id_stage_i.decoder_i.cheriot_setbounds_sel_o$643
   102/260: $u_ibex_top.u_ibex_core.id_stage_i.decoder_i.cheriot_setaddr_sel_o$642
   103/260: $u_ibex_top.u_ibex_core.id_stage_i.decoder_i.cheriot_adder_b_sel_o$641
   104/260: $u_ibex_top.u_ibex_core.id_stage_i.decoder_i.cheriot_adder_a_sel_o$640
   105/260: $u_ibex_top.u_ibex_core.id_stage_i.decoder_i.cheriot_cap_field_sel_o$639
   106/260: $u_ibex_top.u_ibex_core.id_stage_i.decoder_i.cheriot_operator_o[25:23]$638
   107/260: $u_ibex_top.u_ibex_core.id_stage_i.decoder_i.cheriot_operator_o[18]$637
   108/260: $u_ibex_top.u_ibex_core.id_stage_i.decoder_i.cheriot_operator_o[16]$636
   109/260: $u_ibex_top.u_ibex_core.id_stage_i.decoder_i.cheriot_operator_o[14:0]$635
   110/260: $u_ibex_top.u_ibex_core.id_stage_i.decoder_i.instr_is_cheriot_o$634
   111/260: $u_ibex_top.u_ibex_core.id_stage_i.decoder_i.rf_ren_b_o$633
   112/260: $u_ibex_top.u_ibex_core.id_stage_i.decoder_i.rf_ren_a_o$632
   113/260: $u_ibex_top.u_ibex_core.id_stage_i.decoder_i.csr_op$536
   114/260: $u_ibex_top.u_ibex_core.id_stage_i.decoder_i.csr_illegal$535
   115/260: $u_ibex_top.u_ibex_core.id_stage_i.decoder_i.rf_ren_a_o$534
   116/260: $u_ibex_top.u_ibex_core.id_stage_i.decoder_i.illegal_insn$554
   117/260: $u_ibex_top.u_ibex_core.id_stage_i.decoder_i.illegal_insn$532
   118/260: $u_ibex_top.u_ibex_core.id_stage_i.decoder_i.illegal_insn$528
   119/260: $u_ibex_top.u_ibex_core.id_stage_i.decoder_i.wfi_insn_o$527
   120/260: $u_ibex_top.u_ibex_core.id_stage_i.decoder_i.ecall_insn_o$526
   121/260: $u_ibex_top.u_ibex_core.id_stage_i.decoder_i.dret_insn_o$525
   122/260: $u_ibex_top.u_ibex_core.id_stage_i.decoder_i.mret_insn_o$524
   123/260: $u_ibex_top.u_ibex_core.id_stage_i.decoder_i.ebrk_insn_o$523
   124/260: $u_ibex_top.u_ibex_core.id_stage_i.decoder_i.csr_op$557
   125/260: $u_ibex_top.u_ibex_core.id_stage_i.decoder_i.rf_we$556
   126/260: $u_ibex_top.u_ibex_core.id_stage_i.decoder_i.csr_illegal$555
   127/260: $u_ibex_top.u_ibex_core.id_stage_i.decoder_i.csr_cheriot_always_ok_o$553
   128/260: $u_ibex_top.u_ibex_core.id_stage_i.decoder_i.csr_access_o$552
   129/260: $u_ibex_top.u_ibex_core.id_stage_i.decoder_i.rf_ren_a_o$551
   130/260: $u_ibex_top.u_ibex_core.id_stage_i.decoder_i.rf_wdata_sel_o$550
   131/260: $u_ibex_top.u_ibex_core.id_stage_i.decoder_i.wfi_insn_o$549
   132/260: $u_ibex_top.u_ibex_core.id_stage_i.decoder_i.ecall_insn_o$548
   133/260: $u_ibex_top.u_ibex_core.id_stage_i.decoder_i.dret_insn_o$547
   134/260: $u_ibex_top.u_ibex_core.id_stage_i.decoder_i.mret_insn_o$546
   135/260: $u_ibex_top.u_ibex_core.id_stage_i.decoder_i.ebrk_insn_o$545
   136/260: $u_ibex_top.u_ibex_core.id_stage_i.decoder_i.icache_inval_o$516
   137/260: $u_ibex_top.u_ibex_core.id_stage_i.decoder_i.jump_set_o$515
   138/260: $u_ibex_top.u_ibex_core.id_stage_i.decoder_i.rf_we$521
   139/260: $u_ibex_top.u_ibex_core.id_stage_i.decoder_i.illegal_insn$520
   140/260: $u_ibex_top.u_ibex_core.id_stage_i.decoder_i.jump_in_dec_o$519
   141/260: $u_ibex_top.u_ibex_core.id_stage_i.decoder_i.icache_inval_o$518
   142/260: $u_ibex_top.u_ibex_core.id_stage_i.decoder_i.jump_set_o$517
   143/260: $u_ibex_top.u_ibex_core.id_stage_i.decoder_i.illegal_insn$511
   144/260: $u_ibex_top.u_ibex_core.id_stage_i.decoder_i.multdiv_signed_mode_o$510
   145/260: $u_ibex_top.u_ibex_core.id_stage_i.decoder_i.multdiv_operator_o$509
   146/260: $u_ibex_top.u_ibex_core.id_stage_i.decoder_i.illegal_insn$514
   147/260: $u_ibex_top.u_ibex_core.id_stage_i.decoder_i.multdiv_signed_mode_o$513
   148/260: $u_ibex_top.u_ibex_core.id_stage_i.decoder_i.multdiv_operator_o$512
   149/260: $u_ibex_top.u_ibex_core.id_stage_i.decoder_i.illegal_insn$504
   150/260: $u_ibex_top.u_ibex_core.id_stage_i.decoder_i.illegal_insn$503
   151/260: $u_ibex_top.u_ibex_core.id_stage_i.decoder_i.illegal_insn$501
   152/260: $u_ibex_top.u_ibex_core.id_stage_i.decoder_i.illegal_insn$500
   153/260: $u_ibex_top.u_ibex_core.id_stage_i.decoder_i.illegal_insn$505
   154/260: $u_ibex_top.u_ibex_core.id_stage_i.decoder_i.illegal_insn$506
   155/260: $u_ibex_top.u_ibex_core.id_stage_i.decoder_i.illegal_insn$496
   156/260: $u_ibex_top.u_ibex_core.id_stage_i.decoder_i.illegal_insn$495
   157/260: $u_ibex_top.u_ibex_core.id_stage_i.decoder_i.illegal_insn$497
   158/260: $u_ibex_top.u_ibex_core.id_stage_i.decoder_i.illegal_insn$507
   159/260: $u_ibex_top.u_ibex_core.id_stage_i.decoder_i.illegal_insn$644
   160/260: $u_ibex_top.u_ibex_core.id_stage_i.decoder_i.cheriot_operator_o$680 [21]
   161/260: $u_ibex_top.u_ibex_core.id_stage_i.decoder_i.illegal_insn$490
   162/260: $u_ibex_top.u_ibex_core.id_stage_i.decoder_i.cheriot_setaddr_sel_o$489
   163/260: $u_ibex_top.u_ibex_core.id_stage_i.decoder_i.cheriot_adder_b_sel_o$488
   164/260: $u_ibex_top.u_ibex_core.id_stage_i.decoder_i.cheriot_adder_a_sel_o$487
   165/260: $u_ibex_top.u_ibex_core.id_stage_i.decoder_i.cheriot_operator_o[21]$486
   166/260: $u_ibex_top.u_ibex_core.id_stage_i.decoder_i.instr_is_cheriot_o$485
   167/260: $u_ibex_top.u_ibex_core.id_stage_i.decoder_i.cheriot_operator_o$680 [16]
   168/260: $u_ibex_top.u_ibex_core.id_stage_i.decoder_i.cheriot_operator_o$680 [15]
   169/260: $u_ibex_top.u_ibex_core.id_stage_i.decoder_i.cheriot_operator_o$680 [14:0]
   170/260: $u_ibex_top.u_ibex_core.id_stage_i.decoder_i.cheriot_data_req_o$471
   171/260: $u_ibex_top.u_ibex_core.id_stage_i.decoder_i.cheriot_operator_o[15]$473
   172/260: $u_ibex_top.u_ibex_core.id_stage_i.decoder_i.instr_is_cheriot_o$472
   173/260: $u_ibex_top.u_ibex_core.id_stage_i.decoder_i.data_req_o$470
   174/260: $u_ibex_top.u_ibex_core.id_stage_i.decoder_i.illegal_insn$463
   175/260: $u_ibex_top.u_ibex_core.id_stage_i.decoder_i.illegal_insn$480
   176/260: $u_ibex_top.u_ibex_core.id_stage_i.decoder_i.cheriot_operator_o[15]$479
   177/260: $u_ibex_top.u_ibex_core.id_stage_i.decoder_i.instr_is_cheriot_o$478
   178/260: $u_ibex_top.u_ibex_core.id_stage_i.decoder_i.data_type_o$477
   179/260: $u_ibex_top.u_ibex_core.id_stage_i.decoder_i.cheriot_data_req_o$476
   180/260: $u_ibex_top.u_ibex_core.id_stage_i.decoder_i.data_req_o$475
   181/260: $u_ibex_top.u_ibex_core.id_stage_i.decoder_i.cheriot_operator_o$680 [18]
   182/260: $u_ibex_top.u_ibex_core.id_stage_i.decoder_i.cheriot_operator_o$680 [17]
   183/260: $u_ibex_top.u_ibex_core.id_stage_i.decoder_i.illegal_insn$474
   184/260: $u_ibex_top.u_ibex_core.id_stage_i.decoder_i.illegal_insn$450
   185/260: $u_ibex_top.u_ibex_core.id_stage_i.decoder_i.cheriot_data_req_o$447
   186/260: $u_ibex_top.u_ibex_core.id_stage_i.decoder_i.cheriot_operator_o[17]$449
   187/260: $u_ibex_top.u_ibex_core.id_stage_i.decoder_i.instr_is_cheriot_o$448
   188/260: $u_ibex_top.u_ibex_core.id_stage_i.decoder_i.data_req_o$446
   189/260: $u_ibex_top.u_ibex_core.id_stage_i.decoder_i.illegal_insn$455
   190/260: $u_ibex_top.u_ibex_core.id_stage_i.decoder_i.cheriot_operator_o[17]$454
   191/260: $u_ibex_top.u_ibex_core.id_stage_i.decoder_i.instr_is_cheriot_o$453
   192/260: $u_ibex_top.u_ibex_core.id_stage_i.decoder_i.cheriot_data_req_o$452
   193/260: $u_ibex_top.u_ibex_core.id_stage_i.decoder_i.data_req_o$451
   194/260: $u_ibex_top.u_ibex_core.id_stage_i.decoder_i.illegal_insn$460
   195/260: $u_ibex_top.u_ibex_core.id_stage_i.decoder_i.cheriot_operator_o[17]$459
   196/260: $u_ibex_top.u_ibex_core.id_stage_i.decoder_i.instr_is_cheriot_o$458
   197/260: $u_ibex_top.u_ibex_core.id_stage_i.decoder_i.cheriot_data_req_o$457
   198/260: $u_ibex_top.u_ibex_core.id_stage_i.decoder_i.data_req_o$456
   199/260: $u_ibex_top.u_ibex_core.id_stage_i.decoder_i.illegal_insn$439
   200/260: $u_ibex_top.u_ibex_core.id_stage_i.decoder_i.cheriot_operator_o$680 [19]
   201/260: $u_ibex_top.u_ibex_core.id_stage_i.decoder_i.data_type_o$461
   202/260: $u_ibex_top.u_ibex_core.id_stage_i.decoder_i.rf_we$426
   203/260: $u_ibex_top.u_ibex_core.id_stage_i.decoder_i.jump_set_o$425
   204/260: $u_ibex_top.u_ibex_core.id_stage_i.decoder_i.rf_we$438
   205/260: $u_ibex_top.u_ibex_core.id_stage_i.decoder_i.illegal_insn$437
   206/260: $u_ibex_top.u_ibex_core.id_stage_i.decoder_i.rf_ren_a_o$430
   207/260: $u_ibex_top.u_ibex_core.id_stage_i.decoder_i.illegal_insn$424
   208/260: $u_ibex_top.u_ibex_core.id_stage_i.decoder_i.cheriot_operator_o[19]$422
   209/260: $u_ibex_top.u_ibex_core.id_stage_i.decoder_i.cheriot_setaddr_sel_o$436
   210/260: $u_ibex_top.u_ibex_core.id_stage_i.decoder_i.cheriot_adder_b_sel_o$435
   211/260: $u_ibex_top.u_ibex_core.id_stage_i.decoder_i.cheriot_adder_a_sel_o$434
   212/260: $u_ibex_top.u_ibex_core.id_stage_i.decoder_i.cheriot_operator_o[19]$433
   213/260: $u_ibex_top.u_ibex_core.id_stage_i.decoder_i.instr_is_cheriot_o$432
   214/260: $u_ibex_top.u_ibex_core.id_stage_i.decoder_i.jump_in_dec_o$431
   215/260: $u_ibex_top.u_ibex_core.id_stage_i.decoder_i.jump_set_o$429
   216/260: $u_ibex_top.u_ibex_core.id_stage_i.decoder_i.rf_we$491
   217/260: $u_ibex_top.u_ibex_core.id_stage_i.decoder_i.cheriot_operator_o$680 [20]
   218/260: $u_ibex_top.u_ibex_core.id_stage_i.decoder_i.illegal_insn$428
   219/260: $u_ibex_top.u_ibex_core.id_stage_i.decoder_i.jump_set_o$406
   220/260: $u_ibex_top.u_ibex_core.id_stage_i.decoder_i.rf_we$416
   221/260: $u_ibex_top.u_ibex_core.id_stage_i.decoder_i.illegal_insn$415
   222/260: $u_ibex_top.u_ibex_core.id_stage_i.decoder_i.cheriot_setaddr_sel_o$414
   223/260: $u_ibex_top.u_ibex_core.id_stage_i.decoder_i.cheriot_adder_b_sel_o$413
   224/260: $u_ibex_top.u_ibex_core.id_stage_i.decoder_i.cheriot_adder_a_sel_o$412
   225/260: $u_ibex_top.u_ibex_core.id_stage_i.decoder_i.cheriot_operator_o[20]$411
   226/260: $u_ibex_top.u_ibex_core.id_stage_i.decoder_i.instr_is_cheriot_o$410
   227/260: $u_ibex_top.u_ibex_core.id_stage_i.decoder_i.jump_in_dec_o$409
   228/260: $u_ibex_top.u_ibex_core.id_stage_i.decoder_i.jump_set_o$408
   229/260: $u_ibex_top.u_ibex_core.id_stage_i.decoder_i.csr_op$689
   230/260: $u_ibex_top.u_ibex_core.id_stage_i.decoder_i.rf_we$688
   231/260: $u_ibex_top.u_ibex_core.id_stage_i.decoder_i.csr_illegal$687
   232/260: $u_ibex_top.u_ibex_core.id_stage_i.decoder_i.illegal_insn$686
   233/260: $u_ibex_top.u_ibex_core.id_stage_i.decoder_i.cheriot_setbounds_sel_o$685
   234/260: $u_ibex_top.u_ibex_core.id_stage_i.decoder_i.cheriot_setaddr_sel_o$684
   235/260: $u_ibex_top.u_ibex_core.id_stage_i.decoder_i.cheriot_adder_b_sel_o$683
   236/260: $u_ibex_top.u_ibex_core.id_stage_i.decoder_i.cheriot_adder_a_sel_o$682
   237/260: $u_ibex_top.u_ibex_core.id_stage_i.decoder_i.cheriot_cap_field_sel_o$681
   238/260: $u_ibex_top.u_ibex_core.id_stage_i.decoder_i.rf_we$407
   239/260: $u_ibex_top.u_ibex_core.id_stage_i.decoder_i.instr_is_cheriot_o$679
   240/260: $u_ibex_top.u_ibex_core.id_stage_i.decoder_i.branch_in_dec_o$678
   241/260: $u_ibex_top.u_ibex_core.id_stage_i.decoder_i.jump_in_dec_o$677
   242/260: $u_ibex_top.u_ibex_core.id_stage_i.decoder_i.data_sign_extension_o$676
   243/260: $u_ibex_top.u_ibex_core.id_stage_i.decoder_i.data_type_o$675
   244/260: $u_ibex_top.u_ibex_core.id_stage_i.decoder_i.data_we_o$674
   245/260: $u_ibex_top.u_ibex_core.id_stage_i.decoder_i.cheriot_data_req_o$673
   246/260: $u_ibex_top.u_ibex_core.id_stage_i.decoder_i.data_req_o$672
   247/260: $u_ibex_top.u_ibex_core.id_stage_i.decoder_i.csr_cheriot_always_ok_o$671
   248/260: $u_ibex_top.u_ibex_core.id_stage_i.decoder_i.csr_access_o$670
   249/260: $u_ibex_top.u_ibex_core.id_stage_i.decoder_i.multdiv_signed_mode_o$669
   250/260: $u_ibex_top.u_ibex_core.id_stage_i.decoder_i.multdiv_operator_o$668
   251/260: $u_ibex_top.u_ibex_core.id_stage_i.decoder_i.rf_ren_b_o$667
   252/260: $u_ibex_top.u_ibex_core.id_stage_i.decoder_i.rf_ren_a_o$666
   253/260: $u_ibex_top.u_ibex_core.id_stage_i.decoder_i.rf_wdata_sel_o$665
   254/260: $u_ibex_top.u_ibex_core.id_stage_i.decoder_i.icache_inval_o$664
   255/260: $u_ibex_top.u_ibex_core.id_stage_i.decoder_i.jump_set_o$663
   256/260: $u_ibex_top.u_ibex_core.id_stage_i.decoder_i.wfi_insn_o$662
   257/260: $u_ibex_top.u_ibex_core.id_stage_i.decoder_i.ecall_insn_o$661
   258/260: $u_ibex_top.u_ibex_core.id_stage_i.decoder_i.dret_insn_o$660
   259/260: $u_ibex_top.u_ibex_core.id_stage_i.decoder_i.mret_insn_o$659
   260/260: $u_ibex_top.u_ibex_core.id_stage_i.decoder_i.ebrk_insn_o$658
Creating decoders for process `\chipus_ibex_wrapper.$394'.
     1/1: $u_ibex_top.u_ibex_core.id_stage_i.decoder_i.csr_op_o$400
Creating decoders for process `\chipus_ibex_wrapper.$386'.
     1/1: $u_ibex_top.u_ibex_core.id_stage_i.rf_wdata_id_o$387
Creating decoders for process `\chipus_ibex_wrapper.$379'.
     1/1: $u_ibex_top.u_ibex_core.id_stage_i.imd_val_q[33:0]$382
Creating decoders for process `\chipus_ibex_wrapper.$375'.
     1/1: $u_ibex_top.u_ibex_core.id_stage_i.imd_val_q[67:34]$378
Creating decoders for process `\chipus_ibex_wrapper.$370'.
     1/1: $u_ibex_top.u_ibex_core.id_stage_i.imm_b$372
Creating decoders for process `\chipus_ibex_wrapper.$368'.
     1/1: $u_ibex_top.u_ibex_core.id_stage_i.alu_operand_a$369
Creating decoders for process `\chipus_ibex_wrapper.$331'.
     1/10: $u_ibex_top.u_ibex_core.if_stage_i.pc_id_o$341
     2/10: $u_ibex_top.u_ibex_core.if_stage_i.illegal_c_insn_id_o$340
     3/10: $u_ibex_top.u_ibex_core.if_stage_i.instr_fetch_err_plus2_o$339
     4/10: $u_ibex_top.u_ibex_core.if_stage_i.instr_fetch_err_o$338
     5/10: $u_ibex_top.u_ibex_core.if_stage_i.instr_expanded_id_o$337
     6/10: $u_ibex_top.u_ibex_core.if_stage_i.instr_gets_expanded_id_o$336
     7/10: $u_ibex_top.u_ibex_core.if_stage_i.instr_is_compressed_id_o$335
     8/10: $u_ibex_top.u_ibex_core.if_stage_i.instr_rdata_c_id_o$334
     9/10: $u_ibex_top.u_ibex_core.if_stage_i.instr_rdata_alu_id_o$333
    10/10: $u_ibex_top.u_ibex_core.if_stage_i.instr_rdata_id_o$332
Creating decoders for process `\chipus_ibex_wrapper.$2416'.
     1/1: $u_ibex_top.gen_regfile_ff.register_file_i.g_plain_rf.g_rf_flops[19].rf_reg_q$2419
Creating decoders for process `\chipus_ibex_wrapper.$2412'.
     1/1: $u_ibex_top.gen_regfile_ff.register_file_i.g_plain_rf.g_rf_flops[18].rf_reg_q$2415
Creating decoders for process `\chipus_ibex_wrapper.$2408'.
     1/1: $u_ibex_top.gen_regfile_ff.register_file_i.g_plain_rf.g_rf_flops[17].rf_reg_q$2411
Creating decoders for process `\chipus_ibex_wrapper.$252'.
     1/43: $u_ibex_top.u_ibex_core.if_stage_i.compressed_decoder_i.illegal_instr_o$303
     2/43: $u_ibex_top.u_ibex_core.if_stage_i.compressed_decoder_i.instr_o$302
     3/43: $u_ibex_top.u_ibex_core.if_stage_i.compressed_decoder_i.illegal_instr_o$301
     4/43: $u_ibex_top.u_ibex_core.if_stage_i.compressed_decoder_i.illegal_instr_o$300
     5/43: $u_ibex_top.u_ibex_core.if_stage_i.compressed_decoder_i.instr_o$296
     6/43: $u_ibex_top.u_ibex_core.if_stage_i.compressed_decoder_i.instr_o$297
     7/43: $u_ibex_top.u_ibex_core.if_stage_i.compressed_decoder_i.instr_o$298
     8/43: $u_ibex_top.u_ibex_core.if_stage_i.compressed_decoder_i.illegal_instr_o$291
     9/43: $u_ibex_top.u_ibex_core.if_stage_i.compressed_decoder_i.instr_o$292
    10/43: $u_ibex_top.u_ibex_core.if_stage_i.compressed_decoder_i.illegal_instr_o$293
    11/43: $u_ibex_top.u_ibex_core.if_stage_i.compressed_decoder_i.illegal_instr_o$299
    12/43: $u_ibex_top.u_ibex_core.if_stage_i.compressed_decoder_i.illegal_instr_o$287
    13/43: $u_ibex_top.u_ibex_core.if_stage_i.compressed_decoder_i.instr_o$286
    14/43: $u_ibex_top.u_ibex_core.if_stage_i.compressed_decoder_i.illegal_instr_o$285
    15/43: $u_ibex_top.u_ibex_core.if_stage_i.compressed_decoder_i.illegal_instr_o$283
    16/43: $u_ibex_top.u_ibex_core.if_stage_i.compressed_decoder_i.instr_o$281
    17/43: $u_ibex_top.u_ibex_core.if_stage_i.compressed_decoder_i.illegal_instr_o$305
    18/43: $u_ibex_top.u_ibex_core.if_stage_i.compressed_decoder_i.instr_o$304
    19/43: $u_ibex_top.u_ibex_core.if_stage_i.compressed_decoder_i.illegal_instr_o$274
    20/43: $u_ibex_top.u_ibex_core.if_stage_i.compressed_decoder_i.illegal_instr_o$273
    21/43: $u_ibex_top.u_ibex_core.if_stage_i.compressed_decoder_i.illegal_instr_o$276
    22/43: $u_ibex_top.u_ibex_core.if_stage_i.compressed_decoder_i.instr_o$275
    23/43: $u_ibex_top.u_ibex_core.if_stage_i.compressed_decoder_i.instr_o$277
    24/43: $u_ibex_top.u_ibex_core.if_stage_i.compressed_decoder_i.illegal_instr_o$272
    25/43: $u_ibex_top.u_ibex_core.if_stage_i.compressed_decoder_i.instr_o$270
    26/43: $u_ibex_top.u_ibex_core.if_stage_i.compressed_decoder_i.illegal_instr_o$278
    27/43: $u_ibex_top.u_ibex_core.if_stage_i.compressed_decoder_i.illegal_instr_o$269
    28/43: $u_ibex_top.u_ibex_core.if_stage_i.compressed_decoder_i.instr_o$267
    29/43: $u_ibex_top.u_ibex_core.if_stage_i.compressed_decoder_i.instr_o$266
    30/43: $u_ibex_top.u_ibex_core.if_stage_i.compressed_decoder_i.instr_o$279
    31/43: $u_ibex_top.u_ibex_core.if_stage_i.compressed_decoder_i.instr_o$263
    32/43: $u_ibex_top.u_ibex_core.if_stage_i.compressed_decoder_i.illegal_instr_o$280
    33/43: $u_ibex_top.u_ibex_core.if_stage_i.compressed_decoder_i.illegal_instr_o$260
    34/43: $u_ibex_top.u_ibex_core.if_stage_i.compressed_decoder_i.instr_o$259
    35/43: $u_ibex_top.u_ibex_core.if_stage_i.compressed_decoder_i.illegal_instr_o$258
    36/43: $u_ibex_top.u_ibex_core.if_stage_i.compressed_decoder_i.illegal_instr_o$257
    37/43: $u_ibex_top.u_ibex_core.if_stage_i.compressed_decoder_i.instr_o$256
    38/43: $u_ibex_top.u_ibex_core.if_stage_i.compressed_decoder_i.illegal_instr_o$255
    39/43: $u_ibex_top.u_ibex_core.if_stage_i.compressed_decoder_i.instr_o$253
    40/43: $u_ibex_top.u_ibex_core.if_stage_i.compressed_decoder_i.illegal_instr_o$262
    41/43: $u_ibex_top.u_ibex_core.if_stage_i.compressed_decoder_i.instr_o$261
    42/43: $u_ibex_top.u_ibex_core.if_stage_i.compressed_decoder_i.illegal_instr_o$307
    43/43: $u_ibex_top.u_ibex_core.if_stage_i.compressed_decoder_i.instr_o$306
Creating decoders for process `\chipus_ibex_wrapper.$2404'.
     1/1: $u_ibex_top.gen_regfile_ff.register_file_i.g_plain_rf.g_rf_flops[16].rf_reg_q$2407
Creating decoders for process `\chipus_ibex_wrapper.$169'.
     1/1: $u_ibex_top.u_ibex_core.if_stage_i.gen_prefetch_buffer.prefetch_buffer_i.fetch_addr_q$170
Creating decoders for process `\chipus_ibex_wrapper.$160'.
     1/1: $u_ibex_top.u_ibex_core.if_stage_i.gen_prefetch_buffer.prefetch_buffer_i.stored_addr_q$161
Creating decoders for process `\chipus_ibex_wrapper.$144'.
     1/2: $u_ibex_top.u_ibex_core.if_stage_i.gen_prefetch_buffer.prefetch_buffer_i.fifo_i.err_q[2]$146
     2/2: $u_ibex_top.u_ibex_core.if_stage_i.gen_prefetch_buffer.prefetch_buffer_i.fifo_i.rdata_q[95:64]$145
Creating decoders for process `\chipus_ibex_wrapper.$141'.
     1/2: $u_ibex_top.u_ibex_core.if_stage_i.gen_prefetch_buffer.prefetch_buffer_i.fifo_i.err_q[1]$143
     2/2: $u_ibex_top.u_ibex_core.if_stage_i.gen_prefetch_buffer.prefetch_buffer_i.fifo_i.rdata_q[63:32]$142
Creating decoders for process `\chipus_ibex_wrapper.$138'.
     1/2: $u_ibex_top.u_ibex_core.if_stage_i.gen_prefetch_buffer.prefetch_buffer_i.fifo_i.err_q[0]$140
     2/2: $u_ibex_top.u_ibex_core.if_stage_i.gen_prefetch_buffer.prefetch_buffer_i.fifo_i.rdata_q[31:0]$139
Creating decoders for process `\chipus_ibex_wrapper.$2400'.
     1/1: $u_ibex_top.gen_regfile_ff.register_file_i.g_plain_rf.g_rf_flops[15].rf_reg_q$2403
Creating decoders for process `\chipus_ibex_wrapper.$94'.
     1/1: $u_ibex_top.u_ibex_core.if_stage_i.gen_prefetch_buffer.prefetch_buffer_i.fifo_i.instr_addr_q$95
Creating decoders for process `\chipus_ibex_wrapper.$82'.
     1/5: $u_ibex_top.u_ibex_core.if_stage_i.gen_prefetch_buffer.prefetch_buffer_i.fifo_i.out_err_plus2_o$87
     2/5: $u_ibex_top.u_ibex_core.if_stage_i.gen_prefetch_buffer.prefetch_buffer_i.fifo_i.out_err_o$86
     3/5: $u_ibex_top.u_ibex_core.if_stage_i.gen_prefetch_buffer.prefetch_buffer_i.fifo_i.out_rdata_o$85
     4/5: $u_ibex_top.u_ibex_core.if_stage_i.gen_prefetch_buffer.prefetch_buffer_i.fifo_i.out_valid_o$84
     5/5: $u_ibex_top.u_ibex_core.if_stage_i.gen_prefetch_buffer.prefetch_buffer_i.fifo_i.out_valid_o$83
Creating decoders for process `\chipus_ibex_wrapper.$38'.
     1/1: $u_ibex_top.u_ibex_core.if_stage_i.fetch_addr_n$39
Creating decoders for process `\chipus_ibex_wrapper.$29'.
     1/2: $u_ibex_top.u_ibex_core.if_stage_i.exc_pc$37
     2/2: $u_ibex_top.u_ibex_core.if_stage_i.irq_vec$30
Creating decoders for process `\chipus_ibex_wrapper.$2396'.
     1/1: $u_ibex_top.gen_regfile_ff.register_file_i.g_plain_rf.g_rf_flops[14].rf_reg_q$2399
Creating decoders for process `\chipus_ibex_wrapper.$2392'.
     1/1: $u_ibex_top.gen_regfile_ff.register_file_i.g_plain_rf.g_rf_flops[13].rf_reg_q$2395
Creating decoders for process `\chipus_ibex_wrapper.$8'.
     1/3: $u_ibex_top.core_clock_gate_i.en_latch$11
     2/3: $13
     3/3: $12
Creating decoders for process `\chipus_ibex_wrapper.$2388'.
     1/1: $u_ibex_top.gen_regfile_ff.register_file_i.g_plain_rf.g_rf_flops[12].rf_reg_q$2391

2.9. Executing PROC_CLEAN pass (remove empty switches from decision trees).
Found and cleaned up 1 empty switch in `\chipus_ibex_wrapper.$2384'.
Removing empty process `chipus_ibex_wrapper.$2384'.
Found and cleaned up 1 empty switch in `\chipus_ibex_wrapper.$2380'.
Removing empty process `chipus_ibex_wrapper.$2380'.
Found and cleaned up 1 empty switch in `\chipus_ibex_wrapper.$2376'.
Removing empty process `chipus_ibex_wrapper.$2376'.
Found and cleaned up 1 empty switch in `\chipus_ibex_wrapper.$2372'.
Removing empty process `chipus_ibex_wrapper.$2372'.
Found and cleaned up 1 empty switch in `\chipus_ibex_wrapper.$2368'.
Removing empty process `chipus_ibex_wrapper.$2368'.
Found and cleaned up 1 empty switch in `\chipus_ibex_wrapper.$2364'.
Removing empty process `chipus_ibex_wrapper.$2364'.
Found and cleaned up 1 empty switch in `\chipus_ibex_wrapper.$2360'.
Removing empty process `chipus_ibex_wrapper.$2360'.
Found and cleaned up 1 empty switch in `\chipus_ibex_wrapper.$2356'.
Removing empty process `chipus_ibex_wrapper.$2356'.
Found and cleaned up 1 empty switch in `\chipus_ibex_wrapper.$2352'.
Removing empty process `chipus_ibex_wrapper.$2352'.
Found and cleaned up 1 empty switch in `\chipus_ibex_wrapper.$2348'.
Removing empty process `chipus_ibex_wrapper.$2348'.
Found and cleaned up 1 empty switch in `\chipus_ibex_wrapper.$2344'.
Removing empty process `chipus_ibex_wrapper.$2344'.
Found and cleaned up 1 empty switch in `\chipus_ibex_wrapper.$2464'.
Removing empty process `chipus_ibex_wrapper.$2464'.
Found and cleaned up 1 empty switch in `\chipus_ibex_wrapper.$2244'.
Removing empty process `chipus_ibex_wrapper.$2244'.
Found and cleaned up 1 empty switch in `\chipus_ibex_wrapper.$2237'.
Removing empty process `chipus_ibex_wrapper.$2237'.
Found and cleaned up 1 empty switch in `\chipus_ibex_wrapper.$2460'.
Removing empty process `chipus_ibex_wrapper.$2460'.
Found and cleaned up 1 empty switch in `\chipus_ibex_wrapper.$2456'.
Removing empty process `chipus_ibex_wrapper.$2456'.
Found and cleaned up 5 empty switches in `\chipus_ibex_wrapper.$2221'.
Removing empty process `chipus_ibex_wrapper.$2221'.
Found and cleaned up 1 empty switch in `\chipus_ibex_wrapper.$2452'.
Removing empty process `chipus_ibex_wrapper.$2452'.
Found and cleaned up 5 empty switches in `\chipus_ibex_wrapper.$2210'.
Removing empty process `chipus_ibex_wrapper.$2210'.
Removing empty process `chipus_ibex_wrapper.$2179'.
Found and cleaned up 1 empty switch in `\chipus_ibex_wrapper.$2448'.
Removing empty process `chipus_ibex_wrapper.$2448'.
Found and cleaned up 1 empty switch in `\chipus_ibex_wrapper.$2175'.
Removing empty process `chipus_ibex_wrapper.$2175'.
Found and cleaned up 1 empty switch in `\chipus_ibex_wrapper.$2172'.
Removing empty process `chipus_ibex_wrapper.$2172'.
Found and cleaned up 1 empty switch in `\chipus_ibex_wrapper.$2165'.
Removing empty process `chipus_ibex_wrapper.$2165'.
Found and cleaned up 1 empty switch in `\chipus_ibex_wrapper.$2161'.
Removing empty process `chipus_ibex_wrapper.$2161'.
Found and cleaned up 1 empty switch in `\chipus_ibex_wrapper.$2157'.
Removing empty process `chipus_ibex_wrapper.$2157'.
Found and cleaned up 1 empty switch in `\chipus_ibex_wrapper.$2153'.
Removing empty process `chipus_ibex_wrapper.$2153'.
Found and cleaned up 1 empty switch in `\chipus_ibex_wrapper.$2145'.
Removing empty process `chipus_ibex_wrapper.$2145'.
Found and cleaned up 1 empty switch in `\chipus_ibex_wrapper.$2137'.
Removing empty process `chipus_ibex_wrapper.$2137'.
Found and cleaned up 1 empty switch in `\chipus_ibex_wrapper.$2129'.
Removing empty process `chipus_ibex_wrapper.$2129'.
Found and cleaned up 1 empty switch in `\chipus_ibex_wrapper.$2125'.
Removing empty process `chipus_ibex_wrapper.$2125'.
Found and cleaned up 1 empty switch in `\chipus_ibex_wrapper.$2117'.
Removing empty process `chipus_ibex_wrapper.$2117'.
Found and cleaned up 1 empty switch in `\chipus_ibex_wrapper.$2113'.
Removing empty process `chipus_ibex_wrapper.$2113'.
Found and cleaned up 1 empty switch in `\chipus_ibex_wrapper.$2109'.
Removing empty process `chipus_ibex_wrapper.$2109'.
Found and cleaned up 1 empty switch in `\chipus_ibex_wrapper.$2105'.
Removing empty process `chipus_ibex_wrapper.$2105'.
Found and cleaned up 1 empty switch in `\chipus_ibex_wrapper.$2101'.
Removing empty process `chipus_ibex_wrapper.$2101'.
Found and cleaned up 1 empty switch in `\chipus_ibex_wrapper.$2093'.
Removing empty process `chipus_ibex_wrapper.$2093'.
Found and cleaned up 1 empty switch in `\chipus_ibex_wrapper.$2444'.
Removing empty process `chipus_ibex_wrapper.$2444'.
Found and cleaned up 1 empty switch in `\chipus_ibex_wrapper.$2062'.
Removing empty process `chipus_ibex_wrapper.$2062'.
Found and cleaned up 1 empty switch in `\chipus_ibex_wrapper.$2440'.
Removing empty process `chipus_ibex_wrapper.$2440'.
Found and cleaned up 23 empty switches in `\chipus_ibex_wrapper.$1907'.
Removing empty process `chipus_ibex_wrapper.$1907'.
Found and cleaned up 11 empty switches in `\chipus_ibex_wrapper.$1825'.
Removing empty process `chipus_ibex_wrapper.$1825'.
Found and cleaned up 1 empty switch in `\chipus_ibex_wrapper.$2436'.
Removing empty process `chipus_ibex_wrapper.$2436'.
Found and cleaned up 5 empty switches in `\chipus_ibex_wrapper.$1738'.
Removing empty process `chipus_ibex_wrapper.$1738'.
Found and cleaned up 9 empty switches in `\chipus_ibex_wrapper.$1724'.
Removing empty process `chipus_ibex_wrapper.$1724'.
Found and cleaned up 35 empty switches in `\chipus_ibex_wrapper.$1597'.
Removing empty process `chipus_ibex_wrapper.$1597'.
Found and cleaned up 1 empty switch in `\chipus_ibex_wrapper.$1581'.
Removing empty process `chipus_ibex_wrapper.$1581'.
Found and cleaned up 9 empty switches in `\chipus_ibex_wrapper.$1571'.
Removing empty process `chipus_ibex_wrapper.$1571'.
Found and cleaned up 9 empty switches in `\chipus_ibex_wrapper.$1561'.
Removing empty process `chipus_ibex_wrapper.$1561'.
Found and cleaned up 1 empty switch in `\chipus_ibex_wrapper.$1559'.
Removing empty process `chipus_ibex_wrapper.$1559'.
Found and cleaned up 1 empty switch in `\chipus_ibex_wrapper.$1555'.
Removing empty process `chipus_ibex_wrapper.$1555'.
Found and cleaned up 1 empty switch in `\chipus_ibex_wrapper.$1547'.
Removing empty process `chipus_ibex_wrapper.$1547'.
Found and cleaned up 1 empty switch in `\chipus_ibex_wrapper.$1543'.
Removing empty process `chipus_ibex_wrapper.$1543'.
Found and cleaned up 5 empty switches in `\chipus_ibex_wrapper.$1531'.
Removing empty process `chipus_ibex_wrapper.$1531'.
Found and cleaned up 1 empty switch in `\chipus_ibex_wrapper.$1529'.
Removing empty process `chipus_ibex_wrapper.$1529'.
Found and cleaned up 15 empty switches in `\chipus_ibex_wrapper.$1515'.
Removing empty process `chipus_ibex_wrapper.$1515'.
Found and cleaned up 7 empty switches in `\chipus_ibex_wrapper.$1420'.
Removing empty process `chipus_ibex_wrapper.$1420'.
Found and cleaned up 1 empty switch in `\chipus_ibex_wrapper.$1410'.
Removing empty process `chipus_ibex_wrapper.$1410'.
Found and cleaned up 1 empty switch in `\chipus_ibex_wrapper.$1401'.
Removing empty process `chipus_ibex_wrapper.$1401'.
Found and cleaned up 5 empty switches in `\chipus_ibex_wrapper.$1376'.
Removing empty process `chipus_ibex_wrapper.$1376'.
Found and cleaned up 1 empty switch in `\chipus_ibex_wrapper.$1362'.
Removing empty process `chipus_ibex_wrapper.$1362'.
Found and cleaned up 1 empty switch in `\chipus_ibex_wrapper.$1356'.
Removing empty process `chipus_ibex_wrapper.$1356'.
Found and cleaned up 1 empty switch in `\chipus_ibex_wrapper.$1354'.
Removing empty process `chipus_ibex_wrapper.$1354'.
Found and cleaned up 1 empty switch in `\chipus_ibex_wrapper.$1342'.
Removing empty process `chipus_ibex_wrapper.$1342'.
Removing empty process `chipus_ibex_wrapper.$1333'.
Found and cleaned up 3 empty switches in `\chipus_ibex_wrapper.$1329'.
Removing empty process `chipus_ibex_wrapper.$1329'.
Found and cleaned up 1 empty switch in `\chipus_ibex_wrapper.$1322'.
Removing empty process `chipus_ibex_wrapper.$1322'.
Found and cleaned up 1 empty switch in `\chipus_ibex_wrapper.$1314'.
Removing empty process `chipus_ibex_wrapper.$1314'.
Found and cleaned up 1 empty switch in `\chipus_ibex_wrapper.$1308'.
Removing empty process `chipus_ibex_wrapper.$1308'.
Found and cleaned up 1 empty switch in `\chipus_ibex_wrapper.$1305'.
Removing empty process `chipus_ibex_wrapper.$1305'.
Found and cleaned up 1 empty switch in `\chipus_ibex_wrapper.$1302'.
Removing empty process `chipus_ibex_wrapper.$1302'.
Found and cleaned up 1 empty switch in `\chipus_ibex_wrapper.$1299'.
Removing empty process `chipus_ibex_wrapper.$1299'.
Found and cleaned up 1 empty switch in `\chipus_ibex_wrapper.$1297'.
Removing empty process `chipus_ibex_wrapper.$1297'.
Found and cleaned up 13 empty switches in `\chipus_ibex_wrapper.$1176'.
Removing empty process `chipus_ibex_wrapper.$1176'.
Found and cleaned up 1 empty switch in `\chipus_ibex_wrapper.$1172'.
Removing empty process `chipus_ibex_wrapper.$1172'.
Found and cleaned up 1 empty switch in `\chipus_ibex_wrapper.$2432'.
Removing empty process `chipus_ibex_wrapper.$2432'.
Found and cleaned up 1 empty switch in `\chipus_ibex_wrapper.$2428'.
Removing empty process `chipus_ibex_wrapper.$2428'.
Found and cleaned up 1 empty switch in `\chipus_ibex_wrapper.$2424'.
Removing empty process `chipus_ibex_wrapper.$2424'.
Found and cleaned up 73 empty switches in `\chipus_ibex_wrapper.$952'.
Removing empty process `chipus_ibex_wrapper.$952'.
Found and cleaned up 1 empty switch in `\chipus_ibex_wrapper.$2420'.
Removing empty process `chipus_ibex_wrapper.$2420'.
Found and cleaned up 29 empty switches in `\chipus_ibex_wrapper.$928'.
Removing empty process `chipus_ibex_wrapper.$928'.
Found and cleaned up 17 empty switches in `\chipus_ibex_wrapper.$841'.
Removing empty process `chipus_ibex_wrapper.$841'.
Found and cleaned up 28 empty switches in `\chipus_ibex_wrapper.$698'.
Removing empty process `chipus_ibex_wrapper.$698'.
Found and cleaned up 88 empty switches in `\chipus_ibex_wrapper.$401'.
Removing empty process `chipus_ibex_wrapper.$401'.
Found and cleaned up 1 empty switch in `\chipus_ibex_wrapper.$394'.
Removing empty process `chipus_ibex_wrapper.$394'.
Found and cleaned up 1 empty switch in `\chipus_ibex_wrapper.$386'.
Removing empty process `chipus_ibex_wrapper.$386'.
Found and cleaned up 1 empty switch in `\chipus_ibex_wrapper.$379'.
Removing empty process `chipus_ibex_wrapper.$379'.
Found and cleaned up 1 empty switch in `\chipus_ibex_wrapper.$375'.
Removing empty process `chipus_ibex_wrapper.$375'.
Found and cleaned up 1 empty switch in `\chipus_ibex_wrapper.$370'.
Removing empty process `chipus_ibex_wrapper.$370'.
Found and cleaned up 1 empty switch in `\chipus_ibex_wrapper.$368'.
Removing empty process `chipus_ibex_wrapper.$368'.
Found and cleaned up 1 empty switch in `\chipus_ibex_wrapper.$331'.
Removing empty process `chipus_ibex_wrapper.$331'.
Found and cleaned up 1 empty switch in `\chipus_ibex_wrapper.$2416'.
Removing empty process `chipus_ibex_wrapper.$2416'.
Found and cleaned up 1 empty switch in `\chipus_ibex_wrapper.$2412'.
Removing empty process `chipus_ibex_wrapper.$2412'.
Found and cleaned up 1 empty switch in `\chipus_ibex_wrapper.$2408'.
Removing empty process `chipus_ibex_wrapper.$2408'.
Found and cleaned up 34 empty switches in `\chipus_ibex_wrapper.$252'.
Removing empty process `chipus_ibex_wrapper.$252'.
Found and cleaned up 1 empty switch in `\chipus_ibex_wrapper.$2404'.
Removing empty process `chipus_ibex_wrapper.$2404'.
Found and cleaned up 1 empty switch in `\chipus_ibex_wrapper.$169'.
Removing empty process `chipus_ibex_wrapper.$169'.
Found and cleaned up 1 empty switch in `\chipus_ibex_wrapper.$160'.
Removing empty process `chipus_ibex_wrapper.$160'.
Found and cleaned up 1 empty switch in `\chipus_ibex_wrapper.$144'.
Removing empty process `chipus_ibex_wrapper.$144'.
Found and cleaned up 1 empty switch in `\chipus_ibex_wrapper.$141'.
Removing empty process `chipus_ibex_wrapper.$141'.
Found and cleaned up 1 empty switch in `\chipus_ibex_wrapper.$138'.
Removing empty process `chipus_ibex_wrapper.$138'.
Found and cleaned up 1 empty switch in `\chipus_ibex_wrapper.$2400'.
Removing empty process `chipus_ibex_wrapper.$2400'.
Found and cleaned up 1 empty switch in `\chipus_ibex_wrapper.$94'.
Removing empty process `chipus_ibex_wrapper.$94'.
Found and cleaned up 3 empty switches in `\chipus_ibex_wrapper.$82'.
Removing empty process `chipus_ibex_wrapper.$82'.
Found and cleaned up 1 empty switch in `\chipus_ibex_wrapper.$38'.
Removing empty process `chipus_ibex_wrapper.$38'.
Found and cleaned up 3 empty switches in `\chipus_ibex_wrapper.$29'.
Removing empty process `chipus_ibex_wrapper.$29'.
Found and cleaned up 1 empty switch in `\chipus_ibex_wrapper.$2396'.
Removing empty process `chipus_ibex_wrapper.$2396'.
Found and cleaned up 1 empty switch in `\chipus_ibex_wrapper.$2392'.
Removing empty process `chipus_ibex_wrapper.$2392'.
Found and cleaned up 1 empty switch in `\chipus_ibex_wrapper.$8'.
Removing empty process `chipus_ibex_wrapper.$8'.
Found and cleaned up 1 empty switch in `\chipus_ibex_wrapper.$2388'.
Removing empty process `chipus_ibex_wrapper.$2388'.
Cleaned up 519 empty switches.

2.10. Executing OPT_EXPR pass (perform const folding).
Optimizing module chipus_ibex_wrapper.
<suppressed ~1341 debug messages>

3. Executing HIERARCHY pass (managing design hierarchy).

3.1. Analyzing design hierarchy..
Top module:  \chipus_ibex_wrapper

3.2. Analyzing design hierarchy..
Top module:  \chipus_ibex_wrapper
Removed 0 unused modules.
Renaming module chipus_ibex_wrapper to chipus_ibex_wrapper.

4. Executing PROC pass (convert processes to netlists).

4.1. Executing PROC_CLEAN pass (remove empty switches from decision trees).
Cleaned up 0 empty switches.

4.2. Executing PROC_RMDEAD pass (remove dead branches from decision trees).
Removed a total of 0 dead cases.

4.3. Executing PROC_PRUNE pass (remove redundant assignments in processes).
Removed 0 redundant assignments.
Promoted 0 assignments to connections.

4.4. Executing PROC_INIT pass (extract init attributes).

4.5. Executing PROC_ARST pass (detect async resets in processes).

4.6. Executing PROC_ROM pass (convert switches to ROMs).
Converted 0 switches.

4.7. Executing PROC_MUX pass (convert decision trees to multiplexers).

4.8. Executing PROC_DLATCH pass (convert process syncs to latches).

4.9. Executing PROC_DFF pass (convert process syncs to FFs).

4.10. Executing PROC_MEMWR pass (convert process memory writes to cells).

4.11. Executing PROC_CLEAN pass (remove empty switches from decision trees).
Cleaned up 0 empty switches.

4.12. Executing OPT_EXPR pass (perform const folding).
Optimizing module chipus_ibex_wrapper.

5. Executing FLATTEN pass (flatten design).

6. Executing OPT_CLEAN pass (remove unused cells and wires).
Finding unused cells or wires in module \chipus_ibex_wrapper..
Removed 968 unused cells and 6164 unused wires.
<suppressed ~2501 debug messages>
