net,length_um
net91,943µm
clknet_0_u_ibex_top.clk,855.52µm
net1310,818.78µm
net2691,789µm
net1295,761.35µm
_02523_,754.035µm
clknet_2_1_0_u_ibex_top.clk,753.24µm
net1294,745.36µm
clk_i,740.5µm
net159,738.2µm
net77,737.12µm
_04835_,732.515µm
clknet_2_0_0_u_ibex_top.clk,730.73µm
net1395,726.96µm
u_ibex_top.u_ibex_core.cs_registers_i.csr_addr\[5\],716.6µm
net1352,716.56µm
clknet_2_3_0_u_ibex_top.clk,716.27µm
net35,713.7µm
_05925_,712.83µm
u_ibex_top.u_ibex_core.cs_registers_i.csr_addr\[6\],708.775µm
_05710_,706.22µm
net1375,703.305µm
_04820_,702.31µm
net1,699.25µm
net1363,697.79µm
net1374,694.83µm
net1360,693.43µm
net76,683.915µm
net1913,679.075µm
_04650_,665.61µm
net1355,661.16µm
clknet_2_2_0_u_ibex_top.clk,661.12µm
u_ibex_top.u_ibex_core.alu_adder_result_ex\[31\],661.08µm
net1353,658.48µm
net2116,657.71µm
net1377,654.02µm
_05858_,653.42µm
net1372,652.67µm
_07002_,650.85µm
_05825_,650.53µm
_02555_,643.84µm
net1915,642.775µm
net1354,640.94µm
net75,636.96µm
net2697,636.585µm
_06095_,633.95µm
net74,632.805µm
net1546,632.49µm
_06306_,628.445µm
_05611_,628.3µm
net1393,616.045µm
net1379,615.66µm
net1378,609.69µm
net73,609.155µm
_02554_,602.3µm
_07415_,600.39µm
_04793_,599.135µm
net1351,597.01µm
u_ibex_top.gen_regfile_ff.register_file_i.raddr_b_i\[4\],593.99µm
net1383,591.21µm
_02567_,588.88µm
net1024,585.62µm
net1380,581.855µm
net1394,580.34µm
_02557_,576.87µm
net1949,573.96µm
_02558_,572.66µm
_05647_,568.99µm
_05739_,567.54µm
net1385,564.535µm
net860,563.56µm
_05427_,563.33µm
net1283,560.94µm
net945,560.62µm
_05005_,558.79µm
net1291,555.29µm
net1392,554.035µm
_05513_,551.935µm
_04904_,549.965µm
net84,546.45µm
_05553_,544.25µm
net1701,543.78µm
_05768_,541.27µm
u_ibex_top.u_ibex_core.id_stage_i.controller_i.instr_i\[4\],540.72µm
_02559_,540.64µm
_04767_,536.48µm
net879,533.28µm
net2026,532.19µm
net86,530.125µm
_05256_,529.85µm
net1278,529.12µm
_04996_,527.11µm
net2294,527.03µm
net731,526.24µm
net2160,525.38µm
_04619_,524.965µm
net926,524.39µm
net1953,523.37µm
net1764,520.12µm
_08412_,519.24µm
net1025,518.39µm
net1020,518.025µm
net733,511.37µm
net1376,509.575µm
net1026,509.24µm
net1757,507.98µm
net2301,506.685µm
net523,505.37µm
net530,502.44µm
net525,502.15µm
_04739_,500.15µm
net515,499.585µm
net1382,498.48µm
_08622_,496.96µm
net510,496.89µm
net85,496.5µm
net528,495.075µm
_04740_,494.815µm
net1027,494.4µm
net1358,492.825µm
_04879_,492.32µm
net2307,492.215µm
_06245_,489.92µm
net2302,489.64µm
net533,488.66µm
_06282_,488.09µm
net735,488µm
net508,487.92µm
net1853,486.22µm
net1140,485.23µm
_02561_,484.32µm
net1781,481.94µm
net1281,481.27µm
_04206_,480.98µm
_04261_,480.26µm
net1237,477.82µm
_02560_,477.72µm
net527,477.54µm
net1823,476.72µm
u_ibex_top.u_ibex_core.ex_block_i.alu_i.g_no_alu_rvb.unused_imd_val_q\[41\],476.41µm
_04504_,475.685µm
net2288,475.3µm
_04594_,472.83µm
_02540_,472.45µm
net531,469.03µm
net1588,466.17µm
net518,465.235µm
u_ibex_top.u_ibex_core.ex_block_i.alu_i.g_no_alu_rvb.unused_imd_val_q\[43\],463.38µm
net1292,463.07µm
_04945_,462.78µm
net1028,461.62µm
net1370,461.08µm
net1023,459.34µm
net1756,459.155µm
clknet_5_16__leaf_u_ibex_top.clk,457.46µm
net507,454.385µm
_05142_,453.76µm
_06012_,451.67µm
net2469,451.17µm
_05183_,448.99µm
net1773,447.325µm
net1854,446.99µm
net924,445.5µm
net1031,444.47µm
_06538_,443.02µm
_07758_,440.75µm
u_ibex_top.u_ibex_core.alu_adder_result_ex\[29\],440.51µm
_04426_,439.41µm
net928,439.08µm
_04431_,437.17µm
net1349,436.605µm
net2304,434.9µm
net1424,433.51µm
_05952_,433.49µm
net1160,433.46µm
net1410,432.93µm
net2199,432.3µm
_04219_,432.24µm
_06340_,432.08µm
net929,431.12µm
net730,431.02µm
net880,429.51µm
net616,429.42µm
u_ibex_top.u_ibex_core.id_stage_i.controller_i.instr_i\[2\],427.715µm
net1368,426.98µm
u_ibex_top.u_ibex_core.id_stage_i.controller_i.instr_is_compressed_i,424.51µm
net734,424.48µm
_08866_,424.46µm
net529,424.46µm
net1207,422.86µm
net2689,422.46µm
net820,419.72µm
_08635_,417.4µm
u_ibex_top.gen_regfile_ff.register_file_i.waddr_a_i\[4\],417.175µm
net628,415.95µm
net1591,414.72µm
u_ibex_top.u_ibex_core.alu_adder_result_ex\[17\],414.48µm
_05434_,413.36µm
net937,412.04µm
net1871,411.84µm
net1737,410.25µm
u_ibex_top.u_ibex_core.alu_adder_result_ex\[19\],409.305µm
_06161_,408.77µm
_04850_,407.61µm
net1901,407.38µm
net487,407.34µm
net545,407.19µm
net2108,405.61µm
net1926,405.56µm
net941,405.07µm
net1175,403.58µm
_05989_,403.22µm
net1763,402.39µm
net932,402.29µm
net1238,402.28µm
_08000_,402.14µm
net2284,401.78µm
u_ibex_top.core_clock_gate_i.en_latch,401.54µm
net1391,400.96µm
net942,400.41µm
net1921,399.51µm
net484,399.45µm
net1381,398.84µm
net365,398.65µm
u_ibex_top.u_ibex_core.ex_block_i.alu_i.g_no_alu_rvb.unused_imd_val_q\[39\],398.48µm
_05306_,397.71µm
_04542_,397.16µm
u_ibex_top.u_ibex_core.ex_block_i.alu_i.g_no_alu_rvb.unused_imd_val_q\[42\],397.07µm
u_ibex_top.gen_regfile_ff.register_file_i.raddr_b_i\[1\],395.52µm
net556,394.66µm
net1843,394.66µm
u_ibex_top.u_ibex_core.ex_block_i.alu_i.g_no_alu_rvb.unused_imd_val_q\[40\],393.89µm
net2306,393.7µm
u_ibex_top.u_ibex_core.ex_block_i.alu_i.g_no_alu_rvb.unused_imd_val_q\[36\],393.57µm
net1900,393.05µm
net944,392.92µm
net1390,392.88µm
u_ibex_top.u_ibex_core.alu_adder_result_ex\[24\],392.715µm
net514,392.28µm
_02255_,391.56µm
_05493_,388.71µm
_06101_,387.91µm
net1623,387.695µm
net930,387.36µm
net1255,387.24µm
net485,386.83µm
_06680_,385.76µm
_07087_,385.69µm
_06988_,385.41µm
net502,385.375µm
net951,384.995µm
net486,384.04µm
net2110,383.61µm
net1768,383.03µm
_07719_,382.96µm
net2107,382.78µm
net428,382.49µm
net1289,381.585µm
net1779,381.585µm
net1365,381.25µm
_06822_,380.86µm
net1860,380.515µm
net1918,380.34µm
_06450_,380.18µm
clknet_5_17__leaf_u_ibex_top.clk,380.12µm
_06155_,380.04µm
net877,378.705µm
net2125,378.4µm
net1144,378.02µm
net2282,377.66µm
net1344,377.605µm
net524,377.07µm
net934,376.94µm
net927,376.62µm
net490,375.97µm
net1290,375.67µm
u_ibex_top.u_ibex_core.ex_block_i.alu_i.g_no_alu_rvb.unused_imd_val_q\[37\],375.66µm
net1858,374.99µm
net1256,374.44µm
u_ibex_top.u_ibex_core.id_stage_i.controller_i.instr_i\[3\],373.98µm
net2688,373.94µm
net2685,373.7µm
net526,373.6µm
u_ibex_top.u_ibex_core.ex_block_i.alu_i.g_no_alu_rvb.unused_imd_val_q\[38\],373.085µm
_07582_,372.84µm
net190,372.77µm
net617,371.6µm
_06223_,371.59µm
net1761,371.58µm
net1467,371.545µm
net1928,371.435µm
net939,371.3µm
net2201,371.06µm
net532,370.28µm
net1772,369.74µm
net620,369.45µm
net1851,369.2µm
net2171,368.85µm
net1287,368.795µm
net1655,368.09µm
_06644_,367.82µm
net2115,367.69µm
net1784,367.21µm
net1021,366.93µm
net1944,366.89µm
net1115,366.645µm
net1158,366.48µm
net1925,365.96µm
net990,365.88µm
_06832_,365.39µm
net629,365.25µm
net847,364.35µm
net1666,364.2µm
net823,364.12µm
net1263,363.58µm
u_ibex_top.u_ibex_core.alu_adder_result_ex\[16\],363.02µm
net931,363.02µm
net2185,362.6µm
u_ibex_top.u_ibex_core.id_stage_i.controller_i.instr_i\[0\],362.315µm
_08481_,362.3µm
net1844,362.01µm
net2127,361.47µm
net493,361.29µm
net2088,361.17µm
net1677,360.89µm
net488,359.785µm
u_ibex_top.u_ibex_core.ex_block_i.alu_i.g_no_alu_rvb.unused_imd_val_q\[53\],358.82µm
_06276_,358.49µm
_06679_,358.44µm
clknet_5_7__leaf_u_ibex_top.clk,357.94µm
net1808,357.89µm
net594,357.44µm
_08810_,357.26µm
net2314,356.9µm
_08002_,356.65µm
net1719,355.38µm
net732,355.36µm
net952,354.76µm
_06397_,354.58µm
_05679_,354.53µm
net1282,354.475µm
net1703,354.46µm
net938,354.26µm
net1347,353.39µm
net1167,353.34µm
net503,353.13µm
u_ibex_top.gen_regfile_ff.register_file_i.raddr_a_i\[3\],353.12µm
net1559,352.95µm
net522,352.87µm
net1093,352.665µm
net824,352.03µm
_06827_,351.88µm
_06950_,351.23µm
_09408_,351.18µm
net363,350.79µm
net1644,350.61µm
_03921_,350.46µm
net694,350.3µm
net699,349.83µm
_08503_,349.8µm
_04200_,349.6µm
net2031,349.58µm
net881,349.56µm
_07216_,349.54µm
net540,349.15µm
net536,347.95µm
net79,347.62µm
_06094_,347.56µm
net605,347.51µm
_08232_,347.2µm
_08280_,347.08µm
u_ibex_top.u_ibex_core.id_stage_i.controller_i.instr_i\[6\],346.54µm
net491,346.505µm
_07048_,346.24µm
net649,346.04µm
_09195_,345.96µm
net1478,345.93µm
_03944_,345.9µm
net749,345.74µm
u_ibex_top.u_ibex_core.id_stage_i.controller_i.instr_i\[1\],345.64µm
u_ibex_top.u_ibex_core.alu_adder_result_ex\[7\],345.085µm
net639,345.06µm
u_ibex_top.u_ibex_core.id_stage_i.decoder_i.illegal_c_insn_i,344.84µm
u_ibex_top.u_ibex_core.alu_adder_result_ex\[5\],344.595µm
net1204,344.32µm
net691,343.74µm
net710,343.64µm
net1229,343.56µm
_08234_,343.52µm
u_ibex_top.u_ibex_core.load_store_unit_i.handle_misaligned_q,343.42µm
net608,342.98µm
net511,342.92µm
net878,342.56µm
_07788_,342.52µm
net716,342.33µm
clknet_leaf_194_u_ibex_top.clk,342.3µm
_04526_,342.29µm
u_ibex_top.u_ibex_core.ex_block_i.alu_i.g_no_alu_rvb.unused_imd_val_q\[35\],341.785µm
net1963,341.54µm
net1230,341.24µm
net2041,341µm
_05025_,340.92µm
net1718,340.89µm
net2293,340.86µm
u_ibex_top.u_ibex_core.alu_adder_result_ex\[14\],340.84µm
u_ibex_top.gen_regfile_ff.register_file_i.waddr_a_i\[2\],340.62µm
net1805,340.565µm
u_ibex_top.u_ibex_core.ex_block_i.alu_i.g_no_alu_rvb.unused_imd_val_q\[46\],340.39µm
net546,340.06µm
net660,340.04µm
net638,339.8µm
net2317,339.67µm
net1836,339.59µm
net1635,339.41µm
net1594,339µm
net78,338.655µm
net862,338.58µm
net489,338.37µm
net1430,338.18µm
net535,338.12µm
net1780,337.865µm
_06978_,337.78µm
net2690,337.5µm
_07429_,337.38µm
_07051_,337.37µm
_07089_,337.26µm
_03925_,337.225µm
net1845,337.17µm
net500,336.79µm
net1777,336.77µm
u_ibex_top.gen_regfile_ff.register_file_i.waddr_a_i\[3\],336.74µm
net1606,336.72µm
net708,336.64µm
net1548,336.26µm
net499,336.16µm
net1834,336.08µm
net1952,335.785µm
u_ibex_top.u_ibex_core.id_stage_i.controller_i.instr_i\[5\],335.74µm
_03008_,335.56µm
_06797_,335.55µm
net566,335.13µm
net1771,334.84µm
net1753,334.83µm
net1317,334.81µm
_08077_,334.7µm
net1936,334.63µm
_04600_,334.435µm
net2605,334.24µm
net2296,334.19µm
net37,333.9µm
net993,333.66µm
_06818_,333.42µm
_06813_,332.71µm
net838,332.64µm
net2129,332.62µm
net1680,332.58µm
net1916,332.29µm
_08071_,332.14µm
net1472,332.02µm
u_ibex_top.gen_regfile_ff.register_file_i.raddr_a_i\[2\],331.98µm
net1243,331.88µm
_07846_,331.74µm
_04430_,331.61µm
net895,330.95µm
net738,330.34µm
net550,330.18µm
_07077_,330µm
_06433_,329.92µm
net1751,329.9µm
net786,329.62µm
net775,329.57µm
_09413_,329.38µm
net89,329.22µm
net570,329.21µm
_08733_,328.94µm
net584,328.78µm
_04826_,328.72µm
net1769,328.55µm
net1811,328.39µm
net940,327.98µm
net806,326.91µm
net36,326.72µm
_04518_,326.68µm
net1947,326.565µm
net1540,326.375µm
net2121,326.26µm
net1597,325.5µm
net602,325.48µm
net659,325.27µm
net1215,325.08µm
net2315,325.065µm
net1728,324.92µm
net498,324.865µm
net1807,324.785µm
net513,324.65µm
net431,324.61µm
_08889_,324.45µm
net494,324.355µm
net1152,324.28µm
net884,324.18µm
net625,324.16µm
_07028_,324.01µm
net1951,324µm
net681,323.87µm
net1603,323.74µm
net817,323.505µm
net1762,323.26µm
net1022,323.19µm
net1346,323.18µm
_07001_,323.15µm
net88,323.12µm
_07656_,323.06µm
net1461,322.92µm
net796,322.66µm
net1848,322.64µm
net80,322.385µm
net1153,322.12µm
_07688_,321.87µm
net843,321.81µm
net426,321.76µm
net1754,321.54µm
u_ibex_top.u_ibex_core.alu_adder_result_ex\[8\],321.25µm
net504,321.2µm
net1945,320.48µm
net560,320.2µm
u_ibex_top.u_ibex_core.alu_adder_result_ex\[10\],319.99µm
net1474,319.725µm
_04418_,319.46µm
_08148_,319.455µm
_07013_,319.26µm
net591,318.96µm
net669,318.915µm
_04720_,318.88µm
net1664,318.62µm
_05803_,318.54µm
net1816,318.42µm
net1143,317.995µm
net766,317.96µm
net384,317.85µm
net512,317.465µm
net663,317.4µm
net492,317.32µm
net2136,317.22µm
_08333_,317.16µm
_08150_,317.055µm
_02437_,317µm
net827,316.91µm
net1922,316.85µm
net713,316.63µm
u_ibex_top.u_ibex_core.alu_adder_result_ex\[25\],316.6µm
net1919,316.45µm
net563,316.42µm
net122,316.04µm
u_ibex_top.u_ibex_core.ex_block_i.alu_i.g_no_alu_rvb.unused_imd_val_q\[54\],315.92µm
net1621,315.92µm
_05684_,315.9µm
net1642,315.72µm
net2071,315.49µm
net553,315.32µm
net936,315.31µm
_03741_,315.06µm
net2285,315.01µm
u_ibex_top.u_ibex_core.ex_block_i.alu_i.g_no_alu_rvb.unused_imd_val_q\[56\],314.97µm
u_ibex_top.u_ibex_core.alu_adder_result_ex\[9\],314.905µm
net1691,314.82µm
_07911_,314.56µm
u_ibex_top.u_ibex_core.ex_block_i.alu_i.g_no_alu_rvb.unused_imd_val_q\[55\],314.475µm
_04285_,314.415µm
net295,314.26µm
net72,314.24µm
net1948,313.92µm
_03934_,313.82µm
net1463,313.745µm
_07383_,313.67µm
_06350_,313.04µm
net1150,312.985µm
net613,312.79µm
net702,312.77µm
_06809_,312.76µm
_06659_,312.68µm
net1056,312.31µm
_07290_,311.86µm
_07787_,311.74µm
net1813,311.68µm
_04220_,311.595µm
net632,311.55µm
u_ibex_top.u_ibex_core.alu_adder_result_ex\[12\],311.525µm
u_ibex_top.u_ibex_core.id_stage_i.controller_i.instr_i\[14\],310.65µm
net680,310.59µm
net645,310.54µm
net1619,310.51µm
net808,310.29µm
net1348,310.25µm
net1802,309.925µm
net294,309.885µm
net1428,309.6µm
_07839_,309.5µm
u_ibex_top.u_ibex_core.alu_adder_result_ex\[4\],309.265µm
net509,309.07µm
_08241_,308.84µm
_07253_,308.62µm
net597,308.14µm
net739,308.08µm
_05375_,307.82µm
net943,307.3µm
net849,307.29µm
_04217_,307.16µm
_05893_,307.15µm
net1713,306.97µm
net652,306.87µm
net1628,306.62µm
net505,306.46µm
_07919_,306.28µm
u_ibex_top.u_ibex_core.ex_block_i.alu_i.g_no_alu_rvb.unused_imd_val_q\[50\],306.27µm
_04472_,306.22µm
_06216_,306.14µm
_08519_,306µm
net1688,306µm
net779,305.97µm
net1254,305.94µm
_05067_,305.88µm
_07102_,305.88µm
clknet_5_6__leaf_u_ibex_top.clk,305.82µm
net828,305.75µm
_06780_,305.68µm
net516,305.475µm
_07713_,305.32µm
net1658,304.99µm
net1857,304.91µm
_07317_,304.62µm
net642,304.24µm
net1741,304.05µm
net622,303.435µm
_04885_,303.34µm
_01978_,303.18µm
net789,303.06µm
net1029,302.94µm
net1547,302.92µm
_04997_,302.64µm
net697,302.48µm
net610,301.98µm
net2162,301.91µm
u_ibex_top.u_ibex_core.alu_adder_result_ex\[23\],301.9µm
net1279,301.5µm
u_ibex_top.u_ibex_core.alu_adder_result_ex\[11\],301.465µm
net495,301.29µm
net1675,301.18µm
_06855_,300.98µm
_08029_,300.86µm
_08331_,300.52µm
net2686,300.2µm
net917,300.04µm
net1211,299.91µm
net581,299.84µm
_02347_,299.3µm
net760,299.1µm
net1608,298.99µm
net582,298.87µm
net2137,298.83µm
net1775,298.82µm
net662,298.55µm
net319,298.405µm
_07574_,298.33µm
net1729,298.1µm
_05089_,298.04µm
net1850,297.98µm
_08980_,297.96µm
net596,297.85µm
net381,297.68µm
net830,297.59µm
net821,297.53µm
_07988_,297.5µm
net1036,297.31µm
net1161,297.165µm
net565,297.12µm
net637,296.94µm
net1359,296.86µm
net586,296.51µm
net593,296.47µm
net1747,296.465µm
_06332_,296.22µm
net933,295.98µm
net778,295.96µm
net831,295.71µm
net538,295.69µm
_05343_,295.56µm
net631,295.54µm
net859,295.21µm
net1793,295.035µm
_04536_,295.02µm
net1765,294.9µm
net1464,294.89µm
net641,294.87µm
_08001_,294.78µm
net1339,294.75µm
net1708,294.54µm
net1174,294.43µm
net1562,294.1µm
net571,294.07µm
net1617,293.975µm
net657,293.8µm
_01980_,293.74µm
net124,293.7µm
net692,293.46µm
net1555,293.46µm
net2692,293.46µm
net1685,293.39µm
net1217,293.32µm
net1293,293.28µm
net517,293.16µm
net1706,293.1µm
net2503,292.99µm
net2353,292.94µm
u_ibex_top.crash_dump_o\[38\],292.67µm
net648,292.5µm
net1438,292.445µm
net125,292.42µm
_07851_,292.3µm
net850,292.25µm
u_ibex_top.u_ibex_core.ex_block_i.alu_i.g_no_alu_rvb.unused_imd_val_q\[49\],292.13µm
net818,292.07µm
net1759,291.98µm
_02342_,291.83µm
_04483_,291.7µm
u_ibex_top.u_ibex_core.alu_adder_result_ex\[27\],291.27µm
net1818,291.2µm
u_ibex_top.crash_dump_o\[129\],290.87µm
net992,290.8µm
_07552_,290.59µm
net497,290.545µm
u_ibex_top.u_ibex_core.ex_block_i.alu_i.g_no_alu_rvb.unused_imd_val_q\[45\],290.33µm
net501,290.04µm
net700,289.82µm
net1545,289.81µm
net432,289.74µm
net677,289.71µm
net1731,289.69µm
net1094,289.485µm
net1019,289.22µm
net688,288.97µm
_03915_,288.905µm
net614,288.84µm
_09702_,288.82µm
_07401_,288.81µm
net1224,288.33µm
net1646,288.2µm
clknet_5_4__leaf_u_ibex_top.clk,288.19µm
net1660,288.04µm
net1118,287.78µm
net811,287.68µm
net1984,287.61µm
net2247,287.36µm
_02157_,287.21µm
net695,286.97µm
net865,286.82µm
net837,286.7µm
net667,286.62µm
_03913_,286.59µm
net1599,286.58µm
net23,286.45µm
net541,285.84µm
_02568_,285.65µm
net1798,285.625µm
net1826,285.48µm
net1828,284.97µm
_09305_,284.86µm
net809,284.69µm
net1142,284.69µm
_05619_,284.6µm
_05982_,284.57µm
net784,284.5µm
u_ibex_top.u_ibex_core.ex_block_i.alu_i.g_no_alu_rvb.unused_imd_val_q\[48\],284.475µm
net1725,284.03µm
net592,283.87µm
net2693,283.525µm
net872,283.51µm
net558,283.31µm
net1389,283.25µm
_03927_,283.19µm
net1051,283.19µm
net2029,282.9µm
net852,282.86µm
net1730,282.66µm
net1852,282.61µm
net1280,282.39µm
net769,282.25µm
u_ibex_top.u_ibex_core.ex_block_i.alu_i.g_no_alu_rvb.unused_imd_val_q\[47\],282.24µm
net623,282.2µm
_07126_,282.15µm
net1939,282.15µm
net568,282.09µm
net1736,281.91µm
u_ibex_top.u_ibex_core.ex_block_i.alu_i.g_no_alu_rvb.unused_imd_val_q\[52\],281.74µm
_07278_,281.59µm
_06066_,281.58µm
_07686_,281.57µm
net371,281.51µm
net1441,281.2µm
_06920_,281µm
_03174_,280.985µm
net548,280.81µm
net902,280.78µm
net1940,280.71µm
net2384,280.66µm
net2142,280.52µm
net1934,280.455µm
net2111,279.75µm
net2694,279.695µm
clknet_5_28__leaf_u_ibex_top.clk,279.66µm
_09085_,279.34µm
net1727,279.24µm
net675,279.18µm
net958,279.04µm
net1745,278.84µm
net751,278.77µm
net543,278.5µm
net572,278.5µm
_08070_,278.46µm
net1457,278.375µm
net1766,278.23µm
net1090,278.18µm
net551,278.07µm
net706,278.05µm
net741,277.97µm
_08195_,277.71µm
_05932_,277.54µm
net626,277.5µm
net2118,277.425µm
net861,277.41µm
net607,277.095µm
net398,276.99µm
net832,276.61µm
_02344_,276.58µm
_07141_,276.48µm
net705,276.25µm
u_ibex_top.crash_dump_o\[132\],276.16µm
_07075_,276.07µm
net1846,276.06µm
net664,275.84µm
net2014,275.73µm
net561,275.7µm
net1876,275.64µm
net2297,275.64µm
net844,275.605µm
u_ibex_top.u_ibex_core.alu_adder_result_ex\[18\],275.36µm
net318,275.18µm
net1262,275.05µm
_03169_,274.945µm
net711,274.94µm
net619,274.925µm
net1698,274.855µm
_07775_,274.76µm
net1589,274.74µm
net1325,274.7µm
net1456,274.63µm
net2695,274.6µm
net1216,274.235µm
net1743,274.155µm
net496,274.09µm
net364,274.04µm
net1638,273.98µm
net251,273.92µm
net2156,273.86µm
net673,273.67µm
net1241,273.62µm
_03163_,273.365µm
net651,273.32µm
net575,272.81µm
_04772_,272.53µm
net1296,272.38µm
net819,272.36µm
net1157,272.24µm
net1814,272.12µm
_03150_,272.1µm
net320,271.82µm
net1537,271.77µm
_07100_,271.63µm
_06351_,271.59µm
clknet_5_3__leaf_u_ibex_top.clk,271.58µm
net703,271.5µm
net2128,271.495µm
clknet_5_5__leaf_u_ibex_top.clk,271.46µm
net325,271.32µm
net788,271.15µm
u_ibex_top.u_ibex_core.ex_block_i.alu_i.g_no_alu_rvb.unused_imd_val_q\[58\],271.11µm
net2295,271.03µm
_08811_,270.98µm
net714,270.96µm
net1690,270.805µm
clknet_5_22__leaf_u_ibex_top.clk,270.72µm
net1957,270.695µm
net1640,270.66µm
net1422,270.57µm
net1609,270.44µm
net1636,270.41µm
net686,270.28µm
net1795,270.13µm
net1825,270.06µm
_07331_,269.97µm
net2176,269.97µm
_04878_,269.42µm
_09190_,269.38µm
net1648,268.935µm
net1242,268.8µm
net654,268.73µm
net1668,268.39µm
net794,268.31µm
net1468,268.005µm
net590,267.78µm
_07554_,267.7µm
net1112,267.7µm
net1983,267.4µm
net1722,267.24µm
_09507_,267.23µm
net1151,267.21µm
net1388,267.2µm
net1214,267.1µm
net2150,267µm
_02978_,266.96µm
net2123,266.95µm
net1445,266.74µm
net690,266.38µm
net798,266.32µm
net280,266.3µm
net1341,266.245µm
net1672,266.14µm
_08319_,266µm
_07124_,265.7µm
net2004,265.01µm
net1830,264.84µm
clknet_leaf_205_u_ibex_top.clk,264.84µm
_02569_,264.83µm
net1716,264.8µm
net1657,264.57µm
u_ibex_top.crash_dump_o\[130\],264.48µm
_04424_,264.44µm
net1670,264.05µm
net1409,263.87µm
net670,263.77µm
net1340,263.725µm
_05796_,263.56µm
net825,263.36µm
net1841,263.32µm
net646,263.24µm
_07138_,263.09µm
_06801_,263.05µm
net871,263.02µm
net2096,262.965µm
_04460_,262.68µm
net1179,262.525µm
_08151_,262.47µm
_03157_,262.445µm
_07112_,262.41µm
net1723,262.23µm
_03932_,262.13µm
net767,262.09µm
net1832,261.775µm
clknet_5_19__leaf_u_ibex_top.clk,261.38µm
net1431,261.08µm
net989,260.9µm
_07850_,260.88µm
_08886_,260.75µm
net1734,260.65µm
net1604,260.58µm
net2643,260.39µm
net701,260.32µm
_06992_,260.31µm
net1715,260.095µm
net684,259.61µm
net746,259.42µm
net1791,259.29µm
net1710,259.11µm
net1774,258.795µm
_07062_,258.79µm
net2383,258.68µm
u_ibex_top.u_ibex_core.ex_block_i.alu_i.g_no_alu_rvb.unused_imd_val_q\[51\],258.67µm
net790,258.4µm
net1159,258.39µm
u_ibex_top.crash_dump_o\[131\],258.27µm
net383,258.2µm
net679,258.1µm
_07711_,258.08µm
net1471,258.08µm
net378,257.97µm
u_ibex_top.u_ibex_core.ex_block_i.alu_i.g_no_alu_rvb.unused_imd_val_q\[60\],257.715µm
net583,257.56µm
net644,257.3µm
_07539_,257.26µm
net712,257.2µm
net864,257.2µm
_06792_,257.19µm
net1277,257.165µm
net1533,257.08µm
_07687_,257.04µm
net1176,256.815µm
net2130,256.72µm
_02158_,256.48µm
_07298_,256.46µm
_08030_,256.385µm
u_ibex_top.u_ibex_core.ex_block_i.alu_i.g_no_alu_rvb.unused_imd_val_q\[57\],256.32µm
net1342,256.17µm
net913,256.13µm
_08853_,255.96µm
_09191_,255.96µm
_06344_,255.88µm
u_ibex_top.u_ibex_core.cs_registers_i.dcsr_q\[2\],255.6µm
_07576_,255.53µm
_08717_,255.46µm
net21,255.365µm
_07925_,255.17µm
_04474_,255.16µm
net361,255.075µm
net858,254.94µm
net1162,254.84µm
net1108,254.83µm
_06655_,254.67µm
net1684,253.84µm
net1878,253.8µm
net2192,253.68µm
clknet_5_14__leaf_u_ibex_top.clk,253.68µm
_04349_,253.3µm
net1249,253.21µm
_07855_,253.18µm
_03136_,252.95µm
net2207,252.94µm
net634,252.8µm
_02664_,252.7µm
net1799,252.7µm
_02253_,252.62µm
net1758,252.48µm
net1436,252.415µm
net1544,251.87µm
_07178_,251.8µm
_07266_,251.8µm
net1697,251.46µm
net723,251.27µm
clknet_5_13__leaf_u_ibex_top.clk,251.26µm
net611,251.16µm
net1469,251.035µm
net382,250.68µm
_06914_,250.66µm
net1527,250.65µm
_05124_,250.6µm
net1624,250.455µm
net227,250.42µm
net1426,250.05µm
net1650,250.035µm
net1030,250µm
net1240,249.98µm
net589,249.96µm
net279,249.84µm
_06840_,249.62µm
_05395_,249.56µm
clknet_5_11__leaf_u_ibex_top.clk,249.44µm
net554,249.41µm
net672,249.17µm
u_ibex_top.u_ibex_core.ex_block_i.alu_i.g_no_alu_rvb.unused_imd_val_q\[61\],249.15µm
_07204_,248.91µm
net756,248.9µm
u_ibex_top.u_ibex_core.load_store_unit_i.data_we_q,248.88µm
net351,248.76µm
net27,248.5µm
_06805_,248.37µm
net1156,248.275µm
_08858_,248.14µm
net1404,247.98µm
_05454_,247.92µm
_09800_,247.66µm
net1089,247.39µm
net1717,247.26µm
net816,247.14µm
net1907,247.12µm
net1285,247.06µm
_02254_,246.96µm
net868,246.86µm
u_ibex_top.crash_dump_o\[51\],246.825µm
_06977_,246.77µm
_03180_,246.76µm
net925,246.64µm
net813,246.6µm
_02524_,246.2µm
net303,246.05µm
net391,245.98µm
net2264,245.96µm
net683,245.7µm
net1532,245.685µm
_07026_,245.655µm
clknet_5_20__leaf_u_ibex_top.clk,245.4µm
net1796,245.36µm
net1228,245.3µm
_07059_,245.04µm
u_ibex_top.u_ibex_core.ex_block_i.alu_i.g_no_alu_rvb.unused_imd_val_q\[33\],244.84µm
net736,244.62µm
u_ibex_top.u_ibex_core.cs_registers_i.csr_addr\[8\],244.48µm
net1595,244.46µm
net2151,244.355µm
_06577_,244.04µm
_07094_,243.66µm
net579,243.5µm
net399,243.35µm
net1141,243.32µm
_09302_,242.96µm
net1264,242.935µm
_04934_,242.8µm
net2028,242.49µm
net329,242.22µm
_07152_,242.18µm
net603,241.97µm
net1924,241.96µm
u_ibex_top.gen_regfile_ff.register_file_i.raddr_b_i\[2\],241.64µm
_07067_,241.625µm
net1451,241.56µm
net2283,241.34µm
net2224,241.25µm
net835,241.12µm
_02257_,241.06µm
net1178,241.055µm
_06836_,241µm
net1116,240.94µm
_08379_,240.86µm
net1637,240.78µm
net20,240.775µm
net1542,240.76µm
u_ibex_top.u_ibex_core.cs_registers_i.csr_addr\[9\],240.72µm
clknet_5_1__leaf_u_ibex_top.clk,240.68µm
net1709,240.64µm
net1114,240.62µm
net358,240.545µm
net763,240.16µm
clknet_5_9__leaf_u_ibex_top.clk,239.96µm
net803,239.91µm
net745,239.9µm
clknet_5_21__leaf_u_ibex_top.clk,239.7µm
net1831,239.62µm
net2153,239.62µm
net1356,239.6µm
_09795_,239.52µm
u_ibex_top.u_ibex_core.ex_block_i.alu_i.g_no_alu_rvb.unused_imd_val_q\[62\],239.04µm
u_ibex_top.crash_dump_o\[68\],238.98µm
_09698_,238.82µm
_06528_,238.8µm
net776,238.78µm
u_ibex_top.u_ibex_core.ex_block_i.alu_i.g_no_alu_rvb.unused_imd_val_q\[59\],238.655µm
net2312,238.655µm
clknet_5_2__leaf_u_ibex_top.clk,238.62µm
clknet_5_12__leaf_u_ibex_top.clk,238.47µm
net1842,238.42µm
net1126,238.38µm
_02159_,238.31µm
net1338,238.285µm
net1032,238.075µm
net1502,237.86µm
net69,237.5µm
net362,237.3µm
_07213_,237.19µm
net761,237.07µm
net1122,237.04µm
net1181,236.9µm
_08836_,236.84µm
net1373,236.79µm
net1914,236.78µm
_06937_,236.68µm
net1361,236.52µm
net869,236.48µm
net770,236.38µm
net2183,236.315µm
net1250,236.3µm
_07852_,236.22µm
net1840,236.17µm
net2292,236.11µm
_07631_,235.88µm
u_ibex_top.crash_dump_o\[65\],235.82µm
net1933,235.64µm
net1357,235.5µm
_04832_,235.32µm
net1593,235.3µm
net1849,235.23µm
_08884_,235µm
net1616,234.97µm
net1592,234.735µm
net15,234.305µm
u_ibex_top.u_ibex_core.cs_registers_i.csr_addr\[7\],234.1µm
net833,233.87µm
_06181_,233.57µm
_03131_,233.405µm
net935,233.13µm
net1740,232.82µm
_07114_,232.57µm
net1943,232.46µm
u_ibex_top.crash_dump_o\[39\],232.42µm
net988,232.08µm
_07571_,232.065µm
_07832_,231.76µm
net2119,231.76µm
net26,231.7µm
net573,231.48µm
_07322_,231.42µm
_09605_,231.36µm
net1219,231.06µm
net994,231.04µm
_07702_,230.98µm
net915,230.94µm
net2220,230.94µm
net368,230.76µm
_02572_,230.71µm
_07323_,230.48µm
_03907_,230.46µm
net1748,230.44µm
net1783,230.44µm
clknet_5_24__leaf_u_ibex_top.clk,230.34µm
net1155,230.32µm
net83,230.26µm
_03143_,230.19µm
net400,230.1µm
net587,229.89µm
net1686,229.8µm
net2175,229.75µm
_05678_,229.54µm
net1473,229.48µm
net576,229.38µm
net392,229.2µm
net2054,229.08µm
net781,229.07µm
net2159,228.835µm
net308,228.68µm
clknet_5_15__leaf_u_ibex_top.clk,228.6µm
net1206,228.53µm
_02434_,228.51µm
_06540_,228.5µm
net1309,228.46µm
_03919_,228.325µm
net288,228.26µm
net12,227.73µm
net1154,227.64µm
_05487_,227.45µm
_08304_,227.44µm
net1695,227.295µm
_07270_,227.26µm
net1149,227.235µm
net950,227.125µm
net1130,227.055µm
u_ibex_top.crash_dump_o\[67\],227.02µm
net388,227.02µm
u_ibex_top.u_ibex_core.alu_adder_result_ex\[3\],226.995µm
_04333_,226.91µm
net635,226.9µm
_07257_,226.87µm
_02073_,226.82µm
clknet_5_8__leaf_u_ibex_top.clk,226.78µm
net1941,226.5µm
_07041_,226.45µm
_08518_,226.41µm
net451,226.31µm
net755,226.19µm
net1662,225.96µm
net1600,225.45µm
_07084_,225.36µm
clknet_5_27__leaf_u_ibex_top.clk,225.2µm
clknet_5_18__leaf_u_ibex_top.clk,225.11µm
net380,225.1µm
net1322,224.95µm
_07118_,224.915µm
net1337,224.915µm
net1110,224.66µm
net1837,224.36µm
net1234,224.26µm
net780,224.16µm
u_ibex_top.u_ibex_core.ex_block_i.alu_i.g_no_alu_rvb.unused_imd_val_q\[34\],224.04µm
net1307,223.9µm
net1316,223.77µm
_04903_,223.47µm
net430,223.45µm
net774,223.37µm
net40,223.26µm
_08155_,222.96µm
net1683,222.85µm
net1884,222.6µm
net676,222.57µm
net1514,222.41µm
u_ibex_top.crash_dump_o\[66\],222.38µm
net854,222.38µm
net326,222.26µm
net1516,222.195µm
_08868_,221.74µm
net1335,221.51µm
net960,221.5µm
_07165_,221.26µm
u_ibex_top.u_ibex_core.alu_adder_result_ex\[30\],221.03µm
net1208,221µm
_09504_,220.94µm
net416,220.91µm
net1908,220.88µm
net1744,220.81µm
net1633,220.67µm
_01983_,220.62µm
net291,220.48µm
_06844_,220.3µm
net2134,220.26µm
net452,219.83µm
net841,219.83µm
net1049,219.805µm
net68,219.74µm
_06541_,219.6µm
net1883,219.5µm
net404,219.345µm
net1720,219.16µm
net67,219.09µm
net1519,219.07µm
net737,218.795µm
net1627,218.745µm
u_ibex_top.u_ibex_core.cs_registers_i.csr_depc_o\[2\],218.68µm
_07228_,218.58µm
net1510,218.48µm
_04231_,218.45µm
net1859,218.33µm
net2238,218.205µm
_02562_,218.16µm
net1319,218.15µm
_04495_,218.04µm
clknet_5_25__leaf_u_ibex_top.clk,217.82µm
net2439,217.68µm
net1905,217.46µm
_06770_,217.42µm
net1790,217.29µm
_06445_,217.26µm
net1261,217.2µm
net1679,217.02µm
u_ibex_top.u_ibex_core.ex_block_i.alu_i.g_no_alu_rvb.unused_imd_val_q\[32\],216.94µm
net395,216.88µm
net415,216.68µm
_07924_,216.47µm
net1712,216.16µm
net1105,216.105µm
_05580_,215.91µm
net1386,215.86µm
clknet_5_30__leaf_u_ibex_top.clk,215.7µm
net1817,215.64µm
clknet_5_29__leaf_u_ibex_top.clk,215.52µm
u_ibex_top.u_ibex_core.alu_adder_result_ex\[2\],215.405µm
net1123,215.25µm
net1244,215.18µm
net689,215.13µm
net1133,215µm
net1929,214.895µm
net1810,214.63µm
_05953_,214.58µm
net647,214.3µm
net1364,214.21µm
net840,214.15µm
_06643_,214.12µm
net70,213.68µm
_05277_,213.6µm
net991,213.58µm
net966,213.505µm
_04560_,213.18µm
_08281_,212.92µm
_08396_,212.84µm
net1018,212.84µm
net2265,212.84µm
net957,212.69µm
_09697_,212.52µm
net1345,212.425µm
net846,212.32µm
net863,211.98µm
net1107,211.845µm
net1525,211.8µm
_07648_,211.78µm
net405,211.76µm
net1223,211.64µm
net81,211.58µm
net1235,211.49µm
_04342_,211.43µm
net1661,211.195µm
net874,211.12µm
_06949_,211.01µm
_09300_,210.98µm
net2140,210.94µm
net2313,210.74µm
net724,210.66µm
net2190,210.6µm
clknet_5_26__leaf_u_ibex_top.clk,210.58µm
net1530,210.56µm
_07541_,210.48µm
net687,210.4µm
_03255_,210.35µm
_04421_,210.15µm
net1397,209.965µm
net1480,209.79µm
u_ibex_top.u_ibex_core.cs_registers_i.csr_depc_o\[7\],209.74µm
net1663,209.69µm
_07036_,209.62µm
net1998,209.47µm
net2002,209.3µm
_07108_,209.22µm
net1598,209.16µm
_09601_,209.04µm
net2000,208.84µm
net1192,208.82µm
_06038_,208.71µm
_03336_,208.7µm
_02072_,208.45µm
_07560_,208.3µm
net1742,208.21µm
_08419_,208.12µm
net2132,207.95µm
u_ibex_top.u_ibex_core.id_stage_i.controller_i.instr_fetch_err_i,207.7µm
net1536,207.68µm
_07173_,207.64µm
u_ibex_top.u_ibex_core.cs_registers_i.csr_addr\[11\],207.58µm
_06437_,207.56µm
net1681,207.48µm
net791,207.44µm
_07685_,207.2µm
net1050,207.19µm
net1531,206.775µm
net982,206.66µm
net668,206.63µm
_02864_,206.6µm
net2117,206.56µm
net1870,206.29µm
net577,206.06µm
net772,206.04µm
_07853_,205.76µm
net800,205.7µm
_06672_,205.66µm
net1447,205.66µm
net1652,205.56µm
net744,205.37µm
net600,205.28µm
net598,205µm
net1252,204.53µm
net980,204.195µm
u_ibex_top.gen_regfile_ff.register_file_i.raddr_b_i\[3\],204.14µm
net2438,203.92µm
net599,203.9µm
net665,203.855µm
u_ibex_top.u_ibex_core.cs_registers_i.csr_addr\[10\],203.85µm
net1961,203.8µm
_08740_,203.64µm
net1286,203.635µm
net812,203.63µm
net2177,203.15µm
net1760,202.89µm
_05176_,202.64µm
_03994_,202.5µm
_06527_,202.5µm
net1304,202.49µm
net2290,202.24µm
net1824,202.1µm
net1517,202.06µm
net2139,202.03µm
net1833,201.86µm
net2197,201.85µm
net1815,201.7µm
net805,201.63µm
net228,201.6µm
net1459,201.455µm
u_ibex_top.u_ibex_core.cs_registers_i.priv_lvl_q\[1\],201.2µm
net1520,201.04µm
_08318_,201.03µm
_05857_,200.96µm
_06591_,200.84µm
net1369,200.76µm
net1432,200.38µm
net19,200.335µm
net2468,200.31µm
net1856,200.14µm
net444,200.045µm
_09301_,199.96µm
net1721,199.94µm
_04240_,199.68µm
net114,199.52µm
net218,199.36µm
net678,199.36µm
net1704,199.14µm
net1614,199.1µm
net333,198.715µm
net1557,198.66µm
net2394,198.6µm
_08867_,198.58µm
_06125_,198.55µm
_08975_,198.55µm
_02432_,198.52µm
net1106,198.44µm
net1950,198.16µm
net1750,198.05µm
net1402,197.915µm
net1696,197.87µm
_08427_,197.82µm
net1521,197.48µm
net338,197.425µm
_07946_,197.33µm
net1792,197.21µm
net18,196.98µm
net764,196.82µm
_07400_,196.6µm
net1601,196.59µm
net1639,196.58µm
net1460,196.56µm
_07779_,196.535µm
_03908_,196.52µm
net1692,196.34µm
_09087_,196.16µm
net839,196.16µm
net2146,196.12µm
net1653,196.02µm
net1333,195.885µm
_08156_,195.88µm
_07559_,195.8µm
net898,195.76µm
net1111,195.755µm
_06788_,195.74µm
net979,195.44µm
net842,195.34µm
_09502_,195.26µm
u_ibex_top.u_ibex_core.cs_registers_i.csr_mtvec_o\[8\],195.14µm
_07281_,194.915µm
net2561,194.76µm
net2378,194.71µm
u_ibex_top.u_ibex_core.cs_registers_i.csr_mtvec_o\[14\],194.58µm
net108,194.38µm
_08332_,194.28µm
net1632,194.18µm
net2232,194.13µm
_06593_,193.96µm
u_ibex_top.crash_dump_o\[33\],193.885µm
_07537_,193.875µm
net1210,193.68µm
_04398_,193.66µm
net799,193.66µm
net1622,193.56µm
clknet_5_0__leaf_u_ibex_top.clk,193.54µm
net1253,193.33µm
net2501,193.32µm
_06607_,193.31µm
_04503_,193.28µm
_05767_,192.96µm
net1738,192.81µm
u_ibex_top.u_ibex_core.ex_block_i.alu_i.g_no_alu_rvb.unused_imd_val_q\[44\],192.74µm
_03133_,192.55µm
net1881,192.5µm
_06689_,192.47µm
net1170,192.335µm
_03954_,192.3µm
net1246,192.12µm
net889,192.1µm
net1529,192.085µm
net762,192.08µm
net856,192µm
_02076_,191.88µm
net11,191.8µm
net353,191.79µm
net906,191.72µm
net748,191.57µm
net1972,191.35µm
net1827,191.22µm
clknet_5_10__leaf_u_ibex_top.clk,190.94µm
net909,190.84µm
net2626,190.69µm
net976,190.675µm
net1935,190.24µm
net1535,190.14µm
_06961_,190.03µm
net1501,190µm
_07068_,189.97µm
net1148,189.84µm
net1541,189.82µm
_07093_,189.75µm
net6,189.69µm
net2122,189.61µm
_06912_,189.53µm
net1711,189.44µm
_03966_,189.37µm
clknet_leaf_203_u_ibex_top.clk,189.36µm
net1946,189.32µm
_05368_,189.24µm
net2398,189.2µm
clknet_5_31__leaf_u_ibex_top.clk,189.14µm
_08242_,189.08µm
_02332_,188.82µm
net1124,188.7µm
net758,188.69µm
net1651,188.53µm
_08885_,188.4µm
net636,188.2µm
net2666,188.12µm
net783,188.1µm
net1786,187.98µm
_04077_,187.865µm
net2196,187.69µm
net891,187.64µm
_04007_,187.605µm
net1923,187.58µm
net612,187.4µm
net1103,187.09µm
_02162_,186.94µm
_07947_,186.6µm
net110,186.52µm
net1433,186.48µm
net1329,186.46µm
net180,186.42µm
net752,186.36µm
net1707,186.14µm
_02518_,186.06µm
net1979,185.97µm
net1631,185.915µm
net2194,185.86µm
_07256_,185.78µm
net327,185.78µm
net385,185.66µm
net1570,185.64µm
_04884_,185.44µm
net1528,185.41µm
net867,185.38µm
net1959,185.37µm
net1387,185.02µm
u_ibex_top.u_ibex_core.load_store_unit_i.rdata_offset_q\[0\],184.9µm
net1739,184.68µm
net1705,184.59µm
u_ibex_top.u_ibex_core.cs_registers_i.csr_depc_o\[6\],184.51µm
net66,184.48µm
_04263_,184.44µm
net374,184.42µm
net1137,184.4µm
net48,184.24µm
net822,184.06µm
net1885,183.97µm
net555,183.7µm
net1104,183.68µm
_07295_,183.67µm
net111,183.64µm
net1168,183.43µm
net1877,183.4µm
_06522_,183.37µm
net1749,183.36µm
net92,183.34µm
net354,183.32µm
_07193_,182.96µm
net1350,182.9µm
_02977_,182.675µm
net461,182.64µm
net306,182.57µm
net1166,182.56µm
net1643,182.44µm
_04262_,182.34µm
net1191,182.34µm
_08240_,182.19µm
net1276,182.16µm
net1994,182.1µm
_05116_,182.06µm
net1015,181.94µm
_08872_,181.84µm
net1177,181.825µm
net912,181.55µm
net815,181.5µm
net22,181.475µm
net62,181.38µm
net2305,181.32µm
net2019,181.29µm
net1439,181.21µm
_06989_,181.08µm
_03736_,180.95µm
net1384,180.92µm
net96,180.9µm
_06923_,180.88µm
_07650_,180.86µm
_07422_,180.76µm
_04825_,180.42µm
_07269_,180.31µm
net1507,180.24µm
net1213,180.21µm
net905,180.2µm
net1092,180.16µm
_05250_,179.84µm
net753,179.82µm
_05455_,179.72µm
net2016,179.72µm
_06783_,179.38µm
net743,179.38µm
net2181,179.33µm
u_ibex_top.crash_dump_o\[151\],179.275µm
_08144_,179.06µm
_03125_,178.975µm
_05648_,178.85µm
net1232,178.82µm
net742,178.72µm
net1839,178.68µm
net1508,178.66µm
u_ibex_top.u_ibex_core.cs_registers_i.priv_lvl_q\[0\],178.58µm
net1977,178.52µm
net2069,178.52µm
u_ibex_top.u_ibex_core.load_store_unit_i.rdata_offset_q\[1\],178.49µm
net1423,178.4µm
net1265,178.315µm
_06645_,178.28µm
net1218,178.22µm
net17,178.215µm
net102,178.08µm
net104,178.06µm
net103,177.98µm
net429,177.9µm
_08429_,177.84µm
net106,177.78µm
net472,177.74µm
net1127,177.63µm
_07913_,177.53µm
net726,177.39µm
net1553,177.23µm
_07244_,177.1µm
_05300_,177.02µm
_06515_,176.975µm
_07398_,176.64µm
net578,176.6µm
net2319,176.6µm
_06610_,176.57µm
net754,176.54µm
net834,176.38µm
net866,176.24µm
net1970,176.24µm
_05374_,176.12µm
_09084_,176.1µm
net2105,176.08µm
net1117,176.02µm
_08217_,175.96µm
net1865,175.89µm
net671,175.77µm
net2124,175.54µm
net1659,175.41µm
net1789,175.38µm
net2120,175.32µm
_05744_,175.3µm
_06997_,175.24µm
net393,175.18µm
net997,175.03µm
net1503,175.03µm
_07334_,174.98µm
net1782,174.96µm
_08583_,174.89µm
_03267_,174.795µm
u_ibex_top.u_ibex_core.id_stage_i.controller_i.instr_compressed_i\[15\],174.78µm
_07154_,174.71µm
net2021,174.7µm
_07255_,174.68µm
net2683,174.54µm
_07315_,174.47µm
net1538,174.47µm
net1259,174.46µm
net10,174.445µm
net408,174.36µm
net1656,174.36µm
_01979_,174.26µm
net2200,174.2µm
net2286,174.18µm
clknet_5_23__leaf_u_ibex_top.clk,174.12µm
net883,174.09µm
net1366,174.08µm
net87,174.02µm
net2158,174.02µm
net959,173.97µm
_06784_,173.92µm
_07811_,173.91µm
net1522,173.74µm
net43,173.66µm
net406,173.65µm
_06954_,173.64µm
net2490,173.5µm
net1882,173.44µm
_06590_,173.4µm
net1268,173.285µm
net1615,173.28µm
_06935_,173.205µm
net24,173.1µm
net793,173.05µm
net1880,173.02µm
u_ibex_top.crash_dump_o\[64\],172.98µm
net390,172.66µm
u_ibex_top.crash_dump_o\[150\],172.575µm
net2226,172.56µm
net1343,172.49µm
net1189,172.4µm
net1198,172.36µm
net1607,172.36µm
net1100,172.33µm
net1889,172.29µm
net1448,172.26µm
_05849_,172.24µm
net445,172.22µm
u_ibex_top.u_ibex_core.id_stage_i.controller_i.instr_fetch_err_plus2_i,172.2µm
net1164,172.04µm
net1132,171.98µm
_05029_,171.8µm
net98,171.8µm
_04490_,171.62µm
_05090_,171.58µm
net2209,171.56µm
u_ibex_top.u_ibex_core.load_store_unit_i.data_type_q\[2\],171.46µm
_07396_,171.4µm
_06787_,171.31µm
net379,171.2µm
net286,171.02µm
net567,170.86µm
net1986,170.72µm
net995,170.71µm
net2287,170.71µm
net1078,170.615µm
_07236_,170.46µm
net2070,170.23µm
u_ibex_top.u_ibex_core.load_store_unit_i.data_type_q\[1\],170.18µm
net1440,170.055µm
net264,170.02µm
u_ibex_top.u_ibex_core.cs_registers_i.csr_depc_o\[24\],169.96µm
u_ibex_top.u_ibex_core.ex_block_i.alu_i.g_no_alu_rvb.unused_imd_val_q\[30\],169.925µm
_07922_,169.92µm
_06917_,169.9µm
_07629_,169.86µm
_04657_,169.68µm
u_ibex_top.u_ibex_core.alu_adder_result_ex\[6\],169.64µm
_07014_,169.63µm
_04967_,169.56µm
net1016,169.56µm
net2327,169.56µm
net2240,169.55µm
_06631_,169.5µm
net1835,169.5µm
net682,169.22µm
_06993_,169.2µm
_07117_,169.13µm
net601,169.12µm
net1420,169.09µm
net903,169.06µm
_07053_,169µm
net1486,168.92µm
net1442,168.9µm
net450,168.8µm
_04966_,168.78µm
net1563,168.76µm
net65,168.74µm
net1500,168.62µm
net293,168.52µm
_08747_,168.5µm
_06684_,168.46µm
_08732_,168.46µm
_03939_,168.3µm
net1323,168.24µm
net1524,168.24µm
net542,168.18µm
net1504,168.02µm
net1288,167.9µm
net1702,167.76µm
_08531_,167.73µm
net1641,167.6µm
net1465,167.415µm
net765,167.4µm
net474,167.36µm
_03099_,167.34µm
_03738_,167.32µm
net401,167.12µm
_04905_,166.92µm
net224,166.9µm
net1561,166.8µm
_03094_,166.45µm
u_ibex_top.u_ibex_core.if_stage_i.gen_prefetch_buffer.prefetch_buffer_i.fifo_busy\[1\],166.36µm
net1864,166.18µm
_02421_,166.04µm
_05709_,165.99µm
net624,165.96µm
net1454,165.75µm
_04368_,165.71µm
net44,165.64µm
net403,165.55µm
net1013,165.52µm
_06913_,165.51µm
net321,165.5µm
_07191_,165.47µm
net2154,165.22µm
u_ibex_top.crash_dump_o\[7\],165.15µm
_03971_,165.065µm
net1785,165µm
_06246_,164.995µm
_03118_,164.96µm
_07268_,164.92µm
_05144_,164.88µm
net887,164.88µm
net1320,164.87µm
_07329_,164.84µm
net4,164.78µm
net585,164.64µm
_04076_,164.615µm
net1912,164.45µm
u_ibex_top.u_ibex_core.cs_registers_i.csr_depc_o\[4\],164.44µm
net974,164.44µm
_07555_,164.26µm
_08326_,164.25µm
_07282_,164.04µm
net655,164.01µm
net377,163.98µm
net1821,163.66µm
_03007_,163.64µm
_07248_,163.56µm
net2099,163.56µm
_03127_,163.53µm
_06393_,163.5µm
_03968_,163.45µm
net1483,163.335µm
net1975,163.23µm
_04679_,163.19µm
net376,163.15µm
net2437,163.15µm
net1630,163.08µm
_04663_,163.065µm
net1321,163.065µm
net1069,163.06µm
net1746,163.055µm
_04256_,162.99µm
_07280_,162.94µm
_02146_,162.93µm
_07187_,162.84µm
net1247,162.82µm
net1201,162.8µm
_08977_,162.78µm
_02975_,162.74µm
_02243_,162.72µm
_09785_,162.59µm
net1331,162.46µm
clknet_leaf_197_u_ibex_top.clk,162.4µm
net1625,162.36µm
_08694_,162.34µm
_08582_,162.22µm
_08584_,162.14µm
net1582,162.14µm
_05515_,161.96µm
net1693,161.925µm
net1311,161.87µm
_07773_,161.72µm
_04319_,161.65µm
net2061,161.6µm
net2272,161.5µm
_06343_,161.42µm
net1634,161.36µm
_07395_,161.31µm
net1300,161.3µm
_06412_,161.25µm
net2023,160.96µm
_06697_,160.95µm
_07528_,160.91µm
_02074_,160.72µm
_03740_,160.69µm
net562,160.66µm
net1714,160.64µm
_07220_,160.59µm
_04260_,160.56µm
net2289,160.55µm
net2147,160.52µm
_03388_,160.39µm
net334,160.33µm
net1407,160.33µm
net1134,160.27µm
net604,160.16µm
net1909,160.02µm
net2230,159.86µm
net2052,159.83µm
net2273,159.56µm
net1258,159.53µm
net1113,159.51µm
_08125_,159.42µm
net1647,159.325µm
net359,159.28µm
net704,159.25µm
net1861,159.08µm
net183,158.98µm
net2114,158.94µm
net569,158.91µm
net557,158.83µm
u_ibex_top.u_ibex_core.ex_block_i.alu_i.g_no_alu_rvb.unused_imd_val_q\[63\],158.74µm
net150,158.64µm
net983,158.59µm
net1820,158.41µm
clknet_leaf_184_u_ibex_top.clk,158.32µm
net1776,158.235µm
net1992,158.2µm
_07135_,158.1µm
net2011,158.02µm
net1585,157.8µm
_08112_,157.54µm
net1610,157.53µm
net1413,157.43µm
net2076,157.08µm
_07544_,157.04µm
net407,156.895µm
net1125,156.7µm
net1910,156.68µm
net1301,156.4µm
net1173,156.37µm
u_ibex_top.u_ibex_core.cs_registers_i.csr_depc_o\[31\],156.3µm
net2144,156.24µm
clknet_leaf_200_u_ibex_top.clk,156.2µm
_06947_,156.19µm
net1180,155.94µm
net802,155.86µm
net1169,155.82µm
_05221_,155.8µm
_07042_,155.76µm
_03356_,155.74µm
net1550,155.71µm
net1904,155.68µm
_03259_,155.665µm
_06709_,155.62µm
net1334,155.43µm
net559,155.4µm
net1245,155.36µm
net949,155.16µm
_07189_,155.12µm
net1470,155.1µm
net918,155.06µm
_09600_,155.02µm
net1894,155µm
net855,154.8µm
net1205,154.8µm
_09592_,154.66µm
_07923_,154.62µm
net41,154.52µm
net90,154.52µm
net1911,154.49µm
net537,154.37µm
_08214_,154.18µm
_08141_,154.15µm
_03333_,154.09µm
clknet_leaf_19_u_ibex_top.clk,154.08µm
_06599_,154.02µm
u_ibex_top.u_ibex_core.alu_adder_result_ex\[21\],154.02µm
_06608_,153.94µm
net2025,153.92µm
_04771_,153.88µm
net853,153.8µm
net217,153.75µm
_08756_,153.64µm
_07180_,153.58µm
net1669,153.475µm
net2035,153.46µm
clknet_leaf_201_u_ibex_top.clk,153.325µm
_08307_,153.18µm
_04258_,153.06µm
net1806,153µm
_04719_,152.98µm
net1419,152.97µm
net1131,152.76µm
net1902,152.64µm
net2339,152.54µm
net284,152.38µm
net771,152.34µm
net2060,152.33µm
net356,152.26µm
clknet_leaf_33_u_ibex_top.clk,152.2µm
net277,152.11µm
_04259_,152µm
net2500,151.97µm
_06930_,151.82µm
net1403,151.82µm
net443,151.81µm
net1136,151.62µm
_06359_,151.61µm
net1863,151.505µm
_06487_,151.48µm
_02423_,151.34µm
net1312,151.3µm
u_ibex_top.u_ibex_core.alu_adder_result_ex\[22\],151.2µm
_06965_,151.04µm
_07005_,151.02µm
net1095,150.99µm
_08621_,150.77µm
_02343_,150.62µm
_08216_,150.57µm
net2269,150.49µm
_03998_,150.48µm
net899,150.3µm
_06298_,150.14µm
net1788,150.12µm
net1938,150.11µm
net653,150.04µm
net1221,150.04µm
net547,149.84µm
net144,149.78µm
net1694,149.75µm
_06248_,149.4µm
_09409_,149.4µm
_04849_,149.28µm
net1512,149.16µm
_03249_,149.085µm
net1892,149.01µm
net394,149µm
net1251,148.98µm
net1733,148.98µm
_07142_,148.96µm
net2253,148.81µm
net412,148.715µm
u_ibex_top.u_ibex_core.alu_adder_result_ex\[20\],148.675µm
net1226,148.66µm
_05612_,148.6µm
net411,148.54µm
net2275,148.54µm
clknet_leaf_45_u_ibex_top.clk,148.52µm
_07303_,148.42µm
_06676_,148.24µm
net2203,148.18µm
_02519_,148.12µm
_07703_,148.1µm
net1829,148.085µm
net2112,148.06µm
net1673,148.05µm
net220,148.02µm
net1236,147.94µm
net1724,147.895µm
_03337_,147.79µm
net1109,147.555µm
net324,147.49µm
_06369_,147.48µm
net1371,147.4µm
net2316,147.37µm
_06418_,147.33µm
net549,147.2µm
_08854_,147.16µm
net302,147.13µm
net1543,147.125µm
net1987,147µm
net2594,146.86µm
net82,146.82µm
_06955_,146.74µm
net826,146.73µm
net717,146.72µm
net1190,146.7µm
net2173,146.68µm
net440,146.67µm
net340,146.65µm
_08306_,146.52µm
_02516_,146.42µm
_06613_,146.42µm
_09598_,146.4µm
net1797,146.4µm
net328,146.36µm
net1362,146.34µm
net1415,146.12µm
net2148,146.12µm
net1822,146.04µm
net2113,145.98µm
net658,145.92µm
net633,145.88µm
_06419_,145.855µm
net564,145.8µm
net370,145.54µm
_08128_,145.52µm
net539,145.42µm
net2006,145.41µm
net1452,145.32µm
net1493,145.32µm
net1188,145.29µm
_08838_,145.28µm
_03103_,144.95µm
_07071_,144.945µm
net273,144.94µm
net483,144.92µm
_04481_,144.9µm
_08411_,144.83µm
_06469_,144.82µm
_07194_,144.79µm
net1035,144.71µm
net900,144.63µm
net360,144.525µm
_04649_,144.52µm
_07033_,144.52µm
net1551,144.52µm
_08755_,144.27µm
net2549,144.16µm
net1887,144.15µm
net978,144.135µm
net1899,144.13µm
net2345,144.13µm
_03947_,144.08µm
net1800,143.9µm
_07306_,143.86µm
net1194,143.79µm
clknet_leaf_18_u_ibex_top.clk,143.56µm
net2447,143.55µm
_04234_,143.5µm
net985,143.31µm
net1576,143.27µm
net1526,143.26µm
clknet_leaf_156_u_ibex_top.clk,143.16µm
net1411,143.155µm
net2281,142.96µm
net552,142.94µm
net2167,142.8µm
net1523,142.78µm
_03112_,142.72µm
_06390_,142.68µm
net2593,142.64µm
_09081_,142.605µm
net1931,142.54µm
u_ibex_top.u_ibex_core.if_stage_i.gen_prefetch_buffer.prefetch_buffer_i.fifo_busy\[0\],142.53µm
_02433_,142.46µm
_04083_,142.4µm
net2251,142.4µm
_08227_,142.39µm
_04445_,142.38µm
_09796_,142.26µm
net34,142.25µm
_07202_,142.12µm
net574,142.12µm
_09233_,142.08µm
net260,142.02µm
net792,141.97µm
clknet_leaf_204_u_ibex_top.clk,141.96µm
net397,141.68µm
_09493_,141.38µm
u_ibex_top.crash_dump_o\[36\],141.28µm
_05287_,141.05µm
net2665,141.05µm
net1989,140.78µm
net282,140.42µm
_06082_,140.38µm
_06700_,140.38µm
net1566,140.36µm
net1819,140.32µm
net1033,140.24µm
_08849_,140.16µm
net2529,140.06µm
_05926_,139.92µm
_07206_,139.88µm
net1196,139.76µm
net1620,139.7µm
_08330_,139.66µm
net1568,139.61µm
_08054_,139.52µm
net2696,139.495µm
_03230_,139.48µm
net230,139.36µm
net1163,139.3µm
net727,139.195µm
_09503_,139µm
net473,138.97µm
net337,138.845µm
_02997_,138.82µm
_07218_,138.78µm
net2187,138.715µm
net1305,138.66µm
clknet_leaf_202_u_ibex_top.clk,138.62µm
_06664_,138.6µm
net1991,138.455µm
net9,138.44µm
net2577,138.32µm
net2309,138.22µm
net544,137.94µm
net1135,137.94µm
_05603_,137.9µm
_08720_,137.9µm
net1556,137.9µm
_03073_,137.86µm
net323,137.78µm
net1165,137.72µm
net1475,137.595µm
net1976,137.53µm
_04390_,137.36µm
_06775_,137.26µm
net1421,137.22µm
net1803,137.2µm
_04865_,137.08µm
net2513,137.08µm
net2334,137.03µm
net1068,136.99µm
_08480_,136.94µm
net1248,136.93µm
net1895,136.92µm
net782,136.7µm
net184,136.68µm
net2488,136.67µm
net1612,136.66µm
net13,136.61µm
net2479,136.57µm
net1446,136.44µm
_03950_,136.23µm
net2018,136.22µm
_06929_,136.205µm
_06456_,136.12µm
net2007,136.09µm
_04335_,135.955µm
net1552,135.72µm
_03346_,135.48µm
net719,135.465µm
net1128,135.26µm
net2422,135.21µm
net1145,135.17µm
net969,135.1µm
net1980,134.94µm
_05505_,134.92µm
net2165,134.86µm
net2259,134.74µm
net50,134.68µm
net729,134.68µm
net2205,134.6µm
u_ibex_top.crash_dump_o\[35\],134.56µm
net961,134.56µm
net455,134.5µm
net768,134.18µm
net2413,134.15µm
net1326,134.06µm
clknet_leaf_88_u_ibex_top.clk,133.88µm
_04008_,133.835µm
_08398_,133.81µm
_07241_,133.66µm
net893,133.62µm
net1611,133.52µm
_08127_,133.26µm
net300,133.24µm
u_ibex_top.crash_dump_o\[149\],133.235µm
u_ibex_top.u_ibex_core.ex_block_i.gen_multdiv_fast.multdiv_i.md_state_q\[2\],133.08µm
net534,132.91µm
net1654,132.78µm
net986,132.765µm
net1260,132.71µm
u_ibex_top.crash_dump_o\[148\],132.345µm
_08437_,132.33µm
_03002_,132.28µm
net1327,132.26µm
net409,132.21µm
net1458,132.18µm
clknet_leaf_179_u_ibex_top.clk,132.18µm
_06719_,132.14µm
net1199,132.09µm
net1195,131.92µm
_06657_,131.9µm
_04284_,131.88µm
net1497,131.78µm
u_ibex_top.u_ibex_core.ex_block_i.gen_multdiv_fast.multdiv_i.md_state_q\[6\],131.63µm
net1098,131.59µm
_04326_,131.52µm
net195,131.48µm
net2473,131.45µm
net2625,131.44µm
net2103,131.39µm
_07230_,131.28µm
net2512,131.2µm
net151,130.96µm
_06976_,130.94µm
net276,130.8µm
_08194_,130.78µm
_08072_,130.66µm
_02663_,130.64µm
net1869,130.51µm
net231,130.42µm
net2477,130.42µm
net1575,130.36µm
_07176_,130.29µm
_01994_,130.18µm
_03213_,130.18µm
_08279_,130.14µm
_06436_,130.13µm
net2228,130.07µm
net367,129.99µm
_07969_,129.96µm
_04322_,129.88µm
clknet_leaf_188_u_ibex_top.clk,129.88µm
net1587,129.84µm
_03245_,129.8µm
net1091,129.75µm
net1099,129.74µm
_07128_,129.735µm
_04597_,129.56µm
u_ibex_top.crash_dump_o\[62\],129.4µm
net457,129.4µm
net316,129.39µm
_04599_,129.34µm
_08080_,129.23µm
net372,129.22µm
net1462,129.145µm
_04428_,128.96µm
clknet_leaf_27_u_ibex_top.clk,128.96µm
net126,128.95µm
_07113_,128.9µm
net305,128.83µm
_03976_,128.76µm
net2382,128.71µm
_07333_,128.66µm
net2093,128.66µm
_07032_,128.62µm
net229,128.56µm
_06994_,128.54µm
u_ibex_top.crash_dump_o\[63\],128.445µm
net2090,128.37µm
net1083,128.36µm
_03937_,128.34µm
net1302,128.3µm
_06665_,128.225µm
net1778,128.195µm
net1515,128.13µm
_04933_,128.1µm
net2010,127.95µm
_02537_,127.9µm
clknet_leaf_41_u_ibex_top.clk,127.88µm
_07709_,127.78µm
net2318,127.78µm
net1437,127.69µm
net2610,127.51µm
net1583,127.5µm
net1200,127.49µm
clknet_leaf_64_u_ibex_top.clk,127.42µm
_04313_,127.13µm
net1903,127.08µm
_03240_,126.975µm
_07572_,126.845µm
net1332,126.83µm
net100,126.76µm
_02509_,126.72µm
_06747_,126.72µm
_06352_,126.7µm
_08728_,126.64µm
net2077,126.6µm
_03917_,126.43µm
net2604,126.42µm
clknet_leaf_208_u_ibex_top.clk,126.42µm
net2213,126.4µm
net1466,126.375µm
_04360_,126.34µm
net1898,126.315µm
net232,126.215µm
net1549,126.2µm
net2462,126.11µm
net42,126.06µm
net2520,126.05µm
net213,126.04µm
net414,126.04µm
net1183,125.88µm
net2388,125.8µm
net1996,125.78µm
net448,125.7µm
net1564,125.67µm
net339,125.62µm
net2168,125.61µm
net2095,125.51µm
_02995_,125.45µm
net2682,125.41µm
_04229_,125.4µm
_07294_,125.4µm
_06729_,125.31µm
net1581,125.3µm
_06443_,125.21µm
_07163_,125.18µm
_03334_,125.16µm
net2087,125.05µm
net1209,125.02µm
net263,124.94µm
_04841_,124.92µm
net1569,124.9µm
net1427,124.7µm
net873,124.485µm
net16,124.395µm
net2634,124.39µm
net59,124.32µm
_08749_,124.3µm
net298,124.3µm
net2528,124.25µm
net2024,124.22µm
clknet_leaf_177_u_ibex_top.clk,124.1µm
u_ibex_top.u_ibex_core.cs_registers_i.csr_depc_o\[16\],124µm
net721,124µm
net1879,123.85µm
_07006_,123.8µm
net1088,123.8µm
clknet_leaf_163_u_ibex_top.clk,123.76µm
net2157,123.71µm
u_ibex_top.u_ibex_core.cs_registers_i.mcountinhibit\[2\],123.62µm
net199,123.62µm
net2195,123.58µm
_05512_,123.57µm
net2133,123.51µm
net221,123.4µm
u_ibex_top.u_ibex_core.cs_registers_i.mcause_q\[0\],123.38µm
_07307_,123.34µm
net2372,123.34µm
net1967,123.26µm
net875,123.13µm
net2217,123.07µm
_09500_,122.96µm
net2191,122.96µm
net373,122.84µm
net1518,122.71µm
net1886,122.7µm
clknet_leaf_147_u_ibex_top.clk,122.62µm
net2641,122.61µm
net269,122.54µm
_09699_,122.5µm
u_ibex_top.crash_dump_o\[144\],122.445µm
_06551_,122.42µm
_09083_,122.42µm
net2189,122.3µm
clknet_leaf_118_u_ibex_top.clk,122.26µm
_06714_,122.18µm
_05305_,122.125µm
net1239,122.03µm
net2555,121.95µm
_07157_,121.89µm
_09797_,121.86µm
clknet_leaf_21_u_ibex_top.clk,121.82µm
_06356_,121.78µm
_06987_,121.76µm
net236,121.74µm
net459,121.72µm
net2236,121.66µm
net1787,121.58µm
_06982_,121.55µm
_08530_,121.52µm
net2648,121.49µm
net418,121.24µm
net203,121.16µm
_06399_,121.12µm
_06963_,121.1µm
clknet_leaf_138_u_ibex_top.clk,121.06µm
net2635,121.02µm
clknet_leaf_89_u_ibex_top.clk,120.91µm
net1565,120.7µm
_09688_,120.69µm
net8,120.64µm
net475,120.62µm
net2582,120.53µm
_07647_,120.51µm
net2254,120.51µm
_04379_,120.38µm
_06333_,120.18µm
_08607_,120.12µm
net1481,120.07µm
net2243,119.95µm
_03074_,119.9µm
net1682,119.84µm
net297,119.83µm
_03342_,119.82µm
net346,119.82µm
_05983_,119.7µm
_08974_,119.7µm
net2538,119.54µm
net2008,119.47µm
u_ibex_top.u_ibex_core.cs_registers_i.csr_depc_o\[3\],119.46µm
net2067,119.43µm
net1674,119.41µm
net685,119.4µm
_07082_,119.38µm
net249,119.22µm
net2456,119.15µm
net2033,119.08µm
net2570,119µm
_06766_,118.88µm
net258,118.88µm
net956,118.86µm
net1981,118.86µm
net1299,118.83µm
clknet_leaf_72_u_ibex_top.clk,118.82µm
net964,118.81µm
net2599,118.8µm
net1573,118.78µm
net1995,118.74µm
net882,118.73µm
_07557_,118.71µm
net424,118.63µm
clknet_leaf_183_u_ibex_top.clk,118.62µm
net2363,118.6µm
net1146,118.56µm
net2348,118.49µm
net344,118.485µm
net947,118.4µm
clknet_leaf_176_u_ibex_top.clk,118.38µm
_02520_,118.32µm
_08962_,118.32µm
clknet_leaf_104_u_ibex_top.clk,118.3µm
net462,118.02µm
clknet_leaf_99_u_ibex_top.clk,118µm
net1266,117.98µm
net2249,117.94µm
_07245_,117.92µm
net201,117.82µm
net2495,117.81µm
net2311,117.8µm
_07305_,117.7µm
_03355_,117.685µm
net33,117.67µm
_01936_,117.63µm
net804,117.63µm
clknet_leaf_91_u_ibex_top.clk,117.62µm
net348,117.49µm
net2244,117.49µm
net2352,117.41µm
_08535_,117.4µm
net2206,117.34µm
u_ibex_top.u_ibex_core.cs_registers_i.nmi_mode_i,117.26µm
_03990_,117.25µm
net814,117.22µm
_07233_,117.18µm
_07025_,117.16µm
net1313,117.12µm
u_ibex_top.u_ibex_core.id_stage_i.controller_i.controller_run_o,117.075µm
net606,117.07µm
net2085,116.98µm
_02482_,116.84µm
net1222,116.83µm
net1906,116.78µm
net1435,116.66µm
_04048_,116.64µm
net2179,116.64µm
net2082,116.61µm
net292,116.58µm
_08730_,116.54µm
_05627_,116.46µm
_09602_,116.34µm
_07302_,116.32µm
net442,116.31µm
_04414_,116.28µm
clknet_leaf_134_u_ibex_top.clk,116.26µm
net2333,116.22µm
clknet_leaf_26_u_ibex_top.clk,116.2µm
clknet_leaf_165_u_ibex_top.clk,116.18µm
_04197_,116.16µm
_07064_,116.04µm
net222,115.9µm
_06308_,115.7µm
clknet_leaf_49_u_ibex_top.clk,115.7µm
clknet_leaf_144_u_ibex_top.clk,115.68µm
net206,115.6µm
_07840_,115.58µm
u_ibex_top.u_ibex_core.cs_registers_i.csr_depc_o\[30\],115.55µm
net2671,115.54µm
net481,115.52µm
net618,115.5µm
_06576_,115.49µm
_06970_,115.26µm
_06068_,115.19µm
net219,115.1µm
clknet_leaf_42_u_ibex_top.clk,114.96µm
net885,114.925µm
net1506,114.92µm
net310,114.86µm
u_ibex_top.u_ibex_core.id_stage_i.controller_i.illegal_insn_q,114.84µm
net1412,114.82µm
net1429,114.82µm
net1875,114.82µm
net1042,114.8µm
u_ibex_top.crash_dump_o\[60\],114.77µm
net1193,114.76µm
net275,114.73µm
_04289_,114.56µm
net1418,114.54µm
u_ibex_top.u_ibex_core.cs_registers_i.csr_mtvec_o\[23\],114.47µm
net464,114.42µm
clknet_leaf_214_u_ibex_top.clk,114.38µm
_07150_,114.27µm
net141,114.26µm
_01935_,114.15µm
_06660_,114.135µm
net2015,114.12µm
_06454_,114.1µm
_08053_,114.06µm
u_ibex_top.crash_dump_o\[45\],114.02µm
net341,114µm
clknet_leaf_75_u_ibex_top.clk,113.98µm
net1267,113.89µm
net588,113.88µm
clknet_leaf_38_u_ibex_top.clk,113.86µm
_03344_,113.835µm
u_ibex_top.u_ibex_core.load_store_unit_i.data_sign_ext_q,113.83µm
_07209_,113.69µm
net266,113.68µm
_07892_,113.51µm
clknet_leaf_86_u_ibex_top.clk,113.46µm
net1197,113.34µm
_07515_,113.3µm
clknet_leaf_87_u_ibex_top.clk,113.28µm
net1485,113.16µm
net1039,113.1µm
net244,113.04µm
clknet_leaf_40_u_ibex_top.clk,113µm
net446,112.98µm
clknet_leaf_192_u_ibex_top.clk,112.96µm
net1579,112.93µm
_09802_,112.82µm
net207,112.78µm
_09695_,112.58µm
u_ibex_top.u_ibex_core.alu_adder_result_ex\[15\],112.58µm
net226,112.57µm
net2431,112.57µm
clknet_leaf_58_u_ibex_top.clk,112.48µm
_06932_,112.41µm
net2098,112.15µm
_05255_,112.085µm
net2219,112.08µm
net1896,111.995µm
clknet_leaf_20_u_ibex_top.clk,111.9µm
net332,111.87µm
net2308,111.84µm
_04541_,111.82µm
clknet_leaf_28_u_ibex_top.clk,111.82µm
_07876_,111.78µm
net2246,111.76µm
net387,111.74µm
_08142_,111.72µm
net2539,111.72µm
_07214_,111.58µm
_04469_,111.52µm
_07219_,111.52µm
net2310,111.48µm
_08614_,111.46µm
_08748_,111.46µm
net2417,111.42µm
_03271_,111.39µm
_06969_,111.33µm
clknet_leaf_71_u_ibex_top.clk,111.24µm
net2502,111.2µm
_06756_,111.08µm
_04128_,111.075µm
net1034,111µm
net61,110.98µm
clknet_leaf_216_u_ibex_top.clk,110.9µm
clknet_leaf_172_u_ibex_top.clk,110.86µm
_07417_,110.8µm
u_ibex_top.u_ibex_core.cs_registers_i.csr_depc_o\[12\],110.8µm
clknet_leaf_154_u_ibex_top.clk,110.8µm
net2234,110.78µm
clknet_leaf_17_u_ibex_top.clk,110.77µm
_07240_,110.76µm
_06381_,110.65µm
net1367,110.56µm
net29,110.545µm
_09192_,110.42µm
clknet_leaf_133_u_ibex_top.clk,110.4µm
net2392,110.35µm
u_ibex_top.u_ibex_core.id_stage_i.branch_set_raw_d,110.2µm
net211,110.18µm
net55,110.14µm
_06512_,110.135µm
net234,110.12µm
_02606_,110.05µm
_08762_,110.04µm
net2050,109.92µm
_02431_,109.9µm
u_ibex_top.crash_dump_o\[133\],109.865µm
clknet_leaf_4_u_ibex_top.clk,109.8µm
_08641_,109.74µm
net267,109.72µm
_09722_,109.68µm
net1314,109.665µm
net2347,109.66µm
net482,109.65µm
_09188_,109.625µm
net148,109.62µm
net1488,109.62µm
net434,109.6µm
_03960_,109.54µm
_03354_,109.525µm
_02759_,109.51µm
clknet_leaf_174_u_ibex_top.clk,109.42µm
_03677_,109.34µm
_03236_,109.32µm
clknet_leaf_207_u_ibex_top.clk,109.26µm
clknet_leaf_8_u_ibex_top.clk,109.22µm
_04478_,109.14µm
net1449,109.14µm
_08224_,109.11µm
_06744_,109.04µm
net197,109.02µm
_04369_,109µm
net2357,108.79µm
net470,108.74µm
_06667_,108.68µm
net301,108.66µm
_08692_,108.575µm
clknet_leaf_37_u_ibex_top.clk,108.57µm
net246,108.56µm
net857,108.52µm
net2487,108.51µm
net1400,108.48µm
net2291,108.42µm
clknet_leaf_213_u_ibex_top.clk,108.42µm
net182,108.36µm
_08988_,108.255µm
u_ibex_top.crash_dump_o\[88\],108.24µm
clknet_leaf_84_u_ibex_top.clk,108.18µm
net2517,108.15µm
net2080,108.14µm
net674,108.13µm
net1726,108.12µm
net2222,108.12µm
net185,108.06µm
_02797_,107.99µm
net2166,107.99µm
_06800_,107.91µm
net1220,107.84µm
_09072_,107.8µm
net2263,107.78µm
net2043,107.76µm
net389,107.64µm
net2044,107.61µm
clknet_leaf_211_u_ibex_top.clk,107.6µm
_04293_,107.48µm
net2359,107.4µm
net2370,107.34µm
net2079,107.3µm
net369,107.21µm
_06943_,107.2µm
net2277,107.17µm
_04239_,107.12µm
_09786_,107.08µm
_04252_,107.06µm
net2204,106.95µm
net57,106.92µm
_06491_,106.9µm
_06368_,106.8µm
net2397,106.69µm
clknet_leaf_76_u_ibex_top.clk,106.68µm
net897,106.66µm
_03727_,106.6µm
net2642,106.6µm
_03192_,106.55µm
net696,106.54µm
clknet_leaf_39_u_ibex_top.clk,106.52µm
net2406,106.46µm
clknet_leaf_217_u_ibex_top.clk,106.39µm
_07484_,106.38µm
clknet_leaf_93_u_ibex_top.clk,106.3µm
_07444_,106.22µm
net2484,106.15µm
_04466_,106.12µm
net2017,106.12µm
clknet_leaf_167_u_ibex_top.clk,106.12µm
net2038,106.02µm
_08812_,105.98µm
net422,105.96µm
net278,105.885µm
_07066_,105.82µm
_05426_,105.74µm
_06724_,105.48µm
net2104,105.48µm
clknet_leaf_145_u_ibex_top.clk,105.3µm
_03359_,105.165µm
u_ibex_top.crash_dump_o\[153\],105.16µm
net1897,105.075µm
clknet_leaf_92_u_ibex_top.clk,105.04µm
clknet_leaf_35_u_ibex_top.clk,105µm
_06616_,104.98µm
net312,104.965µm
_09324_,104.96µm
clknet_leaf_48_u_ibex_top.clk,104.96µm
clknet_leaf_50_u_ibex_top.clk,104.92µm
_05826_,104.9µm
_02170_,104.84µm
net419,104.8µm
u_ibex_top.crash_dump_o\[145\],104.765µm
net2040,104.72µm
_04621_,104.66µm
clknet_leaf_209_u_ibex_top.clk,104.66µm
_06474_,104.615µm
_02062_,104.6µm
net1097,104.58µm
net1330,104.58µm
_06739_,104.56µm
clknet_leaf_78_u_ibex_top.clk,104.52µm
clknet_leaf_175_u_ibex_top.clk,104.52µm
net2622,104.45µm
_08162_,104.34µm
clknet_leaf_161_u_ibex_top.clk,104.3µm
_03931_,104.28µm
net186,104.28µm
clknet_leaf_5_u_ibex_top.clk,104.24µm
_06958_,104.12µm
_01987_,104.1µm
clknet_leaf_164_u_ibex_top.clk,104.08µm
net2680,104.06µm
_02002_,104.02µm
net2303,103.925µm
net1425,103.905µm
_02549_,103.88µm
clknet_leaf_170_u_ibex_top.clk,103.86µm
_04098_,103.805µm
_07131_,103.8µm
net296,103.74µm
net2361,103.52µm
_08313_,103.42µm
clknet_leaf_212_u_ibex_top.clk,103.37µm
net2005,103.33µm
_06005_,103.3µm
u_ibex_top.u_ibex_core.cs_registers_i.dcsr_q\[1\],103.24µm
clknet_leaf_136_u_ibex_top.clk,103.24µm
net238,103.22µm
_03093_,103.2µm
clknet_leaf_206_u_ibex_top.clk,103.2µm
_03620_,103.1µm
u_ibex_top.crash_dump_o\[147\],103.025µm
_03186_,102.9µm
net2650,102.87µm
_07512_,102.8µm
net145,102.8µm
clknet_leaf_137_u_ibex_top.clk,102.8µm
_04214_,102.74µm
net209,102.56µm
net215,102.54µm
_06677_,102.49µm
net2180,102.43µm
clknet_leaf_98_u_ibex_top.clk,102.4µm
u_ibex_top.u_ibex_core.cs_registers_i.mcause_q\[3\],102.38µm
net479,102.36µm
net1063,102.36µm
net309,102.31µm
_04153_,102.26µm
_06497_,102.25µm
net1988,102.14µm
net2279,102.11µm
net2271,102.09µm
net396,102.04µm
net314,102.02µm
_05864_,101.97µm
clknet_leaf_109_u_ibex_top.clk,101.94µm
_04937_,101.92µm
net1496,101.9µm
_03664_,101.88µm
_02539_,101.86µm
net476,101.8µm
net1955,101.8µm
_08888_,101.78µm
net271,101.73µm
net1891,101.72µm
u_ibex_top.u_ibex_core.ex_block_i.gen_multdiv_fast.multdiv_i.imd_val_q_i\[66\],101.705µm
_02964_,101.64µm
clknet_leaf_6_u_ibex_top.clk,101.625µm
clknet_leaf_7_u_ibex_top.clk,101.62µm
clknet_leaf_31_u_ibex_top.clk,101.615µm
_04563_,101.6µm
u_ibex_top.u_ibex_core.cs_registers_i.csr_depc_o\[15\],101.6µm
clknet_leaf_122_u_ibex_top.clk,101.585µm
net1534,101.56µm
clknet_leaf_128_u_ibex_top.clk,101.54µm
_03988_,101.52µm
_04160_,101.5µm
net2059,101.49µm
net1284,101.46µm
net240,101.38µm
_03964_,101.355µm
net2045,101.3µm
net2617,101.29µm
net60,101.26µm
clknet_leaf_121_u_ibex_top.clk,101.23µm
net205,101.22µm
net908,101.19µm
net2012,101.18µm
clknet_leaf_127_u_ibex_top.clk,101.16µm
_03956_,101.1µm
net147,101.08µm
_06579_,101.05µm
_08967_,101.04µm
net2675,100.99µm
net2215,100.985µm
_09723_,100.96µm
clknet_leaf_9_u_ibex_top.clk,100.86µm
clknet_leaf_82_u_ibex_top.clk,100.86µm
net342,100.8µm
net480,100.8µm
_02165_,100.78µm
_06505_,100.72µm
net1956,100.68µm
clknet_leaf_153_u_ibex_top.clk,100.6µm
_05630_,100.56µm
clknet_leaf_29_u_ibex_top.clk,100.55µm
_02251_,100.48µm
_06762_,100.48µm
net1414,100.46µm
net256,100.44µm
_02817_,100.43µm
_08882_,100.38µm
net146,100.38µm
net265,100.38µm
_04251_,100.33µm
u_ibex_top.crash_dump_o\[146\],100.28µm
net2084,100.11µm
_06500_,100.045µm
net477,99.98µm
clknet_leaf_107_u_ibex_top.clk,99.92µm
net2155,99.89µm
clknet_leaf_105_u_ibex_top.clk,99.8µm
_03357_,99.785µm
_05270_,99.78µm
_04361_,99.74µm
u_ibex_top.crash_dump_o\[4\],99.72µm
net1767,99.7µm
_02507_,99.68µm
_09297_,99.66µm
_08249_,99.5µm
net466,99.5µm
net136,99.46µm
_04215_,99.42µm
net255,99.36µm
net2161,99.34µm
net2400,99.24µm
clknet_leaf_166_u_ibex_top.clk,99.205µm
_02256_,99.2µm
_07646_,99.2µm
net2322,99.17µm
clknet_leaf_106_u_ibex_top.clk,99.14µm
clknet_leaf_1_u_ibex_top.clk,99.12µm
u_ibex_top.crash_dump_o\[152\],99.065µm
net1274,98.98µm
clknet_leaf_34_u_ibex_top.clk,98.98µm
net435,98.95µm
_07530_,98.92µm
net2101,98.91µm
net2481,98.89µm
clknet_leaf_14_u_ibex_top.clk,98.86µm
_07453_,98.84µm
net454,98.8µm
_03203_,98.785µm
net1874,98.78µm
clknet_leaf_97_u_ibex_top.clk,98.76µm
net1872,98.73µm
_07701_,98.72µm
_08339_,98.72µm
_04288_,98.68µm
net2390,98.6µm
_06360_,98.595µm
_07288_,98.58µm
_09075_,98.54µm
net962,98.44µm
_07949_,98.42µm
_09212_,98.4µm
_01976_,98.38µm
u_ibex_top.crash_dump_o\[69\],98.38µm
_04468_,98.32µm
_09556_,98.32µm
net468,98.32µm
net471,98.32µm
_02156_,98.28µm
clknet_leaf_53_u_ibex_top.clk,98.16µm
_06926_,98.13µm
net2245,98.11µm
net2560,98.1µm
_07389_,98.06µm
_06430_,97.98µm
net433,97.96µm
_03340_,97.92µm
net2235,97.82µm
net922,97.8µm
_04462_,97.74µm
clknet_leaf_22_u_ibex_top.clk,97.74µm
clknet_leaf_16_u_ibex_top.clk,97.72µm
net1477,97.69µm
net894,97.6µm
clknet_leaf_102_u_ibex_top.clk,97.6µm
clknet_leaf_151_u_ibex_top.clk,97.56µm
net1572,97.54µm
_03928_,97.38µm
net1186,97.35µm
net2654,97.32µm
_07447_,97.26µm
clknet_leaf_56_u_ibex_top.clk,97.26µm
clknet_leaf_67_u_ibex_top.clk,97.24µm
net366,97.14µm
_03614_,97.1µm
net2013,97.08µm
clknet_leaf_169_u_ibex_top.clk,97.08µm
_09198_,97.02µm
_03232_,96.94µm
_01998_,96.82µm
_09277_,96.8µm
clknet_leaf_81_u_ibex_top.clk,96.74µm
net2404,96.68µm
clknet_leaf_2_u_ibex_top.clk,96.62µm
clknet_leaf_30_u_ibex_top.clk,96.495µm
net262,96.48µm
clknet_leaf_193_u_ibex_top.clk,96.44µm
_06305_,96.4µm
_02061_,96.36µm
net1490,96.35µm
net54,96.34µm
net718,96.26µm
_07508_,96.24µm
net1932,96.21µm
_06513_,96.18µm
u_ibex_top.u_ibex_core.alu_adder_result_ex\[13\],96.16µm
net2141,96.14µm
net1942,95.95µm
_05222_,95.94µm
net2074,95.94µm
net1590,95.885µm
clknet_leaf_140_u_ibex_top.clk,95.84µm
net1888,95.78µm
_07017_,95.72µm
_09278_,95.7µm
clknet_leaf_47_u_ibex_top.clk,95.66µm
clknet_leaf_44_u_ibex_top.clk,95.65µm
net2261,95.625µm
_03694_,95.62µm
net1487,95.6µm
net967,95.535µm
_06866_,95.52µm
_02571_,95.46µm
_06517_,95.43µm
net38,95.42µm
_03967_,95.38µm
clknet_leaf_168_u_ibex_top.clk,95.38µm
net2668,95.36µm
_02979_,95.34µm
_08991_,95.32µm
net1511,95.3µm
u_ibex_top.u_ibex_core.ex_block_i.gen_multdiv_fast.multdiv_i.gen_mult_fast.mult_state_q\[1\],95.26µm
net759,95.14µm
net1270,95.09µm
net187,95.08µm
_04119_,95.025µm
clknet_leaf_94_u_ibex_top.clk,95µm
net2489,94.99µm
clknet_leaf_23_u_ibex_top.clk,94.9µm
net436,94.82µm
clknet_leaf_83_u_ibex_top.clk,94.82µm
net1794,94.8µm
net1129,94.72µm
net1495,94.7µm
clknet_leaf_185_u_ibex_top.clk,94.7µm
net1444,94.66µm
clknet_leaf_74_u_ibex_top.clk,94.58µm
net2184,94.52µm
net1560,94.5µm
clknet_leaf_141_u_ibex_top.clk,94.5µm
_09430_,94.44µm
net1482,94.36µm
net2573,94.36µm
net2684,94.36µm
net1074,94.34µm
_02533_,94.22µm
_07430_,94.22µm
net2066,94.21µm
clknet_leaf_11_u_ibex_top.clk,94.16µm
net134,94.14µm
_07012_,94.07µm
net1434,94µm
_08545_,93.98µm
net64,93.94µm
net2592,93.93µm
net1416,93.89µm
net2396,93.89µm
net212,93.88µm
net453,93.84µm
_09760_,93.82µm
clknet_leaf_160_u_ibex_top.clk,93.82µm
_04327_,93.8µm
_02070_,93.78µm
net191,93.74µm
clknet_leaf_0_u_ibex_top.clk,93.74µm
_03974_,93.6µm
clknet_leaf_124_u_ibex_top.clk,93.6µm
net728,93.58µm
net241,93.56µm
clknet_leaf_52_u_ibex_top.clk,93.54µm
_04145_,93.52µm
net2091,93.49µm
_03979_,93.455µm
_06720_,93.4µm
_03335_,93.345µm
net1491,93.34µm
net1964,93.34µm
net330,93.315µm
_03983_,93.3µm
net2453,93.23µm
net47,93.2µm
net1045,93.18µm
net836,93.06µm
net355,92.95µm
_09629_,92.9µm
_07143_,92.88µm
_02274_,92.85µm
_03115_,92.84µm
net2442,92.78µm
_09397_,92.77µm
net63,92.68µm
net1308,92.68µm
net2256,92.67µm
clknet_leaf_130_u_ibex_top.clk,92.66µm
net2248,92.5µm
_08757_,92.48µm
net299,92.48µm
net1172,92.42µm
_06385_,92.36µm
net519,92.36µm
_03352_,92.34µm
clknet_leaf_190_u_ibex_top.clk,92.28µm
net520,92.18µm
_03329_,92.12µm
u_ibex_top.u_ibex_core.id_stage_i.controller_i.ctrl_fsm_cs\[4\],92.12µm
_06441_,92.065µm
clknet_leaf_15_u_ibex_top.clk,92.06µm
_04347_,92.04µm
net747,92.04µm
net2425,91.98µm
net1315,91.97µm
net1138,91.96µm
_06734_,91.92µm
_08051_,91.92µm
_07207_,91.88µm
clknet_leaf_187_u_ibex_top.clk,91.78µm
_04606_,91.7µm
net2037,91.68µm
clknet_leaf_191_u_ibex_top.clk,91.68µm
_09793_,91.62µm
_07243_,91.6µm
_03627_,91.48µm
net2408,91.47µm
_06941_,91.4µm
net1567,91.4µm
clknet_leaf_146_u_ibex_top.clk,91.39µm
_05875_,91.3µm
_09492_,91.24µm
_03360_,91.21µm
net242,91.18µm
_07037_,91.1µm
net2260,91.08µm
_08526_,91.04µm
_08961_,91.04µm
net2637,90.84µm
_06983_,90.82µm
net179,90.8µm
net666,90.76µm
_04172_,90.725µm
net1962,90.66µm
net1055,90.6µm
net1993,90.54µm
_03628_,90.52µm
clknet_leaf_70_u_ibex_top.clk,90.48µm
_06731_,90.36µm
net1081,90.295µm
net1578,90.28µm
_04415_,90.27µm
clknet_leaf_218_u_ibex_top.clk,90.24µm
clknet_leaf_90_u_ibex_top.clk,90.17µm
_04417_,90.14µm
net1809,90.1µm
net2446,90.1µm
_03194_,90.06µm
net2020,90.04µm
_03275_,89.98µm
_08003_,89.96µm
clknet_leaf_126_u_ibex_top.clk,89.94µm
clknet_leaf_150_u_ibex_top.clk,89.9µm
_08113_,89.86µm
net2329,89.8µm
clknet_leaf_46_u_ibex_top.clk,89.8µm
clknet_leaf_101_u_ibex_top.clk,89.74µm
clknet_leaf_198_u_ibex_top.clk,89.7µm
net707,89.68µm
net1147,89.68µm
u_ibex_top.u_ibex_core.ex_block_i.gen_multdiv_fast.multdiv_i.imd_val_q_i\[67\],89.67µm
_09446_,89.46µm
clknet_leaf_143_u_ibex_top.clk,89.4µm
clknet_leaf_178_u_ibex_top.clk,89.28µm
net757,89.18µm
_05453_,89.16µm
_09559_,89.12µm
net1443,89.12µm
net901,89.08µm
_03184_,89.04µm
net2615,89.03µm
net2466,88.99µm
_06927_,88.94µm
net181,88.86µm
_06598_,88.84µm
net193,88.8µm
net2559,88.8µm
clknet_leaf_158_u_ibex_top.clk,88.8µm
net1584,88.78µm
_06501_,88.76µm
_04163_,88.74µm
net25,88.605µm
clknet_leaf_3_u_ibex_top.clk,88.6µm
clknet_leaf_159_u_ibex_top.clk,88.54µm
_05091_,88.4µm
_07195_,88.32µm
net2575,88.31µm
_06940_,88.3µm
net311,88.3µm
net2211,88.28µm
clknet_leaf_111_u_ibex_top.clk,88.18µm
_09308_,88.14µm
net2049,88.14µm
net478,87.94µm
net2380,87.9µm
delaynet_2_clk_i,87.88µm
_07780_,87.78µm
net987,87.695µm
net725,87.66µm
net972,87.52µm
net32,87.475µm
_09335_,87.47µm
_05609_,87.46µm
_08430_,87.46µm
clknet_leaf_125_u_ibex_top.clk,87.44µm
u_ibex_top.u_ibex_core.cs_registers_i.csr_mtvec_o\[30\],87.28µm
net2524,87.26µm
_07223_,87.2µm
net1233,87.17µm
net2198,87.14µm
net1629,87.125µm
u_ibex_top.crash_dump_o\[34\],87.08µm
net1272,87.08µm
_03217_,87µm
net595,87µm
net39,86.96µm
net2267,86.9µm
_05335_,86.86µm
net1086,86.72µm
net1965,86.61µm
clknet_leaf_51_u_ibex_top.clk,86.6µm
_09415_,86.54µm
_06355_,86.5µm
net1227,86.48µm
clknet_leaf_182_u_ibex_top.clk,86.44µm
u_ibex_top.u_ibex_core.if_stage_i.gen_prefetch_buffer.prefetch_buffer_i.branch_discard_q\[0\],86.42µm
net2001,86.42µm
_06685_,86.34µm
_06928_,86.34µm
_02959_,86.21µm
_02201_,86.2µm
clknet_leaf_181_u_ibex_top.clk,86.2µm
net261,86.18µm
net458,86.16µm
_02547_,86.14µm
clknet_leaf_63_u_ibex_top.clk,86.14µm
_04162_,86.06µm
net2,85.98µm
_04116_,85.945µm
clknet_leaf_120_u_ibex_top.clk,85.82µm
delaynet_1_clk_i,85.82µm
_02491_,85.81µm
_05802_,85.8µm
_06721_,85.8µm
clknet_leaf_115_u_ibex_top.clk,85.8µm
u_ibex_top.u_ibex_core.ex_block_i.alu_i.g_no_alu_rvb.unused_imd_val_q\[27\],85.765µm
_03198_,85.7µm
_07531_,85.7µm
net773,85.7µm
_09143_,85.62µm
clknet_leaf_195_u_ibex_top.clk,85.62µm
u_ibex_top.u_ibex_core.alu_adder_result_ex\[28\],85.54µm
_04467_,85.52µm
_07412_,85.46µm
clknet_leaf_162_u_ibex_top.clk,85.445µm
_03122_,85.44µm
_02957_,85.42µm
net1017,85.38µm
_03995_,85.335µm
net2009,85.33µm
net698,85.2µm
net2482,85.19µm
clknet_leaf_12_u_ibex_top.clk,85.14µm
clknet_leaf_85_u_ibex_top.clk,84.98µm
_05387_,84.92µm
net2193,84.92µm
net2449,84.9µm
net2046,84.885µm
_03752_,84.86µm
net2258,84.86µm
net427,84.855µm
net2563,84.84µm
net1735,84.82µm
_04389_,84.8µm
_08992_,84.74µm
net1687,84.74µm
clknet_leaf_119_u_ibex_top.clk,84.72µm
clknet_leaf_77_u_ibex_top.clk,84.7µm
_08011_,84.64µm
net233,84.56µm
clknet_leaf_69_u_ibex_top.clk,84.56µm
net1187,84.48µm
_06856_,84.43µm
net2664,84.43µm
delaynet_0_clk_i,84.42µm
net2420,84.36µm
net315,84.34µm
net2478,84.3µm
clknet_leaf_189_u_ibex_top.clk,84.22µm
clknet_leaf_62_u_ibex_top.clk,84.18µm
clknet_leaf_36_u_ibex_top.clk,84.16µm
net270,84.1µm
_09021_,83.94µm
_04057_,83.935µm
net2343,83.93µm
net2499,83.925µm
net1076,83.895µm
_05360_,83.81µm
net2619,83.81µm
_06945_,83.8µm
_04376_,83.7µm
clknet_leaf_54_u_ibex_top.clk,83.7µm
_04144_,83.685µm
_06774_,83.6µm
_07630_,83.58µm
net1990,83.56µm
_06759_,83.535µm
_04459_,83.52µm
net2451,83.52µm
clknet_leaf_135_u_ibex_top.clk,83.52µm
_06499_,83.45µm
net1890,83.42µm
clknet_leaf_132_u_ibex_top.clk,83.33µm
clknet_leaf_196_u_ibex_top.clk,83.325µm
_08875_,83.3µm
net1499,83.26µm
net1008,83.25µm
net2252,83.22µm
_07749_,83.14µm
_06617_,83.1µm
clknet_leaf_103_u_ibex_top.clk,83.1µm
net460,82.93µm
_03949_,82.9µm
clknet_leaf_180_u_ibex_top.clk,82.9µm
_09092_,82.82µm
_07755_,82.8µm
clknet_leaf_171_u_ibex_top.clk,82.8µm
net2557,82.78µm
_09442_,82.74µm
_08660_,82.7µm
_06736_,82.62µm
_09480_,82.6µm
net1012,82.595µm
net2073,82.59µm
net709,82.585µm
net971,82.52µm
net2393,82.49µm
clknet_leaf_10_u_ibex_top.clk,82.48µm
net2515,82.42µm
_02760_,82.4µm
_05565_,82.4µm
_09295_,82.34µm
net521,82.22µm
net1626,82.2µm
delaynet_3_clk_i,82.1µm
_06439_,82.06µm
_07327_,82µm
_08555_,82µm
net2670,81.95µm
net1645,81.88µm
net1041,81.86µm
net2324,81.84µm
_02726_,81.82µm
_09471_,81.8µm
_04458_,81.76µm
_07156_,81.74µm
u_ibex_top.crash_dump_o\[59\],81.68µm
_08859_,81.64µm
clknet_leaf_96_u_ibex_top.clk,81.64µm
clknet_leaf_149_u_ibex_top.clk,81.62µm
net2507,81.55µm
net420,81.5µm
net268,81.48µm
_08428_,81.4µm
net886,81.4µm
net1700,81.38µm
net2233,81.34µm
net2639,81.27µm
net1040,81.18µm
_06389_,81.16µm
_08425_,81.12µm
net2350,81.09µm
clknet_leaf_25_u_ibex_top.clk,80.995µm
net2341,80.98µm
clknet_leaf_152_u_ibex_top.clk,80.96µm
_09378_,80.925µm
net2056,80.91µm
clknet_leaf_114_u_ibex_top.clk,80.84µm
net2365,80.75µm
clknet_leaf_59_u_ibex_top.clk,80.68µm
_03936_,80.66µm
_07459_,80.62µm
clknet_leaf_113_u_ibex_top.clk,80.62µm
_08138_,80.54µm
clknet_leaf_199_u_ibex_top.clk,80.52µm
net1973,80.5µm
net2072,80.45µm
net290,80.435µm
_06646_,80.4µm
_05257_,80.39µm
_08031_,80.34µm
clknet_leaf_186_u_ibex_top.clk,80.3µm
u_ibex_top.u_ibex_core.cs_registers_i.mie_q\[12\],80.28µm
_04091_,80.26µm
_09591_,80.11µm
net1087,80.095µm
net2677,80.02µm
net970,79.94µm
net375,79.92µm
net1969,79.88µm
clknet_leaf_139_u_ibex_top.clk,79.88µm
_06636_,79.74µm
net1405,79.74µm
net331,79.725µm
_04315_,79.72µm
u_ibex_top.u_ibex_core.cs_registers_i.mie_q\[10\],79.72µm
clknet_leaf_108_u_ibex_top.clk,79.64µm
_06745_,79.58µm
_03358_,79.45µm
net243,79.44µm
u_ibex_top.u_ibex_core.cs_registers_i.csr_mtvec_o\[28\],79.42µm
_03364_,79.415µm
net2250,79.39µm
clknet_leaf_215_u_ibex_top.clk,79.36µm
_04183_,79.32µm
net1171,79.16µm
net2497,79.13µm
_07505_,79.12µm
net352,79.12µm
clknet_leaf_129_u_ibex_top.clk,79.1µm
clknet_leaf_65_u_ibex_top.clk,78.98µm
net5,78.94µm
_03260_,78.87µm
net2221,78.8µm
_04380_,78.72µm
_03092_,78.7µm
_02543_,78.68µm
net350,78.62µm
net216,78.56µm
net2068,78.56µm
_03164_,78.5µm
net438,78.445µm
_06402_,78.43µm
_06761_,78.4µm
u_ibex_top.u_ibex_core.cs_registers_i.csr_depc_o\[28\],78.385µm
net1492,78.36µm
_09200_,78.32µm
net456,78.18µm
net2519,78.18µm
_08916_,78.14µm
net2022,78.12µm
_07985_,78.1µm
_06712_,78.085µm
net2172,78.06µm
_02260_,78.05µm
net437,78.03µm
net2227,77.99µm
_08844_,77.92µm
_09103_,77.92µm
clknet_leaf_100_u_ibex_top.clk,77.92µm
net304,77.74µm
net2102,77.66µm
_04247_,77.64µm
_06753_,77.54µm
net2467,77.53µm
_03224_,77.44µm
_04656_,77.44µm
_04357_,77.42µm
net1297,77.4µm
_06570_,77.34µm
_02556_,77.32µm
net910,77.31µm
net2509,77.28µm
net1453,77.18µm
net2461,77.17µm
_03353_,77.165µm
_08966_,77.16µm
net7,77.08µm
_03332_,77.045µm
_03952_,77.04µm
net2381,77.03µm
net1873,76.98µm
net14,76.975µm
net214,76.92µm
_07088_,76.9µm
clknet_leaf_123_u_ibex_top.clk,76.88µm
u_ibex_top.u_ibex_core.ex_block_i.gen_multdiv_fast.multdiv_i.div_counter_q\[3\],76.86µm
net1002,76.7µm
clknet_leaf_24_u_ibex_top.clk,76.65µm
_04332_,76.64µm
net1004,76.635µm
_06652_,76.54µm
net1494,76.54µm
clknet_leaf_173_u_ibex_top.clk,76.53µm
net1804,76.5µm
net2163,76.46µm
net2419,76.24µm
net1009,76.16µm
clknet_leaf_116_u_ibex_top.clk,76.04µm
_06870_,76.02µm
_07593_,76.02µm
_01965_,75.9µm
_05743_,75.88µm
net189,75.84µm
clknet_leaf_155_u_ibex_top.clk,75.84µm
net1003,75.82µm
net1062,75.82µm
net2064,75.79µm
_03951_,75.74µm
_06367_,75.68µm
_07073_,75.6µm
_09780_,75.6µm
_04302_,75.56µm
clknet_leaf_110_u_ibex_top.clk,75.49µm
_04036_,75.48µm
_02075_,75.38µm
net1058,75.31µm
_08835_,75.18µm
net2494,75.12µm
_03204_,75.08µm
_03350_,75.07µm
_03923_,75.04µm
_07031_,75.02µm
net2032,75.02µm
clknet_leaf_13_u_ibex_top.clk,74.96µm
net1060,74.92µm
net2445,74.9µm
net1184,74.74µm
clknet_leaf_219_u_ibex_top.clk,74.74µm
net2687,74.72µm
net259,74.68µm
net2145,74.68µm
_03187_,74.64µm
_06738_,74.6µm
net1985,74.6µm
_02563_,74.58µm
u_ibex_top.u_ibex_core.id_stage_i.controller_i.debug_cause_d\[0\],74.56µm
net2178,74.51µm
_06405_,74.485µm
_07561_,74.32µm
net2415,74.25µm
net2441,74.23µm
net2464,74.12µm
clknet_leaf_66_u_ibex_top.clk,74.12µm
_08325_,74.1µm
_06600_,74.06µm
net413,74.055µm
_07615_,73.94µm
_09067_,73.92µm
net2551,73.89µm
net1065,73.85µm
net2051,73.81µm
net661,73.72µm
_03181_,73.7µm
net421,73.7µm
_03743_,73.69µm
_05824_,73.64µm
net2214,73.64µm
_06438_,73.6µm
net2436,73.59µm
u_ibex_top.crash_dump_o\[154\],73.565µm
_03407_,73.54µm
_05546_,73.44µm
net2412,73.37µm
_07757_,73.24µm
net1558,73.22µm
clknet_leaf_57_u_ibex_top.clk,73.22µm
clknet_leaf_131_u_ibex_top.clk,73.18µm
_02382_,73.12µm
net650,73.04µm
_02934_,73.03µm
clknet_leaf_79_u_ibex_top.clk,73.01µm
net439,72.98µm
_03349_,72.86µm
_09069_,72.84µm
_02918_,72.74µm
net2492,72.67µm
_04123_,72.64µm
_08604_,72.62µm
_03948_,72.58µm
clknet_leaf_95_u_ibex_top.clk,72.56µm
u_ibex_top.u_ibex_core.cs_registers_i.csr_depc_o\[18\],72.525µm
_02545_,72.5µm
_05492_,72.5µm
net135,72.5µm
net580,72.4µm
_06516_,72.28µm
net1539,72.26µm
_07461_,72.24µm
net1077,72.24µm
_05486_,72.22µm
_05479_,72.18µm
net2590,72.14µm
_02532_,72.12µm
_03700_,72.12µm
net237,72.12µm
_02665_,72.06µm
net2537,72.03µm
_09170_,72.02µm
_06742_,71.94µm
net2526,71.87µm
_08789_,71.7µm
net1479,71.62µm
u_ibex_top.u_ibex_core.cs_registers_i.mstack_d\[0\],71.57µm
net2094,71.56µm
net1401,71.54µm
net1476,71.53µm
_08323_,71.52µm
_06730_,71.44µm
clknet_leaf_80_u_ibex_top.clk,71.4µm
net2169,71.39µm
_06751_,71.38µm
net188,71.28µm
_09377_,71.27µm
net1398,71.13µm
net2410,71.08µm
_08378_,71.02µm
clknet_leaf_117_u_ibex_top.clk,70.88µm
_07226_,70.8µm
net1085,70.7µm
net2543,70.69µm
net1054,70.685µm
_02284_,70.68µm
_07018_,70.64µm
_03962_,70.6µm
_06765_,70.56µm
_08404_,70.56µm
net876,70.54µm
net132,70.42µm
net2565,70.41µm
_03351_,70.395µm
_06596_,70.38µm
_08235_,70.34µm
net977,70.34µm
_09234_,70.28µm
_03945_,70.26µm
net2042,70.21µm
net2679,70.17µm
net2326,70.03µm
_07967_,70.02µm
clknet_leaf_148_u_ibex_top.clk,70.02µm
net2545,70µm
net2603,69.98µm
_03699_,69.94µm
net1586,69.855µm
_06374_,69.835µm
net71,69.82µm
_08671_,69.74µm
clknet_leaf_68_u_ibex_top.clk,69.74µm
_06444_,69.73µm
_08511_,69.72µm
u_ibex_top.u_ibex_core.cs_registers_i.csr_mtvec_o\[27\],69.72µm
_04851_,69.62µm
net1073,69.535µm
net2443,69.52µm
net2531,69.44µm
net2242,69.38µm
u_ibex_top.u_ibex_core.cs_registers_i.mcountinhibit\[0\],69.32µm
net2331,69.3µm
_04230_,69.28µm
_05577_,69.28µm
_06488_,69.22µm
u_ibex_top.u_ibex_core.load_store_unit_i.ls_fsm_cs\[1\],69.16µm
net2257,69.12µm
_02564_,69.1µm
_09106_,69.08µm
_04092_,69.06µm
_06339_,69.04µm
_06808_,68.96µm
_04932_,68.92µm
net343,68.9µm
net198,68.78µm
net2300,68.78µm
net1007,68.76µm
net2268,68.76µm
_09404_,68.74µm
_08873_,68.71µm
net1212,68.7µm
_03973_,68.68µm
net2652,68.67µm
net2491,68.65µm
net2375,68.62µm
net1577,68.525µm
net750,68.52µm
net1498,68.5µm
net1505,68.5µm
net1096,68.46µm
_02110_,68.44µm
net467,68.42µm
u_ibex_top.crash_dump_o\[49\],68.285µm
_08199_,68.21µm
net1072,68.21µm
u_ibex_top.u_ibex_core.cs_registers_i.mie_q\[11\],68.2µm
u_ibex_top.u_ibex_core.load_store_unit_i.ls_fsm_cs\[0\],68.19µm
_02422_,68.1µm
_04118_,68.1µm
net1613,68.1µm
net1052,68.08µm
net907,68.07µm
_06640_,68.06µm
net1571,68.03µm
net1121,68.02µm
net740,67.94µm
net1417,67.92µm
net1866,67.88µm
net1580,67.875µm
_07232_,67.82µm
_05596_,67.8µm
_08714_,67.78µm
clknet_leaf_112_u_ibex_top.clk,67.76µm
_02023_,67.66µm
_02340_,67.66µm
_08444_,67.66µm
_08964_,67.64µm
_02020_,67.54µm
_03367_,67.535µm
net2210,67.5µm
_08923_,67.47µm
_06839_,67.46µm
net1011,67.4µm
net1999,67.37µm
_05908_,67.3µm
_02535_,67.21µm
net2646,67.21µm
_02866_,67.19µm
_09186_,67.12µm
_06915_,67.1µm
net2336,67.1µm
net2506,67.09µm
_04177_,67.04µm
net845,67.02µm
_09180_,67µm
_07177_,66.98µm
_08619_,66.98µm
_01967_,66.96µm
net1318,66.96µm
_06400_,66.92µm
net2338,66.91µm
net1075,66.85µm
net1554,66.82µm
_07814_,66.78µm
net2355,66.78µm
_03997_,66.74µm
net2632,66.63µm
_07106_,66.58µm
u_ibex_top.u_ibex_core.cs_registers_i.mcycle_counter_i.counter\[28\],66.58µm
net2601,66.45µm
_04140_,66.36µm
net2174,66.36µm
net2596,66.34µm
net2039,66.33µm
net1119,66.32µm
_05198_,66.3µm
net1005,66.3µm
_03959_,66.28µm
_04609_,66.16µm
_03419_,66.06µm
_08458_,66µm
_08693_,65.975µm
_06037_,65.9µm
_08073_,65.82µm
_02289_,65.8µm
_09091_,65.76µm
_07080_,65.74µm
_02565_,65.65µm
_04344_,65.65µm
u_ibex_top.u_ibex_core.cs_registers_i.csr_mtvec_o\[21\],65.62µm
net1868,65.6µm
_08345_,65.56µm
net1812,65.505µm
_09196_,65.48µm
_05683_,65.44µm
net923,65.42µm
_09171_,65.38µm
net1596,65.38µm
net2611,65.33µm
u_ibex_top.u_ibex_core.cs_registers_i.dcsr_q\[0\],65.3µm
net2640,65.22µm
clknet_leaf_32_u_ibex_top.clk,65.18µm
_02021_,65.14µm
_05143_,65.14µm
net1066,65.12µm
_07169_,65.1µm
net2587,65.05µm
net1958,65.01µm
net2472,64.93µm
net948,64.915µm
_08985_,64.88µm
_03276_,64.87µm
u_ibex_top.u_ibex_core.cs_registers_i.mhpmcounter\[1856\],64.84µm
_03992_,64.8µm
_04461_,64.74µm
_06651_,64.72µm
net965,64.72µm
_07564_,64.66µm
net630,64.6µm
_03942_,64.58µm
_06447_,64.52µm
_09398_,64.5µm
_04321_,64.48µm
clknet_leaf_61_u_ibex_top.clk,64.46µm
u_ibex_top.crash_dump_o\[44\],64.45µm
_06581_,64.34µm
net2569,64.17µm
net2427,64.13µm
net2609,64.11µm
_09025_,64.08µm
u_ibex_top.u_ibex_core.alu_adder_result_ex\[26\],64.04µm
net2579,64.04µm
_02469_,63.96µm
net49,63.88µm
_03195_,63.845µm
net2377,63.76µm
net2465,63.76µm
_04094_,63.68µm
net1954,63.67µm
_05711_,63.54µm
_07904_,63.52µm
u_ibex_top.crash_dump_o\[50\],63.445µm
_03999_,63.39µm
_03235_,63.38µm
_04715_,63.38µm
_07328_,63.38µm
_03345_,63.37µm
_02109_,63.32µm
_02438_,63.3µm
_06710_,63.3µm
_01968_,63.28µm
_05951_,63.26µm
_09451_,63.24µm
_07416_,63.22µm
_09376_,63.08µm
net2661,63.08µm
net2366,63.06µm
net1084,63.025µm
_03250_,62.92µm
_04506_,62.92µm
net2653,62.9µm
_06452_,62.88µm
net31,62.845µm
u_ibex_top.u_ibex_core.cs_registers_i.csr_depc_o\[10\],62.82µm
clknet_leaf_43_u_ibex_top.clk,62.64µm
_05323_,62.62µm
_05314_,62.605µm
net1053,62.58µm
_05184_,62.5µm
_05579_,62.5µm
u_ibex_top.u_ibex_core.cs_registers_i.csr_depc_o\[17\],62.38µm
_03361_,62.255µm
_07908_,62.16µm
_03901_,62.14µm
_09520_,62.14µm
_08834_,62.06µm
u_ibex_top.crash_dump_o\[41\],62.045µm
net274,62.02µm
net1202,62µm
net1324,61.985µm
_07753_,61.84µm
clknet_leaf_60_u_ibex_top.clk,61.84µm
net272,61.72µm
_08063_,61.68µm
net2547,61.68µm
net447,61.66µm
net1574,61.66µm
net1667,61.66µm
u_ibex_top.crash_dump_o\[58\],61.55µm
_05618_,61.5µm
_09365_,61.5µm
net615,61.44µm
net465,61.42µm
_02290_,61.4µm
_09290_,61.38µm
net2407,61.35µm
net1139,61.3µm
_07039_,61.28µm
net2399,61.28µm
clknet_leaf_142_u_ibex_top.clk,61.26µm
_06318_,61.22µm
_02589_,61.18µm
u_ibex_top.u_ibex_core.load_store_unit_i.rdata_q\[27\],61.15µm
net1001,61.12µm
_09687_,61.1µm
_07049_,61.07µm
_03970_,60.98µm
_08499_,60.98µm
_03807_,60.86µm
net1513,60.8µm
net2053,60.78µm
_07931_,60.7µm
net469,60.7µm
_02623_,60.66µm
_07392_,60.66µm
_05960_,60.62µm
_09288_,60.62µm
net904,60.62µm
net2656,60.62µm
_06998_,60.58µm
_05834_,60.56µm
_05769_,60.5µm
net1336,60.48µm
u_ibex_top.u_ibex_core.cs_registers_i.mcycle_counter_i.counter\[1\],60.44µm
net347,60.36µm
_06757_,60.34µm
_06733_,60.32µm
u_ibex_top.u_ibex_core.if_stage_i.gen_prefetch_buffer.prefetch_buffer_i.fifo_i.rdata_q\[29\],60.26µm
net253,60.26µm
_09407_,60.24µm
_06514_,60.23µm
net1699,60.22µm
net1649,60.2µm
net441,60.145µm
_02910_,60.14µm
net2373,60.12µm
clknet_leaf_157_u_ibex_top.clk,60.1µm
u_ibex_top.u_ibex_core.cs_registers_i.mcause_q\[2\],60.08µm
net996,60.08µm
_02666_,60.01µm
net322,60µm
_09178_,59.98µm
_09423_,59.9µm
_07859_,59.89µm
_03362_,59.87µm
net2659,59.85µm
_03575_,59.78µm
net999,59.78µm
_07674_,59.76µm
net463,59.76µm
clknet_leaf_210_u_ibex_top.clk,59.76µm
_06999_,59.74µm
net143,59.74µm
net1689,59.7µm
_07196_,59.66µm
_07276_,59.59µm
u_ibex_top.crash_dump_o\[134\],59.485µm
net2553,59.48µm
net2164,59.44µm
net142,59.28µm
_07974_,59.24µm
net2278,59.24µm
u_ibex_top.u_ibex_core.cs_registers_i.csr_mtvec_o\[17\],59.16µm
u_ibex_top.crash_dump_o\[42\],59.1µm
_07893_,59.08µm
_04266_,59.06µm
_04181_,59.04µm
net1618,59.04µm
_06373_,58.99µm
net2432,58.99µm
u_ibex_top.crash_dump_o\[137\],58.98µm
_02896_,58.96µm
net349,58.96µm
_08989_,58.9µm
_09235_,58.9µm
net2657,58.89µm
net954,58.8µm
_03331_,58.755µm
net2229,58.71µm
u_ibex_top.crash_dump_o\[155\],58.675µm
_04150_,58.64µm
_05712_,58.56µm
_07522_,58.5µm
u_ibex_top.u_ibex_core.if_stage_i.gen_prefetch_buffer.prefetch_buffer_i.rdata_outstanding_q\[0\],58.42µm
net386,58.42µm
net2411,58.39µm
net2598,58.35µm
_07984_,58.34µm
net2458,58.33µm
_02506_,58.3µm
u_ibex_top.u_ibex_core.cs_registers_i.csr_mtvec_o\[18\],58.24µm
_04237_,58.22µm
_06740_,58.2µm
u_ibex_top.u_ibex_core.cs_registers_i.csr_depc_o\[13\],58.12µm
_02566_,58.08µm
_04372_,58.08µm
u_ibex_top.crash_dump_o\[110\],58.06µm
net1061,58.06µm
u_ibex_top.u_ibex_core.ex_block_i.gen_multdiv_fast.multdiv_i.md_state_q\[0\],58.02µm
net2542,57.98µm
u_ibex_top.crash_dump_o\[157\],57.965µm
_06455_,57.82µm
u_ibex_top.u_ibex_core.cs_registers_i.mhpmcounter\[1863\],57.82µm
_02615_,57.78µm
net1048,57.78µm
_04634_,57.74µm
net2581,57.73µm
_07273_,57.7µm
_02373_,57.68µm
_02108_,57.59µm
_08963_,57.58µm
net2475,57.57µm
net196,57.56µm
net2106,57.56µm
_04035_,57.54µm
net245,57.54µm
_04113_,57.395µm
_03401_,57.38µm
_08099_,57.36µm
net2429,57.33µm
net247,57.3µm
net2627,57.23µm
net1399,57.2µm
net2541,57.13µm
_08715_,57.02µm
net2212,57.02µm
net797,56.98µm
net640,56.96µm
_06763_,56.92µm
net981,56.905µm
_06448_,56.845µm
u_ibex_top.crash_dump_o\[37\],56.765µm
_07774_,56.76µm
net51,56.76µm
u_ibex_top.u_ibex_core.cs_registers_i.mie_q\[13\],56.68µm
_02951_,56.64µm
_06363_,56.54µm
net313,56.54µm
net1755,56.54µm
net402,56.535µm
net693,56.48µm
_02276_,56.42µm
_06698_,56.4µm
net1838,56.32µm
_04678_,56.28µm
_07727_,56.22µm
net2606,56.22µm
net1225,56.18µm
net1079,56.16µm
_04039_,56.12µm
_02252_,56.06µm
_02402_,56.06µm
_07439_,56.06µm
_02374_,56.04µm
_07549_,55.96µm
_07252_,55.88µm
net58,55.88µm
net3,55.86µm
_04610_,55.79µm
net656,55.76µm
net2645,55.75µm
u_ibex_top.crash_dump_o\[47\],55.745µm
net2576,55.73µm
_04029_,55.72µm
_07812_,55.72µm
_08708_,55.68µm
_04351_,55.58µm
net2583,55.58µm
_08990_,55.5µm
net2584,55.5µm
net2063,55.42µm
net890,55.38µm
net1006,55.36µm
net1082,55.32µm
net423,55.3µm
u_ibex_top.u_ibex_core.cs_registers_i.mhpmcounter\[1908\],55.225µm
_06749_,55.22µm
net1014,55.22µm
_08726_,55.02µm
_02513_,55µm
_08303_,55µm
u_ibex_top.crash_dump_o\[140\],54.975µm
_06956_,54.96µm
_07139_,54.96µm
_04345_,54.94µm
_06938_,54.94µm
net2062,54.94µm
_03571_,54.92µm
net2658,54.91µm
net1997,54.74µm
_04320_,54.645µm
_02107_,54.64µm
_05397_,54.64µm
_07628_,54.64µm
_09550_,54.62µm
_04561_,54.6µm
net1298,54.6µm
_05766_,54.58µm
net2662,54.55µm
_09526_,54.46µm
_02385_,54.43µm
_04366_,54.42µm
_07854_,54.36µm
_09346_,54.34µm
_06498_,54.32µm
net2647,54.32µm
_03961_,54.21µm
net1862,54.175µm
_06476_,54.15µm
net851,54.1µm
_02749_,54.06µm
net1203,53.98µm
u_ibex_top.u_ibex_core.cs_registers_i.csr_mtvec_o\[15\],53.92µm
_05059_,53.88µm
_07092_,53.88µm
net2266,53.76µm
_03282_,53.74µm
_04377_,53.72µm
_09574_,53.685µm
_05529_,53.68µm
_06119_,53.66µm
_06403_,53.66µm
_07167_,53.66µm
u_ibex_top.u_ibex_core.cs_registers_i.mstack_d\[1\],53.565µm
_08649_,53.54µm
net192,53.54µm
clknet_leaf_73_u_ibex_top.clk,53.5µm
_03193_,53.48µm
_09510_,53.45µm
net2455,53.42µm
net2624,53.42µm
net1602,53.32µm
_05861_,53.26µm
_09113_,53.18µm
_09146_,53.16µm
_06183_,53.14µm
u_ibex_top.crash_dump_o\[135\],53.14µm
net2548,53.075µm
net2630,53.05µm
_06337_,52.98µm
net2402,52.97µm
net2047,52.96µm
_04352_,52.885µm
_02777_,52.85µm
_09363_,52.84µm
_08951_,52.81µm
_06921_,52.79µm
_06936_,52.74µm
net2298,52.74µm
net2486,52.65µm
_05440_,52.54µm
net2651,52.53µm
net225,52.34µm
_09609_,52.32µm
_08022_,52.22µm
_06378_,52.18µm
_09123_,52.14µm
_04222_,52.1µm
net1489,52.08µm
_06496_,52.06µm
net715,52.04µm
u_ibex_top.u_ibex_core.cs_registers_i.csr_depc_o\[21\],51.97µm
u_ibex_top.u_ibex_core.cs_registers_i.mhpmcounter\[1873\],51.92µm
_08788_,51.88µm
_02092_,51.82µm
_07408_,51.72µm
net317,51.7µm
u_ibex_top.u_ibex_core.cs_registers_i.mstatus_q\[1\],51.66µm
net2299,51.62µm
u_ibex_top.u_ibex_core.load_store_unit_i.rdata_q\[30\],51.585µm
_03744_,51.42µm
_06511_,51.4µm
_09267_,51.39µm
_04822_,51.26µm
net2270,51.26µm
_04881_,51.2µm
net2428,51.2µm
_06804_,51.18µm
_04698_,51.16µm
_03269_,51.07µm
_07119_,51.06µm
net2320,51.055µm
u_ibex_top.u_ibex_core.cs_registers_i.csr_depc_o\[9\],50.995µm
u_ibex_top.u_ibex_core.cs_registers_i.mcycle_counter_i.counter\[16\],50.94µm
_09160_,50.93µm
_08250_,50.92µm
u_ibex_top.u_ibex_core.cs_registers_i.csr_mtvec_o\[26\],50.9µm
net2430,50.88µm
u_ibex_top.crash_dump_o\[138\],50.78µm
_04527_,50.775µm
net1968,50.74µm
u_ibex_top.crash_dump_o\[119\],50.68µm
_04896_,50.66µm
_04053_,50.62µm
u_ibex_top.u_ibex_core.cs_registers_i.mie_q\[8\],50.56µm
_06715_,50.52µm
_04515_,50.48µm
_08356_,50.46µm
_04888_,50.44µm
net801,50.4µm
_02551_,50.36µm
u_ibex_top.crash_dump_o\[40\],50.345µm
_06639_,50.34µm
_02468_,50.32µm
_07818_,50.3µm
net2344,50.27µm
_07055_,50.26µm
net1671,50.21µm
_07044_,50.2µm
net2578,50.15µm
_06693_,50.14µm
_09521_,50.14µm
_03969_,50.1µm
net1867,50.08µm
net2614,50.08µm
u_ibex_top.crash_dump_o\[48\],50.06µm
_04236_,50.04µm
u_ibex_top.u_ibex_core.cs_registers_i.mcycle_counter_i.counter\[35\],50.02µm
net2585,50.01µm
_06632_,49.99µm
net200,49.98µm
net2057,49.95µm
_02598_,49.92µm
u_ibex_top.crash_dump_o\[55\],49.92µm
net2620,49.88µm
net2613,49.82µm
net2401,49.8µm
u_ibex_top.crash_dump_o\[142\],49.78µm
net140,49.74µm
u_ibex_top.u_ibex_core.if_stage_i.gen_prefetch_buffer.prefetch_buffer_i.fifo_i.rdata_q\[31\],49.74µm
_05326_,49.72µm
net194,49.72µm
_09275_,49.7µm
_06432_,49.68µm
_05554_,49.57µm
u_ibex_top.u_ibex_core.cs_registers_i.mcycle_counter_i.counter\[19\],49.525µm
_03341_,49.485µm
_03273_,49.46µm
_07104_,49.44µm
_06723_,49.42µm
_07909_,49.405µm
net2369,49.4µm
net2522,49.39µm
_03075_,49.38µm
_04012_,49.3µm
_08406_,49.24µm
u_ibex_top.u_ibex_core.cs_registers_i.mcycle_counter_i.counter\[17\],49.235µm
_04286_,49.22µm
_09731_,49.14µm
_03343_,49.135µm
net2612,49.09µm
_05433_,49.08µm
_02645_,49.07µm
_02940_,49.05µm
_06986_,49µm
_09337_,49µm
_09727_,48.98µm
u_ibex_top.u_ibex_core.cs_registers_i.mcycle_counter_i.counter\[38\],48.935µm
u_ibex_top.crash_dump_o\[101\],48.9µm
_04805_,48.86µm
net2540,48.83µm
_06828_,48.76µm
_09566_,48.76µm
_02902_,48.72µm
_05663_,48.71µm
_02522_,48.7µm
_06619_,48.7µm
u_ibex_top.crash_dump_o\[53\],48.695µm
_06722_,48.68µm
u_ibex_top.u_ibex_core.cs_registers_i.mcycle_counter_i.counter\[30\],48.64µm
_03370_,48.625µm
net2386,48.6µm
_07060_,48.55µm
_02309_,48.54µm
_06180_,48.54µm
net2170,48.51µm
_03409_,48.5µm
_02581_,48.48µm
u_ibex_top.crash_dump_o\[54\],48.465µm
_03246_,48.46µm
_06533_,48.42µm
_03141_,48.4µm
_04279_,48.4µm
_07050_,48.36µm
_04331_,48.285µm
net2504,48.26µm
net2328,48.15µm
_02837_,48.13µm
_04480_,48.1µm
_09720_,48.08µm
net239,48.04µm
_02788_,48.02µm
_06752_,48.02µm
_04341_,48µm
_08638_,47.98µm
_04249_,47.96µm
_03280_,47.94µm
clknet_leaf_55_u_ibex_top.clk,47.94µm
_04726_,47.92µm
_02966_,47.86µm
_04141_,47.86µm
u_ibex_top.gen_regfile_ff.register_file_i.g_plain_rf.g_rf_flops\[27\].rf_reg_q\[5\],47.82µm
u_ibex_top.u_ibex_core.cs_registers_i.mhpmcounter\[1860\],47.81µm
_07995_,47.8µm
net2450,47.79µm
u_ibex_top.u_ibex_core.cs_registers_i.csr_depc_o\[8\],47.76µm
net28,47.75µm
_06348_,47.74µm
u_ibex_top.u_ibex_core.cs_registers_i.mcycle_counter_i.counter\[24\],47.74µm
net53,47.695µm
net1665,47.68µm
net46,47.66µm
_08222_,47.56µm
net2607,47.55µm
_08950_,47.54µm
_08637_,47.51µm
u_ibex_top.u_ibex_core.cs_registers_i.mie_q\[14\],47.5µm
net1047,47.48µm
_07079_,47.44µm
_06064_,47.42µm
u_ibex_top.u_ibex_core.ex_block_i.alu_i.g_no_alu_rvb.unused_imd_val_q\[17\],47.405µm
_07999_,47.4µm
_08496_,47.4µm
u_ibex_top.crash_dump_o\[70\],47.4µm
u_ibex_top.u_ibex_core.cs_registers_i.mie_q\[15\],47.4µm
_09039_,47.32µm
net335,47.285µm
_04305_,47.28µm
_05955_,47.28µm
_06554_,47.265µm
_04216_,47.24µm
_08385_,47.19µm
_04450_,47.18µm
net2239,47.18µm
net2434,47.08µm
_04323_,47.03µm
net2241,46.94µm
_04811_,46.92µm
_06346_,46.9µm
net345,46.84µm
_02710_,46.82µm
_05367_,46.78µm
_07375_,46.78µm
net2216,46.77µm
net643,46.74µm
net2552,46.73µm
_02676_,46.7µm
_02071_,46.68µm
_04473_,46.68µm
_06916_,46.68µm
_07820_,46.64µm
_07265_,46.62µm
_08543_,46.62µm
u_ibex_top.u_ibex_core.cs_registers_i.mcycle_counter_i.counter\[7\],46.6µm
_02958_,46.58µm
_02327_,46.56µm
_03256_,46.54µm
_02032_,46.52µm
_04238_,46.52µm
_08616_,46.5µm
_09778_,46.44µm
u_ibex_top.u_ibex_core.cs_registers_i.mcycle_counter_i.counter\[34\],46.41µm
_02872_,46.37µm
u_ibex_top.u_ibex_core.cs_registers_i.mhpmcounter\[1891\],46.33µm
_05700_,46.32µm
_09159_,46.3µm
net138,46.3µm
_05625_,46.28µm
_09696_,46.2µm
u_ibex_top.u_ibex_core.cs_registers_i.mhpmcounter\[1875\],46.195µm
net2223,46.18µm
_02884_,46.14µm
u_ibex_top.u_ibex_core.ex_block_i.gen_multdiv_fast.multdiv_i.div_counter_q\[2\],46.12µm
net210,46.08µm
net2558,46.06µm
_04033_,46.02µm
_06948_,46.02µm
_04365_,46.005µm
net2360,45.97µm
_08865_,45.935µm
net2571,45.91µm
u_ibex_top.crash_dump_o\[52\],45.825µm
_02098_,45.8µm
net2433,45.8µm
_07086_,45.69µm
_09349_,45.66µm
_08678_,45.64µm
net45,45.64µm
_09663_,45.48µm
_04427_,45.4µm
_05967_,45.4µm
u_ibex_top.crash_dump_o\[143\],45.395µm
net1257,45.38µm
net1408,45.34µm
_02295_,45.28µm
_04983_,45.28µm
net2055,45.27µm
_07314_,45.26µm
u_ibex_top.u_ibex_core.cs_registers_i.mcycle_counter_i.counter\[46\],45.26µm
u_ibex_top.u_ibex_core.cs_registers_i.mhpmcounter\[1869\],45.26µm
_07529_,45.22µm
_08702_,45.18µm
u_ibex_top.u_ibex_core.cs_registers_i.mhpmcounter\[1857\],45.14µm
net1185,45.14µm
_07644_,45.12µm
_04343_,45.1µm
net1071,45.08µm
_06518_,45.06µm
net2554,45.04µm
u_ibex_top.u_ibex_core.cs_registers_i.mcycle_counter_i.counter\[13\],45µm
net1450,45µm
u_ibex_top.u_ibex_core.cs_registers_i.mcycle_counter_i.counter\[36\],44.865µm
net627,44.84µm
_02688_,44.82µm
net2362,44.8µm
u_ibex_top.crash_dump_o\[13\],44.78µm
net160,44.76µm
_06410_,44.74µm
_08115_,44.73µm
net2669,44.73µm
_08432_,44.72µm
_02694_,44.7µm
_07739_,44.7µm
net1960,44.68µm
net417,44.655µm
_04309_,44.64µm
net1306,44.6µm
u_ibex_top.u_ibex_core.cs_registers_i.mcycle_counter_i.counter\[23\],44.58µm
_04264_,44.56µm
net2623,44.54µm
_07785_,44.52µm
net2048,44.52µm
u_ibex_top.u_ibex_core.cs_registers_i.mcycle_counter_i.counter\[0\],44.44µm
net2092,44.42µm
_03984_,44.38µm
u_ibex_top.crash_dump_o\[122\],44.38µm
_09716_,44.34µm
u_ibex_top.u_ibex_core.cs_registers_i.mcycle_counter_i.counter\[11\],44.325µm
net2483,44.31µm
_02325_,44.3µm
_02905_,44.3µm
u_ibex_top.crash_dump_o\[116\],44.28µm
u_ibex_top.u_ibex_core.cs_registers_i.mie_q\[9\],44.24µm
_07816_,44.2µm
_08288_,44.2µm
_05095_,44.18µm
_06417_,44.17µm
_02808_,44.16µm
net2364,44.15µm
net449,44.14µm
net2588,44.12µm
_08388_,44.06µm
_09599_,44µm
_04942_,43.98µm
_08629_,43.94µm
_02702_,43.92µm
_06280_,43.84µm
net285,43.84µm
net2525,43.81µm
_06944_,43.78µm
_06706_,43.76µm
net2533,43.76µm
net2374,43.74µm
_09099_,43.72µm
_04063_,43.705µm
_04691_,43.66µm
_06065_,43.64µm
net2332,43.6µm
net1455,43.54µm
_09140_,43.5µm
net2367,43.41µm
_03158_,43.4µm
_05646_,43.36µm
_04882_,43.32µm
_08314_,43.3µm
_03348_,43.225µm
_08895_,43.2µm
u_ibex_top.u_ibex_core.id_stage_i.controller_i.store_err_q,43.2µm
u_ibex_top.u_ibex_core.load_store_unit_i.rdata_q\[29\],43.19µm
_07996_,43.18µm
_08399_,43.18µm
u_ibex_top.u_ibex_core.cs_registers_i.mcycle_counter_i.counter\[45\],43.12µm
_09149_,43.08µm
_02878_,43.04µm
_07239_,43.04µm
_08862_,43µm
_07091_,42.97µm
u_ibex_top.crash_dump_o\[141\],42.965µm
_01950_,42.95µm
net425,42.935µm
_07998_,42.9µm
u_ibex_top.u_ibex_core.cs_registers_i.mhpmcounter\[1866\],42.9µm
_07197_,42.86µm
net283,42.86µm
_04471_,42.85µm
_08713_,42.8µm
net223,42.78µm
net2423,42.78µm
_08701_,42.76µm
_08781_,42.76µm
_07283_,42.74µm
_09010_,42.72µm
net2368,42.72µm
_09714_,42.7µm
_08091_,42.68µm
net2255,42.68µm
_03338_,42.645µm
_07394_,42.64µm
_08445_,42.64µm
_03780_,42.6µm
_04328_,42.6µm
_05320_,42.6µm
net1920,42.6µm
_07875_,42.54µm
_08847_,42.54µm
net208,42.52µm
_08047_,42.46µm
u_ibex_top.u_ibex_core.cs_registers_i.mcycle_counter_i.counter\[43\],42.435µm
_05677_,42.42µm
_08780_,42.38µm
net1044,42.38µm
_03749_,42.32µm
_04224_,42.32µm
net1801,42.28µm
_04065_,42.26µm
_04419_,42.26µm
_04498_,42.26µm
_07861_,42.255µm
net139,42.2µm
_07550_,42.18µm
_07604_,42.18µm
_04062_,42.16µm
_06289_,42.16µm
net2493,42.11µm
_02530_,42.08µm
_04425_,42.06µm
_07681_,42.06µm
_07440_,42.05µm
_08751_,42µm
net2510,41.99µm
_05238_,41.98µm
_07905_,41.96µm
net2672,41.96µm
net2416,41.92µm
_04429_,41.9µm
_06557_,41.9µm
_07030_,41.88µm
_09317_,41.88µm
net2628,41.87µm
_09238_,41.86µm
_08823_,41.85µm
_08492_,41.84µm
u_ibex_top.u_ibex_core.id_stage_i.controller_i.instr_i\[13\],41.84µm
net2337,41.83µm
net2444,41.79µm
net2470,41.79µm
_07116_,41.76µm
_09274_,41.72µm
_02640_,41.7µm
_08111_,41.7µm
net2471,41.7µm
_07517_,41.68µm
_07680_,41.66µm
_06711_,41.62µm
net963,41.57µm
_04148_,41.54µm
_03825_,41.5µm
net204,41.48µm
_03154_,41.42µm
u_ibex_top.gen_regfile_ff.register_file_i.g_plain_rf.g_rf_flops\[29\].rf_reg_q\[27\],41.42µm
u_ibex_top.u_ibex_core.cs_registers_i.mcycle_counter_i.counter\[48\],41.4µm
net2532,41.38µm
_04267_,41.36µm
_05205_,41.34µm
_07597_,41.32µm
_04346_,41.3µm
_03611_,41.28µm
_09608_,41.25µm
u_ibex_top.u_ibex_core.cs_registers_i.mhpmcounter\[1902\],41.25µm
_02926_,41.22µm
_08159_,41.2µm
_04792_,41.18µm
net235,41.12µm
u_ibex_top.u_ibex_core.ex_block_i.alu_i.g_no_alu_rvb.unused_imd_val_q\[25\],41.105µm
u_ibex_top.u_ibex_core.cs_registers_i.mie_q\[1\],41.085µm
_02282_,41.08µm
u_ibex_top.crash_dump_o\[105\],41.08µm
net2351,41.08µm
_03283_,41.02µm
_05237_,41.02µm
u_ibex_top.u_ibex_core.cs_registers_i.mcycle_counter_i.counter\[56\],41µm
_02660_,40.96µm
u_ibex_top.crash_dump_o\[125\],40.96µm
u_ibex_top.u_ibex_core.cs_registers_i.mcycle_counter_i.counter\[39\],40.96µm
net2567,40.94µm
net2535,40.93µm
u_ibex_top.u_ibex_core.cs_registers_i.mcycle_counter_i.counter\[15\],40.92µm
_02467_,40.9µm
_08998_,40.9µm
u_ibex_top.crash_dump_o\[139\],40.885µm
net2608,40.86µm
_04250_,40.8µm
_04304_,40.78µm
_07211_,40.78µm
_09100_,40.75µm
_02233_,40.74µm
_02505_,40.74µm
_06580_,40.74µm
_07181_,40.74µm
net2505,40.72µm
_03132_,40.705µm
_04475_,40.7µm
_04281_,40.66µm
_06098_,40.64µm
_02182_,40.62µm
_02462_,40.62µm
_04409_,40.58µm
u_ibex_top.u_ibex_core.cs_registers_i.mcycle_counter_i.counter\[55\],40.54µm
net2566,40.46µm
u_ibex_top.u_ibex_core.cs_registers_i.mhpmcounter\[1895\],40.445µm
_02730_,40.43µm
_08266_,40.42µm
u_ibex_top.u_ibex_core.cs_registers_i.mhpmcounter\[1913\],40.38µm
u_ibex_top.u_ibex_core.cs_registers_i.dcsr_q\[8\],40.34µm
u_ibex_top.u_ibex_core.ex_block_i.gen_multdiv_fast.multdiv_i.div_valid,40.34µm
_03985_,40.305µm
_02527_,40.28µm
_03940_,40.28µm
net2349,40.27µm
_09777_,40.26µm
_02387_,40.2µm
net2218,40.16µm
_02353_,40.14µm
_04093_,40.1µm
_03214_,39.99µm
net52,39.94µm
_02632_,39.82µm
_08408_,39.8µm
_06841_,39.74µm
_09618_,39.72µm
_07499_,39.7µm
u_ibex_top.crash_dump_o\[114\],39.7µm
_06545_,39.66µm
_09679_,39.63µm
_05795_,39.62µm
net1978,39.58µm
_04367_,39.565µm
_07663_,39.52µm
_01995_,39.5µm
_04135_,39.5µm
u_ibex_top.u_ibex_core.cs_registers_i.mcycle_counter_i.counter\[47\],39.46µm
_06357_,39.435µm
_07880_,39.37µm
_05145_,39.34µm
_06597_,39.34µm
_06726_,39.34µm
_03365_,39.315µm
net2673,39.31µm
_08527_,39.28µm
net202,39.28µm
u_ibex_top.crash_dump_o\[136\],39.245µm
_06713_,39.24µm
u_ibex_top.crash_dump_o\[85\],39.24µm
_09026_,39.2µm
net2135,39.2µm
_04559_,39.16µm
_02120_,39.12µm
net2523,39.12µm
net2459,39.1µm
_08776_,39.08µm
u_ibex_top.u_ibex_core.load_store_unit_i.ls_fsm_cs\[2\],39.06µm
_02420_,39.04µm
_02769_,39.04µm
_09319_,39.02µm
u_ibex_top.crash_dump_o\[156\],39.005µm
u_ibex_top.u_ibex_core.cs_registers_i.mhpmcounter\[1888\],39µm
_05137_,38.985µm
_08903_,38.9µm
u_ibex_top.crash_dump_o\[112\],38.86µm
net2629,38.82µm
_05024_,38.74µm
_04061_,38.72µm
_06508_,38.72µm
_07251_,38.68µm
u_ibex_top.u_ibex_core.cs_registers_i.mhpmcounter\[1889\],38.66µm
_06674_,38.63µm
_08769_,38.6µm
_07980_,38.59µm
_08648_,38.58µm
_05935_,38.56µm
u_ibex_top.crash_dump_o\[56\],38.545µm
u_ibex_top.u_ibex_core.cs_registers_i.mcycle_counter_i.counter\[40\],38.535µm
_08346_,38.52µm
u_ibex_top.u_ibex_core.cs_registers_i.mhpmcounter\[1867\],38.52µm
_05490_,38.5µm
_03152_,38.405µm
_04922_,38.4µm
_06922_,38.395µm
_09490_,38.38µm
_09545_,38.36µm
_02531_,38.32µm
_06802_,38.32µm
net2391,38.3µm
_09466_,38.26µm
net2516,38.23µm
_04193_,38.2µm
_08005_,38.2µm
_08595_,38.2µm
net56,38.2µm
_02080_,38.08µm
_04941_,38.06µm
net2354,38.06µm
_03368_,38.025µm
_03196_,38µm
u_ibex_top.gen_regfile_ff.register_file_i.g_plain_rf.g_rf_flops\[23\].rf_reg_q\[9\],38µm
u_ibex_top.u_ibex_core.cs_registers_i.mcause_q\[1\],38µm
u_ibex_top.u_ibex_core.cs_registers_i.mcycle_counter_i.counter\[10\],37.995µm
_02471_,37.98µm
_09667_,37.98µm
_07004_,37.94µm
_08421_,37.9µm
_08600_,37.9µm
_09539_,37.9µm
_05781_,37.84µm
_08290_,37.78µm
_06695_,37.76µm
_07551_,37.72µm
net1927,37.64µm
_07468_,37.62µm
_06281_,37.58µm
net1974,37.58µm
net2644,37.57µm
_05370_,37.55µm
u_ibex_top.u_ibex_core.cs_registers_i.csr_depc_o\[1\],37.465µm
_06529_,37.38µm
net920,37.36µm
_05567_,37.34µm
net506,37.3µm
u_ibex_top.u_ibex_core.cs_registers_i.mcycle_counter_i.counter\[44\],37.28µm
_03170_,37.245µm
u_ibex_top.u_ibex_core.cs_registers_i.mie_q\[6\],37.205µm
_07734_,37.18µm
_04375_,37.16µm
_04402_,37.09µm
_05265_,37µm
net163,37µm
_02401_,36.98µm
_08225_,36.98µm
_08516_,36.96µm
_02386_,36.92µm
u_ibex_top.u_ibex_core.cs_registers_i.cpuctrlsts_part_q\[6\],36.92µm
u_ibex_top.u_ibex_core.cs_registers_i.mhpmcounter\[1858\],36.91µm
net2521,36.87µm
u_ibex_top.u_ibex_core.cs_registers_i.csr_depc_o\[14\],36.86µm
net2385,36.85µm
_09096_,36.82µm
net2376,36.81µm
net2636,36.81µm
u_ibex_top.u_ibex_core.cs_registers_i.mhpmcounter\[1910\],36.8µm
u_ibex_top.u_ibex_core.cs_registers_i.mcycle_counter_i.counter\[49\],36.795µm
_02183_,36.78µm
_02967_,36.78µm
u_ibex_top.crash_dump_o\[78\],36.78µm
net1010,36.76µm
_09061_,36.73µm
net2371,36.71µm
_04633_,36.68µm
_09262_,36.68µm
net2580,36.68µm
_07023_,36.6µm
u_ibex_top.u_ibex_core.id_stage_i.controller_i.ctrl_fsm_cs\[9\],36.6µm
_07616_,36.54µm
_04738_,36.52µm
_06687_,36.48µm
_05561_,36.44µm
net2231,36.44µm
net2678,36.44µm
_08591_,36.42µm
u_ibex_top.u_ibex_core.load_store_unit_i.rdata_q\[17\],36.4µm
u_ibex_top.u_ibex_core.cs_registers_i.csr_mtvec_o\[0\],36.28µm
_09112_,36.24µm
_05995_,36.22µm
_07130_,36.18µm
u_ibex_top.u_ibex_core.cs_registers_i.mhpmcounter\[1916\],36.18µm
_07624_,36.16µm
u_ibex_top.crash_dump_o\[121\],36.12µm
_03178_,36.1µm
_08553_,36.09µm
_07532_,36.04µm
_09056_,35.96µm
net2633,35.93µm
_07212_,35.86µm
u_ibex_top.u_ibex_core.cs_registers_i.mcycle_counter_i.counter\[4\],35.845µm
_05699_,35.84µm
_05934_,35.84µm
u_ibex_top.u_ibex_core.ex_block_i.alu_i.g_no_alu_rvb.unused_imd_val_q\[21\],35.825µm
u_ibex_top.gen_regfile_ff.register_file_i.g_plain_rf.g_rf_flops\[4\].rf_reg_q\[12\],35.82µm
_05159_,35.81µm
u_ibex_top.crash_dump_o\[91\],35.8µm
net2109,35.76µm
net2660,35.76µm
u_ibex_top.u_ibex_core.cs_registers_i.mhpmcounter\[1896\],35.75µm
u_ibex_top.u_ibex_core.cs_registers_i.mhpmcounter\[1905\],35.745µm
_09041_,35.74µm
_04032_,35.73µm
_07735_,35.7µm
_07359_,35.62µm
u_ibex_top.u_ibex_core.cs_registers_i.mstack_epc_q\[26\],35.62µm
_05079_,35.6µm
u_ibex_top.gen_regfile_ff.register_file_i.g_plain_rf.g_rf_flops\[22\].rf_reg_q\[14\],35.6µm
_03963_,35.56µm
net161,35.56µm
_03761_,35.54µm
_05550_,35.54µm
_05759_,35.54µm
_04317_,35.52µm
_09728_,35.52µm
u_ibex_top.gen_regfile_ff.register_file_i.g_plain_rf.g_rf_flops\[27\].rf_reg_q\[26\],35.5µm
_02470_,35.48µm
u_ibex_top.u_ibex_core.cs_registers_i.mcycle_counter_i.counter\[41\],35.48µm
_07664_,35.47µm
_06258_,35.44µm
_02850_,35.43µm
_02553_,35.4µm
_07467_,35.38µm
u_ibex_top.u_ibex_core.cs_registers_i.mhpmcounter\[1907\],35.38µm
net2454,35.36µm
u_ibex_top.gen_regfile_ff.register_file_i.g_plain_rf.g_rf_flops\[21\].rf_reg_q\[6\],35.32µm
_06565_,35.3µm
net1676,35.27µm
net2323,35.27µm
_07890_,35.235µm
_06130_,35.22µm
_03413_,35.18µm
net919,35.18µm
u_ibex_top.u_ibex_core.cs_registers_i.mhpmcounter\[1893\],35.15µm
u_ibex_top.u_ibex_core.id_stage_i.controller_i.enter_debug_mode,35.14µm
net2476,35.14µm
_02740_,35.12µm
u_ibex_top.u_ibex_core.cs_registers_i.mcycle_counter_i.counter\[37\],35.08µm
_05615_,35.06µm
_08426_,35.06µm
u_ibex_top.u_ibex_core.cs_registers_i.mhpmcounter\[1914\],35.06µm
net984,35.06µm
net973,35.045µm
_08815_,35.02µm
_04339_,34.98µm
_02865_,34.92µm
u_ibex_top.u_ibex_core.cs_registers_i.mhpmcounter\[1868\],34.92µm
_02858_,34.9µm
_05472_,34.9µm
_05642_,34.9µm
net722,34.9µm
u_ibex_top.u_ibex_core.cs_registers_i.mhpmcounter\[1874\],34.88µm
u_ibex_top.u_ibex_core.cs_registers_i.mhpmcounter\[1915\],34.88µm
net2030,34.87µm
_03175_,34.86µm
_07740_,34.86µm
_05266_,34.84µm
_05894_,34.76µm
_07496_,34.74µm
u_ibex_top.u_ibex_core.cs_registers_i.mhpmcounter\[1876\],34.74µm
u_ibex_top.u_ibex_core.cs_registers_i.mcycle_counter_i.counter\[27\],34.735µm
_04117_,34.725µm
_05028_,34.7µm
u_ibex_top.u_ibex_core.cs_registers_i.csr_depc_o\[27\],34.7µm
_03987_,34.655µm
u_ibex_top.u_ibex_core.cs_registers_i.csr_depc_o\[26\],34.62µm
_02012_,34.6µm
_06244_,34.6µm
_08294_,34.6µm
u_ibex_top.u_ibex_core.cs_registers_i.mcycle_counter_i.counter\[51\],34.59µm
_06991_,34.56µm
u_ibex_top.u_ibex_core.cs_registers_i.mhpmcounter\[1880\],34.56µm
_07720_,34.52µm
_03387_,34.5µm
_04548_,34.5µm
_02414_,34.48µm
_09535_,34.48µm
_09372_,34.46µm
u_ibex_top.u_ibex_core.cs_registers_i.mhpmcounter\[1904\],34.455µm
_06798_,34.42µm
_06457_,34.38µm
u_ibex_top.u_ibex_core.cs_registers_i.mcycle_counter_i.counter\[14\],34.38µm
_03182_,34.345µm
u_ibex_top.u_ibex_core.ex_block_i.alu_i.g_no_alu_rvb.unused_imd_val_q\[6\],34.345µm
_09166_,34.32µm
net168,34.32µm
_05139_,34.31µm
u_ibex_top.u_ibex_core.cs_registers_i.mcycle_counter_i.counter\[5\],34.3µm
u_ibex_top.u_ibex_core.if_stage_i.gen_prefetch_buffer.prefetch_buffer_i.fifo_i.rdata_q\[27\],34.28µm
_02929_,34.26µm
_08191_,34.26µm
_02391_,34.18µm
_08383_,34.16µm
_06495_,34.14µm
_02440_,34.04µm
_02654_,34.04µm
_04296_,34.03µm
u_ibex_top.gen_regfile_ff.register_file_i.g_plain_rf.g_rf_flops\[29\].rf_reg_q\[12\],33.94µm
_08238_,33.92µm
net2414,33.92µm
_06375_,33.86µm
_06654_,33.86µm
_06422_,33.84µm
u_ibex_top.u_ibex_core.id_stage_i.controller_i.ctrl_fsm_cs\[2\],33.82µm
_03758_,33.8µm
_04973_,33.8µm
u_ibex_top.gen_regfile_ff.register_file_i.g_plain_rf.g_rf_flops\[30\].rf_reg_q\[27\],33.8µm
_06275_,33.78µm
_02383_,33.76µm
u_ibex_top.gen_regfile_ff.register_file_i.g_plain_rf.g_rf_flops\[13\].rf_reg_q\[27\],33.76µm
_02743_,33.72µm
_04081_,33.72µm
_03981_,33.7µm
_03369_,33.675µm
_02439_,33.64µm
net178,33.64µm
_06837_,33.62µm
net2546,33.62µm
_08239_,33.6µm
_07016_,33.57µm
_08451_,33.54µm
_07501_,33.52µm
u_ibex_top.crash_dump_o\[113\],33.52µm
_08770_,33.5µm
_06349_,33.46µm
_03768_,33.42µm
_08537_,33.38µm
u_ibex_top.u_ibex_core.cs_registers_i.mhpmcounter\[1917\],33.38µm
_07870_,33.36µm
u_ibex_top.crash_dump_o\[117\],33.36µm
u_ibex_top.gen_regfile_ff.register_file_i.g_plain_rf.g_rf_flops\[29\].rf_reg_q\[13\],33.32µm
_08316_,33.28µm
u_ibex_top.crash_dump_o\[126\],33.28µm
_02976_,33.26µm
_07762_,33.24µm
net2395,33.24µm
u_ibex_top.u_ibex_core.cs_registers_i.mcycle_counter_i.counter\[33\],33.23µm
_02393_,33.2µm
_05732_,33.2µm
_08999_,33.16µm
_02994_,33.14µm
_05819_,33.12µm
_08391_,33.1µm
_06100_,33.08µm
u_ibex_top.u_ibex_core.cs_registers_i.mcycle_counter_i.counter\[54\],33.08µm
u_ibex_top.u_ibex_core.cs_registers_i.csr_mstatus_mie_o,33.02µm
net137,33µm
_08639_,32.99µm
_03145_,32.94µm
_03972_,32.88µm
net2564,32.86µm
u_ibex_top.gen_regfile_ff.register_file_i.g_plain_rf.g_rf_flops\[28\].rf_reg_q\[13\],32.84µm
u_ibex_top.u_ibex_core.cs_registers_i.mhpmcounter\[1861\],32.84µm
_07330_,32.82µm
u_ibex_top.gen_regfile_ff.register_file_i.g_plain_rf.g_rf_flops\[22\].rf_reg_q\[9\],32.82µm
_04042_,32.8µm
_04965_,32.8µm
net2638,32.8µm
_04020_,32.76µm
_04359_,32.66µm
_08822_,32.64µm
u_ibex_top.u_ibex_core.cs_registers_i.dcsr_q\[6\],32.64µm
_06806_,32.62µm
_02718_,32.6µm
u_ibex_top.crash_dump_o\[107\],32.6µm
u_ibex_top.gen_regfile_ff.register_file_i.g_plain_rf.g_rf_flops\[30\].rf_reg_q\[21\],32.6µm
u_ibex_top.u_ibex_core.if_stage_i.gen_prefetch_buffer.prefetch_buffer_i.rdata_outstanding_q\[1\],32.59µm
_06004_,32.58µm
_06228_,32.58µm
u_ibex_top.u_ibex_core.cs_registers_i.mcycle_counter_i.counter\[50\],32.57µm
u_ibex_top.u_ibex_core.cs_registers_i.mcycle_counter_i.counter\[52\],32.535µm
_09775_,32.52µm
u_ibex_top.crash_dump_o\[115\],32.46µm
_07906_,32.44µm
_05671_,32.4µm
_03418_,32.38µm
_04902_,32.36µm
_05457_,32.34µm
_09358_,32.34µm
u_ibex_top.gen_regfile_ff.register_file_i.g_plain_rf.g_rf_flops\[30\].rf_reg_q\[7\],32.34µm
u_ibex_top.u_ibex_core.cs_registers_i.mhpmcounter\[1881\],32.28µm
_02844_,32.25µm
_02399_,32.24µm
_06833_,32.22µm
_06707_,32.18µm
_06939_,32.18µm
_02085_,32.16µm
_08182_,32.12µm
_08891_,32.12µm
u_ibex_top.gen_regfile_ff.register_file_i.g_plain_rf.g_rf_flops\[18\].rf_reg_q\[31\],32.12µm
u_ibex_top.u_ibex_core.cs_registers_i.mstack_d\[2\],32.11µm
_02890_,32.08µm
_05128_,32.08µm
_08484_,32.08µm
u_ibex_top.gen_regfile_ff.register_file_i.g_plain_rf.g_rf_flops\[4\].rf_reg_q\[23\],32.08µm
_03691_,32.04µm
_05445_,32.04µm
u_ibex_top.u_ibex_core.cs_registers_i.mcycle_counter_i.counter\[29\],32.04µm
u_ibex_top.u_ibex_core.cs_registers_i.mcycle_counter_i.counter\[6\],32.04µm
_06853_,32µm
u_ibex_top.u_ibex_core.cs_registers_i.mcycle_counter_i.counter\[20\],32µm
u_ibex_top.u_ibex_core.cs_registers_i.csr_depc_o\[29\],31.98µm
_02171_,31.96µm
_03563_,31.96µm
_09769_,31.96µm
u_ibex_top.u_ibex_core.ex_block_i.gen_multdiv_fast.multdiv_i.op_numerator_q\[15\],31.96µm
_06683_,31.94µm
_06252_,31.92µm
_09327_,31.92µm
u_ibex_top.crash_dump_o\[76\],31.92µm
u_ibex_top.gen_regfile_ff.register_file_i.g_plain_rf.g_rf_flops\[27\].rf_reg_q\[9\],31.92µm
_07246_,31.9µm
_03268_,31.88µm
u_ibex_top.gen_regfile_ff.register_file_i.g_plain_rf.g_rf_flops\[22\].rf_reg_q\[30\],31.88µm
u_ibex_top.u_ibex_core.cs_registers_i.csr_depc_o\[19\],31.88µm
u_ibex_top.crash_dump_o\[92\],31.86µm
u_ibex_top.gen_regfile_ff.register_file_i.g_plain_rf.g_rf_flops\[9\].rf_reg_q\[14\],31.84µm
_04823_,31.82µm
_05800_,31.82µm
_07716_,31.82µm
_04681_,31.78µm
net2081,31.78µm
_05549_,31.74µm
_07407_,31.71µm
u_ibex_top.gen_regfile_ff.register_file_i.g_plain_rf.g_rf_flops\[25\].rf_reg_q\[18\],31.7µm
_07943_,31.685µm
net173,31.68µm
_09207_,31.66µm
u_ibex_top.u_ibex_core.ex_block_i.gen_multdiv_fast.multdiv_i.op_numerator_q\[31\],31.66µm
_03619_,31.62µm
_05193_,31.62µm
_07168_,31.62µm
_06670_,31.61µm
_08040_,31.6µm
_06215_,31.58µm
_06536_,31.58µm
_07367_,31.56µm
u_ibex_top.gen_regfile_ff.register_file_i.g_plain_rf.g_rf_flops\[15\].rf_reg_q\[2\],31.56µm
_04400_,31.46µm
_07608_,31.46µm
_07464_,31.44µm
_08275_,31.44µm
net357,31.425µm
_06014_,31.42µm
net1406,31.42µm
_07410_,31.4µm
_08208_,31.32µm
_05278_,31.3µm
_08251_,31.3µm
_06618_,31.27µm
u_ibex_top.gen_regfile_ff.register_file_i.g_plain_rf.g_rf_flops\[23\].rf_reg_q\[6\],31.27µm
_04106_,31.26µm
net1271,31.26µm
_04794_,31.22µm
_06458_,31.22µm
u_ibex_top.gen_regfile_ff.register_file_i.g_plain_rf.g_rf_flops\[27\].rf_reg_q\[1\],31.18µm
_07301_,31.16µm
_02670_,31.14µm
_07877_,31.14µm
_08312_,31.1µm
_06578_,31.06µm
u_ibex_top.u_ibex_core.cs_registers_i.mcause_q\[6\],31.06µm
net1070,31.02µm
_06041_,31µm
u_ibex_top.u_ibex_core.cs_registers_i.mhpmcounter\[1859\],31µm
u_ibex_top.u_ibex_core.cs_registers_i.mcycle_counter_i.counter\[25\],30.995µm
u_ibex_top.gen_regfile_ff.register_file_i.g_plain_rf.g_rf_flops\[18\].rf_reg_q\[18\],30.96µm
u_ibex_top.u_ibex_core.cs_registers_i.csr_mtvec_o\[12\],30.96µm
_01941_,30.9µm
_04955_,30.88µm
_04988_,30.88µm
_08505_,30.88µm
_04779_,30.84µm
_05855_,30.84µm
u_ibex_top.u_ibex_core.cs_registers_i.mhpmcounter\[1909\],30.84µm
_05316_,30.83µm
_06934_,30.82µm
_07381_,30.8µm
_07729_,30.8µm
u_ibex_top.u_ibex_core.id_stage_i.id_fsm_q,30.8µm
_03671_,30.78µm
_07618_,30.78µm
_04488_,30.76µm
net1273,30.76µm
_03270_,30.74µm
_07099_,30.74µm
_09824_,30.7µm
_07435_,30.67µm
_09705_,30.66µm
_04073_,30.62µm
_04363_,30.58µm
_08117_,30.58µm
_03395_,30.56µm
_06845_,30.56µm
_07472_,30.54µm
_08920_,30.54µm
_08752_,30.52µm
u_ibex_top.u_ibex_core.cs_registers_i.csr_depc_o\[25\],30.52µm
_02285_,30.515µm
u_ibex_top.gen_regfile_ff.register_file_i.g_plain_rf.g_rf_flops\[18\].rf_reg_q\[30\],30.48µm
u_ibex_top.gen_regfile_ff.register_file_i.g_plain_rf.g_rf_flops\[23\].rf_reg_q\[2\],30.48µm
u_ibex_top.u_ibex_core.cs_registers_i.csr_mtvec_o\[10\],30.46µm
u_ibex_top.u_ibex_core.cs_registers_i.mie_q\[0\],30.46µm
_05902_,30.44µm
u_ibex_top.u_ibex_core.ex_block_i.alu_i.g_no_alu_rvb.unused_imd_val_q\[20\],30.425µm
net2496,30.42µm
_01940_,30.4µm
_02713_,30.4µm
u_ibex_top.gen_regfile_ff.register_file_i.g_plain_rf.g_rf_flops\[20\].rf_reg_q\[1\],30.4µm
u_ibex_top.u_ibex_core.cs_registers_i.mhpmcounter\[1911\],30.38µm
_06793_,30.375µm
_09588_,30.365µm
u_ibex_top.u_ibex_core.cs_registers_i.mhpmcounter\[1899\],30.355µm
u_ibex_top.gen_regfile_ff.register_file_i.g_plain_rf.g_rf_flops\[1\].rf_reg_q\[4\],30.34µm
u_ibex_top.u_ibex_core.ex_block_i.gen_multdiv_fast.multdiv_i.div_counter_q\[1\],30.32µm
_04107_,30.305µm
_06407_,30.29µm
_06140_,30.28µm
_03798_,30.22µm
_06967_,30.22µm
_02430_,30.2µm
_06222_,30.2µm
_08354_,30.185µm
_07752_,30.18µm
_08512_,30.16µm
net2034,30.16µm
_07556_,30.12µm
_06951_,30.1µm
_03138_,30.085µm
_02409_,30.08µm
u_ibex_top.u_ibex_core.cs_registers_i.mhpmcounter\[1918\],30.08µm
u_ibex_top.gen_regfile_ff.register_file_i.g_plain_rf.g_rf_flops\[18\].rf_reg_q\[15\],30.06µm
_03771_,30.04µm
_07292_,30.02µm
_05468_,30µm
u_ibex_top.gen_regfile_ff.register_file_i.g_plain_rf.g_rf_flops\[19\].rf_reg_q\[20\],30µm
u_ibex_top.gen_regfile_ff.register_file_i.g_plain_rf.g_rf_flops\[28\].rf_reg_q\[12\],30µm
_04618_,29.98µm
u_ibex_top.u_ibex_core.cs_registers_i.mcycle_counter_i.counter\[2\],29.98µm
u_ibex_top.u_ibex_core.ex_block_i.alu_i.g_no_alu_rvb.unused_imd_val_q\[22\],29.97µm
u_ibex_top.u_ibex_core.cs_registers_i.mcycle_counter_i.counter\[31\],29.96µm
_06303_,29.94µm
_06550_,29.92µm
u_ibex_top.gen_regfile_ff.register_file_i.g_plain_rf.g_rf_flops\[5\].rf_reg_q\[4\],29.9µm
_03383_,29.88µm
_00000_,29.86µm
_07723_,29.86µm
_05085_,29.78µm
_07426_,29.78µm
u_ibex_top.crash_dump_o\[93\],29.78µm
net4123,29.76µm
_02212_,29.74µm
_08940_,29.72µm
_03212_,29.705µm
_02974_,29.7µm
u_ibex_top.gen_regfile_ff.register_file_i.g_plain_rf.g_rf_flops\[16\].rf_reg_q\[31\],29.695µm
_04558_,29.68µm
u_ibex_top.u_ibex_core.cs_registers_i.mhpmcounter\[1864\],29.66µm
_09508_,29.64µm
_04742_,29.625µm
u_ibex_top.gen_regfile_ff.register_file_i.g_plain_rf.g_rf_flops\[9\].rf_reg_q\[15\],29.62µm
u_ibex_top.crash_dump_o\[61\],29.55µm
u_ibex_top.u_ibex_core.cs_registers_i.mcycle_counter_i.counter\[59\],29.54µm
u_ibex_top.crash_dump_o\[25\],29.52µm
net1120,29.52µm
_06001_,29.48µm
u_ibex_top.gen_regfile_ff.register_file_i.g_plain_rf.g_rf_flops\[20\].rf_reg_q\[31\],29.46µm
_06219_,29.42µm
u_ibex_top.gen_regfile_ff.register_file_i.g_plain_rf.g_rf_flops\[8\].rf_reg_q\[7\],29.42µm
net888,29.42µm
net2186,29.42µm
_04783_,29.4µm
_08636_,29.38µm
_02208_,29.36µm
_02351_,29.36µm
_05872_,29.36µm
_01985_,29.32µm
_04613_,29.32µm
_05189_,29.32µm
_08482_,29.32µm
u_ibex_top.gen_regfile_ff.register_file_i.g_plain_rf.g_rf_flops\[30\].rf_reg_q\[19\],29.315µm
net2321,29.265µm
_04763_,29.26µm
_05209_,29.26µm
u_ibex_top.u_ibex_core.id_stage_i.controller_i.instr_compressed_i\[13\],29.26µm
net946,29.26µm
_07311_,29.24µm
_08153_,29.24µm
_08758_,29.22µm
_08514_,29.16µm
_06008_,29.14µm
_02682_,29.1µm
_07602_,29.1µm
u_ibex_top.gen_regfile_ff.register_file_i.g_plain_rf.g_rf_flops\[23\].rf_reg_q\[22\],29.08µm
u_ibex_top.crash_dump_o\[43\],29.045µm
_07831_,29.04µm
u_ibex_top.gen_regfile_ff.register_file_i.g_plain_rf.g_rf_flops\[17\].rf_reg_q\[9\],29.04µm
u_ibex_top.gen_regfile_ff.register_file_i.g_plain_rf.g_rf_flops\[31\].rf_reg_q\[27\],29.04µm
_04243_,29µm
net158,28.98µm
_05007_,28.96µm
u_ibex_top.u_ibex_core.cs_registers_i.csr_depc_o\[5\],28.96µm
_04273_,28.94µm
u_ibex_top.gen_regfile_ff.register_file_i.g_plain_rf.g_rf_flops\[13\].rf_reg_q\[6\],28.94µm
_03507_,28.9µm
u_ibex_top.gen_regfile_ff.register_file_i.g_plain_rf.g_rf_flops\[17\].rf_reg_q\[20\],28.9µm
u_ibex_top.gen_regfile_ff.register_file_i.g_plain_rf.g_rf_flops\[16\].rf_reg_q\[9\],28.88µm
u_ibex_top.crash_dump_o\[109\],28.87µm
_01974_,28.86µm
_07809_,28.86µm
_02297_,28.84µm
u_ibex_top.gen_regfile_ff.register_file_i.g_plain_rf.g_rf_flops\[23\].rf_reg_q\[19\],28.84µm
_07432_,28.82µm
_02395_,28.78µm
_07495_,28.78µm
_06260_,28.755µm
_03363_,28.705µm
_03279_,28.7µm
_05276_,28.7µm
_06388_,28.7µm
_06781_,28.68µm
u_ibex_top.u_ibex_core.cs_registers_i.mcounteren\[0\],28.665µm
u_ibex_top.u_ibex_core.load_store_unit_i.rdata_q\[28\],28.665µm
u_ibex_top.gen_regfile_ff.register_file_i.g_plain_rf.g_rf_flops\[12\].rf_reg_q\[3\],28.66µm
u_ibex_top.u_ibex_core.cs_registers_i.mcycle_counter_i.counter\[53\],28.66µm
u_ibex_top.gen_regfile_ff.register_file_i.g_plain_rf.g_rf_flops\[26\].rf_reg_q\[26\],28.65µm
_05873_,28.62µm
_08829_,28.62µm
_03437_,28.58µm
_05242_,28.58µm
u_ibex_top.u_ibex_core.cs_registers_i.mcycle_counter_i.counter\[42\],28.58µm
_04404_,28.56µm
_05138_,28.54µm
u_ibex_top.gen_regfile_ff.register_file_i.g_plain_rf.g_rf_flops\[28\].rf_reg_q\[7\],28.54µm
_04774_,28.52µm
_03216_,28.48µm
_05057_,28.48µm
_09289_,28.48µm
_09745_,28.48µm
_03394_,28.46µm
_03831_,28.46µm
_02479_,28.455µm
_04067_,28.44µm
_07978_,28.44µm
_02705_,28.42µm
_03593_,28.4µm
_07728_,28.38µm
net2568,28.34µm
u_ibex_top.gen_regfile_ff.register_file_i.g_plain_rf.g_rf_flops\[21\].rf_reg_q\[14\],28.32µm
_02541_,28.3µm
u_ibex_top.gen_regfile_ff.register_file_i.g_plain_rf.g_rf_flops\[15\].rf_reg_q\[27\],28.3µm
_03166_,28.28µm
u_ibex_top.gen_regfile_ff.register_file_i.g_plain_rf.g_rf_flops\[7\].rf_reg_q\[21\],28.28µm
u_ibex_top.u_ibex_core.cs_registers_i.mhpmcounter\[1906\],28.28µm
_06702_,28.26µm
_08650_,28.26µm
u_ibex_top.gen_regfile_ff.register_file_i.g_plain_rf.g_rf_flops\[11\].rf_reg_q\[15\],28.26µm
_09477_,28.25µm
_01984_,28.22µm
_03128_,28.22µm
_04552_,28.22µm
_07208_,28.22µm
_07490_,28.22µm
_09671_,28.22µm
_03957_,28.2µm
_05725_,28.2µm
u_ibex_top.crash_dump_o\[57\],28.165µm
_04631_,28.14µm
_02053_,28.12µm
_07625_,28.12µm
_04006_,28.1µm
_06160_,28.1µm
_03698_,28.08µm
_09576_,28.08µm
u_ibex_top.crash_dump_o\[73\],28.04µm
net2424,28.03µm
_06502_,28.02µm
u_ibex_top.crash_dump_o\[111\],28.02µm
_05324_,28µm
_05626_,28µm
_04603_,27.98µm
_04780_,27.98µm
_09649_,27.98µm
_07022_,27.96µm
u_ibex_top.gen_regfile_ff.register_file_i.g_plain_rf.g_rf_flops\[29\].rf_reg_q\[11\],27.96µm
_02828_,27.94µm
_08647_,27.94µm
net4293,27.94µm
_06767_,27.92µm
_03955_,27.9µm
u_ibex_top.u_ibex_core.cs_registers_i.mcycle_counter_i.counter\[57\],27.9µm
net1328,27.9µm
_06626_,27.84µm
_03225_,27.82µm
net2149,27.82µm
_04002_,27.8µm
u_ibex_top.u_ibex_core.cs_registers_i.mcycle_counter_i.counter\[8\],27.8µm
_09619_,27.75µm
_07364_,27.74µm
u_ibex_top.crash_dump_o\[123\],27.74µm
u_ibex_top.gen_regfile_ff.register_file_i.g_plain_rf.g_rf_flops\[31\].rf_reg_q\[12\],27.72µm
_02921_,27.7µm
u_ibex_top.gen_regfile_ff.register_file_i.g_plain_rf.g_rf_flops\[30\].rf_reg_q\[8\],27.7µm
u_ibex_top.u_ibex_core.cs_registers_i.mhpmcounter\[1879\],27.7µm
_06675_,27.68µm
_02398_,27.64µm
u_ibex_top.crash_dump_o\[11\],27.64µm
u_ibex_top.gen_regfile_ff.register_file_i.g_plain_rf.g_rf_flops\[29\].rf_reg_q\[1\],27.63µm
_04324_,27.62µm
_03649_,27.6µm
_06838_,27.56µm
_09548_,27.56µm
_02313_,27.54µm
u_ibex_top.gen_regfile_ff.register_file_i.g_plain_rf.g_rf_flops\[13\].rf_reg_q\[0\],27.54µm
clknet_0_clk_i,27.52µm
_07609_,27.48µm
_04182_,27.46µm
_09360_,27.46µm
_08478_,27.44µm
u_ibex_top.u_ibex_core.cs_registers_i.mhpmcounter\[1900\],27.44µm
_06553_,27.42µm
_07878_,27.42µm
u_ibex_top.gen_regfile_ff.register_file_i.g_plain_rf.g_rf_flops\[20\].rf_reg_q\[8\],27.42µm
_07642_,27.36µm
net177,27.36µm
_04171_,27.34µm
_05379_,27.33µm
_02221_,27.32µm
_07438_,27.31µm
_03632_,27.29µm
_02464_,27.28µm
_02101_,27.26µm
_04270_,27.26µm
_07170_,27.26µm
_08467_,27.26µm
u_ibex_top.u_ibex_core.cs_registers_i.mie_q\[5\],27.26µm
_05424_,27.24µm
_06482_,27.2µm
_06560_,27.2µm
_06973_,27.2µm
u_ibex_top.gen_regfile_ff.register_file_i.g_plain_rf.g_rf_flops\[8\].rf_reg_q\[26\],27.2µm
_07682_,27.18µm
u_ibex_top.gen_regfile_ff.register_file_i.g_plain_rf.g_rf_flops\[17\].rf_reg_q\[18\],27.18µm
u_ibex_top.u_ibex_core.cs_registers_i.dscratch0_q\[29\],27.18µm
u_ibex_top.u_ibex_core.cs_registers_i.mhpmcounter\[1903\],27.18µm
_07338_,27.16µm
u_ibex_top.gen_regfile_ff.register_file_i.g_plain_rf.g_rf_flops\[30\].rf_reg_q\[31\],27.16µm
u_ibex_top.u_ibex_core.cs_registers_i.mhpmcounter\[1878\],27.16µm
_04764_,27.14µm
_06192_,27.14µm
_04755_,27.1µm
_06819_,27.1µm
_08201_,27.1µm
_09189_,27.1µm
_02648_,27.06µm
net2237,27.04µm
u_ibex_top.u_ibex_core.ex_block_i.gen_multdiv_fast.multdiv_i.div_by_zero_q,27.035µm
_02040_,27.02µm
_03495_,27.02µm
_06124_,27.02µm
u_ibex_top.u_ibex_core.cs_registers_i.mie_q\[4\],27.02µm
_04940_,27.005µm
_05931_,27µm
_08154_,27µm
u_ibex_top.u_ibex_core.cs_registers_i.mhpmcounter\[1897\],26.98µm
_06111_,26.94µm
_07603_,26.94µm
u_ibex_top.gen_regfile_ff.register_file_i.g_plain_rf.g_rf_flops\[7\].rf_reg_q\[12\],26.94µm
u_ibex_top.u_ibex_core.cs_registers_i.mhpmcounter\[1884\],26.94µm
_02187_,26.92µm
_07817_,26.9µm
_09074_,26.9µm
u_ibex_top.gen_regfile_ff.register_file_i.g_plain_rf.g_rf_flops\[17\].rf_reg_q\[15\],26.9µm
_03105_,26.89µm
_05863_,26.88µm
_07725_,26.88µm
_07959_,26.86µm
u_ibex_top.gen_regfile_ff.register_file_i.g_plain_rf.g_rf_flops\[17\].rf_reg_q\[31\],26.86µm
_05645_,26.84µm
_07421_,26.84µm
net2440,26.83µm
u_ibex_top.crash_dump_o\[108\],26.82µm
u_ibex_top.gen_regfile_ff.register_file_i.g_plain_rf.g_rf_flops\[6\].rf_reg_q\[11\],26.82µm
_08956_,26.8µm
u_ibex_top.gen_regfile_ff.register_file_i.g_plain_rf.g_rf_flops\[19\].rf_reg_q\[18\],26.8µm
_03110_,26.78µm
_04226_,26.78µm
_08057_,26.78µm
_06556_,26.76µm
_05682_,26.74µm
_08542_,26.74µm
_08814_,26.74µm
u_ibex_top.gen_regfile_ff.register_file_i.g_plain_rf.g_rf_flops\[11\].rf_reg_q\[3\],26.73µm
_02054_,26.72µm
_04088_,26.68µm
_07518_,26.68µm
u_ibex_top.gen_regfile_ff.register_file_i.g_plain_rf.g_rf_flops\[23\].rf_reg_q\[25\],26.66µm
u_ibex_top.gen_regfile_ff.register_file_i.g_plain_rf.g_rf_flops\[29\].rf_reg_q\[14\],26.66µm
u_ibex_top.gen_regfile_ff.register_file_i.g_plain_rf.g_rf_flops\[24\].rf_reg_q\[17\],26.64µm
u_ibex_top.gen_regfile_ff.register_file_i.g_plain_rf.g_rf_flops\[22\].rf_reg_q\[8\],26.63µm
_08185_,26.62µm
u_ibex_top.gen_regfile_ff.register_file_i.g_plain_rf.g_rf_flops\[15\].rf_reg_q\[24\],26.615µm
_06127_,26.6µm
_07963_,26.6µm
_07061_,26.56µm
u_ibex_top.gen_regfile_ff.register_file_i.g_plain_rf.g_rf_flops\[30\].rf_reg_q\[9\],26.56µm
_07621_,26.54µm
_08039_,26.54µm
net795,26.54µm
_06918_,26.515µm
_06459_,26.5µm
u_ibex_top.crash_dump_o\[118\],26.5µm
_04307_,26.48µm
_06814_,26.48µm
u_ibex_top.gen_regfile_ff.register_file_i.g_plain_rf.g_rf_flops\[12\].rf_reg_q\[30\],26.48µm
u_ibex_top.gen_regfile_ff.register_file_i.g_plain_rf.g_rf_flops\[1\].rf_reg_q\[31\],26.48µm
_03595_,26.46µm
u_ibex_top.u_ibex_core.cs_registers_i.mhpmcounter\[1872\],26.46µm
_03789_,26.44µm
u_ibex_top.crash_dump_o\[98\],26.44µm
_04401_,26.4µm
_08958_,26.4µm
_09675_,26.39µm
u_ibex_top.gen_regfile_ff.register_file_i.g_plain_rf.g_rf_flops\[10\].rf_reg_q\[24\],26.38µm
u_ibex_top.u_ibex_core.cs_registers_i.mcycle_counter_i.counter\[26\],26.38µm
net870,26.38µm
_05765_,26.36µm
_09029_,26.36µm
_06473_,26.34µm
_08631_,26.34µm
u_ibex_top.gen_regfile_ff.register_file_i.g_plain_rf.g_rf_flops\[31\].rf_reg_q\[22\],26.34µm
u_ibex_top.u_ibex_core.cs_registers_i.mhpmcounter\[1892\],26.34µm
u_ibex_top.crash_dump_o\[22\],26.28µm
clknet_0_clk_i_regs,26.28µm
net2655,26.26µm
u_ibex_top.gen_regfile_ff.register_file_i.g_plain_rf.g_rf_flops\[25\].rf_reg_q\[8\],26.24µm
_06120_,26.22µm
u_ibex_top.gen_regfile_ff.register_file_i.g_plain_rf.g_rf_flops\[26\].rf_reg_q\[2\],26.22µm
_06869_,26.2µm
_09004_,26.18µm
u_ibex_top.gen_regfile_ff.register_file_i.g_plain_rf.g_rf_flops\[31\].rf_reg_q\[19\],26.16µm
_05340_,26.15µm
u_ibex_top.u_ibex_core.cs_registers_i.mcycle_counter_i.counter\[32\],26.15µm
_03254_,26.145µm
_05149_,26.145µm
_08013_,26.14µm
u_ibex_top.gen_regfile_ff.register_file_i.g_plain_rf.g_rf_flops\[30\].rf_reg_q\[10\],26.14µm
_03777_,26.12µm
_09031_,26.12µm
net176,26.12µm
u_ibex_top.gen_regfile_ff.register_file_i.g_plain_rf.g_rf_flops\[17\].rf_reg_q\[14\],26.12µm
net2536,26.11µm
_06017_,26.1µm
u_ibex_top.u_ibex_core.cs_registers_i.csr_depc_o\[11\],26.065µm
u_ibex_top.gen_regfile_ff.register_file_i.g_plain_rf.g_rf_flops\[26\].rf_reg_q\[19\],26.06µm
_05501_,26.04µm
_09635_,26µm
_08170_,25.98µm
_01949_,25.96µm
_03415_,25.96µm
_05346_,25.96µm
u_ibex_top.gen_regfile_ff.register_file_i.g_plain_rf.g_rf_flops\[18\].rf_reg_q\[20\],25.96µm
_05366_,25.94µm
_08107_,25.94µm
_08609_,25.94µm
_08946_,25.94µm
u_ibex_top.gen_regfile_ff.register_file_i.g_plain_rf.g_rf_flops\[19\].rf_reg_q\[6\],25.94µm
u_ibex_top.gen_regfile_ff.register_file_i.g_plain_rf.g_rf_flops\[31\].rf_reg_q\[0\],25.94µm
_02265_,25.9µm
u_ibex_top.gen_regfile_ff.register_file_i.g_plain_rf.g_rf_flops\[19\].rf_reg_q\[16\],25.9µm
_00008_,25.88µm
_04723_,25.88µm
_08879_,25.88µm
_09546_,25.88µm
u_ibex_top.u_ibex_core.cs_registers_i.mhpmcounter\[1890\],25.87µm
u_ibex_top.gen_regfile_ff.register_file_i.g_plain_rf.g_rf_flops\[1\].rf_reg_q\[15\],25.86µm
_05508_,25.845µm
u_ibex_top.u_ibex_core.cs_registers_i.mhpmcounter\[1883\],25.84µm
net166,25.82µm
u_ibex_top.gen_regfile_ff.register_file_i.g_plain_rf.g_rf_flops\[10\].rf_reg_q\[14\],25.82µm
_02528_,25.81µm
u_ibex_top.gen_regfile_ff.register_file_i.g_plain_rf.g_rf_flops\[18\].rf_reg_q\[26\],25.78µm
u_ibex_top.u_ibex_core.cs_registers_i.dscratch0_q\[28\],25.76µm
u_ibex_top.u_ibex_core.load_store_unit_i.rdata_q\[24\],25.74µm
_05555_,25.72µm
_08675_,25.72µm
u_ibex_top.gen_regfile_ff.register_file_i.g_plain_rf.g_rf_flops\[7\].rf_reg_q\[23\],25.72µm
u_ibex_top.u_ibex_core.ex_block_i.gen_multdiv_fast.multdiv_i.op_quotient_q\[21\],25.72µm
net3767,25.72µm
_04114_,25.7µm
u_ibex_top.gen_regfile_ff.register_file_i.g_plain_rf.g_rf_flops\[23\].rf_reg_q\[3\],25.7µm
u_ibex_top.u_ibex_core.cs_registers_i.mcycle_counter_i.counter\[12\],25.7µm
_04448_,25.68µm
_04837_,25.68µm
_05135_,25.68µm
_07485_,25.68µm
_08876_,25.68µm
u_ibex_top.crash_dump_o\[72\],25.68µm
u_ibex_top.gen_regfile_ff.register_file_i.g_plain_rf.g_rf_flops\[31\].rf_reg_q\[17\],25.68µm
_07563_,25.67µm
_04963_,25.64µm
_09298_,25.64µm
u_ibex_top.gen_regfile_ff.register_file_i.g_plain_rf.g_rf_flops\[27\].rf_reg_q\[18\],25.64µm
_08158_,25.62µm
u_ibex_top.gen_regfile_ff.register_file_i.g_plain_rf.g_rf_flops\[20\].rf_reg_q\[14\],25.62µm
_04355_,25.6µm
u_ibex_top.gen_regfile_ff.register_file_i.g_plain_rf.g_rf_flops\[25\].rf_reg_q\[17\],25.6µm
u_ibex_top.gen_regfile_ff.register_file_i.g_plain_rf.g_rf_flops\[25\].rf_reg_q\[9\],25.6µm
u_ibex_top.gen_regfile_ff.register_file_i.g_plain_rf.g_rf_flops\[5\].rf_reg_q\[3\],25.6µm
u_ibex_top.gen_regfile_ff.register_file_i.g_plain_rf.g_rf_flops\[9\].rf_reg_q\[30\],25.6µm
_02139_,25.58µm
_05345_,25.58µm
_07975_,25.56µm
u_ibex_top.gen_regfile_ff.register_file_i.g_plain_rf.g_rf_flops\[2\].rf_reg_q\[15\],25.545µm
_05592_,25.54µm
_06634_,25.53µm
_02459_,25.52µm
_05745_,25.52µm
u_ibex_top.gen_regfile_ff.register_file_i.g_plain_rf.g_rf_flops\[25\].rf_reg_q\[31\],25.52µm
_01947_,25.5µm
_05814_,25.48µm
_06776_,25.48µm
u_ibex_top.u_ibex_core.cs_registers_i.csr_mtvec_o\[22\],25.44µm
u_ibex_top.u_ibex_core.cs_registers_i.dscratch1_q\[30\],25.44µm
_04959_,25.42µm
_04254_,25.4µm
_05084_,25.385µm
_02415_,25.38µm
u_ibex_top.gen_regfile_ff.register_file_i.g_plain_rf.g_rf_flops\[16\].rf_reg_q\[20\],25.38µm
u_ibex_top.gen_regfile_ff.register_file_i.g_plain_rf.g_rf_flops\[16\].rf_reg_q\[26\],25.38µm
net2152,25.38µm
_04736_,25.34µm
_07750_,25.34µm
_02480_,25.32µm
u_ibex_top.gen_regfile_ff.register_file_i.g_plain_rf.g_rf_flops\[10\].rf_reg_q\[23\],25.32µm
u_ibex_top.gen_regfile_ff.register_file_i.g_plain_rf.g_rf_flops\[1\].rf_reg_q\[27\],25.305µm
net2262,25.3µm
u_ibex_top.gen_regfile_ff.register_file_i.g_plain_rf.g_rf_flops\[18\].rf_reg_q\[6\],25.28µm
u_ibex_top.gen_regfile_ff.register_file_i.g_plain_rf.g_rf_flops\[18\].rf_reg_q\[7\],25.28µm
u_ibex_top.gen_regfile_ff.register_file_i.g_plain_rf.g_rf_flops\[9\].rf_reg_q\[3\],25.28µm
_06345_,25.275µm
_02015_,25.26µm
_02197_,25.26µm
_05907_,25.24µm
net175,25.24µm
u_ibex_top.gen_regfile_ff.register_file_i.g_plain_rf.g_rf_flops\[2\].rf_reg_q\[18\],25.24µm
u_ibex_top.gen_regfile_ff.register_file_i.g_plain_rf.g_rf_flops\[7\].rf_reg_q\[14\],25.24µm
_04271_,25.22µm
u_ibex_top.gen_regfile_ff.register_file_i.g_plain_rf.g_rf_flops\[13\].rf_reg_q\[5\],25.22µm
u_ibex_top.gen_regfile_ff.register_file_i.g_plain_rf.g_rf_flops\[21\].rf_reg_q\[26\],25.22µm
u_ibex_top.u_ibex_core.cs_registers_i.csr_mtvec_o\[25\],25.22µm
_04298_,25.2µm
u_ibex_top.gen_regfile_ff.register_file_i.g_plain_rf.g_rf_flops\[13\].rf_reg_q\[24\],25.2µm
u_ibex_top.gen_regfile_ff.register_file_i.g_plain_rf.g_rf_flops\[31\].rf_reg_q\[16\],25.2µm
_07184_,25.18µm
_04887_,25.16µm
_06535_,25.16µm
_08488_,25.15µm
_02456_,25.14µm
_05623_,25.13µm
_06821_,25.12µm
_07765_,25.12µm
_04604_,25.1µm
_05409_,25.1µm
_02363_,25.08µm
net2027,25.08µm
u_ibex_top.gen_regfile_ff.register_file_i.g_plain_rf.g_rf_flops\[4\].rf_reg_q\[18\],25.06µm
net2058,25.03µm
_05431_,25.02µm
u_ibex_top.gen_regfile_ff.register_file_i.g_plain_rf.g_rf_flops\[25\].rf_reg_q\[27\],25µm
_04329_,24.985µm
net167,24.98µm
u_ibex_top.gen_regfile_ff.register_file_i.g_plain_rf.g_rf_flops\[9\].rf_reg_q\[19\],24.98µm
_04301_,24.97µm
_02235_,24.96µm
u_ibex_top.gen_regfile_ff.register_file_i.g_plain_rf.g_rf_flops\[18\].rf_reg_q\[8\],24.94µm
u_ibex_top.gen_regfile_ff.register_file_i.g_plain_rf.g_rf_flops\[30\].rf_reg_q\[14\],24.94µm
_05815_,24.92µm
_07358_,24.92µm
u_ibex_top.gen_regfile_ff.register_file_i.g_plain_rf.g_rf_flops\[28\].rf_reg_q\[10\],24.92µm
_02038_,24.88µm
_05210_,24.88µm
_08134_,24.88µm
_05058_,24.86µm
_08060_,24.86µm
u_ibex_top.gen_regfile_ff.register_file_i.g_plain_rf.g_rf_flops\[6\].rf_reg_q\[9\],24.86µm
_03209_,24.84µm
_06741_,24.84µm
u_ibex_top.crash_dump_o\[120\],24.84µm
_03238_,24.82µm
_04777_,24.82µm
_06259_,24.82µm
_06946_,24.82µm
_09393_,24.82µm
u_ibex_top.gen_regfile_ff.register_file_i.g_plain_rf.g_rf_flops\[18\].rf_reg_q\[3\],24.82µm
net2225,24.81µm
u_ibex_top.gen_regfile_ff.register_file_i.g_plain_rf.g_rf_flops\[13\].rf_reg_q\[11\],24.8µm
_02128_,24.78µm
u_ibex_top.gen_regfile_ff.register_file_i.g_plain_rf.g_rf_flops\[18\].rf_reg_q\[24\],24.77µm
_04003_,24.76µm
_05447_,24.76µm
_09746_,24.76µm
_02117_,24.7µm
_04493_,24.7µm
u_ibex_top.gen_regfile_ff.register_file_i.g_plain_rf.g_rf_flops\[19\].rf_reg_q\[22\],24.7µm
u_ibex_top.gen_regfile_ff.register_file_i.g_plain_rf.g_rf_flops\[5\].rf_reg_q\[12\],24.7µm
u_ibex_top.gen_regfile_ff.register_file_i.g_plain_rf.g_rf_flops\[6\].rf_reg_q\[6\],24.7µm
net2674,24.7µm
_07272_,24.68µm
u_ibex_top.gen_regfile_ff.register_file_i.g_plain_rf.g_rf_flops\[9\].rf_reg_q\[13\],24.68µm
u_ibex_top.u_ibex_core.cs_registers_i.mhpmcounter\[1898\],24.68µm
net896,24.68µm
_05987_,24.66µm
_06449_,24.66µm
u_ibex_top.gen_regfile_ff.register_file_i.g_plain_rf.g_rf_flops\[12\].rf_reg_q\[5\],24.66µm
u_ibex_top.gen_regfile_ff.register_file_i.g_plain_rf.g_rf_flops\[8\].rf_reg_q\[24\],24.66µm
_07797_,24.64µm
_08340_,24.64µm
u_ibex_top.gen_regfile_ff.register_file_i.g_plain_rf.g_rf_flops\[11\].rf_reg_q\[1\],24.64µm
u_ibex_top.gen_regfile_ff.register_file_i.g_plain_rf.g_rf_flops\[8\].rf_reg_q\[15\],24.64µm
net4375,24.64µm
_04798_,24.62µm
u_ibex_top.gen_regfile_ff.register_file_i.g_plain_rf.g_rf_flops\[14\].rf_reg_q\[28\],24.62µm
u_ibex_top.gen_regfile_ff.register_file_i.g_plain_rf.g_rf_flops\[17\].rf_reg_q\[26\],24.62µm
u_ibex_top.gen_regfile_ff.register_file_i.g_plain_rf.g_rf_flops\[26\].rf_reg_q\[20\],24.59µm
_04583_,24.58µm
u_ibex_top.gen_regfile_ff.register_file_i.g_plain_rf.g_rf_flops\[21\].rf_reg_q\[28\],24.58µm
_07320_,24.56µm
u_ibex_top.gen_regfile_ff.register_file_i.g_plain_rf.g_rf_flops\[30\].rf_reg_q\[22\],24.56µm
u_ibex_top.gen_regfile_ff.register_file_i.g_plain_rf.g_rf_flops\[7\].rf_reg_q\[30\],24.56µm
_04275_,24.54µm
_06195_,24.54µm
u_ibex_top.gen_regfile_ff.register_file_i.g_plain_rf.g_rf_flops\[25\].rf_reg_q\[28\],24.54µm
u_ibex_top.u_ibex_core.load_store_unit_i.rdata_q\[26\],24.54µm
u_ibex_top.u_ibex_core.ex_block_i.alu_i.g_no_alu_rvb.unused_imd_val_q\[31\],24.525µm
_05698_,24.5µm
_06544_,24.5µm
u_ibex_top.gen_regfile_ff.register_file_i.g_plain_rf.g_rf_flops\[30\].rf_reg_q\[6\],24.49µm
_02088_,24.48µm
_06214_,24.48µm
u_ibex_top.gen_regfile_ff.register_file_i.g_plain_rf.g_rf_flops\[16\].rf_reg_q\[24\],24.48µm
u_ibex_top.gen_regfile_ff.register_file_i.g_plain_rf.g_rf_flops\[16\].rf_reg_q\[6\],24.48µm
_06785_,24.46µm
_05899_,24.44µm
u_ibex_top.gen_regfile_ff.register_file_i.g_plain_rf.g_rf_flops\[14\].rf_reg_q\[16\],24.44µm
net955,24.44µm
u_ibex_top.gen_regfile_ff.register_file_i.g_plain_rf.g_rf_flops\[2\].rf_reg_q\[31\],24.43µm
_03384_,24.42µm
_06044_,24.42µm
u_ibex_top.crash_dump_o\[84\],24.42µm
u_ibex_top.gen_regfile_ff.register_file_i.g_plain_rf.g_rf_flops\[3\].rf_reg_q\[4\],24.42µm
_07525_,24.4µm
u_ibex_top.u_ibex_core.if_stage_i.gen_prefetch_buffer.prefetch_buffer_i.fifo_i.rdata_q\[30\],24.4µm
_02418_,24.38µm
_05341_,24.38µm
_05610_,24.38µm
_05877_,24.38µm
u_ibex_top.gen_regfile_ff.register_file_i.g_plain_rf.g_rf_flops\[31\].rf_reg_q\[14\],24.345µm
_09060_,24.34µm
_09255_,24.34µm
_09260_,24.34µm
net2534,24.31µm
_06681_,24.3µm
u_ibex_top.crash_dump_o\[104\],24.3µm
u_ibex_top.gen_regfile_ff.register_file_i.g_plain_rf.g_rf_flops\[19\].rf_reg_q\[25\],24.3µm
_09485_,24.295µm
net336,24.275µm
u_ibex_top.gen_regfile_ff.register_file_i.g_plain_rf.g_rf_flops\[30\].rf_reg_q\[18\],24.27µm
_09806_,24.26µm
u_ibex_top.gen_regfile_ff.register_file_i.g_plain_rf.g_rf_flops\[25\].rf_reg_q\[3\],24.26µm
_04292_,24.24µm
_06158_,24.24µm
_06198_,24.22µm
u_ibex_top.gen_regfile_ff.register_file_i.g_plain_rf.g_rf_flops\[24\].rf_reg_q\[23\],24.22µm
_04546_,24.2µm
u_ibex_top.gen_regfile_ff.register_file_i.g_plain_rf.g_rf_flops\[2\].rf_reg_q\[28\],24.18µm
_06159_,24.16µm
_06470_,24.16µm
u_ibex_top.gen_regfile_ff.register_file_i.g_plain_rf.g_rf_flops\[3\].rf_reg_q\[11\],24.16µm
u_ibex_top.u_ibex_core.load_store_unit_i.rdata_q\[31\],24.135µm
_03101_,24.12µm
_08301_,24.12µm
_08341_,24.12µm
u_ibex_top.gen_regfile_ff.register_file_i.g_plain_rf.g_rf_flops\[25\].rf_reg_q\[14\],24.1µm
u_ibex_top.gen_regfile_ff.register_file_i.g_plain_rf.g_rf_flops\[4\].rf_reg_q\[13\],24.1µm
_05088_,24.08µm
_07370_,24.08µm
u_ibex_top.gen_regfile_ff.register_file_i.g_plain_rf.g_rf_flops\[4\].rf_reg_q\[10\],24.08µm
_05660_,24.06µm
net169,24.06µm
u_ibex_top.gen_regfile_ff.register_file_i.g_plain_rf.g_rf_flops\[16\].rf_reg_q\[22\],24.06µm
_04178_,24.05µm
net2274,24.05µm
_05148_,24.04µm
_07259_,24.04µm
_08900_,24.04µm
_08921_,24.04µm
_04914_,24.02µm
_05334_,24.02µm
u_ibex_top.gen_regfile_ff.register_file_i.g_plain_rf.g_rf_flops\[20\].rf_reg_q\[9\],24.02µm
u_ibex_top.gen_regfile_ff.register_file_i.g_plain_rf.g_rf_flops\[26\].rf_reg_q\[23\],24.02µm
_09173_,24.01µm
_02697_,23.98µm
_03160_,23.98µm
u_ibex_top.gen_regfile_ff.register_file_i.g_plain_rf.g_rf_flops\[28\].rf_reg_q\[15\],23.98µm
u_ibex_top.u_ibex_core.cs_registers_i.mhpmcounter\[1870\],23.98µm
_02145_,23.96µm
_08852_,23.96µm
_02240_,23.94µm
_02854_,23.92µm
_04009_,23.92µm
_04641_,23.92µm
u_ibex_top.gen_regfile_ff.register_file_i.g_plain_rf.g_rf_flops\[23\].rf_reg_q\[28\],23.92µm
u_ibex_top.u_ibex_core.cs_registers_i.mhpmcounter\[1887\],23.92µm
_05632_,23.9µm
net2065,23.9µm
_06867_,23.885µm
_02217_,23.88µm
_02956_,23.88µm
_05557_,23.88µm
u_ibex_top.gen_regfile_ff.register_file_i.g_plain_rf.g_rf_flops\[25\].rf_reg_q\[23\],23.88µm
u_ibex_top.gen_regfile_ff.register_file_i.g_plain_rf.g_rf_flops\[27\].rf_reg_q\[28\],23.88µm
u_ibex_top.gen_regfile_ff.register_file_i.g_plain_rf.g_rf_flops\[16\].rf_reg_q\[18\],23.86µm
_03347_,23.845µm
_08085_,23.84µm
_05362_,23.82µm
u_ibex_top.gen_regfile_ff.register_file_i.g_plain_rf.g_rf_flops\[17\].rf_reg_q\[13\],23.82µm
u_ibex_top.gen_regfile_ff.register_file_i.g_plain_rf.g_rf_flops\[19\].rf_reg_q\[1\],23.82µm
u_ibex_top.gen_regfile_ff.register_file_i.g_plain_rf.g_rf_flops\[24\].rf_reg_q\[22\],23.82µm
u_ibex_top.u_ibex_core.cs_registers_i.csr_mtvec_o\[9\],23.82µm
_04975_,23.8µm
_09587_,23.8µm
u_ibex_top.gen_regfile_ff.register_file_i.g_plain_rf.g_rf_flops\[27\].rf_reg_q\[12\],23.8µm
_03641_,23.76µm
u_ibex_top.gen_regfile_ff.register_file_i.g_plain_rf.g_rf_flops\[7\].rf_reg_q\[9\],23.76µm
u_ibex_top.gen_regfile_ff.register_file_i.g_plain_rf.g_rf_flops\[3\].rf_reg_q\[9\],23.75µm
_02292_,23.74µm
u_ibex_top.gen_regfile_ff.register_file_i.g_plain_rf.g_rf_flops\[19\].rf_reg_q\[12\],23.74µm
u_ibex_top.gen_regfile_ff.register_file_i.g_plain_rf.g_rf_flops\[23\].rf_reg_q\[17\],23.735µm
_02303_,23.72µm
_04653_,23.72µm
_09432_,23.72µm
_04875_,23.7µm
_06823_,23.68µm
_06849_,23.68µm
u_ibex_top.gen_regfile_ff.register_file_i.g_plain_rf.g_rf_flops\[22\].rf_reg_q\[28\],23.68µm
u_ibex_top.gen_regfile_ff.register_file_i.g_plain_rf.g_rf_flops\[25\].rf_reg_q\[26\],23.68µm
u_ibex_top.u_ibex_core.ex_block_i.gen_multdiv_fast.multdiv_i.gen_mult_fast.mult_state_q\[3\],23.68µm
_03397_,23.675µm
_05441_,23.66µm
_04535_,23.64µm
_05544_,23.64µm
u_ibex_top.gen_regfile_ff.register_file_i.g_plain_rf.g_rf_flops\[18\].rf_reg_q\[19\],23.64µm
u_ibex_top.gen_regfile_ff.register_file_i.g_plain_rf.g_rf_flops\[9\].rf_reg_q\[1\],23.64µm
_02990_,23.62µm
_05174_,23.62µm
_06164_,23.62µm
u_ibex_top.gen_regfile_ff.register_file_i.g_plain_rf.g_rf_flops\[24\].rf_reg_q\[11\],23.62µm
u_ibex_top.gen_regfile_ff.register_file_i.g_plain_rf.g_rf_flops\[26\].rf_reg_q\[9\],23.62µm
u_ibex_top.gen_regfile_ff.register_file_i.g_plain_rf.g_rf_flops\[28\].rf_reg_q\[14\],23.62µm
u_ibex_top.gen_regfile_ff.register_file_i.g_plain_rf.g_rf_flops\[9\].rf_reg_q\[23\],23.6µm
u_ibex_top.gen_regfile_ff.register_file_i.g_plain_rf.g_rf_flops\[25\].rf_reg_q\[12\],23.58µm
u_ibex_top.gen_regfile_ff.register_file_i.g_plain_rf.g_rf_flops\[8\].rf_reg_q\[14\],23.58µm
_09385_,23.56µm
u_ibex_top.gen_regfile_ff.register_file_i.g_plain_rf.g_rf_flops\[11\].rf_reg_q\[12\],23.56µm
u_ibex_top.u_ibex_core.cs_registers_i.mcounteren\[2\],23.55µm
_02239_,23.54µm
_04316_,23.54µm
_05504_,23.54µm
u_ibex_top.gen_regfile_ff.register_file_i.g_plain_rf.g_rf_flops\[12\].rf_reg_q\[0\],23.54µm
u_ibex_top.u_ibex_core.cs_registers_i.mhpmcounter\[1901\],23.54µm
u_ibex_top.gen_regfile_ff.register_file_i.g_plain_rf.g_rf_flops\[6\].rf_reg_q\[31\],23.52µm
net2460,23.51µm
_04158_,23.5µm
_05332_,23.5µm
_05414_,23.5µm
_07109_,23.5µm
u_ibex_top.gen_regfile_ff.register_file_i.g_plain_rf.g_rf_flops\[5\].rf_reg_q\[26\],23.48µm
u_ibex_top.gen_regfile_ff.register_file_i.g_plain_rf.g_rf_flops\[6\].rf_reg_q\[2\],23.48µm
_03692_,23.46µm
_05172_,23.46µm
_06171_,23.46µm
_08670_,23.46µm
u_ibex_top.gen_regfile_ff.register_file_i.g_plain_rf.g_rf_flops\[13\].rf_reg_q\[22\],23.46µm
u_ibex_top.gen_regfile_ff.register_file_i.g_plain_rf.g_rf_flops\[19\].rf_reg_q\[30\],23.46µm
_02057_,23.455µm
_03339_,23.455µm
_02595_,23.42µm
_08205_,23.42µm
_08986_,23.42µm
u_ibex_top.gen_regfile_ff.register_file_i.g_plain_rf.g_rf_flops\[28\].rf_reg_q\[25\],23.42µm
u_ibex_top.gen_regfile_ff.register_file_i.g_plain_rf.g_rf_flops\[9\].rf_reg_q\[16\],23.42µm
u_ibex_top.u_ibex_core.cs_registers_i.mcycle_counter_i.counter\[18\],23.415µm
u_ibex_top.gen_regfile_ff.register_file_i.g_plain_rf.g_rf_flops\[22\].rf_reg_q\[12\],23.4µm
u_ibex_top.gen_regfile_ff.register_file_i.g_plain_rf.g_rf_flops\[22\].rf_reg_q\[6\],23.4µm
_05924_,23.38µm
_09174_,23.38µm
_07899_,23.36µm
u_ibex_top.gen_regfile_ff.register_file_i.g_plain_rf.g_rf_flops\[15\].rf_reg_q\[3\],23.36µm
_05633_,23.34µm
_06601_,23.34µm
_06953_,23.34µm
_09476_,23.32µm
u_ibex_top.gen_regfile_ff.register_file_i.g_plain_rf.g_rf_flops\[19\].rf_reg_q\[0\],23.32µm
u_ibex_top.gen_regfile_ff.register_file_i.g_plain_rf.g_rf_flops\[22\].rf_reg_q\[27\],23.32µm
u_ibex_top.crash_dump_o\[74\],23.31µm
_03804_,23.3µm
_05275_,23.3µm
_08076_,23.3µm
u_ibex_top.gen_regfile_ff.register_file_i.g_plain_rf.g_rf_flops\[9\].rf_reg_q\[7\],23.3µm
u_ibex_top.u_ibex_core.load_store_unit_i.rdata_q\[13\],23.3µm
u_ibex_top.crash_dump_o\[106\],23.29µm
_03252_,23.28µm
_02804_,23.26µm
u_ibex_top.gen_regfile_ff.register_file_i.g_plain_rf.g_rf_flops\[25\].rf_reg_q\[20\],23.26µm
u_ibex_top.u_ibex_core.cs_registers_i.cpuctrlsts_part_q\[7\],23.26µm
_05707_,23.24µm
u_ibex_top.crash_dump_o\[87\],23.24µm
u_ibex_top.gen_regfile_ff.register_file_i.g_plain_rf.g_rf_flops\[22\].rf_reg_q\[22\],23.24µm
u_ibex_top.u_ibex_core.cs_registers_i.csr_depc_o\[23\],23.225µm
u_ibex_top.gen_regfile_ff.register_file_i.g_plain_rf.g_rf_flops\[11\].rf_reg_q\[29\],23.22µm
u_ibex_top.gen_regfile_ff.register_file_i.g_plain_rf.g_rf_flops\[15\].rf_reg_q\[29\],23.22µm
u_ibex_top.gen_regfile_ff.register_file_i.g_plain_rf.g_rf_flops\[17\].rf_reg_q\[22\],23.22µm
_06812_,23.2µm
_07335_,23.2µm
u_ibex_top.gen_regfile_ff.register_file_i.g_plain_rf.g_rf_flops\[14\].rf_reg_q\[24\],23.18µm
u_ibex_top.gen_regfile_ff.register_file_i.g_plain_rf.g_rf_flops\[6\].rf_reg_q\[0\],23.18µm
_06043_,23.16µm
_05298_,23.14µm
u_ibex_top.u_ibex_core.ex_block_i.gen_multdiv_fast.multdiv_i.op_quotient_q\[7\],23.14µm
_03228_,23.12µm
_04847_,23.1µm
_09740_,23.1µm
u_ibex_top.gen_regfile_ff.register_file_i.g_plain_rf.g_rf_flops\[30\].rf_reg_q\[0\],23.1µm
_03382_,23.08µm
_03816_,23.08µm
_08573_,23.08µm
u_ibex_top.gen_regfile_ff.register_file_i.g_plain_rf.g_rf_flops\[12\].rf_reg_q\[16\],23.08µm
u_ibex_top.gen_regfile_ff.register_file_i.g_plain_rf.g_rf_flops\[30\].rf_reg_q\[17\],23.08µm
u_ibex_top.u_ibex_core.load_store_unit_i.rdata_q\[25\],23.08µm
_01988_,23.06µm
_08094_,23.06µm
net172,23.06µm
u_ibex_top.gen_regfile_ff.register_file_i.g_plain_rf.g_rf_flops\[12\].rf_reg_q\[10\],23.06µm
u_ibex_top.gen_regfile_ff.register_file_i.g_plain_rf.g_rf_flops\[30\].rf_reg_q\[15\],23.06µm
u_ibex_top.gen_regfile_ff.register_file_i.g_plain_rf.g_rf_flops\[28\].rf_reg_q\[26\],23.05µm
_04984_,23.04µm
u_ibex_top.gen_regfile_ff.register_file_i.g_plain_rf.g_rf_flops\[14\].rf_reg_q\[14\],23.04µm
u_ibex_top.gen_regfile_ff.register_file_i.g_plain_rf.g_rf_flops\[28\].rf_reg_q\[28\],23.04µm
u_ibex_top.gen_regfile_ff.register_file_i.g_plain_rf.g_rf_flops\[5\].rf_reg_q\[10\],23.04µm
u_ibex_top.gen_regfile_ff.register_file_i.g_plain_rf.g_rf_flops\[12\].rf_reg_q\[8\],23µm
u_ibex_top.gen_regfile_ff.register_file_i.g_plain_rf.g_rf_flops\[31\].rf_reg_q\[13\],23µm
_04611_,22.98µm
_05322_,22.98µm
_04758_,22.96µm
u_ibex_top.gen_regfile_ff.register_file_i.g_plain_rf.g_rf_flops\[17\].rf_reg_q\[28\],22.96µm
_08716_,22.94µm
net2824,22.905µm
u_ibex_top.u_ibex_core.cs_registers_i.csr_depc_o\[22\],22.9µm
_08855_,22.88µm
_02238_,22.85µm
u_ibex_top.gen_regfile_ff.register_file_i.g_plain_rf.g_rf_flops\[16\].rf_reg_q\[5\],22.84µm
net281,22.84µm
u_ibex_top.gen_regfile_ff.register_file_i.g_plain_rf.g_rf_flops\[4\].rf_reg_q\[25\],22.82µm
u_ibex_top.u_ibex_core.load_store_unit_i.rdata_q\[23\],22.8µm
_04334_,22.78µm
_07105_,22.74µm
_07990_,22.72µm
_09742_,22.72µm
u_ibex_top.u_ibex_core.cs_registers_i.mhpmcounter\[1865\],22.72µm
_06379_,22.7µm
_07418_,22.7µm
_08976_,22.7µm
u_ibex_top.gen_regfile_ff.register_file_i.g_plain_rf.g_rf_flops\[17\].rf_reg_q\[5\],22.7µm
u_ibex_top.gen_regfile_ff.register_file_i.g_plain_rf.g_rf_flops\[22\].rf_reg_q\[2\],22.7µm
u_ibex_top.gen_regfile_ff.register_file_i.g_plain_rf.g_rf_flops\[31\].rf_reg_q\[10\],22.7µm
u_ibex_top.u_ibex_core.ex_block_i.gen_multdiv_fast.multdiv_i.gen_mult_fast.mult_state_q\[2\],22.7µm
u_ibex_top.gen_regfile_ff.register_file_i.g_plain_rf.g_rf_flops\[31\].rf_reg_q\[3\],22.68µm
_01943_,22.66µm
_05708_,22.66µm
_08058_,22.66µm
u_ibex_top.gen_regfile_ff.register_file_i.g_plain_rf.g_rf_flops\[5\].rf_reg_q\[24\],22.66µm
_06980_,22.655µm
_04276_,22.64µm
_05981_,22.64µm
_07441_,22.64µm
_03655_,22.62µm
_04388_,22.62µm
_04571_,22.62µm
net2330,22.62µm
_09772_,22.6µm
u_ibex_top.gen_regfile_ff.register_file_i.g_plain_rf.g_rf_flops\[24\].rf_reg_q\[10\],22.6µm
u_ibex_top.gen_regfile_ff.register_file_i.g_plain_rf.g_rf_flops\[5\].rf_reg_q\[15\],22.6µm
u_ibex_top.u_ibex_core.if_stage_i.gen_prefetch_buffer.prefetch_buffer_i.fifo_i.err_q\[0\],22.6µm
u_ibex_top.gen_regfile_ff.register_file_i.g_plain_rf.g_rf_flops\[18\].rf_reg_q\[25\],22.58µm
_05386_,22.56µm
_07040_,22.54µm
u_ibex_top.gen_regfile_ff.register_file_i.g_plain_rf.g_rf_flops\[18\].rf_reg_q\[11\],22.54µm
u_ibex_top.gen_regfile_ff.register_file_i.g_plain_rf.g_rf_flops\[31\].rf_reg_q\[30\],22.54µm
u_ibex_top.u_ibex_core.cs_registers_i.csr_mtvec_o\[24\],22.54µm
u_ibex_top.gen_regfile_ff.register_file_i.g_plain_rf.g_rf_flops\[11\].rf_reg_q\[6\],22.52µm
_05356_,22.5µm
u_ibex_top.u_ibex_core.id_stage_i.controller_i.instr_compressed_i\[14\],22.5µm
_06647_,22.485µm
_03581_,22.48µm
_09562_,22.48µm
_04696_,22.46µm
_07997_,22.46µm
u_ibex_top.gen_regfile_ff.register_file_i.g_plain_rf.g_rf_flops\[13\].rf_reg_q\[31\],22.46µm
u_ibex_top.gen_regfile_ff.register_file_i.g_plain_rf.g_rf_flops\[8\].rf_reg_q\[23\],22.46µm
_03199_,22.42µm
_04562_,22.42µm
u_ibex_top.gen_regfile_ff.register_file_i.g_plain_rf.g_rf_flops\[21\].rf_reg_q\[10\],22.42µm
u_ibex_top.gen_regfile_ff.register_file_i.g_plain_rf.g_rf_flops\[26\].rf_reg_q\[8\],22.42µm
_08520_,22.39µm
_06795_,22.38µm
u_ibex_top.crash_dump_o\[81\],22.38µm
u_ibex_top.gen_regfile_ff.register_file_i.g_plain_rf.g_rf_flops\[24\].rf_reg_q\[6\],22.38µm
u_ibex_top.gen_regfile_ff.register_file_i.g_plain_rf.g_rf_flops\[3\].rf_reg_q\[1\],22.38µm
u_ibex_top.gen_regfile_ff.register_file_i.g_plain_rf.g_rf_flops\[8\].rf_reg_q\[27\],22.38µm
net1102,22.38µm
net2595,22.38µm
_06029_,22.36µm
u_ibex_top.gen_regfile_ff.register_file_i.g_plain_rf.g_rf_flops\[7\].rf_reg_q\[25\],22.36µm
u_ibex_top.u_ibex_core.cs_registers_i.mcycle_counter_i.counter\[22\],22.36µm
u_ibex_top.u_ibex_core.ex_block_i.alu_i.g_no_alu_rvb.unused_imd_val_q\[11\],22.355µm
_04358_,22.34µm
u_ibex_top.gen_regfile_ff.register_file_i.g_plain_rf.g_rf_flops\[16\].rf_reg_q\[15\],22.34µm
u_ibex_top.gen_regfile_ff.register_file_i.g_plain_rf.g_rf_flops\[20\].rf_reg_q\[13\],22.34µm
u_ibex_top.gen_regfile_ff.register_file_i.g_plain_rf.g_rf_flops\[5\].rf_reg_q\[23\],22.34µm
net30,22.335µm
_05868_,22.31µm
_05799_,22.3µm
u_ibex_top.gen_regfile_ff.register_file_i.g_plain_rf.g_rf_flops\[13\].rf_reg_q\[17\],22.3µm
u_ibex_top.gen_regfile_ff.register_file_i.g_plain_rf.g_rf_flops\[13\].rf_reg_q\[29\],22.3µm
u_ibex_top.gen_regfile_ff.register_file_i.g_plain_rf.g_rf_flops\[5\].rf_reg_q\[5\],22.3µm
net252,22.3µm
_06207_,22.28µm
u_ibex_top.gen_regfile_ff.register_file_i.g_plain_rf.g_rf_flops\[12\].rf_reg_q\[24\],22.28µm
u_ibex_top.gen_regfile_ff.register_file_i.g_plain_rf.g_rf_flops\[21\].rf_reg_q\[29\],22.28µm
_08750_,22.26µm
u_ibex_top.gen_regfile_ff.register_file_i.g_plain_rf.g_rf_flops\[8\].rf_reg_q\[12\],22.26µm
u_ibex_top.crash_dump_o\[124\],22.24µm
u_ibex_top.gen_regfile_ff.register_file_i.g_plain_rf.g_rf_flops\[2\].rf_reg_q\[16\],22.24µm
net892,22.22µm
_03263_,22.2µm
_06542_,22.2µm
u_ibex_top.gen_regfile_ff.register_file_i.g_plain_rf.g_rf_flops\[12\].rf_reg_q\[29\],22.2µm
u_ibex_top.gen_regfile_ff.register_file_i.g_plain_rf.g_rf_flops\[23\].rf_reg_q\[5\],22.2µm
u_ibex_top.gen_regfile_ff.register_file_i.g_plain_rf.g_rf_flops\[24\].rf_reg_q\[7\],22.2µm
u_ibex_top.gen_regfile_ff.register_file_i.g_plain_rf.g_rf_flops\[26\].rf_reg_q\[28\],22.2µm
_04733_,22.18µm
u_ibex_top.gen_regfile_ff.register_file_i.g_plain_rf.g_rf_flops\[30\].rf_reg_q\[11\],22.18µm
u_ibex_top.u_ibex_core.if_stage_i.gen_prefetch_buffer.prefetch_buffer_i.fifo_i.rdata_q\[73\],22.18µm
_06453_,22.175µm
_04707_,22.17µm
u_ibex_top.gen_regfile_ff.register_file_i.g_plain_rf.g_rf_flops\[25\].rf_reg_q\[6\],22.17µm
_04664_,22.16µm
u_ibex_top.gen_regfile_ff.register_file_i.g_plain_rf.g_rf_flops\[23\].rf_reg_q\[1\],22.16µm
u_ibex_top.gen_regfile_ff.register_file_i.g_plain_rf.g_rf_flops\[28\].rf_reg_q\[8\],22.16µm
u_ibex_top.gen_regfile_ff.register_file_i.g_plain_rf.g_rf_flops\[20\].rf_reg_q\[7\],22.14µm
_06463_,22.12µm
_08902_,22.12µm
u_ibex_top.gen_regfile_ff.register_file_i.g_plain_rf.g_rf_flops\[28\].rf_reg_q\[1\],22.12µm
u_ibex_top.crash_dump_o\[158\],22.105µm
_04491_,22.1µm
u_ibex_top.gen_regfile_ff.register_file_i.g_plain_rf.g_rf_flops\[27\].rf_reg_q\[19\],22.1µm
u_ibex_top.gen_regfile_ff.register_file_i.g_plain_rf.g_rf_flops\[21\].rf_reg_q\[7\],22.09µm
_03330_,22.08µm
u_ibex_top.gen_regfile_ff.register_file_i.g_plain_rf.g_rf_flops\[4\].rf_reg_q\[8\],22.08µm
u_ibex_top.u_ibex_core.cs_registers_i.mie_q\[3\],22.08µm
u_ibex_top.crash_dump_o\[31\],22.06µm
u_ibex_top.gen_regfile_ff.register_file_i.g_plain_rf.g_rf_flops\[24\].rf_reg_q\[8\],22.06µm
u_ibex_top.gen_regfile_ff.register_file_i.g_plain_rf.g_rf_flops\[31\].rf_reg_q\[9\],22.06µm
u_ibex_top.gen_regfile_ff.register_file_i.g_plain_rf.g_rf_flops\[7\].rf_reg_q\[4\],22.06µm
u_ibex_top.u_ibex_core.load_store_unit_i.rdata_q\[20\],22.05µm
_02721_,22.04µm
_06521_,22.04µm
u_ibex_top.gen_regfile_ff.register_file_i.g_plain_rf.g_rf_flops\[15\].rf_reg_q\[22\],22.04µm
u_ibex_top.gen_regfile_ff.register_file_i.g_plain_rf.g_rf_flops\[22\].rf_reg_q\[21\],22.02µm
u_ibex_top.gen_regfile_ff.register_file_i.g_plain_rf.g_rf_flops\[9\].rf_reg_q\[4\],22.02µm
_06637_,22µm
_06772_,22µm
_07769_,22µm
_09127_,22µm
u_ibex_top.gen_regfile_ff.register_file_i.g_plain_rf.g_rf_flops\[17\].rf_reg_q\[0\],22µm
u_ibex_top.gen_regfile_ff.register_file_i.g_plain_rf.g_rf_flops\[21\].rf_reg_q\[19\],22µm
u_ibex_top.u_ibex_core.cs_registers_i.mhpmcounter\[1885\],22µm
u_ibex_top.gen_regfile_ff.register_file_i.g_plain_rf.g_rf_flops\[31\].rf_reg_q\[29\],21.98µm
_06007_,21.965µm
_05202_,21.96µm
u_ibex_top.crash_dump_o\[83\],21.94µm
_04246_,21.92µm
_04766_,21.92µm
u_ibex_top.gen_regfile_ff.register_file_i.g_plain_rf.g_rf_flops\[13\].rf_reg_q\[26\],21.92µm
u_ibex_top.gen_regfile_ff.register_file_i.g_plain_rf.g_rf_flops\[29\].rf_reg_q\[31\],21.92µm
u_ibex_top.u_ibex_core.cs_registers_i.mhpmcounter\[1877\],21.91µm
u_ibex_top.gen_regfile_ff.register_file_i.g_plain_rf.g_rf_flops\[1\].rf_reg_q\[3\],21.885µm
_09831_,21.88µm
u_ibex_top.gen_regfile_ff.register_file_i.g_plain_rf.g_rf_flops\[9\].rf_reg_q\[0\],21.88µm
u_ibex_top.u_ibex_core.id_stage_i.controller_i.ctrl_fsm_cs\[1\],21.88µm
u_ibex_top.gen_regfile_ff.register_file_i.g_plain_rf.g_rf_flops\[14\].rf_reg_q\[0\],21.875µm
_07379_,21.84µm
u_ibex_top.crash_dump_o\[99\],21.84µm
u_ibex_top.gen_regfile_ff.register_file_i.g_plain_rf.g_rf_flops\[4\].rf_reg_q\[5\],21.84µm
_06791_,21.82µm
u_ibex_top.gen_regfile_ff.register_file_i.g_plain_rf.g_rf_flops\[13\].rf_reg_q\[8\],21.82µm
u_ibex_top.gen_regfile_ff.register_file_i.g_plain_rf.g_rf_flops\[8\].rf_reg_q\[1\],21.82µm
u_ibex_top.gen_regfile_ff.register_file_i.g_plain_rf.g_rf_flops\[13\].rf_reg_q\[9\],21.81µm
_05582_,21.8µm
u_ibex_top.gen_regfile_ff.register_file_i.g_plain_rf.g_rf_flops\[12\].rf_reg_q\[13\],21.8µm
u_ibex_top.gen_regfile_ff.register_file_i.g_plain_rf.g_rf_flops\[20\].rf_reg_q\[15\],21.8µm
u_ibex_top.gen_regfile_ff.register_file_i.g_plain_rf.g_rf_flops\[25\].rf_reg_q\[30\],21.8µm
u_ibex_top.gen_regfile_ff.register_file_i.g_plain_rf.g_rf_flops\[8\].rf_reg_q\[18\],21.8µm
net2138,21.8µm
_03630_,21.78µm
_05040_,21.78µm
_02991_,21.76µm
_05448_,21.76µm
_08439_,21.76µm
u_ibex_top.gen_regfile_ff.register_file_i.g_plain_rf.g_rf_flops\[13\].rf_reg_q\[23\],21.76µm
u_ibex_top.gen_regfile_ff.register_file_i.g_plain_rf.g_rf_flops\[13\].rf_reg_q\[4\],21.76µm
_05495_,21.725µm
_03084_,21.72µm
u_ibex_top.gen_regfile_ff.register_file_i.g_plain_rf.g_rf_flops\[26\].rf_reg_q\[18\],21.72µm
u_ibex_top.gen_regfile_ff.register_file_i.g_plain_rf.g_rf_flops\[9\].rf_reg_q\[17\],21.72µm
net1966,21.72µm
_03404_,21.7µm
_03526_,21.7µm
u_ibex_top.gen_regfile_ff.register_file_i.g_plain_rf.g_rf_flops\[4\].rf_reg_q\[15\],21.7µm
_05175_,21.66µm
_08869_,21.66µm
_04949_,21.65µm
_08642_,21.65µm
u_ibex_top.gen_regfile_ff.register_file_i.g_plain_rf.g_rf_flops\[14\].rf_reg_q\[15\],21.65µm
u_ibex_top.gen_regfile_ff.register_file_i.g_plain_rf.g_rf_flops\[7\].rf_reg_q\[29\],21.65µm
_02142_,21.64µm
_08753_,21.64µm
u_ibex_top.gen_regfile_ff.register_file_i.g_plain_rf.g_rf_flops\[1\].rf_reg_q\[7\],21.635µm
_08793_,21.62µm
_09449_,21.62µm
_03943_,21.6µm
net2335,21.6µm
_03786_,21.59µm
_05866_,21.56µm
net3994,21.56µm
_06539_,21.54µm
_06609_,21.54µm
_06975_,21.54µm
u_ibex_top.gen_regfile_ff.register_file_i.g_plain_rf.g_rf_flops\[25\].rf_reg_q\[2\],21.54µm
u_ibex_top.gen_regfile_ff.register_file_i.g_plain_rf.g_rf_flops\[7\].rf_reg_q\[13\],21.54µm
u_ibex_top.gen_regfile_ff.register_file_i.g_plain_rf.g_rf_flops\[17\].rf_reg_q\[17\],21.52µm
net2498,21.52µm
u_ibex_top.gen_regfile_ff.register_file_i.g_plain_rf.g_rf_flops\[1\].rf_reg_q\[22\],21.505µm
_03274_,21.5µm
_07620_,21.5µm
u_ibex_top.gen_regfile_ff.register_file_i.g_plain_rf.g_rf_flops\[23\].rf_reg_q\[8\],21.5µm
u_ibex_top.gen_regfile_ff.register_file_i.g_plain_rf.g_rf_flops\[6\].rf_reg_q\[29\],21.5µm
net1971,21.5µm
_06197_,21.49µm
_06661_,21.48µm
_07736_,21.48µm
u_ibex_top.gen_regfile_ff.register_file_i.g_plain_rf.g_rf_flops\[22\].rf_reg_q\[19\],21.48µm
u_ibex_top.gen_regfile_ff.register_file_i.g_plain_rf.g_rf_flops\[29\].rf_reg_q\[24\],21.48µm
u_ibex_top.u_ibex_core.cs_registers_i.dscratch0_q\[27\],21.48µm
_02913_,21.47µm
_03795_,21.46µm
_08102_,21.46µm
u_ibex_top.u_ibex_core.cs_registers_i.csr_depc_o\[20\],21.46µm
u_ibex_top.u_ibex_core.cs_registers_i.dcsr_q\[15\],21.46µm
net2485,21.46µm
net2574,21.46µm
u_ibex_top.gen_regfile_ff.register_file_i.g_plain_rf.g_rf_flops\[10\].rf_reg_q\[4\],21.44µm
u_ibex_top.crash_dump_o\[75\],21.425µm
_04654_,21.42µm
u_ibex_top.gen_regfile_ff.register_file_i.g_plain_rf.g_rf_flops\[23\].rf_reg_q\[14\],21.42µm
_05280_,21.4µm
_05562_,21.4µm
_05313_,21.385µm
_06110_,21.38µm
u_ibex_top.gen_regfile_ff.register_file_i.g_plain_rf.g_rf_flops\[23\].rf_reg_q\[15\],21.38µm
u_ibex_top.gen_regfile_ff.register_file_i.g_plain_rf.g_rf_flops\[31\].rf_reg_q\[15\],21.38µm
u_ibex_top.gen_regfile_ff.register_file_i.g_plain_rf.g_rf_flops\[31\].rf_reg_q\[2\],21.36µm
_05260_,21.34µm
u_ibex_top.gen_regfile_ff.register_file_i.g_plain_rf.g_rf_flops\[8\].rf_reg_q\[11\],21.34µm
_04330_,21.32µm
_04350_,21.3µm
u_ibex_top.gen_regfile_ff.register_file_i.g_plain_rf.g_rf_flops\[11\].rf_reg_q\[4\],21.3µm
u_ibex_top.gen_regfile_ff.register_file_i.g_plain_rf.g_rf_flops\[23\].rf_reg_q\[26\],21.29µm
net2356,21.29µm
_02352_,21.28µm
_06241_,21.28µm
u_ibex_top.gen_regfile_ff.register_file_i.g_plain_rf.g_rf_flops\[15\].rf_reg_q\[16\],21.28µm
u_ibex_top.gen_regfile_ff.register_file_i.g_plain_rf.g_rf_flops\[15\].rf_reg_q\[5\],21.28µm
_07380_,21.26µm
u_ibex_top.gen_regfile_ff.register_file_i.g_plain_rf.g_rf_flops\[24\].rf_reg_q\[31\],21.26µm
u_ibex_top.gen_regfile_ff.register_file_i.g_plain_rf.g_rf_flops\[2\].rf_reg_q\[6\],21.26µm
_06669_,21.235µm
_08764_,21.22µm
_03918_,21.2µm
_03991_,21.2µm
_06235_,21.2µm
_06831_,21.2µm
_07673_,21.2µm
u_ibex_top.u_ibex_core.cs_registers_i.dscratch1_q\[26\],21.2µm
u_ibex_top.u_ibex_core.ex_block_i.gen_multdiv_fast.multdiv_i.op_numerator_q\[17\],21.2µm
_02293_,21.18µm
_07882_,21.18µm
net2681,21.18µm
_05750_,21.175µm
_02115_,21.16µm
_02283_,21.16µm
u_ibex_top.gen_regfile_ff.register_file_i.g_plain_rf.g_rf_flops\[1\].rf_reg_q\[25\],21.16µm
u_ibex_top.u_ibex_core.cs_registers_i.csr_mtvec_o\[31\],21.16µm
u_ibex_top.u_ibex_core.cs_registers_i.mcycle_counter_i.counter\[21\],21.16µm
u_ibex_top.gen_regfile_ff.register_file_i.g_plain_rf.g_rf_flops\[26\].rf_reg_q\[27\],21.14µm
u_ibex_top.u_ibex_core.cs_registers_i.mcycle_counter_i.counter\[62\],21.14µm
_09107_,21.12µm
u_ibex_top.gen_regfile_ff.register_file_i.g_plain_rf.g_rf_flops\[25\].rf_reg_q\[19\],21.12µm
u_ibex_top.gen_regfile_ff.register_file_i.g_plain_rf.g_rf_flops\[28\].rf_reg_q\[6\],21.12µm
_07614_,21.1µm
u_ibex_top.u_ibex_core.cs_registers_i.dscratch1_q\[24\],21.1µm
net3783,21.1µm
_04167_,21.09µm
net2518,21.09µm
_03536_,21.08µm
_04297_,21.08µm
u_ibex_top.gen_regfile_ff.register_file_i.g_plain_rf.g_rf_flops\[5\].rf_reg_q\[25\],21.08µm
net829,21.08µm
u_ibex_top.gen_regfile_ff.register_file_i.g_plain_rf.g_rf_flops\[16\].rf_reg_q\[3\],21.06µm
_04410_,21.04µm
u_ibex_top.gen_regfile_ff.register_file_i.g_plain_rf.g_rf_flops\[2\].rf_reg_q\[9\],21.04µm
_05105_,21.02µm
_08056_,21.02µm
u_ibex_top.gen_regfile_ff.register_file_i.g_plain_rf.g_rf_flops\[24\].rf_reg_q\[19\],21.02µm
u_ibex_top.gen_regfile_ff.register_file_i.g_plain_rf.g_rf_flops\[27\].rf_reg_q\[25\],21.02µm
_04669_,21µm
_04714_,21µm
_09392_,21µm
u_ibex_top.gen_regfile_ff.register_file_i.g_plain_rf.g_rf_flops\[13\].rf_reg_q\[10\],21µm
u_ibex_top.gen_regfile_ff.register_file_i.g_plain_rf.g_rf_flops\[21\].rf_reg_q\[20\],21µm
u_ibex_top.gen_regfile_ff.register_file_i.g_plain_rf.g_rf_flops\[5\].rf_reg_q\[13\],21µm
u_ibex_top.u_ibex_core.cs_registers_i.dscratch1_q\[7\],21µm
_09808_,20.98µm
u_ibex_top.gen_regfile_ff.register_file_i.g_plain_rf.g_rf_flops\[23\].rf_reg_q\[18\],20.98µm
_02546_,20.96µm
u_ibex_top.gen_regfile_ff.register_file_i.g_plain_rf.g_rf_flops\[10\].rf_reg_q\[9\],20.96µm
u_ibex_top.gen_regfile_ff.register_file_i.g_plain_rf.g_rf_flops\[20\].rf_reg_q\[29\],20.96µm
_05889_,20.92µm
_07185_,20.92µm
u_ibex_top.gen_regfile_ff.register_file_i.g_plain_rf.g_rf_flops\[17\].rf_reg_q\[12\],20.92µm
_07952_,20.91µm
_08237_,20.91µm
_03737_,20.9µm
_04454_,20.9µm
u_ibex_top.gen_regfile_ff.register_file_i.g_plain_rf.g_rf_flops\[12\].rf_reg_q\[22\],20.9µm
u_ibex_top.crash_dump_o\[46\],20.88µm
u_ibex_top.crash_dump_o\[80\],20.88µm
u_ibex_top.gen_regfile_ff.register_file_i.g_plain_rf.g_rf_flops\[18\].rf_reg_q\[5\],20.88µm
u_ibex_top.gen_regfile_ff.register_file_i.g_plain_rf.g_rf_flops\[6\].rf_reg_q\[16\],20.88µm
u_ibex_top.u_ibex_core.if_stage_i.gen_prefetch_buffer.prefetch_buffer_i.fifo_i.rdata_q\[28\],20.88µm
u_ibex_top.gen_regfile_ff.register_file_i.g_plain_rf.g_rf_flops\[4\].rf_reg_q\[6\],20.86µm
u_ibex_top.u_ibex_core.cs_registers_i.mhpmcounter\[1886\],20.86µm
_03313_,20.84µm
u_ibex_top.gen_regfile_ff.register_file_i.g_plain_rf.g_rf_flops\[13\].rf_reg_q\[2\],20.84µm
u_ibex_top.gen_regfile_ff.register_file_i.g_plain_rf.g_rf_flops\[31\].rf_reg_q\[7\],20.82µm
u_ibex_top.u_ibex_core.load_store_unit_i.rdata_q\[16\],20.805µm
_03938_,20.8µm
_05245_,20.8µm
_05382_,20.8µm
_09230_,20.8µm
_09762_,20.8µm
u_ibex_top.gen_regfile_ff.register_file_i.g_plain_rf.g_rf_flops\[2\].rf_reg_q\[1\],20.8µm
u_ibex_top.gen_regfile_ff.register_file_i.g_plain_rf.g_rf_flops\[6\].rf_reg_q\[7\],20.8µm
_07777_,20.78µm
_07801_,20.78µm
u_ibex_top.gen_regfile_ff.register_file_i.g_plain_rf.g_rf_flops\[11\].rf_reg_q\[30\],20.78µm
u_ibex_top.gen_regfile_ff.register_file_i.g_plain_rf.g_rf_flops\[7\].rf_reg_q\[17\],20.78µm
_08833_,20.77µm
u_ibex_top.gen_regfile_ff.register_file_i.g_plain_rf.g_rf_flops\[10\].rf_reg_q\[6\],20.76µm
u_ibex_top.gen_regfile_ff.register_file_i.g_plain_rf.g_rf_flops\[22\].rf_reg_q\[25\],20.76µm
net2078,20.75µm
u_ibex_top.gen_regfile_ff.register_file_i.g_plain_rf.g_rf_flops\[24\].rf_reg_q\[16\],20.74µm
u_ibex_top.gen_regfile_ff.register_file_i.g_plain_rf.g_rf_flops\[26\].rf_reg_q\[6\],20.74µm
net1038,20.74µm
_04311_,20.73µm
u_ibex_top.gen_regfile_ff.register_file_i.g_plain_rf.g_rf_flops\[29\].rf_reg_q\[10\],20.72µm
_06957_,20.71µm
u_ibex_top.gen_regfile_ff.register_file_i.g_plain_rf.g_rf_flops\[22\].rf_reg_q\[11\],20.68µm
u_ibex_top.gen_regfile_ff.register_file_i.g_plain_rf.g_rf_flops\[7\].rf_reg_q\[0\],20.68µm
u_ibex_top.u_ibex_core.load_store_unit_i.rdata_q\[21\],20.68µm
_06506_,20.66µm
_07768_,20.66µm
_08196_,20.66µm
u_ibex_top.u_ibex_core.cs_registers_i.csr_mtvec_o\[13\],20.64µm
_09681_,20.62µm
net165,20.62µm
u_ibex_top.gen_regfile_ff.register_file_i.g_plain_rf.g_rf_flops\[24\].rf_reg_q\[20\],20.62µm
_08954_,20.61µm
_09428_,20.61µm
u_ibex_top.gen_regfile_ff.register_file_i.g_plain_rf.g_rf_flops\[28\].rf_reg_q\[17\],20.6µm
u_ibex_top.gen_regfile_ff.register_file_i.g_plain_rf.g_rf_flops\[30\].rf_reg_q\[1\],20.6µm
_04662_,20.59µm
_02134_,20.58µm
_03646_,20.58µm
_04576_,20.58µm
_00010_,20.56µm
_04294_,20.56µm
_05285_,20.56µm
u_ibex_top.gen_regfile_ff.register_file_i.g_plain_rf.g_rf_flops\[11\].rf_reg_q\[22\],20.56µm
_08831_,20.54µm
u_ibex_top.gen_regfile_ff.register_file_i.g_plain_rf.g_rf_flops\[13\].rf_reg_q\[19\],20.54µm
u_ibex_top.gen_regfile_ff.register_file_i.g_plain_rf.g_rf_flops\[7\].rf_reg_q\[8\],20.54µm
u_ibex_top.u_ibex_core.if_stage_i.gen_prefetch_buffer.prefetch_buffer_i.fifo_i.rdata_q\[25\],20.54µm
_04895_,20.52µm
_05753_,20.52µm
_08165_,20.52µm
net916,20.52µm
_05961_,20.5µm
u_ibex_top.gen_regfile_ff.register_file_i.g_plain_rf.g_rf_flops\[21\].rf_reg_q\[15\],20.5µm
u_ibex_top.gen_regfile_ff.register_file_i.g_plain_rf.g_rf_flops\[23\].rf_reg_q\[7\],20.5µm
u_ibex_top.gen_regfile_ff.register_file_i.g_plain_rf.g_rf_flops\[8\].rf_reg_q\[16\],20.5µm
_04394_,20.48µm
_04819_,20.48µm
_06810_,20.48µm
u_ibex_top.gen_regfile_ff.register_file_i.g_plain_rf.g_rf_flops\[31\].rf_reg_q\[31\],20.48µm
net2480,20.47µm
u_ibex_top.gen_regfile_ff.register_file_i.g_plain_rf.g_rf_flops\[31\].rf_reg_q\[4\],20.46µm
u_ibex_top.gen_regfile_ff.register_file_i.g_plain_rf.g_rf_flops\[9\].rf_reg_q\[21\],20.46µm
u_ibex_top.u_ibex_core.cs_registers_i.mcycle_counter_i.counter\[58\],20.46µm
u_ibex_top.u_ibex_core.ex_block_i.gen_multdiv_fast.multdiv_i.op_numerator_q\[4\],20.46µm
_03886_,20.44µm
_09830_,20.42µm
u_ibex_top.crash_dump_o\[12\],20.42µm
u_ibex_top.gen_regfile_ff.register_file_i.g_plain_rf.g_rf_flops\[8\].rf_reg_q\[22\],20.42µm
u_ibex_top.u_ibex_core.cs_registers_i.mcycle_counter_i.counter\[3\],20.42µm
u_ibex_top.u_ibex_core.load_store_unit_i.rdata_q\[19\],20.42µm
_08500_,20.41µm
_08570_,20.4µm
u_ibex_top.gen_regfile_ff.register_file_i.g_plain_rf.g_rf_flops\[18\].rf_reg_q\[28\],20.4µm
_09257_,20.39µm
_03850_,20.38µm
_05628_,20.38µm
u_ibex_top.gen_regfile_ff.register_file_i.g_plain_rf.g_rf_flops\[4\].rf_reg_q\[21\],20.38µm
_01963_,20.36µm
net127,20.36µm
u_ibex_top.gen_regfile_ff.register_file_i.g_plain_rf.g_rf_flops\[11\].rf_reg_q\[8\],20.36µm
u_ibex_top.gen_regfile_ff.register_file_i.g_plain_rf.g_rf_flops\[24\].rf_reg_q\[9\],20.36µm
_07437_,20.34µm
u_ibex_top.gen_regfile_ff.register_file_i.g_plain_rf.g_rf_flops\[12\].rf_reg_q\[26\],20.34µm
u_ibex_top.gen_regfile_ff.register_file_i.g_plain_rf.g_rf_flops\[4\].rf_reg_q\[11\],20.34µm
_02204_,20.32µm
_07399_,20.32µm
_07696_,20.32µm
u_ibex_top.crash_dump_o\[159\],20.305µm
_04257_,20.28µm
u_ibex_top.gen_regfile_ff.register_file_i.g_plain_rf.g_rf_flops\[26\].rf_reg_q\[24\],20.28µm
u_ibex_top.gen_regfile_ff.register_file_i.g_plain_rf.g_rf_flops\[2\].rf_reg_q\[21\],20.28µm
u_ibex_top.u_ibex_core.cs_registers_i.mie_q\[7\],20.28µm
net609,20.28µm
_01953_,20.27µm
_09765_,20.26µm
u_ibex_top.gen_regfile_ff.register_file_i.g_plain_rf.g_rf_flops\[20\].rf_reg_q\[30\],20.26µm
_05011_,20.24µm
_06106_,20.24µm
_06442_,20.24µm
_06641_,20.24µm
_07134_,20.24µm
u_ibex_top.gen_regfile_ff.register_file_i.g_plain_rf.g_rf_flops\[17\].rf_reg_q\[30\],20.24µm
_07500_,20.22µm
u_ibex_top.gen_regfile_ff.register_file_i.g_plain_rf.g_rf_flops\[22\].rf_reg_q\[31\],20.22µm
u_ibex_top.crash_dump_o\[27\],20.205µm
_07793_,20.2µm
_07982_,20.2µm
_08405_,20.2µm
u_ibex_top.gen_regfile_ff.register_file_i.g_plain_rf.g_rf_flops\[18\].rf_reg_q\[12\],20.2µm
u_ibex_top.gen_regfile_ff.register_file_i.g_plain_rf.g_rf_flops\[1\].rf_reg_q\[11\],20.185µm
_03561_,20.18µm
_06279_,20.18µm
_07726_,20.18µm
_09732_,20.16µm
u_ibex_top.gen_regfile_ff.register_file_i.g_plain_rf.g_rf_flops\[13\].rf_reg_q\[25\],20.16µm
u_ibex_top.gen_regfile_ff.register_file_i.g_plain_rf.g_rf_flops\[20\].rf_reg_q\[21\],20.16µm
u_ibex_top.gen_regfile_ff.register_file_i.g_plain_rf.g_rf_flops\[21\].rf_reg_q\[24\],20.16µm
_07568_,20.15µm
u_ibex_top.gen_regfile_ff.register_file_i.g_plain_rf.g_rf_flops\[24\].rf_reg_q\[27\],20.14µm
u_ibex_top.u_ibex_core.ex_block_i.alu_i.g_no_alu_rvb.unused_imd_val_q\[26\],20.135µm
_04630_,20.12µm
_06572_,20.12µm
_05217_,20.1µm
_05898_,20.1µm
u_ibex_top.gen_regfile_ff.register_file_i.g_plain_rf.g_rf_flops\[17\].rf_reg_q\[6\],20.1µm
u_ibex_top.u_ibex_core.ex_block_i.gen_multdiv_fast.multdiv_i.op_quotient_q\[18\],20.1µm
_02364_,20.08µm
_06147_,20.08µm
u_ibex_top.gen_regfile_ff.register_file_i.g_plain_rf.g_rf_flops\[10\].rf_reg_q\[1\],20.08µm
u_ibex_top.gen_regfile_ff.register_file_i.g_plain_rf.g_rf_flops\[12\].rf_reg_q\[27\],20.08µm
u_ibex_top.gen_regfile_ff.register_file_i.g_plain_rf.g_rf_flops\[13\].rf_reg_q\[21\],20.08µm
u_ibex_top.u_ibex_core.cs_registers_i.dscratch1_q\[15\],20.08µm
net2182,20.08µm
_04470_,20.06µm
u_ibex_top.gen_regfile_ff.register_file_i.g_plain_rf.g_rf_flops\[13\].rf_reg_q\[1\],20.04µm
u_ibex_top.gen_regfile_ff.register_file_i.g_plain_rf.g_rf_flops\[23\].rf_reg_q\[20\],20.04µm
u_ibex_top.gen_regfile_ff.register_file_i.g_plain_rf.g_rf_flops\[28\].rf_reg_q\[22\],20.01µm
u_ibex_top.gen_regfile_ff.register_file_i.g_plain_rf.g_rf_flops\[18\].rf_reg_q\[27\],20µm
_04956_,19.98µm
_05010_,19.98µm
u_ibex_top.gen_regfile_ff.register_file_i.g_plain_rf.g_rf_flops\[16\].rf_reg_q\[14\],19.98µm
_07938_,19.96µm
u_ibex_top.gen_regfile_ff.register_file_i.g_plain_rf.g_rf_flops\[2\].rf_reg_q\[3\],19.96µm
u_ibex_top.gen_regfile_ff.register_file_i.g_plain_rf.g_rf_flops\[5\].rf_reg_q\[30\],19.96µm
u_ibex_top.gen_regfile_ff.register_file_i.g_plain_rf.g_rf_flops\[20\].rf_reg_q\[28\],19.94µm
_04883_,19.93µm
_03846_,19.92µm
_08590_,19.92µm
u_ibex_top.gen_regfile_ff.register_file_i.g_plain_rf.g_rf_flops\[16\].rf_reg_q\[19\],19.92µm
u_ibex_top.gen_regfile_ff.register_file_i.g_plain_rf.g_rf_flops\[6\].rf_reg_q\[5\],19.92µm
u_ibex_top.u_ibex_core.cs_registers_i.csr_mstatus_tw_o,19.92µm
u_ibex_top.gen_regfile_ff.register_file_i.g_plain_rf.g_rf_flops\[22\].rf_reg_q\[4\],19.9µm
u_ibex_top.gen_regfile_ff.register_file_i.g_plain_rf.g_rf_flops\[2\].rf_reg_q\[13\],19.9µm
_04395_,19.88µm
_07901_,19.88µm
u_ibex_top.gen_regfile_ff.register_file_i.g_plain_rf.g_rf_flops\[27\].rf_reg_q\[2\],19.88µm
u_ibex_top.gen_regfile_ff.register_file_i.g_plain_rf.g_rf_flops\[9\].rf_reg_q\[22\],19.88µm
_09673_,19.87µm
_02232_,19.86µm
_02476_,19.86µm
_05310_,19.86µm
_07827_,19.86µm
_08447_,19.86µm
u_ibex_top.gen_regfile_ff.register_file_i.g_plain_rf.g_rf_flops\[19\].rf_reg_q\[26\],19.86µm
_04625_,19.84µm
_09394_,19.84µm
u_ibex_top.gen_regfile_ff.register_file_i.g_plain_rf.g_rf_flops\[12\].rf_reg_q\[14\],19.84µm
u_ibex_top.gen_regfile_ff.register_file_i.g_plain_rf.g_rf_flops\[1\].rf_reg_q\[29\],19.835µm
u_ibex_top.gen_regfile_ff.register_file_i.g_plain_rf.g_rf_flops\[11\].rf_reg_q\[9\],19.82µm
u_ibex_top.gen_regfile_ff.register_file_i.g_plain_rf.g_rf_flops\[17\].rf_reg_q\[25\],19.82µm
u_ibex_top.gen_regfile_ff.register_file_i.g_plain_rf.g_rf_flops\[2\].rf_reg_q\[4\],19.82µm
u_ibex_top.gen_regfile_ff.register_file_i.g_plain_rf.g_rf_flops\[6\].rf_reg_q\[18\],19.82µm
u_ibex_top.u_ibex_core.ex_block_i.gen_multdiv_fast.multdiv_i.gen_mult_fast.mult_state_q\[0\],19.82µm
u_ibex_top.gen_regfile_ff.register_file_i.g_plain_rf.g_rf_flops\[21\].rf_reg_q\[21\],19.8µm
_04568_,19.78µm
_05075_,19.78µm
_06857_,19.78µm
_08334_,19.78µm
_09624_,19.78µm
_09752_,19.78µm
_09816_,19.78µm
u_ibex_top.gen_regfile_ff.register_file_i.g_plain_rf.g_rf_flops\[13\].rf_reg_q\[7\],19.78µm
u_ibex_top.gen_regfile_ff.register_file_i.g_plain_rf.g_rf_flops\[8\].rf_reg_q\[31\],19.76µm
u_ibex_top.gen_regfile_ff.register_file_i.g_plain_rf.g_rf_flops\[11\].rf_reg_q\[18\],19.75µm
_04014_,19.74µm
_04110_,19.74µm
_05017_,19.74µm
_07800_,19.74µm
_08090_,19.74µm
_09043_,19.74µm
_09809_,19.74µm
u_ibex_top.gen_regfile_ff.register_file_i.g_plain_rf.g_rf_flops\[17\].rf_reg_q\[29\],19.74µm
u_ibex_top.gen_regfile_ff.register_file_i.g_plain_rf.g_rf_flops\[29\].rf_reg_q\[17\],19.74µm
_08124_,19.72µm
u_ibex_top.crash_dump_o\[127\],19.72µm
net3773,19.72µm
_05206_,19.7µm
_09454_,19.7µm
u_ibex_top.gen_regfile_ff.register_file_i.g_plain_rf.g_rf_flops\[9\].rf_reg_q\[24\],19.7µm
u_ibex_top.u_ibex_core.cs_registers_i.mcycle_counter_i.counter\[9\],19.7µm
u_ibex_top.u_ibex_core.cs_registers_i.mhpmcounter\[1871\],19.7µm
u_ibex_top.u_ibex_core.ex_block_i.gen_multdiv_fast.multdiv_i.op_numerator_q\[5\],19.7µm
u_ibex_top.u_ibex_core.id_stage_i.controller_i.instr_compressed_i\[0\],19.7µm
_02503_,19.66µm
_02752_,19.66µm
_03540_,19.66µm
_03847_,19.66µm
_05491_,19.64µm
_06297_,19.64µm
_07425_,19.64µm
u_ibex_top.crash_dump_o\[79\],19.63µm
_03841_,19.62µm
_04378_,19.62µm
_05891_,19.62µm
u_ibex_top.gen_regfile_ff.register_file_i.g_plain_rf.g_rf_flops\[1\].rf_reg_q\[12\],19.615µm
u_ibex_top.gen_regfile_ff.register_file_i.g_plain_rf.g_rf_flops\[16\].rf_reg_q\[12\],19.6µm
_01992_,19.58µm
u_ibex_top.u_ibex_core.if_stage_i.gen_prefetch_buffer.prefetch_buffer_i.fifo_i.rdata_q\[22\],19.58µm
_05742_,19.56µm
_07346_,19.56µm
u_ibex_top.u_ibex_core.cs_registers_i.dscratch1_q\[20\],19.56µm
_04864_,19.54µm
_09145_,19.54µm
u_ibex_top.gen_regfile_ff.register_file_i.g_plain_rf.g_rf_flops\[15\].rf_reg_q\[15\],19.54µm
u_ibex_top.gen_regfile_ff.register_file_i.g_plain_rf.g_rf_flops\[21\].rf_reg_q\[1\],19.54µm
u_ibex_top.u_ibex_core.ex_block_i.gen_multdiv_fast.multdiv_i.op_quotient_q\[9\],19.54µm
_05009_,19.52µm
_09390_,19.52µm
_09801_,19.52µm
_02277_,19.5µm
_05013_,19.5µm
_06199_,19.5µm
_07916_,19.5µm
_09768_,19.5µm
u_ibex_top.gen_regfile_ff.register_file_i.g_plain_rf.g_rf_flops\[21\].rf_reg_q\[11\],19.5µm
_09464_,19.49µm
_02486_,19.48µm
_02487_,19.48µm
_05578_,19.48µm
_07849_,19.48µm
u_ibex_top.gen_regfile_ff.register_file_i.g_plain_rf.g_rf_flops\[19\].rf_reg_q\[27\],19.48µm
u_ibex_top.gen_regfile_ff.register_file_i.g_plain_rf.g_rf_flops\[7\].rf_reg_q\[15\],19.48µm
_04089_,19.46µm
_05763_,19.46µm
u_ibex_top.gen_regfile_ff.register_file_i.g_plain_rf.g_rf_flops\[13\].rf_reg_q\[13\],19.46µm
net2325,19.45µm
net2379,19.45µm
_07343_,19.44µm
_09027_,19.44µm
u_ibex_top.gen_regfile_ff.register_file_i.g_plain_rf.g_rf_flops\[12\].rf_reg_q\[12\],19.44µm
_02294_,19.42µm
_04791_,19.42µm
_05342_,19.42µm
_07493_,19.42µm
_08935_,19.42µm
u_ibex_top.crash_dump_o\[10\],19.42µm
u_ibex_top.gen_regfile_ff.register_file_i.g_plain_rf.g_rf_flops\[10\].rf_reg_q\[18\],19.42µm
u_ibex_top.u_ibex_core.cs_registers_i.mstack_cause_q\[4\],19.42µm
_02529_,19.4µm
_03652_,19.4µm
_04090_,19.4µm
_04420_,19.4µm
_08881_,19.4µm
u_ibex_top.gen_regfile_ff.register_file_i.g_plain_rf.g_rf_flops\[11\].rf_reg_q\[24\],19.4µm
_04827_,19.39µm
u_ibex_top.crash_dump_o\[32\],19.39µm
_09754_,19.38µm
u_ibex_top.gen_regfile_ff.register_file_i.g_plain_rf.g_rf_flops\[19\].rf_reg_q\[31\],19.38µm
u_ibex_top.gen_regfile_ff.register_file_i.g_plain_rf.g_rf_flops\[1\].rf_reg_q\[28\],19.38µm
net785,19.38µm
u_ibex_top.gen_regfile_ff.register_file_i.g_plain_rf.g_rf_flops\[18\].rf_reg_q\[4\],19.375µm
_03813_,19.36µm
_06771_,19.36µm
net3502,19.36µm
u_ibex_top.gen_regfile_ff.register_file_i.g_plain_rf.g_rf_flops\[29\].rf_reg_q\[5\],19.32µm
u_ibex_top.gen_regfile_ff.register_file_i.g_plain_rf.g_rf_flops\[19\].rf_reg_q\[8\],19.3µm
u_ibex_top.gen_regfile_ff.register_file_i.g_plain_rf.g_rf_flops\[3\].rf_reg_q\[27\],19.3µm
u_ibex_top.gen_regfile_ff.register_file_i.g_plain_rf.g_rf_flops\[7\].rf_reg_q\[2\],19.3µm
net2448,19.29µm
_06177_,19.285µm
_04272_,19.28µm
_04310_,19.28µm
_05466_,19.28µm
_06534_,19.28µm
u_ibex_top.u_ibex_core.load_store_unit_i.lsu_err_q,19.28µm
u_ibex_top.gen_regfile_ff.register_file_i.g_plain_rf.g_rf_flops\[10\].rf_reg_q\[31\],19.26µm
net3266,19.26µm
_09210_,19.24µm
_09380_,19.24µm
u_ibex_top.gen_regfile_ff.register_file_i.g_plain_rf.g_rf_flops\[6\].rf_reg_q\[10\],19.24µm
u_ibex_top.gen_regfile_ff.register_file_i.g_plain_rf.g_rf_flops\[8\].rf_reg_q\[3\],19.24µm
u_ibex_top.gen_regfile_ff.register_file_i.g_plain_rf.g_rf_flops\[9\].rf_reg_q\[9\],19.24µm
u_ibex_top.u_ibex_core.cs_registers_i.csr_mtvec_o\[16\],19.24µm
_05558_,19.23µm
_09764_,19.23µm
_07868_,19.22µm
u_ibex_top.gen_regfile_ff.register_file_i.g_plain_rf.g_rf_flops\[3\].rf_reg_q\[10\],19.22µm
u_ibex_top.gen_regfile_ff.register_file_i.g_plain_rf.g_rf_flops\[7\].rf_reg_q\[19\],19.22µm
u_ibex_top.u_ibex_core.cs_registers_i.mhpmcounter\[1912\],19.22µm
_02210_,19.2µm
_02320_,19.2µm
_09250_,19.2µm
u_ibex_top.gen_regfile_ff.register_file_i.g_plain_rf.g_rf_flops\[17\].rf_reg_q\[3\],19.2µm
u_ibex_top.gen_regfile_ff.register_file_i.g_plain_rf.g_rf_flops\[19\].rf_reg_q\[3\],19.2µm
u_ibex_top.gen_regfile_ff.register_file_i.g_plain_rf.g_rf_flops\[23\].rf_reg_q\[0\],19.2µm
u_ibex_top.gen_regfile_ff.register_file_i.g_plain_rf.g_rf_flops\[8\].rf_reg_q\[0\],19.2µm
_04122_,19.18µm
_09644_,19.18µm
_05071_,19.16µm
_05616_,19.16µm
u_ibex_top.gen_regfile_ff.register_file_i.g_plain_rf.g_rf_flops\[14\].rf_reg_q\[26\],19.16µm
u_ibex_top.gen_regfile_ff.register_file_i.g_plain_rf.g_rf_flops\[5\].rf_reg_q\[21\],19.16µm
u_ibex_top.u_ibex_core.ex_block_i.alu_i.g_no_alu_rvb.unused_imd_val_q\[23\],19.145µm
_07983_,19.14µm
u_ibex_top.gen_regfile_ff.register_file_i.g_plain_rf.g_rf_flops\[17\].rf_reg_q\[19\],19.14µm
u_ibex_top.gen_regfile_ff.register_file_i.g_plain_rf.g_rf_flops\[19\].rf_reg_q\[10\],19.14µm
_08171_,19.12µm
u_ibex_top.gen_regfile_ff.register_file_i.g_plain_rf.g_rf_flops\[29\].rf_reg_q\[0\],19.12µm
u_ibex_top.u_ibex_core.cs_registers_i.mhpmcounter\[1894\],19.12µm
u_ibex_top.u_ibex_core.if_stage_i.gen_prefetch_buffer.prefetch_buffer_i.fifo_i.rdata_q\[49\],19.12µm
u_ibex_top.gen_regfile_ff.register_file_i.g_plain_rf.g_rf_flops\[22\].rf_reg_q\[17\],19.1µm
u_ibex_top.gen_regfile_ff.register_file_i.g_plain_rf.g_rf_flops\[3\].rf_reg_q\[2\],19.1µm
net2086,19.1µm
_08691_,19.08µm
u_ibex_top.u_ibex_core.cs_registers_i.csr_mtvec_o\[29\],19.08µm
_05325_,19.06µm
_06243_,19.06µm
_07721_,19.06µm
_08286_,19.06µm
u_ibex_top.gen_regfile_ff.register_file_i.g_plain_rf.g_rf_flops\[12\].rf_reg_q\[18\],19.06µm
u_ibex_top.gen_regfile_ff.register_file_i.g_plain_rf.g_rf_flops\[28\].rf_reg_q\[3\],19.06µm
_05500_,19.04µm
_09044_,19.04µm
u_ibex_top.gen_regfile_ff.register_file_i.g_plain_rf.g_rf_flops\[26\].rf_reg_q\[11\],19.04µm
u_ibex_top.gen_regfile_ff.register_file_i.g_plain_rf.g_rf_flops\[6\].rf_reg_q\[22\],19.04µm
net1182,19.04µm
_06668_,19.025µm
_02264_,19.02µm
_04105_,19.02µm
_06395_,19.02µm
_08792_,19.02µm
u_ibex_top.gen_regfile_ff.register_file_i.g_plain_rf.g_rf_flops\[13\].rf_reg_q\[12\],19.02µm
u_ibex_top.gen_regfile_ff.register_file_i.g_plain_rf.g_rf_flops\[19\].rf_reg_q\[9\],19.02µm
u_ibex_top.gen_regfile_ff.register_file_i.g_plain_rf.g_rf_flops\[8\].rf_reg_q\[17\],19.02µm
net810,19.02µm
net3356,19.02µm
net3674,19.02µm
_05900_,19µm
u_ibex_top.gen_regfile_ff.register_file_i.g_plain_rf.g_rf_flops\[27\].rf_reg_q\[6\],19µm
u_ibex_top.gen_regfile_ff.register_file_i.g_plain_rf.g_rf_flops\[29\].rf_reg_q\[25\],19µm
u_ibex_top.gen_regfile_ff.register_file_i.g_plain_rf.g_rf_flops\[5\].rf_reg_q\[9\],19µm
net3702,19µm
net4085,19µm
net2457,18.99µm
_09781_,18.985µm
_03029_,18.98µm
_07123_,18.98µm
_08036_,18.98µm
u_ibex_top.gen_regfile_ff.register_file_i.g_plain_rf.g_rf_flops\[24\].rf_reg_q\[0\],18.98µm
_04908_,18.96µm
u_ibex_top.gen_regfile_ff.register_file_i.g_plain_rf.g_rf_flops\[28\].rf_reg_q\[31\],18.96µm
_00895_,18.94µm
_03616_,18.94µm
_03843_,18.94µm
_08104_,18.94µm
u_ibex_top.clock_en,18.94µm
u_ibex_top.gen_regfile_ff.register_file_i.g_plain_rf.g_rf_flops\[2\].rf_reg_q\[17\],18.94µm
net3309,18.94µm
_05227_,18.92µm
_05620_,18.92µm
_06465_,18.92µm
_08825_,18.92µm
u_ibex_top.gen_regfile_ff.register_file_i.g_plain_rf.g_rf_flops\[14\].rf_reg_q\[10\],18.92µm
_05847_,18.9µm
_06650_,18.9µm
u_ibex_top.gen_regfile_ff.register_file_i.g_plain_rf.g_rf_flops\[11\].rf_reg_q\[19\],18.9µm
u_ibex_top.gen_regfile_ff.register_file_i.g_plain_rf.g_rf_flops\[2\].rf_reg_q\[5\],18.9µm
u_ibex_top.gen_regfile_ff.register_file_i.g_plain_rf.g_rf_flops\[7\].rf_reg_q\[5\],18.9µm
u_ibex_top.u_ibex_core.ex_block_i.alu_i.g_no_alu_rvb.unused_imd_val_q\[16\],18.885µm
_08719_,18.88µm
u_ibex_top.gen_regfile_ff.register_file_i.g_plain_rf.g_rf_flops\[10\].rf_reg_q\[29\],18.88µm
u_ibex_top.gen_regfile_ff.register_file_i.g_plain_rf.g_rf_flops\[6\].rf_reg_q\[19\],18.88µm
u_ibex_top.u_ibex_core.cs_registers_i.mstack_epc_q\[8\],18.88µm
_04747_,18.86µm
_06030_,18.86µm
_09488_,18.86µm
u_ibex_top.gen_regfile_ff.register_file_i.g_plain_rf.g_rf_flops\[24\].rf_reg_q\[18\],18.86µm
u_ibex_top.gen_regfile_ff.register_file_i.g_plain_rf.g_rf_flops\[7\].rf_reg_q\[28\],18.86µm
u_ibex_top.gen_regfile_ff.register_file_i.g_plain_rf.g_rf_flops\[9\].rf_reg_q\[11\],18.86µm
_05972_,18.845µm
_08983_,18.84µm
_09487_,18.84µm
net131,18.84µm
u_ibex_top.u_ibex_core.cs_registers_i.mstack_epc_q\[9\],18.84µm
u_ibex_top.u_ibex_core.if_stage_i.gen_prefetch_buffer.prefetch_buffer_i.fifo_i.rdata_q\[56\],18.84µm
_02832_,18.82µm
_05482_,18.82µm
_07414_,18.82µm
_08413_,18.82µm
u_ibex_top.gen_regfile_ff.register_file_i.g_plain_rf.g_rf_flops\[4\].rf_reg_q\[26\],18.82µm
net1043,18.82µm
u_ibex_top.gen_regfile_ff.register_file_i.g_plain_rf.g_rf_flops\[13\].rf_reg_q\[14\],18.8µm
_03010_,18.78µm
u_ibex_top.gen_regfile_ff.register_file_i.g_plain_rf.g_rf_flops\[25\].rf_reg_q\[21\],18.78µm
u_ibex_top.gen_regfile_ff.register_file_i.g_plain_rf.g_rf_flops\[3\].rf_reg_q\[18\],18.78µm
net3045,18.78µm
_05964_,18.76µm
_06302_,18.76µm
u_ibex_top.gen_regfile_ff.register_file_i.g_plain_rf.g_rf_flops\[15\].rf_reg_q\[26\],18.75µm
u_ibex_top.gen_regfile_ff.register_file_i.g_plain_rf.g_rf_flops\[8\].rf_reg_q\[29\],18.75µm
_03242_,18.74µm
_05106_,18.74µm
_07900_,18.74µm
_09037_,18.74µm
u_ibex_top.gen_regfile_ff.register_file_i.g_plain_rf.g_rf_flops\[11\].rf_reg_q\[20\],18.74µm
u_ibex_top.gen_regfile_ff.register_file_i.g_plain_rf.g_rf_flops\[30\].rf_reg_q\[12\],18.74µm
u_ibex_top.u_ibex_core.cs_registers_i.mcycle_counter_i.counter\[60\],18.74µm
u_ibex_top.u_ibex_core.id_stage_i.controller_i.instr_compressed_i\[10\],18.74µm
_08229_,18.73µm
net2602,18.73µm
_06354_,18.72µm
u_ibex_top.gen_regfile_ff.register_file_i.g_plain_rf.g_rf_flops\[11\].rf_reg_q\[7\],18.7µm
u_ibex_top.gen_regfile_ff.register_file_i.g_plain_rf.g_rf_flops\[25\].rf_reg_q\[13\],18.7µm
net3388,18.7µm
_08197_,18.695µm
_05369_,18.68µm
u_ibex_top.gen_regfile_ff.register_file_i.g_plain_rf.g_rf_flops\[30\].rf_reg_q\[30\],18.68µm
u_ibex_top.gen_regfile_ff.register_file_i.g_plain_rf.g_rf_flops\[6\].rf_reg_q\[24\],18.68µm
u_ibex_top.u_ibex_core.cs_registers_i.dscratch1_q\[0\],18.665µm
u_ibex_top.gen_regfile_ff.register_file_i.g_plain_rf.g_rf_flops\[29\].rf_reg_q\[15\],18.66µm
u_ibex_top.gen_regfile_ff.register_file_i.g_plain_rf.g_rf_flops\[10\].rf_reg_q\[10\],18.64µm
u_ibex_top.gen_regfile_ff.register_file_i.g_plain_rf.g_rf_flops\[26\].rf_reg_q\[7\],18.64µm
net1101,18.64µm
net2591,18.64µm
u_ibex_top.gen_regfile_ff.register_file_i.g_plain_rf.g_rf_flops\[12\].rf_reg_q\[19\],18.62µm
u_ibex_top.u_ibex_core.id_stage_i.controller_i.exc_req_d,18.62µm
_05912_,18.6µm
u_ibex_top.crash_dump_o\[77\],18.6µm
u_ibex_top.gen_regfile_ff.register_file_i.g_plain_rf.g_rf_flops\[12\].rf_reg_q\[7\],18.6µm
u_ibex_top.gen_regfile_ff.register_file_i.g_plain_rf.g_rf_flops\[31\].rf_reg_q\[18\],18.6µm
_05747_,18.59µm
_04803_,18.58µm
u_ibex_top.gen_regfile_ff.register_file_i.g_plain_rf.g_rf_flops\[14\].rf_reg_q\[29\],18.58µm
u_ibex_top.gen_regfile_ff.register_file_i.g_plain_rf.g_rf_flops\[24\].rf_reg_q\[12\],18.58µm
u_ibex_top.gen_regfile_ff.register_file_i.g_plain_rf.g_rf_flops\[29\].rf_reg_q\[20\],18.58µm
_06415_,18.56µm
_02051_,18.54µm
_03852_,18.54µm
_06467_,18.54µm
_02416_,18.52µm
_06079_,18.52µm
_06552_,18.52µm
_05701_,18.5µm
_04405_,18.49µm
_07260_,18.48µm
_08276_,18.48µm
_09610_,18.48µm
u_ibex_top.gen_regfile_ff.register_file_i.g_plain_rf.g_rf_flops\[10\].rf_reg_q\[3\],18.48µm
u_ibex_top.gen_regfile_ff.register_file_i.g_plain_rf.g_rf_flops\[4\].rf_reg_q\[2\],18.48µm
_05566_,18.46µm
_06227_,18.46µm
_07072_,18.46µm
_09670_,18.46µm
u_ibex_top.gen_regfile_ff.register_file_i.g_plain_rf.g_rf_flops\[17\].rf_reg_q\[24\],18.46µm
u_ibex_top.gen_regfile_ff.register_file_i.g_plain_rf.g_rf_flops\[4\].rf_reg_q\[24\],18.46µm
_08610_,18.44µm
_09647_,18.44µm
u_ibex_top.gen_regfile_ff.register_file_i.g_plain_rf.g_rf_flops\[26\].rf_reg_q\[22\],18.44µm
_08601_,18.42µm
_02058_,18.4µm
_02152_,18.4µm
_05639_,18.4µm
_08175_,18.4µm
u_ibex_top.gen_regfile_ff.register_file_i.g_plain_rf.g_rf_flops\[15\].rf_reg_q\[7\],18.4µm
u_ibex_top.gen_regfile_ff.register_file_i.g_plain_rf.g_rf_flops\[20\].rf_reg_q\[24\],18.4µm
u_ibex_top.u_ibex_core.cs_registers_i.mstack_epc_q\[22\],18.4µm
net2785,18.4µm
_06807_,18.38µm
_07957_,18.37µm
_02494_,18.36µm
_05813_,18.36µm
_08767_,18.36µm
u_ibex_top.gen_regfile_ff.register_file_i.g_plain_rf.g_rf_flops\[15\].rf_reg_q\[0\],18.36µm
u_ibex_top.gen_regfile_ff.register_file_i.g_plain_rf.g_rf_flops\[4\].rf_reg_q\[9\],18.36µm
u_ibex_top.gen_regfile_ff.register_file_i.g_plain_rf.g_rf_flops\[7\].rf_reg_q\[10\],18.36µm
net3731,18.36µm
net3996,18.36µm
_02460_,18.34µm
_06408_,18.34µm
u_ibex_top.gen_regfile_ff.register_file_i.g_plain_rf.g_rf_flops\[5\].rf_reg_q\[29\],18.34µm
net4362,18.34µm
_08440_,18.32µm
_08605_,18.32µm
u_ibex_top.crash_dump_o\[94\],18.32µm
u_ibex_top.gen_regfile_ff.register_file_i.g_plain_rf.g_rf_flops\[15\].rf_reg_q\[18\],18.32µm
u_ibex_top.gen_regfile_ff.register_file_i.g_plain_rf.g_rf_flops\[17\].rf_reg_q\[27\],18.32µm
u_ibex_top.gen_regfile_ff.register_file_i.g_plain_rf.g_rf_flops\[21\].rf_reg_q\[4\],18.32µm
clknet_1_1__leaf_clk_i_regs,18.32µm
u_ibex_top.u_ibex_core.cs_registers_i.mstack_epc_q\[2\],18.295µm
_09425_,18.29µm
net2403,18.29µm
_07866_,18.28µm
_08830_,18.28µm
u_ibex_top.gen_regfile_ff.register_file_i.g_plain_rf.g_rf_flops\[11\].rf_reg_q\[25\],18.28µm
u_ibex_top.gen_regfile_ff.register_file_i.g_plain_rf.g_rf_flops\[1\].rf_reg_q\[16\],18.28µm
u_ibex_top.gen_regfile_ff.register_file_i.g_plain_rf.g_rf_flops\[22\].rf_reg_q\[3\],18.28µm
_06175_,18.26µm
u_ibex_top.gen_regfile_ff.register_file_i.g_plain_rf.g_rf_flops\[10\].rf_reg_q\[7\],18.25µm
_06490_,18.24µm
_07694_,18.24µm
_07759_,18.24µm
u_ibex_top.crash_dump_o\[9\],18.24µm
u_ibex_top.gen_regfile_ff.register_file_i.g_plain_rf.g_rf_flops\[12\].rf_reg_q\[25\],18.24µm
_07397_,18.22µm
_07605_,18.22µm
_07619_,18.22µm
net3760,18.22µm
net3925,18.22µm
_04399_,18.2µm
_04807_,18.2µm
_05458_,18.2µm
_06555_,18.2µm
_06789_,18.2µm
u_ibex_top.gen_regfile_ff.register_file_i.g_plain_rf.g_rf_flops\[10\].rf_reg_q\[25\],18.2µm
u_ibex_top.gen_regfile_ff.register_file_i.g_plain_rf.g_rf_flops\[4\].rf_reg_q\[22\],18.2µm
u_ibex_top.gen_regfile_ff.register_file_i.g_plain_rf.g_rf_flops\[7\].rf_reg_q\[31\],18.2µm
_04337_,18.195µm
u_ibex_top.gen_regfile_ff.register_file_i.g_plain_rf.g_rf_flops\[18\].rf_reg_q\[1\],18.18µm
_02077_,18.16µm
_02784_,18.16µm
_04673_,18.16µm
u_ibex_top.gen_regfile_ff.register_file_i.g_plain_rf.g_rf_flops\[31\].rf_reg_q\[11\],18.16µm
u_ibex_top.u_ibex_core.cs_registers_i.mcycle_counter_i.counter\[61\],18.16µm
u_ibex_top.u_ibex_core.ex_block_i.alu_i.g_no_alu_rvb.unused_imd_val_q\[19\],18.145µm
_05220_,18.14µm
_06811_,18.14µm
_08062_,18.14µm
u_ibex_top.gen_regfile_ff.register_file_i.g_plain_rf.g_rf_flops\[17\].rf_reg_q\[16\],18.14µm
_07698_,18.13µm
_06510_,18.12µm
_06629_,18.12µm
net153,18.12µm
u_ibex_top.gen_regfile_ff.register_file_i.g_plain_rf.g_rf_flops\[13\].rf_reg_q\[3\],18.12µm
net3987,18.12µm
_09642_,18.1µm
u_ibex_top.gen_regfile_ff.register_file_i.g_plain_rf.g_rf_flops\[27\].rf_reg_q\[17\],18.1µm
u_ibex_top.gen_regfile_ff.register_file_i.g_plain_rf.g_rf_flops\[10\].rf_reg_q\[2\],18.09µm
data_rdata_i[10],18.09µm
_06242_,18.085µm
_08768_,18.08µm
_09058_,18.08µm
u_ibex_top.gen_regfile_ff.register_file_i.g_plain_rf.g_rf_flops\[30\].rf_reg_q\[3\],18.08µm
u_ibex_top.u_ibex_core.cs_registers_i.dcsr_q\[12\],18.08µm
_02266_,18.04µm
_03975_,18.04µm
_04979_,18.04µm
_06414_,18.04µm
u_ibex_top.gen_regfile_ff.register_file_i.g_plain_rf.g_rf_flops\[31\].rf_reg_q\[23\],18.04µm
_08289_,18.02µm
_08919_,18.02µm
u_ibex_top.gen_regfile_ff.register_file_i.g_plain_rf.g_rf_flops\[13\].rf_reg_q\[16\],18.02µm
u_ibex_top.gen_regfile_ff.register_file_i.g_plain_rf.g_rf_flops\[16\].rf_reg_q\[29\],18.02µm
u_ibex_top.gen_regfile_ff.register_file_i.g_plain_rf.g_rf_flops\[27\].rf_reg_q\[22\],18.02µm
u_ibex_top.gen_regfile_ff.register_file_i.g_plain_rf.g_rf_flops\[8\].rf_reg_q\[9\],18.02µm
u_ibex_top.gen_regfile_ff.register_file_i.g_plain_rf.g_rf_flops\[5\].rf_reg_q\[20\],18µm
net2807,18µm
_09011_,17.98µm
_09357_,17.98µm
u_ibex_top.crash_dump_o\[71\],17.98µm
u_ibex_top.u_ibex_core.load_store_unit_i.rdata_q\[12\],17.98µm
_07596_,17.96µm
u_ibex_top.gen_regfile_ff.register_file_i.g_plain_rf.g_rf_flops\[12\].rf_reg_q\[23\],17.96µm
u_ibex_top.gen_regfile_ff.register_file_i.g_plain_rf.g_rf_flops\[16\].rf_reg_q\[30\],17.96µm
u_ibex_top.gen_regfile_ff.register_file_i.g_plain_rf.g_rf_flops\[21\].rf_reg_q\[31\],17.96µm
u_ibex_top.gen_regfile_ff.register_file_i.g_plain_rf.g_rf_flops\[31\].rf_reg_q\[26\],17.96µm
_03429_,17.94µm
_08938_,17.94µm
u_ibex_top.gen_regfile_ff.register_file_i.g_plain_rf.g_rf_flops\[12\].rf_reg_q\[21\],17.94µm
u_ibex_top.gen_regfile_ff.register_file_i.g_plain_rf.g_rf_flops\[21\].rf_reg_q\[3\],17.94µm
u_ibex_top.gen_regfile_ff.register_file_i.g_plain_rf.g_rf_flops\[25\].rf_reg_q\[0\],17.94µm
net720,17.94µm
_04037_,17.92µm
_06319_,17.92µm
_06391_,17.92µm
_06825_,17.92µm
_09462_,17.92µm
u_ibex_top.gen_regfile_ff.register_file_i.g_plain_rf.g_rf_flops\[17\].rf_reg_q\[1\],17.92µm
u_ibex_top.gen_regfile_ff.register_file_i.g_plain_rf.g_rf_flops\[28\].rf_reg_q\[11\],17.92µm
u_ibex_top.gen_regfile_ff.register_file_i.g_plain_rf.g_rf_flops\[1\].rf_reg_q\[14\],17.905µm
_07309_,17.9µm
u_ibex_top.gen_regfile_ff.register_file_i.g_plain_rf.g_rf_flops\[16\].rf_reg_q\[1\],17.9µm
u_ibex_top.gen_regfile_ff.register_file_i.g_plain_rf.g_rf_flops\[29\].rf_reg_q\[23\],17.9µm
u_ibex_top.u_ibex_core.cs_registers_i.mhpmcounter\[1862\],17.9µm
net3270,17.9µm
net3525,17.9µm
_06103_,17.88µm
u_ibex_top.gen_regfile_ff.register_file_i.g_plain_rf.g_rf_flops\[22\].rf_reg_q\[1\],17.88µm
u_ibex_top.gen_regfile_ff.register_file_i.g_plain_rf.g_rf_flops\[26\].rf_reg_q\[21\],17.88µm
u_ibex_top.gen_regfile_ff.register_file_i.g_plain_rf.g_rf_flops\[5\].rf_reg_q\[2\],17.88µm
_03302_,17.86µm
_05821_,17.86µm
_08221_,17.86µm
_08915_,17.86µm
_09122_,17.86µm
net975,17.845µm
_03028_,17.84µm
_06293_,17.84µm
_02457_,17.825µm
_01977_,17.82µm
u_ibex_top.u_ibex_core.ex_block_i.gen_multdiv_fast.multdiv_i.op_quotient_q\[29\],17.82µm
_09774_,17.81µm
_04617_,17.8µm
_05069_,17.8µm
_05131_,17.8µm
_07443_,17.8µm
u_ibex_top.gen_regfile_ff.register_file_i.g_plain_rf.g_rf_flops\[6\].rf_reg_q\[21\],17.8µm
_03414_,17.78µm
_05704_,17.78µm
u_ibex_top.gen_regfile_ff.register_file_i.g_plain_rf.g_rf_flops\[22\].rf_reg_q\[0\],17.78µm
net3164,17.78µm
_02163_,17.76µm
_08540_,17.74µm
u_ibex_top.crash_dump_o\[103\],17.74µm
u_ibex_top.gen_regfile_ff.register_file_i.g_plain_rf.g_rf_flops\[25\].rf_reg_q\[15\],17.74µm
u_ibex_top.gen_regfile_ff.register_file_i.g_plain_rf.g_rf_flops\[25\].rf_reg_q\[25\],17.74µm
u_ibex_top.gen_regfile_ff.register_file_i.g_plain_rf.g_rf_flops\[29\].rf_reg_q\[2\],17.74µm
u_ibex_top.u_ibex_core.cs_registers_i.mstack_epc_q\[14\],17.74µm
_02417_,17.72µm
_03674_,17.72µm
_04886_,17.72µm
_05737_,17.72µm
_07299_,17.72µm
_07843_,17.72µm
_09581_,17.7µm
u_ibex_top.gen_regfile_ff.register_file_i.g_plain_rf.g_rf_flops\[26\].rf_reg_q\[1\],17.7µm
net2834,17.7µm
_03318_,17.68µm
_09680_,17.68µm
u_ibex_top.gen_regfile_ff.register_file_i.g_plain_rf.g_rf_flops\[12\].rf_reg_q\[31\],17.68µm
u_ibex_top.gen_regfile_ff.register_file_i.g_plain_rf.g_rf_flops\[26\].rf_reg_q\[0\],17.68µm
u_ibex_top.gen_regfile_ff.register_file_i.g_plain_rf.g_rf_flops\[6\].rf_reg_q\[27\],17.68µm
_05936_,17.66µm
u_ibex_top.gen_regfile_ff.register_file_i.g_plain_rf.g_rf_flops\[16\].rf_reg_q\[27\],17.66µm
u_ibex_top.gen_regfile_ff.register_file_i.g_plain_rf.g_rf_flops\[26\].rf_reg_q\[29\],17.66µm
u_ibex_top.gen_regfile_ff.register_file_i.g_plain_rf.g_rf_flops\[5\].rf_reg_q\[27\],17.66µm
u_ibex_top.gen_regfile_ff.register_file_i.g_plain_rf.g_rf_flops\[9\].rf_reg_q\[10\],17.66µm
net3587,17.66µm
_02118_,17.64µm
_04396_,17.64µm
_05968_,17.64µm
u_ibex_top.gen_regfile_ff.register_file_i.g_plain_rf.g_rf_flops\[19\].rf_reg_q\[14\],17.64µm
_02079_,17.62µm
_07456_,17.62µm
_08565_,17.62µm
_09139_,17.62µm
u_ibex_top.crash_dump_o\[5\],17.61µm
_03882_,17.6µm
_04770_,17.6µm
_06009_,17.6µm
_08623_,17.6µm
u_ibex_top.gen_regfile_ff.register_file_i.g_plain_rf.g_rf_flops\[30\].rf_reg_q\[26\],17.6µm
u_ibex_top.gen_regfile_ff.register_file_i.g_plain_rf.g_rf_flops\[8\].rf_reg_q\[30\],17.6µm
u_ibex_top.u_ibex_core.ex_block_i.gen_multdiv_fast.multdiv_i.op_numerator_q\[3\],17.595µm
net2342,17.59µm
u_ibex_top.gen_regfile_ff.register_file_i.g_plain_rf.g_rf_flops\[16\].rf_reg_q\[28\],17.58µm
u_ibex_top.gen_regfile_ff.register_file_i.g_plain_rf.g_rf_flops\[26\].rf_reg_q\[14\],17.58µm
u_ibex_top.u_ibex_core.if_stage_i.gen_prefetch_buffer.prefetch_buffer_i.fifo_i.rdata_q\[47\],17.58µm
_05506_,17.56µm
_06638_,17.56µm
_07640_,17.56µm
_08982_,17.56µm
_09226_,17.56µm
net155,17.56µm
u_ibex_top.gen_regfile_ff.register_file_i.g_plain_rf.g_rf_flops\[23\].rf_reg_q\[10\],17.56µm
u_ibex_top.gen_regfile_ff.register_file_i.g_plain_rf.g_rf_flops\[3\].rf_reg_q\[16\],17.56µm
_02407_,17.54µm
_05885_,17.54µm
u_ibex_top.gen_regfile_ff.register_file_i.g_plain_rf.g_rf_flops\[28\].rf_reg_q\[27\],17.54µm
u_ibex_top.gen_regfile_ff.register_file_i.g_plain_rf.g_rf_flops\[2\].rf_reg_q\[0\],17.54µm
u_ibex_top.gen_regfile_ff.register_file_i.g_plain_rf.g_rf_flops\[4\].rf_reg_q\[14\],17.54µm
u_ibex_top.gen_regfile_ff.register_file_i.g_plain_rf.g_rf_flops\[4\].rf_reg_q\[19\],17.54µm
_05103_,17.525µm
_04074_,17.52µm
_05291_,17.52µm
_05919_,17.52µm
_09003_,17.52µm
u_ibex_top.gen_regfile_ff.register_file_i.g_plain_rf.g_rf_flops\[16\].rf_reg_q\[4\],17.52µm
u_ibex_top.gen_regfile_ff.register_file_i.g_plain_rf.g_rf_flops\[18\].rf_reg_q\[22\],17.52µm
net4044,17.52µm
_09108_,17.5µm
u_ibex_top.gen_regfile_ff.register_file_i.g_plain_rf.g_rf_flops\[18\].rf_reg_q\[21\],17.5µm
u_ibex_top.gen_regfile_ff.register_file_i.g_plain_rf.g_rf_flops\[1\].rf_reg_q\[2\],17.5µm
u_ibex_top.gen_regfile_ff.register_file_i.g_plain_rf.g_rf_flops\[15\].rf_reg_q\[25\],17.495µm
_02973_,17.49µm
_04602_,17.485µm
_09237_,17.48µm
_09819_,17.48µm
u_ibex_top.gen_regfile_ff.register_file_i.g_plain_rf.g_rf_flops\[2\].rf_reg_q\[27\],17.48µm
u_ibex_top.gen_regfile_ff.register_file_i.g_plain_rf.g_rf_flops\[13\].rf_reg_q\[20\],17.46µm
u_ibex_top.gen_regfile_ff.register_file_i.g_plain_rf.g_rf_flops\[20\].rf_reg_q\[23\],17.46µm
u_ibex_top.gen_regfile_ff.register_file_i.g_plain_rf.g_rf_flops\[27\].rf_reg_q\[20\],17.46µm
_02378_,17.44µm
_04869_,17.44µm
_07463_,17.44µm
_08271_,17.44µm
u_ibex_top.crash_dump_o\[95\],17.44µm
u_ibex_top.gen_regfile_ff.register_file_i.g_plain_rf.g_rf_flops\[19\].rf_reg_q\[11\],17.44µm
u_ibex_top.gen_regfile_ff.register_file_i.g_plain_rf.g_rf_flops\[4\].rf_reg_q\[31\],17.44µm
net3324,17.44µm
net3743,17.44µm
_00533_,17.42µm
net3862,17.42µm
net3954,17.42µm
_01930_,17.4µm
u_ibex_top.crash_dump_o\[100\],17.4µm
u_ibex_top.gen_regfile_ff.register_file_i.g_plain_rf.g_rf_flops\[17\].rf_reg_q\[23\],17.4µm
_03226_,17.385µm
_03454_,17.38µm
_09199_,17.38µm
net2589,17.38µm
_02496_,17.36µm
_04753_,17.36µm
_05525_,17.36µm
_05984_,17.36µm
_09254_,17.36µm
clk_i_regs,17.36µm
u_ibex_top.gen_regfile_ff.register_file_i.g_plain_rf.g_rf_flops\[7\].rf_reg_q\[27\],17.36µm
net2792,17.36µm
net3494,17.36µm
_05564_,17.355µm
_02453_,17.34µm
_05996_,17.34µm
u_ibex_top.gen_regfile_ff.register_file_i.g_plain_rf.g_rf_flops\[9\].rf_reg_q\[18\],17.34µm
_02268_,17.32µm
_02478_,17.32µm
u_ibex_top.gen_regfile_ff.register_file_i.g_plain_rf.g_rf_flops\[21\].rf_reg_q\[5\],17.32µm
u_ibex_top.gen_regfile_ff.register_file_i.g_plain_rf.g_rf_flops\[9\].rf_reg_q\[25\],17.32µm
_03587_,17.3µm
_07676_,17.3µm
u_ibex_top.gen_regfile_ff.register_file_i.g_plain_rf.g_rf_flops\[8\].rf_reg_q\[21\],17.295µm
_06594_,17.28µm
_09626_,17.28µm
u_ibex_top.gen_regfile_ff.register_file_i.g_plain_rf.g_rf_flops\[11\].rf_reg_q\[17\],17.28µm
u_ibex_top.gen_regfile_ff.register_file_i.g_plain_rf.g_rf_flops\[14\].rf_reg_q\[1\],17.28µm
_04893_,17.26µm
u_ibex_top.gen_regfile_ff.register_file_i.g_plain_rf.g_rf_flops\[9\].rf_reg_q\[27\],17.26µm
_06016_,17.24µm
_07336_,17.24µm
_07353_,17.24µm
u_ibex_top.gen_regfile_ff.register_file_i.g_plain_rf.g_rf_flops\[29\].rf_reg_q\[9\],17.24µm
_03835_,17.22µm
_06015_,17.22µm
_06027_,17.22µm
u_ibex_top.gen_regfile_ff.register_file_i.g_plain_rf.g_rf_flops\[5\].rf_reg_q\[11\],17.22µm
_04440_,17.205µm
_08209_,17.2µm
u_ibex_top.gen_regfile_ff.register_file_i.g_plain_rf.g_rf_flops\[14\].rf_reg_q\[3\],17.2µm
u_ibex_top.gen_regfile_ff.register_file_i.g_plain_rf.g_rf_flops\[7\].rf_reg_q\[26\],17.2µm
net3955,17.2µm
_05022_,17.18µm
_05636_,17.18µm
_07562_,17.18µm
_08200_,17.18µm
_08422_,17.18µm
_09172_,17.18µm
net2618,17.18µm
_03389_,17.16µm
_06409_,17.16µm
_06347_,17.15µm
_04221_,17.14µm
_09020_,17.14µm
u_ibex_top.gen_regfile_ff.register_file_i.g_plain_rf.g_rf_flops\[13\].rf_reg_q\[15\],17.14µm
u_ibex_top.gen_regfile_ff.register_file_i.g_plain_rf.g_rf_flops\[8\].rf_reg_q\[8\],17.14µm
_04596_,17.12µm
_05129_,17.12µm
_02324_,17.1µm
_08436_,17.1µm
u_ibex_top.gen_regfile_ff.register_file_i.g_plain_rf.g_rf_flops\[18\].rf_reg_q\[9\],17.1µm
u_ibex_top.gen_regfile_ff.register_file_i.g_plain_rf.g_rf_flops\[25\].rf_reg_q\[10\],17.1µm
u_ibex_top.gen_regfile_ff.register_file_i.g_plain_rf.g_rf_flops\[2\].rf_reg_q\[25\],17.1µm
u_ibex_top.gen_regfile_ff.register_file_i.g_plain_rf.g_rf_flops\[30\].rf_reg_q\[20\],17.095µm
_03048_,17.08µm
_03840_,17.08µm
_04867_,17.08µm
u_ibex_top.gen_regfile_ff.register_file_i.g_plain_rf.g_rf_flops\[21\].rf_reg_q\[27\],17.08µm
u_ibex_top.gen_regfile_ff.register_file_i.g_plain_rf.g_rf_flops\[2\].rf_reg_q\[11\],17.08µm
net4093,17.08µm
u_ibex_top.gen_regfile_ff.register_file_i.g_plain_rf.g_rf_flops\[18\].rf_reg_q\[13\],17.07µm
u_ibex_top.gen_regfile_ff.register_file_i.g_plain_rf.g_rf_flops\[29\].rf_reg_q\[22\],17.07µm
_02028_,17.06µm
u_ibex_top.gen_regfile_ff.register_file_i.g_plain_rf.g_rf_flops\[24\].rf_reg_q\[25\],17.06µm
net3941,17.06µm
u_ibex_top.gen_regfile_ff.register_file_i.g_plain_rf.g_rf_flops\[24\].rf_reg_q\[30\],17.04µm
_06630_,17.03µm
_04569_,17.02µm
_04804_,17.02µm
_05888_,17.02µm
_08366_,17.02µm
u_ibex_top.u_ibex_core.cs_registers_i.mhpmcounter\[1882\],17.02µm
u_ibex_top.u_ibex_core.ex_block_i.alu_i.g_no_alu_rvb.unused_imd_val_q\[4\],17.005µm
u_ibex_top.gen_regfile_ff.register_file_i.g_plain_rf.g_rf_flops\[22\].rf_reg_q\[7\],17µm
u_ibex_top.u_ibex_core.cs_registers_i.mcause_q\[4\],17µm
net2764,17µm
_09388_,16.98µm
u_ibex_top.gen_regfile_ff.register_file_i.g_plain_rf.g_rf_flops\[20\].rf_reg_q\[26\],16.98µm
u_ibex_top.gen_regfile_ff.register_file_i.g_plain_rf.g_rf_flops\[3\].rf_reg_q\[21\],16.98µm
u_ibex_top.gen_regfile_ff.register_file_i.g_plain_rf.g_rf_flops\[5\].rf_reg_q\[6\],16.98µm
u_ibex_top.gen_regfile_ff.register_file_i.g_plain_rf.g_rf_flops\[6\].rf_reg_q\[1\],16.98µm
net3345,16.98µm
_08783_,16.975µm
_08098_,16.96µm
u_ibex_top.gen_regfile_ff.register_file_i.g_plain_rf.g_rf_flops\[27\].rf_reg_q\[24\],16.96µm
u_ibex_top.u_ibex_core.ex_block_i.alu_i.g_no_alu_rvb.unused_imd_val_q\[15\],16.955µm
_08295_,16.94µm
_09730_,16.94µm
_07633_,16.93µm
_03911_,16.92µm
_05120_,16.92µm
_07047_,16.92µm
u_ibex_top.gen_regfile_ff.register_file_i.g_plain_rf.g_rf_flops\[24\].rf_reg_q\[28\],16.92µm
u_ibex_top.u_ibex_core.ex_block_i.alu_i.g_no_alu_rvb.unused_imd_val_q\[18\],16.92µm
_07344_,16.9µm
_09509_,16.9µm
u_ibex_top.gen_regfile_ff.register_file_i.g_plain_rf.g_rf_flops\[12\].rf_reg_q\[11\],16.9µm
u_ibex_top.gen_regfile_ff.register_file_i.g_plain_rf.g_rf_flops\[15\].rf_reg_q\[28\],16.9µm
u_ibex_top.gen_regfile_ff.register_file_i.g_plain_rf.g_rf_flops\[19\].rf_reg_q\[15\],16.9µm
net3223,16.9µm
u_ibex_top.gen_regfile_ff.register_file_i.g_plain_rf.g_rf_flops\[6\].rf_reg_q\[28\],16.88µm
_08763_,16.86µm
_09741_,16.86µm
u_ibex_top.gen_regfile_ff.register_file_i.g_plain_rf.g_rf_flops\[22\].rf_reg_q\[26\],16.86µm
u_ibex_top.gen_regfile_ff.register_file_i.g_plain_rf.g_rf_flops\[28\].rf_reg_q\[16\],16.86µm
u_ibex_top.u_ibex_core.cs_registers_i.csr_mtvec_o\[11\],16.86µm
net4005,16.86µm
_02195_,16.84µm
u_ibex_top.gen_regfile_ff.register_file_i.g_plain_rf.g_rf_flops\[15\].rf_reg_q\[6\],16.84µm
u_ibex_top.u_ibex_core.if_stage_i.gen_prefetch_buffer.prefetch_buffer_i.fifo_i.rdata_q\[40\],16.84µm
net3870,16.84µm
_03377_,16.82µm
_08299_,16.82µm
_08933_,16.82µm
_09643_,16.82µm
u_ibex_top.gen_regfile_ff.register_file_i.g_plain_rf.g_rf_flops\[15\].rf_reg_q\[12\],16.82µm
net998,16.82µm
_04391_,16.8µm
_09128_,16.8µm
u_ibex_top.gen_regfile_ff.register_file_i.g_plain_rf.g_rf_flops\[21\].rf_reg_q\[9\],16.8µm
u_ibex_top.gen_regfile_ff.register_file_i.g_plain_rf.g_rf_flops\[31\].rf_reg_q\[6\],16.8µm
u_ibex_top.gen_regfile_ff.register_file_i.g_plain_rf.g_rf_flops\[7\].rf_reg_q\[22\],16.8µm
net3703,16.8µm
_01699_,16.78µm
_04274_,16.78µm
_04614_,16.78µm
_04861_,16.78µm
_05336_,16.78µm
_07928_,16.78µm
_09572_,16.78µm
_07829_,16.76µm
u_ibex_top.gen_regfile_ff.register_file_i.g_plain_rf.g_rf_flops\[16\].rf_reg_q\[8\],16.76µm
u_ibex_top.gen_regfile_ff.register_file_i.g_plain_rf.g_rf_flops\[30\].rf_reg_q\[28\],16.76µm
u_ibex_top.gen_regfile_ff.register_file_i.g_plain_rf.g_rf_flops\[31\].rf_reg_q\[24\],16.76µm
_02483_,16.74µm
_03393_,16.74µm
u_ibex_top.gen_regfile_ff.register_file_i.g_plain_rf.g_rf_flops\[3\].rf_reg_q\[23\],16.74µm
u_ibex_top.gen_regfile_ff.register_file_i.g_plain_rf.g_rf_flops\[4\].rf_reg_q\[27\],16.74µm
u_ibex_top.gen_regfile_ff.register_file_i.g_plain_rf.g_rf_flops\[9\].rf_reg_q\[26\],16.74µm
_05871_,16.735µm
data_rdata_i[11],16.73µm
_02947_,16.72µm
_03053_,16.72µm
_04854_,16.72µm
_04897_,16.72µm
_05692_,16.72µm
_06061_,16.72µm
u_ibex_top.gen_regfile_ff.register_file_i.g_plain_rf.g_rf_flops\[31\].rf_reg_q\[25\],16.72µm
u_ibex_top.u_ibex_core.cs_registers_i.mstack_epc_q\[17\],16.72µm
net3140,16.72µm
_06088_,16.7µm
_09636_,16.7µm
u_ibex_top.crash_dump_o\[89\],16.7µm
u_ibex_top.gen_regfile_ff.register_file_i.g_plain_rf.g_rf_flops\[28\].rf_reg_q\[23\],16.695µm
_05304_,16.68µm
_06931_,16.68µm
_09013_,16.68µm
net162,16.68µm
u_ibex_top.gen_regfile_ff.register_file_i.g_plain_rf.g_rf_flops\[21\].rf_reg_q\[18\],16.68µm
net2405,16.67µm
_04348_,16.66µm
_05078_,16.66µm
_09756_,16.66µm
u_ibex_top.u_ibex_core.cs_registers_i.mscratch_q\[20\],16.655µm
_02812_,16.65µm
_02202_,16.64µm
_06178_,16.64µm
_07296_,16.64µm
u_ibex_top.gen_regfile_ff.register_file_i.g_plain_rf.g_rf_flops\[29\].rf_reg_q\[7\],16.64µm
u_ibex_top.gen_regfile_ff.register_file_i.g_plain_rf.g_rf_flops\[31\].rf_reg_q\[21\],16.64µm
_05317_,16.62µm
_07856_,16.62µm
u_ibex_top.u_ibex_core.cs_registers_i.mscratch_q\[30\],16.61µm
_09719_,16.6µm
u_ibex_top.gen_regfile_ff.register_file_i.g_plain_rf.g_rf_flops\[8\].rf_reg_q\[19\],16.6µm
_04545_,16.58µm
_09522_,16.58µm
u_ibex_top.gen_regfile_ff.register_file_i.g_plain_rf.g_rf_flops\[20\].rf_reg_q\[4\],16.58µm
u_ibex_top.gen_regfile_ff.register_file_i.g_plain_rf.g_rf_flops\[29\].rf_reg_q\[16\],16.58µm
net3741,16.58µm
_02338_,16.56µm
_03468_,16.56µm
net171,16.56µm
u_ibex_top.gen_regfile_ff.register_file_i.g_plain_rf.g_rf_flops\[15\].rf_reg_q\[10\],16.56µm
net2917,16.56µm
u_ibex_top.gen_regfile_ff.register_file_i.g_plain_rf.g_rf_flops\[14\].rf_reg_q\[31\],16.54µm
u_ibex_top.gen_regfile_ff.register_file_i.g_plain_rf.g_rf_flops\[4\].rf_reg_q\[29\],16.54µm
net3970,16.54µm
_02384_,16.52µm
_02870_,16.52µm
_03435_,16.52µm
_08263_,16.52µm
u_ibex_top.gen_regfile_ff.register_file_i.g_plain_rf.g_rf_flops\[14\].rf_reg_q\[30\],16.52µm
u_ibex_top.gen_regfile_ff.register_file_i.g_plain_rf.g_rf_flops\[28\].rf_reg_q\[29\],16.52µm
u_ibex_top.gen_regfile_ff.register_file_i.g_plain_rf.g_rf_flops\[29\].rf_reg_q\[21\],16.52µm
u_ibex_top.gen_regfile_ff.register_file_i.g_plain_rf.g_rf_flops\[29\].rf_reg_q\[4\],16.52µm
u_ibex_top.gen_regfile_ff.register_file_i.g_plain_rf.g_rf_flops\[4\].rf_reg_q\[28\],16.52µm
u_ibex_top.gen_regfile_ff.register_file_i.g_plain_rf.g_rf_flops\[7\].rf_reg_q\[6\],16.52µm
net3265,16.52µm
_03390_,16.5µm
irq_fast_i[10],16.5µm
net3224,16.5µm
_08934_,16.49µm
_03920_,16.48µm
_04283_,16.48µm
u_ibex_top.gen_regfile_ff.register_file_i.g_plain_rf.g_rf_flops\[16\].rf_reg_q\[21\],16.48µm
u_ibex_top.u_ibex_core.ex_block_i.gen_multdiv_fast.multdiv_i.op_quotient_q\[23\],16.48µm
u_ibex_top.u_ibex_core.id_stage_i.controller_i.ctrl_fsm_cs\[0\],16.48µm
u_ibex_top.u_ibex_core.if_stage_i.gen_prefetch_buffer.prefetch_buffer_i.stored_addr_q\[7\],16.48µm
_03231_,16.465µm
u_ibex_top.u_ibex_core.ex_block_i.alu_i.g_no_alu_rvb.unused_imd_val_q\[5\],16.465µm
_01358_,16.46µm
net3311,16.46µm
_05372_,16.44µm
_08483_,16.44µm
_09343_,16.44µm
u_ibex_top.gen_regfile_ff.register_file_i.g_plain_rf.g_rf_flops\[14\].rf_reg_q\[25\],16.44µm
u_ibex_top.gen_regfile_ff.register_file_i.g_plain_rf.g_rf_flops\[26\].rf_reg_q\[16\],16.44µm
net3923,16.44µm
_04025_,16.42µm
u_ibex_top.gen_regfile_ff.register_file_i.g_plain_rf.g_rf_flops\[15\].rf_reg_q\[31\],16.42µm
u_ibex_top.gen_regfile_ff.register_file_i.g_plain_rf.g_rf_flops\[27\].rf_reg_q\[21\],16.42µm
u_ibex_top.gen_regfile_ff.register_file_i.g_plain_rf.g_rf_flops\[5\].rf_reg_q\[18\],16.42µm
_08602_,16.41µm
_05477_,16.4µm
_09161_,16.4µm
_04190_,16.395µm
_05848_,16.38µm
_07158_,16.38µm
_07600_,16.38µm
_09086_,16.38µm
u_ibex_top.gen_regfile_ff.register_file_i.g_plain_rf.g_rf_flops\[26\].rf_reg_q\[4\],16.38µm
u_ibex_top.u_ibex_core.if_stage_i.gen_prefetch_buffer.prefetch_buffer_i.fifo_i.rdata_q\[44\],16.38µm
net4384,16.38µm
_06416_,16.36µm
_09585_,16.36µm
u_ibex_top.gen_regfile_ff.register_file_i.g_plain_rf.g_rf_flops\[4\].rf_reg_q\[30\],16.36µm
_03946_,16.355µm
u_ibex_top.u_ibex_core.cs_registers_i.mscratch_q\[23\],16.355µm
_05498_,16.34µm
_07848_,16.34µm
u_ibex_top.gen_regfile_ff.register_file_i.g_plain_rf.g_rf_flops\[11\].rf_reg_q\[23\],16.34µm
u_ibex_top.gen_regfile_ff.register_file_i.g_plain_rf.g_rf_flops\[16\].rf_reg_q\[13\],16.34µm
u_ibex_top.gen_regfile_ff.register_file_i.g_plain_rf.g_rf_flops\[3\].rf_reg_q\[13\],16.34µm
u_ibex_top.gen_regfile_ff.register_file_i.g_plain_rf.g_rf_flops\[7\].rf_reg_q\[3\],16.34µm
net3515,16.34µm
_02003_,16.33µm
_03025_,16.32µm
_06089_,16.32µm
_06431_,16.32µm
_09093_,16.32µm
u_ibex_top.gen_regfile_ff.register_file_i.g_plain_rf.g_rf_flops\[14\].rf_reg_q\[27\],16.32µm
u_ibex_top.gen_regfile_ff.register_file_i.g_plain_rf.g_rf_flops\[26\].rf_reg_q\[31\],16.32µm
u_ibex_top.gen_regfile_ff.register_file_i.g_plain_rf.g_rf_flops\[3\].rf_reg_q\[25\],16.32µm
u_ibex_top.gen_regfile_ff.register_file_i.g_plain_rf.g_rf_flops\[5\].rf_reg_q\[28\],16.32µm
net289,16.32µm
_08269_,16.31µm
_00560_,16.3µm
_06908_,16.3µm
_07321_,16.3µm
_07903_,16.3µm
u_ibex_top.gen_regfile_ff.register_file_i.g_plain_rf.g_rf_flops\[8\].rf_reg_q\[20\],16.3µm
net3440,16.3µm
_04741_,16.28µm
_05449_,16.28µm
_05649_,16.28µm
u_ibex_top.gen_regfile_ff.register_file_i.g_plain_rf.g_rf_flops\[2\].rf_reg_q\[26\],16.28µm
u_ibex_top.u_ibex_core.ex_block_i.alu_i.g_no_alu_rvb.unused_imd_val_q\[14\],16.265µm
_02761_,16.26µm
_03148_,16.26µm
_07617_,16.26µm
u_ibex_top.gen_regfile_ff.register_file_i.g_plain_rf.g_rf_flops\[12\].rf_reg_q\[6\],16.26µm
u_ibex_top.gen_regfile_ff.register_file_i.g_plain_rf.g_rf_flops\[3\].rf_reg_q\[28\],16.26µm
_06984_,16.255µm
_07804_,16.24µm
_09164_,16.24µm
u_ibex_top.gen_regfile_ff.register_file_i.g_plain_rf.g_rf_flops\[24\].rf_reg_q\[5\],16.24µm
_07355_,16.23µm
_02869_,16.22µm
_04022_,16.22µm
_05307_,16.22µm
_05980_,16.22µm
_05986_,16.22µm
_07764_,16.22µm
u_ibex_top.gen_regfile_ff.register_file_i.g_plain_rf.g_rf_flops\[18\].rf_reg_q\[10\],16.22µm
u_ibex_top.gen_regfile_ff.register_file_i.g_plain_rf.g_rf_flops\[22\].rf_reg_q\[16\],16.22µm
u_ibex_top.gen_regfile_ff.register_file_i.g_plain_rf.g_rf_flops\[7\].rf_reg_q\[18\],16.22µm
u_ibex_top.gen_regfile_ff.register_file_i.g_plain_rf.g_rf_flops\[9\].rf_reg_q\[20\],16.22µm
u_ibex_top.u_ibex_core.cs_registers_i.dscratch0_q\[0\],16.22µm
u_ibex_top.u_ibex_core.ex_block_i.gen_multdiv_fast.multdiv_i.div_counter_q\[0\],16.22µm
_07641_,16.2µm
_07953_,16.2µm
_08795_,16.185µm
_02368_,16.18µm
_03043_,16.18µm
_05545_,16.18µm
_05805_,16.18µm
_08207_,16.18µm
u_ibex_top.gen_regfile_ff.register_file_i.g_plain_rf.g_rf_flops\[10\].rf_reg_q\[20\],16.18µm
u_ibex_top.gen_regfile_ff.register_file_i.g_plain_rf.g_rf_flops\[21\].rf_reg_q\[16\],16.18µm
_02359_,16.16µm
_06658_,16.16µm
_07494_,16.16µm
_07622_,16.16µm
net2616,16.15µm
_02319_,16.14µm
_03200_,16.14µm
_03838_,16.14µm
_04591_,16.14µm
_04635_,16.14µm
_05511_,16.14µm
_05664_,16.14µm
_06690_,16.14µm
_07540_,16.14µm
_07937_,16.14µm
_08996_,16.14µm
u_ibex_top.gen_regfile_ff.register_file_i.g_plain_rf.g_rf_flops\[10\].rf_reg_q\[8\],16.14µm
_07431_,16.12µm
_07612_,16.12µm
u_ibex_top.gen_regfile_ff.register_file_i.g_plain_rf.g_rf_flops\[21\].rf_reg_q\[23\],16.12µm
u_ibex_top.gen_regfile_ff.register_file_i.g_plain_rf.g_rf_flops\[29\].rf_reg_q\[3\],16.12µm
net2426,16.12µm
net3960,16.12µm
_03542_,16.1µm
_03559_,16.1µm
_05042_,16.1µm
_06062_,16.1µm
net170,16.1µm
u_ibex_top.gen_regfile_ff.register_file_i.g_plain_rf.g_rf_flops\[19\].rf_reg_q\[23\],16.1µm
u_ibex_top.gen_regfile_ff.register_file_i.g_plain_rf.g_rf_flops\[21\].rf_reg_q\[12\],16.1µm
net3924,16.1µm
_06817_,16.08µm
u_ibex_top.gen_regfile_ff.register_file_i.g_plain_rf.g_rf_flops\[3\].rf_reg_q\[24\],16.08µm
net3262,16.08µm
net4063,16.08µm
_03366_,16.065µm
_02490_,16.06µm
_04508_,16.06µm
_06213_,16.06µm
_06620_,16.06µm
_06625_,16.06µm
_08230_,16.06µm
_09584_,16.06µm
u_ibex_top.gen_regfile_ff.register_file_i.g_plain_rf.g_rf_flops\[17\].rf_reg_q\[7\],16.06µm
u_ibex_top.gen_regfile_ff.register_file_i.g_plain_rf.g_rf_flops\[18\].rf_reg_q\[29\],16.06µm
u_ibex_top.gen_regfile_ff.register_file_i.g_plain_rf.g_rf_flops\[19\].rf_reg_q\[2\],16.06µm
u_ibex_top.gen_regfile_ff.register_file_i.g_plain_rf.g_rf_flops\[29\].rf_reg_q\[8\],16.06µm
u_ibex_top.u_ibex_core.id_stage_i.controller_i.instr_compressed_i\[4\],16.06µm
_06152_,16.04µm
irq_fast_i[0],16.04µm
rst_ni,16.04µm
net3922,16.04µm
_01217_,16.02µm
_02241_,16.02µm
_02593_,16.02µm
_06628_,16.02µm
_07070_,16.02µm
_07599_,16.02µm
_08139_,16.02µm
u_ibex_top.u_ibex_core.cs_registers_i.mhpmcounter\[1919\],16.02µm
_01357_,16µm
_03266_,16µm
_05170_,16µm
net2276,16µm
net2418,15.99µm
_08973_,15.98µm
net129,15.98µm
u_ibex_top.gen_regfile_ff.register_file_i.g_plain_rf.g_rf_flops\[31\].rf_reg_q\[1\],15.98µm
u_ibex_top.gen_regfile_ff.register_file_i.g_plain_rf.g_rf_flops\[3\].rf_reg_q\[31\],15.98µm
u_ibex_top.u_ibex_core.cs_registers_i.dscratch0_q\[9\],15.98µm
net3429,15.98µm
_06143_,15.96µm
_06504_,15.96µm
net164,15.96µm
u_ibex_top.gen_regfile_ff.register_file_i.g_plain_rf.g_rf_flops\[25\].rf_reg_q\[11\],15.96µm
u_ibex_top.u_ibex_core.if_stage_i.gen_prefetch_buffer.prefetch_buffer_i.fifo_i.rdata_q\[72\],15.96µm
net3334,15.96µm
_04636_,15.94µm
_06312_,15.94µm
_08004_,15.94µm
u_ibex_top.gen_regfile_ff.register_file_i.g_plain_rf.g_rf_flops\[2\].rf_reg_q\[22\],15.94µm
u_ibex_top.u_ibex_core.if_stage_i.gen_prefetch_buffer.prefetch_buffer_i.fifo_i.rdata_q\[23\],15.94µm
_01986_,15.92µm
_04306_,15.92µm
_08059_,15.92µm
u_ibex_top.gen_regfile_ff.register_file_i.g_plain_rf.g_rf_flops\[5\].rf_reg_q\[19\],15.92µm
net2188,15.92µm
_05080_,15.9µm
_05389_,15.9µm
_08079_,15.9µm
_08580_,15.9µm
_09803_,15.9µm
u_ibex_top.gen_regfile_ff.register_file_i.g_plain_rf.g_rf_flops\[15\].rf_reg_q\[23\],15.9µm
u_ibex_top.gen_regfile_ff.register_file_i.g_plain_rf.g_rf_flops\[19\].rf_reg_q\[5\],15.9µm
net4311,15.9µm
net174,15.88µm
u_ibex_top.gen_regfile_ff.register_file_i.g_plain_rf.g_rf_flops\[22\].rf_reg_q\[23\],15.88µm
u_ibex_top.gen_regfile_ff.register_file_i.g_plain_rf.g_rf_flops\[2\].rf_reg_q\[8\],15.88µm
u_ibex_top.gen_regfile_ff.register_file_i.g_plain_rf.g_rf_flops\[6\].rf_reg_q\[25\],15.88µm
_02998_,15.86µm
_03054_,15.86µm
_06031_,15.86µm
_08244_,15.86µm
u_ibex_top.gen_regfile_ff.register_file_i.g_plain_rf.g_rf_flops\[10\].rf_reg_q\[13\],15.86µm
u_ibex_top.gen_regfile_ff.register_file_i.g_plain_rf.g_rf_flops\[10\].rf_reg_q\[28\],15.86µm
u_ibex_top.gen_regfile_ff.register_file_i.g_plain_rf.g_rf_flops\[19\].rf_reg_q\[17\],15.86µm
u_ibex_top.gen_regfile_ff.register_file_i.g_plain_rf.g_rf_flops\[28\].rf_reg_q\[30\],15.86µm
u_ibex_top.gen_regfile_ff.register_file_i.g_plain_rf.g_rf_flops\[30\].rf_reg_q\[29\],15.86µm
u_ibex_top.gen_regfile_ff.register_file_i.g_plain_rf.g_rf_flops\[3\].rf_reg_q\[5\],15.86µm
_05494_,15.84µm
u_ibex_top.gen_regfile_ff.register_file_i.g_plain_rf.g_rf_flops\[11\].rf_reg_q\[10\],15.84µm
u_ibex_top.gen_regfile_ff.register_file_i.g_plain_rf.g_rf_flops\[15\].rf_reg_q\[13\],15.84µm
u_ibex_top.gen_regfile_ff.register_file_i.g_plain_rf.g_rf_flops\[8\].rf_reg_q\[28\],15.84µm
net2929,15.84µm
_04393_,15.82µm
_04907_,15.82µm
_09344_,15.82µm
u_ibex_top.gen_regfile_ff.register_file_i.g_plain_rf.g_rf_flops\[11\].rf_reg_q\[14\],15.82µm
u_ibex_top.gen_regfile_ff.register_file_i.g_plain_rf.g_rf_flops\[17\].rf_reg_q\[11\],15.82µm
u_ibex_top.gen_regfile_ff.register_file_i.g_plain_rf.g_rf_flops\[18\].rf_reg_q\[16\],15.82µm
u_ibex_top.gen_regfile_ff.register_file_i.g_plain_rf.g_rf_flops\[23\].rf_reg_q\[11\],15.82µm
u_ibex_top.gen_regfile_ff.register_file_i.g_plain_rf.g_rf_flops\[28\].rf_reg_q\[2\],15.82µm
net3501,15.82µm
_02380_,15.8µm
_03005_,15.8µm
_03906_,15.8µm
_05608_,15.8µm
_08202_,15.8µm
u_ibex_top.gen_regfile_ff.register_file_i.g_plain_rf.g_rf_flops\[18\].rf_reg_q\[2\],15.8µm
u_ibex_top.gen_regfile_ff.register_file_i.g_plain_rf.g_rf_flops\[5\].rf_reg_q\[7\],15.8µm
u_ibex_top.u_ibex_core.cs_registers_i.mstack_epc_q\[30\],15.8µm
_06387_,15.78µm
_06777_,15.78µm
_08363_,15.78µm
u_ibex_top.u_ibex_core.cs_registers_i.mstack_cause_q\[0\],15.775µm
_01957_,15.76µm
_02774_,15.76µm
_03177_,15.76µm
_03509_,15.76µm
_05411_,15.76µm
_05963_,15.76µm
_06362_,15.76µm
_06537_,15.76µm
_08883_,15.76µm
_09280_,15.76µm
_09434_,15.76µm
u_ibex_top.gen_regfile_ff.register_file_i.g_plain_rf.g_rf_flops\[16\].rf_reg_q\[23\],15.76µm
net2943,15.76µm
u_ibex_top.gen_regfile_ff.register_file_i.g_plain_rf.g_rf_flops\[24\].rf_reg_q\[4\],15.75µm
_06080_,15.74µm
_07886_,15.74µm
_09059_,15.74µm
u_ibex_top.gen_regfile_ff.register_file_i.g_plain_rf.g_rf_flops\[14\].rf_reg_q\[8\],15.74µm
u_ibex_top.gen_regfile_ff.register_file_i.g_plain_rf.g_rf_flops\[22\].rf_reg_q\[13\],15.74µm
u_ibex_top.gen_regfile_ff.register_file_i.g_plain_rf.g_rf_flops\[4\].rf_reg_q\[17\],15.74µm
net2872,15.74µm
u_ibex_top.u_ibex_core.cs_registers_i.mscratch_q\[24\],15.725µm
_02155_,15.72µm
_02271_,15.72µm
_05027_,15.72µm
_06622_,15.72µm
_08697_,15.72µm
u_ibex_top.gen_regfile_ff.register_file_i.g_plain_rf.g_rf_flops\[24\].rf_reg_q\[3\],15.72µm
u_ibex_top.gen_regfile_ff.register_file_i.g_plain_rf.g_rf_flops\[25\].rf_reg_q\[22\],15.72µm
u_ibex_top.gen_regfile_ff.register_file_i.g_plain_rf.g_rf_flops\[27\].rf_reg_q\[11\],15.72µm
u_ibex_top.gen_regfile_ff.register_file_i.g_plain_rf.g_rf_flops\[3\].rf_reg_q\[19\],15.72µm
net3194,15.72µm
_04906_,15.7µm
_05437_,15.7µm
_07738_,15.7µm
u_ibex_top.gen_regfile_ff.register_file_i.g_plain_rf.g_rf_flops\[30\].rf_reg_q\[24\],15.7µm
u_ibex_top.u_ibex_core.if_stage_i.gen_prefetch_buffer.prefetch_buffer_i.fifo_i.rdata_q\[20\],15.7µm
_08953_,15.69µm
_02653_,15.68µm
_02986_,15.68µm
_03402_,15.68µm
_04824_,15.68µm
_07607_,15.68µm
_08050_,15.68µm
_08375_,15.68µm
u_ibex_top.crash_dump_o\[90\],15.68µm
_06225_,15.66µm
_08818_,15.66µm
u_ibex_top.crash_dump_o\[102\],15.66µm
net2346,15.66µm
u_ibex_top.gen_regfile_ff.register_file_i.g_plain_rf.g_rf_flops\[1\].rf_reg_q\[13\],15.645µm
_03085_,15.64µm
_03809_,15.64µm
_07534_,15.64µm
_09653_,15.64µm
u_ibex_top.gen_regfile_ff.register_file_i.g_plain_rf.g_rf_flops\[11\].rf_reg_q\[11\],15.64µm
net3110,15.64µm
net3233,15.64µm
net3499,15.64µm
net3841,15.64µm
_02448_,15.63µm
_03839_,15.62µm
_05621_,15.62µm
u_ibex_top.gen_regfile_ff.register_file_i.g_plain_rf.g_rf_flops\[7\].rf_reg_q\[20\],15.62µm
_02461_,15.6µm
_08806_,15.6µm
u_ibex_top.gen_regfile_ff.register_file_i.g_plain_rf.g_rf_flops\[10\].rf_reg_q\[21\],15.6µm
u_ibex_top.gen_regfile_ff.register_file_i.g_plain_rf.g_rf_flops\[12\].rf_reg_q\[2\],15.6µm
u_ibex_top.gen_regfile_ff.register_file_i.g_plain_rf.g_rf_flops\[5\].rf_reg_q\[31\],15.6µm
net3590,15.6µm
net4402,15.6µm
u_ibex_top.gen_regfile_ff.register_file_i.g_plain_rf.g_rf_flops\[24\].rf_reg_q\[29\],15.58µm
u_ibex_top.u_ibex_core.cs_registers_i.dscratch1_q\[29\],15.58µm
u_ibex_top.u_ibex_core.load_store_unit_i.rdata_q\[22\],15.565µm
_07710_,15.56µm
_08075_,15.56µm
u_ibex_top.gen_regfile_ff.register_file_i.g_plain_rf.g_rf_flops\[21\].rf_reg_q\[25\],15.56µm
u_ibex_top.u_ibex_core.cs_registers_i.dscratch0_q\[20\],15.56µm
u_ibex_top.u_ibex_core.ex_block_i.gen_multdiv_fast.multdiv_i.op_numerator_q\[6\],15.56µm
_06087_,15.54µm
_02006_,15.52µm
_02261_,15.52µm
_02451_,15.52µm
_06526_,15.52µm
_08477_,15.52µm
u_ibex_top.gen_regfile_ff.register_file_i.g_plain_rf.g_rf_flops\[17\].rf_reg_q\[10\],15.52µm
u_ibex_top.gen_regfile_ff.register_file_i.g_plain_rf.g_rf_flops\[26\].rf_reg_q\[10\],15.52µm
net3490,15.52µm
net154,15.5µm
net157,15.5µm
u_ibex_top.u_ibex_core.cs_registers_i.mie_q\[17\],15.5µm
net3319,15.5µm
net3840,15.5µm
net4032,15.5µm
_05408_,15.49µm
_02026_,15.48µm
_04514_,15.48µm
_05023_,15.48µm
_05771_,15.48µm
_07149_,15.48µm
_07366_,15.48µm
_07413_,15.48µm
_07643_,15.48µm
u_ibex_top.gen_regfile_ff.register_file_i.g_plain_rf.g_rf_flops\[10\].rf_reg_q\[26\],15.48µm
u_ibex_top.gen_regfile_ff.register_file_i.g_plain_rf.g_rf_flops\[5\].rf_reg_q\[22\],15.48µm
net4340,15.475µm
_04255_,15.46µm
_04927_,15.46µm
_05318_,15.46µm
net2358,15.46µm
_04299_,15.44µm
_05186_,15.44µm
_08285_,15.44µm
_09826_,15.44µm
u_ibex_top.gen_regfile_ff.register_file_i.g_plain_rf.g_rf_flops\[21\].rf_reg_q\[30\],15.44µm
u_ibex_top.gen_regfile_ff.register_file_i.g_plain_rf.g_rf_flops\[8\].rf_reg_q\[13\],15.44µm
_03851_,15.42µm
u_ibex_top.gen_regfile_ff.register_file_i.g_plain_rf.g_rf_flops\[16\].rf_reg_q\[16\],15.42µm
u_ibex_top.gen_regfile_ff.register_file_i.g_plain_rf.g_rf_flops\[6\].rf_reg_q\[14\],15.42µm
u_ibex_top.u_ibex_core.id_stage_i.controller_i.ctrl_fsm_cs\[6\],15.42µm
net4149,15.42µm
_07934_,15.41µm
_09672_,15.4µm
u_ibex_top.gen_regfile_ff.register_file_i.g_plain_rf.g_rf_flops\[1\].rf_reg_q\[18\],15.4µm
net2280,15.4µm
_03211_,15.38µm
_04075_,15.38µm
_07121_,15.38µm
_08233_,15.38µm
u_ibex_top.gen_regfile_ff.register_file_i.g_plain_rf.g_rf_flops\[28\].rf_reg_q\[19\],15.38µm
u_ibex_top.gen_regfile_ff.register_file_i.g_plain_rf.g_rf_flops\[6\].rf_reg_q\[8\],15.38µm
net2903,15.38µm
net3137,15.38µm
net4292,15.38µm
_05804_,15.36µm
u_ibex_top.gen_regfile_ff.register_file_i.g_plain_rf.g_rf_flops\[30\].rf_reg_q\[13\],15.36µm
u_ibex_top.gen_regfile_ff.register_file_i.g_plain_rf.g_rf_flops\[8\].rf_reg_q\[6\],15.36µm
net4408,15.36µm
_05046_,15.34µm
_06826_,15.34µm
u_ibex_top.gen_regfile_ff.register_file_i.g_plain_rf.g_rf_flops\[16\].rf_reg_q\[7\],15.34µm
u_ibex_top.gen_regfile_ff.register_file_i.g_plain_rf.g_rf_flops\[25\].rf_reg_q\[1\],15.34µm
_04978_,15.32µm
_09582_,15.32µm
net4313,15.32µm
_01962_,15.3µm
_05790_,15.3µm
_06561_,15.3µm
_09101_,15.3µm
u_ibex_top.gen_regfile_ff.register_file_i.g_plain_rf.g_rf_flops\[20\].rf_reg_q\[27\],15.3µm
net3418,15.28µm
u_ibex_top.gen_regfile_ff.register_file_i.g_plain_rf.g_rf_flops\[1\].rf_reg_q\[8\],15.265µm
_03644_,15.26µm
_03701_,15.26µm
_09197_,15.26µm
_09465_,15.26µm
net3425,15.26µm
net4089,15.26µm
_09761_,15.23µm
_06230_,15.22µm
_08259_,15.22µm
_09276_,15.22µm
_09364_,15.22µm
u_ibex_top.gen_regfile_ff.register_file_i.g_plain_rf.g_rf_flops\[14\].rf_reg_q\[4\],15.22µm
u_ibex_top.gen_regfile_ff.register_file_i.g_plain_rf.g_rf_flops\[3\].rf_reg_q\[7\],15.22µm
net3953,15.22µm
_09117_,15.21µm
_04580_,15.2µm
u_ibex_top.gen_regfile_ff.register_file_i.g_plain_rf.g_rf_flops\[24\].rf_reg_q\[1\],15.2µm
net3396,15.2µm
_02601_,15.18µm
_03849_,15.18µm
u_ibex_top.gen_regfile_ff.register_file_i.g_plain_rf.g_rf_flops\[29\].rf_reg_q\[6\],15.18µm
net2663,15.18µm
net3379,15.18µm
net3528,15.18µm
u_ibex_top.crash_dump_o\[26\],15.175µm
_04950_,15.165µm
_05601_,15.16µm
_07679_,15.16µm
u_ibex_top.gen_regfile_ff.register_file_i.g_plain_rf.g_rf_flops\[14\].rf_reg_q\[23\],15.16µm
net2829,15.16µm
net3146,15.16µm
net3459,15.16µm
_04412_,15.14µm
_07665_,15.14µm
_07304_,15.12µm
u_ibex_top.gen_regfile_ff.register_file_i.g_plain_rf.g_rf_flops\[15\].rf_reg_q\[9\],15.12µm
u_ibex_top.gen_regfile_ff.register_file_i.g_plain_rf.g_rf_flops\[23\].rf_reg_q\[31\],15.12µm
net3258,15.12µm
net4143,15.12µm
_02444_,15.1µm
_02879_,15.1µm
_04661_,15.1µm
_05373_,15.1µm
_07863_,15.1µm
_08278_,15.1µm
u_ibex_top.gen_regfile_ff.register_file_i.g_plain_rf.g_rf_flops\[14\].rf_reg_q\[2\],15.1µm
u_ibex_top.u_ibex_core.ex_block_i.gen_multdiv_fast.multdiv_i.op_numerator_q\[10\],15.1µm
net4021,15.1µm
_04444_,15.08µm
_05886_,15.08µm
_06768_,15.08µm
u_ibex_top.gen_regfile_ff.register_file_i.g_plain_rf.g_rf_flops\[20\].rf_reg_q\[6\],15.08µm
u_ibex_top.gen_regfile_ff.register_file_i.g_plain_rf.g_rf_flops\[22\].rf_reg_q\[20\],15.08µm
_02010_,15.06µm
_02166_,15.06µm
_02367_,15.06µm
_02737_,15.06µm
_04300_,15.06µm
_04540_,15.06µm
_05997_,15.06µm
_07201_,15.06µm
_07613_,15.06µm
u_ibex_top.gen_regfile_ff.register_file_i.g_plain_rf.g_rf_flops\[11\].rf_reg_q\[13\],15.06µm
_01368_,15.04µm
_02619_,15.04µm
_04040_,15.04µm
_06493_,15.04µm
_07626_,15.04µm
u_ibex_top.gen_regfile_ff.register_file_i.g_plain_rf.g_rf_flops\[19\].rf_reg_q\[13\],15.04µm
net4270,15.04µm
_05874_,15.03µm
net2387,15.03µm
_03223_,15.025µm
_02273_,15.02µm
_04916_,15.02µm
_06420_,15.02µm
u_ibex_top.gen_regfile_ff.register_file_i.g_plain_rf.g_rf_flops\[30\].rf_reg_q\[5\],15.02µm
u_ibex_top.gen_regfile_ff.register_file_i.g_plain_rf.g_rf_flops\[9\].rf_reg_q\[29\],15.02µm
net4414,15.015µm
_04489_,15µm
_04833_,15µm
_05637_,15µm
_05897_,15µm
_08370_,15µm
u_ibex_top.gen_regfile_ff.register_file_i.g_plain_rf.g_rf_flops\[14\].rf_reg_q\[5\],15µm
net1231,15µm
u_ibex_top.gen_regfile_ff.register_file_i.g_plain_rf.g_rf_flops\[1\].rf_reg_q\[21\],14.995µm
_06486_,14.99µm
u_ibex_top.gen_regfile_ff.register_file_i.g_plain_rf.g_rf_flops\[4\].rf_reg_q\[20\],14.99µm
_05239_,14.98µm
_05748_,14.98µm
_05842_,14.98µm
_07778_,14.98µm
_04859_,14.975µm
_02094_,14.96µm
_02135_,14.96µm
_02205_,14.96µm
_09416_,14.96µm
_09656_,14.96µm
u_ibex_top.gen_regfile_ff.register_file_i.g_plain_rf.g_rf_flops\[23\].rf_reg_q\[23\],14.96µm
u_ibex_top.gen_regfile_ff.register_file_i.g_plain_rf.g_rf_flops\[23\].rf_reg_q\[29\],14.96µm
_09064_,14.95µm
_03658_,14.94µm
_08300_,14.94µm
_09082_,14.94µm
_09726_,14.94µm
u_ibex_top.gen_regfile_ff.register_file_i.g_plain_rf.g_rf_flops\[6\].rf_reg_q\[3\],14.94µm
_04728_,14.935µm
u_ibex_top.gen_regfile_ff.register_file_i.g_plain_rf.g_rf_flops\[23\].rf_reg_q\[4\],14.93µm
_01692_,14.92µm
_02588_,14.92µm
_04686_,14.92µm
_08409_,14.92µm
u_ibex_top.gen_regfile_ff.register_file_i.g_plain_rf.g_rf_flops\[17\].rf_reg_q\[4\],14.92µm
u_ibex_top.gen_regfile_ff.register_file_i.g_plain_rf.g_rf_flops\[20\].rf_reg_q\[22\],14.92µm
u_ibex_top.gen_regfile_ff.register_file_i.g_plain_rf.g_rf_flops\[21\].rf_reg_q\[2\],14.92µm
u_ibex_top.gen_regfile_ff.register_file_i.g_plain_rf.g_rf_flops\[31\].rf_reg_q\[5\],14.92µm
u_ibex_top.gen_regfile_ff.register_file_i.g_plain_rf.g_rf_flops\[8\].rf_reg_q\[25\],14.92µm
u_ibex_top.u_ibex_core.ex_block_i.gen_multdiv_fast.multdiv_i.md_state_q\[4\],14.92µm
net3589,14.92µm
_02091_,14.9µm
_06049_,14.9µm
u_ibex_top.gen_regfile_ff.register_file_i.g_plain_rf.g_rf_flops\[11\].rf_reg_q\[16\],14.9µm
u_ibex_top.gen_regfile_ff.register_file_i.g_plain_rf.g_rf_flops\[29\].rf_reg_q\[26\],14.9µm
u_ibex_top.u_ibex_core.cs_registers_i.dscratch0_q\[24\],14.9µm
net3043,14.9µm
_04011_,14.88µm
_04356_,14.88µm
_05634_,14.88µm
_07224_,14.88µm
_08359_,14.88µm
_08546_,14.88µm
_09340_,14.88µm
u_ibex_top.gen_regfile_ff.register_file_i.g_plain_rf.g_rf_flops\[16\].rf_reg_q\[11\],14.88µm
net3439,14.88µm
_02009_,14.86µm
_08082_,14.86µm
_09544_,14.86µm
core_sleep_o,14.86µm
_06237_,14.855µm
_02280_,14.84µm
_02849_,14.84µm
_03844_,14.84µm
_08896_,14.84µm
u_ibex_top.gen_regfile_ff.register_file_i.g_plain_rf.g_rf_flops\[3\].rf_reg_q\[22\],14.84µm
u_ibex_top.gen_regfile_ff.register_file_i.g_plain_rf.g_rf_flops\[3\].rf_reg_q\[29\],14.84µm
instr_addr_o[13],14.83µm
_03284_,14.82µm
_08513_,14.82µm
u_ibex_top.gen_regfile_ff.register_file_i.g_plain_rf.g_rf_flops\[10\].rf_reg_q\[19\],14.82µm
u_ibex_top.gen_regfile_ff.register_file_i.g_plain_rf.g_rf_flops\[28\].rf_reg_q\[0\],14.82µm
net4221,14.82µm
_05070_,14.8µm
_07160_,14.8µm
_08152_,14.8µm
u_ibex_top.gen_regfile_ff.register_file_i.g_plain_rf.g_rf_flops\[5\].rf_reg_q\[0\],14.8µm
u_ibex_top.gen_regfile_ff.register_file_i.g_plain_rf.g_rf_flops\[5\].rf_reg_q\[17\],14.8µm
u_ibex_top.u_ibex_core.if_stage_i.gen_prefetch_buffer.prefetch_buffer_i.fifo_i.rdata_q\[89\],14.8µm
net3389,14.8µm
net3612,14.8µm
net3833,14.8µm
_02377_,14.78µm
_03220_,14.78µm
_05043_,14.78µm
net3069,14.78µm
_02278_,14.76µm
_03603_,14.76µm
_04411_,14.76µm
_04877_,14.76µm
_06708_,14.76µm
_08253_,14.76µm
_08528_,14.76µm
_09369_,14.76µm
_09812_,14.76µm
u_ibex_top.gen_regfile_ff.register_file_i.g_plain_rf.g_rf_flops\[19\].rf_reg_q\[7\],14.76µm
u_ibex_top.u_ibex_core.cs_registers_i.dscratch0_q\[25\],14.76µm
net2756,14.76µm
_05391_,14.745µm
_02105_,14.74µm
_04465_,14.74µm
_08188_,14.74µm
net3631,14.74µm
_03070_,14.72µm
_06081_,14.72µm
_07478_,14.72µm
_09384_,14.72µm
_09567_,14.72µm
u_ibex_top.gen_regfile_ff.register_file_i.g_plain_rf.g_rf_flops\[15\].rf_reg_q\[30\],14.72µm
u_ibex_top.gen_regfile_ff.register_file_i.g_plain_rf.g_rf_flops\[24\].rf_reg_q\[2\],14.72µm
u_ibex_top.gen_regfile_ff.register_file_i.g_plain_rf.g_rf_flops\[2\].rf_reg_q\[30\],14.72µm
u_ibex_top.gen_regfile_ff.register_file_i.g_plain_rf.g_rf_flops\[4\].rf_reg_q\[7\],14.72µm
net3313,14.72µm
net3728,14.72µm
net4029,14.72µm
u_ibex_top.gen_regfile_ff.register_file_i.g_plain_rf.g_rf_flops\[10\].rf_reg_q\[5\],14.715µm
_02144_,14.7µm
_06042_,14.7µm
u_ibex_top.gen_regfile_ff.register_file_i.g_plain_rf.g_rf_flops\[20\].rf_reg_q\[17\],14.7µm
net3185,14.7µm
net4082,14.7µm
net4316,14.7µm
_02472_,14.68µm
_08252_,14.68µm
_08360_,14.68µm
u_ibex_top.gen_regfile_ff.register_file_i.g_plain_rf.g_rf_flops\[11\].rf_reg_q\[0\],14.68µm
u_ibex_top.gen_regfile_ff.register_file_i.g_plain_rf.g_rf_flops\[17\].rf_reg_q\[8\],14.68µm
u_ibex_top.gen_regfile_ff.register_file_i.g_plain_rf.g_rf_flops\[24\].rf_reg_q\[15\],14.68µm
u_ibex_top.gen_regfile_ff.register_file_i.g_plain_rf.g_rf_flops\[27\].rf_reg_q\[3\],14.68µm
u_ibex_top.u_ibex_core.cs_registers_i.mscratch_q\[26\],14.68µm
_06434_,14.66µm
irq_external_i,14.66µm
irq_fast_i[11],14.66µm
irq_fast_i[13],14.66µm
irq_fast_i[14],14.66µm
irq_fast_i[1],14.66µm
irq_fast_i[2],14.66µm
irq_fast_i[3],14.66µm
irq_fast_i[5],14.66µm
irq_fast_i[6],14.66µm
irq_fast_i[7],14.66µm
irq_fast_i[8],14.66µm
irq_fast_i[9],14.66µm
irq_nm_i,14.66µm
irq_software_i,14.66µm
irq_timer_i,14.66µm
_02403_,14.64µm
_02602_,14.64µm
_06358_,14.64µm
_09371_,14.64µm
_09374_,14.64µm
u_ibex_top.gen_regfile_ff.register_file_i.g_plain_rf.g_rf_flops\[27\].rf_reg_q\[23\],14.64µm
net4113,14.64µm
u_ibex_top.u_ibex_core.ex_block_i.alu_i.g_no_alu_rvb.unused_imd_val_q\[2\],14.635µm
_07623_,14.62µm
_09022_,14.62µm
_09615_,14.62µm
u_ibex_top.gen_regfile_ff.register_file_i.g_plain_rf.g_rf_flops\[14\].rf_reg_q\[20\],14.62µm
u_ibex_top.gen_regfile_ff.register_file_i.g_plain_rf.g_rf_flops\[28\].rf_reg_q\[24\],14.62µm
u_ibex_top.gen_regfile_ff.register_file_i.g_plain_rf.g_rf_flops\[30\].rf_reg_q\[16\],14.62µm
_05746_,14.61µm
u_ibex_top.u_ibex_core.cs_registers_i.dscratch0_q\[14\],14.6µm
_06440_,14.595µm
_04960_,14.59µm
_02607_,14.58µm
_05215_,14.58µm
_05775_,14.58µm
_05988_,14.58µm
_08487_,14.58µm
u_ibex_top.gen_regfile_ff.register_file_i.g_plain_rf.g_rf_flops\[15\].rf_reg_q\[19\],14.58µm
net3945,14.58µm
_01960_,14.56µm
_02046_,14.56µm
_02570_,14.56µm
_03376_,14.56µm
_03601_,14.56µm
_04115_,14.56µm
_08656_,14.56µm
_09284_,14.56µm
u_ibex_top.u_ibex_core.if_stage_i.gen_prefetch_buffer.prefetch_buffer_i.fifo_i.rdata_q\[21\],14.56µm
u_ibex_top.u_ibex_core.if_stage_i.gen_prefetch_buffer.prefetch_buffer_i.fifo_i.rdata_q\[24\],14.56µm
net2836,14.56µm
u_ibex_top.gen_regfile_ff.register_file_i.g_plain_rf.g_rf_flops\[19\].rf_reg_q\[24\],14.555µm
_07881_,14.54µm
_08017_,14.54µm
net3206,14.54µm
_07689_,14.52µm
_08508_,14.52µm
_08539_,14.52µm
_05432_,14.5µm
_09211_,14.5µm
u_ibex_top.gen_regfile_ff.register_file_i.g_plain_rf.g_rf_flops\[15\].rf_reg_q\[4\],14.5µm
_02375_,14.48µm
_02596_,14.48µm
_03022_,14.48µm
_04577_,14.48µm
_04680_,14.48µm
_06099_,14.48µm
u_ibex_top.gen_regfile_ff.register_file_i.g_plain_rf.g_rf_flops\[11\].rf_reg_q\[31\],14.48µm
u_ibex_top.gen_regfile_ff.register_file_i.g_plain_rf.g_rf_flops\[29\].rf_reg_q\[29\],14.48µm
net848,14.48µm
u_ibex_top.crash_dump_o\[6\],14.46µm
u_ibex_top.gen_regfile_ff.register_file_i.g_plain_rf.g_rf_flops\[14\].rf_reg_q\[17\],14.46µm
u_ibex_top.gen_regfile_ff.register_file_i.g_plain_rf.g_rf_flops\[3\].rf_reg_q\[14\],14.46µm
_05591_,14.44µm
u_ibex_top.gen_regfile_ff.register_file_i.g_plain_rf.g_rf_flops\[9\].rf_reg_q\[2\],14.44µm
_05685_,14.435µm
_06162_,14.43µm
u_ibex_top.gen_regfile_ff.register_file_i.g_plain_rf.g_rf_flops\[1\].rf_reg_q\[9\],14.425µm
_07921_,14.42µm
_08392_,14.42µm
u_ibex_top.gen_regfile_ff.register_file_i.g_plain_rf.g_rf_flops\[16\].rf_reg_q\[25\],14.42µm
u_ibex_top.u_ibex_core.ex_block_i.gen_multdiv_fast.multdiv_i.op_quotient_q\[26\],14.42µm
u_ibex_top.u_ibex_core.if_stage_i.gen_prefetch_buffer.prefetch_buffer_i.fifo_i.err_q\[1\],14.42µm
net4232,14.42µm
_03034_,14.4µm
_04761_,14.4µm
_06696_,14.4µm
_08655_,14.4µm
u_ibex_top.gen_regfile_ff.register_file_i.g_plain_rf.g_rf_flops\[16\].rf_reg_q\[17\],14.4µm
_05853_,14.38µm
_09157_,14.38µm
_09511_,14.38µm
u_ibex_top.gen_regfile_ff.register_file_i.g_plain_rf.g_rf_flops\[10\].rf_reg_q\[0\],14.38µm
u_ibex_top.gen_regfile_ff.register_file_i.g_plain_rf.g_rf_flops\[23\].rf_reg_q\[30\],14.38µm
net2926,14.38µm
net3076,14.38µm
_04522_,14.36µm
_06325_,14.36µm
u_ibex_top.u_ibex_core.if_stage_i.gen_prefetch_buffer.prefetch_buffer_i.fifo_i.rdata_q\[19\],14.36µm
u_ibex_top.gen_regfile_ff.register_file_i.g_plain_rf.g_rf_flops\[30\].rf_reg_q\[2\],14.35µm
_05940_,14.34µm
_08615_,14.34µm
_09514_,14.34µm
net4112,14.34µm
instr_rdata_i[24],14.33µm
_03797_,14.32µm
_04608_,14.32µm
_04838_,14.32µm
net4200,14.32µm
u_ibex_top.u_ibex_core.cs_registers_i.dscratch1_q\[6\],14.305µm
net2811,14.305µm
_02141_,14.3µm
_02316_,14.3µm
_03009_,14.3µm
_03884_,14.3µm
_04892_,14.3µm
_05168_,14.3µm
_07097_,14.3µm
_07535_,14.3µm
u_ibex_top.gen_regfile_ff.register_file_i.g_plain_rf.g_rf_flops\[1\].rf_reg_q\[24\],14.3µm
net2828,14.3µm
net410,14.29µm
_05823_,14.285µm
_08273_,14.28µm
_09721_,14.28µm
u_ibex_top.gen_regfile_ff.register_file_i.g_plain_rf.g_rf_flops\[11\].rf_reg_q\[27\],14.28µm
u_ibex_top.u_ibex_core.ex_block_i.alu_i.g_no_alu_rvb.unused_imd_val_q\[10\],14.265µm
_04502_,14.26µm
_06048_,14.26µm
_06091_,14.26µm
_08587_,14.26µm
_09136_,14.26µm
u_ibex_top.gen_regfile_ff.register_file_i.g_plain_rf.g_rf_flops\[18\].rf_reg_q\[0\],14.26µm
u_ibex_top.gen_regfile_ff.register_file_i.g_plain_rf.g_rf_flops\[21\].rf_reg_q\[13\],14.26µm
net3454,14.26µm
net4136,14.26µm
_06221_,14.24µm
_09399_,14.24µm
u_ibex_top.u_ibex_core.if_stage_i.gen_prefetch_buffer.prefetch_buffer_i.fifo_i.rdata_q\[11\],14.24µm
net4138,14.24µm
_00598_,14.22µm
_06058_,14.22µm
_09570_,14.22µm
_09571_,14.22µm
_09009_,14.2µm
irq_fast_i[12],14.2µm
irq_fast_i[4],14.2µm
_04202_,14.195µm
_02167_,14.18µm
_03441_,14.18µm
_05425_,14.18µm
_05452_,14.18µm
_06067_,14.18µm
_08086_,14.18µm
u_ibex_top.u_ibex_core.cs_registers_i.dscratch1_q\[25\],14.18µm
_02246_,14.16µm
u_ibex_top.gen_regfile_ff.register_file_i.g_plain_rf.g_rf_flops\[12\].rf_reg_q\[17\],14.16µm
u_ibex_top.u_ibex_core.cs_registers_i.dscratch0_q\[30\],14.16µm
net3616,14.16µm
instr_addr_o[26],14.15µm
instr_addr_o[29],14.15µm
_03449_,14.14µm
_04607_,14.14µm
_05393_,14.14µm
_07122_,14.14µm
_07611_,14.14µm
_08796_,14.14µm
u_ibex_top.gen_regfile_ff.register_file_i.g_plain_rf.g_rf_flops\[3\].rf_reg_q\[30\],14.14µm
u_ibex_top.u_ibex_core.cs_registers_i.dscratch1_q\[11\],14.14µm
u_ibex_top.u_ibex_core.cs_registers_i.mstack_epc_q\[7\],14.14µm
_03049_,14.12µm
_06519_,14.12µm
u_ibex_top.gen_regfile_ff.register_file_i.g_plain_rf.g_rf_flops\[25\].rf_reg_q\[29\],14.12µm
net3754,14.12µm
_00583_,14.1µm
_02059_,14.1µm
_02226_,14.1µm
_03017_,14.1µm
_03114_,14.1µm
_04155_,14.1µm
_06623_,14.1µm
_08176_,14.1µm
_09315_,14.1µm
u_ibex_top.gen_regfile_ff.register_file_i.g_plain_rf.g_rf_flops\[20\].rf_reg_q\[2\],14.1µm
u_ibex_top.gen_regfile_ff.register_file_i.g_plain_rf.g_rf_flops\[26\].rf_reg_q\[13\],14.1µm
_03016_,14.08µm
_03735_,14.08µm
_03924_,14.08µm
_05752_,14.08µm
_05938_,14.08µm
_06006_,14.08µm
_06126_,14.08µm
_08745_,14.08µm
_09437_,14.08µm
u_ibex_top.gen_regfile_ff.register_file_i.g_plain_rf.g_rf_flops\[30\].rf_reg_q\[4\],14.08µm
u_ibex_top.u_ibex_core.cs_registers_i.mstack_epc_q\[24\],14.08µm
_06372_,14.075µm
_02937_,14.06µm
_03562_,14.06µm
_06300_,14.04µm
_08779_,14.04µm
_08826_,14.04µm
u_ibex_top.gen_regfile_ff.register_file_i.g_plain_rf.g_rf_flops\[18\].rf_reg_q\[23\],14.04µm
u_ibex_top.gen_regfile_ff.register_file_i.g_plain_rf.g_rf_flops\[22\].rf_reg_q\[29\],14.04µm
net2814,14.04µm
net3215,14.04µm
net3346,14.04µm
_02007_,14.02µm
_06972_,14.02µm
_07654_,14.02µm
net130,14.02µm
u_ibex_top.gen_regfile_ff.register_file_i.g_plain_rf.g_rf_flops\[24\].rf_reg_q\[26\],14.02µm
u_ibex_top.gen_regfile_ff.register_file_i.g_plain_rf.g_rf_flops\[28\].rf_reg_q\[18\],14.02µm
_04830_,14µm
_05119_,14µm
_05211_,14µm
_06122_,14µm
_06396_,14µm
u_ibex_top.gen_regfile_ff.register_file_i.g_plain_rf.g_rf_flops\[22\].rf_reg_q\[10\],14µm
u_ibex_top.gen_regfile_ff.register_file_i.g_plain_rf.g_rf_flops\[4\].rf_reg_q\[3\],14µm
u_ibex_top.u_ibex_core.cs_registers_i.mstack_epc_q\[3\],14µm
u_ibex_top.u_ibex_core.load_store_unit_i.rdata_q\[11\],14µm
_04721_,13.99µm
_07960_,13.99µm
_04531_,13.98µm
_04913_,13.98µm
_05556_,13.98µm
_06149_,13.98µm
_09102_,13.98µm
_02287_,13.96µm
_02304_,13.96µm
_05461_,13.96µm
net4189,13.96µm
u_ibex_top.gen_regfile_ff.register_file_i.g_plain_rf.g_rf_flops\[1\].rf_reg_q\[5\],13.955µm
data_rdata_i[12],13.95µm
_06606_,13.94µm
u_ibex_top.gen_regfile_ff.register_file_i.g_plain_rf.g_rf_flops\[24\].rf_reg_q\[14\],13.94µm
u_ibex_top.gen_regfile_ff.register_file_i.g_plain_rf.g_rf_flops\[7\].rf_reg_q\[16\],13.94µm
_03327_,13.92µm
_03930_,13.92µm
_05006_,13.92µm
_05883_,13.92µm
_09703_,13.92µm
u_ibex_top.gen_regfile_ff.register_file_i.g_plain_rf.g_rf_flops\[12\].rf_reg_q\[9\],13.92µm
u_ibex_top.gen_regfile_ff.register_file_i.g_plain_rf.g_rf_flops\[21\].rf_reg_q\[0\],13.92µm
u_ibex_top.u_ibex_core.if_stage_i.gen_prefetch_buffer.prefetch_buffer_i.discard_req_d,13.92µm
net4235,13.92µm
_02635_,13.9µm
u_ibex_top.u_ibex_core.id_stage_i.controller_i.instr_compressed_i\[6\],13.9µm
u_ibex_top.u_ibex_core.if_stage_i.gen_prefetch_buffer.prefetch_buffer_i.fifo_i.rdata_q\[37\],13.9µm
_01833_,13.885µm
_02525_,13.88µm
_03063_,13.88µm
_03756_,13.88µm
_04413_,13.88µm
_05451_,13.88µm
_06331_,13.88µm
_09322_,13.88µm
u_ibex_top.gen_regfile_ff.register_file_i.g_plain_rf.g_rf_flops\[28\].rf_reg_q\[21\],13.88µm
u_ibex_top.gen_regfile_ff.register_file_i.g_plain_rf.g_rf_flops\[9\].rf_reg_q\[28\],13.88µm
_08042_,13.87µm
_03625_,13.86µm
_07662_,13.86µm
net3317,13.86µm
_02116_,13.84µm
_03546_,13.84µm
_03996_,13.84µm
_05294_,13.84µm
_05756_,13.84µm
_07235_,13.84µm
_07741_,13.84µm
_09217_,13.84µm
u_ibex_top.gen_regfile_ff.register_file_i.g_plain_rf.g_rf_flops\[15\].rf_reg_q\[20\],13.84µm
u_ibex_top.gen_regfile_ff.register_file_i.g_plain_rf.g_rf_flops\[27\].rf_reg_q\[8\],13.84µm
net3517,13.84µm
_02172_,13.82µm
_05031_,13.82µm
_09677_,13.82µm
net2786,13.82µm
net953,13.81µm
net2036,13.81µm
_03380_,13.8µm
_04828_,13.8µm
_08696_,13.8µm
_08711_,13.8µm
u_ibex_top.gen_regfile_ff.register_file_i.g_plain_rf.g_rf_flops\[25\].rf_reg_q\[4\],13.8µm
net2003,13.8µm
net2800,13.8µm
net3086,13.8µm
_08257_,13.79µm
_03895_,13.78µm
_04616_,13.78µm
_08283_,13.78µm
u_ibex_top.gen_regfile_ff.register_file_i.g_plain_rf.g_rf_flops\[20\].rf_reg_q\[19\],13.78µm
net3633,13.78µm
net3730,13.78µm
net3932,13.78µm
_00285_,13.76µm
_05117_,13.76µm
_05793_,13.76µm
_05869_,13.76µm
u_ibex_top.gen_regfile_ff.register_file_i.g_plain_rf.g_rf_flops\[11\].rf_reg_q\[26\],13.76µm
u_ibex_top.u_ibex_core.if_stage_i.gen_prefetch_buffer.prefetch_buffer_i.fifo_i.rdata_q\[38\],13.76µm
_04718_,13.74µm
_08550_,13.74µm
_08661_,13.725µm
_07705_,13.72µm
_07732_,13.72µm
_08957_,13.72µm
u_ibex_top.gen_regfile_ff.register_file_i.g_plain_rf.g_rf_flops\[9\].rf_reg_q\[31\],13.72µm
u_ibex_top.u_ibex_core.if_stage_i.gen_prefetch_buffer.prefetch_buffer_i.fifo_i.rdata_q\[54\],13.72µm
net3480,13.72µm
net4230,13.72µm
_02521_,13.7µm
_03863_,13.7µm
_03893_,13.7µm
_05353_,13.7µm
net4061,13.7µm
_06377_,13.69µm
_02404_,13.68µm
_03637_,13.68µm
_07634_,13.68µm
_08766_,13.68µm
_09630_,13.68µm
u_ibex_top.u_ibex_core.ex_block_i.gen_multdiv_fast.multdiv_i.op_numerator_q\[30\],13.68µm
u_ibex_top.u_ibex_core.ex_block_i.gen_multdiv_fast.multdiv_i.op_quotient_q\[16\],13.68µm
u_ibex_top.u_ibex_core.ex_block_i.gen_multdiv_fast.multdiv_i.op_quotient_q\[31\],13.68µm
u_ibex_top.u_ibex_core.if_stage_i.gen_prefetch_buffer.prefetch_buffer_i.stored_addr_q\[12\],13.68µm
u_ibex_top.u_ibex_core.if_stage_i.gen_prefetch_buffer.prefetch_buffer_i.stored_addr_q\[3\],13.68µm
net3700,13.68µm
net2950,13.66µm
net3118,13.66µm
_02550_,13.64µm
_03426_,13.64µm
_07707_,13.64µm
u_ibex_top.u_ibex_core.if_stage_i.gen_prefetch_buffer.prefetch_buffer_i.fifo_i.rdata_q\[17\],13.64µm
u_ibex_top.u_ibex_core.if_stage_i.gen_prefetch_buffer.prefetch_buffer_i.fifo_i.rdata_q\[43\],13.64µm
_04374_,13.62µm
_05350_,13.62µm
u_ibex_top.gen_regfile_ff.register_file_i.g_plain_rf.g_rf_flops\[10\].rf_reg_q\[27\],13.62µm
net3596,13.62µm
_06047_,13.61µm
u_ibex_top.u_ibex_core.cs_registers_i.mstack_epc_q\[21\],13.61µm
_02882_,13.6µm
_03612_,13.6µm
_08802_,13.6µm
u_ibex_top.gen_regfile_ff.register_file_i.g_plain_rf.g_rf_flops\[15\].rf_reg_q\[1\],13.6µm
_00230_,13.58µm
_02138_,13.58µm
_02534_,13.58µm
_03935_,13.58µm
_05944_,13.58µm
_07888_,13.58µm
_09347_,13.58µm
net3283,13.58µm
u_ibex_top.gen_regfile_ff.register_file_i.g_plain_rf.g_rf_flops\[10\].rf_reg_q\[12\],13.565µm
_04446_,13.56µm
_07427_,13.56µm
_08433_,13.56µm
_09065_,13.56µm
u_ibex_top.gen_regfile_ff.register_file_i.g_plain_rf.g_rf_flops\[4\].rf_reg_q\[0\],13.56µm
u_ibex_top.u_ibex_core.cs_registers_i.csr_mtvec_o\[19\],13.56µm
_03556_,13.54µm
_04900_,13.54µm
_07393_,13.54µm
_08236_,13.54µm
u_ibex_top.crash_dump_o\[82\],13.54µm
u_ibex_top.u_ibex_core.cs_registers_i.mstack_cause_q\[6\],13.54µm
net3261,13.54µm
net3300,13.54µm
net4055,13.54µm
_04575_,13.535µm
_00053_,13.52µm
_02655_,13.52µm
_05097_,13.52µm
_08596_,13.52µm
_05203_,13.51µm
_01961_,13.5µm
_02037_,13.5µm
_04685_,13.5µm
_05509_,13.5µm
_05693_,13.5µm
_07763_,13.5µm
_08169_,13.5µm
_09475_,13.5µm
u_ibex_top.gen_regfile_ff.register_file_i.g_plain_rf.g_rf_flops\[3\].rf_reg_q\[20\],13.5µm
net2776,13.5µm
_02954_,13.48µm
_04510_,13.48µm
_04974_,13.48µm
_05312_,13.48µm
_06105_,13.48µm
_07677_,13.48µm
u_ibex_top.u_ibex_core.ex_block_i.gen_multdiv_fast.multdiv_i.op_numerator_q\[19\],13.48µm
net3095,13.48µm
_02291_,13.46µm
_03052_,13.46µm
_03459_,13.46µm
_04408_,13.46µm
_04842_,13.46µm
_07956_,13.46µm
_08255_,13.46µm
_09361_,13.46µm
u_ibex_top.gen_regfile_ff.register_file_i.g_plain_rf.g_rf_flops\[5\].rf_reg_q\[16\],13.46µm
u_ibex_top.gen_regfile_ff.register_file_i.g_plain_rf.g_rf_flops\[5\].rf_reg_q\[8\],13.46µm
u_ibex_top.u_ibex_core.cs_registers_i.dscratch0_q\[10\],13.46µm
net2815,13.46µm
net3711,13.46µm
_02279_,13.44µm
_06021_,13.44µm
_07789_,13.44µm
net3370,13.44µm
net3868,13.44µm
_00522_,13.42µm
_02764_,13.42µm
_03191_,13.42µm
_04082_,13.42µm
_05640_,13.42µm
_07902_,13.42µm
_08025_,13.42µm
u_ibex_top.gen_regfile_ff.register_file_i.g_plain_rf.g_rf_flops\[19\].rf_reg_q\[29\],13.42µm
_02150_,13.405µm
_02370_,13.4µm
_05446_,13.4µm
_06799_,13.4µm
u_ibex_top.gen_regfile_ff.register_file_i.g_plain_rf.g_rf_flops\[3\].rf_reg_q\[6\],13.4µm
net3647,13.4µm
net2562,13.39µm
_02014_,13.38µm
_02259_,13.38µm
_03485_,13.38µm
_04146_,13.38µm
_04406_,13.38µm
_04520_,13.38µm
_04722_,13.38µm
_06129_,13.38µm
_07159_,13.38µm
_07961_,13.38µm
_08556_,13.38µm
_09659_,13.38µm
net3235,13.38µm
_01727_,13.36µm
_07009_,13.36µm
u_ibex_top.gen_regfile_ff.register_file_i.g_plain_rf.g_rf_flops\[28\].rf_reg_q\[4\],13.36µm
net3707,13.36µm
net3839,13.36µm
net2527,13.35µm
u_ibex_top.u_ibex_core.ex_block_i.alu_i.g_no_alu_rvb.unused_imd_val_q\[13\],13.345µm
_02612_,13.34µm
_05111_,13.34µm
_05376_,13.34µm
_07404_,13.34µm
_07406_,13.34µm
_09569_,13.34µm
_09711_,13.34µm
u_ibex_top.gen_regfile_ff.register_file_i.g_plain_rf.g_rf_flops\[25\].rf_reg_q\[5\],13.34µm
u_ibex_top.gen_regfile_ff.register_file_i.g_plain_rf.g_rf_flops\[7\].rf_reg_q\[1\],13.34µm
net3357,13.34µm
_05045_,13.32µm
_07940_,13.32µm
_09320_,13.32µm
u_ibex_top.gen_regfile_ff.register_file_i.g_plain_rf.g_rf_flops\[28\].rf_reg_q\[5\],13.32µm
_02372_,13.3µm
_04920_,13.3µm
_05990_,13.3µm
_06873_,13.3µm
_07733_,13.3µm
u_ibex_top.gen_regfile_ff.register_file_i.g_plain_rf.g_rf_flops\[11\].rf_reg_q\[5\],13.3µm
u_ibex_top.u_ibex_core.if_stage_i.gen_prefetch_buffer.prefetch_buffer_i.fifo_i.rdata_q\[83\],13.3µm
net3770,13.3µm
net2452,13.29µm
_01345_,13.28µm
_00526_,13.265µm
_08108_,13.26µm
_09089_,13.26µm
_09155_,13.26µm
u_ibex_top.gen_regfile_ff.register_file_i.g_plain_rf.g_rf_flops\[16\].rf_reg_q\[0\],13.26µm
u_ibex_top.u_ibex_core.ex_block_i.alu_i.g_no_alu_rvb.unused_imd_val_q\[7\],13.255µm
_01152_,13.24µm
_03006_,13.24µm
_05185_,13.24µm
_06210_,13.24µm
_08329_,13.24µm
net2699,13.24µm
net2700,13.24µm
u_ibex_top.gen_regfile_ff.register_file_i.g_plain_rf.g_rf_flops\[29\].rf_reg_q\[30\],13.24µm
_08018_,13.23µm
_09473_,13.23µm
_04590_,13.22µm
_08532_,13.22µm
_09379_,13.22µm
_09575_,13.22µm
u_ibex_top.gen_regfile_ff.register_file_i.g_plain_rf.g_rf_flops\[20\].rf_reg_q\[20\],13.22µm
u_ibex_top.u_ibex_core.cs_registers_i.dscratch0_q\[3\],13.22µm
_02667_,13.2µm
_05361_,13.2µm
_08093_,13.2µm
_09130_,13.2µm
_09286_,13.2µm
_09336_,13.2µm
_09495_,13.2µm
u_ibex_top.gen_regfile_ff.register_file_i.g_plain_rf.g_rf_flops\[5\].rf_reg_q\[1\],13.2µm
net2987,13.2µm
net3910,13.2µm
_05160_,13.18µm
_07610_,13.18µm
_08459_,13.18µm
u_ibex_top.u_ibex_core.id_stage_i.controller_i.instr_compressed_i\[8\],13.18µm
_00644_,13.16µm
_00981_,13.16µm
_01132_,13.16µm
_01741_,13.16µm
_05081_,13.16µm
_07250_,13.16µm
u_ibex_top.gen_regfile_ff.register_file_i.g_plain_rf.g_rf_flops\[26\].rf_reg_q\[12\],13.16µm
net2621,13.16µm
net2739,13.16µm
net3577,13.16µm
net3713,13.16µm
net3967,13.16µm
net4275,13.16µm
_03480_,13.14µm
_08021_,13.14µm
_09095_,13.14µm
_09459_,13.14µm
_09825_,13.14µm
u_ibex_top.gen_regfile_ff.register_file_i.g_plain_rf.g_rf_flops\[22\].rf_reg_q\[5\],13.14µm
u_ibex_top.u_ibex_core.cs_registers_i.mie_q\[16\],13.14µm
net3848,13.14µm
_05450_,13.135µm
net2556,13.13µm
_02599_,13.12µm
_04147_,13.12µm
_05261_,13.12µm
_08506_,13.12µm
u_ibex_top.gen_regfile_ff.register_file_i.g_plain_rf.g_rf_flops\[22\].rf_reg_q\[24\],13.12µm
u_ibex_top.gen_regfile_ff.register_file_i.g_plain_rf.g_rf_flops\[2\].rf_reg_q\[2\],13.12µm
u_ibex_top.u_ibex_core.if_stage_i.gen_prefetch_buffer.prefetch_buffer_i.fifo_i.rdata_q\[81\],13.12µm
_09132_,13.11µm
_05760_,13.1µm
_06671_,13.1µm
_07565_,13.1µm
_07632_,13.1µm
_07910_,13.1µm
u_ibex_top.gen_regfile_ff.register_file_i.g_plain_rf.g_rf_flops\[23\].rf_reg_q\[21\],13.1µm
u_ibex_top.gen_regfile_ff.register_file_i.g_plain_rf.g_rf_flops\[9\].rf_reg_q\[8\],13.1µm
net2435,13.1µm
_05586_,13.095µm
_01750_,13.085µm
_02981_,13.08µm
_04512_,13.08µm
_04911_,13.08µm
_05258_,13.08µm
_07771_,13.08µm
_09218_,13.08µm
_09321_,13.08µm
u_ibex_top.gen_regfile_ff.register_file_i.g_plain_rf.g_rf_flops\[6\].rf_reg_q\[17\],13.08µm
u_ibex_top.u_ibex_core.if_stage_i.gen_prefetch_buffer.prefetch_buffer_i.fifo_i.rdata_q\[13\],13.08µm
net3332,13.08µm
net3878,13.08µm
net4331,13.08µm
_00169_,13.06µm
_02078_,13.06µm
_02362_,13.06µm
_03584_,13.06µm
_03926_,13.06µm
_04589_,13.06µm
_05436_,13.06µm
_08119_,13.05µm
_02328_,13.04µm
_04729_,13.04µm
_04930_,13.04µm
_06315_,13.04µm
_07536_,13.04µm
_09070_,13.04µm
_09791_,13.04µm
net254,13.04µm
_07671_,13.03µm
_04303_,13.02µm
_04665_,13.02µm
_06564_,13.02µm
_06574_,13.02µm
_07350_,13.02µm
u_ibex_top.gen_regfile_ff.register_file_i.g_plain_rf.g_rf_flops\[20\].rf_reg_q\[16\],13.02µm
u_ibex_top.gen_regfile_ff.register_file_i.g_plain_rf.g_rf_flops\[24\].rf_reg_q\[13\],13.02µm
net3125,13.02µm
net3195,13.02µm
_03305_,13µm
_05061_,13µm
_05715_,13µm
_06421_,13µm
_06782_,13µm
_07717_,13µm
_08121_,13µm
_08164_,13µm
_08827_,13µm
_09512_,13µm
net3183,13µm
_06530_,12.995µm
data_rdata_i[2],12.99µm
_01579_,12.98µm
_02836_,12.98µm
_05213_,12.98µm
_05809_,12.98µm
_06974_,12.98µm
u_ibex_top.gen_regfile_ff.register_file_i.g_plain_rf.g_rf_flops\[6\].rf_reg_q\[23\],12.98µm
u_ibex_top.gen_regfile_ff.register_file_i.g_plain_rf.g_rf_flops\[6\].rf_reg_q\[4\],12.98µm
net4039,12.98µm
net4057,12.98µm
_03662_,12.96µm
_03986_,12.96µm
_05249_,12.96µm
_05993_,12.96µm
_07442_,12.96µm
_09116_,12.96µm
u_ibex_top.gen_regfile_ff.register_file_i.g_plain_rf.g_rf_flops\[1\].rf_reg_q\[1\],12.96µm
u_ibex_top.gen_regfile_ff.register_file_i.g_plain_rf.g_rf_flops\[27\].rf_reg_q\[16\],12.96µm
net1303,12.96µm
net3746,12.96µm
net3797,12.96µm
net3939,12.96µm
_02419_,12.94µm
_07217_,12.94µm
net2710,12.94µm
net3818,12.94µm
_02222_,12.92µm
_02980_,12.92µm
_04416_,12.92µm
_05053_,12.92µm
_05631_,12.92µm
_06240_,12.92µm
_06778_,12.92µm
_07945_,12.92µm
net3127,12.92µm
net4161,12.92µm
_04898_,12.905µm
_03648_,12.9µm
_05751_,12.9µm
_06055_,12.9µm
_02526_,12.89µm
_09158_,12.89µm
u_ibex_top.u_ibex_core.cs_registers_i.mscratch_q\[4\],12.885µm
_01525_,12.88µm
_02429_,12.88µm
_03035_,12.88µm
_04668_,12.88µm
_05890_,12.88µm
_09455_,12.88µm
u_ibex_top.gen_regfile_ff.register_file_i.g_plain_rf.g_rf_flops\[6\].rf_reg_q\[26\],12.88µm
u_ibex_top.u_ibex_core.cs_registers_i.dscratch1_q\[23\],12.88µm
net3162,12.88µm
net3531,12.88µm
u_ibex_top.u_ibex_core.ex_block_i.gen_multdiv_fast.multdiv_i.op_numerator_q\[11\],12.875µm
_04232_,12.86µm
_07473_,12.86µm
u_ibex_top.u_ibex_core.cs_registers_i.dscratch1_q\[14\],12.86µm
net2409,12.85µm
_01274_,12.84µm
_02047_,12.84µm
_02244_,12.84µm
_02301_,12.84µm
_03552_,12.84µm
_03806_,12.84µm
_05530_,12.84µm
_08322_,12.84µm
_08654_,12.84µm
_09281_,12.84µm
u_ibex_top.gen_regfile_ff.register_file_i.g_plain_rf.g_rf_flops\[7\].rf_reg_q\[7\],12.84µm
u_ibex_top.u_ibex_core.cs_registers_i.mstack_q\[0\],12.84µm
net4153,12.84µm
_02096_,12.82µm
_05817_,12.82µm
_07313_,12.82µm
_08055_,12.82µm
u_ibex_top.gen_regfile_ff.register_file_i.g_plain_rf.g_rf_flops\[13\].rf_reg_q\[18\],12.82µm
u_ibex_top.u_ibex_core.ex_block_i.gen_multdiv_fast.multdiv_i.op_quotient_q\[22\],12.82µm
net2897,12.82µm
net2908,12.82µm
net3669,12.82µm
_07008_,12.81µm
_02087_,12.8µm
_02552_,12.8µm
_03622_,12.8µm
_07589_,12.8µm
_09256_,12.8µm
u_ibex_top.gen_regfile_ff.register_file_i.g_plain_rf.g_rf_flops\[3\].rf_reg_q\[3\],12.8µm
net4244,12.8µm
net4363,12.8µm
_06612_,12.78µm
_08452_,12.78µm
net3240,12.78µm
net3908,12.78µm
u_ibex_top.u_ibex_core.ex_block_i.gen_multdiv_fast.multdiv_i.op_numerator_q\[27\],12.765µm
_06329_,12.76µm
_08109_,12.76µm
_09607_,12.76µm
u_ibex_top.gen_regfile_ff.register_file_i.g_plain_rf.g_rf_flops\[10\].rf_reg_q\[16\],12.76µm
u_ibex_top.gen_regfile_ff.register_file_i.g_plain_rf.g_rf_flops\[22\].rf_reg_q\[15\],12.76µm
u_ibex_top.u_ibex_core.id_stage_i.controller_i.ctrl_fsm_cs\[8\],12.76µm
net3176,12.76µm
_03399_,12.755µm
net2992,12.745µm
_00948_,12.74µm
_02703_,12.74µm
_02751_,12.74µm
_04628_,12.74µm
_05146_,12.74µm
u_ibex_top.gen_regfile_ff.register_file_i.g_plain_rf.g_rf_flops\[23\].rf_reg_q\[16\],12.74µm
net3519,12.74µm
_06413_,12.73µm
_02848_,12.72µm
_03068_,12.72µm
_04102_,12.72µm
_05219_,12.72µm
_09708_,12.72µm
net3259,12.72µm
_00528_,12.7µm
_02747_,12.7µm
_03062_,12.7µm
_04059_,12.7µm
_07655_,12.7µm
u_ibex_top.gen_regfile_ff.register_file_i.g_plain_rf.g_rf_flops\[12\].rf_reg_q\[4\],12.7µm
u_ibex_top.gen_regfile_ff.register_file_i.g_plain_rf.g_rf_flops\[14\].rf_reg_q\[21\],12.7µm
u_ibex_top.gen_regfile_ff.register_file_i.g_plain_rf.g_rf_flops\[2\].rf_reg_q\[29\],12.7µm
u_ibex_top.gen_regfile_ff.register_file_i.g_plain_rf.g_rf_flops\[30\].rf_reg_q\[23\],12.7µm
u_ibex_top.u_ibex_core.cs_registers_i.csr_mtvec_o\[20\],12.7µm
u_ibex_top.u_ibex_core.cs_registers_i.mstack_epc_q\[19\],12.7µm
net3891,12.7µm
_09661_,12.69µm
_04709_,12.68µm
_05808_,12.68µm
_07802_,12.68µm
_08645_,12.68µm
_07489_,12.67µm
_04658_,12.66µm
_05917_,12.66µm
_07645_,12.66µm
_08045_,12.66µm
_08146_,12.66µm
_08470_,12.66µm
u_ibex_top.gen_regfile_ff.register_file_i.g_plain_rf.g_rf_flops\[13\].rf_reg_q\[30\],12.66µm
u_ibex_top.gen_regfile_ff.register_file_i.g_plain_rf.g_rf_flops\[18\].rf_reg_q\[14\],12.66µm
u_ibex_top.u_ibex_core.ex_block_i.gen_multdiv_fast.multdiv_i.op_quotient_q\[13\],12.66µm
u_ibex_top.u_ibex_core.if_stage_i.gen_prefetch_buffer.prefetch_buffer_i.fifo_i.rdata_q\[90\],12.66µm
net3761,12.66µm
data_rdata_i[14],12.65µm
data_rdata_i[18],12.65µm
data_rdata_i[22],12.65µm
data_rdata_i[26],12.65µm
data_rdata_i[30],12.65µm
data_rdata_i[6],12.65µm
_00638_,12.64µm
_02485_,12.64µm
_05246_,12.64µm
_06478_,12.64µm
_06611_,12.64µm
_08120_,12.64µm
_08384_,12.64µm
u_ibex_top.u_ibex_core.cs_registers_i.mscratch_q\[15\],12.64µm
_00545_,12.62µm
_03024_,12.62µm
_04554_,12.62µm
_06247_,12.62µm
_07372_,12.62µm
_08183_,12.62µm
_09261_,12.62µm
_09560_,12.62µm
u_ibex_top.gen_regfile_ff.register_file_i.g_plain_rf.g_rf_flops\[29\].rf_reg_q\[28\],12.62µm
net2762,12.62µm
net2925,12.62µm
net3657,12.62µm
_02354_,12.6µm
_03504_,12.6µm
_06118_,12.6µm
_06602_,12.6µm
_08092_,12.6µm
_03278_,12.58µm
_03400_,12.58µm
_04005_,12.58µm
_04694_,12.58µm
_05074_,12.58µm
_06145_,12.58µm
_09540_,12.58µm
u_ibex_top.gen_regfile_ff.register_file_i.g_plain_rf.g_rf_flops\[17\].rf_reg_q\[2\],12.58µm
u_ibex_top.gen_regfile_ff.register_file_i.g_plain_rf.g_rf_flops\[20\].rf_reg_q\[25\],12.58µm
u_ibex_top.gen_regfile_ff.register_file_i.g_plain_rf.g_rf_flops\[29\].rf_reg_q\[18\],12.58µm
net777,12.58µm
net787,12.58µm
_02895_,12.56µm
_03031_,12.56µm
_03877_,12.56µm
_05187_,12.56µm
_06404_,12.56µm
net248,12.555µm
_03719_,12.54µm
_05638_,12.54µm
_05735_,12.54µm
_07382_,12.54µm
_08544_,12.54µm
_08561_,12.54µm
_08603_,12.54µm
_08698_,12.54µm
_09229_,12.54µm
_09231_,12.54µm
_09311_,12.54µm
u_ibex_top.gen_regfile_ff.register_file_i.g_plain_rf.g_rf_flops\[16\].rf_reg_q\[10\],12.54µm
net2097,12.54µm
net2999,12.54µm
net3282,12.54µm
net3399,12.54µm
_03521_,12.52µm
_05295_,12.52µm
_08044_,12.52µm
_09538_,12.52µm
_09589_,12.52µm
u_ibex_top.gen_regfile_ff.register_file_i.g_plain_rf.g_rf_flops\[15\].rf_reg_q\[21\],12.52µm
u_ibex_top.gen_regfile_ff.register_file_i.g_plain_rf.g_rf_flops\[28\].rf_reg_q\[9\],12.52µm
net4049,12.52µm
_02405_,12.51µm
_01168_,12.5µm
_02213_,12.5µm
_02845_,12.5µm
_03503_,12.5µm
_05073_,12.5µm
_05691_,12.5µm
_05786_,12.5µm
_06758_,12.5µm
_07514_,12.5µm
_08486_,12.5µm
u_ibex_top.u_ibex_core.cs_registers_i.dscratch0_q\[1\],12.5µm
net2511,12.5µm
net3002,12.5µm
net3686,12.5µm
net4034,12.5µm
net4365,12.5µm
u_ibex_top.gen_regfile_ff.register_file_i.g_plain_rf.g_rf_flops\[1\].rf_reg_q\[20\],12.49µm
data_wdata_o[27],12.49µm
_06468_,12.485µm
_05047_,12.48µm
_05330_,12.48µm
_05412_,12.48µm
_05841_,12.48µm
_07198_,12.48µm
net2783,12.48µm
net3179,12.48µm
net4192,12.48µm
_01952_,12.46µm
_02411_,12.46µm
_02772_,12.46µm
_03953_,12.46µm
_04587_,12.46µm
_07402_,12.46µm
_07819_,12.46µm
_08192_,12.46µm
_08572_,12.46µm
u_ibex_top.crash_dump_o\[86\],12.46µm
u_ibex_top.gen_regfile_ff.register_file_i.g_plain_rf.g_rf_flops\[17\].rf_reg_q\[21\],12.46µm
net2901,12.46µm
_04724_,12.44µm
_05439_,12.44µm
_08832_,12.44µm
u_ibex_top.gen_regfile_ff.register_file_i.g_plain_rf.g_rf_flops\[31\].rf_reg_q\[28\],12.44µm
u_ibex_top.u_ibex_core.cs_registers_i.mscratch_q\[16\],12.425µm
_01094_,12.42µm
_01373_,12.42µm
_02306_,12.42µm
_04593_,12.42µm
_05522_,12.42µm
_08228_,12.42µm
_08592_,12.42µm
_09481_,12.42µm
_09784_,12.42µm
u_ibex_top.u_ibex_core.id_stage_i.controller_i.instr_compressed_i\[7\],12.42µm
net2726,12.42µm
_05192_,12.4µm
_09431_,12.4µm
u_ibex_top.gen_regfile_ff.register_file_i.g_plain_rf.g_rf_flops\[8\].rf_reg_q\[5\],12.4µm
_02987_,12.39µm
_00748_,12.38µm
_03378_,12.38µm
_08624_,12.38µm
_08734_,12.38µm
u_ibex_top.gen_regfile_ff.register_file_i.g_plain_rf.g_rf_flops\[10\].rf_reg_q\[17\],12.38µm
u_ibex_top.u_ibex_core.cs_registers_i.dscratch1_q\[27\],12.38µm
net2940,12.38µm
_02735_,12.36µm
_03861_,12.36µm
net3817,12.36µm
net4058,12.36µm
u_ibex_top.u_ibex_core.cs_registers_i.dscratch1_q\[3\],12.345µm
_07944_,12.34µm
_08634_,12.34µm
u_ibex_top.clk,12.34µm
u_ibex_top.gen_regfile_ff.register_file_i.g_plain_rf.g_rf_flops\[2\].rf_reg_q\[24\],12.34µm
u_ibex_top.gen_regfile_ff.register_file_i.g_plain_rf.g_rf_flops\[5\].rf_reg_q\[14\],12.34µm
u_ibex_top.u_ibex_core.cs_registers_i.dscratch0_q\[26\],12.34µm
net3473,12.34µm
_02786_,12.32µm
_03422_,12.32µm
_03491_,12.32µm
net2698,12.32µm
u_ibex_top.gen_regfile_ff.register_file_i.g_plain_rf.g_rf_flops\[25\].rf_reg_q\[24\],12.32µm
net3351,12.32µm
net3857,12.32µm
_00999_,12.3µm
_02488_,12.3µm
_05052_,12.3µm
_05108_,12.3µm
_05122_,12.3µm
_05666_,12.3µm
_05733_,12.3µm
_05850_,12.3µm
_07503_,12.3µm
_07695_,12.3µm
_08493_,12.3µm
_09153_,12.3µm
u_ibex_top.u_ibex_core.cs_registers_i.dscratch0_q\[7\],12.3µm
net3182,12.3µm
net4306,12.3µm
net4327,12.3µm
_03577_,12.28µm
_05410_,12.28µm
_09532_,12.28µm
net4075,12.28µm
_09038_,12.275µm
_08918_,12.27µm
_01955_,12.26µm
_02164_,12.26µm
_02333_,12.26µm
_02776_,12.26µm
_03026_,12.26µm
_07860_,12.26µm
_07879_,12.26µm
u_ibex_top.u_ibex_core.cs_registers_i.dscratch1_q\[28\],12.26µm
u_ibex_top.u_ibex_core.ex_block_i.gen_multdiv_fast.multdiv_i.op_quotient_q\[4\],12.26µm
net3926,12.26µm
u_ibex_top.gen_regfile_ff.register_file_i.g_plain_rf.g_rf_flops\[27\].rf_reg_q\[31\],12.25µm
_02005_,12.24µm
_02207_,12.24µm
_03479_,12.24µm
_04750_,12.24µm
_05962_,12.24µm
_08775_,12.24µm
_09453_,12.24µm
u_ibex_top.gen_regfile_ff.register_file_i.g_plain_rf.g_rf_flops\[12\].rf_reg_q\[15\],12.24µm
u_ibex_top.gen_regfile_ff.register_file_i.g_plain_rf.g_rf_flops\[27\].rf_reg_q\[0\],12.24µm
net3048,12.24µm
net3732,12.24µm
net4322,12.24µm
u_ibex_top.gen_regfile_ff.register_file_i.g_plain_rf.g_rf_flops\[3\].rf_reg_q\[8\],12.235µm
_04632_,12.22µm
_08016_,12.22µm
_08327_,12.22µm
_09055_,12.22µm
_02231_,12.2µm
_08038_,12.2µm
u_ibex_top.gen_regfile_ff.register_file_i.g_plain_rf.g_rf_flops\[26\].rf_reg_q\[30\],12.2µm
net1937,12.2µm
net2746,12.2µm
net3564,12.2µm
net3836,12.2µm
_02350_,12.18µm
_03538_,12.18µm
_04990_,12.18µm
_05681_,12.18µm
_06366_,12.18µm
_07107_,12.18µm
_09818_,12.18µm
u_ibex_top.gen_regfile_ff.register_file_i.g_plain_rf.g_rf_flops\[12\].rf_reg_q\[1\],12.18µm
u_ibex_top.gen_regfile_ff.register_file_i.g_plain_rf.g_rf_flops\[14\].rf_reg_q\[12\],12.18µm
net3001,12.18µm
_05552_,12.165µm
_03408_,12.16µm
_05390_,12.16µm
_05722_,12.16µm
_05958_,12.16µm
_08585_,12.16µm
net149,12.16µm
u_ibex_top.u_ibex_core.id_stage_i.controller_i.instr_compressed_i\[5\],12.16µm
u_ibex_top.u_ibex_core.if_stage_i.gen_prefetch_buffer.prefetch_buffer_i.fifo_i.rdata_q\[65\],12.16µm
_08336_,12.15µm
_05976_,12.14µm
_08114_,12.14µm
_08904_,12.14µm
_09664_,12.14µm
net2089,12.13µm
_02179_,12.12µm
_02484_,12.12µm
_03277_,12.12µm
_03462_,12.12µm
_03530_,12.12µm
_05539_,12.12µm
_08705_,12.12µm
_09266_,12.12µm
u_ibex_top.gen_regfile_ff.register_file_i.g_plain_rf.g_rf_flops\[31\].rf_reg_q\[20\],12.12µm
_08187_,12.11µm
instr_addr_o[20],12.11µm
_00513_,12.1µm
_02112_,12.1µm
_04702_,12.1µm
_07965_,12.1µm
_08448_,12.09µm
data_wdata_o[10],12.09µm
_01099_,12.08µm
_02106_,12.08µm
_03532_,12.08µm
_08617_,12.08µm
_08890_,12.08µm
_08959_,12.08µm
net156,12.08µm
u_ibex_top.gen_regfile_ff.register_file_i.g_plain_rf.g_rf_flops\[1\].rf_reg_q\[19\],12.08µm
u_ibex_top.gen_regfile_ff.register_file_i.g_plain_rf.g_rf_flops\[27\].rf_reg_q\[15\],12.08µm
_07884_,12.07µm
_07021_,12.06µm
u_ibex_top.u_ibex_core.if_stage_i.gen_prefetch_buffer.prefetch_buffer_i.fifo_i.rdata_q\[48\],12.06µm
net2801,12.06µm
_07146_,12.055µm
_09382_,12.05µm
_06172_,12.045µm
_02773_,12.04µm
_03262_,12.04µm
_05467_,12.04µm
_06317_,12.04µm
_08305_,12.04µm
net3050,12.04µm
net3664,12.04µm
net3885,12.04µm
net4010,12.04µm
_01275_,12.02µm
_02603_,12.02µm
_03406_,12.02µm
_08361_,12.02µm
_02104_,12µm
_03374_,12µm
_04672_,12µm
_05758_,12µm
_07349_,12µm
_07476_,12µm
_07649_,12µm
_09279_,12µm
net1770,12µm
net3260,12µm
net3360,12µm
net2631,11.99µm
_03482_,11.98µm
_04551_,11.98µm
_05347_,11.98µm
_05438_,11.98µm
_06725_,11.98µm
u_ibex_top.gen_regfile_ff.register_file_i.g_plain_rf.g_rf_flops\[26\].rf_reg_q\[5\],11.98µm
u_ibex_top.u_ibex_core.ex_block_i.gen_multdiv_fast.multdiv_i.op_quotient_q\[12\],11.98µm
net2711,11.98µm
net2797,11.98µm
net3061,11.98µm
net3120,11.98µm
net3902,11.98µm
net4253,11.98µm
net3099,11.975µm
_00796_,11.96µm
_03576_,11.96µm
_04626_,11.96µm
_05264_,11.96µm
_06117_,11.96µm
_07883_,11.96µm
_08351_,11.96µm
_08778_,11.96µm
u_ibex_top.gen_regfile_ff.register_file_i.g_plain_rf.g_rf_flops\[27\].rf_reg_q\[4\],11.96µm
u_ibex_top.gen_regfile_ff.register_file_i.g_plain_rf.g_rf_flops\[2\].rf_reg_q\[7\],11.96µm
u_ibex_top.gen_regfile_ff.register_file_i.g_plain_rf.g_rf_flops\[3\].rf_reg_q\[17\],11.96µm
u_ibex_top.u_ibex_core.cs_registers_i.mscratch_q\[27\],11.96µm
u_ibex_top.u_ibex_core.id_stage_i.controller_i.instr_compressed_i\[9\],11.96µm
net2910,11.96µm
net3290,11.96µm
instr_rdata_i[12],11.95µm
instr_rdata_i[27],11.95µm
instr_rdata_i[5],11.95µm
instr_rdata_i[9],11.95µm
_05653_,11.94µm
_06032_,11.94µm
u_ibex_top.gen_regfile_ff.register_file_i.g_plain_rf.g_rf_flops\[20\].rf_reg_q\[18\],11.94µm
net2649,11.94µm
net2830,11.94µm
_08387_,11.93µm
_00001_,11.92µm
_00187_,11.92µm
_00715_,11.92µm
_01001_,11.92µm
_03610_,11.92µm
_03810_,11.92µm
_04675_,11.92µm
_04948_,11.92µm
_05364_,11.92µm
_05755_,11.92µm
_08928_,11.92µm
u_ibex_top.u_ibex_core.ex_block_i.gen_multdiv_fast.multdiv_i.op_numerator_q\[20\],11.92µm
net287,11.92µm
net3274,11.92µm
net3753,11.92µm
_05933_,11.915µm
_07420_,11.915µm
_08507_,11.91µm
_01069_,11.9µm
_02501_,11.9µm
_05063_,11.9µm
u_ibex_top.u_ibex_core.if_stage_i.gen_prefetch_buffer.prefetch_buffer_i.fifo_i.rdata_q\[14\],11.9µm
net4129,11.9µm
_07308_,11.885µm
_02025_,11.88µm
_05407_,11.88µm
_05865_,11.88µm
_06077_,11.88µm
_08415_,11.88µm
_08523_,11.88µm
_08791_,11.88µm
_09213_,11.88µm
_09814_,11.88µm
u_ibex_top.u_ibex_core.if_stage_i.gen_prefetch_buffer.prefetch_buffer_i.fifo_i.rdata_q\[42\],11.88µm
_03822_,11.87µm
_02281_,11.86µm
_02924_,11.86µm
_03883_,11.86µm
_06253_,11.86µm
net3593,11.86µm
_04198_,11.845µm
_02649_,11.84µm
_05107_,11.84µm
_05816_,11.84µm
_07867_,11.84µm
u_ibex_top.gen_regfile_ff.register_file_i.g_plain_rf.g_rf_flops\[14\].rf_reg_q\[6\],11.84µm
u_ibex_top.gen_regfile_ff.register_file_i.g_plain_rf.g_rf_flops\[27\].rf_reg_q\[27\],11.84µm
u_ibex_top.gen_regfile_ff.register_file_i.g_plain_rf.g_rf_flops\[30\].rf_reg_q\[25\],11.84µm
u_ibex_top.u_ibex_core.cs_registers_i.dscratch0_q\[18\],11.84µm
net4355,11.84µm
_00186_,11.82µm
_06036_,11.82µm
_06232_,11.82µm
_07074_,11.82µm
u_ibex_top.gen_regfile_ff.register_file_i.g_plain_rf.g_rf_flops\[21\].rf_reg_q\[8\],11.82µm
net2572,11.82µm
net2667,11.81µm
_04744_,11.8µm
_04752_,11.8µm
_05400_,11.8µm
_07936_,11.8µm
_08020_,11.8µm
_09578_,11.8µm
_07844_,11.785µm
_00174_,11.78µm
_03021_,11.78µm
_03032_,11.78µm
_04743_,11.78µm
_08393_,11.78µm
_09652_,11.78µm
u_ibex_top.u_ibex_core.cs_registers_i.mie_q\[2\],11.78µm
_04946_,11.775µm
instr_addr_o[27],11.77µm
instr_addr_o[8],11.77µm
_02125_,11.76µm
_03210_,11.76µm
_03621_,11.76µm
_05115_,11.76µm
_06163_,11.76µm
_06484_,11.76µm
_08174_,11.76µm
_08180_,11.76µm
_08674_,11.76µm
_09771_,11.76µm
u_ibex_top.gen_regfile_ff.register_file_i.g_plain_rf.g_rf_flops\[10\].rf_reg_q\[15\],11.76µm
u_ibex_top.gen_regfile_ff.register_file_i.g_plain_rf.g_rf_flops\[21\].rf_reg_q\[17\],11.76µm
u_ibex_top.gen_regfile_ff.register_file_i.g_plain_rf.g_rf_flops\[27\].rf_reg_q\[14\],11.76µm
u_ibex_top.gen_regfile_ff.register_file_i.g_plain_rf.g_rf_flops\[2\].rf_reg_q\[10\],11.76µm
u_ibex_top.gen_regfile_ff.register_file_i.g_plain_rf.g_rf_flops\[9\].rf_reg_q\[6\],11.76µm
u_ibex_top.u_ibex_core.cs_registers_i.dscratch1_q\[21\],11.76µm
u_ibex_top.u_ibex_core.cs_registers_i.mscratch_q\[9\],11.76µm
net3015,11.76µm
_02227_,11.755µm
u_ibex_top.gen_regfile_ff.register_file_i.g_plain_rf.g_rf_flops\[1\].rf_reg_q\[17\],11.745µm
_06165_,11.74µm
_08179_,11.74µm
_08489_,11.74µm
_08687_,11.74µm
_09268_,11.74µm
u_ibex_top.gen_regfile_ff.register_file_i.g_plain_rf.g_rf_flops\[23\].rf_reg_q\[27\],11.74µm
u_ibex_top.u_ibex_core.id_stage_i.controller_i.instr_compressed_i\[11\],11.74µm
net2389,11.74µm
_05121_,11.73µm
_03272_,11.72µm
u_ibex_top.u_ibex_core.cs_registers_i.dscratch0_q\[16\],11.72µm
_00852_,11.7µm
_01322_,11.7µm
_04434_,11.7µm
_04682_,11.7µm
_04831_,11.7µm
_05032_,11.7µm
_05777_,11.7µm
_05915_,11.7µm
_07448_,11.7µm
_07684_,11.7µm
_08248_,11.7µm
_08524_,11.7µm
net3337,11.7µm
net3544,11.7µm
net3595,11.7µm
net3780,11.7µm
_04938_,11.68µm
_09381_,11.68µm
_09713_,11.68µm
net3982,11.68µm
_00685_,11.66µm
_02048_,11.66µm
_02348_,11.66µm
_03234_,11.66µm
_04392_,11.66µm
_04788_,11.66µm
_04951_,11.66µm
_05026_,11.66µm
_05268_,11.66µm
_05365_,11.66µm
_05597_,11.66µm
_07388_,11.66µm
_07469_,11.66µm
_08118_,11.66µm
_09048_,11.66µm
_09142_,11.66µm
_09236_,11.66µm
_09486_,11.66µm
u_ibex_top.u_ibex_core.if_stage_i.gen_prefetch_buffer.prefetch_buffer_i.fifo_i.rdata_q\[80\],11.66µm
net3186,11.66µm
net3193,11.66µm
net3659,11.66µm
_07895_,11.645µm
u_ibex_top.u_ibex_core.ex_block_i.alu_i.g_no_alu_rvb.unused_imd_val_q\[0\],11.645µm
_04295_,11.64µm
_05635_,11.64µm
_07566_,11.64µm
u_ibex_top.gen_regfile_ff.register_file_i.g_plain_rf.g_rf_flops\[15\].rf_reg_q\[8\],11.64µm
u_ibex_top.gen_regfile_ff.register_file_i.g_plain_rf.g_rf_flops\[27\].rf_reg_q\[7\],11.64µm
net3004,11.64µm
net3437,11.64µm
_04290_,11.63µm
data_rdata_i[13],11.63µm
data_rdata_i[17],11.63µm
data_rdata_i[1],11.63µm
data_rdata_i[21],11.63µm
data_rdata_i[25],11.63µm
data_rdata_i[29],11.63µm
data_rdata_i[5],11.63µm
data_rdata_i[9],11.63µm
_01120_,11.62µm
_02190_,11.62µm
_02608_,11.62µm
_04765_,11.62µm
_04964_,11.62µm
_05776_,11.62µm
_08010_,11.62µm
_09221_,11.62µm
u_ibex_top.u_ibex_core.if_stage_i.gen_prefetch_buffer.prefetch_buffer_i.fifo_i.rdata_q\[9\],11.62µm
net307,11.62µm
net3550,11.62µm
_04544_,11.61µm
_00192_,11.6µm
_05971_,11.6µm
_08640_,11.6µm
net4128,11.6µm
_08089_,11.59µm
_03421_,11.58µm
_05288_,11.58µm
_07523_,11.58µm
_08043_,11.58µm
_09660_,11.58µm
u_ibex_top.u_ibex_core.cs_registers_i.mstack_epc_q\[10\],11.58µm
u_ibex_top.u_ibex_core.ex_block_i.gen_multdiv_fast.multdiv_i.op_quotient_q\[17\],11.58µm
net3608,11.58µm
_05099_,11.575µm
_01683_,11.565µm
_08828_,11.56µm
_09249_,11.56µm
net3565,11.56µm
net4194,11.56µm
_00819_,11.545µm
_02400_,11.54µm
_04384_,11.54µm
_05125_,11.54µm
_08012_,11.54µm
_08352_,11.54µm
_08435_,11.54µm
_09436_,11.54µm
_09753_,11.54µm
u_ibex_top.gen_regfile_ff.register_file_i.g_plain_rf.g_rf_flops\[31\].rf_reg_q\[8\],11.54µm
net3175,11.54µm
net3594,11.54µm
_02143_,11.52µm
_03609_,11.52µm
_07502_,11.52µm
_08193_,11.52µm
u_ibex_top.crash_dump_o\[30\],11.52µm
u_ibex_top.gen_regfile_ff.register_file_i.g_plain_rf.g_rf_flops\[14\].rf_reg_q\[22\],11.52µm
u_ibex_top.gen_regfile_ff.register_file_i.g_plain_rf.g_rf_flops\[29\].rf_reg_q\[19\],11.52µm
net3040,11.52µm
net3094,11.52µm
net3355,11.52µm
net3362,11.52µm
net4268,11.52µm
_04929_,11.5µm
_05974_,11.5µm
_08258_,11.5µm
_08262_,11.5µm
_08431_,11.5µm
u_ibex_top.u_ibex_core.ex_block_i.gen_multdiv_fast.multdiv_i.op_numerator_q\[18\],11.5µm
u_ibex_top.u_ibex_core.if_stage_i.gen_prefetch_buffer.prefetch_buffer_i.fifo_i.rdata_q\[94\],11.5µm
net3161,11.5µm
net3225,11.5µm
net3652,11.5µm
_04787_,11.48µm
_05331_,11.48µm
net2854,11.48µm
net3623,11.48µm
_00052_,11.46µm
_02851_,11.46µm
_05297_,11.46µm
_08081_,11.46µm
_08594_,11.46µm
_08797_,11.46µm
u_ibex_top.u_ibex_core.cs_registers_i.mcycle_counter_i.counter\[63\],11.46µm
u_ibex_top.u_ibex_core.cs_registers_i.mstack_cause_q\[1\],11.46µm
net4069,11.46µm
net4359,11.46µm
_00643_,11.445µm
_04041_,11.44µm
_08350_,11.44µm
_09595_,11.44µm
u_ibex_top.gen_regfile_ff.register_file_i.g_plain_rf.g_rf_flops\[22\].rf_reg_q\[18\],11.44µm
net3354,11.44µm
net3540,11.44µm
net3585,11.44µm
net3737,11.44µm
instr_addr_o[10],11.43µm
instr_addr_o[11],11.43µm
instr_addr_o[12],11.43µm
instr_addr_o[14],11.43µm
instr_addr_o[15],11.43µm
instr_addr_o[16],11.43µm
instr_addr_o[17],11.43µm
instr_addr_o[18],11.43µm
instr_addr_o[21],11.43µm
instr_addr_o[23],11.43µm
instr_addr_o[24],11.43µm
instr_addr_o[25],11.43µm
instr_addr_o[28],11.43µm
instr_addr_o[2],11.43µm
instr_addr_o[31],11.43µm
instr_addr_o[3],11.43µm
instr_addr_o[4],11.43µm
instr_addr_o[5],11.43µm
instr_addr_o[6],11.43µm
instr_addr_o[7],11.43µm
instr_addr_o[9],11.43µm
instr_req_o,11.43µm
_05901_,11.42µm
_07147_,11.42µm
_08424_,11.42µm
_09341_,11.42µm
_09804_,11.42µm
u_ibex_top.u_ibex_core.cs_registers_i.mstack_epc_q\[4\],11.42µm
net2794,11.42µm
net4110,11.42µm
net4317,11.42µm
net4321,11.42µm
data_wdata_o[29],11.41µm
_01135_,11.4µm
_04573_,11.4µm
_09748_,11.4µm
_09749_,11.4µm
u_ibex_top.gen_regfile_ff.register_file_i.g_plain_rf.g_rf_flops\[14\].rf_reg_q\[19\],11.4µm
_00446_,11.38µm
_03857_,11.38µm
_05588_,11.38µm
_06083_,11.38µm
_06471_,11.38µm
_07838_,11.38µm
u_ibex_top.u_ibex_core.cs_registers_i.mstack_epc_q\[28\],11.38µm
u_ibex_top.u_ibex_core.if_stage_i.gen_prefetch_buffer.prefetch_buffer_i.fifo_i.rdata_q\[7\],11.38µm
u_ibex_top.u_ibex_core.if_stage_i.gen_prefetch_buffer.prefetch_buffer_i.fifo_i.rdata_q\[8\],11.38µm
u_ibex_top.u_ibex_core.ex_block_i.gen_multdiv_fast.multdiv_i.op_numerator_q\[23\],11.365µm
_01550_,11.36µm
_01572_,11.36µm
_02392_,11.36µm
_02610_,11.36µm
_05272_,11.36µm
_05383_,11.36µm
_06154_,11.36µm
_06176_,11.36µm
_07081_,11.36µm
_08317_,11.36µm
u_ibex_top.gen_regfile_ff.register_file_i.g_plain_rf.g_rf_flops\[27\].rf_reg_q\[13\],11.36µm
net3391,11.36µm
net3506,11.36µm
net3807,11.36µm
u_ibex_top.u_ibex_core.if_stage_i.gen_prefetch_buffer.prefetch_buffer_i.stored_addr_q\[14\],11.35µm
_06059_,11.34µm
_08676_,11.34µm
u_ibex_top.u_ibex_core.ex_block_i.gen_multdiv_fast.multdiv_i.op_numerator_q\[24\],11.34µm
net3304,11.34µm
net3928,11.34µm
_00245_,11.32µm
_01425_,11.32µm
_03416_,11.32µm
_04727_,11.32µm
_05930_,11.32µm
_08046_,11.32µm
_08143_,11.32µm
_09028_,11.32µm
u_ibex_top.gen_regfile_ff.register_file_i.g_plain_rf.g_rf_flops\[16\].rf_reg_q\[2\],11.32µm
u_ibex_top.gen_regfile_ff.register_file_i.g_plain_rf.g_rf_flops\[6\].rf_reg_q\[13\],11.32µm
u_ibex_top.gen_regfile_ff.register_file_i.g_plain_rf.g_rf_flops\[6\].rf_reg_q\[30\],11.32µm
net3093,11.32µm
net4124,11.32µm
net4346,11.32µm
u_ibex_top.u_ibex_core.load_store_unit_i.rdata_q\[18\],11.305µm
_02136_,11.3µm
_03687_,11.3µm
_07199_,11.3µm
_08390_,11.3µm
net4171,11.3µm
_07376_,11.29µm
data_rdata_i[15],11.29µm
data_rdata_i[19],11.29µm
data_rdata_i[23],11.29µm
data_rdata_i[27],11.29µm
data_rdata_i[31],11.29µm
data_rdata_i[3],11.29µm
data_rdata_i[7],11.29µm
_04019_,11.28µm
_04242_,11.28µm
_04660_,11.28µm
_05204_,11.28µm
_08522_,11.28µm
u_ibex_top.gen_regfile_ff.register_file_i.g_plain_rf.g_rf_flops\[23\].rf_reg_q\[13\],11.28µm
u_ibex_top.gen_regfile_ff.register_file_i.g_plain_rf.g_rf_flops\[25\].rf_reg_q\[16\],11.28µm
u_ibex_top.u_ibex_core.if_stage_i.gen_prefetch_buffer.prefetch_buffer_i.fifo_i.rdata_q\[41\],11.28µm
u_ibex_top.u_ibex_core.if_stage_i.gen_prefetch_buffer.prefetch_buffer_i.fifo_i.rdata_q\[77\],11.28µm
net3286,11.28µm
_00462_,11.26µm
_02689_,11.26µm
_05910_,11.26µm
_06820_,11.26µm
u_ibex_top.u_ibex_core.ex_block_i.gen_multdiv_fast.multdiv_i.op_quotient_q\[28\],11.26µm
_00595_,11.24µm
_02140_,11.24µm
_02803_,11.24µm
_03183_,11.24µm
_04789_,11.24µm
_04843_,11.24µm
_04858_,11.24µm
_04921_,11.24µm
_05195_,11.24µm
_05282_,11.24µm
_05661_,11.24µm
_08613_,11.24µm
_08731_,11.24µm
_09627_,11.24µm
net2841,11.24µm
net2918,11.24µm
net3402,11.24µm
net3604,11.24µm
net4366,11.24µm
_02322_,11.22µm
_03842_,11.22µm
_08103_,11.22µm
_08785_,11.22µm
u_ibex_top.gen_regfile_ff.register_file_i.g_plain_rf.g_rf_flops\[7\].rf_reg_q\[11\],11.22µm
u_ibex_top.u_ibex_core.ex_block_i.gen_multdiv_fast.multdiv_i.op_numerator_q\[22\],11.22µm
_00971_,11.205µm
_00765_,11.2µm
_01971_,11.2µm
_02175_,11.2µm
_02223_,11.2µm
_03458_,11.2µm
_03623_,11.2µm
_04482_,11.2µm
_05001_,11.2µm
_05575_,11.2µm
_05757_,11.2µm
_05806_,11.2µm
_06028_,11.2µm
_06310_,11.2µm
_06311_,11.2µm
_06850_,11.2µm
_09318_,11.2µm
_09424_,11.2µm
u_ibex_top.crash_dump_o\[14\],11.2µm
u_ibex_top.gen_regfile_ff.register_file_i.g_plain_rf.g_rf_flops\[20\].rf_reg_q\[0\],11.2µm
u_ibex_top.u_ibex_core.cs_registers_i.dscratch0_q\[12\],11.2µm
net2743,11.2µm
net2924,11.2µm
net3327,11.2µm
net3443,11.2µm
net3536,11.2µm
_03909_,11.18µm
_06503_,11.18µm
_06847_,11.18µm
_08145_,11.18µm
u_ibex_top.u_ibex_core.cs_registers_i.mstack_epc_q\[27\],11.18µm
_01944_,11.175µm
_09367_,11.165µm
_02041_,11.16µm
_02736_,11.16µm
_03520_,11.16µm
_03566_,11.16µm
_05319_,11.16µm
_05687_,11.16µm
_05688_,11.16µm
_06186_,11.16µm
_07153_,11.16µm
_09724_,11.16µm
_00296_,11.14µm
_01453_,11.14µm
_05784_,11.14µm
u_ibex_top.gen_regfile_ff.register_file_i.g_plain_rf.g_rf_flops\[26\].rf_reg_q\[17\],11.14µm
u_ibex_top.u_ibex_core.if_stage_i.gen_prefetch_buffer.prefetch_buffer_i.fifo_i.rdata_q\[26\],11.14µm
net3735,11.14µm
net3901,11.14µm
net4033,11.14µm
net4108,11.14µm
net4410,11.14µm
data_wdata_o[28],11.13µm
_00463_,11.12µm
_02191_,11.12µm
_03420_,11.12µm
_03870_,11.12µm
_03871_,11.12µm
_04556_,11.12µm
_04570_,11.12µm
_04677_,11.12µm
_04919_,11.12µm
_04952_,11.12µm
_05641_,11.12µm
_06057_,11.12µm
_06137_,11.12µm
_06268_,11.12µm
_07182_,11.12µm
_08348_,11.12µm
_09813_,11.12µm
net2421,11.12µm
net2768,11.12µm
net2887,11.12µm
net3422,11.12µm
_04857_,11.115µm
_04985_,11.1µm
_08267_,11.1µm
net2131,11.1µm
net2778,11.1µm
net3553,11.1µm
net3858,11.1µm
net4099,11.1µm
net4146,11.1µm
_09414_,11.09µm
net2474,11.09µm
_01113_,11.08µm
_02082_,11.08µm
_03326_,11.08µm
_04187_,11.08µm
_06073_,11.08µm
u_ibex_top.gen_regfile_ff.register_file_i.g_plain_rf.g_rf_flops\[19\].rf_reg_q\[4\],11.08µm
u_ibex_top.gen_regfile_ff.register_file_i.g_plain_rf.g_rf_flops\[23\].rf_reg_q\[12\],11.08µm
u_ibex_top.gen_regfile_ff.register_file_i.g_plain_rf.g_rf_flops\[8\].rf_reg_q\[10\],11.08µm
net2885,11.08µm
net2895,11.08µm
net3191,11.08µm
net3372,11.08µm
net3844,11.08µm
net4023,11.08µm
net4220,11.08µm
net4239,11.08µm
net4333,11.08µm
net2100,11.06µm
_05643_,11.05µm
_00333_,11.04µm
_02237_,11.04µm
_02930_,11.04µm
_03781_,11.04µm
_08699_,11.04µm
u_ibex_top.gen_regfile_ff.register_file_i.g_plain_rf.g_rf_flops\[14\].rf_reg_q\[9\],11.04µm
net1059,11.04µm
net3149,11.04µm
net3178,11.04µm
_04497_,11.02µm
_04840_,11.02µm
_05363_,11.02µm
_05523_,11.02µm
_05876_,11.02µm
u_ibex_top.gen_regfile_ff.register_file_i.g_plain_rf.g_rf_flops\[6\].rf_reg_q\[15\],11.02µm
net3834,11.02µm
net3869,11.02µm
net2463,11.01µm
_02331_,11µm
_02758_,11µm
_02839_,11µm
_05668_,11µm
_07920_,11µm
u_ibex_top.crash_dump_o\[17\],11µm
_02056_,10.98µm
_04572_,10.98µm
_04814_,10.98µm
_07874_,10.98µm
u_ibex_top.gen_regfile_ff.register_file_i.g_plain_rf.g_rf_flops\[4\].rf_reg_q\[4\],10.98µm
_07085_,10.97µm
_02093_,10.96µm
_06543_,10.96µm
_07847_,10.96µm
_09354_,10.96µm
net4350,10.96µm
_01691_,10.945µm
_06267_,10.94µm
_08899_,10.94µm
net2597,10.94µm
net3238,10.94µm
_08203_,10.93µm
_01044_,10.92µm
_02753_,10.92µm
_05039_,10.92µm
net4264,10.92µm
u_ibex_top.u_ibex_core.ex_block_i.gen_multdiv_fast.multdiv_i.op_numerator_q\[1\],10.915µm
_00367_,10.9µm
_00809_,10.9µm
_05731_,10.9µm
_07675_,10.9µm
_08657_,10.9µm
_09299_,10.9µm
u_ibex_top.gen_regfile_ff.register_file_i.raddr_a_i\[1\],10.9µm
u_ibex_top.u_ibex_core.if_stage_i.gen_prefetch_buffer.prefetch_buffer_i.fifo_i.rdata_q\[39\],10.9µm
net3485,10.9µm
net4018,10.9µm
net4059,10.9µm
net4393,10.9µm
u_ibex_top.gen_regfile_ff.register_file_i.g_plain_rf.g_rf_flops\[1\].rf_reg_q\[23\],10.89µm
_04196_,10.88µm
_04683_,10.88µm
_07601_,10.88µm
_09669_,10.88µm
net152,10.88µm
u_ibex_top.gen_regfile_ff.register_file_i.g_plain_rf.g_rf_flops\[1\].rf_reg_q\[30\],10.88µm
net4396,10.88µm
_06270_,10.87µm
u_ibex_top.u_ibex_core.ex_block_i.alu_i.g_no_alu_rvb.unused_imd_val_q\[1\],10.865µm
_02030_,10.86µm
_02224_,10.86µm
_03295_,10.86µm
_03323_,10.86µm
_05286_,10.86µm
_06743_,10.86µm
_06924_,10.86µm
_08291_,10.86µm
net2729,10.86µm
net2758,10.86µm
net3074,10.86µm
net3895,10.86µm
u_ibex_top.gen_regfile_ff.register_file_i.g_plain_rf.g_rf_flops\[1\].rf_reg_q\[6\],10.855µm
_01861_,10.84µm
_02719_,10.84µm
_04026_,10.84µm
_05922_,10.84µm
_07354_,10.84µm
_08122_,10.84µm
u_ibex_top.gen_regfile_ff.register_file_i.g_plain_rf.g_rf_flops\[21\].rf_reg_q\[22\],10.84µm
net4051,10.84µm
_00353_,10.82µm
_00678_,10.82µm
_02449_,10.82µm
_03218_,10.82µm
_04136_,10.82µm
_06107_,10.82µm
_09114_,10.82µm
u_ibex_top.gen_regfile_ff.register_file_i.g_plain_rf.g_rf_flops\[27\].rf_reg_q\[30\],10.82µm
u_ibex_top.u_ibex_core.if_stage_i.gen_prefetch_buffer.prefetch_buffer_i.fifo_i.rdata_q\[53\],10.82µm
net3031,10.82µm
data_rvalid_i,10.81µm
_04993_,10.8µm
_06231_,10.8µm
_06323_,10.8µm
_06549_,10.8µm
_07791_,10.8µm
_08914_,10.8µm
u_ibex_top.gen_regfile_ff.register_file_i.g_plain_rf.g_rf_flops\[20\].rf_reg_q\[12\],10.8µm
_00034_,10.78µm
_00383_,10.78µm
_01165_,10.78µm
_02894_,10.78µm
_03523_,10.78µm
_03685_,10.78µm
_04525_,10.78µm
_05764_,10.78µm
_06063_,10.78µm
_07474_,10.78µm
_09528_,10.78µm
_09707_,10.78µm
u_ibex_top.gen_regfile_ff.register_file_i.raddr_a_i\[0\],10.78µm
u_ibex_top.gen_regfile_ff.register_file_i.waddr_a_i\[0\],10.78µm
net968,10.78µm
net3344,10.78µm
net3431,10.78µm
net3793,10.78µm
net4335,10.78µm
_08593_,10.76µm
_09577_,10.76µm
net2905,10.76µm
net4319,10.76µm
_09273_,10.75µm
_00789_,10.74µm
_02099_,10.74µm
_02782_,10.74µm
_04244_,10.74µm
_04280_,10.74µm
_06383_,10.74µm
_07460_,10.74µm
_07989_,10.74µm
_08571_,10.74µm
_08597_,10.74µm
_09046_,10.74µm
_09272_,10.74µm
net3068,10.74µm
net3226,10.74µm
net3651,10.74µm
net3676,10.74µm
u_ibex_top.gen_regfile_ff.register_file_i.g_plain_rf.g_rf_flops\[1\].rf_reg_q\[26\],10.735µm
_02389_,10.72µm
_08922_,10.72µm
u_ibex_top.u_ibex_core.ex_block_i.gen_multdiv_fast.multdiv_i.op_numerator_q\[16\],10.72µm
_00604_,10.7µm
_01101_,10.7µm
_01942_,10.7µm
_02716_,10.7µm
_02862_,10.7µm
_03304_,10.7µm
_03845_,10.7µm
_06446_,10.7µm
_06483_,10.7µm
_09062_,10.7µm
_09444_,10.7µm
u_ibex_top.gen_regfile_ff.register_file_i.g_plain_rf.g_rf_flops\[26\].rf_reg_q\[15\],10.7µm
_00613_,10.68µm
_01734_,10.68µm
_09135_,10.68µm
net3449,10.68µm
net4132,10.68µm
_02618_,10.67µm
net2075,10.67µm
u_ibex_top.gen_regfile_ff.register_file_i.g_plain_rf.g_rf_flops\[2\].rf_reg_q\[19\],10.665µm
_01360_,10.66µm
_03755_,10.66µm
_03837_,10.66µm
_04622_,10.66µm
_04623_,10.66µm
_05772_,10.66µm
_06114_,10.66µm
_08034_,10.66µm
_09138_,10.66µm
u_ibex_top.u_ibex_core.ex_block_i.gen_multdiv_fast.multdiv_i.op_quotient_q\[3\],10.66µm
net3187,10.66µm
net3315,10.66µm
net4159,10.66µm
net4229,10.66µm
_09666_,10.65µm
_04620_,10.64µm
_06013_,10.64µm
_07470_,10.64µm
_07491_,10.64µm
_08015_,10.64µm
_08821_,10.64µm
_09648_,10.64µm
net2773,10.64µm
net2859,10.64µm
net2968,10.64µm
net3051,10.64µm
net3307,10.64µm
net2600,10.63µm
_00548_,10.625µm
_00727_,10.625µm
_05991_,10.625µm
_02574_,10.62µm
_03248_,10.62µm
_03516_,10.62µm
_04027_,10.62µm
_05236_,10.62µm
_05327_,10.62µm
_05418_,10.62µm
_07865_,10.62µm
_08457_,10.62µm
_08612_,10.62µm
_08643_,10.62µm
_08673_,10.62µm
_09002_,10.62µm
_09133_,10.62µm
u_ibex_top.gen_regfile_ff.register_file_i.g_plain_rf.g_rf_flops\[23\].rf_reg_q\[24\],10.62µm
net2825,10.62µm
net2977,10.62µm
net3196,10.62µm
net3559,10.62µm
_02215_,10.6µm
_03497_,10.6µm
_07627_,10.6µm
_07742_,10.6µm
net3159,10.6µm
_02943_,10.595µm
_05694_,10.585µm
_01145_,10.58µm
_03448_,10.58µm
_04084_,10.58µm
_04287_,10.58µm
_08473_,10.58µm
net3495,10.58µm
net3644,10.58µm
net3718,10.58µm
net3724,10.58µm
_05749_,10.575µm
u_ibex_top.u_ibex_core.id_stage_i.branch_jump_set_done_d,10.56µm
net2793,10.56µm
net2812,10.56µm
net3549,10.56µm
net3727,10.56µm
_00073_,10.54µm
_00379_,10.54µm
_00760_,10.54µm
_00810_,10.54µm
_03650_,10.54µm
_06278_,10.54µm
_06376_,10.54µm
_09342_,10.54µm
_09621_,10.54µm
_09790_,10.54µm
_06392_,10.53µm
net2730,10.525µm
_02944_,10.52µm
_04584_,10.52µm
_04802_,10.52µm
_08372_,10.52µm
_09090_,10.52µm
_09419_,10.52µm
u_ibex_top.gen_regfile_ff.register_file_i.g_plain_rf.g_rf_flops\[20\].rf_reg_q\[5\],10.52µm
net2784,10.52µm
net3132,10.52µm
net3366,10.52µm
_04397_,10.5µm
_06406_,10.5µm
_07805_,10.5µm
_08529_,10.5µm
_08683_,10.5µm
_09088_,10.5µm
u_ibex_top.gen_regfile_ff.register_file_i.g_plain_rf.g_rf_flops\[8\].rf_reg_q\[4\],10.5µm
_00455_,10.48µm
_03312_,10.48µm
u_ibex_top.crash_dump_o\[20\],10.48µm
u_ibex_top.crash_dump_o\[28\],10.48µm
u_ibex_top.gen_regfile_ff.register_file_i.g_plain_rf.g_rf_flops\[20\].rf_reg_q\[10\],10.48µm
net3212,10.48µm
data_err_i,10.47µm
_02321_,10.46µm
_06236_,10.46µm
_06461_,10.46µm
_06649_,10.46µm
_07179_,10.46µm
_08309_,10.46µm
_09482_,10.46µm
u_ibex_top.u_ibex_core.ex_block_i.gen_multdiv_fast.multdiv_i.md_state_q\[1\],10.46µm
net2879,10.46µm
net3322,10.46µm
net3420,10.46µm
net3510,10.46µm
net3709,10.46µm
_06071_,10.455µm
data_wdata_o[11],10.45µm
data_wdata_o[3],10.45µm
_01130_,10.44µm
_04189_,10.44µm
_06656_,10.44µm
u_ibex_top.u_ibex_core.if_stage_i.gen_prefetch_buffer.prefetch_buffer_i.fifo_i.rdata_q\[46\],10.44µm
net2889,10.44µm
net3085,10.44µm
net4210,10.44µm
net4257,10.44µm
_00952_,10.42µm
_02801_,10.42µm
_05394_,10.42µm
_06024_,10.42µm
_06116_,10.42µm
_06558_,10.42µm
_01719_,10.415µm
instr_addr_o[19],10.41µm
_00267_,10.4µm
_04873_,10.4µm
_07737_,10.4µm
_08746_,10.4µm
_09264_,10.4µm
u_ibex_top.u_ibex_core.if_stage_i.gen_prefetch_buffer.prefetch_buffer_i.fifo_i.rdata_q\[33\],10.4µm
u_ibex_top.u_ibex_core.if_stage_i.gen_prefetch_buffer.prefetch_buffer_i.stored_addr_q\[8\],10.4µm
net2944,10.4µm
net3769,10.4µm
net3894,10.4µm
net4012,10.4µm
net4419,10.4µm
_00798_,10.38µm
_02194_,10.38µm
_05975_,10.38µm
_06003_,10.38µm
_06566_,10.38µm
_07340_,10.38µm
_07743_,10.38µm
_01693_,10.365µm
_00233_,10.36µm
_00602_,10.36µm
_02443_,10.36µm
_04746_,10.36µm
_05497_,10.36µm
_05896_,10.36µm
_05939_,10.36µm
_06479_,10.36µm
_07162_,10.36µm
_07436_,10.36µm
_09641_,10.36µm
net95,10.36µm
net116,10.36µm
net117,10.36µm
net123,10.36µm
u_ibex_top.u_ibex_core.cs_registers_i.mstack_epc_q\[29\],10.36µm
u_ibex_top.u_ibex_core.if_stage_i.gen_prefetch_buffer.prefetch_buffer_i.fifo_i.rdata_q\[85\],10.36µm
net3548,10.36µm
_02218_,10.34µm
_02361_,10.34µm
_02941_,10.34µm
_04918_,10.34µm
_05948_,10.34µm
_06755_,10.34µm
_07222_,10.34µm
_07458_,10.34µm
_07810_,10.34µm
net2913,10.34µm
net4255,10.34µm
net4260,10.34µm
u_ibex_top.u_ibex_core.ex_block_i.alu_i.g_no_alu_rvb.unused_imd_val_q\[3\],10.325µm
_00343_,10.32µm
_01005_,10.32µm
_03202_,10.32µm
_03667_,10.32µm
_05392_,10.32µm
_05419_,10.32µm
_06273_,10.32µm
_07249_,10.32µm
_07300_,10.32µm
_07451_,10.32µm
_08878_,10.32µm
_09008_,10.32µm
u_ibex_top.gen_regfile_ff.register_file_i.g_plain_rf.g_rf_flops\[24\].rf_reg_q\[21\],10.32µm
u_ibex_top.gen_regfile_ff.register_file_i.g_plain_rf.g_rf_flops\[6\].rf_reg_q\[12\],10.32µm
u_ibex_top.gen_regfile_ff.register_file_i.g_plain_rf.g_rf_flops\[9\].rf_reg_q\[5\],10.32µm
net3962,10.32µm
net4077,10.32µm
net4329,10.32µm
_09375_,10.31µm
u_ibex_top.u_ibex_core.cs_registers_i.dscratch1_q\[16\],10.305µm
_02499_,10.3µm
_08282_,10.3µm
_08490_,10.3µm
_09547_,10.3µm
u_ibex_top.gen_regfile_ff.register_file_i.g_plain_rf.g_rf_flops\[18\].rf_reg_q\[17\],10.3µm
_00976_,10.28µm
_01106_,10.28µm
_01437_,10.28µm
_02039_,10.28µm
_02450_,10.28µm
_03904_,10.28µm
_05247_,10.28µm
_06138_,10.28µm
_06370_,10.28µm
_06573_,10.28µm
_07754_,10.28µm
_08578_,10.28µm
_09568_,10.28µm
_09685_,10.28µm
u_ibex_top.gen_regfile_ff.register_file_i.g_plain_rf.g_rf_flops\[14\].rf_reg_q\[7\],10.28µm
u_ibex_top.u_ibex_core.ex_block_i.gen_multdiv_fast.multdiv_i.op_quotient_q\[27\],10.28µm
net2960,10.28µm
net3739,10.28µm
net3887,10.28µm
_02792_,10.27µm
_05062_,10.27µm
data_rdata_i[0],10.27µm
data_rdata_i[16],10.27µm
data_rdata_i[20],10.27µm
data_rdata_i[24],10.27µm
data_rdata_i[28],10.27µm
data_rdata_i[4],10.27µm
data_rdata_i[8],10.27µm
_00600_,10.26µm
_02492_,10.26µm
_09227_,10.26µm
_09729_,10.26µm
_06121_,10.245µm
_01059_,10.24µm
_02296_,10.24µm
_03153_,10.24µm
_03392_,10.24µm
_03717_,10.24µm
_04799_,10.24µm
_04845_,10.24µm
_06112_,10.24µm
_07261_,10.24µm
_07445_,10.24µm
_07962_,10.24µm
_09612_,10.24µm
_09631_,10.24µm
_02587_,10.23µm
_06871_,10.22µm
net3210,10.22µm
net3303,10.22µm
net3576,10.22µm
net4145,10.22µm
net4193,10.22µm
_09470_,10.21µm
_03684_,10.2µm
_04045_,10.2µm
_04697_,10.2µm
_04784_,10.2µm
_05225_,10.2µm
_06045_,10.2µm
_07756_,10.2µm
_08037_,10.2µm
_09441_,10.2µm
_09717_,10.2µm
u_ibex_top.gen_regfile_ff.register_file_i.g_plain_rf.g_rf_flops\[19\].rf_reg_q\[21\],10.2µm
u_ibex_top.u_ibex_core.cs_registers_i.dscratch0_q\[23\],10.2µm
net2914,10.2µm
net3246,10.2µm
net3333,10.2µm
net3482,10.2µm
_06283_,10.195µm
_02495_,10.18µm
_03853_,10.18µm
_03859_,10.18µm
_04866_,10.18µm
_05417_,10.18µm
_09551_,10.18µm
u_ibex_top.u_ibex_core.if_stage_i.gen_prefetch_buffer.prefetch_buffer_i.stored_addr_q\[29\],10.18µm
net2709,10.18µm
net2799,10.18µm
net2831,10.18µm
net2990,10.18µm
net3144,10.18µm
net3150,10.18µm
net3152,10.18µm
net3271,10.18µm
net3284,10.18µm
net3306,10.18µm
net3648,10.18µm
net3681,10.18µm
net3719,10.18µm
net4041,10.18µm
net4374,10.18µm
net4382,10.18µm
_00363_,10.165µm
_02466_,10.16µm
_04829_,10.16µm
_04870_,10.16µm
_05779_,10.16µm
_08163_,10.16µm
_08367_,10.16µm
_08434_,10.16µm
_09734_,10.16µm
_09743_,10.16µm
u_ibex_top.gen_regfile_ff.register_file_i.g_plain_rf.g_rf_flops\[27\].rf_reg_q\[10\],10.16µm
u_ibex_top.u_ibex_core.if_stage_i.gen_prefetch_buffer.prefetch_buffer_i.fifo_i.rdata_q\[45\],10.16µm
net2995,10.16µm
u_ibex_top.gen_regfile_ff.register_file_i.g_plain_rf.g_rf_flops\[1\].rf_reg_q\[10\],10.145µm
_00049_,10.14µm
_04453_,10.14µm
_01013_,10.12µm
_04139_,10.12µm
_04441_,10.12µm
_05333_,10.12µm
_05880_,10.12µm
_06653_,10.12µm
_08210_,10.12µm
_08343_,10.12µm
_08355_,10.12µm
_08534_,10.12µm
_08861_,10.12µm
u_ibex_top.u_ibex_core.if_stage_i.gen_prefetch_buffer.prefetch_buffer_i.fifo_i.rdata_q\[10\],10.12µm
u_ibex_top.u_ibex_core.load_store_unit_i.rdata_q\[15\],10.12µm
net3213,10.12µm
net3295,10.12µm
net3369,10.12µm
net3403,10.12µm
net3414,10.12µm
net3470,10.12µm
net3484,10.12µm
net3892,10.12µm
net3977,10.12µm
net2757,10.105µm
_05459_,10.1µm
u_ibex_top.gen_regfile_ff.register_file_i.g_plain_rf.g_rf_flops\[24\].rf_reg_q\[24\],10.1µm
net2737,10.1µm
net2781,10.1µm
net3055,10.1µm
net3917,10.1µm
_00552_,10.085µm
_00203_,10.08µm
_01948_,10.08µm
_04976_,10.08µm
_07352_,10.08µm
_08074_,10.08µm
_08695_,10.08µm
_09309_,10.08µm
_09787_,10.08µm
net2996,10.08µm
net3395,10.08µm
instr_addr_o[22],10.07µm
instr_addr_o[30],10.07µm
_00701_,10.06µm
_05048_,10.06µm
_05354_,10.06µm
_06852_,10.06µm
_09474_,10.06µm
net1484,10.06µm
net2888,10.06µm
net3173,10.06µm
net3197,10.06µm
net3279,10.06µm
net3687,10.06µm
net3872,10.06µm
net3972,10.06µm
_04494_,10.045µm
_01924_,10.04µm
_02004_,10.04µm
_02181_,10.04µm
_03730_,10.04µm
_04511_,10.04µm
_07487_,10.04µm
_07558_,10.04µm
_07668_,10.04µm
_08794_,10.04µm
_08897_,10.04µm
_09422_,10.04µm
u_ibex_top.gen_regfile_ff.register_file_i.g_plain_rf.g_rf_flops\[3\].rf_reg_q\[12\],10.04µm
net1752,10.04µm
_03379_,10.03µm
_05200_,10.02µm
_05415_,10.02µm
_08353_,10.02µm
u_ibex_top.gen_regfile_ff.register_file_i.g_plain_rf.g_rf_flops\[14\].rf_reg_q\[11\],10.02µm
_04598_,10µm
_05705_,10µm
_08704_,10µm
u_ibex_top.gen_regfile_ff.register_file_i.g_plain_rf.g_rf_flops\[11\].rf_reg_q\[21\],10µm
u_ibex_top.gen_regfile_ff.register_file_i.g_plain_rf.g_rf_flops\[12\].rf_reg_q\[28\],10µm
net2957,10µm
net3856,10µm
_09050_,9.99µm
_00014_,9.98µm
_03555_,9.98µm
_03613_,9.98µm
_04031_,9.98µm
_05571_,9.98µm
_06380_,9.98µm
_06864_,9.98µm
_06990_,9.98µm
u_ibex_top.u_ibex_core.id_stage_i.controller_i.load_err_q,9.98µm
u_ibex_top.u_ibex_core.if_stage_i.gen_prefetch_buffer.prefetch_buffer_i.fifo_i.rdata_q\[50\],9.98µm
net2827,9.98µm
net3375,9.98µm
net4152,9.98µm
net4370,9.98µm
net4404,9.98µm
_07133_,9.965µm
_00597_,9.96µm
_03665_,9.96µm
_08598_,9.96µm
_08819_,9.96µm
_00902_,9.94µm
_02474_,9.94µm
_04704_,9.94µm
_05136_,9.94µm
_05892_,9.94µm
_06615_,9.94µm
_09283_,9.94µm
_09763_,9.94µm
u_ibex_top.u_ibex_core.cs_registers_i.mstack_q\[2\],9.94µm
u_ibex_top.u_ibex_core.ex_block_i.gen_multdiv_fast.multdiv_i.div_counter_q\[4\],9.94µm
net2850,9.94µm
net2958,9.94µm
net3243,9.94µm
net3349,9.94µm
net3823,9.94µm
net4290,9.94µm
_01438_,9.92µm
_01939_,9.92µm
_04354_,9.92µm
_08874_,9.92µm
_09169_,9.92µm
u_ibex_top.gen_regfile_ff.register_file_i.g_plain_rf.g_rf_flops\[3\].rf_reg_q\[26\],9.92µm
instr_err_i,9.91µm
instr_rdata_i[7],9.91µm
_01330_,9.9µm
_01897_,9.9µm
_03222_,9.9µm
_03604_,9.9µm
_04809_,9.9µm
_06133_,9.9µm
_06562_,9.9µm
_08166_,9.9µm
_08937_,9.9µm
u_ibex_top.gen_regfile_ff.register_file_i.g_plain_rf.g_rf_flops\[15\].rf_reg_q\[17\],9.9µm
u_ibex_top.u_ibex_core.if_stage_i.gen_prefetch_buffer.prefetch_buffer_i.fifo_i.rdata_q\[82\],9.9µm
_07000_,9.895µm
_02827_,9.88µm
_06292_,9.88µm
_09395_,9.88µm
u_ibex_top.u_ibex_core.cs_registers_i.mscratch_q\[18\],9.88µm
u_ibex_top.u_ibex_core.cs_registers_i.mscratch_q\[25\],9.88µm
_02908_,9.86µm
_03046_,9.86µm
_04550_,9.86µm
_04699_,9.86µm
_05271_,9.86µm
_05519_,9.86µm
_09063_,9.86µm
u_ibex_top.gen_regfile_ff.register_file_i.g_plain_rf.g_rf_flops\[19\].rf_reg_q\[28\],9.86µm
net1678,9.86µm
net2937,9.86µm
net2947,9.86µm
net3214,9.86µm
net3335,9.86µm
net3416,9.86µm
net3566,9.86µm
net3613,9.86µm
net3752,9.86µm
net3852,9.86µm
net4212,9.86µm
net4240,9.86µm
_00899_,9.84µm
_08173_,9.84µm
net4328,9.825µm
_00557_,9.82µm
_02203_,9.82µm
_02500_,9.82µm
_02577_,9.82µm
_02922_,9.82µm
_03615_,9.82µm
_05041_,9.82µm
_05199_,9.82µm
_05377_,9.82µm
_05697_,9.82µm
_05947_,9.82µm
_05965_,9.82µm
_07667_,9.82µm
_09109_,9.82µm
_09208_,9.82µm
_09484_,9.82µm
_09536_,9.82µm
_09712_,9.82µm
u_ibex_top.crash_dump_o\[21\],9.82µm
u_ibex_top.gen_regfile_ff.register_file_i.g_plain_rf.g_rf_flops\[19\].rf_reg_q\[19\],9.82µm
net3209,9.82µm
net3469,9.82µm
net3717,9.82µm
net3745,9.82µm
net3938,9.82µm
net4188,9.82µm
net2703,9.81µm
net2704,9.81µm
_02952_,9.8µm
_03805_,9.8µm
_05846_,9.8µm
_07324_,9.8µm
_07651_,9.8µm
net2867,9.8µm
_04717_,9.785µm
_00173_,9.78µm
_00370_,9.78µm
_02698_,9.78µm
_02871_,9.78µm
_03794_,9.78µm
_04235_,9.78µm
_04806_,9.78µm
_05072_,9.78µm
_05810_,9.78µm
_06076_,9.78µm
_07894_,9.78µm
_07918_,9.78µm
_08261_,9.78µm
_08311_,9.78µm
_08450_,9.78µm
_07405_,9.775µm
_08106_,9.77µm
data_wdata_o[2],9.77µm
data_wdata_o[9],9.77µm
net2530,9.77µm
_03602_,9.76µm
_08189_,9.76µm
net3530,9.76µm
net3667,9.76µm
net3695,9.76µm
_06284_,9.75µm
_08877_,9.75µm
_02868_,9.74µm
_03834_,9.74µm
_08376_,9.74µm
_08665_,9.74µm
_08941_,9.74µm
net2826,9.74µm
net2936,9.74µm
net3089,9.74µm
net3248,9.74µm
_03858_,9.72µm
_05155_,9.72µm
_05589_,9.72µm
_06108_,9.72µm
u_ibex_top.u_ibex_core.if_stage_i.gen_prefetch_buffer.prefetch_buffer_i.fifo_i.rdata_q\[32\],9.72µm
net2747,9.72µm
net2751,9.72µm
net3128,9.72µm
net3227,9.72µm
net3275,9.72µm
net3353,9.72µm
net3448,9.72µm
net3524,9.72µm
net3546,9.72µm
net3625,9.72µm
net3627,9.72µm
net3712,9.72µm
net4009,9.72µm
net4020,9.72µm
_03494_,9.71µm
_01959_,9.7µm
_02228_,9.7µm
_02357_,9.7µm
_04439_,9.7µm
_05540_,9.7µm
_07411_,9.7µm
_07691_,9.7µm
_07955_,9.7µm
_08268_,9.7µm
_08394_,9.7µm
_08685_,9.7µm
_08911_,9.7µm
_09182_,9.7µm
_09202_,9.7µm
_09429_,9.7µm
_09483_,9.7µm
_09529_,9.7µm
net2143,9.7µm
net3079,9.7µm
_01068_,9.68µm
_05535_,9.68µm
_08646_,9.68µm
_09000_,9.68µm
_09834_,9.68µm
u_ibex_top.u_ibex_core.ex_block_i.gen_multdiv_fast.multdiv_i.op_numerator_q\[0\],9.68µm
net4415,9.68µm
_00532_,9.66µm
_00914_,9.66µm
_01603_,9.66µm
_05884_,9.66µm
_05909_,9.66µm
_05928_,9.66µm
_07575_,9.66µm
_09193_,9.66µm
_09527_,9.66µm
_09751_,9.66µm
net2912,9.66µm
net2941,9.66µm
net3131,9.66µm
net3232,9.66µm
net3273,9.66µm
net3296,9.66µm
net3386,9.66µm
net3411,9.66µm
net3421,9.66µm
net3500,9.66µm
net3630,9.66µm
net3865,9.66µm
net4187,9.66µm
_08172_,9.65µm
_02371_,9.64µm
_03310_,9.64µm
_04821_,9.64µm
_05166_,9.64µm
_08627_,9.64µm
net2724,9.64µm
net3573,9.64µm
net4052,9.64µm
_02441_,9.63µm
u_ibex_top.gen_regfile_ff.register_file_i.g_plain_rf.g_rf_flops\[25\].rf_reg_q\[7\],9.63µm
_00050_,9.62µm
_03522_,9.62µm
_04863_,9.62µm
_08087_,9.62µm
u_ibex_top.u_ibex_core.cs_registers_i.mstack_epc_q\[18\],9.62µm
_01749_,9.615µm
_02672_,9.615µm
_07387_,9.61µm
_00156_,9.6µm
_02585_,9.6µm
_05835_,9.6µm
_08401_,9.6µm
_08441_,9.6µm
_09332_,9.6µm
_09350_,9.6µm
u_ibex_top.gen_regfile_ff.register_file_i.g_plain_rf.g_rf_flops\[10\].rf_reg_q\[11\],9.6µm
u_ibex_top.gen_regfile_ff.register_file_i.g_plain_rf.g_rf_flops\[11\].rf_reg_q\[28\],9.6µm
net3614,9.6µm
net3723,9.6µm
net4100,9.6µm
_02425_,9.58µm
_02873_,9.58µm
_03642_,9.58µm
_06206_,9.58µm
_06398_,9.58µm
_06882_,9.58µm
_07378_,9.58µm
_07462_,9.58µm
_07786_,9.58µm
_08246_,9.58µm
_08936_,9.58µm
_09282_,9.58µm
_09654_,9.58µm
u_ibex_top.gen_regfile_ff.register_file_i.g_plain_rf.g_rf_flops\[27\].rf_reg_q\[29\],9.58µm
u_ibex_top.u_ibex_core.cs_registers_i.mscratch_q\[2\],9.58µm
u_ibex_top.u_ibex_core.if_stage_i.gen_prefetch_buffer.prefetch_buffer_i.fifo_i.rdata_q\[84\],9.58µm
u_ibex_top.u_ibex_core.if_stage_i.gen_prefetch_buffer.prefetch_buffer_i.stored_addr_q\[6\],9.58µm
net2718,9.58µm
_00396_,9.56µm
_00541_,9.56µm
_01465_,9.56µm
_04977_,9.56µm
_05147_,9.56µm
_05164_,9.56µm
_05462_,9.56µm
_05820_,9.56µm
u_ibex_top.gen_regfile_ff.register_file_i.g_plain_rf.g_rf_flops\[13\].rf_reg_q\[28\],9.56µm
u_ibex_top.u_ibex_core.id_stage_i.controller_i.store_err_d,9.56µm
net3782,9.56µm
_00350_,9.54µm
_00860_,9.54µm
_00887_,9.54µm
_01129_,9.54µm
_04030_,9.54µm
_05182_,9.54µm
_07553_,9.54µm
u_ibex_top.gen_regfile_ff.register_file_i.g_plain_rf.g_rf_flops\[8\].rf_reg_q\[2\],9.54µm
net2955,9.54µm
net3323,9.54µm
net3451,9.54µm
net3957,9.54µm
_04223_,9.53µm
_00113_,9.52µm
_01427_,9.52µm
_01472_,9.52µm
_04233_,9.52µm
_04970_,9.52µm
_06190_,9.52µm
_06287_,9.52µm
_06548_,9.52µm
_07590_,9.52µm
u_ibex_top.u_ibex_core.cs_registers_i.debug_mode_i,9.52µm
net3062,9.52µm
net3744,9.52µm
net4062,9.52µm
u_ibex_top.gen_regfile_ff.register_file_i.g_plain_rf.g_rf_flops\[1\].rf_reg_q\[0\],9.51µm
_02349_,9.5µm
_07939_,9.5µm
_08581_,9.5µm
_09307_,9.5µm
_09820_,9.5µm
net3563,9.5µm
_05734_,9.495µm
_09542_,9.495µm
_00015_,9.48µm
_00778_,9.48µm
_03659_,9.48µm
_04015_,9.48µm
_05094_,9.48µm
_05423_,9.48µm
_05573_,9.48µm
_06968_,9.48µm
_09077_,9.48µm
_09150_,9.48µm
_09242_,9.48µm
_09638_,9.48µm
u_ibex_top.gen_regfile_ff.register_file_i.g_plain_rf.g_rf_flops\[3\].rf_reg_q\[15\],9.48µm
u_ibex_top.u_ibex_core.if_stage_i.gen_prefetch_buffer.prefetch_buffer_i.fifo_i.rdata_q\[4\],9.48µm
net3077,9.48µm
net3679,9.48µm
net3969,9.48µm
net4181,9.48µm
_01969_,9.46µm
_02323_,9.46µm
_03528_,9.46µm
_04291_,9.46µm
_06084_,9.46µm
_08471_,9.46µm
_08840_,9.46µm
_01789_,9.445µm
_00206_,9.44µm
_00607_,9.44µm
_00816_,9.44µm
_02027_,9.44µm
_02504_,9.44µm
_02657_,9.44µm
_02855_,9.44µm
_02970_,9.44µm
_03227_,9.44µm
_04601_,9.44µm
_05292_,9.44µm
_05657_,9.44µm
_06428_,9.44µm
_07247_,9.44µm
_07519_,9.44µm
_07521_,9.44µm
_08557_,9.44µm
_08765_,9.44µm
_09561_,9.44µm
u_ibex_top.gen_regfile_ff.register_file_i.g_plain_rf.g_rf_flops\[10\].rf_reg_q\[30\],9.44µm
u_ibex_top.u_ibex_core.cs_registers_i.mstack_epc_q\[1\],9.44µm
data_wdata_o[6],9.43µm
_01520_,9.42µm
_02928_,9.42µm
_04383_,9.42µm
_05161_,9.42µm
_08358_,9.42µm
_01736_,9.405µm
net2915,9.405µm
net4072,9.405µm
_00783_,9.4µm
_01539_,9.4µm
_03030_,9.4µm
_05703_,9.4µm
_08137_,9.4µm
_09387_,9.4µm
_09783_,9.4µm
net1893,9.4µm
net3014,9.4µm
net3136,9.4µm
net3168,9.4µm
net3172,9.4µm
net3600,9.4µm
net3714,9.4µm
net4017,9.4µm
net4381,9.4µm
_00639_,9.38µm
_05096_,9.38µm
_06732_,9.38µm
_09040_,9.38µm
_09524_,9.375µm
_00915_,9.365µm
_01717_,9.365µm
_03207_,9.365µm
_00394_,9.36µm
_02198_,9.36µm
_02580_,9.36µm
_03564_,9.36µm
_03958_,9.36µm
_04312_,9.36µm
_04513_,9.36µm
_04667_,9.36µm
_06361_,9.36µm
_07186_,9.36µm
_07524_,9.36µm
_08652_,9.36µm
_09024_,9.36µm
_09168_,9.36µm
_09201_,9.36µm
_09339_,9.36µm
_09452_,9.36µm
_09579_,9.36µm
u_ibex_top.gen_regfile_ff.register_file_i.g_plain_rf.g_rf_flops\[2\].rf_reg_q\[20\],9.36µm
net2866,9.36µm
net3064,9.36µm
net3180,9.36µm
net3348,9.36µm
net3383,9.36µm
net3721,9.36µm
net3867,9.36µm
net4256,9.36µm
_01722_,9.34µm
_02662_,9.34µm
_02811_,9.34µm
_04645_,9.34µm
_04689_,9.34µm
_04773_,9.34µm
u_ibex_top.u_ibex_core.ex_block_i.alu_i.g_no_alu_rvb.unused_imd_val_q\[12\],9.325µm
_00208_,9.32µm
_00437_,9.32µm
_00739_,9.32µm
_03869_,9.32µm
_03879_,9.32µm
_04143_,9.32µm
_05551_,9.32µm
_05929_,9.32µm
_07227_,9.32µm
_08774_,9.32µm
_09611_,9.32µm
u_ibex_top.crash_dump_o\[2\],9.32µm
u_ibex_top.u_ibex_core.cs_registers_i.dscratch0_q\[8\],9.32µm
u_ibex_top.u_ibex_core.id_stage_i.controller_i.do_single_step_d,9.32µm
_02907_,9.3µm
_03589_,9.3µm
net3239,9.3µm
net3428,9.3µm
net3432,9.3µm
net3882,9.3µm
net3975,9.3µm
net3980,9.3µm
net4179,9.3µm
_01937_,9.29µm
_02148_,9.28µm
_02538_,9.28µm
_03534_,9.28µm
_03591_,9.28µm
_09352_,9.28µm
_09736_,9.28µm
net3101,9.28µm
net3331,9.28µm
_02455_,9.265µm
_02876_,9.26µm
_04496_,9.26µm
_06060_,9.26µm
_07950_,9.26µm
net2985,9.26µm
net3034,9.26µm
net3108,9.26µm
net3497,9.26µm
net3526,9.26µm
net3640,9.26µm
net3701,9.26µm
net3725,9.26µm
net3998,9.26µm
net2083,9.25µm
_00663_,9.24µm
_02308_,9.24µm
_03676_,9.24µm
_05741_,9.24µm
_05977_,9.24µm
u_ibex_top.u_ibex_core.if_stage_i.gen_prefetch_buffer.prefetch_buffer_i.stored_addr_q\[19\],9.24µm
u_ibex_top.u_ibex_core.if_stage_i.gen_prefetch_buffer.prefetch_buffer_i.stored_addr_q\[26\],9.24µm
net1064,9.24µm
net2208,9.24µm
net3081,9.24µm
_03876_,9.22µm
_05151_,9.22µm
u_ibex_top.gen_regfile_ff.register_file_i.g_plain_rf.g_rf_flops\[10\].rf_reg_q\[22\],9.22µm
net2544,9.21µm
_00682_,9.2µm
_01537_,9.2µm
_02034_,9.2µm
_02168_,9.2µm
_02914_,9.2µm
_03431_,9.2µm
_03745_,9.2µm
_04782_,9.2µm
_09549_,9.2µm
u_ibex_top.u_ibex_core.id_stage_i.controller_i.debug_cause_d\[2\],9.2µm
net2766,9.2µm
net2790,9.2µm
net2982,9.2µm
net3298,9.2µm
net3361,9.2µm
net3410,9.2µm
net3557,9.2µm
net3929,9.2µm
net3995,9.2µm
net4190,9.2µm
u_ibex_top.u_ibex_core.cs_registers_i.mscratch_q\[21\],9.195µm
_00060_,9.185µm
_03286_,9.18µm
_06423_,9.18µm
_07917_,9.18µm
net4272,9.18µm
u_ibex_top.u_ibex_core.cs_registers_i.mscratch_q\[29\],9.165µm
_02111_,9.16µm
_02996_,9.16µm
_04810_,9.16µm
_07712_,9.16µm
_08948_,9.16µm
u_ibex_top.u_ibex_core.ex_block_i.gen_multdiv_fast.multdiv_i.op_numerator_q\[2\],9.16µm
net1509,9.16µm
net3655,9.16µm
net4126,9.16µm
_00443_,9.14µm
_01333_,9.14µm
_02329_,9.14µm
_02903_,9.14µm
_03848_,9.14µm
_05476_,9.14µm
_07498_,9.14µm
_07869_,9.14µm
_08625_,9.14µm
u_ibex_top.gen_regfile_ff.register_file_i.g_plain_rf.g_rf_flops\[26\].rf_reg_q\[3\],9.14µm
_02885_,9.12µm
_03253_,9.12µm
_04149_,9.12µm
_06824_,9.12µm
_06874_,9.12µm
_07697_,9.12µm
_08374_,9.12µm
_08800_,9.12µm
_09519_,9.12µm
_09674_,9.12µm
u_ibex_top.u_ibex_core.cs_registers_i.dscratch1_q\[19\],9.12µm
u_ibex_top.u_ibex_core.ex_block_i.gen_multdiv_fast.multdiv_i.op_quotient_q\[1\],9.12µm
net3665,9.12µm
_09668_,9.11µm
data_gnt_i,9.11µm
_00453_,9.1µm
_01374_,9.1µm
_04387_,9.1µm
_04499_,9.1µm
_04734_,9.1µm
_07972_,9.1µm
net2550,9.1µm
net2701,9.09µm
data_addr_o[14],9.09µm
data_wdata_o[18],9.09µm
data_wdata_o[26],9.09µm
_00510_,9.08µm
_00807_,9.08µm
_00821_,9.08µm
_01997_,9.08µm
_05065_,9.08µm
_06692_,9.08µm
_07836_,9.08µm
_08460_,9.08µm
_08689_,9.08µm
net3363,9.08µm
net3816,9.08µm
net4080,9.08µm
_00237_,9.06µm
_01449_,9.06µm
_02334_,9.06µm
_05969_,9.06µm
_06872_,9.06µm
_07637_,9.06µm
_08743_,9.06µm
u_ibex_top.u_ibex_core.cs_registers_i.dscratch0_q\[13\],9.06µm
net2728,9.06µm
net2967,9.06µm
net2997,9.06µm
net3401,9.06µm
net3512,9.06µm
net4086,9.06µm
net4163,9.06µm
_01762_,9.045µm
_02775_,9.04µm
_03442_,9.04µm
_03517_,9.04µm
_06291_,9.04µm
_06796_,9.04µm
_07237_,9.04µm
_08658_,9.04µm
_08709_,9.04µm
_09788_,9.04µm
net3163,9.04µm
net3466,9.04µm
net3504,9.04µm
_00128_,9.02µm
_00500_,9.02µm
_02445_,9.02µm
_03038_,9.02µm
_03076_,9.02µm
_03478_,9.02µm
_04801_,9.02µm
_05349_,9.02µm
_05499_,9.02µm
_05680_,9.02µm
_07326_,9.02µm
_07898_,9.02µm
u_ibex_top.u_ibex_core.ex_block_i.gen_multdiv_fast.multdiv_i.op_quotient_q\[19\],9.02µm
u_ibex_top.u_ibex_core.if_stage_i.gen_prefetch_buffer.prefetch_buffer_i.fifo_i.rdata_q\[12\],9.02µm
u_ibex_top.u_ibex_core.if_stage_i.gen_prefetch_buffer.prefetch_buffer_i.stored_addr_q\[28\],9.02µm
net2993,9.02µm
net3678,9.02µm
net3961,9.02µm
_00327_,9µm
_02234_,9µm
_02911_,9µm
_05481_,9µm
_05783_,9µm
_08906_,9µm
_09543_,9µm
u_ibex_top.gen_regfile_ff.register_file_i.g_plain_rf.g_rf_flops\[15\].rf_reg_q\[14\],9µm
u_ibex_top.gen_regfile_ff.register_file_i.g_plain_rf.g_rf_flops\[28\].rf_reg_q\[20\],9µm
_04731_,8.99µm
_00044_,8.985µm
_00185_,8.98µm
_00575_,8.98µm
_00787_,8.98µm
_00800_,8.98µm
_01073_,8.98µm
_01114_,8.98µm
_01548_,8.98µm
_01561_,8.98µm
_03102_,8.98µm
_04423_,8.98µm
_05037_,8.98µm
_05470_,8.98µm
_06401_,8.98µm
_06666_,8.98µm
_08049_,8.98µm
_08684_,8.98µm
_09606_,8.98µm
u_ibex_top.u_ibex_core.if_stage_i.gen_prefetch_buffer.prefetch_buffer_i.fifo_i.rdata_q\[86\],8.98µm
u_ibex_top.u_ibex_core.if_stage_i.gen_prefetch_buffer.prefetch_buffer_i.stored_addr_q\[4\],8.98µm
_08547_,8.97µm
_09366_,8.97µm
_04737_,8.965µm
_02768_,8.96µm
_05033_,8.96µm
_05381_,8.96µm
_06563_,8.96µm
_07035_,8.96µm
_07221_,8.96µm
_09433_,8.96µm
net1855,8.96µm
net4397,8.96µm
_08495_,8.95µm
_00642_,8.94µm
_02312_,8.94µm
_03239_,8.94µm
_03617_,8.94µm
_04757_,8.94µm
_04776_,8.94µm
_05126_,8.94µm
_05905_,8.94µm
_06092_,8.94µm
_06663_,8.94µm
_08296_,8.94µm
_09590_,8.94µm
_09715_,8.94µm
net2909,8.94µm
net2938,8.94µm
net2945,8.94µm
net2954,8.94µm
net3498,8.94µm
net3586,8.94µm
net3598,8.94µm
net3622,8.94µm
net3874,8.94µm
net4118,8.94µm
net4277,8.94µm
net4284,8.94µm
net4349,8.94µm
_06485_,8.925µm
_01319_,8.92µm
_07977_,8.92µm
u_ibex_top.gen_regfile_ff.register_file_i.g_plain_rf.g_rf_flops\[14\].rf_reg_q\[13\],8.92µm
u_ibex_top.gen_regfile_ff.register_file_i.g_plain_rf.g_rf_flops\[6\].rf_reg_q\[20\],8.92µm
net2840,8.92µm
_03126_,8.905µm
_01008_,8.9µm
_01290_,8.9µm
_01893_,8.9µm
_02161_,8.9µm
_02262_,8.9µm
_02708_,8.9µm
_02789_,8.9µm
_03372_,8.9µm
_03381_,8.9µm
_03746_,8.9µm
_04871_,8.9µm
_05267_,8.9µm
_06019_,8.9µm
_07933_,8.9µm
_08019_,8.9µm
_08721_,8.9µm
_08870_,8.9µm
_08927_,8.9µm
_09807_,8.9µm
u_ibex_top.gen_regfile_ff.register_file_i.g_plain_rf.g_rf_flops\[20\].rf_reg_q\[11\],8.9µm
net250,8.9µm
net2878,8.9µm
net3784,8.9µm
instr_gnt_i,8.89µm
instr_rdata_i[0],8.89µm
instr_rdata_i[10],8.89µm
instr_rdata_i[11],8.89µm
instr_rdata_i[13],8.89µm
instr_rdata_i[14],8.89µm
instr_rdata_i[15],8.89µm
instr_rdata_i[16],8.89µm
instr_rdata_i[17],8.89µm
instr_rdata_i[18],8.89µm
instr_rdata_i[19],8.89µm
instr_rdata_i[1],8.89µm
instr_rdata_i[20],8.89µm
instr_rdata_i[21],8.89µm
instr_rdata_i[23],8.89µm
instr_rdata_i[26],8.89µm
instr_rdata_i[28],8.89µm
instr_rdata_i[29],8.89µm
instr_rdata_i[2],8.89µm
instr_rdata_i[30],8.89µm
instr_rdata_i[31],8.89µm
instr_rdata_i[3],8.89µm
instr_rdata_i[4],8.89µm
instr_rdata_i[6],8.89µm
instr_rdata_i[8],8.89µm
instr_rvalid_i,8.89µm
_00153_,8.88µm
_02787_,8.88µm
_03297_,8.88µm
_03586_,8.88µm
_08560_,8.88µm
u_ibex_top.gen_regfile_ff.register_file_i.g_plain_rf.g_rf_flops\[20\].rf_reg_q\[3\],8.88µm
_01140_,8.86µm
_01989_,8.86µm
_02090_,8.86µm
_03285_,8.86µm
_03866_,8.86µm
_05702_,8.86µm
_06773_,8.86µm
_07591_,8.86µm
_07971_,8.86µm
_08272_,8.86µm
_08371_,8.86µm
_09165_,8.86µm
_09333_,8.86µm
_00117_,8.84µm
_01982_,8.84µm
_07083_,8.84µm
net3190,8.84µm
net3247,8.84µm
net3277,8.84µm
net3507,8.84µm
net3537,8.84µm
net3583,8.84µm
net3877,8.84µm
net3896,8.84µm
net4101,8.84µm
net4168,8.84µm
_01021_,8.82µm
_03606_,8.82µm
_03885_,8.82µm
_05190_,8.82µm
_05599_,8.82µm
_06113_,8.82µm
_07546_,8.82µm
_07672_,8.82µm
_08254_,8.82µm
_08328_,8.82µm
_09622_,8.82µm
net3607,8.82µm
net4151,8.82µm
_07254_,8.815µm
_03980_,8.805µm
_06096_,8.8µm
_06182_,8.8µm
_06863_,8.8µm
_07446_,8.8µm
_07483_,8.8µm
_08129_,8.8µm
net3169,8.8µm
net3318,8.8µm
net3670,8.8µm
net3828,8.8µm
net4211,8.8µm
net4309,8.8µm
_08799_,8.79µm
_00566_,8.78µm
_01441_,8.78µm
_01991_,8.78µm
_02757_,8.78µm
_03473_,8.78µm
_03499_,8.78µm
_05881_,8.78µm
_06682_,8.78µm
_07715_,8.78µm
_08218_,8.78µm
_09316_,8.78µm
_09499_,8.78µm
u_ibex_top.gen_regfile_ff.register_file_i.g_plain_rf.g_rf_flops\[26\].rf_reg_q\[25\],8.78µm
u_ibex_top.u_ibex_core.cs_registers_i.mcause_q\[5\],8.78µm
_00525_,8.765µm
_00236_,8.76µm
_03889_,8.76µm
_03993_,8.76µm
_09617_,8.76µm
net1037,8.76µm
net2837,8.76µm
net4094,8.76µm
net4196,8.76µm
net4421,8.76µm
data_addr_o[10],8.75µm
_00135_,8.745µm
_00011_,8.74µm
_00734_,8.74µm
_03570_,8.74µm
_03887_,8.74µm
_05811_,8.74µm
_06093_,8.74µm
_06261_,8.74µm
_06769_,8.74µm
net2727,8.74µm
net3726,8.74µm
net3864,8.74µm
net3999,8.74µm
net4104,8.74µm
net4107,8.74µm
net4180,8.74µm
_01100_,8.725µm
_06301_,8.725µm
net3618,8.725µm
_00572_,8.72µm
_01138_,8.72µm
_01363_,8.72µm
net2846,8.72µm
net2894,8.72µm
net2975,8.72µm
net3047,8.72µm
net3339,8.72µm
_00464_,8.7µm
_02984_,8.7µm
_04207_,8.7µm
_07683_,8.7µm
_08521_,8.7µm
_08857_,8.7µm
_08929_,8.7µm
_09105_,8.7µm
u_ibex_top.u_ibex_core.if_stage_i.gen_prefetch_buffer.prefetch_buffer_i.fifo_i.rdata_q\[16\],8.7µm
net4122,8.7µm
_00249_,8.685µm
_01685_,8.685µm
_00972_,8.68µm
_02060_,8.68µm
_02575_,8.68µm
_02686_,8.68µm
_02999_,8.68µm
_03639_,8.68µm
_04958_,8.68µm
_05429_,8.68µm
_08736_,8.68µm
_08952_,8.68µm
u_ibex_top.gen_regfile_ff.register_file_i.g_plain_rf.g_rf_flops\[7\].rf_reg_q\[24\],8.68µm
net911,8.68µm
net4116,8.68µm
_03760_,8.67µm
_01718_,8.665µm
_07864_,8.66µm
_08632_,8.66µm
_09245_,8.66µm
_09253_,8.66µm
u_ibex_top.u_ibex_core.load_store_unit_i.rdata_q\[9\],8.66µm
net3950,8.66µm
net2855,8.655µm
_03079_,8.645µm
_00324_,8.64µm
_00335_,8.64µm
_00354_,8.64µm
_00586_,8.64µm
_00609_,8.64µm
_00826_,8.64µm
_01064_,8.64µm
_01141_,8.64µm
_06531_,8.64µm
_08700_,8.63µm
_01779_,8.625µm
_00268_,8.62µm
_00670_,8.62µm
_00758_,8.62µm
_01993_,8.62µm
_02965_,8.62µm
_03051_,8.62µm
_07708_,8.62µm
_07842_,8.62µm
_07976_,8.62µm
_08798_,8.62µm
net4137,8.62µm
u_ibex_top.u_ibex_core.ex_block_i.alu_i.g_no_alu_rvb.unused_imd_val_q\[28\],8.605µm
_00016_,8.6µm
_03244_,8.6µm
_03933_,8.6µm
_04642_,8.6µm
_04991_,8.6µm
_05102_,8.6µm
_05950_,8.6µm
_08256_,8.6µm
net2705,8.6µm
net2771,8.6µm
net2921,8.6µm
net3493,8.6µm
net3893,8.6µm
net3984,8.6µm
_01664_,8.585µm
_01231_,8.58µm
_02696_,8.58µm
_04612_,8.58µm
_04915_,8.58µm
_05068_,8.58µm
_06460_,8.58µm
_07492_,8.58µm
_07761_,8.58µm
_07942_,8.58µm
_08423_,8.58µm
_02388_,8.565µm
_00031_,8.56µm
_00457_,8.56µm
_00554_,8.56µm
_00938_,8.56µm
_01014_,8.56µm
_01116_,8.56µm
_01137_,8.56µm
_01439_,8.56µm
_02314_,8.56µm
_02497_,8.56µm
_04695_,8.56µm
_04980_,8.56µm
_05086_,8.56µm
_05444_,8.56µm
_07360_,8.56µm
_07384_,8.56µm
_07678_,8.56µm
_07858_,8.56µm
_08381_,8.56µm
_08497_,8.56µm
_08979_,8.56µm
_09204_,8.56µm
_09683_,8.56µm
u_ibex_top.gen_regfile_ff.register_file_i.g_plain_rf.g_rf_flops\[14\].rf_reg_q\[18\],8.56µm
u_ibex_top.u_ibex_core.cs_registers_i.dscratch1_q\[17\],8.56µm
u_ibex_top.u_ibex_core.id_stage_i.controller_i.instr_i\[12\],8.56µm
net2782,8.56µm
net3038,8.56µm
net3104,8.56µm
net4339,8.56µm
_00376_,8.54µm
_01078_,8.54µm
_02129_,8.54µm
_02692_,8.54µm
_06673_,8.54µm
_08065_,8.54µm
_09269_,8.54µm
_00183_,8.52µm
_00264_,8.52µm
_00298_,8.52µm
_00637_,8.52µm
_00683_,8.52µm
_00691_,8.52µm
_00825_,8.52µm
_01109_,8.52µm
_02909_,8.52µm
_02962_,8.52µm
_03453_,8.52µm
_08088_,8.52µm
_09469_,8.52µm
u_ibex_top.u_ibex_core.id_stage_i.controller_i.instr_compressed_i\[2\],8.52µm
u_ibex_top.u_ibex_core.if_stage_i.gen_prefetch_buffer.prefetch_buffer_i.fifo_i.rdata_q\[61\],8.52µm
_07038_,8.515µm
_05002_,8.51µm
_02515_,8.5µm
_07419_,8.5µm
_08211_,8.5µm
_08455_,8.5µm
_09348_,8.5µm
net3597,8.5µm
net4417,8.5µm
_03565_,8.49µm
_03666_,8.49µm
_01843_,8.485µm
net3310,8.485µm
_00006_,8.48µm
_00466_,8.48µm
_00654_,8.48µm
_01182_,8.48µm
_02852_,8.48µm
_03544_,8.48µm
_03978_,8.48µm
_04034_,8.48µm
_04097_,8.48µm
_04112_,8.48µm
_04732_,8.48µm
_04762_,8.48µm
_05240_,8.48µm
_09573_,8.48µm
_09665_,8.48µm
net2906,8.48µm
net3024,8.48µm
net3027,8.48µm
net3122,8.48µm
net3220,8.48µm
net3434,8.48µm
net3556,8.48µm
net3588,8.48µm
net3603,8.48µm
net3708,8.48µm
net3992,8.48µm
net4115,8.48µm
net4413,8.48µm
_01684_,8.46µm
_03466_,8.46µm
_08231_,8.46µm
_08569_,8.46µm
_09068_,8.46µm
_09141_,8.46µm
_09401_,8.46µm
_09583_,8.46µm
_02017_,8.455µm
_05420_,8.455µm
_01203_,8.44µm
_02360_,8.44µm
_02675_,8.44µm
_02798_,8.44µm
_02800_,8.44µm
_04001_,8.44µm
_04164_,8.44µm
_04227_,8.44µm
_05532_,8.44µm
_05807_,8.44µm
_06862_,8.44µm
_08710_,8.44µm
_08997_,8.44µm
_09243_,8.44µm
_09616_,8.44µm
u_ibex_top.gen_regfile_ff.register_file_i.g_plain_rf.g_rf_flops\[2\].rf_reg_q\[14\],8.44µm
u_ibex_top.gen_regfile_ff.register_file_i.g_plain_rf.g_rf_flops\[9\].rf_reg_q\[12\],8.44µm
u_ibex_top.u_ibex_core.cs_registers_i.mscratch_q\[12\],8.44µm
u_ibex_top.u_ibex_core.if_stage_i.gen_prefetch_buffer.prefetch_buffer_i.fifo_i.rdata_q\[15\],8.44µm
u_ibex_top.u_ibex_core.if_stage_i.gen_prefetch_buffer.prefetch_buffer_i.fifo_i.rdata_q\[78\],8.44µm
net2712,8.44µm
net2769,8.44µm
net4367,8.44µm
_00319_,8.42µm
_02637_,8.42µm
_03726_,8.42µm
_04676_,8.42µm
_07362_,8.42µm
_08014_,8.42µm
data_addr_o[18],8.41µm
data_addr_o[22],8.41µm
data_addr_o[26],8.41µm
data_addr_o[2],8.41µm
data_addr_o[30],8.41µm
data_addr_o[6],8.41µm
data_be_o[2],8.41µm
data_wdata_o[14],8.41µm
data_wdata_o[17],8.41µm
data_wdata_o[22],8.41µm
data_wdata_o[30],8.41µm
_00131_,8.405µm
_01080_,8.4µm
_02043_,8.4µm
_03060_,8.4µm
_03190_,8.4µm
_03582_,8.4µm
_04476_,8.4µm
_06169_,8.4µm
_06899_,8.4µm
_07428_,8.4µm
u_ibex_top.u_ibex_core.if_stage_i.gen_prefetch_buffer.prefetch_buffer_i.fifo_i.rdata_q\[6\],8.4µm
_05879_,8.38µm
_06039_,8.38µm
_08737_,8.38µm
net2848,8.38µm
net3052,8.38µm
net3092,8.38µm
net3103,8.38µm
net3155,8.38µm
net3377,8.38µm
net3426,8.38µm
net3861,8.38µm
net3974,8.38µm
net4246,8.38µm
net4318,8.38µm
net4386,8.38µm
net4390,8.38µm
_04939_,8.37µm
_01117_,8.365µm
_02258_,8.36µm
_02756_,8.36µm
_02830_,8.36µm
_03149_,8.36µm
_03452_,8.36µm
_03820_,8.36µm
_04947_,8.36µm
_05526_,8.36µm
_07569_,8.36µm
_08028_,8.36µm
_09478_,8.36µm
_09651_,8.36µm
u_ibex_top.u_ibex_core.if_stage_i.gen_prefetch_buffer.prefetch_buffer_i.fifo_i.rdata_q\[55\],8.36µm
net3222,8.36µm
net3305,8.36µm
net3413,8.36µm
net3860,8.36µm
net3918,8.36µm
net3981,8.36µm
_00227_,8.345µm
_00505_,8.345µm
_00516_,8.345µm
_00804_,8.345µm
_00973_,8.345µm
_01128_,8.345µm
_02985_,8.34µm
_03460_,8.34µm
net4199,8.34µm
_03078_,8.33µm
_01016_,8.32µm
_02225_,8.32µm
_04199_,8.32µm
_05229_,8.32µm
_05421_,8.32µm
_06860_,8.32µm
_08024_,8.32µm
_08551_,8.32µm
_08901_,8.32µm
_09338_,8.32µm
_09637_,8.32µm
_09709_,8.32µm
u_ibex_top.u_ibex_core.cs_registers_i.dscratch1_q\[5\],8.32µm
u_ibex_top.u_ibex_core.ex_block_i.gen_multdiv_fast.multdiv_i.op_numerator_q\[29\],8.32µm
net1605,8.32µm
net2900,8.32µm
net4376,8.315µm
_00332_,8.305µm
_01704_,8.305µm
_01723_,8.305µm
_03291_,8.3µm
_06051_,8.3µm
u_ibex_top.u_ibex_core.ex_block_i.gen_multdiv_fast.multdiv_i.op_numerator_q\[28\],8.3µm
net3567,8.3µm
_00054_,8.285µm
_00150_,8.28µm
_00606_,8.28µm
_00746_,8.28µm
_01365_,8.28µm
_01367_,8.28µm
_03654_,8.28µm
_04706_,8.28µm
_05903_,8.28µm
_08260_,8.28µm
_09555_,8.28µm
u_ibex_top.u_ibex_core.id_stage_i.controller_i.instr_compressed_i\[3\],8.28µm
_08576_,8.27µm
_03801_,8.26µm
u_ibex_top.u_ibex_core.cs_registers_i.dscratch0_q\[22\],8.26µm
net3445,8.26µm
net3965,8.26µm
net4254,8.26µm
_01354_,8.24µm
_02200_,8.24µm
_04517_,8.24µm
_06328_,8.24µm
_07579_,8.24µm
_08320_,8.24µm
_08498_,8.24µm
_08813_,8.24µm
u_ibex_top.u_ibex_core.cs_registers_i.mstack_cause_q\[5\],8.24µm
net807,8.24µm
net4037,8.24µm
_02936_,8.23µm
_01733_,8.225µm
_00238_,8.22µm
_00315_,8.22µm
_01063_,8.22µm
_01566_,8.22µm
_02502_,8.22µm
_03878_,8.22µm
_05169_,8.22µm
_06150_,8.22µm
_08178_,8.22µm
_09383_,8.22µm
u_ibex_top.gen_regfile_ff.register_file_i.g_plain_rf.g_rf_flops\[4\].rf_reg_q\[1\],8.22µm
u_ibex_top.u_ibex_core.ex_block_i.alu_i.g_no_alu_rvb.unused_imd_val_q\[24\],8.205µm
_01946_,8.2µm
_02084_,8.2µm
_02650_,8.2µm
_02899_,8.2µm
_03864_,8.2µm
_05036_,8.2µm
_05329_,8.2µm
_08466_,8.2µm
_08871_,8.2µm
_09418_,8.2µm
_09541_,8.2µm
u_ibex_top.u_ibex_core.if_stage_i.gen_prefetch_buffer.prefetch_buffer_i.fifo_i.rdata_q\[5\],8.2µm
net4287,8.195µm
_00362_,8.18µm
_00381_,8.18µm
_00452_,8.18µm
_00615_,8.18µm
_00733_,8.18µm
_00897_,8.18µm
_01478_,8.18µm
_01904_,8.18µm
_01906_,8.18µm
_02641_,8.18µm
_03803_,8.18µm
_04671_,8.18µm
_06262_,8.18µm
_07310_,8.18µm
_09016_,8.18µm
net3931,8.18µm
net3481,8.165µm
_03690_,8.16µm
_09767_,8.16µm
u_ibex_top.crash_dump_o\[8\],8.16µm
net2877,8.16µm
_00276_,8.14µm
_00342_,8.14µm
_00868_,8.14µm
_01444_,8.14µm
_02341_,8.14µm
_02835_,8.14µm
_02893_,8.14µm
_03411_,8.14µm
_04017_,8.14µm
_04028_,8.14µm
_04553_,8.14µm
_05380_,8.14µm
_06203_,8.14µm
_07527_,8.14µm
net2780,8.14µm
net3503,8.14µm
net3654,8.14µm
net3845,8.14µm
net4395,8.14µm
_02050_,8.12µm
_02169_,8.12µm
_02199_,8.12µm
_02791_,8.12µm
_02867_,8.12µm
_06858_,8.12µm
u_ibex_top.u_ibex_core.if_stage_i.gen_prefetch_buffer.prefetch_buffer_i.fifo_i.rdata_q\[3\],8.12µm
net3889,8.12µm
_04844_,8.115µm
_06559_,8.105µm
_00322_,8.1µm
_00373_,8.1µm
_00558_,8.1µm
_00904_,8.1µm
_01269_,8.1µm
_01990_,8.1µm
_02036_,8.1µm
_02267_,8.1µm
_03139_,8.1µm
_03219_,8.1µm
_04639_,8.1µm
_05127_,8.1µm
_05667_,8.1µm
_05727_,8.1µm
_06184_,8.1µm
_07090_,8.1µm
_08538_,8.1µm
_09355_,8.1µm
u_ibex_top.u_ibex_core.ex_block_i.gen_multdiv_fast.multdiv_i.op_quotient_q\[24\],8.1µm
net1046,8.1µm
net2761,8.1µm
net3138,8.1µm
net4250,8.1µm
_01834_,8.085µm
_00351_,8.08µm
_00415_,8.08µm
_00793_,8.08µm
_03403_,8.08µm
_04586_,8.08µm
_05622_,8.08µm
_08219_,8.08µm
_04021_,8.075µm
net4291,8.075µm
net2702,8.07µm
data_addr_o[3],8.07µm
net2586,8.07µm
_00241_,8.06µm
_00676_,8.06µm
_00858_,8.06µm
_01227_,8.06µm
_01569_,8.06µm
_02174_,8.06µm
_02263_,8.06µm
_03041_,8.06µm
_03706_,8.06µm
_05581_,8.06µm
_05822_,8.06µm
_06699_,8.06µm
_06901_,8.06µm
_08667_,8.06µm
_08782_,8.06µm
_09325_,8.06µm
u_ibex_top.u_ibex_core.id_stage_i.controller_i.enter_debug_mode_prio_q,8.06µm
net3364,8.06µm
_02950_,8.04µm
_03531_,8.04µm
_04060_,8.04µm
_04134_,8.04µm
_05655_,8.04µm
_06335_,8.04µm
_07210_,8.04µm
_07781_,8.04µm
_08157_,8.04µm
net4323,8.04µm
_00961_,8.02µm
_02917_,8.02µm
_03058_,8.02µm
_03709_,8.02µm
_04104_,8.02µm
_05357_,8.02µm
_06239_,8.02µm
_06865_,8.02µm
_07045_,8.02µm
_07872_,8.02µm
_08969_,8.02µm
u_ibex_top.u_ibex_core.cs_registers_i.dcsr_q\[13\],8.02µm
net2126,8.02µm
net2988,8.02µm
net3008,8.02µm
net3096,8.02µm
net3153,8.02µm
net3433,8.02µm
net3465,8.02µm
net3505,8.02µm
net3508,8.02µm
net3790,8.02µm
net3801,8.02µm
net3986,8.02µm
net4103,8.02µm
net4273,8.02µm
_02029_,8µm
_02413_,8µm
_03486_,8µm
_07466_,8µm
_08453_,8µm
_04457_,7.99µm
u_ibex_top.u_ibex_core.cs_registers_i.mscratch_q\[7\],7.985µm
_00392_,7.98µm
_00523_,7.98µm
_01237_,7.98µm
_01421_,7.98µm
_01595_,7.98µm
_02035_,7.98µm
_04013_,7.98µm
_04166_,7.98µm
_04486_,7.98µm
_04605_,7.98µm
_04876_,7.98µm
_05051_,7.98µm
_05156_,7.98µm
_05676_,7.98µm
_05887_,7.98µm
_06136_,7.98µm
_07076_,7.98µm
_07570_,7.98µm
_07795_,7.98µm
_08110_,7.98µm
_08149_,7.98µm
_08190_,7.98µm
_08292_,7.98µm
_08464_,7.98µm
_08949_,7.98µm
_09183_,7.98µm
u_ibex_top.gen_regfile_ff.register_file_i.g_plain_rf.g_rf_flops\[11\].rf_reg_q\[2\],7.98µm
u_ibex_top.u_ibex_core.cs_registers_i.mstack_epc_q\[16\],7.98µm
u_ibex_top.u_ibex_core.ex_block_i.gen_multdiv_fast.multdiv_i.op_numerator_q\[25\],7.98µm
net1000,7.98µm
net3011,7.98µm
net3264,7.98µm
_02857_,7.96µm
_02880_,7.96µm
_03773_,7.96µm
_05860_,7.96µm
_06026_,7.96µm
_06074_,7.96µm
_06507_,7.96µm
_06900_,7.96µm
_07423_,7.96µm
_08995_,7.96µm
_09515_,7.96µm
_02722_,7.94µm
_02843_,7.94µm
_02906_,7.94µm
_03197_,7.94µm
_03450_,7.94µm
_03672_,7.94µm
_05114_,7.94µm
_07096_,7.94µm
_07714_,7.94µm
_09533_,7.93µm
_09827_,7.925µm
_06229_,7.92µm
_07424_,7.92µm
net2732,7.92µm
net2753,7.92µm
net3078,7.92µm
net3157,7.92µm
net3579,7.92µm
net3757,7.92µm
net3837,7.92µm
net3930,7.92µm
net4003,7.92µm
net4042,7.92µm
net4154,7.92µm
net4351,7.92µm
_00321_,7.9µm
_01535_,7.9µm
_04154_,7.9µm
_05050_,7.9µm
_05197_,7.9µm
_06595_,7.9µm
_07799_,7.9µm
_08206_,7.9µm
_08308_,7.9µm
_08845_,7.9µm
_08894_,7.9µm
u_ibex_top.gen_regfile_ff.register_file_i.g_plain_rf.g_rf_flops\[12\].rf_reg_q\[20\],7.9µm
u_ibex_top.u_ibex_core.cs_registers_i.dscratch0_q\[4\],7.9µm
u_ibex_top.u_ibex_core.cs_registers_i.mscratch_q\[5\],7.9µm
net2865,7.9µm
net3208,7.9µm
net3267,7.9µm
net3629,7.9µm
net3693,7.9µm
net4019,7.9µm
net4065,7.9µm
_03722_,7.88µm
_04314_,7.88µm
_06250_,7.88µm
_06254_,7.88µm
_09110_,7.88µm
net2961,7.88µm
net3071,7.88µm
net4302,7.88µm
net4353,7.88µm
net4406,7.88µm
net4427,7.88µm
_09368_,7.87µm
_00412_,7.86µm
_01448_,7.86µm
_01454_,7.86µm
_02089_,7.86µm
_02214_,7.86µm
_02477_,7.86µm
_02802_,7.86µm
_03294_,7.86µm
_03471_,7.86µm
_03668_,7.86µm
_03673_,7.86µm
_03688_,7.86µm
_04125_,7.86µm
_04492_,7.86µm
_05686_,7.86µm
_06046_,7.86µm
_08064_,7.86µm
_08078_,7.86µm
_08293_,7.86µm
_09458_,7.86µm
u_ibex_top.crash_dump_o\[1\],7.86µm
u_ibex_top.u_ibex_core.load_store_unit_i.rdata_q\[8\],7.86µm
_04051_,7.855µm
_08204_,7.84µm
_08905_,7.84µm
_09420_,7.84µm
u_ibex_top.gen_regfile_ff.register_file_i.g_plain_rf.g_rf_flops\[2\].rf_reg_q\[23\],7.84µm
u_ibex_top.u_ibex_core.cs_registers_i.dscratch0_q\[11\],7.84µm
net3680,7.84µm
_02742_,7.82µm
_05949_,7.82µm
_08026_,7.82µm
_09057_,7.82µm
net2721,7.82µm
net2772,7.82µm
net3287,7.82µm
net3312,7.82µm
net3518,7.82µm
net3786,7.82µm
net3855,7.82µm
net3927,7.82µm
net4269,7.82µm
_01658_,7.815µm
net3249,7.805µm
_00368_,7.8µm
_01134_,7.8µm
_05428_,7.8µm
_05464_,7.8µm
_06224_,7.8µm
_06885_,7.8µm
_07730_,7.8µm
_07731_,7.8µm
net2843,7.8µm
net3376,7.8µm
net3775,7.8µm
net2340,7.79µm
net2514,7.79µm
_00616_,7.78µm
_01934_,7.78µm
_02033_,7.78µm
_02245_,7.78µm
_05008_,7.78µm
_05110_,7.78µm
_05301_,7.78µm
_06686_,7.78µm
_07403_,7.78µm
_08807_,7.78µm
_09126_,7.78µm
u_ibex_top.u_ibex_core.ex_block_i.gen_multdiv_fast.multdiv_i.op_numerator_q\[21\],7.78µm
net3255,7.78µm
net3985,7.78µm
u_ibex_top.u_ibex_core.ex_block_i.alu_i.g_no_alu_rvb.unused_imd_val_q\[29\],7.765µm
_00411_,7.76µm
_00813_,7.76µm
_01039_,7.76µm
_01232_,7.76µm
_05945_,7.76µm
_01783_,7.745µm
_01206_,7.74µm
_02597_,7.74µm
_02824_,7.74µm
_03069_,7.74µm
_03860_,7.74µm
_04998_,7.74µm
_05829_,7.74µm
_06846_,7.74µm
_08277_,7.74µm
_08298_,7.74µm
_09205_,7.74µm
_09426_,7.74µm
_09737_,7.74µm
u_ibex_top.crash_dump_o\[0\],7.74µm
u_ibex_top.u_ibex_core.ex_block_i.gen_multdiv_fast.multdiv_i.op_numerator_q\[12\],7.74µm
u_ibex_top.u_ibex_core.if_stage_i.gen_prefetch_buffer.prefetch_buffer_i.stored_addr_q\[20\],7.74µm
u_ibex_top.u_ibex_core.load_store_unit_i.rdata_q\[14\],7.74µm
net4303,7.735µm
data_addr_o[13],7.73µm
data_addr_o[17],7.73µm
data_addr_o[21],7.73µm
data_addr_o[25],7.73µm
data_addr_o[29],7.73µm
data_addr_o[5],7.73µm
data_addr_o[9],7.73µm
data_be_o[1],7.73µm
data_be_o[3],7.73µm
data_wdata_o[13],7.73µm
data_wdata_o[1],7.73µm
data_wdata_o[21],7.73µm
data_wdata_o[25],7.73µm
data_wdata_o[5],7.73µm
net4249,7.725µm
_00438_,7.72µm
_00640_,7.72µm
_00708_,7.72µm
_00986_,7.72µm
_01070_,7.72µm
_01091_,7.72µm
_04670_,7.72µm
_05234_,7.72µm
_06196_,7.72µm
_01732_,7.705µm
_01919_,7.7µm
_04194_,7.7µm
_04521_,7.7µm
_06115_,7.7µm
net3049,7.7µm
net3636,7.7µm
net4357,7.7µm
net4385,7.7µm
_06960_,7.695µm
_08270_,7.69µm
_00344_,7.68µm
_01248_,7.68µm
_01890_,7.68µm
_02248_,7.68µm
_02805_,7.68µm
_05134_,7.68µm
_06295_,7.68µm
_06327_,7.68µm
_06520_,7.68µm
_06884_,7.68µm
_07595_,7.68µm
_07806_,7.68µm
_09554_,7.68µm
net2202,7.68µm
net2748,7.68µm
net2919,7.68µm
net3542,7.68µm
net3758,7.68µm
net4106,7.68µm
net4182,7.68µm
net4389,7.68µm
_00398_,7.66µm
_00964_,7.66µm
_02335_,7.66µm
_02969_,7.66µm
_03040_,7.66µm
_03989_,7.66µm
_04995_,7.66µm
_08579_,7.66µm
_08965_,7.66µm
_09225_,7.66µm
_09427_,7.66µm
_09438_,7.66µm
_09733_,7.66µm
_00134_,7.64µm
_00213_,7.64µm
_00503_,7.64µm
_00707_,7.64µm
_00732_,7.64µm
_00764_,7.64µm
_00881_,7.64µm
_00883_,7.64µm
_01093_,7.64µm
_01105_,7.64µm
_01185_,7.64µm
_01926_,7.64µm
_02154_,7.64µm
_02436_,7.64µm
_04109_,7.64µm
_04173_,7.64µm
_04484_,7.64µm
_04730_,7.64µm
_05348_,7.64µm
_05352_,7.64µm
_05514_,7.64µm
_06010_,7.64µm
_06151_,7.64µm
_06746_,7.64µm
_07636_,7.64µm
_09405_,7.64µm
_09498_,7.64µm
_09633_,7.64µm
net94,7.64µm
net115,7.64µm
net119,7.64µm
u_ibex_top.gen_regfile_ff.register_file_i.raddr_b_i\[0\],7.64µm
u_ibex_top.u_ibex_core.cs_registers_i.dscratch0_q\[15\],7.64µm
u_ibex_top.u_ibex_core.cs_registers_i.mscratch_q\[11\],7.64µm
u_ibex_top.u_ibex_core.cs_registers_i.mscratch_q\[22\],7.64µm
u_ibex_top.u_ibex_core.if_stage_i.gen_prefetch_buffer.prefetch_buffer_i.fifo_i.rdata_q\[66\],7.64µm
u_ibex_top.u_ibex_core.if_stage_i.gen_prefetch_buffer.prefetch_buffer_i.stored_addr_q\[10\],7.64µm
net3041,7.64µm
net3244,7.64µm
_01414_,7.62µm
_03767_,7.62µm
_04529_,7.62µm
_09294_,7.62µm
_01767_,7.605µm
_00255_,7.6µm
_00534_,7.6µm
_00590_,7.6µm
_00763_,7.6µm
_00801_,7.6µm
_01047_,7.6µm
_01430_,7.6µm
_01701_,7.6µm
_02582_,7.6µm
_02770_,7.6µm
_02861_,7.6µm
_02933_,7.6µm
_03965_,7.6µm
_04629_,7.6µm
_05283_,7.6µm
_06851_,7.6µm
_08446_,7.6µm
_08688_,7.6µm
_08944_,7.6µm
_09270_,7.6µm
_02406_,7.59µm
_09119_,7.59µm
net4294,7.585µm
_01956_,7.58µm
_03624_,7.58µm
_04880_,7.58µm
_06320_,7.58µm
_06942_,7.58µm
_07747_,7.58µm
_07929_,7.58µm
_08718_,7.58µm
u_ibex_top.u_ibex_core.cs_registers_i.mscratch_q\[17\],7.58µm
_07857_,7.57µm
_00318_,7.56µm
_00387_,7.56µm
_00669_,7.56µm
_00935_,7.56µm
_01098_,7.56µm
_01188_,7.56µm
_01257_,7.56µm
_01459_,7.56µm
_02270_,7.56µm
_03683_,7.56µm
_04278_,7.56µm
_04463_,7.56µm
_04760_,7.56µm
_04817_,7.56µm
_05954_,7.56µm
_06962_,7.56µm
_07803_,7.56µm
_08009_,7.56µm
_08630_,7.56µm
_08846_,7.56µm
net1269,7.56µm
net2716,7.56µm
net2816,7.56µm
net3117,7.56µm
net3129,7.56µm
net3139,7.56µm
net3184,7.56µm
net3207,7.56µm
net3378,7.56µm
net3398,7.56µm
net3436,7.56µm
net3610,7.56µm
net3710,7.56µm
net3956,7.56µm
net4036,7.56µm
net4056,7.56µm
net4224,7.56µm
net4299,7.56µm
net4347,7.56µm
net4348,7.56µm
_02055_,7.54µm
_02883_,7.54µm
_03061_,7.54µm
_05570_,7.54µm
_06185_,7.54µm
_09456_,7.54µm
u_ibex_top.u_ibex_core.id_stage_i.controller_i.ctrl_fsm_cs\[5\],7.54µm
_00911_,7.525µm
_01513_,7.525µm
_01646_,7.525µm
u_ibex_top.crash_dump_o\[16\],7.525µm
_02209_,7.52µm
_02369_,7.52µm
_02842_,7.52µm
_02860_,7.52µm
_03769_,7.52µm
_04308_,7.52µm
_04325_,7.52µm
_04549_,7.52µm
_04705_,7.52µm
_04800_,7.52µm
_04853_,7.52µm
_04890_,7.52µm
_05413_,7.52µm
_05543_,7.52µm
_06086_,7.52µm
_06546_,7.52µm
_08168_,7.52µm
_08177_,7.52µm
_08491_,7.52µm
_08703_,7.52µm
_08910_,7.52µm
_08981_,7.52µm
_09604_,7.52µm
_09623_,7.52µm
_09750_,7.52µm
net3046,7.52µm
net3785,7.52µm
_02001_,7.5µm
_04543_,7.5µm
_05651_,7.5µm
_05713_,7.5µm
_07192_,7.5µm
_07586_,7.5µm
net4325,7.485µm
_00222_,7.48µm
_03013_,7.48µm
_04018_,7.48µm
_04403_,7.48µm
_04644_,7.48µm
_06238_,7.48µm
_06314_,7.48µm
_07029_,7.48µm
_07363_,7.48µm
_07471_,7.48µm
_07822_,7.48µm
_08577_,7.48µm
_02622_,7.46µm
_04910_,7.46µm
_08727_,7.46µm
_09400_,7.46µm
net2849,7.46µm
net2972,7.46µm
net3019,7.46µm
net3115,7.46µm
net3133,7.46µm
net3147,7.46µm
net3256,7.46µm
net3380,7.46µm
net3558,7.46µm
net3829,7.46µm
net4015,7.46µm
net4127,7.46µm
net4247,7.46µm
net4418,7.46µm
net4425,7.46µm
_00190_,7.445µm
_00359_,7.445µm
_01716_,7.445µm
_03100_,7.445µm
net2736,7.445µm
_02064_,7.44µm
_02536_,7.44µm
_02925_,7.44µm
_02939_,7.44µm
_03168_,7.44µm
_04169_,7.44µm
_04364_,7.44µm
_06072_,7.44µm
_06179_,7.44µm
_06905_,7.44µm
_07964_,7.44µm
_08843_,7.44µm
_09034_,7.44µm
_09244_,7.44µm
net2706,7.44µm
net2798,7.44µm
net3697,7.44µm
net3899,7.44µm
net4337,7.44µm
_05101_,7.43µm
_03865_,7.42µm
_03982_,7.42µm
_04769_,7.42µm
_07279_,7.42µm
_09706_,7.42µm
u_ibex_top.gen_regfile_ff.register_file_i.g_plain_rf.g_rf_flops\[4\].rf_reg_q\[16\],7.42µm
u_ibex_top.u_ibex_core.ex_block_i.gen_multdiv_fast.multdiv_i.op_numerator_q\[14\],7.42µm
net3269,7.42µm
net3374,7.42µm
net3575,7.42µm
net4288,7.42µm
_00339_,7.4µm
_01479_,7.4µm
_02126_,7.4µm
_02339_,7.4µm
_02916_,7.4µm
_03483_,7.4µm
_03514_,7.4µm
_03535_,7.4µm
_03554_,7.4µm
_03580_,7.4µm
_07970_,7.4µm
_08472_,7.4µm
_08955_,7.4µm
_09147_,7.4µm
_09313_,7.4µm
_09351_,7.4µm
data_we_o,7.39µm
_00629_,7.385µm
_01125_,7.38µm
_03739_,7.38µm
_04211_,7.38µm
_04899_,7.38µm
_06189_,7.38µm
_06272_,7.38µm
_09497_,7.38µm
_09104_,7.37µm
_06290_,7.36µm
net2754,7.36µm
net3513,7.36µm
net3624,7.36µm
net3643,7.36µm
net3809,7.36µm
net3959,7.36µm
net4280,7.36µm
net4289,7.36µm
net4369,7.36µm
_03682_,7.35µm
_04796_,7.35µm
_00994_,7.34µm
_03142_,7.34µm
_05216_,7.34µm
_05405_,7.34µm
_07509_,7.34µm
_09689_,7.34µm
net2899,7.34µm
net2951,7.34µm
net3336,7.34µm
net3800,7.34µm
net3853,7.34µm
_06097_,7.335µm
_09782_,7.33µm
_07659_,7.325µm
_02638_,7.32µm
_02754_,7.32µm
_02912_,7.32µm
_03783_,7.32µm
_03792_,7.32µm
_04186_,7.32µm
_04688_,7.32µm
_04812_,7.32µm
_05015_,7.32µm
_08023_,7.32µm
_08707_,7.32µm
_09306_,7.32µm
net2852,7.32µm
_00253_,7.3µm
_00447_,7.3µm
_00584_,7.3µm
_00626_,7.3µm
_00700_,7.3µm
_00873_,7.3µm
_02738_,7.3µm
_04961_,7.3µm
_07229_,7.3µm
_09176_,7.3µm
net2964,7.3µm
net3880,7.3µm
_00882_,7.285µm
_01694_,7.285µm
_01545_,7.28µm
_02591_,7.28µm
_02656_,7.28µm
_04969_,7.28µm
_05559_,7.28µm
_05862_,7.28µm
_07700_,7.28µm
_08479_,7.28µm
_08898_,7.28µm
_09017_,7.28µm
_09770_,7.28µm
u_ibex_top.u_ibex_core.cs_registers_i.dscratch0_q\[17\],7.28µm
_01759_,7.275µm
_00225_,7.26µm
_00244_,7.26µm
_00277_,7.26µm
_00311_,7.26µm
_00320_,7.26µm
_00366_,7.26µm
_00441_,7.26µm
_00520_,7.26µm
_01079_,7.26µm
_01361_,7.26µm
_02216_,7.25µm
_02613_,7.24µm
_03567_,7.24µm
_03912_,7.24µm
_06411_,7.24µm
_07454_,7.24µm
_07891_,7.24µm
_08069_,7.24µm
_09175_,7.24µm
_09815_,7.24µm
u_ibex_top.u_ibex_core.ex_block_i.gen_multdiv_fast.multdiv_i.op_numerator_q\[13\],7.24µm
net3130,7.24µm
net3202,7.24µm
net3650,7.24µm
net4373,7.24µm
_09247_,7.225µm
_00243_,7.22µm
_00439_,7.22µm
_00608_,7.22µm
_00947_,7.22µm
_00987_,7.22µm
_01204_,7.22µm
_01740_,7.22µm
_02829_,7.22µm
_02888_,7.22µm
_03583_,7.22µm
_03693_,7.22µm
_06200_,7.22µm
_07968_,7.22µm
_08052_,7.22µm
_08820_,7.22µm
u_ibex_top.u_ibex_core.id_stage_i.controller_i.instr_compressed_i\[12\],7.22µm
net2734,7.22µm
net3017,7.22µm
net3716,7.22µm
net3803,7.22µm
net3991,7.22µm
net4175,7.22µm
net4263,7.22µm
net4271,7.22µm
_04195_,7.21µm
_02095_,7.2µm
_02714_,7.2µm
_03635_,7.2µm
_06035_,7.2µm
_06790_,7.2µm
_07993_,7.2µm
_08297_,7.2µm
_08742_,7.2µm
_09331_,7.2µm
_09810_,7.2µm
u_ibex_top.u_ibex_core.ex_block_i.gen_multdiv_fast.multdiv_i.op_numerator_q\[9\],7.2µm
_00025_,7.18µm
_00114_,7.18µm
_00119_,7.18µm
_00334_,7.18µm
_00454_,7.18µm
_00508_,7.18µm
_00511_,7.18µm
_00735_,7.18µm
_00777_,7.18µm
_00827_,7.18µm
_00834_,7.18µm
_00845_,7.18µm
_00979_,7.18µm
_01150_,7.18µm
_01456_,7.18µm
_01524_,7.18µm
_01698_,7.18µm
_01932_,7.18µm
_03121_,7.18µm
_04152_,7.18µm
_04735_,7.18µm
_05133_,7.18µm
_05230_,7.18µm
_06786_,7.18µm
_07111_,7.18µm
_07450_,7.18µm
_07507_,7.18µm
_07783_,7.18µm
_07845_,7.18µm
_09513_,7.18µm
u_ibex_top.gen_regfile_ff.register_file_i.g_plain_rf.g_rf_flops\[2\].rf_reg_q\[12\],7.18µm
u_ibex_top.u_ibex_core.cs_registers_i.dscratch0_q\[6\],7.18µm
u_ibex_top.u_ibex_core.if_stage_i.gen_prefetch_buffer.prefetch_buffer_i.fifo_i.err_q\[2\],7.18µm
u_ibex_top.u_ibex_core.if_stage_i.gen_prefetch_buffer.prefetch_buffer_i.fifo_i.rdata_q\[68\],7.18µm
u_ibex_top.u_ibex_core.if_stage_i.gen_prefetch_buffer.prefetch_buffer_i.fifo_i.rdata_q\[87\],7.18µm
net2874,7.18µm
net3107,7.18µm
net3971,7.18µm
u_ibex_top.u_ibex_core.cs_registers_i.dscratch1_q\[12\],7.165µm
_00951_,7.16µm
_01484_,7.16µm
_02132_,7.16µm
_02935_,7.16µm
_08084_,7.16µm
_08461_,7.16µm
u_ibex_top.u_ibex_core.cs_registers_i.mscratch_q\[1\],7.16µm
_03081_,7.14µm
_03645_,7.14µm
_03763_,7.14µm
_06085_,7.14µm
_07796_,7.14µm
_08893_,7.13µm
_01938_,7.12µm
_05109_,7.12µm
_05576_,7.12µm
_05706_,7.12µm
_07772_,7.12µm
net2893,7.12µm
net2907,7.12µm
_05339_,7.115µm
_02447_,7.11µm
_01780_,7.105µm
_08501_,7.105µm
_00664_,7.1µm
_00841_,7.1µm
_01133_,7.1µm
_01342_,7.1µm
_03500_,7.1µm
_03608_,7.1µm
_03929_,7.1µm
_04087_,7.1µm
_04340_,7.1µm
_05923_,7.1µm
_07095_,7.1µm
_08226_,7.1µm
_08517_,7.1µm
_08760_,7.1µm
_09252_,7.1µm
_09506_,7.1µm
u_ibex_top.u_ibex_core.cs_registers_i.dscratch0_q\[21\],7.1µm
net257,7.1µm
net2845,7.1µm
net2930,7.1µm
net3037,7.1µm
net3350,7.1µm
net3400,7.1µm
net3555,7.1µm
net3601,7.1µm
net3806,7.1µm
net3903,7.1µm
net4204,7.1µm
_04268_,7.095µm
_06070_,7.085µm
_01043_,7.08µm
_01086_,7.08µm
_09460_,7.08µm
_09700_,7.08µm
_00106_,7.06µm
_00240_,7.06µm
_00594_,7.06µm
_00766_,7.06µm
_01945_,7.06µm
_02016_,7.06µm
_02131_,7.06µm
_02717_,7.06µm
_03513_,7.06µm
_03568_,7.06µm
_03573_,7.06µm
_03728_,7.06µm
_04711_,7.06µm
_04754_,7.06µm
_04901_,7.06µm
_05178_,7.06µm
_05254_,7.06µm
_05269_,7.06µm
_05388_,7.06µm
_05399_,7.06µm
_05485_,7.06µm
_05738_,7.06µm
_05801_,7.06µm
_05852_,7.06µm
_06148_,7.06µm
_06271_,7.06µm
_06910_,7.06µm
_07231_,7.06µm
_07506_,7.06µm
_07661_,7.06µm
_07885_,7.06µm
_07979_,7.06µm
_09129_,7.06µm
_09151_,7.06µm
_09450_,7.06µm
_09557_,7.06µm
_09662_,7.06µm
_09758_,7.06µm
net3850,7.06µm
net4071,7.06µm
net4276,7.06µm
data_addr_o[11],7.05µm
data_addr_o[12],7.05µm
data_addr_o[15],7.05µm
data_addr_o[16],7.05µm
data_addr_o[19],7.05µm
data_addr_o[20],7.05µm
data_addr_o[23],7.05µm
data_addr_o[24],7.05µm
data_addr_o[27],7.05µm
data_addr_o[28],7.05µm
data_addr_o[31],7.05µm
data_addr_o[4],7.05µm
data_addr_o[7],7.05µm
data_addr_o[8],7.05µm
data_be_o[0],7.05µm
data_req_o,7.05µm
data_wdata_o[0],7.05µm
data_wdata_o[12],7.05µm
data_wdata_o[15],7.05µm
data_wdata_o[16],7.05µm
data_wdata_o[19],7.05µm
data_wdata_o[20],7.05µm
data_wdata_o[23],7.05µm
data_wdata_o[24],7.05µm
data_wdata_o[31],7.05µm
data_wdata_o[4],7.05µm
data_wdata_o[7],7.05µm
data_wdata_o[8],7.05µm
_02508_,7.04µm
_02816_,7.04µm
_03817_,7.04µm
_04855_,7.04µm
_05520_,7.04µm
_06603_,7.04µm
_07332_,7.04µm
_08754_,7.035µm
u_ibex_top.u_ibex_core.cs_registers_i.dscratch1_q\[8\],7.035µm
_00630_,7.025µm
_01627_,7.025µm
_05572_,7µm
_07748_,7µm
_08608_,7µm
net2731,7µm
net2839,7µm
net2973,7µm
net3022,7µm
net3023,7µm
net3029,7µm
net3087,7µm
net3192,7µm
net3205,7µm
net3492,7µm
net3545,7µm
net3562,7µm
net3617,7µm
net3619,7µm
net3641,7µm
net3683,7µm
net3886,7µm
net3904,7µm
net3979,7µm
net4125,7µm
net4191,7µm
net4219,7µm
net4283,7µm
_00040_,6.98µm
_01096_,6.98µm
_02397_,6.98µm
_02731_,6.98µm
_03012_,6.98µm
_03787_,6.98µm
_04816_,6.98µm
_07935_,6.98µm
_08586_,6.98µm
_08772_,6.98µm
_09329_,6.98µm
u_ibex_top.u_ibex_core.cs_registers_i.mstack_epc_q\[13\],6.98µm
u_ibex_top.u_ibex_core.id_stage_i.branch_jump_set_done_q,6.98µm
net1080,6.98µm
net3281,6.98µm
net3291,6.98µm
net3688,6.98µm
net3779,6.98µm
net3935,6.98µm
_06996_,6.975µm
_01786_,6.96µm
_01822_,6.96µm
_02049_,6.96µm
_05021_,6.96µm
_05714_,6.96µm
_05791_,6.96µm
_09066_,6.96µm
_09505_,6.96µm
u_ibex_top.u_ibex_core.ex_block_i.gen_multdiv_fast.multdiv_i.op_quotient_q\[10\],6.96µm
net3766,6.96µm
net3843,6.96µm
net4295,6.96µm
net4300,6.96µm
_07724_,6.945µm
_00524_,6.94µm
_00842_,6.94µm
_00910_,6.94µm
_00982_,6.94µm
_02121_,6.94µm
_02188_,6.94µm
_02310_,6.94µm
_03221_,6.94µm
_05473_,6.94µm
_05595_,6.94µm
_06023_,6.94µm
_06321_,6.94µm
_08006_,6.94µm
_08066_,6.94µm
_08552_,6.94µm
_09359_,6.94µm
_09694_,6.94µm
u_ibex_top.u_ibex_core.if_stage_i.gen_prefetch_buffer.prefetch_buffer_i.fifo_i.rdata_q\[0\],6.94µm
_00892_,6.925µm
_03874_,6.92µm
_05587_,6.92µm
_05729_,6.92µm
_05957_,6.92µm
_07101_,6.92µm
net3114,6.92µm
net3671,6.92µm
net4064,6.92µm
_09203_,6.91µm
_02679_,6.9µm
_04066_,6.9µm
_04674_,6.9µm
_04989_,6.9µm
u_ibex_top.u_ibex_core.ex_block_i.gen_multdiv_fast.multdiv_i.op_quotient_q\[2\],6.9µm
net3151,6.9µm
net3285,6.9µm
net3288,6.9µm
net3347,6.9µm
net3441,6.9µm
net3442,6.9µm
net3477,6.9µm
net3543,6.9µm
net3733,6.9µm
net3763,6.9µm
net3906,6.9µm
net3919,6.9µm
net4060,6.9µm
net4090,6.9µm
net4173,6.9µm
net4202,6.9µm
net4334,6.9µm
_01761_,6.885µm
_06174_,6.885µm
net2851,6.885µm
_00543_,6.88µm
_00946_,6.88µm
_01118_,6.88µm
_01122_,6.88µm
_01148_,6.88µm
_02465_,6.88µm
_04582_,6.88µm
u_ibex_top.u_ibex_core.cs_registers_i.mscratch_q\[13\],6.88µm
net3241,6.88µm
net3407,6.88µm
net3438,6.88µm
net3462,6.88µm
net3813,6.88µm
_08131_,6.875µm
_05654_,6.87µm
_08035_,6.87µm
net2676,6.87µm
_00784_,6.865µm
_00502_,6.86µm
_00666_,6.86µm
_02815_,6.86µm
_03510_,6.86µm
_05838_,6.86µm
_07581_,6.86µm
_07794_,6.86µm
_08930_,6.86µm
_08968_,6.86µm
net3831,6.86µm
net4142,6.86µm
u_ibex_top.u_ibex_core.ex_block_i.alu_i.g_no_alu_rvb.unused_imd_val_q\[8\],6.855µm
instr_rdata_i[22],6.85µm
instr_rdata_i[25],6.85µm
_01757_,6.845µm
_00154_,6.84µm
_00851_,6.84µm
_01163_,6.84µm
_01238_,6.84µm
_01267_,6.84µm
_01297_,6.84µm
_02548_,6.84µm
_02584_,6.84µm
_04248_,6.84µm
_07513_,6.84µm
u_ibex_top.u_ibex_core.cs_registers_i.mscratch_q\[0\],6.84µm
net1067,6.84µm
_01230_,6.82µm
_01604_,6.82µm
_03474_,6.82µm
_05658_,6.82µm
_07584_,6.82µm
_08442_,6.82µm
_08669_,6.82µm
u_ibex_top.u_ibex_core.id_stage_i.controller_i.ctrl_fsm_cs\[3\],6.82µm
_08389_,6.81µm
_01700_,6.805µm
_00197_,6.8µm
_00331_,6.8µm
_00563_,6.8µm
_07580_,6.8µm
u_ibex_top.u_ibex_core.if_stage_i.gen_prefetch_buffer.prefetch_buffer_i.rdata_outstanding_s\[1\],6.8µm
net2989,6.8µm
_02275_,6.78µm
_02919_,6.78µm
_04447_,6.78µm
_04539_,6.78µm
_05012_,6.78µm
_06569_,6.78µm
_08525_,6.78µm
net3053,6.78µm
net3660,6.78µm
_03550_,6.77µm
_00162_,6.76µm
_00235_,6.76µm
_00537_,6.76µm
_00641_,6.76µm
_00894_,6.76µm
_00992_,6.76µm
_01146_,6.76µm
_01178_,6.76µm
_01218_,6.76µm
_01443_,6.76µm
_01486_,6.76µm
_02229_,6.76µm
_02517_,6.76µm
_02834_,6.76µm
_03319_,6.76µm
_04687_,6.76µm
_05077_,6.76µm
_05167_,6.76µm
_05403_,6.76µm
_05788_,6.76µm
_06157_,6.76µm
_06835_,6.76µm
_07200_,6.76µm
_07718_,6.76µm
_08008_,6.76µm
_08386_,6.76µm
_08485_,6.76µm
_09445_,6.76µm
u_ibex_top.u_ibex_core.id_stage_i.controller_i.do_single_step_q,6.76µm
u_ibex_top.u_ibex_core.if_stage_i.gen_prefetch_buffer.prefetch_buffer_i.stored_addr_q\[25\],6.76µm
u_ibex_top.u_ibex_core.load_store_unit_i.rdata_q\[10\],6.76µm
net2775,6.76µm
net3059,6.76µm
net3060,6.76µm
net3177,6.76µm
net3474,6.76µm
net3547,6.76µm
net3720,6.76µm
net3736,6.76µm
net4158,6.76µm
net4228,6.76µm
_04533_,6.75µm
_01546_,6.74µm
_02745_,6.74µm
_08805_,6.74µm
_09684_,6.74µm
_00116_,6.72µm
_00209_,6.72µm
_00316_,6.72µm
_00662_,6.72µm
_01170_,6.72µm
_01311_,6.72µm
_01418_,6.72µm
_01451_,6.72µm
_01910_,6.72µm
_02063_,6.72µm
_02184_,6.72µm
_02659_,6.72µm
_03322_,6.72µm
_03779_,6.72µm
_04269_,6.72µm
_05293_,6.72µm
_05656_,6.72µm
_06217_,6.72µm
_06678_,6.72µm
_07287_,6.72µm
_07511_,6.72µm
_08061_,6.72µm
_08133_,6.72µm
_08349_,6.72µm
_08449_,6.72µm
_08771_,6.72µm
_09443_,6.72µm
_09738_,6.72µm
u_ibex_top.gen_regfile_ff.register_file_i.g_plain_rf.g_rf_flops\[15\].rf_reg_q\[11\],6.72µm
u_ibex_top.u_ibex_core.cs_registers_i.debug_cause_i\[2\],6.72µm
u_ibex_top.u_ibex_core.if_stage_i.gen_prefetch_buffer.prefetch_buffer_i.branch_discard_s\[1\],6.72µm
u_ibex_top.u_ibex_core.if_stage_i.gen_prefetch_buffer.prefetch_buffer_i.stored_addr_q\[5\],6.72µm
_04381_,6.715µm
_00625_,6.7µm
_00786_,6.7µm
_01726_,6.7µm
_02819_,6.7µm
_06288_,6.7µm
_08380_,6.7µm
_09163_,6.7µm
_09530_,6.69µm
_06194_,6.665µm
_02000_,6.66µm
_02160_,6.66µm
_02345_,6.66µm
_02435_,6.66µm
_04043_,6.66µm
_05289_,6.66µm
_05527_,6.66µm
_05720_,6.66µm
_06589_,6.66µm
u_ibex_top.crash_dump_o\[23\],6.66µm
u_ibex_top.u_ibex_core.cs_registers_i.mscratch_q\[19\],6.66µm
_01686_,6.645µm
_08741_,6.645µm
_09051_,6.645µm
_00032_,6.64µm
_00202_,6.64µm
_00965_,6.64µm
_01724_,6.64µm
_02100_,6.64µm
_02410_,6.64µm
_03790_,6.64µm
_03880_,6.64µm
_04982_,6.64µm
_05123_,6.64µm
_05904_,6.64µm
_06090_,6.64µm
_06475_,6.64µm
_06547_,6.64µm
_07760_,6.64µm
_07992_,6.64µm
_08161_,6.64µm
_08184_,6.64µm
_08494_,6.64µm
_08801_,6.64µm
_09214_,6.64µm
_09246_,6.64µm
_09292_,6.64µm
_09370_,6.64µm
_09523_,6.64µm
u_ibex_top.u_ibex_core.if_stage_i.gen_prefetch_buffer.prefetch_buffer_i.fifo_i.rdata_q\[88\],6.64µm
net3452,6.64µm
net3890,6.64µm
net4285,6.64µm
_08095_,6.63µm
_01652_,6.625µm
_00071_,6.62µm
_00180_,6.62µm
_00302_,6.62µm
_01252_,6.62µm
_04954_,6.62µm
_09613_,6.62µm
u_ibex_top.u_ibex_core.if_stage_i.gen_prefetch_buffer.prefetch_buffer_i.fifo_i.rdata_q\[58\],6.62µm
u_ibex_top.u_ibex_core.if_stage_i.gen_prefetch_buffer.prefetch_buffer_i.stored_addr_q\[27\],6.62µm
_00493_,6.605µm
_00755_,6.605µm
_00906_,6.605µm
_01280_,6.605µm
_05273_,6.605µm
_00018_,6.6µm
_00104_,6.6µm
_01588_,6.6µm
_01933_,6.6µm
_02067_,6.6µm
_02211_,6.6µm
_02390_,6.6µm
_02605_,6.6µm
_02687_,6.6µm
_02750_,6.6µm
_02826_,6.6µm
_03548_,6.6µm
_04555_,6.6µm
_04923_,6.6µm
_04924_,6.6µm
_05000_,6.6µm
_05598_,6.6µm
_05604_,6.6µm
_06211_,6.6µm
_06429_,6.6µm
_06532_,6.6µm
_07011_,6.6µm
_07136_,6.6µm
_07285_,6.6µm
_07390_,6.6µm
_07722_,6.6µm
_08932_,6.6µm
_09124_,6.6µm
_09468_,6.6µm
_09472_,6.6µm
u_ibex_top.crash_dump_o\[3\],6.6µm
u_ibex_top.u_ibex_core.cs_registers_i.dscratch1_q\[18\],6.6µm
u_ibex_top.u_ibex_core.cs_registers_i.mstack_cause_q\[2\],6.6µm
net4360,6.6µm
_02946_,6.59µm
_02609_,6.58µm
_03050_,6.58µm
_03791_,6.58µm
_05460_,6.58µm
_06985_,6.58µm
_07291_,6.58µm
_07577_,6.58µm
_08759_,6.58µm
_00709_,6.565µm
_03463_,6.54µm
_06156_,6.54µm
_07481_,6.54µm
_07516_,6.54µm
_07538_,6.54µm
net2752,6.54µm
net2803,6.54µm
net2953,6.54µm
net2962,6.54µm
net2966,6.54µm
net3021,6.54µm
net3065,6.54µm
net3251,6.54µm
net3268,6.54µm
net3292,6.54µm
net3371,6.54µm
net3458,6.54µm
net3463,6.54µm
net3486,6.54µm
net3535,6.54µm
net3584,6.54µm
net3653,6.54µm
net3689,6.54µm
net3696,6.54µm
net3905,6.54µm
net3948,6.54µm
net4083,6.54µm
net4119,6.54µm
net4148,6.54µm
net4278,6.54µm
net4286,6.54µm
net4305,6.54µm
_04228_,6.53µm
_09049_,6.53µm
net4310,6.525µm
_02176_,6.52µm
_03670_,6.52µm
_03832_,6.52µm
_04701_,6.52µm
_04909_,6.52µm
_06605_,6.52µm
_06880_,6.52µm
_07351_,6.52µm
_08027_,6.52µm
_08287_,6.52µm
_09646_,6.52µm
u_ibex_top.u_ibex_core.cs_registers_i.mstack_epc_q\[12\],6.52µm
net2763,6.52µm
net3457,6.52µm
net4183,6.52µm
_03900_,6.5µm
_06202_,6.5µm
net3611,6.5µm
_07825_,6.485µm
_00144_,6.48µm
_00151_,6.48µm
_00399_,6.48µm
_00404_,6.48µm
_00618_,6.48µm
_00932_,6.48µm
_00955_,6.48µm
_02358_,6.48µm
_02732_,6.48µm
_03443_,6.48µm
_03689_,6.48µm
_04627_,6.48µm
_05943_,6.48µm
_06586_,6.48µm
_06614_,6.48µm
_07190_,6.48µm
_08369_,6.48µm
_08463_,6.48µm
_08939_,6.48µm
_09596_,6.48µm
u_ibex_top.u_ibex_core.ex_block_i.gen_multdiv_fast.multdiv_i.op_quotient_q\[15\],6.48µm
net2819,6.48µm
net3343,6.48µm
net3387,6.48µm
net3883,6.48µm
_05593_,6.475µm
_01735_,6.465µm
_05999_,6.46µm
_03922_,6.44µm
_05895_,6.44µm
_06718_,6.44µm
net2881,6.44µm
net2882,6.44µm
net2884,6.44µm
net2886,6.44µm
net2890,6.44µm
net2892,6.44µm
net2896,6.44µm
net2916,6.44µm
net2933,6.44µm
net3016,6.44µm
net3113,6.44µm
net3203,6.44µm
net3385,6.44µm
net3408,6.44µm
net3412,6.44µm
net3532,6.44µm
net3554,6.44µm
net3663,6.44µm
net3750,6.44µm
net3795,6.44µm
net3805,6.44µm
net3821,6.44µm
net3832,6.44µm
net3838,6.44µm
net3968,6.44µm
net3976,6.44µm
net4024,6.44µm
net4105,6.44µm
net4140,6.44µm
net4174,6.44µm
net4201,6.44µm
net4214,6.44µm
net4324,6.44µm
net4342,6.44µm
net4356,6.44µm
net4380,6.44µm
net4387,6.44µm
net4388,6.44µm
_00349_,6.425µm
_01788_,6.425µm
_00401_,6.42µm
_00740_,6.42µm
_00742_,6.42µm
_00772_,6.42µm
_01054_,6.42µm
_01344_,6.42µm
_01351_,6.42µm
_02668_,6.42µm
_03598_,6.42µm
_05906_,6.42µm
_06002_,6.42µm
net2920,6.42µm
net2986,6.42µm
net2998,6.42µm
net3632,6.42µm
net3755,6.42µm
net3854,6.42µm
_05740_,6.405µm
u_ibex_top.u_ibex_core.ex_block_i.alu_i.g_no_alu_rvb.unused_imd_val_q\[9\],6.405µm
_02137_,6.4µm
_03077_,6.4µm
_03549_,6.4µm
_04318_,6.4µm
_06285_,6.4µm
_07373_,6.4µm
_08377_,6.4µm
_08680_,6.4µm
_08808_,6.4µm
_09658_,6.4µm
u_ibex_top.u_ibex_core.if_stage_i.gen_prefetch_buffer.prefetch_buffer_i.fifo_i.rdata_q\[52\],6.4µm
u_ibex_top.u_ibex_core.if_stage_i.gen_prefetch_buffer.prefetch_buffer_i.fifo_i.valid_d\[1\],6.4µm
u_ibex_top.u_ibex_core.if_stage_i.gen_prefetch_buffer.prefetch_buffer_i.stored_addr_q\[30\],6.4µm
_00059_,6.38µm
_00097_,6.38µm
_00170_,6.38µm
_00418_,6.38µm
_00445_,6.38µm
_00450_,6.38µm
_00509_,6.38µm
_00576_,6.38µm
_00605_,6.38µm
_00774_,6.38µm
_00937_,6.38µm
_01495_,6.38µm
_01506_,6.38µm
_01530_,6.38µm
_01552_,6.38µm
_02318_,6.38µm
_04528_,6.38µm
_05465_,6.38µm
_07267_,6.38µm
_08993_,6.38µm
u_ibex_top.u_ibex_core.ex_block_i.gen_multdiv_fast.multdiv_i.op_quotient_q\[25\],6.38µm
net2956,6.38µm
net3390,6.38µm
_01585_,6.36µm
_02512_,6.36µm
_02683_,6.36µm
_05141_,6.36µm
_05154_,6.36µm
_05617_,6.36µm
_06779_,6.36µm
_08130_,6.36µm
_09725_,6.36µm
u_ibex_top.u_ibex_core.cs_registers_i.mscratch_q\[6\],6.36µm
u_ibex_top.u_ibex_core.ex_block_i.gen_multdiv_fast.multdiv_i.op_quotient_q\[30\],6.36µm
_00198_,6.32µm
_00210_,6.32µm
_00405_,6.32µm
_00556_,6.32µm
_01072_,6.32µm
_01287_,6.32µm
_01343_,6.32µm
_02651_,6.32µm
_03003_,6.32µm
_03159_,6.32µm
_04212_,6.32µm
_05475_,6.32µm
_06394_,6.32µm
_06829_,6.32µm
_08123_,6.32µm
_08215_,6.32µm
_09209_,6.32µm
net2949,6.32µm
net3299,6.32µm
net3914,6.32µm
net4261,6.32µm
net4401,6.32µm
_00108_,6.3µm
_01007_,6.3µm
_01172_,6.3µm
_01359_,6.3µm
_01436_,6.3µm
_01582_,6.3µm
_03445_,6.3µm
_03605_,6.3µm
_04064_,6.3µm
_04451_,6.3µm
_04538_,6.3µm
_04581_,6.3µm
_04651_,6.3µm
_05723_,6.3µm
_06304_,6.3µm
_07019_,6.3µm
_07486_,6.3µm
_07669_,6.3µm
_07951_,6.3µm
_08475_,6.3µm
_09389_,6.3µm
u_ibex_top.gen_regfile_ff.register_file_i.raddr_a_i\[4\],6.3µm
u_ibex_top.u_ibex_core.cs_registers_i.mstack_epc_q\[23\],6.3µm
net2744,6.3µm
net2813,6.3µm
net2818,6.3µm
net3143,6.3µm
net3341,6.3µm
net3487,6.3µm
net3944,6.3µm
net4066,6.3µm
_08787_,6.29µm
_02475_,6.28µm
_02734_,6.28µm
_05859_,6.28µm
_07020_,6.28µm
_07069_,6.28µm
_08626_,6.28µm
_00132_,6.265µm
_06173_,6.265µm
_00172_,6.26µm
_00417_,6.26µm
_00562_,6.26µm
_00587_,6.26µm
_00617_,6.26µm
_00931_,6.26µm
_01157_,6.26µm
_01270_,6.26µm
_01442_,6.26µm
_01512_,6.26µm
_02013_,6.26µm
_02045_,6.26µm
_02123_,6.26µm
_03065_,6.26µm
_03320_,6.26µm
_04188_,6.26µm
_04436_,6.26µm
_04786_,6.26µm
_05030_,6.26µm
_05055_,6.26µm
_05534_,6.26µm
_05730_,6.26µm
_05833_,6.26µm
_06233_,6.26µm
_06635_,6.26µm
_06854_,6.26µm
_06971_,6.26µm
_07479_,6.26µm
_08198_,6.26µm
_08729_,6.26µm
_08860_,6.26µm
_09657_,6.26µm
net120,6.26µm
u_ibex_top.u_ibex_core.cs_registers_i.dscratch0_q\[5\],6.26µm
u_ibex_top.u_ibex_core.cs_registers_i.dscratch1_q\[9\],6.26µm
u_ibex_top.u_ibex_core.id_stage_i.controller_i.instr_compressed_i\[1\],6.26µm
u_ibex_top.u_ibex_core.id_stage_i.controller_i.load_err_d,6.26µm
u_ibex_top.u_ibex_core.if_stage_i.gen_prefetch_buffer.prefetch_buffer_i.fifo_i.rdata_q\[76\],6.26µm
u_ibex_top.u_ibex_core.if_stage_i.gen_prefetch_buffer.prefetch_buffer_i.stored_addr_q\[31\],6.26µm
net921,6.26µm
net2860,6.26µm
net3794,6.26µm
net4426,6.26µm
_00531_,6.24µm
_00570_,6.24µm
_03633_,6.24µm
_05196_,6.24µm
_05978_,6.24µm
_08083_,6.24µm
_08284_,6.23µm
_02762_,6.2µm
_04537_,6.2µm
_08041_,6.2µm
_09125_,6.2µm
net2981,6.2µm
_01752_,6.185µm
_01852_,6.185µm
_05132_,6.185µm
_05378_,6.185µm
_00038_,6.18µm
_00340_,6.18µm
_00580_,6.18µm
_01060_,6.18µm
_01184_,6.18µm
_01240_,6.18µm
_01631_,6.18µm
_02915_,6.18µm
_02949_,6.18µm
_03481_,6.18µm
_03505_,6.18µm
_03812_,6.18µm
_03873_,6.18µm
_04797_,6.18µm
_04852_,6.18µm
_04936_,6.18µm
_05093_,6.18µm
_05207_,6.18µm
_05959_,6.18µm
_06861_,6.18µm
_06933_,6.18µm
_07058_,6.18µm
_07110_,6.18µm
_09223_,6.18µm
_09287_,6.18µm
_09447_,6.18µm
_09766_,6.18µm
u_ibex_top.gen_regfile_ff.register_file_i.waddr_a_i\[1\],6.18µm
u_ibex_top.u_ibex_core.cs_registers_i.dscratch1_q\[1\],6.18µm
u_ibex_top.u_ibex_core.if_stage_i.gen_prefetch_buffer.prefetch_buffer_i.stored_addr_q\[16\],6.18µm
net1275,6.18µm
net1847,6.18µm
net3342,6.18µm
net3382,6.18µm
net3958,6.18µm
net4091,6.18µm
net4131,6.18µm
net4147,6.18µm
net4203,6.18µm
net4245,6.18µm
_01751_,6.165µm
_00297_,6.16µm
_00497_,6.16µm
_01671_,6.16µm
_01923_,6.16µm
_03123_,6.16µm
_06128_,6.16µm
_06139_,6.16µm
_07841_,6.16µm
_08438_,6.16µm
_00003_,6.145µm
_00260_,6.145µm
_00312_,6.145µm
_00680_,6.145µm
_01084_,6.145µm
_00020_,6.14µm
_00867_,6.14µm
_02196_,6.14µm
_02408_,6.14µm
_02644_,6.14µm
_02767_,6.14µm
_03067_,6.14µm
_03090_,6.14µm
_03524_,6.14µm
_03733_,6.14µm
_03977_,6.14µm
_04175_,6.14µm
_04218_,6.14µm
_04624_,6.14µm
_05782_,6.14µm
_06131_,6.14µm
_06204_,6.14µm
_06294_,6.14µm
_06892_,6.14µm
_07155_,6.14µm
_07289_,6.14µm
_07357_,6.14µm
_07361_,6.14µm
_07369_,6.14µm
_07573_,6.14µm
_07583_,6.14µm
_08817_,6.14µm
_08863_,6.14µm
_09053_,6.14µm
_09115_,6.14µm
_09152_,6.14µm
_09187_,6.14µm
_09222_,6.14µm
u_ibex_top.u_ibex_core.cs_registers_i.mstack_q\[1\],6.14µm
u_ibex_top.u_ibex_core.if_stage_i.gen_prefetch_buffer.prefetch_buffer_i.fifo_i.rdata_q\[18\],6.14µm
net2817,6.14µm
net3070,6.14µm
net3280,6.14µm
net4102,6.14µm
net4409,6.14µm
_02346_,6.125µm
_00698_,6.12µm
_03434_,6.12µm
_07003_,6.12µm
_03432_,6.09µm
_00098_,6.08µm
_01954_,6.08µm
_01999_,6.08µm
_02193_,6.08µm
_04935_,6.08µm
net2719,6.08µm
net2779,6.08µm
net3102,6.08µm
net3112,6.08µm
net3135,6.08µm
net3145,6.08µm
net3245,6.08µm
net3715,6.08µm
net3722,6.08µm
net3871,6.08µm
net3921,6.08µm
net3942,6.08µm
net4022,6.08µm
net4242,6.08µm
net4252,6.08µm
net4296,6.08µm
_08848_,6.07µm
u_ibex_top.gen_regfile_ff.register_file_i.g_plain_rf.g_rf_flops\[3\].rf_reg_q\[0\],6.065µm
u_ibex_top.u_ibex_core.ex_block_i.gen_multdiv_fast.multdiv_i.op_numerator_q\[7\],6.065µm
_00844_,6.06µm
_01081_,6.06µm
_01288_,6.06µm
_01435_,6.06µm
_02498_,6.06µm
_02579_,6.06µm
_02823_,6.06µm
_02968_,6.06µm
_03124_,6.06µm
_03477_,6.06µm
_03782_,6.06µm
_04336_,6.06µm
_05251_,6.06µm
_05541_,6.06µm
_05547_,6.06µm
_06168_,6.06µm
_06234_,6.06µm
_06427_,6.06µm
_09045_,6.06µm
_09215_,6.06µm
u_ibex_top.u_ibex_core.cs_registers_i.dscratch1_q\[4\],6.06µm
u_ibex_top.u_ibex_core.if_stage_i.gen_prefetch_buffer.prefetch_buffer_i.stored_addr_q\[23\],6.06µm
net1396,6.06µm
_00920_,6.04µm
_01024_,6.04µm
_01777_,6.04µm
_02704_,6.04µm
_02727_,6.04µm
_03715_,6.04µm
_03828_,6.04µm
_03916_,6.04µm
_04638_,6.04µm
_05035_,6.04µm
_06326_,6.04µm
_08474_,6.04µm
_09012_,6.04µm
net133,6.04µm
u_ibex_top.u_ibex_core.cs_registers_i.mscratch_q\[14\],6.04µm
net2970,6.04µm
_07588_,6.035µm
_00070_,6.025µm
_02463_,6.025µm
_00256_,6.02µm
_00346_,6.02µm
_00357_,6.02µm
_00487_,6.02µm
_00553_,6.02µm
_00646_,6.02µm
_00661_,6.02µm
_00871_,6.02µm
_01004_,6.02µm
_01377_,6.02µm
_02376_,6.02µm
_02783_,6.02µm
_03298_,6.02µm
_03440_,6.02µm
_03490_,6.02µm
_03572_,6.02µm
_03681_,6.02µm
_03899_,6.02µm
_04422_,6.02µm
_05180_,6.02µm
_06153_,6.02µm
_06919_,6.02µm
_08265_,6.02µm
_09030_,6.02µm
_09052_,6.02µm
_09240_,6.02µm
_09440_,6.02µm
_09735_,6.02µm
_09821_,6.02µm
u_ibex_top.u_ibex_core.if_stage_i.gen_prefetch_buffer.prefetch_buffer_i.fifo_i.rdata_q\[75\],6.02µm
_00837_,6.005µm
_01000_,6.005µm
_01527_,5.985µm
_01563_,5.985µm
_03288_,5.98µm
_04768_,5.98µm
_04836_,5.98µm
_05020_,5.98µm
_05302_,5.98µm
_05614_,5.98µm
_07833_,5.98µm
net2713,5.98µm
net2715,5.98µm
net2738,5.98µm
net2804,5.98µm
net2858,5.98µm
net2871,5.98µm
net2946,5.98µm
net2963,5.98µm
net3026,5.98µm
net3067,5.98µm
net3082,5.98µm
net3236,5.98µm
net3254,5.98µm
net3289,5.98µm
net3302,5.98µm
net3321,5.98µm
net3330,5.98µm
net3338,5.98µm
net3359,5.98µm
net3368,5.98µm
net3394,5.98µm
net3405,5.98µm
net3455,5.98µm
net3460,5.98µm
net3489,5.98µm
net3521,5.98µm
net3533,5.98µm
net3541,5.98µm
net3569,5.98µm
net3605,5.98µm
net3609,5.98µm
net3656,5.98µm
net3684,5.98µm
net3705,5.98µm
net3742,5.98µm
net3762,5.98µm
net3778,5.98µm
net3788,5.98µm
net3824,5.98µm
net3842,5.98µm
net3875,5.98µm
net3879,5.98µm
net3881,5.98µm
net3907,5.98µm
net3912,5.98µm
net3916,5.98µm
net3934,5.98µm
net3940,5.98µm
net4030,5.98µm
net4043,5.98µm
net4047,5.98µm
net4050,5.98µm
net4076,5.98µm
net4088,5.98µm
net4117,5.98µm
net4120,5.98µm
net4133,5.98µm
net4139,5.98µm
net4178,5.98µm
net4195,5.98µm
net4197,5.98µm
net4231,5.98µm
net4233,5.98µm
net4243,5.98µm
net4274,5.98µm
net4330,5.98µm
net4338,5.98µm
net4412,5.98µm
_00681_,5.96µm
_00916_,5.96µm
_01083_,5.96µm
_01164_,5.96µm
_01895_,5.96µm
_01903_,5.96µm
_04856_,5.96µm
net3471,5.96µm
net3835,5.96µm
_02317_,5.95µm
u_ibex_top.u_ibex_core.cs_registers_i.mscratch_q\[10\],5.945µm
_02394_,5.94µm
_02396_,5.94µm
_03489_,5.94µm
_03661_,5.94µm
_04759_,5.94µm
_08403_,5.94µm
_08809_,5.94µm
_08816_,5.94µm
_09076_,5.94µm
_09271_,5.94µm
_09534_,5.94µm
_09634_,5.94µm
u_ibex_top.u_ibex_core.ex_block_i.gen_multdiv_fast.multdiv_i.md_state_q\[5\],5.94µm
net1732,5.94µm
_00275_,5.92µm
_00307_,5.92µm
_00348_,5.92µm
_00448_,5.92µm
_00486_,5.92µm
_00551_,5.92µm
_00757_,5.92µm
_00775_,5.92µm
_00848_,5.92µm
_00923_,5.92µm
_00930_,5.92µm
_01009_,5.92µm
_01352_,5.92µm
_01419_,5.92µm
_01522_,5.92µm
_01547_,5.92µm
_01555_,5.92µm
_01898_,5.92µm
_01909_,5.92µm
_02691_,5.92µm
_09156_,5.92µm
u_ibex_top.u_ibex_core.if_stage_i.gen_prefetch_buffer.prefetch_buffer_i.branch_discard_s\[0\],5.92µm
net4307,5.92µm
_00085_,5.905µm
_00026_,5.9µm
_01210_,5.9µm
_01596_,5.9µm
net4314,5.9µm
_01773_,5.895µm
_07585_,5.895µm
net4279,5.885µm
_00400_,5.86µm
_00901_,5.86µm
_00912_,5.86µm
_03493_,5.86µm
_04282_,5.86µm
_04566_,5.86µm
_05528_,5.86µm
_05670_,5.86µm
net3090,5.86µm
net3293,5.86µm
net3308,5.86µm
net3804,5.86µm
net3811,5.86µm
net4312,5.86µm
net4392,5.86µm
_00069_,5.84µm
_00406_,5.84µm
_00423_,5.84µm
_00501_,5.84µm
_00565_,5.84µm
_01149_,5.84µm
_01173_,5.84µm
_01228_,5.84µm
_01417_,5.84µm
_01434_,5.84µm
_01891_,5.84µm
_01901_,5.84µm
_02355_,5.84µm
_02621_,5.84µm
_02960_,5.84µm
_03019_,5.84µm
_03047_,5.84µm
_04781_,5.84µm
_04931_,5.84µm
_05157_,5.84µm
_06040_,5.84µm
_06170_,5.84µm
_07098_,5.84µm
_07297_,5.84µm
_08342_,5.84µm
_08575_,5.84µm
u_ibex_top.u_ibex_core.ex_block_i.gen_multdiv_fast.multdiv_i.op_quotient_q\[20\],5.84µm
net1917,5.84µm
net2991,5.84µm
net3075,5.84µm
net3188,5.84µm
net3993,5.84µm
net4038,5.84µm
net4185,5.84µm
_07815_,5.825µm
_02720_,5.82µm
_03134_,5.82µm
_04085_,5.82µm
_04778_,5.82µm
_05384_,5.82µm
_06803_,5.82µm
_07024_,5.82µm
_07887_,5.82µm
_08321_,5.82µm
_00219_,5.8µm
_00375_,5.8µm
_00530_,5.8µm
_00627_,5.8µm
_00747_,5.8µm
_00854_,5.8µm
_00975_,5.8µm
_01017_,5.8µm
_01042_,5.8µm
_01329_,5.8µm
_01493_,5.8µm
_01507_,5.8µm
_02330_,5.8µm
_02822_,5.8µm
_03044_,5.8µm
_03109_,5.8µm
_03287_,5.8µm
_03751_,5.8µm
_03770_,5.8µm
_04987_,5.8µm
_06794_,5.8µm
_06830_,5.8µm
_09323_,5.8µm
_09373_,5.8µm
net121,5.8µm
u_ibex_top.u_ibex_core.cs_registers_i.dscratch0_q\[2\],5.8µm
u_ibex_top.u_ibex_core.cs_registers_i.mstack_epc_q\[15\],5.8µm
u_ibex_top.u_ibex_core.if_stage_i.gen_prefetch_buffer.prefetch_buffer_i.fifo_i.rdata_q\[35\],5.8µm
u_ibex_top.u_ibex_core.if_stage_i.gen_prefetch_buffer.prefetch_buffer_i.stored_addr_q\[24\],5.8µm
net3263,5.8µm
net3444,5.8µm
net3691,5.8µm
net3792,5.8µm
_00377_,5.78µm
_05605_,5.78µm
_00103_,5.775µm
_05064_,5.75µm
_03001_,5.74µm
_03476_,5.74µm
_04485_,5.74µm
_05851_,5.74µm
_06052_,5.74µm
_06509_,5.74µm
_07653_,5.74µm
_08414_,5.74µm
net3033,5.74µm
_01730_,5.725µm
_05831_,5.725µm
_00042_,5.72µm
_00402_,5.72µm
_00506_,5.72µm
_00671_,5.72µm
_01326_,5.72µm
_01642_,5.72µm
_02206_,5.72µm
_02307_,5.72µm
_02932_,5.72µm
_03317_,5.72µm
_03467_,5.72µm
_03547_,5.72µm
_03551_,5.72µm
_03594_,5.72µm
_04501_,5.72µm
_04813_,5.72µm
_04868_,5.72µm
_04917_,5.72µm
_05162_,5.72µm
_05568_,5.72µm
_05585_,5.72µm
_06868_,5.72µm
_06875_,5.72µm
_07015_,5.72µm
_07144_,5.72µm
_08599_,5.72µm
_08987_,5.72µm
_09655_,5.72µm
u_ibex_top.u_ibex_core.cs_registers_i.dscratch1_q\[22\],5.72µm
u_ibex_top.u_ibex_core.cs_registers_i.mstack_epc_q\[31\],5.72µm
u_ibex_top.u_ibex_core.cs_registers_i.mstack_epc_q\[6\],5.72µm
u_ibex_top.u_ibex_core.ex_block_i.gen_multdiv_fast.multdiv_i.op_numerator_q\[26\],5.72µm
u_ibex_top.u_ibex_core.ex_block_i.gen_multdiv_fast.multdiv_i.op_numerator_q\[8\],5.72µm
net1930,5.72µm
net3294,5.72µm
net4078,5.72µm
net4225,5.72µm
net4378,5.72µm
_01755_,5.705µm
_00328_,5.7µm
_01092_,5.7µm
_01682_,5.7µm
_02793_,5.7µm
_01224_,5.68µm
_02820_,5.68µm
_03091_,5.68µm
_03300_,5.68µm
_03424_,5.68µm
_03502_,5.68µm
_03723_,5.68µm
_03788_,5.68µm
_05338_,5.68µm
_05471_,5.68µm
_05542_,5.68µm
_05665_,5.68µm
_05839_,5.68µm
_05970_,5.68µm
_07161_,5.68µm
_07262_,5.68µm
_07312_,5.68µm
_07316_,5.68µm
_07635_,5.68µm
_07767_,5.68µm
_07932_,5.68µm
_08033_,5.68µm
_08315_,5.68µm
_08548_,5.68µm
_08682_,5.68µm
_09154_,5.68µm
_09603_,5.68µm
_09757_,5.68µm
u_ibex_top.u_ibex_core.ex_block_i.gen_multdiv_fast.multdiv_i.op_quotient_q\[6\],5.68µm
u_ibex_top.u_ibex_core.ex_block_i.gen_multdiv_fast.multdiv_i.op_quotient_q\[8\],5.68µm
net3056,5.68µm
net4167,5.68µm
_00004_,5.645µm
_00686_,5.645µm
_00756_,5.645µm
_01617_,5.645µm
_00019_,5.62µm
_02695_,5.62µm
_02790_,5.62µm
_03451_,5.62µm
_05690_,5.62µm
_06925_,5.62µm
net2808,5.62µm
net3124,5.62µm
net3141,5.62µm
net3156,5.62µm
net3417,5.62µm
net3476,5.62µm
net3514,5.62µm
net3682,5.62µm
net4007,5.62µm
net4084,5.62µm
net4095,5.62µm
net4343,5.62µm
net4407,5.62µm
net4416,5.62µm
_03072_,5.61µm
_01341_,5.6µm
_01375_,5.6µm
_01383_,5.6µm
_01480_,5.6µm
_01523_,5.6µm
_01589_,5.6µm
_01872_,5.6µm
_01928_,5.6µm
_02288_,5.6µm
_02617_,5.6µm
_02838_,5.6µm
_03396_,5.6µm
_03796_,5.6µm
_04382_,5.6µm
_04505_,5.6µm
_06286_,5.6µm
_07792_,5.6µm
_08048_,5.6µm
_08912_,5.6µm
_09491_,5.6µm
_09718_,5.6µm
_09773_,5.6µm
_09822_,5.6µm
u_ibex_top.crash_dump_o\[15\],5.6µm
_03498_,5.59µm
_01832_,5.58µm
_02590_,5.58µm
_03867_,5.58µm
_03888_,5.58µm
_04519_,5.58µm
_05726_,5.58µm
_06264_,5.58µm
_08549_,5.58µm
net3381,5.58µm
net3933,5.58µm
net4000,5.58µm
_02024_,5.57µm
_03518_,5.565µm
_00284_,5.56µm
_01040_,5.56µm
_01364_,5.56µm
_02019_,5.56µm
_02381_,5.56µm
_03446_,5.56µm
_04648_,5.56µm
_05502_,5.56µm
_05521_,5.56µm
_07824_,5.56µm
_08971_,5.56µm
_09516_,5.56µm
_09580_,5.56µm
_09710_,5.56µm
u_ibex_top.crash_dump_o\[29\],5.56µm
net2875,5.56µm
net3447,5.56µm
_01758_,5.555µm
_01612_,5.545µm
net4025,5.545µm
_00878_,5.525µm
_00009_,5.52µm
_04565_,5.52µm
_04659_,5.52µm
_05214_,5.52µm
_05262_,5.52µm
_06621_,5.52µm
_07693_,5.52µm
_08744_,5.52µm
net914,5.52µm
net2707,5.52µm
net2708,5.52µm
net2714,5.52µm
net2723,5.52µm
net2749,5.52µm
net2750,5.52µm
net2788,5.52µm
net2883,5.52µm
net2927,5.52µm
net2931,5.52µm
net2948,5.52µm
net2952,5.52µm
net2976,5.52µm
net2978,5.52µm
net3003,5.52µm
net3006,5.52µm
net3009,5.52µm
net3025,5.52µm
net3057,5.52µm
net3111,5.52µm
net3154,5.52µm
net3165,5.52µm
net3167,5.52µm
net3174,5.52µm
net3181,5.52µm
net3204,5.52µm
net3211,5.52µm
net3216,5.52µm
net3217,5.52µm
net3234,5.52µm
net3237,5.52µm
net3250,5.52µm
net3297,5.52µm
net3301,5.52µm
net3314,5.52µm
net3329,5.52µm
net3340,5.52µm
net3358,5.52µm
net3384,5.52µm
net3415,5.52µm
net3419,5.52µm
net3435,5.52µm
net3446,5.52µm
net3450,5.52µm
net3467,5.52µm
net3472,5.52µm
net3483,5.52µm
net3491,5.52µm
net3496,5.52µm
net3516,5.52µm
net3520,5.52µm
net3527,5.52µm
net3529,5.52µm
net3534,5.52µm
net3551,5.52µm
net3552,5.52µm
net3560,5.52µm
net3561,5.52µm
net3570,5.52µm
net3571,5.52µm
net3574,5.52µm
net3580,5.52µm
net3591,5.52µm
net3592,5.52µm
net3620,5.52µm
net3626,5.52µm
net3634,5.52µm
net3635,5.52µm
net3639,5.52µm
net3646,5.52µm
net3649,5.52µm
net3662,5.52µm
net3672,5.52µm
net3673,5.52µm
net3694,5.52µm
net3698,5.52µm
net3729,5.52µm
net3734,5.52µm
net3738,5.52µm
net3748,5.52µm
net3749,5.52µm
net3756,5.52µm
net3759,5.52µm
net3764,5.52µm
net3772,5.52µm
net3774,5.52µm
net3777,5.52µm
net3787,5.52µm
net3789,5.52µm
net3798,5.52µm
net3799,5.52µm
net3812,5.52µm
net3820,5.52µm
net3825,5.52µm
net3827,5.52µm
net3849,5.52µm
net3851,5.52µm
net3866,5.52µm
net3909,5.52µm
net3911,5.52µm
net3913,5.52µm
net3936,5.52µm
net3949,5.52µm
net3952,5.52µm
net3963,5.52µm
net3966,5.52µm
net3973,5.52µm
net3978,5.52µm
net3988,5.52µm
net3990,5.52µm
net4027,5.52µm
net4040,5.52µm
net4046,5.52µm
net4048,5.52µm
net4068,5.52µm
net4087,5.52µm
net4098,5.52µm
net4109,5.52µm
net4135,5.52µm
net4156,5.52µm
net4157,5.52µm
net4164,5.52µm
net4165,5.52µm
net4172,5.52µm
net4205,5.52µm
net4213,5.52µm
net4222,5.52µm
net4226,5.52µm
net4227,5.52µm
net4241,5.52µm
net4251,5.52µm
net4262,5.52µm
net4297,5.52µm
net4298,5.52µm
net4315,5.52µm
net4326,5.52µm
net4336,5.52µm
net4358,5.52µm
net4364,5.52µm
net4371,5.52µm
net4379,5.52µm
net4403,5.52µm
net4405,5.52µm
_01678_,5.505µm
_05442_,5.505µm
_09304_,5.505µm
_00217_,5.5µm
_00467_,5.5µm
_00612_,5.5µm
_00620_,5.5µm
_00862_,5.5µm
_00889_,5.5µm
_00983_,5.5µm
_01057_,5.5µm
_01278_,5.5µm
_01334_,5.5µm
_01362_,5.5µm
_03290_,5.5µm
_03765_,5.5µm
_05118_,5.5µm
_05966_,5.5µm
_06334_,5.5µm
_07027_,5.5µm
_08454_,5.5µm
_09177_,5.5µm
u_ibex_top.crash_dump_o\[18\],5.5µm
net2868,5.5µm
_05538_,5.485µm
_00063_,5.48µm
_00272_,5.48µm
_00433_,5.48µm
_00444_,5.48µm
_00659_,5.48µm
_03135_,5.48µm
_03144_,5.48µm
_03656_,5.48µm
_05003_,5.48µm
_05435_,5.48µm
_05719_,5.48µm
_06364_,5.48µm
_07188_,5.48µm
_07652_,5.48µm
_08264_,5.48µm
_08907_,5.48µm
_08942_,5.48µm
_09314_,5.48µm
u_ibex_top.u_ibex_core.cs_registers_i.mstack_epc_q\[11\],5.48µm
u_ibex_top.u_ibex_core.if_stage_i.gen_prefetch_buffer.prefetch_buffer_i.fetch_addr_q\[26\],5.48µm
net4391,5.48µm
net2847,5.475µm
_09023_,5.47µm
_01853_,5.465µm
_00204_,5.46µm
_00287_,5.46µm
_00300_,5.46µm
_00382_,5.46µm
_00388_,5.46µm
_00419_,5.46µm
_00504_,5.46µm
_00555_,5.46µm
_00645_,5.46µm
_00679_,5.46µm
_00781_,5.46µm
_00812_,5.46µm
_00831_,5.46µm
_00900_,5.46µm
_00956_,5.46µm
_00980_,5.46µm
_01002_,5.46µm
_01030_,5.46µm
_01225_,5.46µm
_01310_,5.46µm
_01340_,5.46µm
_01483_,5.46µm
_01914_,5.46µm
_03116_,5.46µm
_05606_,5.46µm
_07606_,5.46µm
net3951,5.46µm
_01763_,5.445µm
_03511_,5.44µm
_03669_,5.44µm
_05355_,5.44µm
_08135_,5.44µm
_08804_,5.44µm
_09489_,5.44µm
_09518_,5.44µm
u_ibex_top.crash_dump_o\[19\],5.44µm
u_ibex_top.u_ibex_core.cs_registers_i.dscratch1_q\[2\],5.44µm
_01760_,5.435µm
_01846_,5.435µm
_03089_,5.435µm
_00360_,5.425µm
_00886_,5.425µm
_01818_,5.425µm
_00062_,5.41µm
_01542_,5.405µm
_02250_,5.4µm
_02923_,5.4µm
_03529_,5.4µm
_03629_,5.4µm
_04049_,5.4µm
_04137_,5.4µm
_04452_,5.4µm
_05019_,5.4µm
_05253_,5.4µm
_07172_,5.4µm
_08126_,5.4µm
_09047_,5.4µm
u_ibex_top.u_ibex_core.if_stage_i.gen_prefetch_buffer.prefetch_buffer_i.fifo_i.rdata_q\[70\],5.4µm
net3126,5.4µm
net3668,5.4µm
net3692,5.4µm
_00140_,5.385µm
_00833_,5.385µm
_00078_,5.38µm
_00120_,5.38µm
_00421_,5.38µm
_00517_,5.38µm
_00647_,5.38µm
_00696_,5.38µm
_00721_,5.38µm
_00879_,5.38µm
_01191_,5.38µm
_01195_,5.38µm
_01276_,5.38µm
_01348_,5.38µm
_01415_,5.38µm
_01424_,5.38µm
_01477_,5.38µm
_01481_,5.38µm
_01533_,5.38µm
_01610_,5.38µm
_03023_,5.38µm
_03176_,5.38µm
_03233_,5.38µm
_03241_,5.38µm
_03264_,5.38µm
_03599_,5.38µm
_03663_,5.38µm
_04024_,5.38µm
_04078_,5.38µm
_04103_,5.38µm
_04213_,5.38µm
_04443_,5.38µm
_05259_,5.38µm
_05290_,5.38µm
_05463_,5.38µm
_05469_,5.38µm
_05560_,5.38µm
_06571_,5.38µm
_06896_,5.38µm
_07274_,5.38µm
_07808_,5.38µm
_07927_,5.38µm
_08410_,5.38µm
_08536_,5.38µm
_08574_,5.38µm
_09799_,5.38µm
_09811_,5.38µm
u_ibex_top.u_ibex_core.if_stage_i.gen_prefetch_buffer.prefetch_buffer_i.stored_addr_q\[17\],5.38µm
u_ibex_top.u_ibex_core.if_stage_i.gen_prefetch_buffer.prefetch_buffer_i.stored_addr_q\[9\],5.38µm
net2791,5.38µm
net2969,5.38µm
net4215,5.38µm
net4223,5.38µm
_00984_,5.36µm
_01298_,5.36µm
_03457_,5.36µm
_03501_,5.36µm
_04176_,5.36µm
_08633_,5.36µm
_09121_,5.36µm
_09206_,5.36µm
_09789_,5.36µm
u_ibex_top.u_ibex_core.if_stage_i.gen_prefetch_buffer.prefetch_buffer_i.fetch_addr_q\[9\],5.36µm
_01766_,5.345µm
_00021_,5.34µm
_00458_,5.34µm
_00519_,5.34µm
_00628_,5.34µm
_00677_,5.34µm
_00723_,5.34µm
_00859_,5.34µm
_01085_,5.34µm
_01426_,5.34µm
_01880_,5.34µm
_02269_,5.34µm
_02814_,5.34µm
_03171_,5.34µm
_03303_,5.34µm
_03643_,5.34µm
_03710_,5.34µm
_04574_,5.34µm
_04700_,5.34µm
_04986_,5.34µm
_05113_,5.34µm
_05241_,5.34µm
_05856_,5.34µm
_06053_,5.34µm
_06056_,5.34µm
_08589_,5.34µm
_08945_,5.34µm
_09563_,5.34µm
_09632_,5.34µm
_09805_,5.34µm
u_ibex_top.u_ibex_core.cs_registers_i.dscratch0_q\[31\],5.34µm
u_ibex_top.u_ibex_core.if_stage_i.gen_prefetch_buffer.prefetch_buffer_i.fifo_i.rdata_q\[79\],5.34µm
u_ibex_top.u_ibex_core.if_stage_i.gen_prefetch_buffer.prefetch_buffer_i.fifo_i.rdata_q\[95\],5.34µm
clknet_1_0__leaf_clk_i_regs,5.34µm
_03301_,5.33µm
_02799_,5.32µm
_09018_,5.315µm
_08681_,5.31µm
_08462_,5.285µm
_01713_,5.28µm
_01973_,5.28µm
_02130_,5.28µm
_02796_,5.28µm
_02807_,5.28µm
_03189_,5.28µm
_03470_,5.28µm
_03631_,5.28µm
_04433_,5.28µm
_05218_,5.28µm
_06382_,5.28µm
_07670_,5.28µm
_09391_,5.28µm
_09779_,5.28µm
_00081_,5.265µm
_00083_,5.265µm
_01645_,5.265µm
_01847_,5.265µm
u_ibex_top.u_ibex_core.cs_registers_i.dscratch1_q\[10\],5.265µm
net4361,5.265µm
_00148_,5.26µm
_00585_,5.26µm
_00960_,5.26µm
_01104_,5.26µm
_01186_,5.26µm
_01255_,5.26µm
_01308_,5.26µm
_01931_,5.26µm
_01970_,5.26µm
_02428_,5.26µm
_02511_,5.26µm
_03064_,5.26µm
_03113_,5.26µm
_03172_,5.26µm
_03265_,5.26µm
_03618_,5.26µm
_03785_,5.26µm
_03824_,5.26µm
_04138_,5.26µm
_04265_,5.26µm
_04455_,5.26µm
_04487_,5.26µm
_04646_,5.26µm
_04962_,5.26µm
_05308_,5.26µm
_05584_,5.26µm
_05718_,5.26µm
_05761_,5.26µm
_06205_,5.26µm
_06256_,5.26µm
_06717_,5.26µm
_06815_,5.26µm
_07125_,5.26µm
_07264_,5.26µm
_07455_,5.26µm
_07790_,5.26µm
_07948_,5.26µm
_08101_,5.26µm
_08337_,5.26µm
_08509_,5.26µm
_08620_,5.26µm
_09412_,5.26µm
_09686_,5.26µm
_09690_,5.26µm
_09776_,5.26µm
_09823_,5.26µm
net113,5.26µm
u_ibex_top.u_ibex_core.cs_registers_i.dscratch1_q\[31\],5.26µm
net1982,5.26µm
net3228,5.26µm
net4014,5.26µm
net4144,5.26µm
net4420,5.26µm
u_ibex_top.u_ibex_core.cs_registers_i.mscratch_q\[28\],5.245µm
_00427_,5.24µm
_00507_,5.24µm
_01038_,5.24µm
_01776_,5.24µm
_02700_,5.24µm
_04058_,5.24µm
_04464_,5.225µm
_00027_,5.22µm
_01056_,5.22µm
_02114_,5.22µm
_02147_,5.22µm
_02356_,5.22µm
_02629_,5.22µm
_02701_,5.22µm
_02706_,5.22µm
_04157_,5.22µm
_04209_,5.22µm
_04655_,5.22µm
_04839_,5.22µm
_04994_,5.22µm
_05652_,5.22µm
_05840_,5.22µm
_06022_,5.22µm
_06592_,5.22µm
_07821_,5.22µm
_07991_,5.22µm
_09645_,5.22µm
_01689_,5.215µm
_00058_,5.205µm
_00378_,5.185µm
_01705_,5.16µm
_01769_,5.16µm
_03104_,5.16µm
_03140_,5.16µm
_03718_,5.16µm
_04277_,5.16µm
_05163_,5.16µm
_05792_,5.16µm
_06265_,5.16µm
_06316_,5.16µm
net2741,5.16µm
net3091,5.16µm
net3106,5.16µm
net3367,5.16µm
net3637,5.16µm
net3675,5.16µm
net4160,5.16µm
net4282,5.16µm
net4398,5.16µm
_01806_,5.145µm
_07828_,5.145µm
_00224_,5.14µm
_00857_,5.14µm
_01378_,5.14µm
_01958_,5.14µm
_01972_,5.14µm
_02219_,5.14µm
_02220_,5.14µm
_02874_,5.14µm
_03626_,5.14µm
_03778_,5.14µm
_04185_,5.14µm
_05082_,5.14µm
_05092_,5.14µm
_05244_,5.14µm
_05920_,5.14µm
_06981_,5.14µm
_07706_,5.14µm
_08668_,5.14µm
_08722_,5.14µm
_08984_,5.14µm
_09042_,5.14µm
_09517_,5.14µm
_09759_,5.14µm
u_ibex_top.u_ibex_core.if_stage_i.gen_prefetch_buffer.prefetch_buffer_i.fifo_i.rdata_q\[64\],5.14µm
net3802,5.14µm
_01829_,5.135µm
_02633_,5.12µm
_03856_,5.12µm
_03872_,5.12µm
_03898_,5.12µm
_04370_,5.12µm
_05087_,5.12µm
_06135_,5.12µm
_06876_,5.12µm
_07151_,5.12µm
_07203_,5.12µm
_07277_,5.12µm
_07510_,5.12µm
_07520_,5.12µm
net2795,5.12µm
net3054,5.12µm
net3221,5.12µm
net3320,5.12µm
net3522,5.12µm
net3638,5.12µm
net3677,5.12µm
_00425_,5.1µm
_00573_,5.1µm
_03308_,5.1µm
_03386_,5.1µm
_04159_,5.1µm
_07973_,5.1µm
_08032_,5.1µm
_08136_,5.1µm
_08335_,5.1µm
_08357_,5.1µm
_08365_,5.1µm
_08784_,5.1µm
_09036_,5.1µm
_09593_,5.1µm
_09628_,5.1µm
net4304,5.1µm
_01764_,5.095µm
_00358_,5.085µm
_06102_,5.075µm
_00030_,5.06µm
_00105_,5.06µm
_01261_,5.06µm
_05056_,5.06µm
_05337_,5.06µm
_05843_,5.06µm
_07385_,5.06µm
_09410_,5.06µm
net2720,5.06µm
net2733,5.06µm
net2735,5.06µm
net2742,5.06µm
net2755,5.06µm
net2760,5.06µm
net2765,5.06µm
net2767,5.06µm
net2770,5.06µm
net2777,5.06µm
net2789,5.06µm
net2802,5.06µm
net2822,5.06µm
net2835,5.06µm
net2856,5.06µm
net2863,5.06µm
net2869,5.06µm
net2965,5.06µm
net2979,5.06µm
net2984,5.06µm
net2994,5.06µm
net3012,5.06µm
net3013,5.06µm
net3020,5.06µm
net3028,5.06µm
net3030,5.06µm
net3032,5.06µm
net3035,5.06µm
net3036,5.06µm
net3042,5.06µm
net3044,5.06µm
net3063,5.06µm
net3066,5.06µm
net3072,5.06µm
net3080,5.06µm
net3088,5.06µm
net3098,5.06µm
net3100,5.06µm
net3121,5.06µm
net3148,5.06µm
net3166,5.06µm
net3229,5.06µm
net3252,5.06µm
net3316,5.06µm
net3352,5.06µm
net3406,5.06µm
net3461,5.06µm
net3572,5.06µm
net3615,5.06µm
net3699,5.06µm
net3704,5.06µm
net3706,5.06µm
net3740,5.06µm
net3751,5.06µm
net3765,5.06µm
net3768,5.06µm
net3776,5.06µm
net3781,5.06µm
net3796,5.06µm
net3822,5.06µm
net3884,5.06µm
net3888,5.06µm
net3898,5.06µm
net3920,5.06µm
net3943,5.06µm
net3946,5.06µm
net3947,5.06µm
net3964,5.06µm
net3983,5.06µm
net4001,5.06µm
net4006,5.06µm
net4008,5.06µm
net4016,5.06µm
net4026,5.06µm
net4054,5.06µm
net4079,5.06µm
net4081,5.06µm
net4096,5.06µm
net4097,5.06µm
net4111,5.06µm
net4121,5.06µm
net4141,5.06µm
net4169,5.06µm
net4176,5.06µm
net4208,5.06µm
net4216,5.06µm
net4217,5.06µm
net4218,5.06µm
net4234,5.06µm
net4236,5.06µm
net4332,5.06µm
net4394,5.06µm
net4400,5.06µm
_01810_,5.045µm
_00161_,5.04µm
_00175_,5.04µm
_00622_,5.04µm
_00752_,5.04µm
_00847_,5.04µm
_00861_,5.04µm
_00884_,5.04µm
_01012_,5.04µm
_01052_,5.04µm
_01066_,5.04µm
_01245_,5.04µm
_01398_,5.04µm
_01407_,5.04µm
_01899_,5.04µm
_02542_,5.04µm
_02841_,5.04µm
_02900_,5.04µm
_04086_,5.04µm
_06141_,5.04µm
_00035_,5.02µm
_00657_,5.02µm
_00814_,5.02µm
_01615_,5.02µm
_01639_,5.02µm
_02097_,5.02µm
_02573_,5.02µm
_03757_,5.02µm
_05870_,5.02µm
_07482_,5.02µm
_09131_,5.02µm
_09148_,5.02µm
_09467_,5.02µm
u_ibex_top.u_ibex_core.cs_registers_i.mstack_epc_q\[5\],5.02µm
_06694_,5.015µm
_00166_,5µm
_00171_,5µm
_00337_,5µm
_00356_,5µm
_00672_,5µm
_00792_,5µm
_00942_,5µm
_00943_,5µm
_00974_,5µm
_01006_,5µm
_01103_,5µm
_01236_,5µm
_01323_,5µm
_01346_,5µm
_01892_,5µm
_02592_,5µm
_02891_,5µm
_03713_,5µm
_04818_,5µm
_05818_,5µm
_05941_,5µm
_06142_,5µm
_06662_,5µm
_07078_,5µm
_07166_,5µm
_07242_,5µm
_07896_,5µm
net3488,5µm
net4155,5µm
net4207,5µm
_07542_,4.995µm
_01690_,4.975µm
_04205_,4.965µm
_02113_,4.95µm
_01489_,4.945µm
_01440_,4.94µm
_02185_,4.94µm
_02454_,4.94µm
_03391_,4.94µm
_03653_,4.94µm
_04121_,4.94µm
_04532_,4.94µm
_04846_,4.94µm
_05299_,4.94µm
_07912_,4.94µm
_08247_,4.94µm
_08803_,4.94µm
_09620_,4.94µm
_09794_,4.94µm
_01281_,4.925µm
_00061_,4.92µm
_00159_,4.92µm
_00299_,4.92µm
_00397_,4.92µm
_00499_,4.92µm
_00593_,4.92µm
_00716_,4.92µm
_00773_,4.92µm
_00799_,4.92µm
_00805_,4.92µm
_01067_,4.92µm
_01143_,4.92µm
_01158_,4.92µm
_01162_,4.92µm
_01249_,4.92µm
_01268_,4.92µm
_01306_,4.92µm
_01408_,4.92µm
_01433_,4.92µm
_01466_,4.92µm
_01476_,4.92µm
_01534_,4.92µm
_01558_,4.92µm
_01622_,4.92µm
_02065_,4.92µm
_02119_,4.92µm
_02173_,4.92µm
_02604_,4.92µm
_03243_,4.92µm
_03488_,4.92µm
_04353_,4.92µm
_04725_,4.92µm
_05946_,4.92µm
_05992_,4.92µm
_06843_,4.92µm
_08706_,4.92µm
_08864_,4.92µm
_09097_,4.92µm
_09564_,4.92µm
_09565_,4.92µm
net109,4.92µm
net112,4.92µm
net118,4.92µm
u_ibex_top.u_ibex_core.cs_registers_i.mstack_epc_q\[20\],4.92µm
u_ibex_top.u_ibex_core.if_stage_i.gen_prefetch_buffer.prefetch_buffer_i.fifo_i.rdata_q\[1\],4.92µm
u_ibex_top.u_ibex_core.if_stage_i.gen_prefetch_buffer.prefetch_buffer_i.stored_addr_q\[18\],4.92µm
u_ibex_top.u_ibex_core.if_stage_i.gen_prefetch_buffer.prefetch_buffer_i.stored_addr_q\[22\],4.92µm
net2873,4.92µm
net4258,4.92µm
_03487_,4.915µm
_01845_,4.905µm
_00855_,4.9µm
_00909_,4.9µm
_02669_,4.9µm
_03014_,4.9µm
_06952_,4.9µm
_07504_,4.9µm
_07807_,4.9µm
_07914_,4.9µm
_08368_,4.9µm
_08924_,4.9µm
_09259_,4.9µm
_09525_,4.9µm
_00024_,4.88µm
_00039_,4.88µm
_00232_,4.88µm
_00269_,4.88µm
_00440_,4.88µm
_00769_,4.88µm
_00838_,4.88µm
_01183_,4.88µm
_01349_,4.88µm
_01526_,4.88µm
_01927_,4.88µm
_02103_,4.88µm
_02178_,4.88µm
_02315_,4.88µm
_02643_,4.88µm
_03464_,4.88µm
_03830_,4.88µm
_04124_,4.88µm
_04712_,4.88µm
_04874_,4.88µm
_05774_,4.88µm
_06727_,4.88µm
_06887_,4.88µm
_07234_,4.88µm
_07587_,4.88µm
_08068_,4.88µm
_08212_,4.88µm
_08456_,4.88µm
_08666_,4.88µm
_08672_,4.88µm
_09326_,4.88µm
_09640_,4.88µm
u_ibex_top.u_ibex_core.cs_registers_i.mstack_epc_q\[25\],4.88µm
u_ibex_top.u_ibex_core.if_stage_i.gen_prefetch_buffer.prefetch_buffer_i.fifo_i.rdata_q\[60\],4.88µm
_02833_,4.86µm
_01667_,4.845µm
_01668_,4.845µm
_01765_,4.845µm
_01816_,4.845µm
_07183_,4.845µm
_01835_,4.84µm
_09303_,4.83µm
_06859_,4.825µm
_01578_,4.82µm
_01981_,4.82µm
_02810_,4.82µm
_03042_,4.82µm
_03525_,4.82µm
_04174_,4.82µm
_05942_,4.82µm
_09194_,4.82µm
_09265_,4.82µm
_09435_,4.82µm
_09676_,4.82µm
_00076_,4.805µm
_00090_,4.805µm
_01742_,4.805µm
_00158_,4.8µm
_00365_,4.8µm
_00908_,4.8µm
_01027_,4.8µm
_01226_,4.8µm
_02031_,4.8µm
_02127_,4.8µm
_02514_,4.8µm
_02544_,4.8µm
_02642_,4.8µm
_02831_,4.8µm
_03151_,4.8µm
_03229_,4.8µm
_03423_,4.8µm
_03558_,4.8µm
_03600_,4.8µm
_03890_,4.8µm
_04099_,4.8µm
_04371_,4.8µm
_04435_,4.8µm
_04557_,4.8µm
_04578_,4.8µm
_04615_,4.8µm
_04745_,4.8µm
_05179_,4.8µm
_05224_,4.8µm
_05284_,4.8µm
_05496_,4.8µm
_05830_,4.8µm
_05979_,4.8µm
_06324_,4.8µm
_06466_,4.8µm
_07798_,4.8µm
_08140_,4.8µm
_08223_,4.8µm
_08841_,4.8µm
_08947_,4.8µm
_08978_,4.8µm
_09239_,4.8µm
net101,4.8µm
u_ibex_top.u_ibex_core.ex_block_i.gen_multdiv_fast.multdiv_i.op_quotient_q\[14\],4.8µm
u_ibex_top.u_ibex_core.if_stage_i.gen_prefetch_buffer.prefetch_buffer_i.fifo_i.valid_d\[2\],4.8µm
net3170,4.8µm
net3171,4.8µm
net3253,4.8µm
net3392,4.8µm
net3859,4.8µm
net4162,4.8µm
_03686_,4.78µm
_00823_,4.765µm
_01049_,4.765µm
_01581_,4.76µm
_02302_,4.76µm
_02763_,4.76µm
_02931_,4.76µm
_03130_,4.76µm
_04338_,4.76µm
_04500_,4.76µm
_06338_,4.76µm
_07063_,4.76µm
_08892_,4.76µm
_09181_,4.76µm
_09330_,4.76µm
_09386_,4.76µm
_09693_,4.76µm
u_ibex_top.u_ibex_core.if_stage_i.gen_prefetch_buffer.prefetch_buffer_i.fetch_addr_q\[10\],4.76µm
_04567_,4.75µm
net2508,4.73µm
_01804_,4.72µm
_01875_,4.705µm
_03875_,4.7µm
_05359_,4.7µm
_05398_,4.7µm
net2722,4.7µm
net2759,4.7µm
net2876,4.7µm
net3158,4.7µm
net3189,4.7µm
net3231,4.7µm
net3328,4.7µm
net4004,4.7µm
net4070,4.7µm
_05590_,4.69µm
_00005_,4.68µm
_00888_,4.68µm
_01229_,4.68µm
_01292_,4.68µm
_01369_,4.68µm
_01391_,4.68µm
_01482_,4.68µm
_01573_,4.68µm
_02189_,4.68µm
_02326_,4.68µm
_02337_,4.68µm
_02771_,4.68µm
_03037_,4.68µm
_03088_,4.68µm
_03162_,4.68µm
_03206_,4.68µm
_05235_,4.68µm
_06704_,4.68µm
_08097_,4.68µm
_08100_,4.68µm
_08400_,4.68µm
_09682_,4.68µm
u_ibex_top.core_busy_d\[0\],4.68µm
_03004_,4.66µm
_03299_,4.66µm
_03720_,4.66µm
_04203_,4.66µm
_05717_,4.66µm
_06604_,4.66µm
_06964_,4.66µm
_07164_,4.66µm
_09228_,4.66µm
u_ibex_top.u_ibex_core.if_stage_i.gen_prefetch_buffer.prefetch_buffer_i.fifo_i.rdata_q\[34\],4.66µm
net2935,4.66µm
net2942,4.66µm
net3007,4.66µm
net3218,4.66µm
net4170,4.66µm
net4422,4.66µm
_02945_,4.655µm
_00065_,4.645µm
_06132_,4.63µm
_07966_,4.61µm
_01708_,4.605µm
_01208_,4.6µm
_01356_,4.6µm
_01366_,4.6µm
_03289_,4.6µm
_03296_,4.6µm
_04442_,4.6µm
_04643_,4.6µm
_05212_,4.6µm
_05510_,4.6µm
_05762_,4.6µm
_06123_,4.6µm
_08880_,4.6µm
_09014_,4.6µm
_09185_,4.6µm
net4372,4.6µm
net4383,4.6µm
_01756_,4.585µm
net2809,4.585µm
_00046_,4.58µm
_00149_,4.58µm
_00221_,4.58µm
_00291_,4.58µm
_00636_,4.58µm
_00794_,4.58µm
_00877_,4.58µm
_00880_,4.58µm
_00949_,4.58µm
_00993_,4.58µm
_01046_,4.58µm
_01151_,4.58µm
_01247_,4.58µm
_01279_,4.58µm
_01335_,4.58µm
_01485_,4.58µm
_01925_,4.58µm
_02846_,4.58µm
_04592_,4.58µm
_04834_,4.58µm
_05034_,4.58µm
_05153_,4.58µm
_05406_,4.58µm
_05488_,4.58µm
_06255_,4.58µm
_07386_,4.58µm
_07592_,4.58µm
net2928,4.58µm
net4150,4.58µm
_00926_,4.565µm
_06816_,4.565µm
u_ibex_top.u_ibex_core.id_stage_i.controller_i.illegal_insn_d,4.565µm
_00066_,4.56µm
_00152_,4.56µm
_00599_,4.56µm
_01289_,4.56µm
_01488_,4.56µm
_01557_,4.56µm
_01655_,4.56µm
_01871_,4.56µm
_02298_,4.56µm
_06336_,4.56µm
_06891_,4.56µm
_07345_,4.56µm
_08931_,4.56µm
u_ibex_top.u_ibex_core.cs_registers_i.mscratch_q\[3\],4.56µm
u_ibex_top.u_ibex_core.cs_registers_i.mstack_cause_q\[3\],4.56µm
_01720_,4.555µm
_00226_,4.54µm
_00246_,4.54µm
_00293_,4.54µm
_00325_,4.54µm
_00364_,4.54µm
_00451_,4.54µm
_00653_,4.54µm
_00660_,4.54µm
_00750_,4.54µm
_00802_,4.54µm
_00824_,4.54µm
_00929_,4.54µm
_00954_,4.54µm
_01123_,4.54µm
_01347_,4.54µm
_01564_,4.54µm
_03428_,4.54µm
_06075_,4.54µm
_08738_,4.54µm
u_ibex_top.u_ibex_core.ex_block_i.gen_multdiv_fast.multdiv_i.op_quotient_q\[0\],4.54µm
net3819,4.54µm
_01677_,4.525µm
_07115_,4.52µm
u_ibex_top.crash_dump_o\[24\],4.52µm
_06750_,4.515µm
_01235_,4.505µm
_08559_,4.495µm
_01213_,4.48µm
_01608_,4.48µm
_01721_,4.48µm
_03417_,4.48µm
_03506_,4.48µm
_04595_,4.48µm
_04992_,4.48µm
_08324_,4.48µm
_08465_,4.48µm
_08677_,4.48µm
_08909_,4.48µm
_09739_,4.48µm
net3142,4.48µm
_08181_,4.47µm
_00352_,4.46µm
_00512_,4.46µm
_00634_,4.46µm
_00724_,4.46µm
_00726_,4.46µm
_00738_,4.46µm
_00762_,4.46µm
_00817_,4.46µm
_00828_,4.46µm
_00846_,4.46µm
_00885_,4.46µm
_00998_,4.46µm
_01037_,4.46µm
_01161_,4.46µm
_01169_,4.46µm
_01205_,4.46µm
_01243_,4.46µm
_01251_,4.46µm
_01271_,4.46µm
_01303_,4.46µm
_01328_,4.46µm
_01389_,4.46µm
_01508_,4.46µm
_01538_,4.46µm
_01543_,4.46µm
_01584_,4.46µm
_01606_,4.46µm
_01624_,4.46µm
_01870_,4.46µm
_02299_,4.46µm
_02366_,4.46µm
_03747_,4.46µm
_03910_,4.46µm
_04432_,4.46µm
_04456_,4.46µm
_04479_,4.46µm
_04785_,4.46µm
_05014_,4.46µm
_05098_,4.46µm
_05243_,4.46µm
_05696_,4.46µm
_05956_,4.46µm
_06069_,4.46µm
_06313_,4.46µm
_06353_,4.46µm
_06585_,4.46µm
_06588_,4.46µm
_07145_,4.46µm
_07286_,4.46µm
_07356_,4.46µm
_07547_,4.46µm
_08096_,4.46µm
_08917_,4.46µm
_09310_,4.46µm
_09411_,4.46µm
_09417_,4.46µm
_09439_,4.46µm
u_ibex_top.u_ibex_core.ex_block_i.gen_multdiv_fast.multdiv_i.op_quotient_q\[11\],4.46µm
u_ibex_top.u_ibex_core.if_stage_i.gen_prefetch_buffer.prefetch_buffer_i.fifo_i.rdata_q\[93\],4.46µm
net3134,4.46µm
net3427,4.46µm
_08416_,4.45µm
_08663_,4.45µm
_02272_,4.44µm
_02847_,4.44µm
_02887_,4.44µm
_03903_,4.44µm
_05644_,4.44µm
_09098_,4.44µm
_09457_,4.44µm
u_ibex_top.u_ibex_core.if_stage_i.gen_prefetch_buffer.prefetch_buffer_i.fifo_i.rdata_q\[2\],4.44µm
_00017_,4.42µm
_00033_,4.42µm
_00036_,4.42µm
_00214_,4.42µm
_00408_,4.42µm
_00818_,4.42µm
_00905_,4.42µm
_00950_,4.42µm
_00997_,4.42µm
_01457_,4.42µm
_01458_,4.42µm
_01583_,4.42µm
_01611_,4.42µm
_01737_,4.42µm
_02242_,4.42µm
_02859_,4.42µm
_02863_,4.42µm
_02971_,4.42µm
_03703_,4.42µm
_03729_,4.42µm
_03836_,4.42µm
_04000_,4.42µm
_04072_,4.42µm
_05672_,4.42µm
_06898_,4.42µm
_07371_,4.42µm
_08362_,4.42µm
_08653_,4.42µm
_09232_,4.42µm
net128,4.42µm
_07835_,4.4µm
_01787_,4.385µm
_01790_,4.385µm
_01808_,4.385µm
_01814_,4.385µm
_04120_,4.375µm
_00118_,4.36µm
_01823_,4.36µm
_03066_,4.36µm
_03107_,4.36µm
_03137_,4.36µm
_03433_,4.36µm
_03537_,4.36µm
_03819_,4.36µm
_05165_,4.36µm
_05489_,4.36µm
_06472_,4.36µm
_07692_,4.36µm
net3846,4.36µm
_00371_,4.34µm
_00546_,4.34µm
_00568_,4.34µm
_00699_,4.34µm
_00706_,4.34µm
_00832_,4.34µm
_00872_,4.34µm
_01076_,4.34µm
_01242_,4.34µm
_01299_,4.34µm
_01409_,4.34µm
_01635_,4.34µm
_01637_,4.34µm
_01869_,4.34µm
_01878_,4.34µm
_01905_,4.34µm
_02236_,4.34µm
_02379_,4.34µm
_02583_,4.34µm
_02586_,4.34µm
_03000_,4.34µm
_03545_,4.34µm
_03799_,4.34µm
_04055_,4.34µm
_04692_,4.34µm
_04716_,4.34µm
_05044_,4.34µm
_05100_,4.34µm
_05228_,4.34µm
_05602_,4.34µm
_06146_,4.34µm
_06251_,4.34µm
_06384_,4.34µm
_06480_,4.34µm
_06587_,4.34µm
_06648_,4.34µm
_06748_,4.34µm
_06911_,4.34µm
_06966_,4.34µm
_07148_,4.34µm
_07238_,4.34µm
_07284_,4.34µm
_07337_,4.34µm
_07368_,4.34µm
_07409_,4.34µm
_07871_,4.34µm
_07897_,4.34µm
_07958_,4.34µm
_07986_,4.34µm
_08007_,4.34µm
_08245_,4.34µm
_08533_,4.34µm
_08970_,4.34µm
_09531_,4.34µm
u_ibex_top.crash_dump_o\[97\],4.34µm
u_ibex_top.u_ibex_core.cs_registers_i.dscratch1_q\[13\],4.34µm
u_ibex_top.u_ibex_core.if_stage_i.gen_prefetch_buffer.prefetch_buffer_i.fetch_addr_q\[27\],4.34µm
u_ibex_top.u_ibex_core.if_stage_i.gen_prefetch_buffer.prefetch_buffer_i.fifo_i.rdata_q\[69\],4.34µm
net2857,4.34µm
net3511,4.34µm
net4045,4.34µm
net4345,4.34µm
_02336_,4.335µm
_00631_,4.32µm
_00849_,4.32µm
_01887_,4.32µm
_03147_,4.31µm
_00229_,4.305µm
_00436_,4.305µm
_00567_,4.305µm
_01514_,4.305µm
_01672_,4.295µm
_01725_,4.295µm
_07391_,4.28µm
_00424_,4.265µm
_00592_,4.265µm
_01202_,4.265µm
_01500_,4.245µm
_09406_,4.245µm
_01710_,4.24µm
_01813_,4.24µm
_02616_,4.24µm
_04637_,4.24µm
_05536_,4.24µm
_05812_,4.24µm
_06897_,4.24µm
_07127_,4.24µm
u_ibex_top.u_ibex_core.if_stage_i.gen_prefetch_buffer.prefetch_buffer_i.stored_addr_q\[11\],4.24µm
net2853,4.24µm
net3083,4.24µm
net3084,4.24µm
net3326,4.24µm
net3661,4.24µm
net3666,4.24µm
net3808,4.24µm
net3830,4.24µm
net3873,4.24µm
net4134,4.24µm
_00057_,4.22µm
_00176_,4.22µm
_00234_,4.22µm
_00771_,4.22µm
_01065_,4.22µm
_01115_,4.22µm
_01142_,4.22µm
_01215_,4.22µm
_01405_,4.22µm
_01519_,4.22µm
_01551_,4.22µm
_01600_,4.22µm
_02122_,4.22µm
_02300_,4.22µm
_02576_,4.22µm
_02886_,4.22µm
_03316_,4.22µm
_03823_,4.22µm
_05296_,4.22µm
_05927_,4.22µm
_05985_,4.22µm
_08213_,4.22µm
_08469_,4.22µm
_09071_,4.22µm
_09080_,4.22µm
_09403_,4.22µm
_09494_,4.22µm
u_ibex_top.u_ibex_core.if_stage_i.gen_prefetch_buffer.prefetch_buffer_i.fetch_addr_q\[6\],4.22µm
u_ibex_top.u_ibex_core.if_stage_i.gen_prefetch_buffer.prefetch_buffer_i.fifo_i.rdata_q\[91\],4.22µm
net3018,4.22µm
net3198,4.22µm
_03385_,4.2µm
_03716_,4.2µm
_04564_,4.2µm
_06218_,4.18µm
net4267,4.18µm
net4281,4.18µm
_01665_,4.165µm
_00313_,4.155µm
_00007_,4.14µm
_01223_,4.14µm
_01355_,4.14µm
_01370_,4.14µm
_01601_,4.14µm
_03585_,4.14µm
_04069_,4.14µm
_04180_,4.14µm
_04749_,4.14µm
_04775_,4.14µm
_04808_,4.14µm
_05396_,4.14µm
_05574_,4.14µm
_05724_,4.14µm
_06000_,4.14µm
_06078_,4.14µm
_06277_,4.14µm
_06848_,4.14µm
_06890_,4.14µm
_07639_,4.14µm
_07770_,4.14µm
_08418_,4.14µm
_08628_,4.14µm
u_ibex_top.u_ibex_core.if_stage_i.gen_prefetch_buffer.prefetch_buffer_i.fetch_addr_q\[19\],4.14µm
net2870,4.14µm
net2898,4.14µm
net3685,4.14µm
net4265,4.14µm
net4301,4.14µm
net4368,4.14µm
_01754_,4.125µm
_01785_,4.125µm
_00200_,4.12µm
_00306_,4.12µm
_00317_,4.12µm
_00434_,4.12µm
_00538_,4.12µm
_00544_,4.12µm
_00693_,4.12µm
_00718_,4.12µm
_00730_,4.12µm
_00835_,4.12µm
_01011_,4.12µm
_01055_,4.12µm
_01147_,4.12µm
_01176_,4.12µm
_01239_,4.12µm
_01264_,4.12µm
_01272_,4.12µm
_01283_,4.12µm
_01291_,4.12µm
_01307_,4.12µm
_01392_,4.12µm
_01399_,4.12µm
_01416_,4.12µm
_01529_,4.12µm
_01576_,4.12µm
_01863_,4.12µm
_01873_,4.12µm
_01876_,4.12µm
_03512_,4.12µm
_04585_,4.12µm
_05483_,4.12µm
u_ibex_top.u_ibex_core.if_stage_i.gen_prefetch_buffer.prefetch_buffer_i.stored_addr_q\[21\],4.12µm
net2922,4.12µm
net2971,4.12µm
_00064_,4.1µm
_00271_,4.1µm
_00310_,4.1µm
_00469_,4.1µm
_00476_,4.1µm
_00480_,4.1µm
_00498_,4.1µm
_01197_,4.1µm
_01198_,4.1µm
_01263_,4.1µm
_01266_,4.1µm
_01301_,4.1µm
_01856_,4.1µm
_02806_,4.1µm
_04056_,4.1µm
_06263_,4.1µm
_06299_,4.1µm
_06451_,4.1µm
_07065_,4.1µm
_07873_,4.1µm
_08344_,4.1µm
_09111_,4.1µm
_09463_,4.1µm
_00177_,4.08µm
_00199_,4.08µm
_00251_,4.08µm
_00624_,4.08µm
_00896_,4.08µm
_01282_,4.08µm
_01461_,4.08µm
_02626_,4.08µm
_04054_,4.08µm
_04161_,4.08µm
_05778_,4.08µm
_09001_,4.08µm
_07215_,4.07µm
net4341,4.06µm
_07054_,4.035µm
_01446_,4.02µm
_01455_,4.02µm
_01609_,4.02µm
_01839_,4.02µm
_02192_,4.02µm
_02748_,4.02µm
_03775_,4.02µm
_04101_,4.02µm
_04872_,4.02µm
_05385_,4.02µm
_05524_,4.02µm
_06462_,4.02µm
_06494_,4.02µm
_06568_,4.02µm
_07638_,4.02µm
_08160_,4.02µm
_08338_,4.02µm
_08502_,4.02µm
_08786_,4.02µm
_09167_,4.02µm
_01510_,4.005µm
_04999_,4.005µm
_00055_,4µm
_00056_,4µm
_00080_,4µm
_00146_,4µm
_00147_,4µm
_00157_,4µm
_00218_,4µm
_00248_,4µm
_00270_,4µm
_00281_,4µm
_00341_,4µm
_00407_,4µm
_00539_,4µm
_00728_,4µm
_00737_,4µm
_00753_,4µm
_00767_,4µm
_00815_,4µm
_00863_,4µm
_00977_,4µm
_01175_,4µm
_01179_,4µm
_01241_,4µm
_01312_,4µm
_01314_,4µm
_01394_,4µm
_01396_,4µm
_01397_,4µm
_01474_,4µm
_01492_,4µm
_01518_,4µm
_01549_,4µm
_01888_,4µm
_01896_,4µm
_02083_,4µm
_02186_,4µm
_02723_,4µm
_02778_,4µm
_02795_,4µm
_02901_,4µm
_02963_,4µm
_03045_,4µm
_03156_,4µm
_03375_,4µm
_03702_,4µm
_04132_,4µm
_04192_,4µm
_05066_,4µm
_05695_,4µm
_05854_,4µm
_05911_,4µm
_05916_,4µm
_06011_,4µm
_06481_,4µm
_06959_,4µm
_07007_,4µm
_07830_,4µm
_07987_,4µm
_08147_,4µm
_08417_,4µm
_08443_,4µm
_08739_,4µm
_09006_,4µm
u_ibex_top.u_ibex_core.id_stage_i.controller_i.id_wb_pending,4µm
u_ibex_top.u_ibex_core.if_stage_i.gen_prefetch_buffer.prefetch_buffer_i.fifo_i.rdata_q\[63\],4µm
u_ibex_top.u_ibex_core.if_stage_i.gen_prefetch_buffer.prefetch_buffer_i.fifo_i.rdata_q\[71\],4µm
u_ibex_top.u_ibex_core.if_stage_i.gen_prefetch_buffer.prefetch_buffer_i.fifo_i.rdata_q\[92\],4µm
net2810,4µm
net2833,4µm
net2838,4µm
net2861,4µm
net3039,4µm
net3582,4µm
net3989,4µm
_01828_,3.985µm
_00925_,3.98µm
_02630_,3.98µm
_02677_,3.98µm
_07010_,3.98µm
_09552_,3.98µm
_01805_,3.975µm
_01771_,3.965µm
_01837_,3.925µm
_06903_,3.915µm
_01452_,3.9µm
_01462_,3.9µm
_03753_,3.9µm
_03826_,3.9µm
_04449_,3.9µm
_04516_,3.9µm
_04708_,3.9µm
_06365_,3.9µm
_06489_,3.9µm
_07954_,3.9µm
_09134_,3.9µm
net97,3.9µm
net105,3.9µm
_03188_,3.885µm
_00262_,3.88µm
_00652_,3.88µm
_01003_,3.88µm
_01156_,3.88µm
_01189_,3.88µm
_01273_,3.88µm
_01406_,3.88µm
_01503_,3.88µm
_01623_,3.88µm
_01641_,3.88µm
_01868_,3.88µm
_01874_,3.88µm
_01920_,3.88µm
_02011_,3.88µm
_02230_,3.88µm
_02631_,3.88µm
_02972_,3.88µm
_03161_,3.88µm
_03405_,3.88µm
_03430_,3.88µm
_03447_,3.88µm
_03543_,3.88µm
_03557_,3.88µm
_03821_,3.88µm
_04108_,3.88µm
_04168_,3.88µm
_04848_,3.88µm
_05171_,3.88µm
_05231_,3.88µm
_05662_,3.88µm
_06187_,3.88µm
_06266_,3.88µm
_06274_,3.88µm
_06842_,3.88µm
_06907_,3.88µm
_07043_,3.88µm
_07488_,3.88µm
_07690_,3.88µm
_07941_,3.88µm
_08116_,3.88µm
_08515_,3.88µm
_08664_,3.88µm
_09094_,3.88µm
_09248_,3.88µm
_09362_,3.88µm
_09597_,3.88µm
_09828_,3.88µm
u_ibex_top.u_ibex_core.id_stage_i.controller_i.exc_req_q,3.88µm
u_ibex_top.u_ibex_core.if_stage_i.gen_prefetch_buffer.prefetch_buffer_i.fetch_addr_q\[12\],3.88µm
u_ibex_top.u_ibex_core.if_stage_i.gen_prefetch_buffer.prefetch_buffer_i.fetch_addr_q\[13\],3.88µm
u_ibex_top.u_ibex_core.if_stage_i.gen_prefetch_buffer.prefetch_buffer_i.fifo_i.valid_d\[0\],3.88µm
u_ibex_top.u_ibex_core.if_stage_i.gen_prefetch_buffer.prefetch_buffer_i.stored_addr_q\[2\],3.88µm
net1057,3.88µm
net3771,3.88µm
net4013,3.88µm
net4177,3.88µm
_07052_,3.86µm
net4028,3.86µm
_00540_,3.845µm
_00688_,3.845µm
_01371_,3.845µm
_01473_,3.845µm
_01850_,3.845µm
u_ibex_top.u_ibex_core.cs_registers_i.mscratch_q\[8\],3.82µm
_01826_,3.805µm
_03519_,3.8µm
_01855_,3.795µm
_01657_,3.78µm
_01801_,3.78µm
_02661_,3.78µm
_03776_,3.78µm
_03941_,3.78µm
net2844,3.78µm
net3393,3.78µm
net3424,3.78µm
net3453,3.78µm
net3568,3.78µm
net3606,3.78µm
net3791,3.78µm
net4186,3.78µm
_00155_,3.76µm
_00167_,3.76µm
_00242_,3.76µm
_00329_,3.76µm
_00403_,3.76µm
_00429_,3.76µm
_00430_,3.76µm
_00473_,3.76µm
_00689_,3.76µm
_00791_,3.76µm
_00933_,3.76µm
_00969_,3.76µm
_01020_,3.76µm
_01029_,3.76µm
_01053_,3.76µm
_01153_,3.76µm
_01233_,3.76µm
_01262_,3.76µm
_01562_,3.76µm
_01643_,3.76µm
_01911_,3.76µm
_02069_,3.76µm
_02286_,3.76µm
_02452_,3.76µm
_02481_,3.76µm
_02744_,3.76µm
_03015_,3.76µm
_03484_,3.76µm
_05076_,3.76µm
_05191_,3.76µm
_06567_,3.76µm
_07342_,3.76µm
_08468_,3.76µm
_08563_,3.76µm
_08887_,3.76µm
_08943_,3.76µm
_08960_,3.76µm
_09501_,3.76µm
u_ibex_top.u_ibex_core.cs_registers_i.mscratch_q\[31\],3.76µm
u_ibex_top.u_ibex_core.if_stage_i.gen_prefetch_buffer.prefetch_buffer_i.fetch_addr_q\[7\],3.76µm
net2904,3.76µm
_04972_,3.755µm
_02709_,3.74µm
_05918_,3.74µm
_06191_,3.74µm
net3201,3.74µm
net4206,3.74µm
_01680_,3.705µm
_01695_,3.705µm
_07205_,3.7µm
_02124_,3.69µm
_00601_,3.685µm
_00995_,3.685µm
_00012_,3.68µm
_02149_,3.68µm
_03425_,3.68µm
_03766_,3.68µm
_04023_,3.68µm
_04894_,3.68µm
_05018_,3.68µm
_05309_,3.68µm
_06889_,3.68µm
_07137_,3.68µm
_07776_,3.68µm
_00239_,3.66µm
_00292_,3.66µm
_00308_,3.66µm
_00380_,3.66µm
_00564_,3.66µm
_00579_,3.66µm
_00668_,3.66µm
_00714_,3.66µm
_00725_,3.66µm
_00780_,3.66µm
_00785_,3.66µm
_00840_,3.66µm
_00917_,3.66µm
_00928_,3.66µm
_01019_,3.66µm
_01058_,3.66µm
_01136_,3.66µm
_01187_,3.66µm
_01258_,3.66µm
_01305_,3.66µm
_01315_,3.66µm
_01339_,3.66µm
_01387_,3.66µm
_01504_,3.66µm
_01515_,3.66µm
_01521_,3.66µm
_01587_,3.66µm
_01619_,3.66µm
_02658_,3.66µm
_02674_,3.66µm
_02680_,3.66µm
_05518_,3.66µm
_05837_,3.66µm
net4248,3.66µm
_03119_,3.645µm
_00414_,3.64µm
_00435_,3.64µm
_00674_,3.64µm
_01139_,3.64µm
_02018_,3.64µm
_02624_,3.64µm
_03596_,3.64µm
_04815_,3.64µm
_06737_,3.64µm
_06979_,3.64µm
_07567_,3.64µm
_07784_,3.64µm
_08402_,3.64µm
_08611_,3.64µm
_09019_,3.64µm
u_ibex_top.u_ibex_core.cs_registers_i.dscratch0_q\[19\],3.64µm
_01807_,3.635µm
_01825_,3.625µm
_00130_,3.605µm
net4354,3.6µm
_00028_,3.585µm
net3123,3.585µm
_00067_,3.56µm
_01447_,3.56µm
_01460_,3.56µm
_01464_,3.56µm
_01731_,3.56µm
_01889_,3.56µm
_02983_,3.56µm
_03762_,3.56µm
_03902_,3.56µm
_04071_,3.56µm
_04201_,3.56µm
_04647_,3.56µm
_05150_,3.56µm
_05994_,3.56µm
_06877_,3.56µm
_06902_,3.56µm
_09594_,3.56µm
_09832_,3.56µm
_00107_,3.54µm
_00168_,3.54µm
_00188_,3.54µm
_00193_,3.54µm
_00215_,3.54µm
_00279_,3.54µm
_00304_,3.54µm
_00336_,3.54µm
_00347_,3.54µm
_00409_,3.54µm
_00477_,3.54µm
_00481_,3.54µm
_00492_,3.54µm
_00515_,3.54µm
_00569_,3.54µm
_00614_,3.54µm
_00619_,3.54µm
_00656_,3.54µm
_00665_,3.54µm
_00692_,3.54µm
_00704_,3.54µm
_00790_,3.54µm
_00907_,3.54µm
_00939_,3.54µm
_00953_,3.54µm
_00988_,3.54µm
_00989_,3.54µm
_01032_,3.54µm
_01033_,3.54µm
_01048_,3.54µm
_01061_,3.54µm
_01111_,3.54µm
_01174_,3.54µm
_01180_,3.54µm
_01216_,3.54µm
_01219_,3.54µm
_01234_,3.54µm
_01285_,3.54µm
_01293_,3.54µm
_01294_,3.54µm
_01331_,3.54µm
_01332_,3.54µm
_01386_,3.54µm
_01400_,3.54µm
_01401_,3.54µm
_01494_,3.54µm
_01497_,3.54µm
_01567_,3.54µm
_01568_,3.54µm
_01571_,3.54µm
_01598_,3.54µm
_01620_,3.54µm
_01621_,3.54µm
_01640_,3.54µm
_01862_,3.54µm
_02042_,3.54µm
_02249_,3.54µm
_02594_,3.54µm
_02685_,3.54µm
_02853_,3.54µm
_02877_,3.54µm
_03515_,3.54µm
_03678_,3.54µm
_03679_,3.54µm
_04179_,3.54µm
_04385_,3.54µm
_04386_,3.54µm
_04912_,3.54µm
_05252_,3.54µm
_05321_,3.54µm
_05773_,3.54µm
_06034_,3.54µm
_06705_,3.54µm
_07325_,3.54µm
_07548_,3.54µm
_07862_,3.54µm
_08067_,3.54µm
_08790_,3.54µm
_09461_,3.54µm
_09479_,3.54µm
u_ibex_top.u_ibex_core.if_stage_i.gen_prefetch_buffer.prefetch_buffer_i.fifo_i.rdata_q\[74\],3.54µm
u_ibex_top.u_ibex_core.if_stage_i.instr_valid_id_d,3.54µm
net3073,3.54µm
net3219,3.54µm
_02671_,3.52µm
_04111_,3.52µm
_05650_,3.52µm
_05780_,3.52µm
_06888_,3.52µm
_06893_,3.52µm
_06904_,3.52µm
_07057_,3.52µm
_08382_,3.52µm
_09184_,3.52µm
_09216_,3.52µm
net2842,3.52µm
_03108_,3.515µm
_00126_,3.505µm
_01660_,3.505µm
_01747_,3.505µm
_01770_,3.505µm
_02412_,3.47µm
_00112_,3.465µm
_01653_,3.465µm
_01654_,3.465µm
_01681_,3.465µm
_01745_,3.465µm
_01748_,3.465µm
_05233_,3.465µm
_07578_,3.465µm
_03444_,3.44µm
_04926_,3.44µm
_06309_,3.44µm
net3272,3.44µm
_00491_,3.42µm
_00494_,3.42µm
_01110_,3.42µm
_01353_,3.42µm
_01517_,3.42µm
_01884_,3.42µm
_01912_,3.42µm
_02305_,3.42µm
_02311_,3.42µm
_02426_,3.42µm
_02442_,3.42µm
_02489_,3.42µm
_02678_,3.42µm
_02690_,3.42µm
_02739_,3.42µm
_02746_,3.42µm
_02813_,3.42µm
_03020_,3.42µm
_03055_,3.42µm
_03371_,3.42µm
_03436_,3.42µm
_03527_,3.42µm
_03553_,3.42µm
_03560_,3.42µm
_03680_,3.42µm
_03708_,3.42µm
_03742_,3.42µm
_03827_,3.42µm
_04133_,3.42µm
_04142_,3.42µm
_04170_,3.42µm
_04210_,3.42µm
_04362_,3.42µm
_04795_,3.42µm
_04971_,3.42µm
_05049_,3.42µm
_05158_,3.42µm
_05279_,3.42µm
_05480_,3.42µm
_05689_,3.42µm
_05736_,3.42µm
_05787_,3.42µm
_05973_,3.42µm
_06018_,3.42µm
_06104_,3.42µm
_06760_,3.42µm
_06906_,3.42µm
_07120_,3.42µm
_07129_,3.42µm
_07348_,3.42µm
_07433_,3.42µm
_07930_,3.42µm
_08407_,3.42µm
_08761_,3.42µm
_08850_,3.42µm
_09118_,3.42µm
_09263_,3.42µm
_09328_,3.42µm
_09744_,3.42µm
net2932,3.42µm
net3278,3.42µm
net3599,3.42µm
net3863,3.42µm
net4184,3.42µm
_01556_,3.4µm
_03205_,3.4µm
_05798_,3.4µm
_00518_,3.385µm
_01318_,3.385µm
_01350_,3.385µm
_00111_,3.345µm
_01706_,3.345µm
_05177_,3.33µm
_05226_,3.325µm
_00121_,3.32µm
_01851_,3.32µm
_02881_,3.32µm
_03712_,3.32µm
_04373_,3.32µm
_04579_,3.32µm
_04891_,3.32µm
u_ibex_top.u_ibex_core.if_stage_i.gen_prefetch_buffer.prefetch_buffer_i.stored_addr_q\[13\],3.32µm
net2774,3.32µm
net2821,3.32µm
net3373,3.32µm
net3397,3.32µm
net3464,3.32µm
net3747,3.32µm
net3997,3.32µm
net4031,3.32µm
net4238,3.32µm
net4411,3.32µm
_07319_,3.305µm
_00228_,3.3µm
_00294_,3.3µm
_00603_,3.3µm
_00648_,3.3µm
_00770_,3.3µm
_00820_,3.3µm
_00927_,3.3µm
_01034_,3.3µm
_01181_,3.3µm
_01201_,3.3µm
_01325_,3.3µm
_01382_,3.3µm
_01966_,3.3µm
_02627_,3.3µm
_02892_,3.3µm
_03456_,3.3µm
_03475_,3.3µm
_03750_,3.3µm
_03808_,3.3µm
_04004_,3.3µm
_04690_,3.3µm
_04693_,3.3µm
_05223_,3.3µm
_06754_,3.3µm
_07365_,3.3µm
_07594_,3.3µm
_08554_,3.3µm
_08679_,3.3µm
_09032_,3.3µm
_09312_,3.3µm
_09396_,3.3µm
net3160,3.3µm
net3826,3.3µm
_03120_,3.26µm
_01775_,3.225µm
_02636_,3.22µm
_02818_,3.22µm
_02988_,3.22µm
_03011_,3.22µm
_04524_,3.22µm
_05443_,3.22µm
_05537_,3.22µm
_06703_,3.22µm
_06886_,3.22µm
_07318_,3.22µm
_07457_,3.22µm
_09402_,3.22µm
u_ibex_top.u_ibex_core.if_stage_i.gen_prefetch_buffer.prefetch_buffer_i.fetch_addr_q\[20\],3.22µm
u_ibex_top.u_ibex_core.if_stage_i.gen_prefetch_buffer.prefetch_buffer_i.fetch_addr_q\[30\],3.22µm
net2864,3.22µm
net2880,3.22µm
net3000,3.22µm
net4259,3.22µm
net4399,3.22µm
_00079_,3.2µm
_00143_,3.2µm
_00179_,3.2µm
_00191_,3.2µm
_00207_,3.2µm
_00216_,3.2µm
_00274_,3.2µm
_00280_,3.2µm
_00286_,3.2µm
_00338_,3.2µm
_00345_,3.2µm
_00474_,3.2µm
_00485_,3.2µm
_00550_,3.2µm
_00561_,3.2µm
_00582_,3.2µm
_00596_,3.2µm
_00712_,3.2µm
_00722_,3.2µm
_00768_,3.2µm
_00806_,3.2µm
_00811_,3.2µm
_00830_,3.2µm
_00839_,3.2µm
_00876_,3.2µm
_00891_,3.2µm
_00944_,3.2µm
_01031_,3.2µm
_01036_,3.2µm
_01041_,3.2µm
_01095_,3.2µm
_01108_,3.2µm
_01160_,3.2µm
_01166_,3.2µm
_01244_,3.2µm
_01246_,3.2µm
_01309_,3.2µm
_01317_,3.2µm
_01321_,3.2µm
_01324_,3.2µm
_01413_,3.2µm
_01432_,3.2µm
_01614_,3.2µm
_01628_,3.2µm
_01858_,3.2µm
_01859_,3.2µm
_01900_,3.2µm
_01908_,3.2µm
_02711_,3.2µm
_03179_,3.2µm
_04044_,3.2µm
_05173_,3.2µm
_05659_,3.2µm
_05785_,3.2µm
_05794_,3.2µm
_07699_,3.2µm
net3005,3.2µm
net3915,3.2µm
_00991_,3.18µm
_01565_,3.18µm
_01594_,3.18µm
_02809_,3.18µm
_03651_,3.18µm
_03695_,3.18µm
_04588_,3.18µm
_06033_,3.18µm
_06167_,3.18µm
_06212_,3.18µm
_06575_,3.18µm
_07704_,3.18µm
_07813_,3.18µm
_08167_,3.18µm
_08562_,3.18µm
_01662_,3.175µm
_07915_,3.16µm
_04191_,3.14µm
_04095_,3.105µm
_02446_,3.1µm
_03096_,3.1µm
_03724_,3.1µm
_04079_,3.1µm
_07526_,3.1µm
_07981_,3.1µm
_08994_,3.1µm
_09224_,3.1µm
_09496_,3.1µm
net4377,3.1µm
_00002_,3.08µm
_00165_,3.08µm
_00189_,3.08µm
_00195_,3.08µm
_00283_,3.08µm
_00420_,3.08µm
_00459_,3.08µm
_00461_,3.08µm
_00472_,3.08µm
_00482_,3.08µm
_00488_,3.08µm
_00521_,3.08µm
_00651_,3.08µm
_00695_,3.08µm
_00711_,3.08µm
_00736_,3.08µm
_00761_,3.08µm
_00853_,3.08µm
_00864_,3.08µm
_00865_,3.08µm
_00922_,3.08µm
_00941_,3.08µm
_01022_,3.08µm
_01107_,3.08µm
_01154_,3.08µm
_01214_,3.08µm
_01220_,3.08µm
_01221_,3.08µm
_01253_,3.08µm
_01284_,3.08µm
_01304_,3.08µm
_01403_,3.08µm
_01411_,3.08µm
_01431_,3.08µm
_01496_,3.08µm
_01536_,3.08µm
_01553_,3.08µm
_01554_,3.08µm
_01560_,3.08µm
_01597_,3.08µm
_01616_,3.08µm
_01618_,3.08µm
_01636_,3.08µm
_01638_,3.08µm
_01867_,3.08µm
_01881_,3.08µm
_01894_,3.08µm
_01907_,3.08µm
_02898_,3.08µm
_02953_,3.08µm
_03173_,3.08µm
_03569_,3.08µm
_03638_,3.08µm
_03721_,3.08µm
_03802_,3.08µm
_04523_,3.08µm
_04713_,3.08µm
_05507_,3.08µm
_05533_,3.08µm
_05674_,3.08µm
_06435_,3.08µm
_06477_,3.08µm
_06524_,3.08µm
_06583_,3.08µm
_07826_,3.08µm
_08651_,3.08µm
_08842_,3.08µm
_09251_,3.08µm
_09258_,3.08µm
net93,3.08µm
net99,3.08µm
u_ibex_top.u_ibex_core.if_stage_i.gen_prefetch_buffer.prefetch_buffer_i.fifo_i.rdata_q\[67\],3.08µm
u_ibex_top.u_ibex_core.if_stage_i.gen_prefetch_buffer.prefetch_buffer_i.stored_addr_q\[15\],3.08µm
u_ibex_top.u_ibex_core.if_stage_i.gen_prefetch_buffer.prefetch_buffer_i.valid_req_q,3.08µm
net621,3.08µm
net,3.08µm
net2725,3.08µm
net2787,3.08µm
net2934,3.08µm
_00449_,3.06µm
_06341_,3.06µm
_07837_,3.06µm
_07889_,3.06µm
_08972_,3.06µm
_09079_,3.06µm
_00091_,3.055µm
_04957_,3.055µm
_00082_,3.045µm
_00094_,3.045µm
_00115_,3.045µm
_01768_,3.045µm
_01648_,3.005µm
_01650_,3.005µm
_01675_,3.005µm
_01753_,3.005µm
_03095_,3µm
_06144_,2.99µm
_02780_,2.98µm
_02794_,2.98µm
_02840_,2.98µm
_04225_,2.98µm
_04509_,2.98µm
_05274_,2.98µm
_05516_,2.98µm
_05754_,2.98µm
_05845_,2.98µm
_05882_,2.98µm
_06188_,2.98µm
_09421_,2.98µm
_04790_,2.965µm
_00022_,2.96µm
_00390_,2.96µm
_00741_,2.96µm
_00978_,2.96µm
_01265_,2.96µm
_01531_,2.96µm
_01570_,2.96µm
_02133_,2.96µm
_02177_,2.96µm
_02620_,2.96µm
_02628_,2.96µm
_02961_,2.96µm
_03185_,2.96µm
_03398_,2.96µm
_03590_,2.96µm
_03592_,2.96µm
_03636_,2.96µm
_03784_,2.96µm
_03855_,2.96µm
_04534_,2.96µm
_05004_,2.96µm
_05038_,2.96µm
_05130_,2.96µm
_05140_,2.96µm
_05248_,2.96µm
_05344_,2.96µm
_05404_,2.96µm
_05456_,2.96µm
_05517_,2.96µm
_05563_,2.96µm
_05613_,2.96µm
_06166_,2.96µm
_06307_,2.96µm
_06691_,2.96µm
_06716_,2.96µm
_06735_,2.96µm
_07140_,2.96µm
_07171_,2.96µm
_07175_,2.96µm
_07660_,2.96µm
_08558_,2.96µm
_08618_,2.96µm
_08644_,2.96µm
_08723_,2.96µm
_08824_,2.96µm
_09005_,2.96µm
_09162_,2.96µm
_09296_,2.96µm
_09553_,2.96µm
_09558_,2.96µm
_09625_,2.96µm
_09833_,2.96µm
u_ibex_top.u_ibex_core.ex_block_i.gen_multdiv_fast.multdiv_i.op_quotient_q\[5\],2.96µm
u_ibex_top.u_ibex_core.if_stage_i.gen_prefetch_buffer.prefetch_buffer_i.fetch_addr_q\[4\],2.96µm
net2891,2.96µm
net2902,2.96µm
net3242,2.96µm
net3479,2.96µm
net3538,2.96µm
net3578,2.96µm
net3642,2.96µm
net4198,2.96µm
_01782_,2.955µm
_01811_,2.955µm
net2717,2.955µm
_03251_,2.95µm
_00101_,2.935µm
_00985_,2.925µm
_01792_,2.885µm
_01800_,2.885µm
_01820_,2.86µm
_01854_,2.86µm
_02875_,2.86µm
_03705_,2.86µm
_03892_,2.86µm
net2823,2.86µm
net2832,2.86µm
net2980,2.86µm
net3365,2.86µm
net3430,2.86µm
net3539,2.86µm
net3602,2.86µm
net3690,2.86µm
net3810,2.86µm
net3847,2.86µm
net4002,2.86µm
net4067,2.86µm
net4074,2.86µm
net4209,2.86µm
net4423,2.86µm
_00142_,2.84µm
_00181_,2.84µm
_00282_,2.84µm
_00385_,2.84µm
_00426_,2.84µm
_00655_,2.84µm
_00751_,2.84µm
_00782_,2.84µm
_00829_,2.84µm
_00890_,2.84µm
_00966_,2.84µm
_01260_,2.84µm
_01296_,2.84µm
_01327_,2.84µm
_01337_,2.84µm
_02008_,2.84µm
_02724_,2.84µm
_02728_,2.84µm
_02821_,2.84µm
_03315_,2.84µm
_03427_,2.84µm
_03455_,2.84µm
_04407_,2.84µm
_05600_,2.84µm
_05675_,2.84µm
_05937_,2.84µm
_06025_,2.84µm
_06296_,2.84µm
_07258_,2.84µm
_07374_,2.84µm
_08476_,2.84µm
_08913_,2.84µm
_09356_,2.84µm
_01772_,2.835µm
_02247_,2.835µm
_00326_,2.805µm
net4308,2.8µm
_00702_,2.785µm
_01688_,2.785µm
_01795_,2.785µm
_01827_,2.785µm
_01199_,2.76µm
_03257_,2.76µm
_03472_,2.76µm
_03579_,2.76µm
_03815_,2.76µm
_04016_,2.76µm
_04438_,2.76µm
_04684_,2.76µm
_05016_,2.76µm
_05060_,2.76µm
_05716_,2.76µm
_07449_,2.76µm
_07658_,2.76µm
_07907_,2.76µm
_08686_,2.76µm
_09015_,2.76µm
_09285_,2.76µm
_09334_,2.76µm
net3409,2.76µm
net3423,2.76µm
net3876,2.76µm
_00141_,2.74µm
_00160_,2.74µm
_00164_,2.74µm
_00184_,2.74µm
_00196_,2.74µm
_00201_,2.74µm
_00211_,2.74µm
_00223_,2.74µm
_00259_,2.74µm
_00391_,2.74µm
_00432_,2.74µm
_00442_,2.74µm
_00460_,2.74µm
_00478_,2.74µm
_00489_,2.74µm
_00535_,2.74µm
_00542_,2.74µm
_00581_,2.74µm
_00591_,2.74µm
_00610_,2.74µm
_00623_,2.74µm
_00632_,2.74µm
_00658_,2.74µm
_00713_,2.74µm
_00720_,2.74µm
_00754_,2.74µm
_00795_,2.74µm
_00913_,2.74µm
_00921_,2.74µm
_00936_,2.74µm
_00957_,2.74µm
_00967_,2.74µm
_01023_,2.74µm
_01025_,2.74µm
_01050_,2.74µm
_01062_,2.74µm
_01075_,2.74µm
_01126_,2.74µm
_01194_,2.74µm
_01200_,2.74µm
_01286_,2.74µm
_01372_,2.74µm
_01402_,2.74µm
_01463_,2.74µm
_01487_,2.74µm
_01501_,2.74µm
_01626_,2.74µm
_01632_,2.74µm
_01866_,2.74µm
_01885_,2.74µm
_03106_,2.74µm
_05478_,2.74µm
_05624_,2.74µm
_05797_,2.74µm
_07034_,2.74µm
net3097,2.74µm
net3109,2.74µm
net3815,2.74µm
_01259_,2.72µm
_01505_,2.72µm
_02473_,2.72µm
_02927_,2.72µm
_03086_,2.72µm
_03634_,2.72µm
_06584_,2.72µm
_07475_,2.72µm
_00129_,2.715µm
_01791_,2.715µm
_01796_,2.715µm
_01802_,2.715µm
_07751_,2.715µm
_05311_,2.645µm
_00068_,2.64µm
_01144_,2.64µm
_01167_,2.64µm
_01190_,2.64µm
_01207_,2.64µm
_01250_,2.64µm
_01254_,2.64µm
_01469_,2.64µm
_01593_,2.64µm
_02081_,2.64µm
_02578_,2.64µm
_03080_,2.64µm
_03461_,2.64µm
_03818_,2.64µm
_03854_,2.64µm
_03891_,2.64µm
_03896_,2.64µm
_05112_,2.64µm
_06020_,2.64µm
_06249_,2.64µm
_07666_,2.64µm
_07782_,2.64µm
_09179_,2.64µm
_03748_,2.63µm
_00029_,2.62µm
_00041_,2.62µm
_00043_,2.62µm
_00051_,2.62µm
_00125_,2.62µm
_00163_,2.62µm
_00178_,2.62µm
_00212_,2.62µm
_00257_,2.62µm
_00261_,2.62µm
_00288_,2.62µm
_00309_,2.62µm
_00389_,2.62µm
_00393_,2.62µm
_00395_,2.62µm
_00470_,2.62µm
_00484_,2.62µm
_00496_,2.62µm
_00527_,2.62µm
_00577_,2.62µm
_00719_,2.62µm
_00759_,2.62µm
_00779_,2.62µm
_00788_,2.62µm
_00843_,2.62µm
_00850_,2.62µm
_00866_,2.62µm
_00874_,2.62µm
_00934_,2.62µm
_00968_,2.62µm
_00970_,2.62µm
_01077_,2.62µm
_01082_,2.62µm
_01090_,2.62µm
_01097_,2.62µm
_01102_,2.62µm
_01124_,2.62µm
_01209_,2.62µm
_01300_,2.62µm
_01313_,2.62µm
_01379_,2.62µm
_01390_,2.62µm
_01393_,2.62µm
_01404_,2.62µm
_01428_,2.62µm
_01445_,2.62µm
_01475_,2.62µm
_01540_,2.62µm
_01577_,2.62µm
_01592_,2.62µm
_01605_,2.62µm
_01633_,2.62µm
_01857_,2.62µm
_01865_,2.62µm
_01879_,2.62µm
_01883_,2.62µm
_01913_,2.62µm
_02066_,2.62µm
_02600_,2.62µm
_02707_,2.62µm
_02741_,2.62µm
_02766_,2.62µm
_03059_,2.62µm
_03129_,2.62µm
_03258_,2.62µm
_03607_,2.62µm
_04010_,2.62µm
_04151_,2.62µm
_04507_,2.62µm
_04703_,2.62µm
_04953_,2.62µm
_05232_,2.62µm
_05351_,2.62µm
_05548_,2.62µm
_05728_,2.62µm
_06050_,2.62µm
_06728_,2.62µm
_08220_,2.62µm
_08839_,2.62µm
_08925_,2.62µm
_09033_,2.62µm
_09137_,2.62µm
_09639_,2.62µm
_09650_,2.62µm
_09678_,2.62µm
net107,2.62µm
u_ibex_top.u_ibex_core.if_stage_i.gen_prefetch_buffer.prefetch_buffer_i.branch_discard_q\[1\],2.62µm
u_ibex_top.u_ibex_core.if_stage_i.gen_prefetch_buffer.prefetch_buffer_i.fetch_addr_q\[14\],2.62µm
u_ibex_top.u_ibex_core.if_stage_i.gen_prefetch_buffer.prefetch_buffer_i.fetch_addr_q\[5\],2.62µm
u_ibex_top.u_ibex_core.if_stage_i.gen_prefetch_buffer.prefetch_buffer_i.fifo_i.rdata_q\[36\],2.62µm
u_ibex_top.u_ibex_core.if_stage_i.gen_prefetch_buffer.prefetch_buffer_i.fifo_i.rdata_q\[57\],2.62µm
net2806,2.62µm
net3105,2.62µm
net3900,2.62µm
_03439_,2.615µm
_00074_,2.585µm
_01659_,2.585µm
_01714_,2.585µm
_01819_,2.585µm
_00136_,2.545µm
_01656_,2.545µm
_01663_,2.545µm
_01673_,2.545µm
_01687_,2.545µm
_01707_,2.545µm
_01728_,2.545µm
_01799_,2.545µm
_01840_,2.545µm
_01844_,2.545µm
_03018_,2.535µm
_06895_,2.535µm
_04130_,2.53µm
_00092_,2.52µm
_00109_,2.52µm
_01849_,2.52µm
_02785_,2.52µm
_03082_,2.52µm
_04862_,2.52µm
_05607_,2.52µm
_08712_,2.52µm
_00045_,2.5µm
_00633_,2.5µm
_01256_,2.5µm
_01586_,2.5µm
_01929_,2.5µm
_02086_,2.5µm
_02424_,2.5µm
_02611_,2.5µm
_02920_,2.5µm
_02942_,2.5µm
_03056_,2.5µm
_03098_,2.5µm
_03111_,2.5µm
_03155_,2.5µm
_03167_,2.5µm
_03307_,2.5µm
_03412_,2.5µm
_03492_,2.5µm
_03541_,2.5µm
_03597_,2.5µm
_03640_,2.5µm
_03704_,2.5µm
_03862_,2.5µm
_03897_,2.5µm
_04038_,2.5µm
_04047_,2.5µm
_04050_,2.5µm
_04070_,2.5µm
_04127_,2.5µm
_04165_,2.5µm
_04547_,2.5µm
_04944_,2.5µm
_04968_,2.5µm
_05104_,2.5µm
_05181_,2.5µm
_05201_,2.5µm
_05569_,2.5µm
_05669_,2.5µm
_05673_,2.5µm
_05828_,2.5µm
_06054_,2.5µm
_06193_,2.5µm
_06220_,2.5µm
_06424_,2.5µm
_06878_,2.5µm
_06881_,2.5µm
_07103_,2.5µm
_07225_,2.5µm
_07275_,2.5µm
_07293_,2.5µm
_07657_,2.5µm
_07834_,2.5µm
_08132_,2.5µm
_08302_,2.5µm
_08397_,2.5µm
_08725_,2.5µm
_08851_,2.5µm
_09078_,2.5µm
_09345_,2.5µm
u_ibex_top.u_ibex_core.if_stage_i.gen_prefetch_buffer.prefetch_buffer_i.fetch_addr_q\[11\],2.5µm
u_ibex_top.u_ibex_core.if_stage_i.gen_prefetch_buffer.prefetch_buffer_i.fetch_addr_q\[17\],2.5µm
u_ibex_top.u_ibex_core.if_stage_i.gen_prefetch_buffer.prefetch_buffer_i.fetch_addr_q\[21\],2.5µm
u_ibex_top.u_ibex_core.if_stage_i.gen_prefetch_buffer.prefetch_buffer_i.fetch_addr_q\[8\],2.5µm
net3199,2.5µm
net3523,2.5µm
net3621,2.5µm
net3897,2.5µm
_01838_,2.485µm
_01848_,2.485µm
_00247_,2.465µm
_00303_,2.465µm
_00803_,2.465µm
_00822_,2.465µm
_01613_,2.465µm
_01798_,2.425µm
_04241_,2.42µm
_05263_,2.41µm
_02646_,2.4µm
_03881_,2.4µm
_05913_,2.4µm
_06269_,2.4µm
_09586_,2.4µm
u_ibex_top.u_ibex_core.if_stage_i.gen_prefetch_buffer.prefetch_buffer_i.fetch_addr_q\[15\],2.4µm
u_ibex_top.u_ibex_core.if_stage_i.gen_prefetch_buffer.prefetch_buffer_i.fetch_addr_q\[29\],2.4µm
net2796,2.4µm
net2805,2.4µm
net2820,2.4µm
net3010,2.4µm
net3456,2.4µm
net3645,2.4µm
net3658,2.4µm
net3937,2.4µm
net4011,2.4µm
net4053,2.4µm
net4092,2.4µm
net4266,2.4µm
_00717_,2.38µm
_01320_,2.38µm
_01422_,2.38µm
_01502_,2.38µm
_01886_,2.38µm
_02151_,2.38µm
_02897_,2.38µm
_03800_,2.38µm
_04204_,2.38µm
_04925_,2.38µm
_05281_,2.38µm
_05921_,2.38µm
_07744_,2.38µm
_08373_,2.38µm
_08568_,2.38µm
_09241_,2.38µm
net2959,2.38µm
net3509,2.38µm
_00088_,2.375µm
_00133_,2.375µm
_01697_,2.375µm
_01703_,2.375µm
_01815_,2.375µm
_01842_,2.375µm
_00099_,2.325µm
_00100_,2.325µm
_00110_,2.325µm
_00139_,2.325µm
_01647_,2.325µm
_01651_,2.325µm
_01696_,2.325µm
_01702_,2.325µm
_01821_,2.325µm
_01824_,2.325µm
_00918_,2.305µm
u_ibex_top.u_ibex_core.if_stage_i.gen_prefetch_buffer.prefetch_buffer_i.valid_req_d,2.305µm
_01468_,2.3µm
_03039_,2.3µm
_03057_,2.3µm
_03321_,2.3µm
_03324_,2.3µm
_03325_,2.3µm
_03328_,2.3µm
_03657_,2.3µm
_03754_,2.3µm
_03833_,2.3µm
_05358_,2.3µm
_05594_,2.3µm
_05878_,2.3µm
_07452_,2.3µm
_07598_,2.3µm
_08105_,2.3µm
_08310_,2.3µm
_08510_,2.3µm
_08724_,2.3µm
_08735_,2.3µm
_09120_,2.3µm
_09691_,2.3µm
net2939,2.3µm
net3116,2.3µm
net3257,2.3µm
net3814,2.3µm
net4035,2.3µm
net4237,2.3µm
_00047_,2.28µm
_00265_,2.28µm
_00273_,2.28µm
_00278_,2.28µm
_00290_,2.28µm
_00295_,2.28µm
_00301_,2.28µm
_00305_,2.28µm
_00355_,2.28µm
_00372_,2.28µm
_00386_,2.28µm
_00465_,2.28µm
_00479_,2.28µm
_00483_,2.28µm
_00514_,2.28µm
_00571_,2.28µm
_00574_,2.28µm
_00578_,2.28µm
_00589_,2.28µm
_00621_,2.28µm
_00703_,2.28µm
_00705_,2.28µm
_00729_,2.28µm
_00731_,2.28µm
_00744_,2.28µm
_00797_,2.28µm
_00898_,2.28µm
_00924_,2.28µm
_00945_,2.28µm
_00958_,2.28µm
_00990_,2.28µm
_00996_,2.28µm
_01018_,2.28µm
_01045_,2.28µm
_01112_,2.28µm
_01177_,2.28µm
_01192_,2.28µm
_01316_,2.28µm
_01336_,2.28µm
_01376_,2.28µm
_01380_,2.28µm
_01388_,2.28µm
_01412_,2.28µm
_01491_,2.28µm
_01509_,2.28µm
_01630_,2.28µm
_01634_,2.28µm
_01877_,2.28µm
_01915_,2.28µm
_01916_,2.28µm
_01918_,2.28µm
_02992_,2.28µm
_03469_,2.28µm
_04080_,2.28µm
_04131_,2.28µm
_05430_,2.28µm
_06134_,2.28µm
_06582_,2.28µm
_06627_,2.28µm
_08420_,2.28µm
_09073_,2.28µm
_01709_,2.255µm
_01711_,2.255µm
_01803_,2.255µm
_01841_,2.255µm
_05422_,2.23µm
_00072_,2.205µm
_00087_,2.205µm
_01812_,2.205µm
_02955_,2.18µm
_03097_,2.18µm
_03281_,2.18µm
_03772_,2.18µm
_03774_,2.18µm
_04666_,2.18µm
_04751_,2.18µm
_04943_,2.18µm
_05054_,2.18µm
_06208_,2.18µm
_06426_,2.18µm
_06701_,2.18µm
_07377_,2.18µm
_08504_,2.18µm
_08773_,2.18µm
_09220_,2.18µm
_09755_,2.18µm
_09817_,2.18µm
u_ibex_top.core_busy_q\[0\],2.18µm
_00013_,2.16µm
_00122_,2.16µm
_00137_,2.16µm
_00220_,2.16µm
_00266_,2.16µm
_00410_,2.16µm
_00413_,2.16µm
_00431_,2.16µm
_00456_,2.16µm
_00471_,2.16µm
_00475_,2.16µm
_00549_,2.16µm
_00559_,2.16µm
_00588_,2.16µm
_00667_,2.16µm
_00710_,2.16µm
_00903_,2.16µm
_00919_,2.16µm
_00959_,2.16µm
_01026_,2.16µm
_01035_,2.16µm
_01051_,2.16µm
_01074_,2.16µm
_01171_,2.16µm
_01302_,2.16µm
_01395_,2.16µm
_01420_,2.16µm
_01450_,2.16µm
_01467_,2.16µm
_01490_,2.16µm
_01511_,2.16µm
_01541_,2.16µm
_01544_,2.16µm
_01580_,2.16µm
_01590_,2.16µm
_01602_,2.16µm
_01629_,2.16µm
_01712_,2.16µm
_01922_,2.16µm
_01996_,2.16µm
_02180_,2.16µm
_02825_,2.16µm
_02993_,2.16µm
_03027_,2.16µm
_03071_,2.16µm
_03165_,2.16µm
_03208_,2.16µm
_03247_,2.16µm
_03373_,2.16µm
_03647_,2.16µm
_03696_,2.16µm
_03764_,2.16µm
_03905_,2.16µm
_04068_,2.16µm
_05083_,2.16µm
_05152_,2.16µm
_05188_,2.16µm
_05194_,2.16µm
_05315_,2.16µm
_05328_,2.16µm
_05416_,2.16µm
_05583_,2.16µm
_05629_,2.16µm
_06624_,2.16µm
_06688_,2.16µm
_06879_,2.16µm
_06909_,2.16µm
_07056_,2.16µm
_07263_,2.16µm
_07347_,2.16µm
_07434_,2.16µm
_07477_,2.16µm
_07497_,2.16µm
_08777_,2.16µm
_08837_,2.16µm
_09701_,2.16µm
u_ibex_top.u_ibex_core.cs_registers_i.mstack_epc_q\[0\],2.16µm
u_ibex_top.u_ibex_core.if_stage_i.gen_prefetch_buffer.prefetch_buffer_i.fetch_addr_q\[3\],2.16µm
u_ibex_top.u_ibex_core.if_stage_i.gen_prefetch_buffer.prefetch_buffer_i.fifo_i.rdata_q\[51\],2.16µm
u_ibex_top.u_ibex_core.if_stage_i.gen_prefetch_buffer.prefetch_buffer_i.rdata_outstanding_s\[0\],2.16µm
net3119,2.16µm
net3230,2.16µm
net3581,2.16µm
net4424,2.16µm
_00075_,2.145µm
_00084_,2.145µm
_00086_,2.145µm
_00095_,2.145µm
_00102_,2.125µm
_01607_,2.125µm
_01669_,2.125µm
_01670_,2.125µm
_01676_,2.125µm
_01830_,2.125µm
_01917_,2.125µm
_01649_,2.085µm
_01674_,2.085µm
_01743_,2.085µm
_01744_,2.085µm
_01781_,2.085µm
_01797_,2.085µm
net3475,2.08µm
_02781_,2.06µm
_04748_,2.06µm
_06633_,2.06µm
_09537_,2.045µm
_00023_,2.04µm
_00037_,2.04µm
_00048_,2.04µm
_02022_,2.04µm
_02052_,2.04µm
_02510_,2.04µm
_02755_,2.04µm
_02779_,2.04µm
_03033_,2.04µm
_03261_,2.04µm
_03465_,2.04µm
_03533_,2.04µm
_03574_,2.04µm
_03588_,2.04µm
_03697_,2.04µm
_04096_,2.04µm
_04530_,2.04µm
_04710_,2.04µm
_04889_,2.04µm
_05303_,2.04µm
_05371_,2.04µm
_05402_,2.04µm
_05484_,2.04µm
_05721_,2.04µm
_05770_,2.04µm
_05867_,2.04µm
_06201_,2.04µm
_06523_,2.04µm
_06642_,2.04µm
_07046_,2.04µm
_07174_,2.04µm
_07745_,2.04µm
_07746_,2.04µm
_07926_,2.04µm
_08395_,2.04µm
_08567_,2.04µm
_08606_,2.04µm
_09035_,2.04µm
_09219_,2.04µm
_09291_,2.04µm
u_ibex_top.u_ibex_core.if_stage_i.gen_prefetch_buffer.prefetch_buffer_i.fetch_addr_q\[22\],2.04µm
u_ibex_top.u_ibex_core.if_stage_i.gen_prefetch_buffer.prefetch_buffer_i.fetch_addr_q\[2\],2.04µm
net2745,2.04µm
net4114,2.04µm
_00254_,2.005µm
_00749_,2.005µm
_01470_,2.005µm
_03036_,1.965µm
_02989_,1.94µm
_03711_,1.94µm
_03868_,1.94µm
u_ibex_top.u_ibex_core.if_stage_i.gen_prefetch_buffer.prefetch_buffer_i.fetch_addr_q\[25\],1.94µm
u_ibex_top.u_ibex_core.if_stage_i.gen_prefetch_buffer.prefetch_buffer_i.fetch_addr_q\[31\],1.94µm
net2923,1.94µm
net3200,1.94µm
net4166,1.94µm
net4320,1.94µm
net4344,1.94µm
_00089_,1.915µm
_00124_,1.915µm
_00127_,1.915µm
_04652_,1.915µm
_06257_,1.9µm
_02153_,1.89µm
_00077_,1.865µm
_01644_,1.865µm
_01661_,1.865µm
_01666_,1.865µm
_01679_,1.865µm
_01715_,1.865µm
_01729_,1.865µm
_01738_,1.865µm
_01739_,1.865µm
_01746_,1.865µm
_01774_,1.865µm
_01794_,1.865µm
_01809_,1.865µm
_01817_,1.865µm
_01831_,1.865µm
_01211_,1.845µm
_01385_,1.845µm
_01499_,1.845µm
_01599_,1.845µm
_01951_,1.84µm
_02102_,1.84µm
_02765_,1.84µm
_02889_,1.84µm
_02982_,1.84µm
_03215_,1.84µm
_03306_,1.84µm
_03309_,1.84µm
_03508_,1.84µm
_03539_,1.84µm
_03725_,1.84µm
_03731_,1.84µm
_04184_,1.84µm
_04253_,1.84µm
_04640_,1.84µm
_06525_,1.84µm
_06894_,1.84µm
_07480_,1.84µm
_08364_,1.84µm
_08662_,1.84µm
_09144_,1.84µm
_09353_,1.84µm
_09448_,1.84µm
_09747_,1.84µm
_09829_,1.84µm
net2862,1.84µm
net2974,1.84µm
_00145_,1.82µm
_00194_,1.82µm
_00205_,1.82µm
_00231_,1.82µm
_00289_,1.82µm
_00314_,1.82µm
_00330_,1.82µm
_00369_,1.82µm
_00416_,1.82µm
_00428_,1.82µm
_00490_,1.82µm
_00611_,1.82µm
_00635_,1.82µm
_00649_,1.82µm
_00673_,1.82µm
_00675_,1.82µm
_00684_,1.82µm
_00690_,1.82µm
_00856_,1.82µm
_00893_,1.82µm
_00962_,1.82µm
_00963_,1.82µm
_01010_,1.82µm
_01071_,1.82µm
_01088_,1.82µm
_01089_,1.82µm
_01119_,1.82µm
_01127_,1.82µm
_01131_,1.82µm
_01159_,1.82µm
_01196_,1.82µm
_01295_,1.82µm
_01338_,1.82µm
_01384_,1.82µm
_01410_,1.82µm
_01423_,1.82µm
_01516_,1.82µm
_01528_,1.82µm
_01864_,1.82µm
_01882_,1.82µm
_01902_,1.82µm
_02458_,1.82µm
_03675_,1.82µm
_03914_,1.82µm
_05208_,1.82µm
_06209_,1.82µm
_07533_,1.82µm
_07543_,1.82µm
_07823_,1.82µm
_08908_,1.82µm
net2983,1.82µm
net4130,1.82µm
_09792_,1.725µm
_01975_,1.72µm
_02068_,1.72µm
_02652_,1.72µm
_03578_,1.72µm
_05827_,1.72µm
_06226_,1.72µm
_08274_,1.72µm
_08541_,1.72µm
_09614_,1.72µm
_00123_,1.7µm
_00138_,1.7µm
_00252_,1.7µm
_00374_,1.7µm
_00495_,1.7µm
_00547_,1.7µm
_00687_,1.7µm
_00869_,1.7µm
_00875_,1.7µm
_00940_,1.7µm
_01028_,1.7µm
_01155_,1.7µm
_01212_,1.7µm
_01222_,1.7µm
_01429_,1.7µm
_01471_,1.7µm
_01498_,1.7µm
_01532_,1.7µm
_01559_,1.7µm
_01574_,1.7µm
_01575_,1.7µm
_01591_,1.7µm
_01921_,1.7µm
_01964_,1.7µm
_02427_,1.7µm
_03146_,1.7µm
_03201_,1.7µm
_03292_,1.7µm
_03438_,1.7µm
_03707_,1.7µm
_03732_,1.7µm
_03759_,1.7µm
_03793_,1.7µm
_03814_,1.7µm
_04100_,1.7µm
_04126_,1.7µm
_04156_,1.7µm
_04477_,1.7µm
_05401_,1.7µm
_06109_,1.7µm
_06371_,1.7µm
_06464_,1.7µm
_07341_,1.7µm
_07465_,1.7µm
_07994_,1.7µm
_08186_,1.7µm
_08243_,1.7µm
_08566_,1.7µm
_08588_,1.7µm
_08659_,1.7µm
u_ibex_top.u_ibex_core.id_stage_i.branch_set_raw,1.7µm
clknet_1_0__leaf_clk_i,1.7µm
net3628,1.7µm
net4073,1.7µm
_00093_,1.685µm
_00096_,1.685µm
net2740,1.685µm
net4352,1.685µm
_07271_,1.635µm
_02493_,1.6µm
_02725_,1.6µm
_03087_,1.6µm
_04928_,1.6µm
_06492_,1.6µm
_06764_,1.6µm
_09054_,1.6µm
_00384_,1.545µm
_00650_,1.545µm
_00745_,1.545µm
_01277_,1.545µm
_03237_,1.525µm
_02673_,1.48µm
_03083_,1.48µm
_03714_,1.48µm
_03894_,1.48µm
_04860_,1.48µm
_04981_,1.48µm
_05503_,1.48µm
_05836_,1.48µm
_05998_,1.48µm
u_ibex_top.u_ibex_core.if_stage_i.gen_prefetch_buffer.prefetch_buffer_i.fetch_addr_q\[16\],1.48µm
u_ibex_top.u_ibex_core.if_stage_i.gen_prefetch_buffer.prefetch_buffer_i.fetch_addr_q\[24\],1.48µm
u_ibex_top.u_ibex_core.if_stage_i.gen_prefetch_buffer.prefetch_buffer_i.fetch_addr_q\[28\],1.48µm
net3276,1.48µm
net3325,1.48µm
net3404,1.48µm
net3478,1.48µm
_01778_,1.405µm
_01784_,1.405µm
_01793_,1.405µm
_01836_,1.405µm
_02856_,1.38µm
_02938_,1.38µm
_03117_,1.38µm
_03410_,1.38µm
_03496_,1.38µm
_03811_,1.38µm
_03829_,1.38µm
_04052_,1.38µm
_04437_,1.38µm
_05832_,1.38µm
_05844_,1.38µm
_06322_,1.38µm
_06330_,1.38µm
_07339_,1.38µm
u_ibex_top.u_ibex_core.cs_registers_i.debug_cause_i\[0\],1.38µm
net2911,1.38µm
_00182_,1.36µm
_00250_,1.36µm
_00258_,1.36µm
_00263_,1.36µm
_00323_,1.36µm
_00361_,1.36µm
_00422_,1.36µm
_00468_,1.36µm
_00529_,1.36µm
_00536_,1.36µm
_00694_,1.36µm
_00743_,1.36µm
_00776_,1.36µm
_00808_,1.36µm
_00836_,1.36µm
_00870_,1.36µm
_01015_,1.36µm
_01087_,1.36µm
_01121_,1.36µm
_01193_,1.36µm
_01381_,1.36µm
_01625_,1.36µm
_01860_,1.36µm
_03734_,1.36µm
_04208_,1.36µm
_08347_,1.36µm
_09692_,1.36µm
net3058,1.36µm
_03660_,1.31µm
_06834_,1.295µm
_02044_,1.26µm
_04046_,1.26µm
_06386_,1.26µm
_06995_,1.26µm
_07132_,1.26µm
u_ibex_top.u_ibex_core.if_stage_i.gen_prefetch_buffer.prefetch_buffer_i.fifo_i.rdata_q\[59\],1.26µm
u_ibex_top.u_ibex_core.if_stage_i.gen_prefetch_buffer.prefetch_buffer_i.fifo_i.rdata_q\[62\],1.26µm
u_ibex_top.u_ibex_core.if_stage_i.gen_prefetch_buffer.prefetch_buffer_i.fifo_i.valid_q\[0\],1.26µm
_00697_,1.085µm
_03311_,1.02µm
u_ibex_top.u_ibex_core.if_stage_i.gen_prefetch_buffer.prefetch_buffer_i.fetch_addr_q\[18\],1.02µm
u_ibex_top.u_ibex_core.if_stage_i.gen_prefetch_buffer.prefetch_buffer_i.fetch_addr_q\[23\],1.02µm
net3468,1.02µm
_02639_,0.92µm
_02681_,0.92µm
_02712_,0.92µm
_02729_,0.92µm
_02733_,0.92µm
_02904_,0.92µm
_02948_,0.92µm
_03293_,0.92µm
_04245_,0.92µm
_04756_,0.92µm
_05474_,0.92µm
_05531_,0.92µm
_05789_,0.92µm
_05914_,0.92µm
_06342_,0.92µm
_06425_,0.92µm
_06883_,0.92µm
_07766_,0.92µm
_08564_,0.92µm
_08690_,0.92µm
_08856_,0.92µm
_08926_,0.92µm
_09007_,0.92µm
_09293_,0.92µm
_09704_,0.92µm
u_ibex_top.u_ibex_core.if_stage_i.gen_prefetch_buffer.prefetch_buffer_i.discard_req_q,0.92µm
_04129_,0.8µm
_02365_,0.46µm
_02614_,0.46µm
_02625_,0.46µm
_02634_,0.46µm
_02647_,0.46µm
_02684_,0.46µm
_02693_,0.46µm
_02699_,0.46µm
_02715_,0.46µm
_03314_,0.46µm
_07545_,0.46µm
_09798_,0.46µm
